solid 
 facet normal -1.000000e+00  0.000000e+00 -0.000000e+00
   outer loop
     vertex -7.500000e+00  4.000000e+00  3.500000e+01
     vertex -7.500000e+00  4.000000e+00  0.000000e+00
     vertex -7.500000e+00  0.000000e+00  0.000000e+00
   endloop
 endfacet
 facet normal -1.000000e+00  0.000000e+00  0.000000e+00
   outer loop
     vertex -7.500000e+00  0.000000e+00  3.500000e+01
     vertex -7.500000e+00  4.000000e+00  3.500000e+01
     vertex -7.500000e+00  0.000000e+00  0.000000e+00
   endloop
 endfacet
 facet normal -0.000000e+00 -1.000000e+00  0.000000e+00
   outer loop
     vertex -2.084633e+00  0.000000e+00  2.642616e+00
     vertex -2.143034e+00  0.000000e+00  2.700618e+00
     vertex -7.500000e+00  0.000000e+00  0.000000e+00
   endloop
 endfacet
 facet normal  0.000000e+00 -1.000000e+00 -0.000000e+00
   outer loop
     vertex -2.199822e+00  0.000000e+00  2.760200e+00
     vertex -7.500000e+00  0.000000e+00  0.000000e+00
     vertex -2.143034e+00  0.000000e+00  2.700618e+00
   endloop
 endfacet
 facet normal -0.000000e+00 -1.000000e+00  0.000000e+00
   outer loop
     vertex -2.024663e+00  0.000000e+00  2.586238e+00
     vertex -2.084633e+00  0.000000e+00  2.642616e+00
     vertex -7.500000e+00  0.000000e+00  0.000000e+00
   endloop
 endfacet
 facet normal  0.000000e+00 -1.000000e+00 -0.000000e+00
   outer loop
     vertex -2.254954e+00  0.000000e+00  2.821318e+00
     vertex -7.500000e+00  0.000000e+00  0.000000e+00
     vertex -2.199822e+00  0.000000e+00  2.760200e+00
   endloop
 endfacet
 facet normal -0.000000e+00 -1.000000e+00  0.000000e+00
   outer loop
     vertex -1.963168e+00  0.000000e+00  2.531527e+00
     vertex -2.024663e+00  0.000000e+00  2.586238e+00
     vertex -7.500000e+00  0.000000e+00  0.000000e+00
   endloop
 endfacet
 facet normal  0.000000e+00 -1.000000e+00 -0.000000e+00
   outer loop
     vertex -2.308389e+00  0.000000e+00  2.883925e+00
     vertex -7.500000e+00  0.000000e+00  0.000000e+00
     vertex -2.254954e+00  0.000000e+00  2.821318e+00
   endloop
 endfacet
 facet normal -0.000000e+00 -1.000000e+00  0.000000e+00
   outer loop
     vertex -1.900196e+00  0.000000e+00  2.478523e+00
     vertex -1.963168e+00  0.000000e+00  2.531527e+00
     vertex -7.500000e+00  0.000000e+00  0.000000e+00
   endloop
 endfacet
 facet normal  0.000000e+00 -1.000000e+00 -0.000000e+00
   outer loop
     vertex -2.360085e+00  0.000000e+00  2.947975e+00
     vertex -7.500000e+00  0.000000e+00  0.000000e+00
     vertex -2.308389e+00  0.000000e+00  2.883925e+00
   endloop
 endfacet
 facet normal -0.000000e+00 -1.000000e+00  0.000000e+00
   outer loop
     vertex -1.835793e+00  0.000000e+00  2.427267e+00
     vertex -1.900196e+00  0.000000e+00  2.478523e+00
     vertex -7.500000e+00  0.000000e+00  0.000000e+00
   endloop
 endfacet
 facet normal  0.000000e+00 -1.000000e+00 -0.000000e+00
   outer loop
     vertex -2.410006e+00  0.000000e+00  3.013419e+00
     vertex -7.500000e+00  0.000000e+00  0.000000e+00
     vertex -2.360085e+00  0.000000e+00  2.947975e+00
   endloop
 endfacet
 facet normal -0.000000e+00 -1.000000e+00  0.000000e+00
   outer loop
     vertex -1.770008e+00  0.000000e+00  2.377796e+00
     vertex -1.835793e+00  0.000000e+00  2.427267e+00
     vertex -7.500000e+00  0.000000e+00  0.000000e+00
   endloop
 endfacet
 facet normal  0.000000e+00 -1.000000e+00 -0.000000e+00
   outer loop
     vertex -2.458112e+00  0.000000e+00  3.080207e+00
     vertex -7.500000e+00  0.000000e+00  0.000000e+00
     vertex -2.410006e+00  0.000000e+00  3.013419e+00
   endloop
 endfacet
 facet normal -0.000000e+00 -1.000000e+00  0.000000e+00
   outer loop
     vertex -1.702891e+00  0.000000e+00  2.330150e+00
     vertex -1.770008e+00  0.000000e+00  2.377796e+00
     vertex -7.500000e+00  0.000000e+00  0.000000e+00
   endloop
 endfacet
 facet normal  0.000000e+00 -1.000000e+00 -0.000000e+00
   outer loop
     vertex -2.504367e+00  0.000000e+00  3.148291e+00
     vertex -7.500000e+00  0.000000e+00  0.000000e+00
     vertex -2.458112e+00  0.000000e+00  3.080207e+00
   endloop
 endfacet
 facet normal -0.000000e+00 -1.000000e+00  0.000000e+00
   outer loop
     vertex -1.634492e+00  0.000000e+00  2.284362e+00
     vertex -1.702891e+00  0.000000e+00  2.330150e+00
     vertex -7.500000e+00  0.000000e+00  0.000000e+00
   endloop
 endfacet
 facet normal  0.000000e+00 -1.000000e+00 -0.000000e+00
   outer loop
     vertex -2.548738e+00  0.000000e+00  3.217617e+00
     vertex -7.500000e+00  0.000000e+00  0.000000e+00
     vertex -2.504367e+00  0.000000e+00  3.148291e+00
   endloop
 endfacet
 facet normal -0.000000e+00 -1.000000e+00  0.000000e+00
   outer loop
     vertex -1.564863e+00  0.000000e+00  2.240468e+00
     vertex -1.634492e+00  0.000000e+00  2.284362e+00
     vertex -7.500000e+00  0.000000e+00  0.000000e+00
   endloop
 endfacet
 facet normal  0.000000e+00 -1.000000e+00 -0.000000e+00
   outer loop
     vertex -2.591190e+00  0.000000e+00  3.288135e+00
     vertex -7.500000e+00  0.000000e+00  0.000000e+00
     vertex -2.548738e+00  0.000000e+00  3.217617e+00
   endloop
 endfacet
 facet normal -0.000000e+00 -1.000000e+00  0.000000e+00
   outer loop
     vertex -1.494056e+00  0.000000e+00  2.198501e+00
     vertex -1.564863e+00  0.000000e+00  2.240468e+00
     vertex -7.500000e+00  0.000000e+00  0.000000e+00
   endloop
 endfacet
 facet normal  0.000000e+00 -1.000000e+00 -0.000000e+00
   outer loop
     vertex -2.631691e+00  0.000000e+00  3.359791e+00
     vertex -7.500000e+00  0.000000e+00  0.000000e+00
     vertex -2.591190e+00  0.000000e+00  3.288135e+00
   endloop
 endfacet
 facet normal -0.000000e+00 -1.000000e+00  0.000000e+00
   outer loop
     vertex -1.422124e+00  0.000000e+00  2.158492e+00
     vertex -1.494056e+00  0.000000e+00  2.198501e+00
     vertex -7.500000e+00  0.000000e+00  0.000000e+00
   endloop
 endfacet
 facet normal  0.000000e+00 -1.000000e+00 -0.000000e+00
   outer loop
     vertex -2.670211e+00  0.000000e+00  3.432531e+00
     vertex -7.500000e+00  0.000000e+00  0.000000e+00
     vertex -2.631691e+00  0.000000e+00  3.359791e+00
   endloop
 endfacet
 facet normal -0.000000e+00 -1.000000e+00  0.000000e+00
   outer loop
     vertex -1.349121e+00  0.000000e+00  2.120472e+00
     vertex -1.422124e+00  0.000000e+00  2.158492e+00
     vertex -7.500000e+00  0.000000e+00  0.000000e+00
   endloop
 endfacet
 facet normal  0.000000e+00 -1.000000e+00 -0.000000e+00
   outer loop
     vertex -2.706721e+00  0.000000e+00  3.506300e+00
     vertex -7.500000e+00  0.000000e+00  0.000000e+00
     vertex -2.670211e+00  0.000000e+00  3.432531e+00
   endloop
 endfacet
 facet normal -0.000000e+00 -1.000000e+00  0.000000e+00
   outer loop
     vertex -1.275103e+00  0.000000e+00  2.084468e+00
     vertex -1.349121e+00  0.000000e+00  2.120472e+00
     vertex -7.500000e+00  0.000000e+00  0.000000e+00
   endloop
 endfacet
 facet normal  0.000000e+00 -1.000000e+00 -0.000000e+00
   outer loop
     vertex -2.741194e+00  0.000000e+00  3.581043e+00
     vertex -7.500000e+00  0.000000e+00  0.000000e+00
     vertex -2.706721e+00  0.000000e+00  3.506300e+00
   endloop
 endfacet
 facet normal -0.000000e+00 -1.000000e+00  0.000000e+00
   outer loop
     vertex -1.200125e+00  0.000000e+00  2.050509e+00
     vertex -1.275103e+00  0.000000e+00  2.084468e+00
     vertex -7.500000e+00  0.000000e+00  0.000000e+00
   endloop
 endfacet
 facet normal  0.000000e+00 -1.000000e+00 -0.000000e+00
   outer loop
     vertex -2.773603e+00  0.000000e+00  3.656704e+00
     vertex -7.500000e+00  0.000000e+00  0.000000e+00
     vertex -2.741194e+00  0.000000e+00  3.581043e+00
   endloop
 endfacet
 facet normal -0.000000e+00 -1.000000e+00  0.000000e+00
   outer loop
     vertex -1.124244e+00  0.000000e+00  2.018620e+00
     vertex -1.200125e+00  0.000000e+00  2.050509e+00
     vertex -7.500000e+00  0.000000e+00  0.000000e+00
   endloop
 endfacet
 facet normal  0.000000e+00 -1.000000e+00 -0.000000e+00
   outer loop
     vertex -2.803925e+00  0.000000e+00  3.733226e+00
     vertex -7.500000e+00  0.000000e+00  0.000000e+00
     vertex -2.773603e+00  0.000000e+00  3.656704e+00
   endloop
 endfacet
 facet normal -0.000000e+00 -1.000000e+00  0.000000e+00
   outer loop
     vertex -1.047516e+00  0.000000e+00  1.988824e+00
     vertex -1.124244e+00  0.000000e+00  2.018620e+00
     vertex -7.500000e+00  0.000000e+00  0.000000e+00
   endloop
 endfacet
 facet normal  0.000000e+00 -1.000000e+00 -0.000000e+00
   outer loop
     vertex -2.832135e+00  0.000000e+00  3.810550e+00
     vertex -7.500000e+00  0.000000e+00  0.000000e+00
     vertex -2.803925e+00  0.000000e+00  3.733226e+00
   endloop
 endfacet
 facet normal -0.000000e+00 -1.000000e+00  0.000000e+00
   outer loop
     vertex -9.699999e-01  0.000000e+00  1.961145e+00
     vertex -1.047516e+00  0.000000e+00  1.988824e+00
     vertex -7.500000e+00  0.000000e+00  0.000000e+00
   endloop
 endfacet
 facet normal  0.000000e+00 -1.000000e+00 -0.000000e+00
   outer loop
     vertex -2.858214e+00  0.000000e+00  3.888620e+00
     vertex -7.500000e+00  0.000000e+00  0.000000e+00
     vertex -2.832135e+00  0.000000e+00  3.810550e+00
   endloop
 endfacet
 facet normal -0.000000e+00 -1.000000e+00  0.000000e+00
   outer loop
     vertex -8.917535e-01  0.000000e+00  1.935602e+00
     vertex -9.699999e-01  0.000000e+00  1.961145e+00
     vertex -7.500000e+00  0.000000e+00  0.000000e+00
   endloop
 endfacet
 facet normal  0.000000e+00 -1.000000e+00 -0.000000e+00
   outer loop
     vertex -2.882141e+00  0.000000e+00  3.967375e+00
     vertex -7.500000e+00  0.000000e+00  0.000000e+00
     vertex -2.858214e+00  0.000000e+00  3.888620e+00
   endloop
 endfacet
 facet normal -0.000000e+00 -1.000000e+00  0.000000e+00
   outer loop
     vertex -8.128358e-01  0.000000e+00  1.912216e+00
     vertex -8.917535e-01  0.000000e+00  1.935602e+00
     vertex -7.500000e+00  0.000000e+00  0.000000e+00
   endloop
 endfacet
 facet normal  0.000000e+00 -1.000000e+00 -0.000000e+00
   outer loop
     vertex -2.903898e+00  0.000000e+00  4.046757e+00
     vertex -7.500000e+00  0.000000e+00  0.000000e+00
     vertex -2.882141e+00  0.000000e+00  3.967375e+00
   endloop
 endfacet
 facet normal -0.000000e+00 -1.000000e+00  0.000000e+00
   outer loop
     vertex -7.333063e-01  0.000000e+00  1.891003e+00
     vertex -8.128358e-01  0.000000e+00  1.912216e+00
     vertex -7.500000e+00  0.000000e+00  0.000000e+00
   endloop
 endfacet
 facet normal  0.000000e+00 -1.000000e+00 -0.000000e+00
   outer loop
     vertex -2.923470e+00  0.000000e+00  4.126706e+00
     vertex -7.500000e+00  0.000000e+00  0.000000e+00
     vertex -2.903898e+00  0.000000e+00  4.046757e+00
   endloop
 endfacet
 facet normal -0.000000e+00 -1.000000e+00  0.000000e+00
   outer loop
     vertex -6.532247e-01  0.000000e+00  1.871981e+00
     vertex -7.333063e-01  0.000000e+00  1.891003e+00
     vertex -7.500000e+00  0.000000e+00  0.000000e+00
   endloop
 endfacet
 facet normal  0.000000e+00 -1.000000e+00 -0.000000e+00
   outer loop
     vertex -2.940841e+00  0.000000e+00  4.207162e+00
     vertex -7.500000e+00  0.000000e+00  0.000000e+00
     vertex -2.923470e+00  0.000000e+00  4.126706e+00
   endloop
 endfacet
 facet normal -0.000000e+00 -1.000000e+00  0.000000e+00
   outer loop
     vertex -5.726514e-01  0.000000e+00  1.855162e+00
     vertex -6.532247e-01  0.000000e+00  1.871981e+00
     vertex -7.500000e+00  0.000000e+00  0.000000e+00
   endloop
 endfacet
 facet normal  0.000000e+00 -1.000000e+00 -0.000000e+00
   outer loop
     vertex -2.955998e+00  0.000000e+00  4.288065e+00
     vertex -7.500000e+00  0.000000e+00  0.000000e+00
     vertex -2.940841e+00  0.000000e+00  4.207162e+00
   endloop
 endfacet
 facet normal -0.000000e+00 -1.000000e+00  0.000000e+00
   outer loop
     vertex -4.916471e-01  0.000000e+00  1.840560e+00
     vertex -5.726514e-01  0.000000e+00  1.855162e+00
     vertex -7.500000e+00  0.000000e+00  0.000000e+00
   endloop
 endfacet
 facet normal  0.000000e+00 -1.000000e+00 -0.000000e+00
   outer loop
     vertex -2.968930e+00  0.000000e+00  4.369352e+00
     vertex -7.500000e+00  0.000000e+00  0.000000e+00
     vertex -2.955998e+00  0.000000e+00  4.288065e+00
   endloop
 endfacet
 facet normal -0.000000e+00 -1.000000e+00  0.000000e+00
   outer loop
     vertex -4.102726e-01  0.000000e+00  1.828186e+00
     vertex -4.916471e-01  0.000000e+00  1.840560e+00
     vertex -7.500000e+00  0.000000e+00  0.000000e+00
   endloop
 endfacet
 facet normal  0.000000e+00 -1.000000e+00 -0.000000e+00
   outer loop
     vertex -2.979626e+00  0.000000e+00  4.450964e+00
     vertex -7.500000e+00  0.000000e+00  0.000000e+00
     vertex -2.968930e+00  0.000000e+00  4.369352e+00
   endloop
 endfacet
 facet normal -0.000000e+00 -1.000000e+00  0.000000e+00
   outer loop
     vertex -3.285893e-01  0.000000e+00  1.818049e+00
     vertex -4.102726e-01  0.000000e+00  1.828186e+00
     vertex -7.500000e+00  0.000000e+00  0.000000e+00
   endloop
 endfacet
 facet normal  0.000000e+00 -1.000000e+00 -0.000000e+00
   outer loop
     vertex -2.988080e+00  0.000000e+00  4.532839e+00
     vertex -7.500000e+00  0.000000e+00  0.000000e+00
     vertex -2.979626e+00  0.000000e+00  4.450964e+00
   endloop
 endfacet
 facet normal -0.000000e+00 -1.000000e+00  0.000000e+00
   outer loop
     vertex -2.466587e-01  0.000000e+00  1.810157e+00
     vertex -3.285893e-01  0.000000e+00  1.818049e+00
     vertex -7.500000e+00  0.000000e+00  0.000000e+00
   endloop
 endfacet
 facet normal  0.000000e+00 -1.000000e+00 -0.000000e+00
   outer loop
     vertex -2.994285e+00  0.000000e+00  4.614915e+00
     vertex -7.500000e+00  0.000000e+00  0.000000e+00
     vertex -2.988080e+00  0.000000e+00  4.532839e+00
   endloop
 endfacet
 facet normal -0.000000e+00 -1.000000e+00  0.000000e+00
   outer loop
     vertex -1.645423e-01  0.000000e+00  1.804516e+00
     vertex -2.466587e-01  0.000000e+00  1.810157e+00
     vertex -7.500000e+00  0.000000e+00  0.000000e+00
   endloop
 endfacet
 facet normal  0.000000e+00 -1.000000e+00 -0.000000e+00
   outer loop
     vertex -2.998236e+00  0.000000e+00  4.697130e+00
     vertex -7.500000e+00  0.000000e+00  0.000000e+00
     vertex -2.994285e+00  0.000000e+00  4.614915e+00
   endloop
 endfacet
 facet normal -0.000000e+00 -1.000000e+00  0.000000e+00
   outer loop
     vertex -8.230214e-02  0.000000e+00  1.801129e+00
     vertex -1.645423e-01  0.000000e+00  1.804516e+00
     vertex -7.500000e+00  0.000000e+00  0.000000e+00
   endloop
 endfacet
 facet normal  0.000000e+00 -1.000000e+00 -0.000000e+00
   outer loop
     vertex -2.999929e+00  0.000000e+00  4.779422e+00
     vertex -7.500000e+00  0.000000e+00  0.000000e+00
     vertex -2.998236e+00  0.000000e+00  4.697130e+00
   endloop
 endfacet
 facet normal -0.000000e+00 -1.000000e+00  0.000000e+00
   outer loop
     vertex -7.347881e-16  0.000000e+00  1.800000e+00
     vertex -8.230214e-02  0.000000e+00  1.801129e+00
     vertex -7.500000e+00  0.000000e+00  0.000000e+00
   endloop
 endfacet
 facet normal  0.000000e+00 -1.000000e+00  0.000000e+00
   outer loop
     vertex -2.999365e+00  0.000000e+00  4.861730e+00
     vertex -7.500000e+00  0.000000e+00  0.000000e+00
     vertex -2.999929e+00  0.000000e+00  4.779422e+00
   endloop
 endfacet
 facet normal  0.000000e+00 -1.000000e+00  0.000000e+00
   outer loop
     vertex -2.996542e+00  0.000000e+00  4.943991e+00
     vertex -7.500000e+00  0.000000e+00  0.000000e+00
     vertex -2.999365e+00  0.000000e+00  4.861730e+00
   endloop
 endfacet
 facet normal  0.000000e+00 -1.000000e+00  0.000000e+00
   outer loop
     vertex -2.991464e+00  0.000000e+00  5.026145e+00
     vertex -7.500000e+00  0.000000e+00  0.000000e+00
     vertex -2.996542e+00  0.000000e+00  4.943991e+00
   endloop
 endfacet
 facet normal  0.000000e+00 -1.000000e+00  0.000000e+00
   outer loop
     vertex -2.984134e+00  0.000000e+00  5.108127e+00
     vertex -7.500000e+00  0.000000e+00  0.000000e+00
     vertex -2.991464e+00  0.000000e+00  5.026145e+00
   endloop
 endfacet
 facet normal  0.000000e+00 -1.000000e+00  0.000000e+00
   outer loop
     vertex -2.974558e+00  0.000000e+00  5.189878e+00
     vertex -7.500000e+00  0.000000e+00  0.000000e+00
     vertex -2.984134e+00  0.000000e+00  5.108127e+00
   endloop
 endfacet
 facet normal  0.000000e+00 -1.000000e+00  0.000000e+00
   outer loop
     vertex -2.962742e+00  0.000000e+00  5.271336e+00
     vertex -7.500000e+00  0.000000e+00  0.000000e+00
     vertex -2.974558e+00  0.000000e+00  5.189878e+00
   endloop
 endfacet
 facet normal  0.000000e+00 -1.000000e+00  0.000000e+00
   outer loop
     vertex -2.948697e+00  0.000000e+00  5.352438e+00
     vertex -7.500000e+00  0.000000e+00  0.000000e+00
     vertex -2.962742e+00  0.000000e+00  5.271336e+00
   endloop
 endfacet
 facet normal  0.000000e+00 -1.000000e+00  0.000000e+00
   outer loop
     vertex -2.932431e+00  0.000000e+00  5.433125e+00
     vertex -7.500000e+00  0.000000e+00  0.000000e+00
     vertex -2.948697e+00  0.000000e+00  5.352438e+00
   endloop
 endfacet
 facet normal  0.000000e+00 -1.000000e+00  0.000000e+00
   outer loop
     vertex -2.913958e+00  0.000000e+00  5.513335e+00
     vertex -7.500000e+00  0.000000e+00  0.000000e+00
     vertex -2.932431e+00  0.000000e+00  5.433125e+00
   endloop
 endfacet
 facet normal  0.000000e+00 -1.000000e+00  0.000000e+00
   outer loop
     vertex -2.893292e+00  0.000000e+00  5.593008e+00
     vertex -7.500000e+00  0.000000e+00  0.000000e+00
     vertex -2.913958e+00  0.000000e+00  5.513335e+00
   endloop
 endfacet
 facet normal  0.000000e+00 -1.000000e+00  0.000000e+00
   outer loop
     vertex -2.870447e+00  0.000000e+00  5.672085e+00
     vertex -7.500000e+00  0.000000e+00  0.000000e+00
     vertex -2.893292e+00  0.000000e+00  5.593008e+00
   endloop
 endfacet
 facet normal  0.000000e+00 -1.000000e+00  0.000000e+00
   outer loop
     vertex -2.845442e+00  0.000000e+00  5.750504e+00
     vertex -7.500000e+00  0.000000e+00  0.000000e+00
     vertex -2.870447e+00  0.000000e+00  5.672085e+00
   endloop
 endfacet
 facet normal  0.000000e+00 -1.000000e+00  0.000000e+00
   outer loop
     vertex -2.818295e+00  0.000000e+00  5.828209e+00
     vertex -7.500000e+00  0.000000e+00  0.000000e+00
     vertex -2.845442e+00  0.000000e+00  5.750504e+00
   endloop
 endfacet
 facet normal  0.000000e+00 -1.000000e+00  0.000000e+00
   outer loop
     vertex -2.789026e+00  0.000000e+00  5.905139e+00
     vertex -7.500000e+00  0.000000e+00  0.000000e+00
     vertex -2.818295e+00  0.000000e+00  5.828209e+00
   endloop
 endfacet
 facet normal  0.000000e+00 -1.000000e+00  0.000000e+00
   outer loop
     vertex -2.757658e+00  0.000000e+00  5.981237e+00
     vertex -7.500000e+00  0.000000e+00  0.000000e+00
     vertex -2.789026e+00  0.000000e+00  5.905139e+00
   endloop
 endfacet
 facet normal  0.000000e+00 -1.000000e+00  0.000000e+00
   outer loop
     vertex -2.724214e+00  0.000000e+00  6.056446e+00
     vertex -7.500000e+00  0.000000e+00  0.000000e+00
     vertex -2.757658e+00  0.000000e+00  5.981237e+00
   endloop
 endfacet
 facet normal  0.000000e+00 -1.000000e+00  0.000000e+00
   outer loop
     vertex -2.688719e+00  0.000000e+00  6.130710e+00
     vertex -7.500000e+00  0.000000e+00  0.000000e+00
     vertex -2.724214e+00  0.000000e+00  6.056446e+00
   endloop
 endfacet
 facet normal  0.000000e+00 -1.000000e+00  0.000000e+00
   outer loop
     vertex -2.651201e+00  0.000000e+00  6.203971e+00
     vertex -7.500000e+00  0.000000e+00  0.000000e+00
     vertex -2.688719e+00  0.000000e+00  6.130710e+00
   endloop
 endfacet
 facet normal  0.000000e+00 -1.000000e+00  0.000000e+00
   outer loop
     vertex  7.500000e+00  0.000000e+00  0.000000e+00
     vertex  8.230214e-02  0.000000e+00  1.801129e+00
     vertex -7.347881e-16  0.000000e+00  1.800000e+00
   endloop
 endfacet
 facet normal  0.000000e+00 -1.000000e+00  0.000000e+00
   outer loop
     vertex  7.500000e+00  0.000000e+00  0.000000e+00
     vertex  1.645423e-01  0.000000e+00  1.804516e+00
     vertex  8.230214e-02  0.000000e+00  1.801129e+00
   endloop
 endfacet
 facet normal  0.000000e+00 -1.000000e+00  0.000000e+00
   outer loop
     vertex  7.500000e+00  0.000000e+00  0.000000e+00
     vertex  2.466587e-01  0.000000e+00  1.810157e+00
     vertex  1.645423e-01  0.000000e+00  1.804516e+00
   endloop
 endfacet
 facet normal  0.000000e+00 -1.000000e+00  0.000000e+00
   outer loop
     vertex  7.500000e+00  0.000000e+00  0.000000e+00
     vertex  3.285893e-01  0.000000e+00  1.818049e+00
     vertex  2.466587e-01  0.000000e+00  1.810157e+00
   endloop
 endfacet
 facet normal  0.000000e+00 -1.000000e+00  0.000000e+00
   outer loop
     vertex  7.500000e+00  0.000000e+00  0.000000e+00
     vertex  4.102726e-01  0.000000e+00  1.828186e+00
     vertex  3.285893e-01  0.000000e+00  1.818049e+00
   endloop
 endfacet
 facet normal  0.000000e+00 -1.000000e+00  0.000000e+00
   outer loop
     vertex  7.500000e+00  0.000000e+00  0.000000e+00
     vertex  4.916471e-01  0.000000e+00  1.840560e+00
     vertex  4.102726e-01  0.000000e+00  1.828186e+00
   endloop
 endfacet
 facet normal  0.000000e+00 -1.000000e+00  0.000000e+00
   outer loop
     vertex  7.500000e+00  0.000000e+00  0.000000e+00
     vertex  5.726514e-01  0.000000e+00  1.855162e+00
     vertex  4.916471e-01  0.000000e+00  1.840560e+00
   endloop
 endfacet
 facet normal  0.000000e+00 -1.000000e+00  0.000000e+00
   outer loop
     vertex  7.500000e+00  0.000000e+00  0.000000e+00
     vertex  6.532247e-01  0.000000e+00  1.871981e+00
     vertex  5.726514e-01  0.000000e+00  1.855162e+00
   endloop
 endfacet
 facet normal  0.000000e+00 -1.000000e+00  0.000000e+00
   outer loop
     vertex  7.500000e+00  0.000000e+00  0.000000e+00
     vertex  7.333063e-01  0.000000e+00  1.891003e+00
     vertex  6.532247e-01  0.000000e+00  1.871981e+00
   endloop
 endfacet
 facet normal  0.000000e+00 -1.000000e+00  0.000000e+00
   outer loop
     vertex  7.500000e+00  0.000000e+00  0.000000e+00
     vertex  8.128358e-01  0.000000e+00  1.912216e+00
     vertex  7.333063e-01  0.000000e+00  1.891003e+00
   endloop
 endfacet
 facet normal  0.000000e+00 -1.000000e+00  0.000000e+00
   outer loop
     vertex  7.500000e+00  0.000000e+00  0.000000e+00
     vertex  8.917535e-01  0.000000e+00  1.935602e+00
     vertex  8.128358e-01  0.000000e+00  1.912216e+00
   endloop
 endfacet
 facet normal  0.000000e+00 -1.000000e+00  0.000000e+00
   outer loop
     vertex  7.500000e+00  0.000000e+00  0.000000e+00
     vertex  9.699999e-01  0.000000e+00  1.961145e+00
     vertex  8.917535e-01  0.000000e+00  1.935602e+00
   endloop
 endfacet
 facet normal  0.000000e+00 -1.000000e+00  0.000000e+00
   outer loop
     vertex  7.500000e+00  0.000000e+00  0.000000e+00
     vertex  1.047516e+00  0.000000e+00  1.988824e+00
     vertex  9.699999e-01  0.000000e+00  1.961145e+00
   endloop
 endfacet
 facet normal  0.000000e+00 -1.000000e+00  0.000000e+00
   outer loop
     vertex  7.500000e+00  0.000000e+00  0.000000e+00
     vertex  1.124244e+00  0.000000e+00  2.018620e+00
     vertex  1.047516e+00  0.000000e+00  1.988824e+00
   endloop
 endfacet
 facet normal  0.000000e+00 -1.000000e+00  0.000000e+00
   outer loop
     vertex  7.500000e+00  0.000000e+00  0.000000e+00
     vertex  1.200125e+00  0.000000e+00  2.050509e+00
     vertex  1.124244e+00  0.000000e+00  2.018620e+00
   endloop
 endfacet
 facet normal  0.000000e+00 -1.000000e+00  0.000000e+00
   outer loop
     vertex  7.500000e+00  0.000000e+00  0.000000e+00
     vertex  1.275103e+00  0.000000e+00  2.084468e+00
     vertex  1.200125e+00  0.000000e+00  2.050509e+00
   endloop
 endfacet
 facet normal  0.000000e+00 -1.000000e+00  0.000000e+00
   outer loop
     vertex  7.500000e+00  0.000000e+00  0.000000e+00
     vertex  1.349121e+00  0.000000e+00  2.120472e+00
     vertex  1.275103e+00  0.000000e+00  2.084468e+00
   endloop
 endfacet
 facet normal  0.000000e+00 -1.000000e+00  0.000000e+00
   outer loop
     vertex  7.500000e+00  0.000000e+00  0.000000e+00
     vertex  1.422124e+00  0.000000e+00  2.158492e+00
     vertex  1.349121e+00  0.000000e+00  2.120472e+00
   endloop
 endfacet
 facet normal  0.000000e+00 -1.000000e+00  0.000000e+00
   outer loop
     vertex  7.500000e+00  0.000000e+00  0.000000e+00
     vertex  1.494056e+00  0.000000e+00  2.198501e+00
     vertex  1.422124e+00  0.000000e+00  2.158492e+00
   endloop
 endfacet
 facet normal  0.000000e+00 -1.000000e+00  0.000000e+00
   outer loop
     vertex  7.500000e+00  0.000000e+00  0.000000e+00
     vertex  1.564863e+00  0.000000e+00  2.240468e+00
     vertex  1.494056e+00  0.000000e+00  2.198501e+00
   endloop
 endfacet
 facet normal  0.000000e+00 -1.000000e+00  0.000000e+00
   outer loop
     vertex  7.500000e+00  0.000000e+00  0.000000e+00
     vertex  1.634492e+00  0.000000e+00  2.284362e+00
     vertex  1.564863e+00  0.000000e+00  2.240468e+00
   endloop
 endfacet
 facet normal  0.000000e+00 -1.000000e+00  0.000000e+00
   outer loop
     vertex  7.500000e+00  0.000000e+00  0.000000e+00
     vertex  1.702891e+00  0.000000e+00  2.330150e+00
     vertex  1.634492e+00  0.000000e+00  2.284362e+00
   endloop
 endfacet
 facet normal  0.000000e+00 -1.000000e+00  0.000000e+00
   outer loop
     vertex  7.500000e+00  0.000000e+00  0.000000e+00
     vertex  1.770008e+00  0.000000e+00  2.377796e+00
     vertex  1.702891e+00  0.000000e+00  2.330150e+00
   endloop
 endfacet
 facet normal  0.000000e+00 -1.000000e+00  0.000000e+00
   outer loop
     vertex  7.500000e+00  0.000000e+00  0.000000e+00
     vertex  1.835793e+00  0.000000e+00  2.427267e+00
     vertex  1.770008e+00  0.000000e+00  2.377796e+00
   endloop
 endfacet
 facet normal  0.000000e+00 -1.000000e+00  0.000000e+00
   outer loop
     vertex  7.500000e+00  0.000000e+00  0.000000e+00
     vertex  1.900196e+00  0.000000e+00  2.478523e+00
     vertex  1.835793e+00  0.000000e+00  2.427267e+00
   endloop
 endfacet
 facet normal  0.000000e+00 -1.000000e+00  0.000000e+00
   outer loop
     vertex  7.500000e+00  0.000000e+00  0.000000e+00
     vertex  1.963168e+00  0.000000e+00  2.531527e+00
     vertex  1.900196e+00  0.000000e+00  2.478523e+00
   endloop
 endfacet
 facet normal  0.000000e+00 -1.000000e+00  0.000000e+00
   outer loop
     vertex  7.500000e+00  0.000000e+00  0.000000e+00
     vertex  2.024663e+00  0.000000e+00  2.586238e+00
     vertex  1.963168e+00  0.000000e+00  2.531527e+00
   endloop
 endfacet
 facet normal  0.000000e+00 -1.000000e+00  0.000000e+00
   outer loop
     vertex  7.500000e+00  0.000000e+00  0.000000e+00
     vertex  2.084633e+00  0.000000e+00  2.642616e+00
     vertex  2.024663e+00  0.000000e+00  2.586238e+00
   endloop
 endfacet
 facet normal  0.000000e+00 -1.000000e+00  0.000000e+00
   outer loop
     vertex  7.500000e+00  0.000000e+00  0.000000e+00
     vertex  2.143034e+00  0.000000e+00  2.700618e+00
     vertex  2.084633e+00  0.000000e+00  2.642616e+00
   endloop
 endfacet
 facet normal  0.000000e+00 -1.000000e+00  0.000000e+00
   outer loop
     vertex  7.500000e+00  0.000000e+00  0.000000e+00
     vertex  2.199822e+00  0.000000e+00  2.760200e+00
     vertex  2.143034e+00  0.000000e+00  2.700618e+00
   endloop
 endfacet
 facet normal  0.000000e+00 -1.000000e+00  0.000000e+00
   outer loop
     vertex  7.500000e+00  0.000000e+00  0.000000e+00
     vertex  2.254954e+00  0.000000e+00  2.821318e+00
     vertex  2.199822e+00  0.000000e+00  2.760200e+00
   endloop
 endfacet
 facet normal  0.000000e+00 -1.000000e+00  0.000000e+00
   outer loop
     vertex  7.500000e+00  0.000000e+00  0.000000e+00
     vertex  2.308389e+00  0.000000e+00  2.883925e+00
     vertex  2.254954e+00  0.000000e+00  2.821318e+00
   endloop
 endfacet
 facet normal  0.000000e+00 -1.000000e+00  0.000000e+00
   outer loop
     vertex  7.500000e+00  0.000000e+00  0.000000e+00
     vertex  2.360085e+00  0.000000e+00  2.947975e+00
     vertex  2.308389e+00  0.000000e+00  2.883925e+00
   endloop
 endfacet
 facet normal  0.000000e+00 -1.000000e+00  0.000000e+00
   outer loop
     vertex  7.500000e+00  0.000000e+00  0.000000e+00
     vertex  2.410006e+00  0.000000e+00  3.013419e+00
     vertex  2.360085e+00  0.000000e+00  2.947975e+00
   endloop
 endfacet
 facet normal  0.000000e+00 -1.000000e+00  0.000000e+00
   outer loop
     vertex  7.500000e+00  0.000000e+00  0.000000e+00
     vertex  2.458112e+00  0.000000e+00  3.080207e+00
     vertex  2.410006e+00  0.000000e+00  3.013419e+00
   endloop
 endfacet
 facet normal  0.000000e+00 -1.000000e+00  0.000000e+00
   outer loop
     vertex  7.500000e+00  0.000000e+00  0.000000e+00
     vertex  2.504367e+00  0.000000e+00  3.148291e+00
     vertex  2.458112e+00  0.000000e+00  3.080207e+00
   endloop
 endfacet
 facet normal  0.000000e+00 -1.000000e+00  0.000000e+00
   outer loop
     vertex  7.500000e+00  0.000000e+00  0.000000e+00
     vertex  2.548738e+00  0.000000e+00  3.217617e+00
     vertex  2.504367e+00  0.000000e+00  3.148291e+00
   endloop
 endfacet
 facet normal  0.000000e+00 -1.000000e+00  0.000000e+00
   outer loop
     vertex  7.500000e+00  0.000000e+00  0.000000e+00
     vertex  2.591190e+00  0.000000e+00  3.288135e+00
     vertex  2.548738e+00  0.000000e+00  3.217617e+00
   endloop
 endfacet
 facet normal  0.000000e+00 -1.000000e+00  0.000000e+00
   outer loop
     vertex  7.500000e+00  0.000000e+00  0.000000e+00
     vertex  2.631691e+00  0.000000e+00  3.359791e+00
     vertex  2.591190e+00  0.000000e+00  3.288135e+00
   endloop
 endfacet
 facet normal  0.000000e+00 -1.000000e+00  0.000000e+00
   outer loop
     vertex  7.500000e+00  0.000000e+00  0.000000e+00
     vertex  2.670211e+00  0.000000e+00  3.432531e+00
     vertex  2.631691e+00  0.000000e+00  3.359791e+00
   endloop
 endfacet
 facet normal  0.000000e+00 -1.000000e+00  0.000000e+00
   outer loop
     vertex  7.500000e+00  0.000000e+00  0.000000e+00
     vertex  2.706721e+00  0.000000e+00  3.506300e+00
     vertex  2.670211e+00  0.000000e+00  3.432531e+00
   endloop
 endfacet
 facet normal  0.000000e+00 -1.000000e+00  0.000000e+00
   outer loop
     vertex  7.500000e+00  0.000000e+00  0.000000e+00
     vertex  2.741194e+00  0.000000e+00  3.581043e+00
     vertex  2.706721e+00  0.000000e+00  3.506300e+00
   endloop
 endfacet
 facet normal  0.000000e+00 -1.000000e+00  0.000000e+00
   outer loop
     vertex  7.500000e+00  0.000000e+00  0.000000e+00
     vertex  2.773603e+00  0.000000e+00  3.656704e+00
     vertex  2.741194e+00  0.000000e+00  3.581043e+00
   endloop
 endfacet
 facet normal  0.000000e+00 -1.000000e+00  0.000000e+00
   outer loop
     vertex  7.500000e+00  0.000000e+00  0.000000e+00
     vertex  2.803925e+00  0.000000e+00  3.733226e+00
     vertex  2.773603e+00  0.000000e+00  3.656704e+00
   endloop
 endfacet
 facet normal  0.000000e+00 -1.000000e+00  0.000000e+00
   outer loop
     vertex  7.500000e+00  0.000000e+00  0.000000e+00
     vertex  2.832135e+00  0.000000e+00  3.810550e+00
     vertex  2.803925e+00  0.000000e+00  3.733226e+00
   endloop
 endfacet
 facet normal  0.000000e+00 -1.000000e+00  0.000000e+00
   outer loop
     vertex  7.500000e+00  0.000000e+00  0.000000e+00
     vertex  2.858214e+00  0.000000e+00  3.888620e+00
     vertex  2.832135e+00  0.000000e+00  3.810550e+00
   endloop
 endfacet
 facet normal  0.000000e+00 -1.000000e+00  0.000000e+00
   outer loop
     vertex  7.500000e+00  0.000000e+00  0.000000e+00
     vertex  2.882141e+00  0.000000e+00  3.967375e+00
     vertex  2.858214e+00  0.000000e+00  3.888620e+00
   endloop
 endfacet
 facet normal  0.000000e+00 -1.000000e+00  0.000000e+00
   outer loop
     vertex  7.500000e+00  0.000000e+00  0.000000e+00
     vertex  2.903898e+00  0.000000e+00  4.046757e+00
     vertex  2.882141e+00  0.000000e+00  3.967375e+00
   endloop
 endfacet
 facet normal  0.000000e+00 -1.000000e+00  0.000000e+00
   outer loop
     vertex  7.500000e+00  0.000000e+00  0.000000e+00
     vertex  2.923470e+00  0.000000e+00  4.126706e+00
     vertex  2.903898e+00  0.000000e+00  4.046757e+00
   endloop
 endfacet
 facet normal  0.000000e+00 -1.000000e+00  0.000000e+00
   outer loop
     vertex  7.500000e+00  0.000000e+00  0.000000e+00
     vertex  2.940841e+00  0.000000e+00  4.207162e+00
     vertex  2.923470e+00  0.000000e+00  4.126706e+00
   endloop
 endfacet
 facet normal  0.000000e+00 -1.000000e+00  0.000000e+00
   outer loop
     vertex  7.500000e+00  0.000000e+00  0.000000e+00
     vertex  2.955998e+00  0.000000e+00  4.288065e+00
     vertex  2.940841e+00  0.000000e+00  4.207162e+00
   endloop
 endfacet
 facet normal  0.000000e+00 -1.000000e+00  0.000000e+00
   outer loop
     vertex  7.500000e+00  0.000000e+00  0.000000e+00
     vertex  2.968930e+00  0.000000e+00  4.369352e+00
     vertex  2.955998e+00  0.000000e+00  4.288065e+00
   endloop
 endfacet
 facet normal  0.000000e+00 -1.000000e+00  0.000000e+00
   outer loop
     vertex  7.500000e+00  0.000000e+00  0.000000e+00
     vertex  2.979626e+00  0.000000e+00  4.450964e+00
     vertex  2.968930e+00  0.000000e+00  4.369352e+00
   endloop
 endfacet
 facet normal  0.000000e+00 -1.000000e+00  0.000000e+00
   outer loop
     vertex  7.500000e+00  0.000000e+00  0.000000e+00
     vertex -7.347881e-16  0.000000e+00  1.800000e+00
     vertex -7.500000e+00  0.000000e+00  0.000000e+00
   endloop
 endfacet
 facet normal  0.000000e+00 -1.000000e+00 -0.000000e+00
   outer loop
     vertex  2.988080e+00  0.000000e+00  4.532839e+00
     vertex  2.979626e+00  0.000000e+00  4.450964e+00
     vertex  7.500000e+00  0.000000e+00  0.000000e+00
   endloop
 endfacet
 facet normal  0.000000e+00 -1.000000e+00 -0.000000e+00
   outer loop
     vertex  2.994285e+00  0.000000e+00  4.614915e+00
     vertex  2.988080e+00  0.000000e+00  4.532839e+00
     vertex  7.500000e+00  0.000000e+00  0.000000e+00
   endloop
 endfacet
 facet normal  0.000000e+00 -1.000000e+00 -0.000000e+00
   outer loop
     vertex  2.998236e+00  0.000000e+00  4.697130e+00
     vertex  2.994285e+00  0.000000e+00  4.614915e+00
     vertex  7.500000e+00  0.000000e+00  0.000000e+00
   endloop
 endfacet
 facet normal  0.000000e+00 -1.000000e+00 -0.000000e+00
   outer loop
     vertex  2.999929e+00  0.000000e+00  4.779422e+00
     vertex  2.998236e+00  0.000000e+00  4.697130e+00
     vertex  7.500000e+00  0.000000e+00  0.000000e+00
   endloop
 endfacet
 facet normal  0.000000e+00 -1.000000e+00  0.000000e+00
   outer loop
     vertex  2.999365e+00  0.000000e+00  4.861730e+00
     vertex  2.999929e+00  0.000000e+00  4.779422e+00
     vertex  7.500000e+00  0.000000e+00  0.000000e+00
   endloop
 endfacet
 facet normal  0.000000e+00 -1.000000e+00  0.000000e+00
   outer loop
     vertex  2.996542e+00  0.000000e+00  4.943991e+00
     vertex  2.999365e+00  0.000000e+00  4.861730e+00
     vertex  7.500000e+00  0.000000e+00  0.000000e+00
   endloop
 endfacet
 facet normal  0.000000e+00 -1.000000e+00  0.000000e+00
   outer loop
     vertex  2.991464e+00  0.000000e+00  5.026145e+00
     vertex  2.996542e+00  0.000000e+00  4.943991e+00
     vertex  7.500000e+00  0.000000e+00  0.000000e+00
   endloop
 endfacet
 facet normal  0.000000e+00 -1.000000e+00  0.000000e+00
   outer loop
     vertex  2.984134e+00  0.000000e+00  5.108127e+00
     vertex  2.991464e+00  0.000000e+00  5.026145e+00
     vertex  7.500000e+00  0.000000e+00  0.000000e+00
   endloop
 endfacet
 facet normal  0.000000e+00 -1.000000e+00  0.000000e+00
   outer loop
     vertex  2.974558e+00  0.000000e+00  5.189878e+00
     vertex  2.984134e+00  0.000000e+00  5.108127e+00
     vertex  7.500000e+00  0.000000e+00  0.000000e+00
   endloop
 endfacet
 facet normal  0.000000e+00 -1.000000e+00  0.000000e+00
   outer loop
     vertex  2.962742e+00  0.000000e+00  5.271336e+00
     vertex  2.974558e+00  0.000000e+00  5.189878e+00
     vertex  7.500000e+00  0.000000e+00  0.000000e+00
   endloop
 endfacet
 facet normal  0.000000e+00 -1.000000e+00  0.000000e+00
   outer loop
     vertex  2.948697e+00  0.000000e+00  5.352438e+00
     vertex  2.962742e+00  0.000000e+00  5.271336e+00
     vertex  7.500000e+00  0.000000e+00  0.000000e+00
   endloop
 endfacet
 facet normal  0.000000e+00 -1.000000e+00  0.000000e+00
   outer loop
     vertex  2.932431e+00  0.000000e+00  5.433125e+00
     vertex  2.948697e+00  0.000000e+00  5.352438e+00
     vertex  7.500000e+00  0.000000e+00  0.000000e+00
   endloop
 endfacet
 facet normal  0.000000e+00 -1.000000e+00  0.000000e+00
   outer loop
     vertex  2.913958e+00  0.000000e+00  5.513335e+00
     vertex  2.932431e+00  0.000000e+00  5.433125e+00
     vertex  7.500000e+00  0.000000e+00  0.000000e+00
   endloop
 endfacet
 facet normal  0.000000e+00 -1.000000e+00  0.000000e+00
   outer loop
     vertex  2.893292e+00  0.000000e+00  5.593008e+00
     vertex  2.913958e+00  0.000000e+00  5.513335e+00
     vertex  7.500000e+00  0.000000e+00  0.000000e+00
   endloop
 endfacet
 facet normal  0.000000e+00 -1.000000e+00  0.000000e+00
   outer loop
     vertex  2.870447e+00  0.000000e+00  5.672085e+00
     vertex  2.893292e+00  0.000000e+00  5.593008e+00
     vertex  7.500000e+00  0.000000e+00  0.000000e+00
   endloop
 endfacet
 facet normal  0.000000e+00 -1.000000e+00  0.000000e+00
   outer loop
     vertex  2.845442e+00  0.000000e+00  5.750504e+00
     vertex  2.870447e+00  0.000000e+00  5.672085e+00
     vertex  7.500000e+00  0.000000e+00  0.000000e+00
   endloop
 endfacet
 facet normal  0.000000e+00 -1.000000e+00  0.000000e+00
   outer loop
     vertex  2.818295e+00  0.000000e+00  5.828209e+00
     vertex  2.845442e+00  0.000000e+00  5.750504e+00
     vertex  7.500000e+00  0.000000e+00  0.000000e+00
   endloop
 endfacet
 facet normal  0.000000e+00 -1.000000e+00  0.000000e+00
   outer loop
     vertex  2.789026e+00  0.000000e+00  5.905139e+00
     vertex  2.818295e+00  0.000000e+00  5.828209e+00
     vertex  7.500000e+00  0.000000e+00  0.000000e+00
   endloop
 endfacet
 facet normal  0.000000e+00 -1.000000e+00  0.000000e+00
   outer loop
     vertex  2.757658e+00  0.000000e+00  5.981237e+00
     vertex  2.789026e+00  0.000000e+00  5.905139e+00
     vertex  7.500000e+00  0.000000e+00  0.000000e+00
   endloop
 endfacet
 facet normal  0.000000e+00 -1.000000e+00  0.000000e+00
   outer loop
     vertex  2.724214e+00  0.000000e+00  6.056446e+00
     vertex  2.757658e+00  0.000000e+00  5.981237e+00
     vertex  7.500000e+00  0.000000e+00  0.000000e+00
   endloop
 endfacet
 facet normal  0.000000e+00 -1.000000e+00  0.000000e+00
   outer loop
     vertex  2.688719e+00  0.000000e+00  6.130710e+00
     vertex  2.724214e+00  0.000000e+00  6.056446e+00
     vertex  7.500000e+00  0.000000e+00  0.000000e+00
   endloop
 endfacet
 facet normal  0.000000e+00 -1.000000e+00  0.000000e+00
   outer loop
     vertex  2.651201e+00  0.000000e+00  6.203971e+00
     vertex  2.688719e+00  0.000000e+00  6.130710e+00
     vertex  7.500000e+00  0.000000e+00  0.000000e+00
   endloop
 endfacet
 facet normal -5.225352e-18 -1.000000e+00  1.903979e-16
   outer loop
     vertex -3.000000e+00  4.280428e-15  3.020000e+01
     vertex -1.234339e-01  0.000000e+00  7.797460e+00
     vertex -4.115494e-02  0.000000e+00  7.799718e+00
   endloop
 endfacet
 facet normal -1.042193e-17 -1.000000e+00  1.897306e-16
   outer loop
     vertex -3.000000e+00  4.280428e-15  3.020000e+01
     vertex -2.056198e-01  0.000000e+00  7.792945e+00
     vertex -1.234339e-01  0.000000e+00  7.797460e+00
   endloop
 endfacet
 facet normal -1.559930e-17 -1.000000e+00  1.890850e-16
   outer loop
     vertex -3.000000e+00  4.280428e-15  3.020000e+01
     vertex -2.876511e-01  0.000000e+00  7.786178e+00
     vertex -2.056198e-01  0.000000e+00  7.792945e+00
   endloop
 endfacet
 facet normal -2.076688e-17 -1.000000e+00  1.884596e-16
   outer loop
     vertex -3.000000e+00  4.280428e-15  3.020000e+01
     vertex -3.694657e-01  0.000000e+00  7.777162e+00
     vertex -2.876511e-01  0.000000e+00  7.786178e+00
   endloop
 endfacet
 facet normal -2.593404e-17 -1.000000e+00  1.878534e-16
   outer loop
     vertex -3.000000e+00  4.280428e-15  3.020000e+01
     vertex -4.510023e-01  0.000000e+00  7.765906e+00
     vertex -3.694657e-01  0.000000e+00  7.777162e+00
   endloop
 endfacet
 facet normal -3.111010e-17 -1.000000e+00  1.872653e-16
   outer loop
     vertex -3.000000e+00  4.280428e-15  3.020000e+01
     vertex -5.321993e-01  0.000000e+00  7.752417e+00
     vertex -4.510023e-01  0.000000e+00  7.765906e+00
   endloop
 endfacet
 facet normal -3.630446e-17 -1.000000e+00  1.866943e-16
   outer loop
     vertex -3.000000e+00  4.280428e-15  3.020000e+01
     vertex -6.129958e-01  0.000000e+00  7.736705e+00
     vertex -5.321993e-01  0.000000e+00  7.752417e+00
   endloop
 endfacet
 facet normal -4.152665e-17 -1.000000e+00  1.861394e-16
   outer loop
     vertex -3.000000e+00  4.280428e-15  3.020000e+01
     vertex -6.933307e-01  0.000000e+00  7.718783e+00
     vertex -6.129958e-01  0.000000e+00  7.736705e+00
   endloop
 endfacet
 facet normal -4.678638e-17 -1.000000e+00  1.855997e-16
   outer loop
     vertex -3.000000e+00  4.280428e-15  3.020000e+01
     vertex -7.731438e-01  0.000000e+00  7.698663e+00
     vertex -6.933307e-01  0.000000e+00  7.718783e+00
   endloop
 endfacet
 facet normal -5.209362e-17 -1.000000e+00  1.850745e-16
   outer loop
     vertex -3.000000e+00  4.280428e-15  3.020000e+01
     vertex -8.523749e-01  0.000000e+00  7.676362e+00
     vertex -7.731438e-01  0.000000e+00  7.698663e+00
   endloop
 endfacet
 facet normal -5.745871e-17 -1.000000e+00  1.845629e-16
   outer loop
     vertex -3.000000e+00  4.280428e-15  3.020000e+01
     vertex -9.309643e-01  0.000000e+00  7.651895e+00
     vertex -8.523749e-01  0.000000e+00  7.676362e+00
   endloop
 endfacet
 facet normal -6.289237e-17 -1.000000e+00  1.840643e-16
   outer loop
     vertex -3.000000e+00  4.280428e-15  3.020000e+01
     vertex -1.008853e+00  0.000000e+00  7.625282e+00
     vertex -9.309643e-01  0.000000e+00  7.651895e+00
   endloop
 endfacet
 facet normal -6.840586e-17 -1.000000e+00  1.835780e-16
   outer loop
     vertex -3.000000e+00  4.280428e-15  3.020000e+01
     vertex -1.085982e+00  0.000000e+00  7.596541e+00
     vertex -1.008853e+00  0.000000e+00  7.625282e+00
   endloop
 endfacet
 facet normal -7.401103e-17 -1.000000e+00  1.831034e-16
   outer loop
     vertex -3.000000e+00  4.280428e-15  3.020000e+01
     vertex -1.162294e+00  0.000000e+00  7.565696e+00
     vertex -1.085982e+00  0.000000e+00  7.596541e+00
   endloop
 endfacet
 facet normal -7.972044e-17 -1.000000e+00  1.826398e-16
   outer loop
     vertex -3.000000e+00  4.280428e-15  3.020000e+01
     vertex -1.237731e+00  0.000000e+00  7.532768e+00
     vertex -1.162294e+00  0.000000e+00  7.565696e+00
   endloop
 endfacet
 facet normal -8.554749e-17 -1.000000e+00  1.821868e-16
   outer loop
     vertex -3.000000e+00  4.280428e-15  3.020000e+01
     vertex -1.312236e+00  0.000000e+00  7.497784e+00
     vertex -1.237731e+00  0.000000e+00  7.532768e+00
   endloop
 endfacet
 facet normal -9.150654e-17 -1.000000e+00  1.817438e-16
   outer loop
     vertex -3.000000e+00  4.280428e-15  3.020000e+01
     vertex -1.385753e+00  0.000000e+00  7.460769e+00
     vertex -1.312236e+00  0.000000e+00  7.497784e+00
   endloop
 endfacet
 facet normal -9.761304e-17 -1.000000e+00  1.813103e-16
   outer loop
     vertex -3.000000e+00  4.280428e-15  3.020000e+01
     vertex -1.458227e+00  0.000000e+00  7.421750e+00
     vertex -1.385753e+00  0.000000e+00  7.460769e+00
   endloop
 endfacet
 facet normal -1.038838e-16 -1.000000e+00  1.808858e-16
   outer loop
     vertex -3.000000e+00  4.280428e-15  3.020000e+01
     vertex -1.529603e+00  0.000000e+00  7.380758e+00
     vertex -1.458227e+00  0.000000e+00  7.421750e+00
   endloop
 endfacet
 facet normal -1.103369e-16 -1.000000e+00  1.804700e-16
   outer loop
     vertex -3.000000e+00  4.280428e-15  3.020000e+01
     vertex -1.599828e+00  0.000000e+00  7.337824e+00
     vertex -1.529603e+00  0.000000e+00  7.380758e+00
   endloop
 endfacet
 facet normal -1.169924e-16 -1.000000e+00  1.800624e-16
   outer loop
     vertex -3.000000e+00  4.280428e-15  3.020000e+01
     vertex -1.668849e+00  0.000000e+00  7.292979e+00
     vertex -1.599828e+00  0.000000e+00  7.337824e+00
   endloop
 endfacet
 facet normal -1.238722e-16 -1.000000e+00  1.796626e-16
   outer loop
     vertex -3.000000e+00  4.280428e-15  3.020000e+01
     vertex -1.736613e+00  0.000000e+00  7.246257e+00
     vertex -1.668849e+00  0.000000e+00  7.292979e+00
   endloop
 endfacet
 facet normal -1.310005e-16 -1.000000e+00  1.792703e-16
   outer loop
     vertex -3.000000e+00  4.280428e-15  3.020000e+01
     vertex -1.803070e+00  0.000000e+00  7.197694e+00
     vertex -1.736613e+00  0.000000e+00  7.246257e+00
   endloop
 endfacet
 facet normal -1.384040e-16 -1.000000e+00  1.788850e-16
   outer loop
     vertex -3.000000e+00  4.280428e-15  3.020000e+01
     vertex -1.868170e+00  0.000000e+00  7.147326e+00
     vertex -1.803070e+00  0.000000e+00  7.197694e+00
   endloop
 endfacet
 facet normal -1.461127e-16 -1.000000e+00  1.785065e-16
   outer loop
     vertex -3.000000e+00  4.280428e-15  3.020000e+01
     vertex -1.931864e+00  0.000000e+00  7.095191e+00
     vertex -1.868170e+00  0.000000e+00  7.147326e+00
   endloop
 endfacet
 facet normal -1.541601e-16 -1.000000e+00  1.781345e-16
   outer loop
     vertex -3.000000e+00  4.280428e-15  3.020000e+01
     vertex -1.994103e+00  0.000000e+00  7.041329e+00
     vertex -1.931864e+00  0.000000e+00  7.095191e+00
   endloop
 endfacet
 facet normal -1.625836e-16 -1.000000e+00  1.777686e-16
   outer loop
     vertex -3.000000e+00  4.280428e-15  3.020000e+01
     vertex -2.054841e+00  0.000000e+00  6.985779e+00
     vertex -1.994103e+00  0.000000e+00  7.041329e+00
   endloop
 endfacet
 facet normal -1.714261e-16 -1.000000e+00  1.774086e-16
   outer loop
     vertex -3.000000e+00  4.280428e-15  3.020000e+01
     vertex -2.114032e+00  0.000000e+00  6.928583e+00
     vertex -2.054841e+00  0.000000e+00  6.985779e+00
   endloop
 endfacet
 facet normal -1.807356e-16 -1.000000e+00  1.770542e-16
   outer loop
     vertex -3.000000e+00  4.280428e-15  3.020000e+01
     vertex -2.171632e+00  0.000000e+00  6.869786e+00
     vertex -2.114032e+00  0.000000e+00  6.928583e+00
   endloop
 endfacet
 facet normal -1.905676e-16 -1.000000e+00  1.767051e-16
   outer loop
     vertex -3.000000e+00  4.280428e-15  3.020000e+01
     vertex -2.227598e+00  0.000000e+00  6.809430e+00
     vertex -2.171632e+00  0.000000e+00  6.869786e+00
   endloop
 endfacet
 facet normal -2.009854e-16 -1.000000e+00  1.763611e-16
   outer loop
     vertex -3.000000e+00  4.280428e-15  3.020000e+01
     vertex -2.281886e+00  0.000000e+00  6.747562e+00
     vertex -2.227598e+00  0.000000e+00  6.809430e+00
   endloop
 endfacet
 facet normal -2.120622e-16 -1.000000e+00  1.760219e-16
   outer loop
     vertex -3.000000e+00  4.280428e-15  3.020000e+01
     vertex -2.334457e+00  0.000000e+00  6.684227e+00
     vertex -2.281886e+00  0.000000e+00  6.747562e+00
   endloop
 endfacet
 facet normal -2.238831e-16 -1.000000e+00  1.756873e-16
   outer loop
     vertex -3.000000e+00  4.280428e-15  3.020000e+01
     vertex -2.385270e+00  0.000000e+00  6.619474e+00
     vertex -2.334457e+00  0.000000e+00  6.684227e+00
   endloop
 endfacet
 facet normal -2.365478e-16 -1.000000e+00  1.753572e-16
   outer loop
     vertex -3.000000e+00  4.280428e-15  3.020000e+01
     vertex -2.434288e+00  0.000000e+00  6.553352e+00
     vertex -2.385270e+00  0.000000e+00  6.619474e+00
   endloop
 endfacet
 facet normal -2.501733e-16 -1.000000e+00  1.750312e-16
   outer loop
     vertex -3.000000e+00  4.280428e-15  3.020000e+01
     vertex -2.481473e+00  0.000000e+00  6.485910e+00
     vertex -2.434288e+00  0.000000e+00  6.553352e+00
   endloop
 endfacet
 facet normal -2.648989e-16 -1.000000e+00  1.747092e-16
   outer loop
     vertex -3.000000e+00  4.280428e-15  3.020000e+01
     vertex -2.526790e+00  0.000000e+00  6.417198e+00
     vertex -2.481473e+00  0.000000e+00  6.485910e+00
   endloop
 endfacet
 facet normal -5.490335e-14 -1.000000e+00 -5.236365e-14
   outer loop
     vertex -7.500000e+00  0.000000e+00  3.500000e+01
     vertex -3.000000e+00  4.280428e-15  3.020000e+01
     vertex -2.998988e+00  0.000000e+00  3.028068e+01
   endloop
 endfacet
 facet normal  0.000000e+00 -1.000000e+00  0.000000e+00
   outer loop
     vertex -7.500000e+00  0.000000e+00  3.500000e+01
     vertex -2.998988e+00  0.000000e+00  3.028068e+01
     vertex -2.995951e+00  0.000000e+00  3.036131e+01
   endloop
 endfacet
 facet normal  0.000000e+00 -1.000000e+00  0.000000e+00
   outer loop
     vertex -7.500000e+00  0.000000e+00  3.500000e+01
     vertex -2.995951e+00  0.000000e+00  3.036131e+01
     vertex -2.990892e+00  0.000000e+00  3.044183e+01
   endloop
 endfacet
 facet normal  0.000000e+00 -1.000000e+00  0.000000e+00
   outer loop
     vertex -7.500000e+00  0.000000e+00  3.500000e+01
     vertex -7.500000e+00  0.000000e+00  0.000000e+00
     vertex -2.651201e+00  0.000000e+00  6.203971e+00
   endloop
 endfacet
 facet normal  0.000000e+00 -1.000000e+00  0.000000e+00
   outer loop
     vertex -7.500000e+00  0.000000e+00  3.500000e+01
     vertex -2.570206e+00  0.000000e+00  6.347270e+00
     vertex -2.526790e+00  0.000000e+00  6.417198e+00
   endloop
 endfacet
 facet normal  0.000000e+00 -1.000000e+00  0.000000e+00
   outer loop
     vertex -7.500000e+00  0.000000e+00  3.500000e+01
     vertex -2.611686e+00  0.000000e+00  6.276176e+00
     vertex -2.570206e+00  0.000000e+00  6.347270e+00
   endloop
 endfacet
 facet normal  0.000000e+00 -1.000000e+00  0.000000e+00
   outer loop
     vertex -7.500000e+00  0.000000e+00  3.500000e+01
     vertex -2.651201e+00  0.000000e+00  6.203971e+00
     vertex -2.611686e+00  0.000000e+00  6.276176e+00
   endloop
 endfacet
 facet normal  1.167973e-15 -1.000000e+00  2.032193e-16
   outer loop
     vertex -7.500000e+00  0.000000e+00  3.500000e+01
     vertex -2.526790e+00  0.000000e+00  6.417198e+00
     vertex -3.000000e+00  4.280428e-15  3.020000e+01
   endloop
 endfacet
 facet normal -0.000000e+00 -1.000000e+00  0.000000e+00
   outer loop
     vertex -2.983815e+00  0.000000e+00  3.052219e+01
     vertex -7.500000e+00  0.000000e+00  3.500000e+01
     vertex -2.990892e+00  0.000000e+00  3.044183e+01
   endloop
 endfacet
 facet normal -0.000000e+00 -1.000000e+00  0.000000e+00
   outer loop
     vertex -2.974723e+00  0.000000e+00  3.060233e+01
     vertex -7.500000e+00  0.000000e+00  3.500000e+01
     vertex -2.983815e+00  0.000000e+00  3.052219e+01
   endloop
 endfacet
 facet normal -0.000000e+00 -1.000000e+00  0.000000e+00
   outer loop
     vertex -2.963624e+00  0.000000e+00  3.068219e+01
     vertex -7.500000e+00  0.000000e+00  3.500000e+01
     vertex -2.974723e+00  0.000000e+00  3.060233e+01
   endloop
 endfacet
 facet normal -0.000000e+00 -1.000000e+00  0.000000e+00
   outer loop
     vertex -2.950524e+00  0.000000e+00  3.076173e+01
     vertex -7.500000e+00  0.000000e+00  3.500000e+01
     vertex -2.963624e+00  0.000000e+00  3.068219e+01
   endloop
 endfacet
 facet normal -0.000000e+00 -1.000000e+00  0.000000e+00
   outer loop
     vertex -2.935433e+00  0.000000e+00  3.084090e+01
     vertex -7.500000e+00  0.000000e+00  3.500000e+01
     vertex -2.950524e+00  0.000000e+00  3.076173e+01
   endloop
 endfacet
 facet normal -0.000000e+00 -1.000000e+00  0.000000e+00
   outer loop
     vertex -2.918360e+00  0.000000e+00  3.091963e+01
     vertex -7.500000e+00  0.000000e+00  3.500000e+01
     vertex -2.935433e+00  0.000000e+00  3.084090e+01
   endloop
 endfacet
 facet normal -0.000000e+00 -1.000000e+00  0.000000e+00
   outer loop
     vertex -2.899318e+00  0.000000e+00  3.099787e+01
     vertex -7.500000e+00  0.000000e+00  3.500000e+01
     vertex -2.918360e+00  0.000000e+00  3.091963e+01
   endloop
 endfacet
 facet normal -0.000000e+00 -1.000000e+00  0.000000e+00
   outer loop
     vertex -2.878319e+00  0.000000e+00  3.107558e+01
     vertex -7.500000e+00  0.000000e+00  3.500000e+01
     vertex -2.899318e+00  0.000000e+00  3.099787e+01
   endloop
 endfacet
 facet normal -0.000000e+00 -1.000000e+00  0.000000e+00
   outer loop
     vertex -2.855377e+00  0.000000e+00  3.115269e+01
     vertex -7.500000e+00  0.000000e+00  3.500000e+01
     vertex -2.878319e+00  0.000000e+00  3.107558e+01
   endloop
 endfacet
 facet normal -0.000000e+00 -1.000000e+00  0.000000e+00
   outer loop
     vertex -2.830508e+00  0.000000e+00  3.122916e+01
     vertex -7.500000e+00  0.000000e+00  3.500000e+01
     vertex -2.855377e+00  0.000000e+00  3.115269e+01
   endloop
 endfacet
 facet normal -0.000000e+00 -1.000000e+00  0.000000e+00
   outer loop
     vertex -2.803728e+00  0.000000e+00  3.130494e+01
     vertex -7.500000e+00  0.000000e+00  3.500000e+01
     vertex -2.830508e+00  0.000000e+00  3.122916e+01
   endloop
 endfacet
 facet normal -0.000000e+00 -1.000000e+00  0.000000e+00
   outer loop
     vertex -2.775056e+00  0.000000e+00  3.137997e+01
     vertex -7.500000e+00  0.000000e+00  3.500000e+01
     vertex -2.803728e+00  0.000000e+00  3.130494e+01
   endloop
 endfacet
 facet normal -0.000000e+00 -1.000000e+00  0.000000e+00
   outer loop
     vertex -2.744511e+00  0.000000e+00  3.145421e+01
     vertex -7.500000e+00  0.000000e+00  3.500000e+01
     vertex -2.775056e+00  0.000000e+00  3.137997e+01
   endloop
 endfacet
 facet normal -0.000000e+00 -1.000000e+00  0.000000e+00
   outer loop
     vertex -2.712113e+00  0.000000e+00  3.152759e+01
     vertex -7.500000e+00  0.000000e+00  3.500000e+01
     vertex -2.744511e+00  0.000000e+00  3.145421e+01
   endloop
 endfacet
 facet normal -0.000000e+00 -1.000000e+00  0.000000e+00
   outer loop
     vertex -2.677885e+00  0.000000e+00  3.160009e+01
     vertex -7.500000e+00  0.000000e+00  3.500000e+01
     vertex -2.712113e+00  0.000000e+00  3.152759e+01
   endloop
 endfacet
 facet normal -0.000000e+00 -1.000000e+00  0.000000e+00
   outer loop
     vertex -2.641850e+00  0.000000e+00  3.167163e+01
     vertex -7.500000e+00  0.000000e+00  3.500000e+01
     vertex -2.677885e+00  0.000000e+00  3.160009e+01
   endloop
 endfacet
 facet normal -0.000000e+00 -1.000000e+00  0.000000e+00
   outer loop
     vertex -2.604031e+00  0.000000e+00  3.174219e+01
     vertex -7.500000e+00  0.000000e+00  3.500000e+01
     vertex -2.641850e+00  0.000000e+00  3.167163e+01
   endloop
 endfacet
 facet normal -0.000000e+00 -1.000000e+00  0.000000e+00
   outer loop
     vertex -2.564454e+00  0.000000e+00  3.181170e+01
     vertex -7.500000e+00  0.000000e+00  3.500000e+01
     vertex -2.604031e+00  0.000000e+00  3.174219e+01
   endloop
 endfacet
 facet normal -0.000000e+00 -1.000000e+00  0.000000e+00
   outer loop
     vertex -2.523147e+00  0.000000e+00  3.188013e+01
     vertex -7.500000e+00  0.000000e+00  3.500000e+01
     vertex -2.564454e+00  0.000000e+00  3.181170e+01
   endloop
 endfacet
 facet normal -0.000000e+00 -1.000000e+00  0.000000e+00
   outer loop
     vertex -2.480137e+00  0.000000e+00  3.194742e+01
     vertex -7.500000e+00  0.000000e+00  3.500000e+01
     vertex -2.523147e+00  0.000000e+00  3.188013e+01
   endloop
 endfacet
 facet normal -0.000000e+00 -1.000000e+00  0.000000e+00
   outer loop
     vertex -2.435452e+00  0.000000e+00  3.201353e+01
     vertex -7.500000e+00  0.000000e+00  3.500000e+01
     vertex -2.480137e+00  0.000000e+00  3.194742e+01
   endloop
 endfacet
 facet normal -0.000000e+00 -1.000000e+00  0.000000e+00
   outer loop
     vertex -2.389124e+00  0.000000e+00  3.207842e+01
     vertex -7.500000e+00  0.000000e+00  3.500000e+01
     vertex -2.435452e+00  0.000000e+00  3.201353e+01
   endloop
 endfacet
 facet normal -0.000000e+00 -1.000000e+00  0.000000e+00
   outer loop
     vertex -2.341184e+00  0.000000e+00  3.214204e+01
     vertex -7.500000e+00  0.000000e+00  3.500000e+01
     vertex -2.389124e+00  0.000000e+00  3.207842e+01
   endloop
 endfacet
 facet normal -0.000000e+00 -1.000000e+00  0.000000e+00
   outer loop
     vertex -2.291663e+00  0.000000e+00  3.220434e+01
     vertex -7.500000e+00  0.000000e+00  3.500000e+01
     vertex -2.341184e+00  0.000000e+00  3.214204e+01
   endloop
 endfacet
 facet normal -0.000000e+00 -1.000000e+00  0.000000e+00
   outer loop
     vertex -2.240595e+00  0.000000e+00  3.226530e+01
     vertex -7.500000e+00  0.000000e+00  3.500000e+01
     vertex -2.291663e+00  0.000000e+00  3.220434e+01
   endloop
 endfacet
 facet normal -0.000000e+00 -1.000000e+00  0.000000e+00
   outer loop
     vertex -2.188015e+00  0.000000e+00  3.232486e+01
     vertex -7.500000e+00  0.000000e+00  3.500000e+01
     vertex -2.240595e+00  0.000000e+00  3.226530e+01
   endloop
 endfacet
 facet normal -0.000000e+00 -1.000000e+00  0.000000e+00
   outer loop
     vertex -2.133958e+00  0.000000e+00  3.238299e+01
     vertex -7.500000e+00  0.000000e+00  3.500000e+01
     vertex -2.188015e+00  0.000000e+00  3.232486e+01
   endloop
 endfacet
 facet normal -0.000000e+00 -1.000000e+00  0.000000e+00
   outer loop
     vertex -2.078461e+00  0.000000e+00  3.243965e+01
     vertex -7.500000e+00  0.000000e+00  3.500000e+01
     vertex -2.133958e+00  0.000000e+00  3.238299e+01
   endloop
 endfacet
 facet normal -0.000000e+00 -1.000000e+00  0.000000e+00
   outer loop
     vertex -2.021561e+00  0.000000e+00  3.249479e+01
     vertex -7.500000e+00  0.000000e+00  3.500000e+01
     vertex -2.078461e+00  0.000000e+00  3.243965e+01
   endloop
 endfacet
 facet normal -0.000000e+00 -1.000000e+00  0.000000e+00
   outer loop
     vertex -1.963296e+00  0.000000e+00  3.254838e+01
     vertex -7.500000e+00  0.000000e+00  3.500000e+01
     vertex -2.021561e+00  0.000000e+00  3.249479e+01
   endloop
 endfacet
 facet normal -0.000000e+00 -1.000000e+00  0.000000e+00
   outer loop
     vertex -1.903706e+00  0.000000e+00  3.260039e+01
     vertex -7.500000e+00  0.000000e+00  3.500000e+01
     vertex -1.963296e+00  0.000000e+00  3.254838e+01
   endloop
 endfacet
 facet normal -0.000000e+00 -1.000000e+00  0.000000e+00
   outer loop
     vertex -1.842832e+00  0.000000e+00  3.265078e+01
     vertex -7.500000e+00  0.000000e+00  3.500000e+01
     vertex -1.903706e+00  0.000000e+00  3.260039e+01
   endloop
 endfacet
 facet normal -0.000000e+00 -1.000000e+00  0.000000e+00
   outer loop
     vertex -1.780713e+00  0.000000e+00  3.269951e+01
     vertex -7.500000e+00  0.000000e+00  3.500000e+01
     vertex -1.842832e+00  0.000000e+00  3.265078e+01
   endloop
 endfacet
 facet normal -0.000000e+00 -1.000000e+00  0.000000e+00
   outer loop
     vertex -1.717393e+00  0.000000e+00  3.274656e+01
     vertex -7.500000e+00  0.000000e+00  3.500000e+01
     vertex -1.780713e+00  0.000000e+00  3.269951e+01
   endloop
 endfacet
 facet normal -0.000000e+00 -1.000000e+00  0.000000e+00
   outer loop
     vertex -1.652913e+00  0.000000e+00  3.279189e+01
     vertex -7.500000e+00  0.000000e+00  3.500000e+01
     vertex -1.717393e+00  0.000000e+00  3.274656e+01
   endloop
 endfacet
 facet normal -0.000000e+00 -1.000000e+00  0.000000e+00
   outer loop
     vertex -1.587318e+00  0.000000e+00  3.283547e+01
     vertex -7.500000e+00  0.000000e+00  3.500000e+01
     vertex -1.652913e+00  0.000000e+00  3.279189e+01
   endloop
 endfacet
 facet normal -0.000000e+00 -1.000000e+00  0.000000e+00
   outer loop
     vertex -1.520651e+00  0.000000e+00  3.287727e+01
     vertex -7.500000e+00  0.000000e+00  3.500000e+01
     vertex -1.587318e+00  0.000000e+00  3.283547e+01
   endloop
 endfacet
 facet normal -0.000000e+00 -1.000000e+00  0.000000e+00
   outer loop
     vertex -1.452958e+00  0.000000e+00  3.291726e+01
     vertex -7.500000e+00  0.000000e+00  3.500000e+01
     vertex -1.520651e+00  0.000000e+00  3.287727e+01
   endloop
 endfacet
 facet normal -0.000000e+00 -1.000000e+00  0.000000e+00
   outer loop
     vertex -1.384285e+00  0.000000e+00  3.295542e+01
     vertex -7.500000e+00  0.000000e+00  3.500000e+01
     vertex -1.452958e+00  0.000000e+00  3.291726e+01
   endloop
 endfacet
 facet normal -0.000000e+00 -1.000000e+00  0.000000e+00
   outer loop
     vertex -1.314676e+00  0.000000e+00  3.299172e+01
     vertex -7.500000e+00  0.000000e+00  3.500000e+01
     vertex -1.384285e+00  0.000000e+00  3.295542e+01
   endloop
 endfacet
 facet normal -0.000000e+00 -1.000000e+00  0.000000e+00
   outer loop
     vertex -1.244181e+00  0.000000e+00  3.302614e+01
     vertex -7.500000e+00  0.000000e+00  3.500000e+01
     vertex -1.314676e+00  0.000000e+00  3.299172e+01
   endloop
 endfacet
 facet normal -0.000000e+00 -1.000000e+00  0.000000e+00
   outer loop
     vertex -1.172846e+00  0.000000e+00  3.305864e+01
     vertex -7.500000e+00  0.000000e+00  3.500000e+01
     vertex -1.244181e+00  0.000000e+00  3.302614e+01
   endloop
 endfacet
 facet normal -0.000000e+00 -1.000000e+00  0.000000e+00
   outer loop
     vertex -1.100719e+00  0.000000e+00  3.308922e+01
     vertex -7.500000e+00  0.000000e+00  3.500000e+01
     vertex -1.172846e+00  0.000000e+00  3.305864e+01
   endloop
 endfacet
 facet normal -0.000000e+00 -1.000000e+00  0.000000e+00
   outer loop
     vertex -1.027849e+00  0.000000e+00  3.311785e+01
     vertex -7.500000e+00  0.000000e+00  3.500000e+01
     vertex -1.100719e+00  0.000000e+00  3.308922e+01
   endloop
 endfacet
 facet normal -0.000000e+00 -1.000000e+00  0.000000e+00
   outer loop
     vertex -9.542859e-01  0.000000e+00  3.314451e+01
     vertex -7.500000e+00  0.000000e+00  3.500000e+01
     vertex -1.027849e+00  0.000000e+00  3.311785e+01
   endloop
 endfacet
 facet normal -0.000000e+00 -1.000000e+00  0.000000e+00
   outer loop
     vertex -8.800783e-01  0.000000e+00  3.316918e+01
     vertex -7.500000e+00  0.000000e+00  3.500000e+01
     vertex -9.542859e-01  0.000000e+00  3.314451e+01
   endloop
 endfacet
 facet normal -0.000000e+00 -1.000000e+00  0.000000e+00
   outer loop
     vertex -8.052766e-01  0.000000e+00  3.319185e+01
     vertex -7.500000e+00  0.000000e+00  3.500000e+01
     vertex -8.800783e-01  0.000000e+00  3.316918e+01
   endloop
 endfacet
 facet normal -0.000000e+00 -1.000000e+00  0.000000e+00
   outer loop
     vertex -7.299315e-01  0.000000e+00  3.321249e+01
     vertex -7.500000e+00  0.000000e+00  3.500000e+01
     vertex -8.052766e-01  0.000000e+00  3.319185e+01
   endloop
 endfacet
 facet normal -0.000000e+00 -1.000000e+00  0.000000e+00
   outer loop
     vertex -6.540936e-01  0.000000e+00  3.323111e+01
     vertex -7.500000e+00  0.000000e+00  3.500000e+01
     vertex -7.299315e-01  0.000000e+00  3.321249e+01
   endloop
 endfacet
 facet normal -0.000000e+00 -1.000000e+00  0.000000e+00
   outer loop
     vertex -5.778143e-01  0.000000e+00  3.324768e+01
     vertex -7.500000e+00  0.000000e+00  3.500000e+01
     vertex -6.540936e-01  0.000000e+00  3.323111e+01
   endloop
 endfacet
 facet normal -0.000000e+00 -1.000000e+00  0.000000e+00
   outer loop
     vertex -5.011450e-01  0.000000e+00  3.326219e+01
     vertex -7.500000e+00  0.000000e+00  3.500000e+01
     vertex -5.778143e-01  0.000000e+00  3.324768e+01
   endloop
 endfacet
 facet normal -0.000000e+00 -1.000000e+00  0.000000e+00
   outer loop
     vertex -4.241374e-01  0.000000e+00  3.327463e+01
     vertex -7.500000e+00  0.000000e+00  3.500000e+01
     vertex -5.011450e-01  0.000000e+00  3.326219e+01
   endloop
 endfacet
 facet normal -0.000000e+00 -1.000000e+00  0.000000e+00
   outer loop
     vertex -3.468436e-01  0.000000e+00  3.328500e+01
     vertex -7.500000e+00  0.000000e+00  3.500000e+01
     vertex -4.241374e-01  0.000000e+00  3.327463e+01
   endloop
 endfacet
 facet normal -0.000000e+00 -1.000000e+00  0.000000e+00
   outer loop
     vertex -2.693156e-01  0.000000e+00  3.329329e+01
     vertex -7.500000e+00  0.000000e+00  3.500000e+01
     vertex -3.468436e-01  0.000000e+00  3.328500e+01
   endloop
 endfacet
 facet normal -0.000000e+00 -1.000000e+00  0.000000e+00
   outer loop
     vertex -1.916059e-01  0.000000e+00  3.329949e+01
     vertex -7.500000e+00  0.000000e+00  3.500000e+01
     vertex -2.693156e-01  0.000000e+00  3.329329e+01
   endloop
 endfacet
 facet normal -0.000000e+00 -1.000000e+00  0.000000e+00
   outer loop
     vertex -1.137668e-01  0.000000e+00  3.330359e+01
     vertex -7.500000e+00  0.000000e+00  3.500000e+01
     vertex -1.916059e-01  0.000000e+00  3.329949e+01
   endloop
 endfacet
 facet normal  1.011395e-16 -1.000000e+00  1.878605e-16
   outer loop
     vertex  3.000000e+00  4.435067e-15  3.020000e+01
     vertex  1.385753e+00  0.000000e+00  7.460769e+00
     vertex  1.458227e+00  0.000000e+00  7.421750e+00
   endloop
 endfacet
 facet normal  9.481240e-17 -1.000000e+00  1.883096e-16
   outer loop
     vertex  3.000000e+00  4.435067e-15  3.020000e+01
     vertex  1.312236e+00  0.000000e+00  7.497784e+00
     vertex  1.385753e+00  0.000000e+00  7.460769e+00
   endloop
 endfacet
 facet normal  8.863807e-17 -1.000000e+00  1.887686e-16
   outer loop
     vertex  3.000000e+00  4.435067e-15  3.020000e+01
     vertex  1.237731e+00  0.000000e+00  7.532768e+00
     vertex  1.312236e+00  0.000000e+00  7.497784e+00
   endloop
 endfacet
 facet normal  8.260050e-17 -1.000000e+00  1.892380e-16
   outer loop
     vertex  3.000000e+00  4.435067e-15  3.020000e+01
     vertex  1.162294e+00  0.000000e+00  7.565696e+00
     vertex  1.237731e+00  0.000000e+00  7.532768e+00
   endloop
 endfacet
 facet normal  7.668483e-17 -1.000000e+00  1.897183e-16
   outer loop
     vertex  3.000000e+00  4.435067e-15  3.020000e+01
     vertex  1.085982e+00  0.000000e+00  7.596541e+00
     vertex  1.162294e+00  0.000000e+00  7.565696e+00
   endloop
 endfacet
 facet normal  7.087716e-17 -1.000000e+00  1.902101e-16
   outer loop
     vertex  3.000000e+00  4.435067e-15  3.020000e+01
     vertex  1.008853e+00  0.000000e+00  7.625282e+00
     vertex  1.085982e+00  0.000000e+00  7.596541e+00
   endloop
 endfacet
 facet normal  6.516448e-17 -1.000000e+00  1.907140e-16
   outer loop
     vertex  3.000000e+00  4.435067e-15  3.020000e+01
     vertex  9.309643e-01  0.000000e+00  7.651895e+00
     vertex  1.008853e+00  0.000000e+00  7.625282e+00
   endloop
 endfacet
 facet normal  5.953452e-17 -1.000000e+00  1.912306e-16
   outer loop
     vertex  3.000000e+00  4.435067e-15  3.020000e+01
     vertex  8.523749e-01  0.000000e+00  7.676362e+00
     vertex  9.309643e-01  0.000000e+00  7.651895e+00
   endloop
 endfacet
 facet normal  5.397561e-17 -1.000000e+00  1.917606e-16
   outer loop
     vertex  3.000000e+00  4.435067e-15  3.020000e+01
     vertex  7.731438e-01  0.000000e+00  7.698663e+00
     vertex  8.523749e-01  0.000000e+00  7.676362e+00
   endloop
 endfacet
 facet normal  4.847663e-17 -1.000000e+00  1.923049e-16
   outer loop
     vertex  3.000000e+00  4.435067e-15  3.020000e+01
     vertex  6.933307e-01  0.000000e+00  7.718783e+00
     vertex  7.731438e-01  0.000000e+00  7.698663e+00
   endloop
 endfacet
 facet normal  4.302688e-17 -1.000000e+00  1.928640e-16
   outer loop
     vertex  3.000000e+00  4.435067e-15  3.020000e+01
     vertex  6.129958e-01  0.000000e+00  7.736705e+00
     vertex  6.933307e-01  0.000000e+00  7.718783e+00
   endloop
 endfacet
 facet normal  3.761603e-17 -1.000000e+00  1.934390e-16
   outer loop
     vertex  3.000000e+00  4.435067e-15  3.020000e+01
     vertex  5.321993e-01  0.000000e+00  7.752417e+00
     vertex  6.129958e-01  0.000000e+00  7.736705e+00
   endloop
 endfacet
 facet normal  3.223401e-17 -1.000000e+00  1.940307e-16
   outer loop
     vertex  3.000000e+00  4.435067e-15  3.020000e+01
     vertex  4.510023e-01  0.000000e+00  7.765906e+00
     vertex  5.321993e-01  0.000000e+00  7.752417e+00
   endloop
 endfacet
 facet normal  2.687096e-17 -1.000000e+00  1.946400e-16
   outer loop
     vertex  3.000000e+00  4.435067e-15  3.020000e+01
     vertex  3.694657e-01  0.000000e+00  7.777162e+00
     vertex  4.510023e-01  0.000000e+00  7.765906e+00
   endloop
 endfacet
 facet normal  2.151713e-17 -1.000000e+00  1.952681e-16
   outer loop
     vertex  3.000000e+00  4.435067e-15  3.020000e+01
     vertex  2.876511e-01  0.000000e+00  7.786178e+00
     vertex  3.694657e-01  0.000000e+00  7.777162e+00
   endloop
 endfacet
 facet normal  1.616285e-17 -1.000000e+00  1.959160e-16
   outer loop
     vertex  3.000000e+00  4.435067e-15  3.020000e+01
     vertex  2.056198e-01  0.000000e+00  7.792945e+00
     vertex  2.876511e-01  0.000000e+00  7.786178e+00
   endloop
 endfacet
 facet normal  1.079844e-17 -1.000000e+00  1.965850e-16
   outer loop
     vertex  3.000000e+00  4.435067e-15  3.020000e+01
     vertex  1.234339e-01  0.000000e+00  7.797460e+00
     vertex  2.056198e-01  0.000000e+00  7.792945e+00
   endloop
 endfacet
 facet normal  5.414128e-18 -1.000000e+00  1.972764e-16
   outer loop
     vertex  3.000000e+00  4.435067e-15  3.020000e+01
     vertex  4.115494e-02  0.000000e+00  7.799718e+00
     vertex  1.234339e-01  0.000000e+00  7.797460e+00
   endloop
 endfacet
 facet normal  0.000000e+00 -1.000000e+00  1.979916e-16
   outer loop
     vertex  3.000000e+00  4.435067e-15  3.020000e+01
     vertex -4.115494e-02  0.000000e+00  7.799718e+00
     vertex  4.115494e-02  0.000000e+00  7.799718e+00
   endloop
 endfacet
 facet normal  2.577318e-17 -1.000000e+00  1.944925e-16
   outer loop
     vertex  3.000000e+00  4.435067e-15  3.020000e+01
     vertex -3.000000e+00  4.280428e-15  3.020000e+01
     vertex -4.115494e-02  0.000000e+00  7.799718e+00
   endloop
 endfacet
 facet normal  2.744690e-16 -1.000000e+00  1.810210e-16
   outer loop
     vertex  3.000000e+00  4.435067e-15  3.020000e+01
     vertex  2.481473e+00  0.000000e+00  6.485910e+00
     vertex  2.526790e+00  0.000000e+00  6.417198e+00
   endloop
 endfacet
 facet normal  2.592114e-16 -1.000000e+00  1.813546e-16
   outer loop
     vertex  3.000000e+00  4.435067e-15  3.020000e+01
     vertex  2.434288e+00  0.000000e+00  6.553352e+00
     vertex  2.481473e+00  0.000000e+00  6.485910e+00
   endloop
 endfacet
 facet normal  2.450935e-16 -1.000000e+00  1.816923e-16
   outer loop
     vertex  3.000000e+00  4.435067e-15  3.020000e+01
     vertex  2.385270e+00  0.000000e+00  6.619474e+00
     vertex  2.434288e+00  0.000000e+00  6.553352e+00
   endloop
 endfacet
 facet normal  2.319713e-16 -1.000000e+00  1.820344e-16
   outer loop
     vertex  3.000000e+00  4.435067e-15  3.020000e+01
     vertex  2.334457e+00  0.000000e+00  6.684227e+00
     vertex  2.385270e+00  0.000000e+00  6.619474e+00
   endloop
 endfacet
 facet normal  2.197233e-16 -1.000000e+00  1.823811e-16
   outer loop
     vertex  3.000000e+00  4.435067e-15  3.020000e+01
     vertex  2.281886e+00  0.000000e+00  6.747562e+00
     vertex  2.334457e+00  0.000000e+00  6.684227e+00
   endloop
 endfacet
 facet normal  2.082464e-16 -1.000000e+00  1.827325e-16
   outer loop
     vertex  3.000000e+00  4.435067e-15  3.020000e+01
     vertex  2.227598e+00  0.000000e+00  6.809430e+00
     vertex  2.281886e+00  0.000000e+00  6.747562e+00
   endloop
 endfacet
 facet normal  1.974522e-16 -1.000000e+00  1.830889e-16
   outer loop
     vertex  3.000000e+00  4.435067e-15  3.020000e+01
     vertex  2.171632e+00  0.000000e+00  6.869786e+00
     vertex  2.227598e+00  0.000000e+00  6.809430e+00
   endloop
 endfacet
 facet normal  1.872651e-16 -1.000000e+00  1.834506e-16
   outer loop
     vertex  3.000000e+00  4.435067e-15  3.020000e+01
     vertex  2.114032e+00  0.000000e+00  6.928583e+00
     vertex  2.171632e+00  0.000000e+00  6.869786e+00
   endloop
 endfacet
 facet normal  1.776192e-16 -1.000000e+00  1.838179e-16
   outer loop
     vertex  3.000000e+00  4.435067e-15  3.020000e+01
     vertex  2.054841e+00  0.000000e+00  6.985779e+00
     vertex  2.114032e+00  0.000000e+00  6.928583e+00
   endloop
 endfacet
 facet normal  1.684573e-16 -1.000000e+00  1.841909e-16
   outer loop
     vertex  3.000000e+00  4.435067e-15  3.020000e+01
     vertex  1.994103e+00  0.000000e+00  7.041329e+00
     vertex  2.054841e+00  0.000000e+00  6.985779e+00
   endloop
 endfacet
 facet normal  1.597294e-16 -1.000000e+00  1.845700e-16
   outer loop
     vertex  3.000000e+00  4.435067e-15  3.020000e+01
     vertex  1.931864e+00  0.000000e+00  7.095191e+00
     vertex  1.994103e+00  0.000000e+00  7.041329e+00
   endloop
 endfacet
 facet normal  1.513913e-16 -1.000000e+00  1.849554e-16
   outer loop
     vertex  3.000000e+00  4.435067e-15  3.020000e+01
     vertex  1.868170e+00  0.000000e+00  7.147326e+00
     vertex  1.931864e+00  0.000000e+00  7.095191e+00
   endloop
 endfacet
 facet normal  1.434041e-16 -1.000000e+00  1.853476e-16
   outer loop
     vertex  3.000000e+00  4.435067e-15  3.020000e+01
     vertex  1.803070e+00  0.000000e+00  7.197694e+00
     vertex  1.868170e+00  0.000000e+00  7.147326e+00
   endloop
 endfacet
 facet normal  1.357331e-16 -1.000000e+00  1.857468e-16
   outer loop
     vertex  3.000000e+00  4.435067e-15  3.020000e+01
     vertex  1.736613e+00  0.000000e+00  7.246257e+00
     vertex  1.803070e+00  0.000000e+00  7.197694e+00
   endloop
 endfacet
 facet normal  1.283474e-16 -1.000000e+00  1.861533e-16
   outer loop
     vertex  3.000000e+00  4.435067e-15  3.020000e+01
     vertex  1.668849e+00  0.000000e+00  7.292979e+00
     vertex  1.736613e+00  0.000000e+00  7.246257e+00
   endloop
 endfacet
 facet normal  1.212190e-16 -1.000000e+00  1.865675e-16
   outer loop
     vertex  3.000000e+00  4.435067e-15  3.020000e+01
     vertex  1.599828e+00  0.000000e+00  7.337824e+00
     vertex  1.668849e+00  0.000000e+00  7.292979e+00
   endloop
 endfacet
 facet normal  1.143230e-16 -1.000000e+00  1.869898e-16
   outer loop
     vertex  3.000000e+00  4.435067e-15  3.020000e+01
     vertex  1.529603e+00  0.000000e+00  7.380758e+00
     vertex  1.599828e+00  0.000000e+00  7.337824e+00
   endloop
 endfacet
 facet normal  1.076368e-16 -1.000000e+00  1.874207e-16
   outer loop
     vertex  3.000000e+00  4.435067e-15  3.020000e+01
     vertex  1.458227e+00  0.000000e+00  7.421750e+00
     vertex  1.529603e+00  0.000000e+00  7.380758e+00
   endloop
 endfacet
 facet normal -0.000000e+00 -1.000000e+00  0.000000e+00
   outer loop
     vertex -3.585095e-02  0.000000e+00  3.330561e+01
     vertex -7.500000e+00  0.000000e+00  3.500000e+01
     vertex -1.137668e-01  0.000000e+00  3.330359e+01
   endloop
 endfacet
 facet normal  0.000000e+00 -1.000000e+00  0.000000e+00
   outer loop
     vertex  7.500000e+00  0.000000e+00  3.500000e+01
     vertex  6.601808e-01  0.000000e+00  3.322969e+01
     vertex  7.359811e-01  0.000000e+00  3.321092e+01
   endloop
 endfacet
 facet normal  0.000000e+00 -1.000000e+00  0.000000e+00
   outer loop
     vertex  7.500000e+00  0.000000e+00  3.500000e+01
     vertex  7.359811e-01  0.000000e+00  3.321092e+01
     vertex  8.112846e-01  0.000000e+00  3.319011e+01
   endloop
 endfacet
 facet normal  0.000000e+00 -1.000000e+00  0.000000e+00
   outer loop
     vertex  7.500000e+00  0.000000e+00  3.500000e+01
     vertex  8.112846e-01  0.000000e+00  3.319011e+01
     vertex  8.860406e-01  0.000000e+00  3.316728e+01
   endloop
 endfacet
 facet normal  0.000000e+00 -1.000000e+00  0.000000e+00
   outer loop
     vertex  7.500000e+00  0.000000e+00  3.500000e+01
     vertex  8.860406e-01  0.000000e+00  3.316728e+01
     vertex  9.601984e-01  0.000000e+00  3.314245e+01
   endloop
 endfacet
 facet normal  0.000000e+00 -1.000000e+00  0.000000e+00
   outer loop
     vertex  7.500000e+00  0.000000e+00  3.500000e+01
     vertex  9.601984e-01  0.000000e+00  3.314245e+01
     vertex  1.033708e+00  0.000000e+00  3.311563e+01
   endloop
 endfacet
 facet normal  0.000000e+00 -1.000000e+00  0.000000e+00
   outer loop
     vertex  7.500000e+00  0.000000e+00  3.500000e+01
     vertex  1.033708e+00  0.000000e+00  3.311563e+01
     vertex  1.106520e+00  0.000000e+00  3.308685e+01
   endloop
 endfacet
 facet normal  0.000000e+00 -1.000000e+00  0.000000e+00
   outer loop
     vertex  7.500000e+00  0.000000e+00  3.500000e+01
     vertex  1.106520e+00  0.000000e+00  3.308685e+01
     vertex  1.178586e+00  0.000000e+00  3.305611e+01
   endloop
 endfacet
 facet normal  0.000000e+00 -1.000000e+00  0.000000e+00
   outer loop
     vertex  7.500000e+00  0.000000e+00  3.500000e+01
     vertex  1.178586e+00  0.000000e+00  3.305611e+01
     vertex  1.249855e+00  0.000000e+00  3.302345e+01
   endloop
 endfacet
 facet normal  0.000000e+00 -1.000000e+00  0.000000e+00
   outer loop
     vertex  7.500000e+00  0.000000e+00  3.500000e+01
     vertex  1.249855e+00  0.000000e+00  3.302345e+01
     vertex  1.320281e+00  0.000000e+00  3.298888e+01
   endloop
 endfacet
 facet normal  0.000000e+00 -1.000000e+00  0.000000e+00
   outer loop
     vertex  7.500000e+00  0.000000e+00  3.500000e+01
     vertex  1.320281e+00  0.000000e+00  3.298888e+01
     vertex  1.389816e+00  0.000000e+00  3.295244e+01
   endloop
 endfacet
 facet normal  0.000000e+00 -1.000000e+00  0.000000e+00
   outer loop
     vertex  7.500000e+00  0.000000e+00  3.500000e+01
     vertex  1.389816e+00  0.000000e+00  3.295244e+01
     vertex  1.458413e+00  0.000000e+00  3.291413e+01
   endloop
 endfacet
 facet normal  0.000000e+00 -1.000000e+00  0.000000e+00
   outer loop
     vertex  7.500000e+00  0.000000e+00  3.500000e+01
     vertex  1.458413e+00  0.000000e+00  3.291413e+01
     vertex  1.526026e+00  0.000000e+00  3.287399e+01
   endloop
 endfacet
 facet normal  0.000000e+00 -1.000000e+00  0.000000e+00
   outer loop
     vertex  7.500000e+00  0.000000e+00  3.500000e+01
     vertex  1.526026e+00  0.000000e+00  3.287399e+01
     vertex  1.592608e+00  0.000000e+00  3.283205e+01
   endloop
 endfacet
 facet normal  0.000000e+00 -1.000000e+00  0.000000e+00
   outer loop
     vertex  7.500000e+00  0.000000e+00  3.500000e+01
     vertex  1.592608e+00  0.000000e+00  3.283205e+01
     vertex  1.658116e+00  0.000000e+00  3.278833e+01
   endloop
 endfacet
 facet normal  0.000000e+00 -1.000000e+00  0.000000e+00
   outer loop
     vertex  7.500000e+00  0.000000e+00  3.500000e+01
     vertex  1.658116e+00  0.000000e+00  3.278833e+01
     vertex  1.722504e+00  0.000000e+00  3.274286e+01
   endloop
 endfacet
 facet normal  0.000000e+00 -1.000000e+00  0.000000e+00
   outer loop
     vertex  7.500000e+00  0.000000e+00  3.500000e+01
     vertex  1.722504e+00  0.000000e+00  3.274286e+01
     vertex  1.785730e+00  0.000000e+00  3.269567e+01
   endloop
 endfacet
 facet normal  0.000000e+00 -1.000000e+00  0.000000e+00
   outer loop
     vertex  7.500000e+00  0.000000e+00  3.500000e+01
     vertex  1.785730e+00  0.000000e+00  3.269567e+01
     vertex  1.847751e+00  0.000000e+00  3.264681e+01
   endloop
 endfacet
 facet normal  0.000000e+00 -1.000000e+00  0.000000e+00
   outer loop
     vertex  7.500000e+00  0.000000e+00  3.500000e+01
     vertex  1.847751e+00  0.000000e+00  3.264681e+01
     vertex  1.908524e+00  0.000000e+00  3.259629e+01
   endloop
 endfacet
 facet normal  0.000000e+00 -1.000000e+00  0.000000e+00
   outer loop
     vertex  7.500000e+00  0.000000e+00  3.500000e+01
     vertex  1.908524e+00  0.000000e+00  3.259629e+01
     vertex  1.968009e+00  0.000000e+00  3.254415e+01
   endloop
 endfacet
 facet normal  0.000000e+00 -1.000000e+00  0.000000e+00
   outer loop
     vertex  7.500000e+00  0.000000e+00  3.500000e+01
     vertex  1.968009e+00  0.000000e+00  3.254415e+01
     vertex  2.026166e+00  0.000000e+00  3.249043e+01
   endloop
 endfacet
 facet normal  0.000000e+00 -1.000000e+00  0.000000e+00
   outer loop
     vertex  7.500000e+00  0.000000e+00  3.500000e+01
     vertex  2.026166e+00  0.000000e+00  3.249043e+01
     vertex  2.082955e+00  0.000000e+00  3.243517e+01
   endloop
 endfacet
 facet normal  0.000000e+00 -1.000000e+00  0.000000e+00
   outer loop
     vertex  7.500000e+00  0.000000e+00  3.500000e+01
     vertex  2.082955e+00  0.000000e+00  3.243517e+01
     vertex  2.138338e+00  0.000000e+00  3.237839e+01
   endloop
 endfacet
 facet normal  0.000000e+00 -1.000000e+00  0.000000e+00
   outer loop
     vertex  7.500000e+00  0.000000e+00  3.500000e+01
     vertex  2.138338e+00  0.000000e+00  3.237839e+01
     vertex  2.192278e+00  0.000000e+00  3.232015e+01
   endloop
 endfacet
 facet normal  0.000000e+00 -1.000000e+00  0.000000e+00
   outer loop
     vertex  7.500000e+00  0.000000e+00  3.500000e+01
     vertex  2.192278e+00  0.000000e+00  3.232015e+01
     vertex  2.244739e+00  0.000000e+00  3.226047e+01
   endloop
 endfacet
 facet normal  0.000000e+00 -1.000000e+00  0.000000e+00
   outer loop
     vertex  7.500000e+00  0.000000e+00  3.500000e+01
     vertex  2.244739e+00  0.000000e+00  3.226047e+01
     vertex  2.295684e+00  0.000000e+00  3.219941e+01
   endloop
 endfacet
 facet normal  0.000000e+00 -1.000000e+00  0.000000e+00
   outer loop
     vertex  7.500000e+00  0.000000e+00  3.500000e+01
     vertex  2.295684e+00  0.000000e+00  3.219941e+01
     vertex  2.345079e+00  0.000000e+00  3.213699e+01
   endloop
 endfacet
 facet normal  0.000000e+00 -1.000000e+00  0.000000e+00
   outer loop
     vertex  7.500000e+00  0.000000e+00  3.500000e+01
     vertex  2.345079e+00  0.000000e+00  3.213699e+01
     vertex  2.392892e+00  0.000000e+00  3.207327e+01
   endloop
 endfacet
 facet normal  0.000000e+00 -1.000000e+00  0.000000e+00
   outer loop
     vertex  7.500000e+00  0.000000e+00  3.500000e+01
     vertex  2.392892e+00  0.000000e+00  3.207327e+01
     vertex  2.439090e+00  0.000000e+00  3.200828e+01
   endloop
 endfacet
 facet normal  0.000000e+00 -1.000000e+00  0.000000e+00
   outer loop
     vertex  7.500000e+00  0.000000e+00  3.500000e+01
     vertex  2.439090e+00  0.000000e+00  3.200828e+01
     vertex  2.483641e+00  0.000000e+00  3.194207e+01
   endloop
 endfacet
 facet normal  0.000000e+00 -1.000000e+00  0.000000e+00
   outer loop
     vertex  7.500000e+00  0.000000e+00  3.500000e+01
     vertex  2.483641e+00  0.000000e+00  3.194207e+01
     vertex  2.526517e+00  0.000000e+00  3.187469e+01
   endloop
 endfacet
 facet normal  0.000000e+00 -1.000000e+00  0.000000e+00
   outer loop
     vertex  7.500000e+00  0.000000e+00  3.500000e+01
     vertex  2.526517e+00  0.000000e+00  3.187469e+01
     vertex  2.567686e+00  0.000000e+00  3.180618e+01
   endloop
 endfacet
 facet normal  0.000000e+00 -1.000000e+00  0.000000e+00
   outer loop
     vertex  7.500000e+00  0.000000e+00  3.500000e+01
     vertex  2.567686e+00  0.000000e+00  3.180618e+01
     vertex  2.607123e+00  0.000000e+00  3.173658e+01
   endloop
 endfacet
 facet normal  0.000000e+00 -1.000000e+00  0.000000e+00
   outer loop
     vertex  7.500000e+00  0.000000e+00  3.500000e+01
     vertex  2.607123e+00  0.000000e+00  3.173658e+01
     vertex  2.644800e+00  0.000000e+00  3.166594e+01
   endloop
 endfacet
 facet normal  0.000000e+00 -1.000000e+00  0.000000e+00
   outer loop
     vertex  7.500000e+00  0.000000e+00  3.500000e+01
     vertex  2.644800e+00  0.000000e+00  3.166594e+01
     vertex  2.680692e+00  0.000000e+00  3.159432e+01
   endloop
 endfacet
 facet normal  0.000000e+00 -1.000000e+00  0.000000e+00
   outer loop
     vertex  7.500000e+00  0.000000e+00  3.500000e+01
     vertex  2.680692e+00  0.000000e+00  3.159432e+01
     vertex  2.714774e+00  0.000000e+00  3.152175e+01
   endloop
 endfacet
 facet normal  0.000000e+00 -1.000000e+00  0.000000e+00
   outer loop
     vertex  7.500000e+00  0.000000e+00  3.500000e+01
     vertex  2.714774e+00  0.000000e+00  3.152175e+01
     vertex  2.747024e+00  0.000000e+00  3.144829e+01
   endloop
 endfacet
 facet normal  0.000000e+00 -1.000000e+00  0.000000e+00
   outer loop
     vertex  7.500000e+00  0.000000e+00  3.500000e+01
     vertex  2.747024e+00  0.000000e+00  3.144829e+01
     vertex  2.777420e+00  0.000000e+00  3.137399e+01
   endloop
 endfacet
 facet normal  0.000000e+00 -1.000000e+00  0.000000e+00
   outer loop
     vertex  7.500000e+00  0.000000e+00  3.500000e+01
     vertex  2.777420e+00  0.000000e+00  3.137399e+01
     vertex  2.805942e+00  0.000000e+00  3.129890e+01
   endloop
 endfacet
 facet normal  0.000000e+00 -1.000000e+00  0.000000e+00
   outer loop
     vertex  7.500000e+00  0.000000e+00  3.500000e+01
     vertex  2.805942e+00  0.000000e+00  3.129890e+01
     vertex  2.832569e+00  0.000000e+00  3.122307e+01
   endloop
 endfacet
 facet normal  0.000000e+00 -1.000000e+00  0.000000e+00
   outer loop
     vertex  7.500000e+00  0.000000e+00  3.500000e+01
     vertex  2.832569e+00  0.000000e+00  3.122307e+01
     vertex  2.857285e+00  0.000000e+00  3.114654e+01
   endloop
 endfacet
 facet normal  0.000000e+00 -1.000000e+00  0.000000e+00
   outer loop
     vertex  7.500000e+00  0.000000e+00  3.500000e+01
     vertex  2.857285e+00  0.000000e+00  3.114654e+01
     vertex  2.880072e+00  0.000000e+00  3.106938e+01
   endloop
 endfacet
 facet normal  0.000000e+00 -1.000000e+00  0.000000e+00
   outer loop
     vertex  7.500000e+00  0.000000e+00  3.500000e+01
     vertex  2.880072e+00  0.000000e+00  3.106938e+01
     vertex  2.900915e+00  0.000000e+00  3.099163e+01
   endloop
 endfacet
 facet normal  0.000000e+00 -1.000000e+00  0.000000e+00
   outer loop
     vertex  7.500000e+00  0.000000e+00  3.500000e+01
     vertex  2.900915e+00  0.000000e+00  3.099163e+01
     vertex  2.919800e+00  0.000000e+00  3.091334e+01
   endloop
 endfacet
 facet normal  0.000000e+00 -1.000000e+00  0.000000e+00
   outer loop
     vertex  7.500000e+00  0.000000e+00  3.500000e+01
     vertex  2.919800e+00  0.000000e+00  3.091334e+01
     vertex  2.936714e+00  0.000000e+00  3.083458e+01
   endloop
 endfacet
 facet normal  0.000000e+00 -1.000000e+00  0.000000e+00
   outer loop
     vertex  7.500000e+00  0.000000e+00  3.500000e+01
     vertex  2.936714e+00  0.000000e+00  3.083458e+01
     vertex  2.951646e+00  0.000000e+00  3.075538e+01
   endloop
 endfacet
 facet normal  0.000000e+00 -1.000000e+00  0.000000e+00
   outer loop
     vertex  7.500000e+00  0.000000e+00  3.500000e+01
     vertex  2.951646e+00  0.000000e+00  3.075538e+01
     vertex  2.964586e+00  0.000000e+00  3.067581e+01
   endloop
 endfacet
 facet normal  0.000000e+00 -1.000000e+00  0.000000e+00
   outer loop
     vertex  7.500000e+00  0.000000e+00  3.500000e+01
     vertex  2.964586e+00  0.000000e+00  3.067581e+01
     vertex  2.975525e+00  0.000000e+00  3.059592e+01
   endloop
 endfacet
 facet normal  0.000000e+00 -1.000000e+00  0.000000e+00
   outer loop
     vertex  7.500000e+00  0.000000e+00  3.500000e+01
     vertex  2.975525e+00  0.000000e+00  3.059592e+01
     vertex  2.984455e+00  0.000000e+00  3.051576e+01
   endloop
 endfacet
 facet normal  0.000000e+00 -1.000000e+00  0.000000e+00
   outer loop
     vertex  7.500000e+00  0.000000e+00  3.500000e+01
     vertex  2.984455e+00  0.000000e+00  3.051576e+01
     vertex  2.991371e+00  0.000000e+00  3.043539e+01
   endloop
 endfacet
 facet normal  0.000000e+00 -1.000000e+00  0.000000e+00
   outer loop
     vertex  7.500000e+00  0.000000e+00  3.500000e+01
     vertex  2.991371e+00  0.000000e+00  3.043539e+01
     vertex  2.996268e+00  0.000000e+00  3.035486e+01
   endloop
 endfacet
 facet normal  0.000000e+00 -1.000000e+00  0.000000e+00
   outer loop
     vertex  7.500000e+00  0.000000e+00  3.500000e+01
     vertex  2.996268e+00  0.000000e+00  3.035486e+01
     vertex  2.999067e+00  0.000000e+00  3.027745e+01
   endloop
 endfacet
 facet normal  5.932982e-14 -1.000000e+00 -5.654568e-14
   outer loop
     vertex  7.500000e+00  0.000000e+00  3.500000e+01
     vertex  2.999067e+00  0.000000e+00  3.027745e+01
     vertex  3.000000e+00  4.435067e-15  3.020000e+01
   endloop
 endfacet
 facet normal -0.000000e+00 -1.000000e+00  0.000000e+00
   outer loop
     vertex  7.500000e+00  0.000000e+00  3.500000e+01
     vertex -7.500000e+00  0.000000e+00  3.500000e+01
     vertex -3.585095e-02  0.000000e+00  3.330561e+01
   endloop
 endfacet
 facet normal  0.000000e+00 -1.000000e+00  0.000000e+00
   outer loop
     vertex  7.500000e+00  0.000000e+00  3.500000e+01
     vertex -3.585095e-02  0.000000e+00  3.330561e+01
     vertex  4.208911e-02  0.000000e+00  3.330552e+01
   endloop
 endfacet
 facet normal  0.000000e+00 -1.000000e+00  0.000000e+00
   outer loop
     vertex  7.500000e+00  0.000000e+00  3.500000e+01
     vertex  4.208911e-02  0.000000e+00  3.330552e+01
     vertex  1.200007e-01  0.000000e+00  3.330334e+01
   endloop
 endfacet
 facet normal  0.000000e+00 -1.000000e+00  0.000000e+00
   outer loop
     vertex  7.500000e+00  0.000000e+00  3.500000e+01
     vertex  1.200007e-01  0.000000e+00  3.330334e+01
     vertex  1.978314e-01  0.000000e+00  3.329907e+01
   endloop
 endfacet
 facet normal  0.000000e+00 -1.000000e+00  0.000000e+00
   outer loop
     vertex  7.500000e+00  0.000000e+00  3.500000e+01
     vertex  1.978314e-01  0.000000e+00  3.329907e+01
     vertex  2.755285e-01  0.000000e+00  3.329270e+01
   endloop
 endfacet
 facet normal  0.000000e+00 -1.000000e+00  0.000000e+00
   outer loop
     vertex  7.500000e+00  0.000000e+00  3.500000e+01
     vertex  2.755285e-01  0.000000e+00  3.329270e+01
     vertex  3.530397e-01  0.000000e+00  3.328425e+01
   endloop
 endfacet
 facet normal  0.000000e+00 -1.000000e+00  0.000000e+00
   outer loop
     vertex  7.500000e+00  0.000000e+00  3.500000e+01
     vertex  3.530397e-01  0.000000e+00  3.328425e+01
     vertex  4.303125e-01  0.000000e+00  3.327371e+01
   endloop
 endfacet
 facet normal  0.000000e+00 -1.000000e+00  0.000000e+00
   outer loop
     vertex  7.500000e+00  0.000000e+00  3.500000e+01
     vertex  4.303125e-01  0.000000e+00  3.327371e+01
     vertex  5.072949e-01  0.000000e+00  3.326110e+01
   endloop
 endfacet
 facet normal  0.000000e+00 -1.000000e+00  0.000000e+00
   outer loop
     vertex  7.500000e+00  0.000000e+00  3.500000e+01
     vertex  5.072949e-01  0.000000e+00  3.326110e+01
     vertex  5.839349e-01  0.000000e+00  3.324643e+01
   endloop
 endfacet
 facet normal  0.000000e+00 -1.000000e+00  0.000000e+00
   outer loop
     vertex  7.500000e+00  0.000000e+00  3.500000e+01
     vertex  5.839349e-01  0.000000e+00  3.324643e+01
     vertex  6.601808e-01  0.000000e+00  3.322969e+01
   endloop
 endfacet
 facet normal -9.855704e-16 -1.000000e+00 -0.000000e+00
   outer loop
     vertex  7.500000e+00  0.000000e+00  3.500000e+01
     vertex  3.000000e+00  4.435067e-15  3.020000e+01
     vertex  7.500000e+00  0.000000e+00  0.000000e+00
   endloop
 endfacet
 facet normal  2.321632e-16 -1.000000e+00  1.814504e-16
   outer loop
     vertex  3.000000e+00  4.435067e-15  3.020000e+01
     vertex  2.651201e+00  0.000000e+00  6.203971e+00
     vertex  7.500000e+00  0.000000e+00  0.000000e+00
   endloop
 endfacet
 facet normal  3.289920e-16 -1.000000e+00  1.800429e-16
   outer loop
     vertex  3.000000e+00  4.435067e-15  3.020000e+01
     vertex  2.611686e+00  0.000000e+00  6.276176e+00
     vertex  2.651201e+00  0.000000e+00  6.203971e+00
   endloop
 endfacet
 facet normal  3.091286e-16 -1.000000e+00  1.803653e-16
   outer loop
     vertex  3.000000e+00  4.435067e-15  3.020000e+01
     vertex  2.570206e+00  0.000000e+00  6.347270e+00
     vertex  2.611686e+00  0.000000e+00  6.276176e+00
   endloop
 endfacet
 facet normal  2.910387e-16 -1.000000e+00  1.806913e-16
   outer loop
     vertex  3.000000e+00  4.435067e-15  3.020000e+01
     vertex  2.526790e+00  0.000000e+00  6.417198e+00
     vertex  2.570206e+00  0.000000e+00  6.347270e+00
   endloop
 endfacet
 facet normal  0.000000e+00  0.000000e+00  1.000000e+00
   outer loop
     vertex  7.500000e+00  4.000000e+00  3.500000e+01
     vertex -7.500000e+00  4.000000e+00  3.500000e+01
     vertex -7.500000e+00  0.000000e+00  3.500000e+01
   endloop
 endfacet
 facet normal  0.000000e+00  0.000000e+00  1.000000e+00
   outer loop
     vertex  7.500000e+00  4.000000e+00  3.500000e+01
     vertex -7.500000e+00  0.000000e+00  3.500000e+01
     vertex  7.500000e+00  0.000000e+00  3.500000e+01
   endloop
 endfacet
 facet normal  0.000000e+00  1.000000e+00  0.000000e+00
   outer loop
     vertex -4.000000e+00  4.000000e+00  8.000000e+00
     vertex -4.000000e+00  4.000000e+00  0.000000e+00
     vertex -7.500000e+00  4.000000e+00  0.000000e+00
   endloop
 endfacet
 facet normal  0.000000e+00  1.000000e+00  0.000000e+00
   outer loop
     vertex  4.000000e+00  4.000000e+00  8.000000e+00
     vertex  7.500000e+00  4.000000e+00  0.000000e+00
     vertex  4.000000e+00  4.000000e+00  0.000000e+00
   endloop
 endfacet
 facet normal  0.000000e+00  1.000000e+00  0.000000e+00
   outer loop
     vertex -7.500000e+00  4.000000e+00  3.500000e+01
     vertex  4.000000e+00  4.000000e+00  8.000000e+00
     vertex -4.000000e+00  4.000000e+00  8.000000e+00
   endloop
 endfacet
 facet normal  0.000000e+00  1.000000e+00  0.000000e+00
   outer loop
     vertex -7.500000e+00  4.000000e+00  3.500000e+01
     vertex -4.000000e+00  4.000000e+00  8.000000e+00
     vertex -7.500000e+00  4.000000e+00  0.000000e+00
   endloop
 endfacet
 facet normal  0.000000e+00  1.000000e+00  0.000000e+00
   outer loop
     vertex  7.500000e+00  4.000000e+00  3.500000e+01
     vertex  4.000000e+00  4.000000e+00  8.000000e+00
     vertex -7.500000e+00  4.000000e+00  3.500000e+01
   endloop
 endfacet
 facet normal  0.000000e+00  1.000000e+00  0.000000e+00
   outer loop
     vertex  7.500000e+00  4.000000e+00  3.500000e+01
     vertex  7.500000e+00  4.000000e+00  0.000000e+00
     vertex  4.000000e+00  4.000000e+00  8.000000e+00
   endloop
 endfacet
 facet normal  1.000000e+00  0.000000e+00  0.000000e+00
   outer loop
     vertex  7.500000e+00  4.000000e+00  3.500000e+01
     vertex  7.500000e+00  0.000000e+00  0.000000e+00
     vertex  7.500000e+00  4.000000e+00  0.000000e+00
   endloop
 endfacet
 facet normal  1.000000e+00 -0.000000e+00  0.000000e+00
   outer loop
     vertex  7.500000e+00  0.000000e+00  3.500000e+01
     vertex  7.500000e+00  0.000000e+00  0.000000e+00
     vertex  7.500000e+00  4.000000e+00  3.500000e+01
   endloop
 endfacet
 facet normal  1.371831e-02  0.000000e+00 -9.999059e-01
   outer loop
     vertex -7.347881e-16 -1.000000e+01  1.800000e+00
     vertex -7.347881e-16  0.000000e+00  1.800000e+00
     vertex  8.230214e-02  0.000000e+00  1.801129e+00
   endloop
 endfacet
 facet normal  1.371831e-02  0.000000e+00 -9.999059e-01
   outer loop
     vertex  8.230214e-02 -1.000000e+01  1.801129e+00
     vertex -7.347881e-16 -1.000000e+01  1.800000e+00
     vertex  8.230214e-02  0.000000e+00  1.801129e+00
   endloop
 endfacet
 facet normal  4.114462e-02  0.000000e+00 -9.991532e-01
   outer loop
     vertex  1.645423e-01 -1.000000e+01  1.804516e+00
     vertex  8.230214e-02  0.000000e+00  1.801129e+00
     vertex  1.645423e-01  0.000000e+00  1.804516e+00
   endloop
 endfacet
 facet normal  6.853995e-02  0.000000e+00 -9.976484e-01
   outer loop
     vertex  1.645423e-01 -1.000000e+01  1.804516e+00
     vertex  1.645423e-01  0.000000e+00  1.804516e+00
     vertex  2.466587e-01  0.000000e+00  1.810157e+00
   endloop
 endfacet
 facet normal  4.114462e-02  0.000000e+00 -9.991532e-01
   outer loop
     vertex  1.645423e-01 -1.000000e+01  1.804516e+00
     vertex  8.230214e-02 -1.000000e+01  1.801129e+00
     vertex  8.230214e-02  0.000000e+00  1.801129e+00
   endloop
 endfacet
 facet normal  6.853995e-02  0.000000e+00 -9.976484e-01
   outer loop
     vertex  2.466587e-01 -1.000000e+01  1.810157e+00
     vertex  1.645423e-01 -1.000000e+01  1.804516e+00
     vertex  2.466587e-01  0.000000e+00  1.810157e+00
   endloop
 endfacet
 facet normal  9.588368e-02  0.000000e+00 -9.953925e-01
   outer loop
     vertex  3.285893e-01 -1.000000e+01  1.818049e+00
     vertex  2.466587e-01  0.000000e+00  1.810157e+00
     vertex  3.285893e-01  0.000000e+00  1.818049e+00
   endloop
 endfacet
 facet normal  9.588368e-02  0.000000e+00 -9.953925e-01
   outer loop
     vertex  3.285893e-01 -1.000000e+01  1.818049e+00
     vertex  2.466587e-01 -1.000000e+01  1.810157e+00
     vertex  2.466587e-01  0.000000e+00  1.810157e+00
   endloop
 endfacet
 facet normal  1.231552e-01  0.000000e+00 -9.923874e-01
   outer loop
     vertex  4.102726e-01 -1.000000e+01  1.828186e+00
     vertex  3.285893e-01  0.000000e+00  1.818049e+00
     vertex  4.102726e-01  0.000000e+00  1.828186e+00
   endloop
 endfacet
 facet normal  1.503341e-01  0.000000e+00 -9.886353e-01
   outer loop
     vertex  4.102726e-01 -1.000000e+01  1.828186e+00
     vertex  4.102726e-01  0.000000e+00  1.828186e+00
     vertex  4.916471e-01  0.000000e+00  1.840560e+00
   endloop
 endfacet
 facet normal  1.231552e-01  0.000000e+00 -9.923874e-01
   outer loop
     vertex  4.102726e-01 -1.000000e+01  1.828186e+00
     vertex  3.285893e-01 -1.000000e+01  1.818049e+00
     vertex  3.285893e-01  0.000000e+00  1.818049e+00
   endloop
 endfacet
 facet normal  1.503341e-01  0.000000e+00 -9.886353e-01
   outer loop
     vertex  4.916471e-01 -1.000000e+01  1.840560e+00
     vertex  4.102726e-01 -1.000000e+01  1.828186e+00
     vertex  4.916471e-01  0.000000e+00  1.840560e+00
   endloop
 endfacet
 facet normal  1.773998e-01  0.000000e+00 -9.841389e-01
   outer loop
     vertex  5.726514e-01 -1.000000e+01  1.855162e+00
     vertex  4.916471e-01  0.000000e+00  1.840560e+00
     vertex  5.726514e-01  0.000000e+00  1.855162e+00
   endloop
 endfacet
 facet normal  1.773998e-01  0.000000e+00 -9.841389e-01
   outer loop
     vertex  5.726514e-01 -1.000000e+01  1.855162e+00
     vertex  4.916471e-01 -1.000000e+01  1.840560e+00
     vertex  4.916471e-01  0.000000e+00  1.840560e+00
   endloop
 endfacet
 facet normal  2.043319e-01  0.000000e+00 -9.789017e-01
   outer loop
     vertex  6.532247e-01 -1.000000e+01  1.871981e+00
     vertex  5.726514e-01  0.000000e+00  1.855162e+00
     vertex  6.532247e-01  0.000000e+00  1.871981e+00
   endloop
 endfacet
 facet normal  2.043319e-01  0.000000e+00 -9.789017e-01
   outer loop
     vertex  6.532247e-01 -1.000000e+01  1.871981e+00
     vertex  5.726514e-01 -1.000000e+01  1.855162e+00
     vertex  5.726514e-01  0.000000e+00  1.855162e+00
   endloop
 endfacet
 facet normal  2.311102e-01  0.000000e+00 -9.729276e-01
   outer loop
     vertex  7.333063e-01 -1.000000e+01  1.891003e+00
     vertex  6.532247e-01  0.000000e+00  1.871981e+00
     vertex  7.333063e-01  0.000000e+00  1.891003e+00
   endloop
 endfacet
 facet normal  2.311102e-01  0.000000e+00 -9.729276e-01
   outer loop
     vertex  7.333063e-01 -1.000000e+01  1.891003e+00
     vertex  6.532247e-01 -1.000000e+01  1.871981e+00
     vertex  6.532247e-01  0.000000e+00  1.871981e+00
   endloop
 endfacet
 facet normal  2.577146e-01  0.000000e+00 -9.662211e-01
   outer loop
     vertex  8.128358e-01 -1.000000e+01  1.912216e+00
     vertex  7.333063e-01 -1.000000e+01  1.891003e+00
     vertex  7.333063e-01  0.000000e+00  1.891003e+00
   endloop
 endfacet
 facet normal  2.577146e-01  0.000000e+00 -9.662211e-01
   outer loop
     vertex  8.128358e-01 -1.000000e+01  1.912216e+00
     vertex  7.333063e-01  0.000000e+00  1.891003e+00
     vertex  8.128358e-01  0.000000e+00  1.912216e+00
   endloop
 endfacet
 facet normal  2.841250e-01  0.000000e+00 -9.587873e-01
   outer loop
     vertex  8.128358e-01 -1.000000e+01  1.912216e+00
     vertex  8.128358e-01  0.000000e+00  1.912216e+00
     vertex  8.917535e-01  0.000000e+00  1.935602e+00
   endloop
 endfacet
 facet normal  2.841250e-01  0.000000e+00 -9.587873e-01
   outer loop
     vertex  8.917535e-01 -1.000000e+01  1.935602e+00
     vertex  8.128358e-01 -1.000000e+01  1.912216e+00
     vertex  8.917535e-01  0.000000e+00  1.935602e+00
   endloop
 endfacet
 facet normal  3.103214e-01  0.000000e+00 -9.506317e-01
   outer loop
     vertex  8.917535e-01 -1.000000e+01  1.935602e+00
     vertex  8.917535e-01  0.000000e+00  1.935602e+00
     vertex  9.699999e-01  0.000000e+00  1.961145e+00
   endloop
 endfacet
 facet normal  3.103214e-01  0.000000e+00 -9.506317e-01
   outer loop
     vertex  9.699999e-01 -1.000000e+01  1.961145e+00
     vertex  8.917535e-01 -1.000000e+01  1.935602e+00
     vertex  9.699999e-01  0.000000e+00  1.961145e+00
   endloop
 endfacet
 facet normal  3.362843e-01  0.000000e+00 -9.417605e-01
   outer loop
     vertex  1.047516e+00 -1.000000e+01  1.988824e+00
     vertex  9.699999e-01 -1.000000e+01  1.961145e+00
     vertex  9.699999e-01  0.000000e+00  1.961145e+00
   endloop
 endfacet
 facet normal  3.362843e-01  0.000000e+00 -9.417605e-01
   outer loop
     vertex  1.047516e+00 -1.000000e+01  1.988824e+00
     vertex  9.699999e-01  0.000000e+00  1.961145e+00
     vertex  1.047516e+00  0.000000e+00  1.988824e+00
   endloop
 endfacet
 facet normal  3.619940e-01  0.000000e+00 -9.321804e-01
   outer loop
     vertex  1.047516e+00 -1.000000e+01  1.988824e+00
     vertex  1.047516e+00  0.000000e+00  1.988824e+00
     vertex  1.124244e+00  0.000000e+00  2.018620e+00
   endloop
 endfacet
 facet normal  3.619940e-01  0.000000e+00 -9.321804e-01
   outer loop
     vertex  1.124244e+00 -1.000000e+01  2.018620e+00
     vertex  1.047516e+00 -1.000000e+01  1.988824e+00
     vertex  1.124244e+00  0.000000e+00  2.018620e+00
   endloop
 endfacet
 facet normal  3.874313e-01  0.000000e+00 -9.218986e-01
   outer loop
     vertex  1.200125e+00 -1.000000e+01  2.050509e+00
     vertex  1.124244e+00 -1.000000e+01  2.018620e+00
     vertex  1.124244e+00  0.000000e+00  2.018620e+00
   endloop
 endfacet
 facet normal  3.874313e-01  0.000000e+00 -9.218986e-01
   outer loop
     vertex  1.200125e+00 -1.000000e+01  2.050509e+00
     vertex  1.124244e+00  0.000000e+00  2.018620e+00
     vertex  1.200125e+00  0.000000e+00  2.050509e+00
   endloop
 endfacet
 facet normal  4.125769e-01  0.000000e+00 -9.109228e-01
   outer loop
     vertex  1.275103e+00 -1.000000e+01  2.084468e+00
     vertex  1.200125e+00 -1.000000e+01  2.050509e+00
     vertex  1.200125e+00  0.000000e+00  2.050509e+00
   endloop
 endfacet
 facet normal  4.125769e-01  0.000000e+00 -9.109228e-01
   outer loop
     vertex  1.275103e+00 -1.000000e+01  2.084468e+00
     vertex  1.200125e+00  0.000000e+00  2.050509e+00
     vertex  1.275103e+00  0.000000e+00  2.084468e+00
   endloop
 endfacet
 facet normal  4.374119e-01  0.000000e+00 -8.992613e-01
   outer loop
     vertex  1.349121e+00 -1.000000e+01  2.120472e+00
     vertex  1.275103e+00 -1.000000e+01  2.084468e+00
     vertex  1.275103e+00  0.000000e+00  2.084468e+00
   endloop
 endfacet
 facet normal  4.374119e-01  0.000000e+00 -8.992613e-01
   outer loop
     vertex  1.349121e+00 -1.000000e+01  2.120472e+00
     vertex  1.275103e+00  0.000000e+00  2.084468e+00
     vertex  1.349121e+00  0.000000e+00  2.120472e+00
   endloop
 endfacet
 facet normal  4.619176e-01  0.000000e+00 -8.869228e-01
   outer loop
     vertex  1.422124e+00 -1.000000e+01  2.158492e+00
     vertex  1.349121e+00 -1.000000e+01  2.120472e+00
     vertex  1.349121e+00  0.000000e+00  2.120472e+00
   endloop
 endfacet
 facet normal  4.619176e-01  0.000000e+00 -8.869228e-01
   outer loop
     vertex  1.422124e+00 -1.000000e+01  2.158492e+00
     vertex  1.349121e+00  0.000000e+00  2.120472e+00
     vertex  1.422124e+00  0.000000e+00  2.158492e+00
   endloop
 endfacet
 facet normal  4.860756e-01  0.000000e+00 -8.739167e-01
   outer loop
     vertex  1.494056e+00 -1.000000e+01  2.198501e+00
     vertex  1.422124e+00 -1.000000e+01  2.158492e+00
     vertex  1.422124e+00  0.000000e+00  2.158492e+00
   endloop
 endfacet
 facet normal  4.860756e-01  0.000000e+00 -8.739167e-01
   outer loop
     vertex  1.494056e+00 -1.000000e+01  2.198501e+00
     vertex  1.422124e+00  0.000000e+00  2.158492e+00
     vertex  1.494056e+00  0.000000e+00  2.198501e+00
   endloop
 endfacet
 facet normal  5.098678e-01  0.000000e+00 -8.602528e-01
   outer loop
     vertex  1.564863e+00 -1.000000e+01  2.240468e+00
     vertex  1.494056e+00 -1.000000e+01  2.198501e+00
     vertex  1.494056e+00  0.000000e+00  2.198501e+00
   endloop
 endfacet
 facet normal  5.098678e-01  0.000000e+00 -8.602528e-01
   outer loop
     vertex  1.564863e+00 -1.000000e+01  2.240468e+00
     vertex  1.494056e+00  0.000000e+00  2.198501e+00
     vertex  1.564863e+00  0.000000e+00  2.240468e+00
   endloop
 endfacet
 facet normal  5.332761e-01  0.000000e+00 -8.459413e-01
   outer loop
     vertex  1.634492e+00 -1.000000e+01  2.284362e+00
     vertex  1.564863e+00 -1.000000e+01  2.240468e+00
     vertex  1.564863e+00  0.000000e+00  2.240468e+00
   endloop
 endfacet
 facet normal  5.332761e-01  0.000000e+00 -8.459413e-01
   outer loop
     vertex  1.634492e+00 -1.000000e+01  2.284362e+00
     vertex  1.564863e+00  0.000000e+00  2.240468e+00
     vertex  1.634492e+00  0.000000e+00  2.284362e+00
   endloop
 endfacet
 facet normal  5.562829e-01  0.000000e+00 -8.309929e-01
   outer loop
     vertex  1.702891e+00 -1.000000e+01  2.330150e+00
     vertex  1.634492e+00  0.000000e+00  2.284362e+00
     vertex  1.702891e+00  0.000000e+00  2.330150e+00
   endloop
 endfacet
 facet normal  5.562829e-01  0.000000e+00 -8.309929e-01
   outer loop
     vertex  1.702891e+00 -1.000000e+01  2.330150e+00
     vertex  1.634492e+00 -1.000000e+01  2.284362e+00
     vertex  1.634492e+00  0.000000e+00  2.284362e+00
   endloop
 endfacet
 facet normal  5.788711e-01  0.000000e+00 -8.154191e-01
   outer loop
     vertex  1.770008e+00 -1.000000e+01  2.377796e+00
     vertex  1.702891e+00  0.000000e+00  2.330150e+00
     vertex  1.770008e+00  0.000000e+00  2.377796e+00
   endloop
 endfacet
 facet normal  5.788711e-01  0.000000e+00 -8.154191e-01
   outer loop
     vertex  1.770008e+00 -1.000000e+01  2.377796e+00
     vertex  1.702891e+00 -1.000000e+01  2.330150e+00
     vertex  1.702891e+00  0.000000e+00  2.330150e+00
   endloop
 endfacet
 facet normal  6.010234e-01  0.000000e+00 -7.992314e-01
   outer loop
     vertex  1.835793e+00 -1.000000e+01  2.427267e+00
     vertex  1.770008e+00  0.000000e+00  2.377796e+00
     vertex  1.835793e+00  0.000000e+00  2.427267e+00
   endloop
 endfacet
 facet normal  6.010234e-01  0.000000e+00 -7.992314e-01
   outer loop
     vertex  1.835793e+00 -1.000000e+01  2.427267e+00
     vertex  1.770008e+00 -1.000000e+01  2.377796e+00
     vertex  1.770008e+00  0.000000e+00  2.377796e+00
   endloop
 endfacet
 facet normal  6.227234e-01  0.000000e+00 -7.824421e-01
   outer loop
     vertex  1.900196e+00 -1.000000e+01  2.478523e+00
     vertex  1.835793e+00  0.000000e+00  2.427267e+00
     vertex  1.900196e+00  0.000000e+00  2.478523e+00
   endloop
 endfacet
 facet normal  6.439545e-01  0.000000e+00 -7.650637e-01
   outer loop
     vertex  1.900196e+00 -1.000000e+01  2.478523e+00
     vertex  1.900196e+00  0.000000e+00  2.478523e+00
     vertex  1.963168e+00  0.000000e+00  2.531527e+00
   endloop
 endfacet
 facet normal  6.227234e-01  0.000000e+00 -7.824421e-01
   outer loop
     vertex  1.900196e+00 -1.000000e+01  2.478523e+00
     vertex  1.835793e+00 -1.000000e+01  2.427267e+00
     vertex  1.835793e+00  0.000000e+00  2.427267e+00
   endloop
 endfacet
 facet normal  6.439545e-01  0.000000e+00 -7.650637e-01
   outer loop
     vertex  1.963168e+00 -1.000000e+01  2.531527e+00
     vertex  1.900196e+00 -1.000000e+01  2.478523e+00
     vertex  1.963168e+00  0.000000e+00  2.531527e+00
   endloop
 endfacet
 facet normal  6.647010e-01  0.000000e+00 -7.471095e-01
   outer loop
     vertex  2.024663e+00 -1.000000e+01  2.586238e+00
     vertex  1.963168e+00  0.000000e+00  2.531527e+00
     vertex  2.024663e+00  0.000000e+00  2.586238e+00
   endloop
 endfacet
 facet normal  6.647010e-01  0.000000e+00 -7.471095e-01
   outer loop
     vertex  2.024663e+00 -1.000000e+01  2.586238e+00
     vertex  1.963168e+00 -1.000000e+01  2.531527e+00
     vertex  1.963168e+00  0.000000e+00  2.531527e+00
   endloop
 endfacet
 facet normal  6.849470e-01  0.000000e+00 -7.285929e-01
   outer loop
     vertex  2.084633e+00 -1.000000e+01  2.642616e+00
     vertex  2.024663e+00  0.000000e+00  2.586238e+00
     vertex  2.084633e+00  0.000000e+00  2.642616e+00
   endloop
 endfacet
 facet normal  6.849470e-01  0.000000e+00 -7.285929e-01
   outer loop
     vertex  2.084633e+00 -1.000000e+01  2.642616e+00
     vertex  2.024663e+00 -1.000000e+01  2.586238e+00
     vertex  2.024663e+00  0.000000e+00  2.586238e+00
   endloop
 endfacet
 facet normal  7.046775e-01  0.000000e+00 -7.095278e-01
   outer loop
     vertex  2.143034e+00 -1.000000e+01  2.700618e+00
     vertex  2.084633e+00  0.000000e+00  2.642616e+00
     vertex  2.143034e+00  0.000000e+00  2.700618e+00
   endloop
 endfacet
 facet normal  7.046775e-01  0.000000e+00 -7.095278e-01
   outer loop
     vertex  2.143034e+00 -1.000000e+01  2.700618e+00
     vertex  2.084633e+00 -1.000000e+01  2.642616e+00
     vertex  2.084633e+00  0.000000e+00  2.642616e+00
   endloop
 endfacet
 facet normal  7.238775e-01  0.000000e+00 -6.899286e-01
   outer loop
     vertex  2.199822e+00 -1.000000e+01  2.760200e+00
     vertex  2.143034e+00  0.000000e+00  2.700618e+00
     vertex  2.199822e+00  0.000000e+00  2.760200e+00
   endloop
 endfacet
 facet normal  7.238775e-01  0.000000e+00 -6.899286e-01
   outer loop
     vertex  2.199822e+00 -1.000000e+01  2.760200e+00
     vertex  2.143034e+00 -1.000000e+01  2.700618e+00
     vertex  2.143034e+00  0.000000e+00  2.700618e+00
   endloop
 endfacet
 facet normal  7.425325e-01  0.000000e+00 -6.698100e-01
   outer loop
     vertex  2.254954e+00 -1.000000e+01  2.821318e+00
     vertex  2.199822e+00  0.000000e+00  2.760200e+00
     vertex  2.254954e+00  0.000000e+00  2.821318e+00
   endloop
 endfacet
 facet normal  7.425325e-01  0.000000e+00 -6.698100e-01
   outer loop
     vertex  2.254954e+00 -1.000000e+01  2.821318e+00
     vertex  2.199822e+00 -1.000000e+01  2.760200e+00
     vertex  2.199822e+00  0.000000e+00  2.760200e+00
   endloop
 endfacet
 facet normal  7.606287e-01  0.000000e+00 -6.491872e-01
   outer loop
     vertex  2.308389e+00 -1.000000e+01  2.883925e+00
     vertex  2.254954e+00  0.000000e+00  2.821318e+00
     vertex  2.308389e+00  0.000000e+00  2.883925e+00
   endloop
 endfacet
 facet normal  7.606287e-01  0.000000e+00 -6.491872e-01
   outer loop
     vertex  2.308389e+00 -1.000000e+01  2.883925e+00
     vertex  2.254954e+00 -1.000000e+01  2.821318e+00
     vertex  2.254954e+00  0.000000e+00  2.821318e+00
   endloop
 endfacet
 facet normal  7.781522e-01  0.000000e+00 -6.280757e-01
   outer loop
     vertex  2.360085e+00 -1.000000e+01  2.947975e+00
     vertex  2.308389e+00  0.000000e+00  2.883925e+00
     vertex  2.360085e+00  0.000000e+00  2.947975e+00
   endloop
 endfacet
 facet normal  7.781522e-01  0.000000e+00 -6.280757e-01
   outer loop
     vertex  2.360085e+00 -1.000000e+01  2.947975e+00
     vertex  2.308389e+00 -1.000000e+01  2.883925e+00
     vertex  2.308389e+00  0.000000e+00  2.883925e+00
   endloop
 endfacet
 facet normal  7.950900e-01  0.000000e+00 -6.064915e-01
   outer loop
     vertex  2.410006e+00 -1.000000e+01  3.013419e+00
     vertex  2.360085e+00  0.000000e+00  2.947975e+00
     vertex  2.410006e+00  0.000000e+00  3.013419e+00
   endloop
 endfacet
 facet normal  7.950900e-01  0.000000e+00 -6.064915e-01
   outer loop
     vertex  2.410006e+00 -1.000000e+01  3.013419e+00
     vertex  2.360085e+00 -1.000000e+01  2.947975e+00
     vertex  2.360085e+00  0.000000e+00  2.947975e+00
   endloop
 endfacet
 facet normal  8.114292e-01  0.000000e+00 -5.844507e-01
   outer loop
     vertex  2.458112e+00 -1.000000e+01  3.080207e+00
     vertex  2.410006e+00  0.000000e+00  3.013419e+00
     vertex  2.458112e+00  0.000000e+00  3.080207e+00
   endloop
 endfacet
 facet normal  8.114292e-01  0.000000e+00 -5.844507e-01
   outer loop
     vertex  2.458112e+00 -1.000000e+01  3.080207e+00
     vertex  2.410006e+00 -1.000000e+01  3.013419e+00
     vertex  2.410006e+00  0.000000e+00  3.013419e+00
   endloop
 endfacet
 facet normal  8.271577e-01  0.000000e+00 -5.619699e-01
   outer loop
     vertex  2.504367e+00 -1.000000e+01  3.148291e+00
     vertex  2.458112e+00 -1.000000e+01  3.080207e+00
     vertex  2.458112e+00  0.000000e+00  3.080207e+00
   endloop
 endfacet
 facet normal  8.271577e-01  0.000000e+00 -5.619699e-01
   outer loop
     vertex  2.504367e+00 -1.000000e+01  3.148291e+00
     vertex  2.458112e+00  0.000000e+00  3.080207e+00
     vertex  2.504367e+00  0.000000e+00  3.148291e+00
   endloop
 endfacet
 facet normal  8.422635e-01  0.000000e+00 -5.390661e-01
   outer loop
     vertex  2.504367e+00 -1.000000e+01  3.148291e+00
     vertex  2.504367e+00  0.000000e+00  3.148291e+00
     vertex  2.548738e+00  0.000000e+00  3.217617e+00
   endloop
 endfacet
 facet normal  8.422635e-01  0.000000e+00 -5.390661e-01
   outer loop
     vertex  2.548738e+00 -1.000000e+01  3.217617e+00
     vertex  2.504367e+00 -1.000000e+01  3.148291e+00
     vertex  2.548738e+00  0.000000e+00  3.217617e+00
   endloop
 endfacet
 facet normal  8.567352e-01  0.000000e+00 -5.157565e-01
   outer loop
     vertex  2.548738e+00 -1.000000e+01  3.217617e+00
     vertex  2.548738e+00  0.000000e+00  3.217617e+00
     vertex  2.591190e+00  0.000000e+00  3.288135e+00
   endloop
 endfacet
 facet normal  8.567352e-01  0.000000e+00 -5.157565e-01
   outer loop
     vertex  2.591190e+00 -1.000000e+01  3.288135e+00
     vertex  2.548738e+00 -1.000000e+01  3.217617e+00
     vertex  2.591190e+00  0.000000e+00  3.288135e+00
   endloop
 endfacet
 facet normal  8.705620e-01  0.000000e+00 -4.920587e-01
   outer loop
     vertex  2.631691e+00 -1.000000e+01  3.359791e+00
     vertex  2.591190e+00 -1.000000e+01  3.288135e+00
     vertex  2.591190e+00  0.000000e+00  3.288135e+00
   endloop
 endfacet
 facet normal  8.705620e-01  0.000000e+00 -4.920587e-01
   outer loop
     vertex  2.631691e+00 -1.000000e+01  3.359791e+00
     vertex  2.591190e+00  0.000000e+00  3.288135e+00
     vertex  2.631691e+00  0.000000e+00  3.359791e+00
   endloop
 endfacet
 facet normal  8.837335e-01  0.000000e+00 -4.679904e-01
   outer loop
     vertex  2.670211e+00 -1.000000e+01  3.432531e+00
     vertex  2.631691e+00 -1.000000e+01  3.359791e+00
     vertex  2.631691e+00  0.000000e+00  3.359791e+00
   endloop
 endfacet
 facet normal  8.837335e-01  0.000000e+00 -4.679904e-01
   outer loop
     vertex  2.670211e+00 -1.000000e+01  3.432531e+00
     vertex  2.631691e+00  0.000000e+00  3.359791e+00
     vertex  2.670211e+00  0.000000e+00  3.432531e+00
   endloop
 endfacet
 facet normal  8.962398e-01  0.000000e+00 -4.435699e-01
   outer loop
     vertex  2.706721e+00 -1.000000e+01  3.506300e+00
     vertex  2.670211e+00 -1.000000e+01  3.432531e+00
     vertex  2.670211e+00  0.000000e+00  3.432531e+00
   endloop
 endfacet
 facet normal  8.962398e-01  0.000000e+00 -4.435699e-01
   outer loop
     vertex  2.706721e+00 -1.000000e+01  3.506300e+00
     vertex  2.670211e+00  0.000000e+00  3.432531e+00
     vertex  2.706721e+00  0.000000e+00  3.506300e+00
   endloop
 endfacet
 facet normal  9.080714e-01  0.000000e+00 -4.188155e-01
   outer loop
     vertex  2.741194e+00 -1.000000e+01  3.581043e+00
     vertex  2.706721e+00 -1.000000e+01  3.506300e+00
     vertex  2.706721e+00  0.000000e+00  3.506300e+00
   endloop
 endfacet
 facet normal  9.080714e-01  0.000000e+00 -4.188155e-01
   outer loop
     vertex  2.741194e+00 -1.000000e+01  3.581043e+00
     vertex  2.706721e+00  0.000000e+00  3.506300e+00
     vertex  2.741194e+00  0.000000e+00  3.581043e+00
   endloop
 endfacet
 facet normal  9.192194e-01  0.000000e+00 -3.937458e-01
   outer loop
     vertex  2.773603e+00 -1.000000e+01  3.656704e+00
     vertex  2.741194e+00 -1.000000e+01  3.581043e+00
     vertex  2.741194e+00  0.000000e+00  3.581043e+00
   endloop
 endfacet
 facet normal  9.192194e-01  0.000000e+00 -3.937458e-01
   outer loop
     vertex  2.773603e+00 -1.000000e+01  3.656704e+00
     vertex  2.741194e+00  0.000000e+00  3.581043e+00
     vertex  2.773603e+00  0.000000e+00  3.656704e+00
   endloop
 endfacet
 facet normal  9.296754e-01  0.000000e+00 -3.683796e-01
   outer loop
     vertex  2.803925e+00 -1.000000e+01  3.733226e+00
     vertex  2.773603e+00 -1.000000e+01  3.656704e+00
     vertex  2.773603e+00  0.000000e+00  3.656704e+00
   endloop
 endfacet
 facet normal  9.296754e-01  0.000000e+00 -3.683796e-01
   outer loop
     vertex  2.803925e+00 -1.000000e+01  3.733226e+00
     vertex  2.773603e+00  0.000000e+00  3.656704e+00
     vertex  2.803925e+00  0.000000e+00  3.733226e+00
   endloop
 endfacet
 facet normal  9.394317e-01  0.000000e+00 -3.427362e-01
   outer loop
     vertex  2.832135e+00 -1.000000e+01  3.810550e+00
     vertex  2.803925e+00 -1.000000e+01  3.733226e+00
     vertex  2.803925e+00  0.000000e+00  3.733226e+00
   endloop
 endfacet
 facet normal  9.394317e-01  0.000000e+00 -3.427362e-01
   outer loop
     vertex  2.832135e+00 -1.000000e+01  3.810550e+00
     vertex  2.803925e+00  0.000000e+00  3.733226e+00
     vertex  2.832135e+00  0.000000e+00  3.810550e+00
   endloop
 endfacet
 facet normal  9.484807e-01  0.000000e+00 -3.168348e-01
   outer loop
     vertex  2.858214e+00 -1.000000e+01  3.888620e+00
     vertex  2.832135e+00 -1.000000e+01  3.810550e+00
     vertex  2.832135e+00  0.000000e+00  3.810550e+00
   endloop
 endfacet
 facet normal  9.484807e-01  0.000000e+00 -3.168348e-01
   outer loop
     vertex  2.858214e+00 -1.000000e+01  3.888620e+00
     vertex  2.832135e+00  0.000000e+00  3.810550e+00
     vertex  2.858214e+00  0.000000e+00  3.888620e+00
   endloop
 endfacet
 facet normal  9.568158e-01  0.000000e+00 -2.906949e-01
   outer loop
     vertex  2.882141e+00 -1.000000e+01  3.967375e+00
     vertex  2.858214e+00 -1.000000e+01  3.888620e+00
     vertex  2.858214e+00  0.000000e+00  3.888620e+00
   endloop
 endfacet
 facet normal  9.568158e-01  0.000000e+00 -2.906949e-01
   outer loop
     vertex  2.882141e+00 -1.000000e+01  3.967375e+00
     vertex  2.858214e+00  0.000000e+00  3.888620e+00
     vertex  2.882141e+00  0.000000e+00  3.967375e+00
   endloop
 endfacet
 facet normal  9.644306e-01  0.000000e+00 -2.643362e-01
   outer loop
     vertex  2.882141e+00 -1.000000e+01  3.967375e+00
     vertex  2.882141e+00  0.000000e+00  3.967375e+00
     vertex  2.903898e+00  0.000000e+00  4.046757e+00
   endloop
 endfacet
 facet normal  9.644306e-01  0.000000e+00 -2.643362e-01
   outer loop
     vertex  2.903898e+00 -1.000000e+01  4.046757e+00
     vertex  2.882141e+00 -1.000000e+01  3.967375e+00
     vertex  2.903898e+00  0.000000e+00  4.046757e+00
   endloop
 endfacet
 facet normal  9.713194e-01  0.000000e+00 -2.377784e-01
   outer loop
     vertex  2.903898e+00 -1.000000e+01  4.046757e+00
     vertex  2.903898e+00  0.000000e+00  4.046757e+00
     vertex  2.923470e+00  0.000000e+00  4.126706e+00
   endloop
 endfacet
 facet normal  9.713194e-01  0.000000e+00 -2.377784e-01
   outer loop
     vertex  2.923470e+00 -1.000000e+01  4.126706e+00
     vertex  2.903898e+00 -1.000000e+01  4.046757e+00
     vertex  2.923470e+00  0.000000e+00  4.126706e+00
   endloop
 endfacet
 facet normal  9.774771e-01  0.000000e+00 -2.110417e-01
   outer loop
     vertex  2.940841e+00 -1.000000e+01  4.207162e+00
     vertex  2.923470e+00 -1.000000e+01  4.126706e+00
     vertex  2.923470e+00  0.000000e+00  4.126706e+00
   endloop
 endfacet
 facet normal  9.774771e-01  0.000000e+00 -2.110417e-01
   outer loop
     vertex  2.940841e+00 -1.000000e+01  4.207162e+00
     vertex  2.923470e+00  0.000000e+00  4.126706e+00
     vertex  2.940841e+00  0.000000e+00  4.207162e+00
   endloop
 endfacet
 facet normal  9.828989e-01  0.000000e+00 -1.841461e-01
   outer loop
     vertex  2.940841e+00 -1.000000e+01  4.207162e+00
     vertex  2.940841e+00  0.000000e+00  4.207162e+00
     vertex  2.955998e+00  0.000000e+00  4.288065e+00
   endloop
 endfacet
 facet normal  9.828989e-01  0.000000e+00 -1.841461e-01
   outer loop
     vertex  2.955998e+00 -1.000000e+01  4.288065e+00
     vertex  2.940841e+00 -1.000000e+01  4.207162e+00
     vertex  2.955998e+00  0.000000e+00  4.288065e+00
   endloop
 endfacet
 facet normal  9.875808e-01  0.000000e+00 -1.571119e-01
   outer loop
     vertex  2.955998e+00 -1.000000e+01  4.288065e+00
     vertex  2.955998e+00  0.000000e+00  4.288065e+00
     vertex  2.968930e+00  0.000000e+00  4.369352e+00
   endloop
 endfacet
 facet normal  9.875808e-01  0.000000e+00 -1.571119e-01
   outer loop
     vertex  2.968930e+00 -1.000000e+01  4.369352e+00
     vertex  2.955998e+00 -1.000000e+01  4.288065e+00
     vertex  2.968930e+00  0.000000e+00  4.369352e+00
   endloop
 endfacet
 facet normal  9.915193e-01  0.000000e+00 -1.299594e-01
   outer loop
     vertex  2.979626e+00 -1.000000e+01  4.450964e+00
     vertex  2.968930e+00 -1.000000e+01  4.369352e+00
     vertex  2.968930e+00  0.000000e+00  4.369352e+00
   endloop
 endfacet
 facet normal  9.915193e-01  0.000000e+00 -1.299594e-01
   outer loop
     vertex  2.979626e+00 -1.000000e+01  4.450964e+00
     vertex  2.968930e+00  0.000000e+00  4.369352e+00
     vertex  2.979626e+00  0.000000e+00  4.450964e+00
   endloop
 endfacet
 facet normal  9.947114e-01  0.000000e+00 -1.027091e-01
   outer loop
     vertex  2.979626e+00 -1.000000e+01  4.450964e+00
     vertex  2.979626e+00  0.000000e+00  4.450964e+00
     vertex  2.988080e+00  0.000000e+00  4.532839e+00
   endloop
 endfacet
 facet normal  9.947114e-01  0.000000e+00 -1.027091e-01
   outer loop
     vertex  2.988080e+00 -1.000000e+01  4.532839e+00
     vertex  2.979626e+00 -1.000000e+01  4.450964e+00
     vertex  2.988080e+00  0.000000e+00  4.532839e+00
   endloop
 endfacet
 facet normal  9.971548e-01  0.000000e+00 -7.538152e-02
   outer loop
     vertex  2.994285e+00 -1.000000e+01  4.614915e+00
     vertex  2.988080e+00 -1.000000e+01  4.532839e+00
     vertex  2.988080e+00  0.000000e+00  4.532839e+00
   endloop
 endfacet
 facet normal  9.971548e-01  0.000000e+00 -7.538152e-02
   outer loop
     vertex  2.994285e+00 -1.000000e+01  4.614915e+00
     vertex  2.988080e+00  0.000000e+00  4.532839e+00
     vertex  2.994285e+00  0.000000e+00  4.614915e+00
   endloop
 endfacet
 facet normal  9.988475e-01  0.000000e+00 -4.799716e-02
   outer loop
     vertex  2.994285e+00 -1.000000e+01  4.614915e+00
     vertex  2.994285e+00  0.000000e+00  4.614915e+00
     vertex  2.998236e+00  0.000000e+00  4.697130e+00
   endloop
 endfacet
 facet normal  9.997883e-01  0.000000e+00 -2.057667e-02
   outer loop
     vertex  2.998236e+00 -1.000000e+01  4.697130e+00
     vertex  2.998236e+00  0.000000e+00  4.697130e+00
     vertex  2.999929e+00  0.000000e+00  4.779422e+00
   endloop
 endfacet
 facet normal  9.988475e-01  0.000000e+00 -4.799716e-02
   outer loop
     vertex  2.998236e+00 -1.000000e+01  4.697130e+00
     vertex  2.994285e+00 -1.000000e+01  4.614915e+00
     vertex  2.998236e+00  0.000000e+00  4.697130e+00
   endloop
 endfacet
 facet normal  9.997883e-01  0.000000e+00 -2.057667e-02
   outer loop
     vertex  2.999929e+00 -1.000000e+01  4.779422e+00
     vertex  2.998236e+00 -1.000000e+01  4.697130e+00
     vertex  2.999929e+00  0.000000e+00  4.779422e+00
   endloop
 endfacet
 facet normal  9.999765e-01 -0.000000e+00  6.859319e-03
   outer loop
     vertex  2.999365e+00 -1.000000e+01  4.861730e+00
     vertex  2.999929e+00  0.000000e+00  4.779422e+00
     vertex  2.999365e+00  0.000000e+00  4.861730e+00
   endloop
 endfacet
 facet normal  9.999765e-01  0.000000e+00  6.859319e-03
   outer loop
     vertex  2.999365e+00 -1.000000e+01  4.861730e+00
     vertex  2.999929e+00 -1.000000e+01  4.779422e+00
     vertex  2.999929e+00  0.000000e+00  4.779422e+00
   endloop
 endfacet
 facet normal  9.994119e-01 -0.000000e+00  3.429014e-02
   outer loop
     vertex  2.996542e+00 -1.000000e+01  4.943991e+00
     vertex  2.999365e+00  0.000000e+00  4.861730e+00
     vertex  2.996542e+00  0.000000e+00  4.943991e+00
   endloop
 endfacet
 facet normal  9.994119e-01  0.000000e+00  3.429014e-02
   outer loop
     vertex  2.996542e+00 -1.000000e+01  4.943991e+00
     vertex  2.999365e+00 -1.000000e+01  4.861730e+00
     vertex  2.999365e+00  0.000000e+00  4.861730e+00
   endloop
 endfacet
 facet normal  9.980950e-01 -0.000000e+00  6.169515e-02
   outer loop
     vertex  2.991464e+00 -1.000000e+01  5.026145e+00
     vertex  2.996542e+00  0.000000e+00  4.943991e+00
     vertex  2.991464e+00  0.000000e+00  5.026145e+00
   endloop
 endfacet
 facet normal  9.980950e-01  0.000000e+00  6.169515e-02
   outer loop
     vertex  2.991464e+00 -1.000000e+01  5.026145e+00
     vertex  2.996542e+00 -1.000000e+01  4.943991e+00
     vertex  2.996542e+00  0.000000e+00  4.943991e+00
   endloop
 endfacet
 facet normal  9.960268e-01  0.000000e+00  8.905371e-02
   outer loop
     vertex  2.984134e+00 -1.000000e+01  5.108127e+00
     vertex  2.991464e+00 -1.000000e+01  5.026145e+00
     vertex  2.991464e+00  0.000000e+00  5.026145e+00
   endloop
 endfacet
 facet normal  9.960268e-01 -0.000000e+00  8.905371e-02
   outer loop
     vertex  2.984134e+00 -1.000000e+01  5.108127e+00
     vertex  2.991464e+00  0.000000e+00  5.026145e+00
     vertex  2.984134e+00  0.000000e+00  5.108127e+00
   endloop
 endfacet
 facet normal  9.932088e-01  0.000000e+00  1.163452e-01
   outer loop
     vertex  2.974558e+00 -1.000000e+01  5.189878e+00
     vertex  2.984134e+00 -1.000000e+01  5.108127e+00
     vertex  2.984134e+00  0.000000e+00  5.108127e+00
   endloop
 endfacet
 facet normal  9.932088e-01 -0.000000e+00  1.163452e-01
   outer loop
     vertex  2.974558e+00 -1.000000e+01  5.189878e+00
     vertex  2.984134e+00  0.000000e+00  5.108127e+00
     vertex  2.974558e+00  0.000000e+00  5.189878e+00
   endloop
 endfacet
 facet normal  9.896432e-01 -0.000000e+00  1.435492e-01
   outer loop
     vertex  2.974558e+00 -1.000000e+01  5.189878e+00
     vertex  2.974558e+00  0.000000e+00  5.189878e+00
     vertex  2.962742e+00  0.000000e+00  5.271336e+00
   endloop
 endfacet
 facet normal  9.896432e-01 -0.000000e+00  1.435492e-01
   outer loop
     vertex  2.962742e+00 -1.000000e+01  5.271336e+00
     vertex  2.974558e+00 -1.000000e+01  5.189878e+00
     vertex  2.962742e+00  0.000000e+00  5.271336e+00
   endloop
 endfacet
 facet normal  9.853326e-01  0.000000e+00  1.706451e-01
   outer loop
     vertex  2.948697e+00 -1.000000e+01  5.352438e+00
     vertex  2.962742e+00 -1.000000e+01  5.271336e+00
     vertex  2.962742e+00  0.000000e+00  5.271336e+00
   endloop
 endfacet
 facet normal  9.853326e-01 -0.000000e+00  1.706451e-01
   outer loop
     vertex  2.948697e+00 -1.000000e+01  5.352438e+00
     vertex  2.962742e+00  0.000000e+00  5.271336e+00
     vertex  2.948697e+00  0.000000e+00  5.352438e+00
   endloop
 endfacet
 facet normal  9.802802e-01  0.000000e+00  1.976125e-01
   outer loop
     vertex  2.932431e+00 -1.000000e+01  5.433125e+00
     vertex  2.948697e+00 -1.000000e+01  5.352438e+00
     vertex  2.948697e+00  0.000000e+00  5.352438e+00
   endloop
 endfacet
 facet normal  9.802802e-01 -0.000000e+00  1.976125e-01
   outer loop
     vertex  2.932431e+00 -1.000000e+01  5.433125e+00
     vertex  2.948697e+00  0.000000e+00  5.352438e+00
     vertex  2.932431e+00  0.000000e+00  5.433125e+00
   endloop
 endfacet
 facet normal  9.744899e-01 -0.000000e+00  2.244312e-01
   outer loop
     vertex  2.932431e+00 -1.000000e+01  5.433125e+00
     vertex  2.932431e+00  0.000000e+00  5.433125e+00
     vertex  2.913958e+00  0.000000e+00  5.513335e+00
   endloop
 endfacet
 facet normal  9.744899e-01 -0.000000e+00  2.244312e-01
   outer loop
     vertex  2.913958e+00 -1.000000e+01  5.513335e+00
     vertex  2.932431e+00 -1.000000e+01  5.433125e+00
     vertex  2.913958e+00  0.000000e+00  5.513335e+00
   endloop
 endfacet
 facet normal  9.679661e-01  0.000000e+00  2.510809e-01
   outer loop
     vertex  2.893292e+00 -1.000000e+01  5.593008e+00
     vertex  2.913958e+00 -1.000000e+01  5.513335e+00
     vertex  2.913958e+00  0.000000e+00  5.513335e+00
   endloop
 endfacet
 facet normal  9.679661e-01 -0.000000e+00  2.510809e-01
   outer loop
     vertex  2.893292e+00 -1.000000e+01  5.593008e+00
     vertex  2.913958e+00  0.000000e+00  5.513335e+00
     vertex  2.893292e+00  0.000000e+00  5.593008e+00
   endloop
 endfacet
 facet normal  9.607136e-01 -0.000000e+00  2.775416e-01
   outer loop
     vertex  2.893292e+00 -1.000000e+01  5.593008e+00
     vertex  2.893292e+00  0.000000e+00  5.593008e+00
     vertex  2.870447e+00  0.000000e+00  5.672085e+00
   endloop
 endfacet
 facet normal  9.607136e-01 -0.000000e+00  2.775416e-01
   outer loop
     vertex  2.870447e+00 -1.000000e+01  5.672085e+00
     vertex  2.893292e+00 -1.000000e+01  5.593008e+00
     vertex  2.870447e+00  0.000000e+00  5.672085e+00
   endloop
 endfacet
 facet normal  9.527379e-01  0.000000e+00  3.037934e-01
   outer loop
     vertex  2.845442e+00 -1.000000e+01  5.750504e+00
     vertex  2.870447e+00 -1.000000e+01  5.672085e+00
     vertex  2.870447e+00  0.000000e+00  5.672085e+00
   endloop
 endfacet
 facet normal  9.527379e-01 -0.000000e+00  3.037934e-01
   outer loop
     vertex  2.845442e+00 -1.000000e+01  5.750504e+00
     vertex  2.870447e+00  0.000000e+00  5.672085e+00
     vertex  2.845442e+00  0.000000e+00  5.750504e+00
   endloop
 endfacet
 facet normal  9.440450e-01 -0.000000e+00  3.298166e-01
   outer loop
     vertex  2.845442e+00 -1.000000e+01  5.750504e+00
     vertex  2.845442e+00  0.000000e+00  5.750504e+00
     vertex  2.818295e+00  0.000000e+00  5.828209e+00
   endloop
 endfacet
 facet normal  9.440450e-01 -0.000000e+00  3.298166e-01
   outer loop
     vertex  2.818295e+00 -1.000000e+01  5.828209e+00
     vertex  2.845442e+00 -1.000000e+01  5.750504e+00
     vertex  2.818295e+00  0.000000e+00  5.828209e+00
   endloop
 endfacet
 facet normal  9.346415e-01  0.000000e+00  3.555914e-01
   outer loop
     vertex  2.789026e+00 -1.000000e+01  5.905139e+00
     vertex  2.818295e+00 -1.000000e+01  5.828209e+00
     vertex  2.818295e+00  0.000000e+00  5.828209e+00
   endloop
 endfacet
 facet normal  9.346415e-01 -0.000000e+00  3.555914e-01
   outer loop
     vertex  2.789026e+00 -1.000000e+01  5.905139e+00
     vertex  2.818295e+00  0.000000e+00  5.828209e+00
     vertex  2.789026e+00  0.000000e+00  5.905139e+00
   endloop
 endfacet
 facet normal  9.245344e-01  0.000000e+00  3.810986e-01
   outer loop
     vertex  2.757658e+00 -1.000000e+01  5.981237e+00
     vertex  2.789026e+00 -1.000000e+01  5.905139e+00
     vertex  2.789026e+00  0.000000e+00  5.905139e+00
   endloop
 endfacet
 facet normal  9.245344e-01 -0.000000e+00  3.810986e-01
   outer loop
     vertex  2.757658e+00 -1.000000e+01  5.981237e+00
     vertex  2.789026e+00  0.000000e+00  5.905139e+00
     vertex  2.757658e+00  0.000000e+00  5.981237e+00
   endloop
 endfacet
 facet normal  9.137314e-01 -0.000000e+00  4.063188e-01
   outer loop
     vertex  2.724214e+00 -1.000000e+01  6.056446e+00
     vertex  2.757658e+00  0.000000e+00  5.981237e+00
     vertex  2.724214e+00  0.000000e+00  6.056446e+00
   endloop
 endfacet
 facet normal  9.022405e-01 -0.000000e+00  4.312333e-01
   outer loop
     vertex  2.724214e+00 -1.000000e+01  6.056446e+00
     vertex  2.724214e+00  0.000000e+00  6.056446e+00
     vertex  2.688719e+00  0.000000e+00  6.130710e+00
   endloop
 endfacet
 facet normal  9.137314e-01  0.000000e+00  4.063188e-01
   outer loop
     vertex  2.724214e+00 -1.000000e+01  6.056446e+00
     vertex  2.757658e+00 -1.000000e+01  5.981237e+00
     vertex  2.757658e+00  0.000000e+00  5.981237e+00
   endloop
 endfacet
 facet normal  9.022405e-01 -0.000000e+00  4.312333e-01
   outer loop
     vertex  2.688719e+00 -1.000000e+01  6.130710e+00
     vertex  2.724214e+00 -1.000000e+01  6.056446e+00
     vertex  2.688719e+00  0.000000e+00  6.130710e+00
   endloop
 endfacet
 facet normal  8.900704e-01 -0.000000e+00  4.558231e-01
   outer loop
     vertex  2.651201e+00 -1.000000e+01  6.203971e+00
     vertex  2.688719e+00  0.000000e+00  6.130710e+00
     vertex  2.651201e+00  0.000000e+00  6.203971e+00
   endloop
 endfacet
 facet normal  8.772303e-01 -0.000000e+00  4.800697e-01
   outer loop
     vertex  2.651201e+00 -1.000000e+01  6.203971e+00
     vertex  2.651201e+00  0.000000e+00  6.203971e+00
     vertex  2.611686e+00  0.000000e+00  6.276176e+00
   endloop
 endfacet
 facet normal  8.900704e-01  0.000000e+00  4.558231e-01
   outer loop
     vertex  2.651201e+00 -1.000000e+01  6.203971e+00
     vertex  2.688719e+00 -1.000000e+01  6.130710e+00
     vertex  2.688719e+00  0.000000e+00  6.130710e+00
   endloop
 endfacet
 facet normal  8.772303e-01 -0.000000e+00  4.800697e-01
   outer loop
     vertex  2.611686e+00 -1.000000e+01  6.276176e+00
     vertex  2.651201e+00 -1.000000e+01  6.203971e+00
     vertex  2.611686e+00  0.000000e+00  6.276176e+00
   endloop
 endfacet
 facet normal  8.637299e-01 -0.000000e+00  5.039550e-01
   outer loop
     vertex  2.570206e+00 -1.000000e+01  6.347270e+00
     vertex  2.611686e+00  0.000000e+00  6.276176e+00
     vertex  2.570206e+00  0.000000e+00  6.347270e+00
   endloop
 endfacet
 facet normal  8.637299e-01  0.000000e+00  5.039550e-01
   outer loop
     vertex  2.570206e+00 -1.000000e+01  6.347270e+00
     vertex  2.611686e+00 -1.000000e+01  6.276176e+00
     vertex  2.611686e+00  0.000000e+00  6.276176e+00
   endloop
 endfacet
 facet normal  8.495793e-01 -0.000000e+00  5.274609e-01
   outer loop
     vertex  2.526790e+00 -1.000000e+01  6.417198e+00
     vertex  2.570206e+00  0.000000e+00  6.347270e+00
     vertex  2.526790e+00  0.000000e+00  6.417198e+00
   endloop
 endfacet
 facet normal  8.347891e-01 -0.000000e+00  5.505698e-01
   outer loop
     vertex  2.526790e+00 -1.000000e+01  6.417198e+00
     vertex  2.526790e+00  0.000000e+00  6.417198e+00
     vertex  2.481473e+00  0.000000e+00  6.485910e+00
   endloop
 endfacet
 facet normal  8.495793e-01  0.000000e+00  5.274609e-01
   outer loop
     vertex  2.526790e+00 -1.000000e+01  6.417198e+00
     vertex  2.570206e+00 -1.000000e+01  6.347270e+00
     vertex  2.570206e+00  0.000000e+00  6.347270e+00
   endloop
 endfacet
 facet normal  8.347891e-01 -0.000000e+00  5.505698e-01
   outer loop
     vertex  2.481473e+00 -1.000000e+01  6.485910e+00
     vertex  2.526790e+00 -1.000000e+01  6.417198e+00
     vertex  2.481473e+00  0.000000e+00  6.485910e+00
   endloop
 endfacet
 facet normal  8.193706e-01 -0.000000e+00  5.732642e-01
   outer loop
     vertex  2.434288e+00 -1.000000e+01  6.553352e+00
     vertex  2.481473e+00  0.000000e+00  6.485910e+00
     vertex  2.434288e+00  0.000000e+00  6.553352e+00
   endloop
 endfacet
 facet normal  8.193706e-01  0.000000e+00  5.732642e-01
   outer loop
     vertex  2.434288e+00 -1.000000e+01  6.553352e+00
     vertex  2.481473e+00 -1.000000e+01  6.485910e+00
     vertex  2.481473e+00  0.000000e+00  6.485910e+00
   endloop
 endfacet
 facet normal  8.033352e-01 -0.000000e+00  5.955271e-01
   outer loop
     vertex  2.385270e+00 -1.000000e+01  6.619474e+00
     vertex  2.434288e+00  0.000000e+00  6.553352e+00
     vertex  2.385270e+00  0.000000e+00  6.619474e+00
   endloop
 endfacet
 facet normal  7.866951e-01 -0.000000e+00  6.173417e-01
   outer loop
     vertex  2.385270e+00 -1.000000e+01  6.619474e+00
     vertex  2.385270e+00  0.000000e+00  6.619474e+00
     vertex  2.334457e+00  0.000000e+00  6.684227e+00
   endloop
 endfacet
 facet normal  8.033352e-01  0.000000e+00  5.955271e-01
   outer loop
     vertex  2.385270e+00 -1.000000e+01  6.619474e+00
     vertex  2.434288e+00 -1.000000e+01  6.553352e+00
     vertex  2.434288e+00  0.000000e+00  6.553352e+00
   endloop
 endfacet
 facet normal  7.866951e-01 -0.000000e+00  6.173417e-01
   outer loop
     vertex  2.334457e+00 -1.000000e+01  6.684227e+00
     vertex  2.385270e+00 -1.000000e+01  6.619474e+00
     vertex  2.334457e+00  0.000000e+00  6.684227e+00
   endloop
 endfacet
 facet normal  7.694628e-01 -0.000000e+00  6.386916e-01
   outer loop
     vertex  2.281886e+00 -1.000000e+01  6.747562e+00
     vertex  2.334457e+00  0.000000e+00  6.684227e+00
     vertex  2.281886e+00  0.000000e+00  6.747562e+00
   endloop
 endfacet
 facet normal  7.694628e-01  0.000000e+00  6.386916e-01
   outer loop
     vertex  2.281886e+00 -1.000000e+01  6.747562e+00
     vertex  2.334457e+00 -1.000000e+01  6.684227e+00
     vertex  2.334457e+00  0.000000e+00  6.684227e+00
   endloop
 endfacet
 facet normal  7.516513e-01 -0.000000e+00  6.595607e-01
   outer loop
     vertex  2.227598e+00 -1.000000e+01  6.809430e+00
     vertex  2.281886e+00  0.000000e+00  6.747562e+00
     vertex  2.227598e+00  0.000000e+00  6.809430e+00
   endloop
 endfacet
 facet normal  7.516513e-01  0.000000e+00  6.595607e-01
   outer loop
     vertex  2.227598e+00 -1.000000e+01  6.809430e+00
     vertex  2.281886e+00 -1.000000e+01  6.747562e+00
     vertex  2.281886e+00  0.000000e+00  6.747562e+00
   endloop
 endfacet
 facet normal  7.332740e-01 -0.000000e+00  6.799333e-01
   outer loop
     vertex  2.171632e+00 -1.000000e+01  6.869786e+00
     vertex  2.227598e+00  0.000000e+00  6.809430e+00
     vertex  2.171632e+00  0.000000e+00  6.869786e+00
   endloop
 endfacet
 facet normal  7.143447e-01 -0.000000e+00  6.997940e-01
   outer loop
     vertex  2.171632e+00 -1.000000e+01  6.869786e+00
     vertex  2.171632e+00  0.000000e+00  6.869786e+00
     vertex  2.114032e+00  0.000000e+00  6.928583e+00
   endloop
 endfacet
 facet normal  7.332740e-01  0.000000e+00  6.799333e-01
   outer loop
     vertex  2.171632e+00 -1.000000e+01  6.869786e+00
     vertex  2.227598e+00 -1.000000e+01  6.809430e+00
     vertex  2.227598e+00  0.000000e+00  6.809430e+00
   endloop
 endfacet
 facet normal  7.143447e-01 -0.000000e+00  6.997940e-01
   outer loop
     vertex  2.114032e+00 -1.000000e+01  6.928583e+00
     vertex  2.171632e+00 -1.000000e+01  6.869786e+00
     vertex  2.114032e+00  0.000000e+00  6.928583e+00
   endloop
 endfacet
 facet normal  6.948776e-01  0.000000e+00  7.191280e-01
   outer loop
     vertex  2.054841e+00 -1.000000e+01  6.985779e+00
     vertex  2.114032e+00 -1.000000e+01  6.928583e+00
     vertex  2.114032e+00  0.000000e+00  6.928583e+00
   endloop
 endfacet
 facet normal  6.948776e-01 -0.000000e+00  7.191280e-01
   outer loop
     vertex  2.054841e+00 -1.000000e+01  6.985779e+00
     vertex  2.114032e+00  0.000000e+00  6.928583e+00
     vertex  2.054841e+00  0.000000e+00  6.985779e+00
   endloop
 endfacet
 facet normal  6.748875e-01  0.000000e+00  7.379206e-01
   outer loop
     vertex  1.994103e+00 -1.000000e+01  7.041329e+00
     vertex  2.054841e+00 -1.000000e+01  6.985779e+00
     vertex  2.054841e+00  0.000000e+00  6.985779e+00
   endloop
 endfacet
 facet normal  6.748875e-01 -0.000000e+00  7.379206e-01
   outer loop
     vertex  1.994103e+00 -1.000000e+01  7.041329e+00
     vertex  2.054841e+00  0.000000e+00  6.985779e+00
     vertex  1.994103e+00  0.000000e+00  7.041329e+00
   endloop
 endfacet
 facet normal  6.543893e-01 -0.000000e+00  7.561578e-01
   outer loop
     vertex  1.994103e+00 -1.000000e+01  7.041329e+00
     vertex  1.994103e+00  0.000000e+00  7.041329e+00
     vertex  1.931864e+00  0.000000e+00  7.095191e+00
   endloop
 endfacet
 facet normal  6.543893e-01 -0.000000e+00  7.561578e-01
   outer loop
     vertex  1.931864e+00 -1.000000e+01  7.095191e+00
     vertex  1.994103e+00 -1.000000e+01  7.041329e+00
     vertex  1.931864e+00  0.000000e+00  7.095191e+00
   endloop
 endfacet
 facet normal  6.333986e-01 -0.000000e+00  7.738257e-01
   outer loop
     vertex  1.931864e+00 -1.000000e+01  7.095191e+00
     vertex  1.931864e+00  0.000000e+00  7.095191e+00
     vertex  1.868170e+00  0.000000e+00  7.147326e+00
   endloop
 endfacet
 facet normal  6.333986e-01 -0.000000e+00  7.738257e-01
   outer loop
     vertex  1.868170e+00 -1.000000e+01  7.147326e+00
     vertex  1.931864e+00 -1.000000e+01  7.095191e+00
     vertex  1.868170e+00  0.000000e+00  7.147326e+00
   endloop
 endfacet
 facet normal  6.119310e-01  0.000000e+00  7.909112e-01
   outer loop
     vertex  1.803070e+00 -1.000000e+01  7.197694e+00
     vertex  1.868170e+00 -1.000000e+01  7.147326e+00
     vertex  1.868170e+00  0.000000e+00  7.147326e+00
   endloop
 endfacet
 facet normal  6.119310e-01 -0.000000e+00  7.909112e-01
   outer loop
     vertex  1.803070e+00 -1.000000e+01  7.197694e+00
     vertex  1.868170e+00  0.000000e+00  7.147326e+00
     vertex  1.803070e+00  0.000000e+00  7.197694e+00
   endloop
 endfacet
 facet normal  5.900028e-01 -0.000000e+00  8.074012e-01
   outer loop
     vertex  1.736613e+00 -1.000000e+01  7.246257e+00
     vertex  1.803070e+00  0.000000e+00  7.197694e+00
     vertex  1.736613e+00  0.000000e+00  7.246257e+00
   endloop
 endfacet
 facet normal  5.676304e-01 -0.000000e+00  8.232835e-01
   outer loop
     vertex  1.736613e+00 -1.000000e+01  7.246257e+00
     vertex  1.736613e+00  0.000000e+00  7.246257e+00
     vertex  1.668849e+00  0.000000e+00  7.292979e+00
   endloop
 endfacet
 facet normal  5.900028e-01  0.000000e+00  8.074012e-01
   outer loop
     vertex  1.736613e+00 -1.000000e+01  7.246257e+00
     vertex  1.803070e+00 -1.000000e+01  7.197694e+00
     vertex  1.803070e+00  0.000000e+00  7.197694e+00
   endloop
 endfacet
 facet normal  5.676304e-01 -0.000000e+00  8.232835e-01
   outer loop
     vertex  1.668849e+00 -1.000000e+01  7.292979e+00
     vertex  1.736613e+00 -1.000000e+01  7.246257e+00
     vertex  1.668849e+00  0.000000e+00  7.292979e+00
   endloop
 endfacet
 facet normal  5.448308e-01  0.000000e+00  8.385460e-01
   outer loop
     vertex  1.599828e+00 -1.000000e+01  7.337824e+00
     vertex  1.668849e+00 -1.000000e+01  7.292979e+00
     vertex  1.668849e+00  0.000000e+00  7.292979e+00
   endloop
 endfacet
 facet normal  5.448308e-01 -0.000000e+00  8.385460e-01
   outer loop
     vertex  1.599828e+00 -1.000000e+01  7.337824e+00
     vertex  1.668849e+00  0.000000e+00  7.292979e+00
     vertex  1.599828e+00  0.000000e+00  7.337824e+00
   endloop
 endfacet
 facet normal  5.216210e-01 -0.000000e+00  8.531773e-01
   outer loop
     vertex  1.599828e+00 -1.000000e+01  7.337824e+00
     vertex  1.599828e+00  0.000000e+00  7.337824e+00
     vertex  1.529603e+00  0.000000e+00  7.380758e+00
   endloop
 endfacet
 facet normal  5.216210e-01 -0.000000e+00  8.531773e-01
   outer loop
     vertex  1.529603e+00 -1.000000e+01  7.380758e+00
     vertex  1.599828e+00 -1.000000e+01  7.337824e+00
     vertex  1.529603e+00  0.000000e+00  7.380758e+00
   endloop
 endfacet
 facet normal  4.980186e-01 -0.000000e+00  8.671664e-01
   outer loop
     vertex  1.458227e+00 -1.000000e+01  7.421750e+00
     vertex  1.529603e+00  0.000000e+00  7.380758e+00
     vertex  1.458227e+00  0.000000e+00  7.421750e+00
   endloop
 endfacet
 facet normal  4.980186e-01  0.000000e+00  8.671664e-01
   outer loop
     vertex  1.458227e+00 -1.000000e+01  7.421750e+00
     vertex  1.529603e+00 -1.000000e+01  7.380758e+00
     vertex  1.529603e+00  0.000000e+00  7.380758e+00
   endloop
 endfacet
 facet normal  4.740412e-01 -0.000000e+00  8.805026e-01
   outer loop
     vertex  1.385753e+00 -1.000000e+01  7.460769e+00
     vertex  1.458227e+00  0.000000e+00  7.421750e+00
     vertex  1.385753e+00  0.000000e+00  7.460769e+00
   endloop
 endfacet
 facet normal  4.740412e-01  0.000000e+00  8.805026e-01
   outer loop
     vertex  1.385753e+00 -1.000000e+01  7.460769e+00
     vertex  1.458227e+00 -1.000000e+01  7.421750e+00
     vertex  1.458227e+00  0.000000e+00  7.421750e+00
   endloop
 endfacet
 facet normal  4.497071e-01 -0.000000e+00  8.931761e-01
   outer loop
     vertex  1.312236e+00 -1.000000e+01  7.497784e+00
     vertex  1.385753e+00  0.000000e+00  7.460769e+00
     vertex  1.312236e+00  0.000000e+00  7.497784e+00
   endloop
 endfacet
 facet normal  4.497071e-01  0.000000e+00  8.931761e-01
   outer loop
     vertex  1.312236e+00 -1.000000e+01  7.497784e+00
     vertex  1.385753e+00 -1.000000e+01  7.460769e+00
     vertex  1.385753e+00  0.000000e+00  7.460769e+00
   endloop
 endfacet
 facet normal  4.250344e-01 -0.000000e+00  9.051772e-01
   outer loop
     vertex  1.237731e+00 -1.000000e+01  7.532768e+00
     vertex  1.312236e+00  0.000000e+00  7.497784e+00
     vertex  1.237731e+00  0.000000e+00  7.532768e+00
   endloop
 endfacet
 facet normal  4.000417e-01 -0.000000e+00  9.164969e-01
   outer loop
     vertex  1.237731e+00 -1.000000e+01  7.532768e+00
     vertex  1.237731e+00  0.000000e+00  7.532768e+00
     vertex  1.162294e+00  0.000000e+00  7.565696e+00
   endloop
 endfacet
 facet normal  4.250344e-01  0.000000e+00  9.051772e-01
   outer loop
     vertex  1.237731e+00 -1.000000e+01  7.532768e+00
     vertex  1.312236e+00 -1.000000e+01  7.497784e+00
     vertex  1.312236e+00  0.000000e+00  7.497784e+00
   endloop
 endfacet
 facet normal  4.000417e-01 -0.000000e+00  9.164969e-01
   outer loop
     vertex  1.162294e+00 -1.000000e+01  7.565696e+00
     vertex  1.237731e+00 -1.000000e+01  7.532768e+00
     vertex  1.162294e+00  0.000000e+00  7.565696e+00
   endloop
 endfacet
 facet normal  3.747479e-01 -0.000000e+00  9.271267e-01
   outer loop
     vertex  1.085982e+00 -1.000000e+01  7.596541e+00
     vertex  1.162294e+00  0.000000e+00  7.565696e+00
     vertex  1.085982e+00  0.000000e+00  7.596541e+00
   endloop
 endfacet
 facet normal  3.491720e-01 -0.000000e+00  9.370586e-01
   outer loop
     vertex  1.085982e+00 -1.000000e+01  7.596541e+00
     vertex  1.085982e+00  0.000000e+00  7.596541e+00
     vertex  1.008853e+00  0.000000e+00  7.625282e+00
   endloop
 endfacet
 facet normal  3.747479e-01  0.000000e+00  9.271267e-01
   outer loop
     vertex  1.085982e+00 -1.000000e+01  7.596541e+00
     vertex  1.162294e+00 -1.000000e+01  7.565696e+00
     vertex  1.162294e+00  0.000000e+00  7.565696e+00
   endloop
 endfacet
 facet normal  3.233333e-01 -0.000000e+00  9.462851e-01
   outer loop
     vertex  1.008853e+00 -1.000000e+01  7.625282e+00
     vertex  1.008853e+00  0.000000e+00  7.625282e+00
     vertex  9.309643e-01  0.000000e+00  7.651895e+00
   endloop
 endfacet
 facet normal  3.491720e-01 -0.000000e+00  9.370586e-01
   outer loop
     vertex  1.008853e+00 -1.000000e+01  7.625282e+00
     vertex  1.085982e+00 -1.000000e+01  7.596541e+00
     vertex  1.008853e+00  0.000000e+00  7.625282e+00
   endloop
 endfacet
 facet normal  2.972512e-01 -0.000000e+00  9.547993e-01
   outer loop
     vertex  9.309643e-01 -1.000000e+01  7.651895e+00
     vertex  9.309643e-01  0.000000e+00  7.651895e+00
     vertex  8.523749e-01  0.000000e+00  7.676362e+00
   endloop
 endfacet
 facet normal  3.233333e-01 -0.000000e+00  9.462851e-01
   outer loop
     vertex  9.309643e-01 -1.000000e+01  7.651895e+00
     vertex  1.008853e+00 -1.000000e+01  7.625282e+00
     vertex  9.309643e-01  0.000000e+00  7.651895e+00
   endloop
 endfacet
 facet normal  2.972512e-01 -0.000000e+00  9.547993e-01
   outer loop
     vertex  8.523749e-01 -1.000000e+01  7.676362e+00
     vertex  9.309643e-01 -1.000000e+01  7.651895e+00
     vertex  8.523749e-01  0.000000e+00  7.676362e+00
   endloop
 endfacet
 facet normal  2.709453e-01 -0.000000e+00  9.625948e-01
   outer loop
     vertex  7.731438e-01 -1.000000e+01  7.698663e+00
     vertex  8.523749e-01  0.000000e+00  7.676362e+00
     vertex  7.731438e-01  0.000000e+00  7.698663e+00
   endloop
 endfacet
 facet normal  2.444354e-01 -0.000000e+00  9.696656e-01
   outer loop
     vertex  7.731438e-01 -1.000000e+01  7.698663e+00
     vertex  7.731438e-01  0.000000e+00  7.698663e+00
     vertex  6.933307e-01  0.000000e+00  7.718783e+00
   endloop
 endfacet
 facet normal  2.709453e-01  0.000000e+00  9.625948e-01
   outer loop
     vertex  7.731438e-01 -1.000000e+01  7.698663e+00
     vertex  8.523749e-01 -1.000000e+01  7.676362e+00
     vertex  8.523749e-01  0.000000e+00  7.676362e+00
   endloop
 endfacet
 facet normal  2.444354e-01 -0.000000e+00  9.696656e-01
   outer loop
     vertex  6.933307e-01 -1.000000e+01  7.718783e+00
     vertex  7.731438e-01 -1.000000e+01  7.698663e+00
     vertex  6.933307e-01  0.000000e+00  7.718783e+00
   endloop
 endfacet
 facet normal  2.177416e-01 -0.000000e+00  9.760065e-01
   outer loop
     vertex  6.129958e-01 -1.000000e+01  7.736705e+00
     vertex  6.933307e-01  0.000000e+00  7.718783e+00
     vertex  6.129958e-01  0.000000e+00  7.736705e+00
   endloop
 endfacet
 facet normal  1.908838e-01 -0.000000e+00  9.816126e-01
   outer loop
     vertex  6.129958e-01 -1.000000e+01  7.736705e+00
     vertex  6.129958e-01  0.000000e+00  7.736705e+00
     vertex  5.321993e-01  0.000000e+00  7.752417e+00
   endloop
 endfacet
 facet normal  2.177416e-01  0.000000e+00  9.760065e-01
   outer loop
     vertex  6.129958e-01 -1.000000e+01  7.736705e+00
     vertex  6.933307e-01 -1.000000e+01  7.718783e+00
     vertex  6.933307e-01  0.000000e+00  7.718783e+00
   endloop
 endfacet
 facet normal  1.638824e-01 -0.000000e+00  9.864799e-01
   outer loop
     vertex  5.321993e-01 -1.000000e+01  7.752417e+00
     vertex  5.321993e-01  0.000000e+00  7.752417e+00
     vertex  4.510023e-01  0.000000e+00  7.765906e+00
   endloop
 endfacet
 facet normal  1.908838e-01 -0.000000e+00  9.816126e-01
   outer loop
     vertex  5.321993e-01 -1.000000e+01  7.752417e+00
     vertex  6.129958e-01 -1.000000e+01  7.736705e+00
     vertex  5.321993e-01  0.000000e+00  7.752417e+00
   endloop
 endfacet
 facet normal  1.638824e-01 -0.000000e+00  9.864799e-01
   outer loop
     vertex  4.510023e-01 -1.000000e+01  7.765906e+00
     vertex  5.321993e-01 -1.000000e+01  7.752417e+00
     vertex  4.510023e-01  0.000000e+00  7.765906e+00
   endloop
 endfacet
 facet normal  1.367575e-01 -0.000000e+00  9.906046e-01
   outer loop
     vertex  3.694657e-01 -1.000000e+01  7.777162e+00
     vertex  4.510023e-01  0.000000e+00  7.765906e+00
     vertex  3.694657e-01  0.000000e+00  7.777162e+00
   endloop
 endfacet
 facet normal  1.095298e-01 -0.000000e+00  9.939835e-01
   outer loop
     vertex  3.694657e-01 -1.000000e+01  7.777162e+00
     vertex  3.694657e-01  0.000000e+00  7.777162e+00
     vertex  2.876511e-01  0.000000e+00  7.786178e+00
   endloop
 endfacet
 facet normal  1.367575e-01  0.000000e+00  9.906046e-01
   outer loop
     vertex  3.694657e-01 -1.000000e+01  7.777162e+00
     vertex  4.510023e-01 -1.000000e+01  7.765906e+00
     vertex  4.510023e-01  0.000000e+00  7.765906e+00
   endloop
 endfacet
 facet normal  1.095298e-01 -0.000000e+00  9.939835e-01
   outer loop
     vertex  2.876511e-01 -1.000000e+01  7.786178e+00
     vertex  3.694657e-01 -1.000000e+01  7.777162e+00
     vertex  2.876511e-01  0.000000e+00  7.786178e+00
   endloop
 endfacet
 facet normal  8.221955e-02  0.000000e+00  9.966142e-01
   outer loop
     vertex  2.056198e-01 -1.000000e+01  7.792945e+00
     vertex  2.876511e-01 -1.000000e+01  7.786178e+00
     vertex  2.876511e-01  0.000000e+00  7.786178e+00
   endloop
 endfacet
 facet normal  8.221955e-02 -0.000000e+00  9.966142e-01
   outer loop
     vertex  2.056198e-01 -1.000000e+01  7.792945e+00
     vertex  2.876511e-01  0.000000e+00  7.786178e+00
     vertex  2.056198e-01  0.000000e+00  7.792945e+00
   endloop
 endfacet
 facet normal  5.484744e-02 -0.000000e+00  9.984947e-01
   outer loop
     vertex  2.056198e-01 -1.000000e+01  7.792945e+00
     vertex  2.056198e-01  0.000000e+00  7.792945e+00
     vertex  1.234339e-01  0.000000e+00  7.797460e+00
   endloop
 endfacet
 facet normal  5.484744e-02 -0.000000e+00  9.984947e-01
   outer loop
     vertex  1.234339e-01 -1.000000e+01  7.797460e+00
     vertex  2.056198e-01 -1.000000e+01  7.792945e+00
     vertex  1.234339e-01  0.000000e+00  7.797460e+00
   endloop
 endfacet
 facet normal  2.743405e-02  0.000000e+00  9.996236e-01
   outer loop
     vertex  4.115494e-02 -1.000000e+01  7.799718e+00
     vertex  1.234339e-01 -1.000000e+01  7.797460e+00
     vertex  1.234339e-01  0.000000e+00  7.797460e+00
   endloop
 endfacet
 facet normal  2.743405e-02 -0.000000e+00  9.996236e-01
   outer loop
     vertex  4.115494e-02 -1.000000e+01  7.799718e+00
     vertex  1.234339e-01  0.000000e+00  7.797460e+00
     vertex  4.115494e-02  0.000000e+00  7.799718e+00
   endloop
 endfacet
 facet normal  0.000000e+00  0.000000e+00  1.000000e+00
   outer loop
     vertex -4.115494e-02 -1.000000e+01  7.799718e+00
     vertex  4.115494e-02 -1.000000e+01  7.799718e+00
     vertex  4.115494e-02  0.000000e+00  7.799718e+00
   endloop
 endfacet
 facet normal  0.000000e+00  0.000000e+00  1.000000e+00
   outer loop
     vertex -4.115494e-02 -1.000000e+01  7.799718e+00
     vertex  4.115494e-02  0.000000e+00  7.799718e+00
     vertex -4.115494e-02  0.000000e+00  7.799718e+00
   endloop
 endfacet
 facet normal -2.743405e-02  0.000000e+00  9.996236e-01
   outer loop
     vertex -4.115494e-02 -1.000000e+01  7.799718e+00
     vertex -4.115494e-02  0.000000e+00  7.799718e+00
     vertex -1.234339e-01  0.000000e+00  7.797460e+00
   endloop
 endfacet
 facet normal -2.743405e-02  0.000000e+00  9.996236e-01
   outer loop
     vertex -1.234339e-01 -1.000000e+01  7.797460e+00
     vertex -4.115494e-02 -1.000000e+01  7.799718e+00
     vertex -1.234339e-01  0.000000e+00  7.797460e+00
   endloop
 endfacet
 facet normal -5.484744e-02  0.000000e+00  9.984947e-01
   outer loop
     vertex -1.234339e-01 -1.000000e+01  7.797460e+00
     vertex -1.234339e-01  0.000000e+00  7.797460e+00
     vertex -2.056198e-01  0.000000e+00  7.792945e+00
   endloop
 endfacet
 facet normal -5.484744e-02  0.000000e+00  9.984947e-01
   outer loop
     vertex -2.056198e-01 -1.000000e+01  7.792945e+00
     vertex -1.234339e-01 -1.000000e+01  7.797460e+00
     vertex -2.056198e-01  0.000000e+00  7.792945e+00
   endloop
 endfacet
 facet normal -8.221955e-02  0.000000e+00  9.966142e-01
   outer loop
     vertex -2.876511e-01 -1.000000e+01  7.786178e+00
     vertex -2.056198e-01 -1.000000e+01  7.792945e+00
     vertex -2.056198e-01  0.000000e+00  7.792945e+00
   endloop
 endfacet
 facet normal -8.221955e-02  0.000000e+00  9.966142e-01
   outer loop
     vertex -2.876511e-01 -1.000000e+01  7.786178e+00
     vertex -2.056198e-01  0.000000e+00  7.792945e+00
     vertex -2.876511e-01  0.000000e+00  7.786178e+00
   endloop
 endfacet
 facet normal -1.095298e-01  0.000000e+00  9.939835e-01
   outer loop
     vertex -3.694657e-01 -1.000000e+01  7.777162e+00
     vertex -2.876511e-01 -1.000000e+01  7.786178e+00
     vertex -2.876511e-01  0.000000e+00  7.786178e+00
   endloop
 endfacet
 facet normal -1.095298e-01  0.000000e+00  9.939835e-01
   outer loop
     vertex -3.694657e-01 -1.000000e+01  7.777162e+00
     vertex -2.876511e-01  0.000000e+00  7.786178e+00
     vertex -3.694657e-01  0.000000e+00  7.777162e+00
   endloop
 endfacet
 facet normal -1.367575e-01  0.000000e+00  9.906046e-01
   outer loop
     vertex -3.694657e-01 -1.000000e+01  7.777162e+00
     vertex -3.694657e-01  0.000000e+00  7.777162e+00
     vertex -4.510023e-01  0.000000e+00  7.765906e+00
   endloop
 endfacet
 facet normal -1.367575e-01  0.000000e+00  9.906046e-01
   outer loop
     vertex -4.510023e-01 -1.000000e+01  7.765906e+00
     vertex -3.694657e-01 -1.000000e+01  7.777162e+00
     vertex -4.510023e-01  0.000000e+00  7.765906e+00
   endloop
 endfacet
 facet normal -1.638824e-01  0.000000e+00  9.864799e-01
   outer loop
     vertex -5.321993e-01 -1.000000e+01  7.752417e+00
     vertex -4.510023e-01 -1.000000e+01  7.765906e+00
     vertex -4.510023e-01  0.000000e+00  7.765906e+00
   endloop
 endfacet
 facet normal -1.638824e-01  0.000000e+00  9.864799e-01
   outer loop
     vertex -5.321993e-01 -1.000000e+01  7.752417e+00
     vertex -4.510023e-01  0.000000e+00  7.765906e+00
     vertex -5.321993e-01  0.000000e+00  7.752417e+00
   endloop
 endfacet
 facet normal -1.908838e-01  0.000000e+00  9.816126e-01
   outer loop
     vertex -6.129958e-01 -1.000000e+01  7.736705e+00
     vertex -5.321993e-01 -1.000000e+01  7.752417e+00
     vertex -5.321993e-01  0.000000e+00  7.752417e+00
   endloop
 endfacet
 facet normal -1.908838e-01  0.000000e+00  9.816126e-01
   outer loop
     vertex -6.129958e-01 -1.000000e+01  7.736705e+00
     vertex -5.321993e-01  0.000000e+00  7.752417e+00
     vertex -6.129958e-01  0.000000e+00  7.736705e+00
   endloop
 endfacet
 facet normal -2.177416e-01  0.000000e+00  9.760065e-01
   outer loop
     vertex -6.129958e-01 -1.000000e+01  7.736705e+00
     vertex -6.129958e-01  0.000000e+00  7.736705e+00
     vertex -6.933307e-01  0.000000e+00  7.718783e+00
   endloop
 endfacet
 facet normal -2.177416e-01  0.000000e+00  9.760065e-01
   outer loop
     vertex -6.933307e-01 -1.000000e+01  7.718783e+00
     vertex -6.129958e-01 -1.000000e+01  7.736705e+00
     vertex -6.933307e-01  0.000000e+00  7.718783e+00
   endloop
 endfacet
 facet normal -2.444354e-01  0.000000e+00  9.696656e-01
   outer loop
     vertex -7.731438e-01 -1.000000e+01  7.698663e+00
     vertex -6.933307e-01  0.000000e+00  7.718783e+00
     vertex -7.731438e-01  0.000000e+00  7.698663e+00
   endloop
 endfacet
 facet normal -2.709453e-01  0.000000e+00  9.625948e-01
   outer loop
     vertex -7.731438e-01 -1.000000e+01  7.698663e+00
     vertex -7.731438e-01  0.000000e+00  7.698663e+00
     vertex -8.523749e-01  0.000000e+00  7.676362e+00
   endloop
 endfacet
 facet normal -2.444354e-01  0.000000e+00  9.696656e-01
   outer loop
     vertex -7.731438e-01 -1.000000e+01  7.698663e+00
     vertex -6.933307e-01 -1.000000e+01  7.718783e+00
     vertex -6.933307e-01  0.000000e+00  7.718783e+00
   endloop
 endfacet
 facet normal -2.709453e-01  0.000000e+00  9.625948e-01
   outer loop
     vertex -8.523749e-01 -1.000000e+01  7.676362e+00
     vertex -7.731438e-01 -1.000000e+01  7.698663e+00
     vertex -8.523749e-01  0.000000e+00  7.676362e+00
   endloop
 endfacet
 facet normal -2.972512e-01  0.000000e+00  9.547993e-01
   outer loop
     vertex -9.309643e-01 -1.000000e+01  7.651895e+00
     vertex -8.523749e-01  0.000000e+00  7.676362e+00
     vertex -9.309643e-01  0.000000e+00  7.651895e+00
   endloop
 endfacet
 facet normal -3.233333e-01  0.000000e+00  9.462851e-01
   outer loop
     vertex -9.309643e-01 -1.000000e+01  7.651895e+00
     vertex -9.309643e-01  0.000000e+00  7.651895e+00
     vertex -1.008853e+00  0.000000e+00  7.625282e+00
   endloop
 endfacet
 facet normal -2.972512e-01  0.000000e+00  9.547993e-01
   outer loop
     vertex -9.309643e-01 -1.000000e+01  7.651895e+00
     vertex -8.523749e-01 -1.000000e+01  7.676362e+00
     vertex -8.523749e-01  0.000000e+00  7.676362e+00
   endloop
 endfacet
 facet normal -3.233333e-01  0.000000e+00  9.462851e-01
   outer loop
     vertex -1.008853e+00 -1.000000e+01  7.625282e+00
     vertex -9.309643e-01 -1.000000e+01  7.651895e+00
     vertex -1.008853e+00  0.000000e+00  7.625282e+00
   endloop
 endfacet
 facet normal -3.491720e-01  0.000000e+00  9.370586e-01
   outer loop
     vertex -1.085982e+00 -1.000000e+01  7.596541e+00
     vertex -1.008853e+00  0.000000e+00  7.625282e+00
     vertex -1.085982e+00  0.000000e+00  7.596541e+00
   endloop
 endfacet
 facet normal -3.747479e-01  0.000000e+00  9.271267e-01
   outer loop
     vertex -1.085982e+00 -1.000000e+01  7.596541e+00
     vertex -1.085982e+00  0.000000e+00  7.596541e+00
     vertex -1.162294e+00  0.000000e+00  7.565696e+00
   endloop
 endfacet
 facet normal -3.491720e-01  0.000000e+00  9.370586e-01
   outer loop
     vertex -1.085982e+00 -1.000000e+01  7.596541e+00
     vertex -1.008853e+00 -1.000000e+01  7.625282e+00
     vertex -1.008853e+00  0.000000e+00  7.625282e+00
   endloop
 endfacet
 facet normal -3.747479e-01  0.000000e+00  9.271267e-01
   outer loop
     vertex -1.162294e+00 -1.000000e+01  7.565696e+00
     vertex -1.085982e+00 -1.000000e+01  7.596541e+00
     vertex -1.162294e+00  0.000000e+00  7.565696e+00
   endloop
 endfacet
 facet normal -4.000417e-01  0.000000e+00  9.164969e-01
   outer loop
     vertex -1.237731e+00 -1.000000e+01  7.532768e+00
     vertex -1.162294e+00  0.000000e+00  7.565696e+00
     vertex -1.237731e+00  0.000000e+00  7.532768e+00
   endloop
 endfacet
 facet normal -4.000417e-01  0.000000e+00  9.164969e-01
   outer loop
     vertex -1.237731e+00 -1.000000e+01  7.532768e+00
     vertex -1.162294e+00 -1.000000e+01  7.565696e+00
     vertex -1.162294e+00  0.000000e+00  7.565696e+00
   endloop
 endfacet
 facet normal -4.250344e-01  0.000000e+00  9.051772e-01
   outer loop
     vertex -1.312236e+00 -1.000000e+01  7.497784e+00
     vertex -1.237731e+00  0.000000e+00  7.532768e+00
     vertex -1.312236e+00  0.000000e+00  7.497784e+00
   endloop
 endfacet
 facet normal -4.250344e-01  0.000000e+00  9.051772e-01
   outer loop
     vertex -1.312236e+00 -1.000000e+01  7.497784e+00
     vertex -1.237731e+00 -1.000000e+01  7.532768e+00
     vertex -1.237731e+00  0.000000e+00  7.532768e+00
   endloop
 endfacet
 facet normal -4.497071e-01  0.000000e+00  8.931761e-01
   outer loop
     vertex -1.385753e+00 -1.000000e+01  7.460769e+00
     vertex -1.312236e+00  0.000000e+00  7.497784e+00
     vertex -1.385753e+00  0.000000e+00  7.460769e+00
   endloop
 endfacet
 facet normal -4.497071e-01  0.000000e+00  8.931761e-01
   outer loop
     vertex -1.385753e+00 -1.000000e+01  7.460769e+00
     vertex -1.312236e+00 -1.000000e+01  7.497784e+00
     vertex -1.312236e+00  0.000000e+00  7.497784e+00
   endloop
 endfacet
 facet normal -4.740412e-01  0.000000e+00  8.805026e-01
   outer loop
     vertex -1.458227e+00 -1.000000e+01  7.421750e+00
     vertex -1.385753e+00  0.000000e+00  7.460769e+00
     vertex -1.458227e+00  0.000000e+00  7.421750e+00
   endloop
 endfacet
 facet normal -4.980186e-01  0.000000e+00  8.671664e-01
   outer loop
     vertex -1.458227e+00 -1.000000e+01  7.421750e+00
     vertex -1.458227e+00  0.000000e+00  7.421750e+00
     vertex -1.529603e+00  0.000000e+00  7.380758e+00
   endloop
 endfacet
 facet normal -4.740412e-01  0.000000e+00  8.805026e-01
   outer loop
     vertex -1.458227e+00 -1.000000e+01  7.421750e+00
     vertex -1.385753e+00 -1.000000e+01  7.460769e+00
     vertex -1.385753e+00  0.000000e+00  7.460769e+00
   endloop
 endfacet
 facet normal -5.216210e-01  0.000000e+00  8.531773e-01
   outer loop
     vertex -1.529603e+00 -1.000000e+01  7.380758e+00
     vertex -1.529603e+00  0.000000e+00  7.380758e+00
     vertex -1.599828e+00  0.000000e+00  7.337824e+00
   endloop
 endfacet
 facet normal -4.980186e-01  0.000000e+00  8.671664e-01
   outer loop
     vertex -1.529603e+00 -1.000000e+01  7.380758e+00
     vertex -1.458227e+00 -1.000000e+01  7.421750e+00
     vertex -1.529603e+00  0.000000e+00  7.380758e+00
   endloop
 endfacet
 facet normal -5.216210e-01  0.000000e+00  8.531773e-01
   outer loop
     vertex -1.599828e+00 -1.000000e+01  7.337824e+00
     vertex -1.529603e+00 -1.000000e+01  7.380758e+00
     vertex -1.599828e+00  0.000000e+00  7.337824e+00
   endloop
 endfacet
 facet normal -5.448308e-01  0.000000e+00  8.385460e-01
   outer loop
     vertex -1.668849e+00 -1.000000e+01  7.292979e+00
     vertex -1.599828e+00 -1.000000e+01  7.337824e+00
     vertex -1.599828e+00  0.000000e+00  7.337824e+00
   endloop
 endfacet
 facet normal -5.448308e-01  0.000000e+00  8.385460e-01
   outer loop
     vertex -1.668849e+00 -1.000000e+01  7.292979e+00
     vertex -1.599828e+00  0.000000e+00  7.337824e+00
     vertex -1.668849e+00  0.000000e+00  7.292979e+00
   endloop
 endfacet
 facet normal -5.676304e-01  0.000000e+00  8.232835e-01
   outer loop
     vertex -1.668849e+00 -1.000000e+01  7.292979e+00
     vertex -1.668849e+00  0.000000e+00  7.292979e+00
     vertex -1.736613e+00  0.000000e+00  7.246257e+00
   endloop
 endfacet
 facet normal -5.676304e-01  0.000000e+00  8.232835e-01
   outer loop
     vertex -1.736613e+00 -1.000000e+01  7.246257e+00
     vertex -1.668849e+00 -1.000000e+01  7.292979e+00
     vertex -1.736613e+00  0.000000e+00  7.246257e+00
   endloop
 endfacet
 facet normal -5.900028e-01  0.000000e+00  8.074012e-01
   outer loop
     vertex -1.803070e+00 -1.000000e+01  7.197694e+00
     vertex -1.736613e+00 -1.000000e+01  7.246257e+00
     vertex -1.736613e+00  0.000000e+00  7.246257e+00
   endloop
 endfacet
 facet normal -5.900028e-01  0.000000e+00  8.074012e-01
   outer loop
     vertex -1.803070e+00 -1.000000e+01  7.197694e+00
     vertex -1.736613e+00  0.000000e+00  7.246257e+00
     vertex -1.803070e+00  0.000000e+00  7.197694e+00
   endloop
 endfacet
 facet normal -6.119310e-01  0.000000e+00  7.909112e-01
   outer loop
     vertex -1.868170e+00 -1.000000e+01  7.147326e+00
     vertex -1.803070e+00 -1.000000e+01  7.197694e+00
     vertex -1.803070e+00  0.000000e+00  7.197694e+00
   endloop
 endfacet
 facet normal -6.119310e-01  0.000000e+00  7.909112e-01
   outer loop
     vertex -1.868170e+00 -1.000000e+01  7.147326e+00
     vertex -1.803070e+00  0.000000e+00  7.197694e+00
     vertex -1.868170e+00  0.000000e+00  7.147326e+00
   endloop
 endfacet
 facet normal -6.333986e-01  0.000000e+00  7.738257e-01
   outer loop
     vertex -1.931864e+00 -1.000000e+01  7.095191e+00
     vertex -1.868170e+00 -1.000000e+01  7.147326e+00
     vertex -1.868170e+00  0.000000e+00  7.147326e+00
   endloop
 endfacet
 facet normal -6.333986e-01  0.000000e+00  7.738257e-01
   outer loop
     vertex -1.931864e+00 -1.000000e+01  7.095191e+00
     vertex -1.868170e+00  0.000000e+00  7.147326e+00
     vertex -1.931864e+00  0.000000e+00  7.095191e+00
   endloop
 endfacet
 facet normal -6.543893e-01  0.000000e+00  7.561578e-01
   outer loop
     vertex -1.994103e+00 -1.000000e+01  7.041329e+00
     vertex -1.931864e+00 -1.000000e+01  7.095191e+00
     vertex -1.931864e+00  0.000000e+00  7.095191e+00
   endloop
 endfacet
 facet normal -6.543893e-01  0.000000e+00  7.561578e-01
   outer loop
     vertex -1.994103e+00 -1.000000e+01  7.041329e+00
     vertex -1.931864e+00  0.000000e+00  7.095191e+00
     vertex -1.994103e+00  0.000000e+00  7.041329e+00
   endloop
 endfacet
 facet normal -6.748875e-01  0.000000e+00  7.379206e-01
   outer loop
     vertex -1.994103e+00 -1.000000e+01  7.041329e+00
     vertex -1.994103e+00  0.000000e+00  7.041329e+00
     vertex -2.054841e+00  0.000000e+00  6.985779e+00
   endloop
 endfacet
 facet normal -6.748875e-01  0.000000e+00  7.379206e-01
   outer loop
     vertex -2.054841e+00 -1.000000e+01  6.985779e+00
     vertex -1.994103e+00 -1.000000e+01  7.041329e+00
     vertex -2.054841e+00  0.000000e+00  6.985779e+00
   endloop
 endfacet
 facet normal -6.948776e-01  0.000000e+00  7.191280e-01
   outer loop
     vertex -2.114032e+00 -1.000000e+01  6.928583e+00
     vertex -2.054841e+00 -1.000000e+01  6.985779e+00
     vertex -2.054841e+00  0.000000e+00  6.985779e+00
   endloop
 endfacet
 facet normal -6.948776e-01  0.000000e+00  7.191280e-01
   outer loop
     vertex -2.114032e+00 -1.000000e+01  6.928583e+00
     vertex -2.054841e+00  0.000000e+00  6.985779e+00
     vertex -2.114032e+00  0.000000e+00  6.928583e+00
   endloop
 endfacet
 facet normal -7.143447e-01  0.000000e+00  6.997940e-01
   outer loop
     vertex -2.171632e+00 -1.000000e+01  6.869786e+00
     vertex -2.114032e+00 -1.000000e+01  6.928583e+00
     vertex -2.114032e+00  0.000000e+00  6.928583e+00
   endloop
 endfacet
 facet normal -7.143447e-01  0.000000e+00  6.997940e-01
   outer loop
     vertex -2.171632e+00 -1.000000e+01  6.869786e+00
     vertex -2.114032e+00  0.000000e+00  6.928583e+00
     vertex -2.171632e+00  0.000000e+00  6.869786e+00
   endloop
 endfacet
 facet normal -7.332740e-01  0.000000e+00  6.799333e-01
   outer loop
     vertex -2.171632e+00 -1.000000e+01  6.869786e+00
     vertex -2.171632e+00  0.000000e+00  6.869786e+00
     vertex -2.227598e+00  0.000000e+00  6.809430e+00
   endloop
 endfacet
 facet normal -7.332740e-01  0.000000e+00  6.799333e-01
   outer loop
     vertex -2.227598e+00 -1.000000e+01  6.809430e+00
     vertex -2.171632e+00 -1.000000e+01  6.869786e+00
     vertex -2.227598e+00  0.000000e+00  6.809430e+00
   endloop
 endfacet
 facet normal -7.516513e-01  0.000000e+00  6.595607e-01
   outer loop
     vertex -2.227598e+00 -1.000000e+01  6.809430e+00
     vertex -2.227598e+00  0.000000e+00  6.809430e+00
     vertex -2.281886e+00  0.000000e+00  6.747562e+00
   endloop
 endfacet
 facet normal -7.516513e-01  0.000000e+00  6.595607e-01
   outer loop
     vertex -2.281886e+00 -1.000000e+01  6.747562e+00
     vertex -2.227598e+00 -1.000000e+01  6.809430e+00
     vertex -2.281886e+00  0.000000e+00  6.747562e+00
   endloop
 endfacet
 facet normal -7.694628e-01  0.000000e+00  6.386916e-01
   outer loop
     vertex -2.334457e+00 -1.000000e+01  6.684227e+00
     vertex -2.281886e+00 -1.000000e+01  6.747562e+00
     vertex -2.281886e+00  0.000000e+00  6.747562e+00
   endloop
 endfacet
 facet normal -7.694628e-01  0.000000e+00  6.386916e-01
   outer loop
     vertex -2.334457e+00 -1.000000e+01  6.684227e+00
     vertex -2.281886e+00  0.000000e+00  6.747562e+00
     vertex -2.334457e+00  0.000000e+00  6.684227e+00
   endloop
 endfacet
 facet normal -7.866951e-01  0.000000e+00  6.173417e-01
   outer loop
     vertex -2.385270e+00 -1.000000e+01  6.619474e+00
     vertex -2.334457e+00 -1.000000e+01  6.684227e+00
     vertex -2.334457e+00  0.000000e+00  6.684227e+00
   endloop
 endfacet
 facet normal -7.866951e-01  0.000000e+00  6.173417e-01
   outer loop
     vertex -2.385270e+00 -1.000000e+01  6.619474e+00
     vertex -2.334457e+00  0.000000e+00  6.684227e+00
     vertex -2.385270e+00  0.000000e+00  6.619474e+00
   endloop
 endfacet
 facet normal -8.033352e-01  0.000000e+00  5.955271e-01
   outer loop
     vertex -2.434288e+00 -1.000000e+01  6.553352e+00
     vertex -2.385270e+00 -1.000000e+01  6.619474e+00
     vertex -2.385270e+00  0.000000e+00  6.619474e+00
   endloop
 endfacet
 facet normal -8.033352e-01  0.000000e+00  5.955271e-01
   outer loop
     vertex -2.434288e+00 -1.000000e+01  6.553352e+00
     vertex -2.385270e+00  0.000000e+00  6.619474e+00
     vertex -2.434288e+00  0.000000e+00  6.553352e+00
   endloop
 endfacet
 facet normal -8.193706e-01  0.000000e+00  5.732642e-01
   outer loop
     vertex -2.481473e+00 -1.000000e+01  6.485910e+00
     vertex -2.434288e+00 -1.000000e+01  6.553352e+00
     vertex -2.434288e+00  0.000000e+00  6.553352e+00
   endloop
 endfacet
 facet normal -8.193706e-01  0.000000e+00  5.732642e-01
   outer loop
     vertex -2.481473e+00 -1.000000e+01  6.485910e+00
     vertex -2.434288e+00  0.000000e+00  6.553352e+00
     vertex -2.481473e+00  0.000000e+00  6.485910e+00
   endloop
 endfacet
 facet normal -8.347891e-01  0.000000e+00  5.505698e-01
   outer loop
     vertex -2.526790e+00 -1.000000e+01  6.417198e+00
     vertex -2.481473e+00 -1.000000e+01  6.485910e+00
     vertex -2.481473e+00  0.000000e+00  6.485910e+00
   endloop
 endfacet
 facet normal -8.347891e-01  0.000000e+00  5.505698e-01
   outer loop
     vertex -2.526790e+00 -1.000000e+01  6.417198e+00
     vertex -2.481473e+00  0.000000e+00  6.485910e+00
     vertex -2.526790e+00  0.000000e+00  6.417198e+00
   endloop
 endfacet
 facet normal -8.495793e-01  0.000000e+00  5.274609e-01
   outer loop
     vertex -2.570206e+00 -1.000000e+01  6.347270e+00
     vertex -2.526790e+00 -1.000000e+01  6.417198e+00
     vertex -2.526790e+00  0.000000e+00  6.417198e+00
   endloop
 endfacet
 facet normal -8.495793e-01  0.000000e+00  5.274609e-01
   outer loop
     vertex -2.570206e+00 -1.000000e+01  6.347270e+00
     vertex -2.526790e+00  0.000000e+00  6.417198e+00
     vertex -2.570206e+00  0.000000e+00  6.347270e+00
   endloop
 endfacet
 facet normal -8.637299e-01  0.000000e+00  5.039550e-01
   outer loop
     vertex -2.570206e+00 -1.000000e+01  6.347270e+00
     vertex -2.570206e+00  0.000000e+00  6.347270e+00
     vertex -2.611686e+00  0.000000e+00  6.276176e+00
   endloop
 endfacet
 facet normal -8.637299e-01  0.000000e+00  5.039550e-01
   outer loop
     vertex -2.611686e+00 -1.000000e+01  6.276176e+00
     vertex -2.570206e+00 -1.000000e+01  6.347270e+00
     vertex -2.611686e+00  0.000000e+00  6.276176e+00
   endloop
 endfacet
 facet normal -8.772303e-01  0.000000e+00  4.800697e-01
   outer loop
     vertex -2.651201e+00 -1.000000e+01  6.203971e+00
     vertex -2.611686e+00 -1.000000e+01  6.276176e+00
     vertex -2.611686e+00  0.000000e+00  6.276176e+00
   endloop
 endfacet
 facet normal -8.772303e-01  0.000000e+00  4.800697e-01
   outer loop
     vertex -2.651201e+00 -1.000000e+01  6.203971e+00
     vertex -2.611686e+00  0.000000e+00  6.276176e+00
     vertex -2.651201e+00  0.000000e+00  6.203971e+00
   endloop
 endfacet
 facet normal -8.900704e-01  0.000000e+00  4.558231e-01
   outer loop
     vertex -2.688719e+00 -1.000000e+01  6.130710e+00
     vertex -2.651201e+00 -1.000000e+01  6.203971e+00
     vertex -2.651201e+00  0.000000e+00  6.203971e+00
   endloop
 endfacet
 facet normal -8.900704e-01  0.000000e+00  4.558231e-01
   outer loop
     vertex -2.688719e+00 -1.000000e+01  6.130710e+00
     vertex -2.651201e+00  0.000000e+00  6.203971e+00
     vertex -2.688719e+00  0.000000e+00  6.130710e+00
   endloop
 endfacet
 facet normal -9.022405e-01  0.000000e+00  4.312333e-01
   outer loop
     vertex -2.688719e+00 -1.000000e+01  6.130710e+00
     vertex -2.688719e+00  0.000000e+00  6.130710e+00
     vertex -2.724214e+00  0.000000e+00  6.056446e+00
   endloop
 endfacet
 facet normal -9.022405e-01  0.000000e+00  4.312333e-01
   outer loop
     vertex -2.724214e+00 -1.000000e+01  6.056446e+00
     vertex -2.688719e+00 -1.000000e+01  6.130710e+00
     vertex -2.724214e+00  0.000000e+00  6.056446e+00
   endloop
 endfacet
 facet normal -9.137314e-01  0.000000e+00  4.063188e-01
   outer loop
     vertex -2.757658e+00 -1.000000e+01  5.981237e+00
     vertex -2.724214e+00 -1.000000e+01  6.056446e+00
     vertex -2.724214e+00  0.000000e+00  6.056446e+00
   endloop
 endfacet
 facet normal -9.137314e-01  0.000000e+00  4.063188e-01
   outer loop
     vertex -2.757658e+00 -1.000000e+01  5.981237e+00
     vertex -2.724214e+00  0.000000e+00  6.056446e+00
     vertex -2.757658e+00  0.000000e+00  5.981237e+00
   endloop
 endfacet
 facet normal -9.245344e-01  0.000000e+00  3.810986e-01
   outer loop
     vertex -2.789026e+00 -1.000000e+01  5.905139e+00
     vertex -2.757658e+00  0.000000e+00  5.981237e+00
     vertex -2.789026e+00  0.000000e+00  5.905139e+00
   endloop
 endfacet
 facet normal -9.245344e-01  0.000000e+00  3.810986e-01
   outer loop
     vertex -2.789026e+00 -1.000000e+01  5.905139e+00
     vertex -2.757658e+00 -1.000000e+01  5.981237e+00
     vertex -2.757658e+00  0.000000e+00  5.981237e+00
   endloop
 endfacet
 facet normal -9.346415e-01  0.000000e+00  3.555914e-01
   outer loop
     vertex -2.818295e+00 -1.000000e+01  5.828209e+00
     vertex -2.789026e+00  0.000000e+00  5.905139e+00
     vertex -2.818295e+00  0.000000e+00  5.828209e+00
   endloop
 endfacet
 facet normal -9.346415e-01  0.000000e+00  3.555914e-01
   outer loop
     vertex -2.818295e+00 -1.000000e+01  5.828209e+00
     vertex -2.789026e+00 -1.000000e+01  5.905139e+00
     vertex -2.789026e+00  0.000000e+00  5.905139e+00
   endloop
 endfacet
 facet normal -9.440450e-01  0.000000e+00  3.298166e-01
   outer loop
     vertex -2.845442e+00 -1.000000e+01  5.750504e+00
     vertex -2.818295e+00  0.000000e+00  5.828209e+00
     vertex -2.845442e+00  0.000000e+00  5.750504e+00
   endloop
 endfacet
 facet normal -9.440450e-01  0.000000e+00  3.298166e-01
   outer loop
     vertex -2.845442e+00 -1.000000e+01  5.750504e+00
     vertex -2.818295e+00 -1.000000e+01  5.828209e+00
     vertex -2.818295e+00  0.000000e+00  5.828209e+00
   endloop
 endfacet
 facet normal -9.527379e-01  0.000000e+00  3.037934e-01
   outer loop
     vertex -2.870447e+00 -1.000000e+01  5.672085e+00
     vertex -2.845442e+00  0.000000e+00  5.750504e+00
     vertex -2.870447e+00  0.000000e+00  5.672085e+00
   endloop
 endfacet
 facet normal -9.527379e-01  0.000000e+00  3.037934e-01
   outer loop
     vertex -2.870447e+00 -1.000000e+01  5.672085e+00
     vertex -2.845442e+00 -1.000000e+01  5.750504e+00
     vertex -2.845442e+00  0.000000e+00  5.750504e+00
   endloop
 endfacet
 facet normal -9.607136e-01  0.000000e+00  2.775416e-01
   outer loop
     vertex -2.893292e+00 -1.000000e+01  5.593008e+00
     vertex -2.870447e+00 -1.000000e+01  5.672085e+00
     vertex -2.870447e+00  0.000000e+00  5.672085e+00
   endloop
 endfacet
 facet normal -9.607136e-01  0.000000e+00  2.775416e-01
   outer loop
     vertex -2.893292e+00 -1.000000e+01  5.593008e+00
     vertex -2.870447e+00  0.000000e+00  5.672085e+00
     vertex -2.893292e+00  0.000000e+00  5.593008e+00
   endloop
 endfacet
 facet normal -9.679661e-01  0.000000e+00  2.510809e-01
   outer loop
     vertex -2.913958e+00 -1.000000e+01  5.513335e+00
     vertex -2.893292e+00 -1.000000e+01  5.593008e+00
     vertex -2.893292e+00  0.000000e+00  5.593008e+00
   endloop
 endfacet
 facet normal -9.679661e-01  0.000000e+00  2.510809e-01
   outer loop
     vertex -2.913958e+00 -1.000000e+01  5.513335e+00
     vertex -2.893292e+00  0.000000e+00  5.593008e+00
     vertex -2.913958e+00  0.000000e+00  5.513335e+00
   endloop
 endfacet
 facet normal -9.744899e-01  0.000000e+00  2.244312e-01
   outer loop
     vertex -2.932431e+00 -1.000000e+01  5.433125e+00
     vertex -2.913958e+00 -1.000000e+01  5.513335e+00
     vertex -2.913958e+00  0.000000e+00  5.513335e+00
   endloop
 endfacet
 facet normal -9.744899e-01  0.000000e+00  2.244312e-01
   outer loop
     vertex -2.932431e+00 -1.000000e+01  5.433125e+00
     vertex -2.913958e+00  0.000000e+00  5.513335e+00
     vertex -2.932431e+00  0.000000e+00  5.433125e+00
   endloop
 endfacet
 facet normal -9.802802e-01  0.000000e+00  1.976125e-01
   outer loop
     vertex -2.948697e+00 -1.000000e+01  5.352438e+00
     vertex -2.932431e+00 -1.000000e+01  5.433125e+00
     vertex -2.932431e+00  0.000000e+00  5.433125e+00
   endloop
 endfacet
 facet normal -9.802802e-01  0.000000e+00  1.976125e-01
   outer loop
     vertex -2.948697e+00 -1.000000e+01  5.352438e+00
     vertex -2.932431e+00  0.000000e+00  5.433125e+00
     vertex -2.948697e+00  0.000000e+00  5.352438e+00
   endloop
 endfacet
 facet normal -9.853326e-01  0.000000e+00  1.706451e-01
   outer loop
     vertex -2.962742e+00 -1.000000e+01  5.271336e+00
     vertex -2.948697e+00 -1.000000e+01  5.352438e+00
     vertex -2.948697e+00  0.000000e+00  5.352438e+00
   endloop
 endfacet
 facet normal -9.853326e-01  0.000000e+00  1.706451e-01
   outer loop
     vertex -2.962742e+00 -1.000000e+01  5.271336e+00
     vertex -2.948697e+00  0.000000e+00  5.352438e+00
     vertex -2.962742e+00  0.000000e+00  5.271336e+00
   endloop
 endfacet
 facet normal -9.896432e-01  0.000000e+00  1.435492e-01
   outer loop
     vertex -2.974558e+00 -1.000000e+01  5.189878e+00
     vertex -2.962742e+00 -1.000000e+01  5.271336e+00
     vertex -2.962742e+00  0.000000e+00  5.271336e+00
   endloop
 endfacet
 facet normal -9.896432e-01  0.000000e+00  1.435492e-01
   outer loop
     vertex -2.974558e+00 -1.000000e+01  5.189878e+00
     vertex -2.962742e+00  0.000000e+00  5.271336e+00
     vertex -2.974558e+00  0.000000e+00  5.189878e+00
   endloop
 endfacet
 facet normal -9.932088e-01  0.000000e+00  1.163452e-01
   outer loop
     vertex -2.984134e+00 -1.000000e+01  5.108127e+00
     vertex -2.974558e+00 -1.000000e+01  5.189878e+00
     vertex -2.974558e+00  0.000000e+00  5.189878e+00
   endloop
 endfacet
 facet normal -9.932088e-01  0.000000e+00  1.163452e-01
   outer loop
     vertex -2.984134e+00 -1.000000e+01  5.108127e+00
     vertex -2.974558e+00  0.000000e+00  5.189878e+00
     vertex -2.984134e+00  0.000000e+00  5.108127e+00
   endloop
 endfacet
 facet normal -9.960268e-01  0.000000e+00  8.905371e-02
   outer loop
     vertex -2.991464e+00 -1.000000e+01  5.026145e+00
     vertex -2.984134e+00 -1.000000e+01  5.108127e+00
     vertex -2.984134e+00  0.000000e+00  5.108127e+00
   endloop
 endfacet
 facet normal -9.960268e-01  0.000000e+00  8.905371e-02
   outer loop
     vertex -2.991464e+00 -1.000000e+01  5.026145e+00
     vertex -2.984134e+00  0.000000e+00  5.108127e+00
     vertex -2.991464e+00  0.000000e+00  5.026145e+00
   endloop
 endfacet
 facet normal -9.980950e-01  0.000000e+00  6.169515e-02
   outer loop
     vertex -2.996542e+00 -1.000000e+01  4.943991e+00
     vertex -2.991464e+00 -1.000000e+01  5.026145e+00
     vertex -2.991464e+00  0.000000e+00  5.026145e+00
   endloop
 endfacet
 facet normal -9.980950e-01  0.000000e+00  6.169515e-02
   outer loop
     vertex -2.996542e+00 -1.000000e+01  4.943991e+00
     vertex -2.991464e+00  0.000000e+00  5.026145e+00
     vertex -2.996542e+00  0.000000e+00  4.943991e+00
   endloop
 endfacet
 facet normal -9.994119e-01  0.000000e+00  3.429014e-02
   outer loop
     vertex -2.999365e+00 -1.000000e+01  4.861730e+00
     vertex -2.996542e+00 -1.000000e+01  4.943991e+00
     vertex -2.996542e+00  0.000000e+00  4.943991e+00
   endloop
 endfacet
 facet normal -9.994119e-01  0.000000e+00  3.429014e-02
   outer loop
     vertex -2.999365e+00 -1.000000e+01  4.861730e+00
     vertex -2.996542e+00  0.000000e+00  4.943991e+00
     vertex -2.999365e+00  0.000000e+00  4.861730e+00
   endloop
 endfacet
 facet normal -9.999765e-01  0.000000e+00  6.859319e-03
   outer loop
     vertex -2.999365e+00 -1.000000e+01  4.861730e+00
     vertex -2.999365e+00  0.000000e+00  4.861730e+00
     vertex -2.999929e+00  0.000000e+00  4.779422e+00
   endloop
 endfacet
 facet normal -9.999765e-01  0.000000e+00  6.859319e-03
   outer loop
     vertex -2.999929e+00 -1.000000e+01  4.779422e+00
     vertex -2.999365e+00 -1.000000e+01  4.861730e+00
     vertex -2.999929e+00  0.000000e+00  4.779422e+00
   endloop
 endfacet
 facet normal -9.997883e-01  0.000000e+00 -2.057667e-02
   outer loop
     vertex -2.999929e+00 -1.000000e+01  4.779422e+00
     vertex -2.999929e+00  0.000000e+00  4.779422e+00
     vertex -2.998236e+00  0.000000e+00  4.697130e+00
   endloop
 endfacet
 facet normal -9.997883e-01  0.000000e+00 -2.057667e-02
   outer loop
     vertex -2.998236e+00 -1.000000e+01  4.697130e+00
     vertex -2.999929e+00 -1.000000e+01  4.779422e+00
     vertex -2.998236e+00  0.000000e+00  4.697130e+00
   endloop
 endfacet
 facet normal -9.988475e-01  0.000000e+00 -4.799716e-02
   outer loop
     vertex -2.994285e+00 -1.000000e+01  4.614915e+00
     vertex -2.998236e+00  0.000000e+00  4.697130e+00
     vertex -2.994285e+00  0.000000e+00  4.614915e+00
   endloop
 endfacet
 facet normal -9.988475e-01  0.000000e+00 -4.799716e-02
   outer loop
     vertex -2.994285e+00 -1.000000e+01  4.614915e+00
     vertex -2.998236e+00 -1.000000e+01  4.697130e+00
     vertex -2.998236e+00  0.000000e+00  4.697130e+00
   endloop
 endfacet
 facet normal -9.971548e-01  0.000000e+00 -7.538152e-02
   outer loop
     vertex -2.988080e+00 -1.000000e+01  4.532839e+00
     vertex -2.994285e+00  0.000000e+00  4.614915e+00
     vertex -2.988080e+00  0.000000e+00  4.532839e+00
   endloop
 endfacet
 facet normal -9.971548e-01  0.000000e+00 -7.538152e-02
   outer loop
     vertex -2.988080e+00 -1.000000e+01  4.532839e+00
     vertex -2.994285e+00 -1.000000e+01  4.614915e+00
     vertex -2.994285e+00  0.000000e+00  4.614915e+00
   endloop
 endfacet
 facet normal -9.947114e-01  0.000000e+00 -1.027091e-01
   outer loop
     vertex -2.979626e+00 -1.000000e+01  4.450964e+00
     vertex -2.988080e+00  0.000000e+00  4.532839e+00
     vertex -2.979626e+00  0.000000e+00  4.450964e+00
   endloop
 endfacet
 facet normal -9.947114e-01  0.000000e+00 -1.027091e-01
   outer loop
     vertex -2.979626e+00 -1.000000e+01  4.450964e+00
     vertex -2.988080e+00 -1.000000e+01  4.532839e+00
     vertex -2.988080e+00  0.000000e+00  4.532839e+00
   endloop
 endfacet
 facet normal -9.915193e-01  0.000000e+00 -1.299594e-01
   outer loop
     vertex -2.968930e+00 -1.000000e+01  4.369352e+00
     vertex -2.979626e+00  0.000000e+00  4.450964e+00
     vertex -2.968930e+00  0.000000e+00  4.369352e+00
   endloop
 endfacet
 facet normal -9.915193e-01  0.000000e+00 -1.299594e-01
   outer loop
     vertex -2.968930e+00 -1.000000e+01  4.369352e+00
     vertex -2.979626e+00 -1.000000e+01  4.450964e+00
     vertex -2.979626e+00  0.000000e+00  4.450964e+00
   endloop
 endfacet
 facet normal -9.875808e-01  0.000000e+00 -1.571119e-01
   outer loop
     vertex -2.955998e+00 -1.000000e+01  4.288065e+00
     vertex -2.968930e+00  0.000000e+00  4.369352e+00
     vertex -2.955998e+00  0.000000e+00  4.288065e+00
   endloop
 endfacet
 facet normal -9.875808e-01  0.000000e+00 -1.571119e-01
   outer loop
     vertex -2.955998e+00 -1.000000e+01  4.288065e+00
     vertex -2.968930e+00 -1.000000e+01  4.369352e+00
     vertex -2.968930e+00  0.000000e+00  4.369352e+00
   endloop
 endfacet
 facet normal -9.828989e-01  0.000000e+00 -1.841461e-01
   outer loop
     vertex -2.940841e+00 -1.000000e+01  4.207162e+00
     vertex -2.955998e+00  0.000000e+00  4.288065e+00
     vertex -2.940841e+00  0.000000e+00  4.207162e+00
   endloop
 endfacet
 facet normal -9.828989e-01  0.000000e+00 -1.841461e-01
   outer loop
     vertex -2.940841e+00 -1.000000e+01  4.207162e+00
     vertex -2.955998e+00 -1.000000e+01  4.288065e+00
     vertex -2.955998e+00  0.000000e+00  4.288065e+00
   endloop
 endfacet
 facet normal -9.774771e-01  0.000000e+00 -2.110417e-01
   outer loop
     vertex -2.923470e+00 -1.000000e+01  4.126706e+00
     vertex -2.940841e+00  0.000000e+00  4.207162e+00
     vertex -2.923470e+00  0.000000e+00  4.126706e+00
   endloop
 endfacet
 facet normal -9.774771e-01  0.000000e+00 -2.110417e-01
   outer loop
     vertex -2.923470e+00 -1.000000e+01  4.126706e+00
     vertex -2.940841e+00 -1.000000e+01  4.207162e+00
     vertex -2.940841e+00  0.000000e+00  4.207162e+00
   endloop
 endfacet
 facet normal -9.713194e-01  0.000000e+00 -2.377784e-01
   outer loop
     vertex -2.903898e+00 -1.000000e+01  4.046757e+00
     vertex -2.923470e+00  0.000000e+00  4.126706e+00
     vertex -2.903898e+00  0.000000e+00  4.046757e+00
   endloop
 endfacet
 facet normal -9.713194e-01  0.000000e+00 -2.377784e-01
   outer loop
     vertex -2.903898e+00 -1.000000e+01  4.046757e+00
     vertex -2.923470e+00 -1.000000e+01  4.126706e+00
     vertex -2.923470e+00  0.000000e+00  4.126706e+00
   endloop
 endfacet
 facet normal -9.644306e-01  0.000000e+00 -2.643362e-01
   outer loop
     vertex -2.882141e+00 -1.000000e+01  3.967375e+00
     vertex -2.903898e+00  0.000000e+00  4.046757e+00
     vertex -2.882141e+00  0.000000e+00  3.967375e+00
   endloop
 endfacet
 facet normal -9.644306e-01  0.000000e+00 -2.643362e-01
   outer loop
     vertex -2.882141e+00 -1.000000e+01  3.967375e+00
     vertex -2.903898e+00 -1.000000e+01  4.046757e+00
     vertex -2.903898e+00  0.000000e+00  4.046757e+00
   endloop
 endfacet
 facet normal -9.568158e-01  0.000000e+00 -2.906949e-01
   outer loop
     vertex -2.858214e+00 -1.000000e+01  3.888620e+00
     vertex -2.882141e+00  0.000000e+00  3.967375e+00
     vertex -2.858214e+00  0.000000e+00  3.888620e+00
   endloop
 endfacet
 facet normal -9.568158e-01  0.000000e+00 -2.906949e-01
   outer loop
     vertex -2.858214e+00 -1.000000e+01  3.888620e+00
     vertex -2.882141e+00 -1.000000e+01  3.967375e+00
     vertex -2.882141e+00  0.000000e+00  3.967375e+00
   endloop
 endfacet
 facet normal -9.484807e-01  0.000000e+00 -3.168348e-01
   outer loop
     vertex -2.832135e+00 -1.000000e+01  3.810550e+00
     vertex -2.858214e+00  0.000000e+00  3.888620e+00
     vertex -2.832135e+00  0.000000e+00  3.810550e+00
   endloop
 endfacet
 facet normal -9.394317e-01  0.000000e+00 -3.427362e-01
   outer loop
     vertex -2.832135e+00 -1.000000e+01  3.810550e+00
     vertex -2.832135e+00  0.000000e+00  3.810550e+00
     vertex -2.803925e+00  0.000000e+00  3.733226e+00
   endloop
 endfacet
 facet normal -9.484807e-01  0.000000e+00 -3.168348e-01
   outer loop
     vertex -2.832135e+00 -1.000000e+01  3.810550e+00
     vertex -2.858214e+00 -1.000000e+01  3.888620e+00
     vertex -2.858214e+00  0.000000e+00  3.888620e+00
   endloop
 endfacet
 facet normal -9.296754e-01  0.000000e+00 -3.683796e-01
   outer loop
     vertex -2.803925e+00 -1.000000e+01  3.733226e+00
     vertex -2.803925e+00  0.000000e+00  3.733226e+00
     vertex -2.773603e+00  0.000000e+00  3.656704e+00
   endloop
 endfacet
 facet normal -9.394317e-01  0.000000e+00 -3.427362e-01
   outer loop
     vertex -2.803925e+00 -1.000000e+01  3.733226e+00
     vertex -2.832135e+00 -1.000000e+01  3.810550e+00
     vertex -2.803925e+00  0.000000e+00  3.733226e+00
   endloop
 endfacet
 facet normal -9.296754e-01  0.000000e+00 -3.683796e-01
   outer loop
     vertex -2.773603e+00 -1.000000e+01  3.656704e+00
     vertex -2.803925e+00 -1.000000e+01  3.733226e+00
     vertex -2.773603e+00  0.000000e+00  3.656704e+00
   endloop
 endfacet
 facet normal -9.192194e-01  0.000000e+00 -3.937458e-01
   outer loop
     vertex -2.741194e+00 -1.000000e+01  3.581043e+00
     vertex -2.773603e+00 -1.000000e+01  3.656704e+00
     vertex -2.773603e+00  0.000000e+00  3.656704e+00
   endloop
 endfacet
 facet normal -9.192194e-01  0.000000e+00 -3.937458e-01
   outer loop
     vertex -2.741194e+00 -1.000000e+01  3.581043e+00
     vertex -2.773603e+00  0.000000e+00  3.656704e+00
     vertex -2.741194e+00  0.000000e+00  3.581043e+00
   endloop
 endfacet
 facet normal -9.080714e-01  0.000000e+00 -4.188155e-01
   outer loop
     vertex -2.741194e+00 -1.000000e+01  3.581043e+00
     vertex -2.741194e+00  0.000000e+00  3.581043e+00
     vertex -2.706721e+00  0.000000e+00  3.506300e+00
   endloop
 endfacet
 facet normal -9.080714e-01  0.000000e+00 -4.188155e-01
   outer loop
     vertex -2.706721e+00 -1.000000e+01  3.506300e+00
     vertex -2.741194e+00 -1.000000e+01  3.581043e+00
     vertex -2.706721e+00  0.000000e+00  3.506300e+00
   endloop
 endfacet
 facet normal -8.962398e-01  0.000000e+00 -4.435699e-01
   outer loop
     vertex -2.670211e+00 -1.000000e+01  3.432531e+00
     vertex -2.706721e+00  0.000000e+00  3.506300e+00
     vertex -2.670211e+00  0.000000e+00  3.432531e+00
   endloop
 endfacet
 facet normal -8.837335e-01  0.000000e+00 -4.679904e-01
   outer loop
     vertex -2.670211e+00 -1.000000e+01  3.432531e+00
     vertex -2.670211e+00  0.000000e+00  3.432531e+00
     vertex -2.631691e+00  0.000000e+00  3.359791e+00
   endloop
 endfacet
 facet normal -8.962398e-01  0.000000e+00 -4.435699e-01
   outer loop
     vertex -2.670211e+00 -1.000000e+01  3.432531e+00
     vertex -2.706721e+00 -1.000000e+01  3.506300e+00
     vertex -2.706721e+00  0.000000e+00  3.506300e+00
   endloop
 endfacet
 facet normal -8.837335e-01  0.000000e+00 -4.679904e-01
   outer loop
     vertex -2.631691e+00 -1.000000e+01  3.359791e+00
     vertex -2.670211e+00 -1.000000e+01  3.432531e+00
     vertex -2.631691e+00  0.000000e+00  3.359791e+00
   endloop
 endfacet
 facet normal -8.705620e-01  0.000000e+00 -4.920587e-01
   outer loop
     vertex -2.591190e+00 -1.000000e+01  3.288135e+00
     vertex -2.631691e+00  0.000000e+00  3.359791e+00
     vertex -2.591190e+00  0.000000e+00  3.288135e+00
   endloop
 endfacet
 facet normal -8.705620e-01  0.000000e+00 -4.920587e-01
   outer loop
     vertex -2.591190e+00 -1.000000e+01  3.288135e+00
     vertex -2.631691e+00 -1.000000e+01  3.359791e+00
     vertex -2.631691e+00  0.000000e+00  3.359791e+00
   endloop
 endfacet
 facet normal -8.567352e-01  0.000000e+00 -5.157565e-01
   outer loop
     vertex -2.591190e+00 -1.000000e+01  3.288135e+00
     vertex -2.591190e+00  0.000000e+00  3.288135e+00
     vertex -2.548738e+00  0.000000e+00  3.217617e+00
   endloop
 endfacet
 facet normal -8.567352e-01  0.000000e+00 -5.157565e-01
   outer loop
     vertex -2.548738e+00 -1.000000e+01  3.217617e+00
     vertex -2.591190e+00 -1.000000e+01  3.288135e+00
     vertex -2.548738e+00  0.000000e+00  3.217617e+00
   endloop
 endfacet
 facet normal -8.422635e-01  0.000000e+00 -5.390661e-01
   outer loop
     vertex -2.548738e+00 -1.000000e+01  3.217617e+00
     vertex -2.548738e+00  0.000000e+00  3.217617e+00
     vertex -2.504367e+00  0.000000e+00  3.148291e+00
   endloop
 endfacet
 facet normal -8.271577e-01  0.000000e+00 -5.619699e-01
   outer loop
     vertex -2.504367e+00 -1.000000e+01  3.148291e+00
     vertex -2.504367e+00  0.000000e+00  3.148291e+00
     vertex -2.458112e+00  0.000000e+00  3.080207e+00
   endloop
 endfacet
 facet normal -8.422635e-01  0.000000e+00 -5.390661e-01
   outer loop
     vertex -2.504367e+00 -1.000000e+01  3.148291e+00
     vertex -2.548738e+00 -1.000000e+01  3.217617e+00
     vertex -2.504367e+00  0.000000e+00  3.148291e+00
   endloop
 endfacet
 facet normal -8.271577e-01  0.000000e+00 -5.619699e-01
   outer loop
     vertex -2.458112e+00 -1.000000e+01  3.080207e+00
     vertex -2.504367e+00 -1.000000e+01  3.148291e+00
     vertex -2.458112e+00  0.000000e+00  3.080207e+00
   endloop
 endfacet
 facet normal -8.114292e-01  0.000000e+00 -5.844507e-01
   outer loop
     vertex -2.410006e+00 -1.000000e+01  3.013419e+00
     vertex -2.458112e+00  0.000000e+00  3.080207e+00
     vertex -2.410006e+00  0.000000e+00  3.013419e+00
   endloop
 endfacet
 facet normal -7.950900e-01  0.000000e+00 -6.064915e-01
   outer loop
     vertex -2.410006e+00 -1.000000e+01  3.013419e+00
     vertex -2.410006e+00  0.000000e+00  3.013419e+00
     vertex -2.360085e+00  0.000000e+00  2.947975e+00
   endloop
 endfacet
 facet normal -8.114292e-01  0.000000e+00 -5.844507e-01
   outer loop
     vertex -2.410006e+00 -1.000000e+01  3.013419e+00
     vertex -2.458112e+00 -1.000000e+01  3.080207e+00
     vertex -2.458112e+00  0.000000e+00  3.080207e+00
   endloop
 endfacet
 facet normal -7.950900e-01  0.000000e+00 -6.064915e-01
   outer loop
     vertex -2.360085e+00 -1.000000e+01  2.947975e+00
     vertex -2.410006e+00 -1.000000e+01  3.013419e+00
     vertex -2.360085e+00  0.000000e+00  2.947975e+00
   endloop
 endfacet
 facet normal -7.781522e-01  0.000000e+00 -6.280757e-01
   outer loop
     vertex -2.308389e+00 -1.000000e+01  2.883925e+00
     vertex -2.360085e+00  0.000000e+00  2.947975e+00
     vertex -2.308389e+00  0.000000e+00  2.883925e+00
   endloop
 endfacet
 facet normal -7.781522e-01  0.000000e+00 -6.280757e-01
   outer loop
     vertex -2.308389e+00 -1.000000e+01  2.883925e+00
     vertex -2.360085e+00 -1.000000e+01  2.947975e+00
     vertex -2.360085e+00  0.000000e+00  2.947975e+00
   endloop
 endfacet
 facet normal -7.606287e-01  0.000000e+00 -6.491872e-01
   outer loop
     vertex -2.254954e+00 -1.000000e+01  2.821318e+00
     vertex -2.308389e+00  0.000000e+00  2.883925e+00
     vertex -2.254954e+00  0.000000e+00  2.821318e+00
   endloop
 endfacet
 facet normal -7.606287e-01  0.000000e+00 -6.491872e-01
   outer loop
     vertex -2.254954e+00 -1.000000e+01  2.821318e+00
     vertex -2.308389e+00 -1.000000e+01  2.883925e+00
     vertex -2.308389e+00  0.000000e+00  2.883925e+00
   endloop
 endfacet
 facet normal -7.425325e-01  0.000000e+00 -6.698100e-01
   outer loop
     vertex -2.199822e+00 -1.000000e+01  2.760200e+00
     vertex -2.254954e+00  0.000000e+00  2.821318e+00
     vertex -2.199822e+00  0.000000e+00  2.760200e+00
   endloop
 endfacet
 facet normal -7.238775e-01  0.000000e+00 -6.899286e-01
   outer loop
     vertex -2.199822e+00 -1.000000e+01  2.760200e+00
     vertex -2.199822e+00  0.000000e+00  2.760200e+00
     vertex -2.143034e+00  0.000000e+00  2.700618e+00
   endloop
 endfacet
 facet normal -7.425325e-01  0.000000e+00 -6.698100e-01
   outer loop
     vertex -2.199822e+00 -1.000000e+01  2.760200e+00
     vertex -2.254954e+00 -1.000000e+01  2.821318e+00
     vertex -2.254954e+00  0.000000e+00  2.821318e+00
   endloop
 endfacet
 facet normal -7.238775e-01  0.000000e+00 -6.899286e-01
   outer loop
     vertex -2.143034e+00 -1.000000e+01  2.700618e+00
     vertex -2.199822e+00 -1.000000e+01  2.760200e+00
     vertex -2.143034e+00  0.000000e+00  2.700618e+00
   endloop
 endfacet
 facet normal -7.046775e-01  0.000000e+00 -7.095278e-01
   outer loop
     vertex -2.084633e+00 -1.000000e+01  2.642616e+00
     vertex -2.143034e+00  0.000000e+00  2.700618e+00
     vertex -2.084633e+00  0.000000e+00  2.642616e+00
   endloop
 endfacet
 facet normal -7.046775e-01  0.000000e+00 -7.095278e-01
   outer loop
     vertex -2.084633e+00 -1.000000e+01  2.642616e+00
     vertex -2.143034e+00 -1.000000e+01  2.700618e+00
     vertex -2.143034e+00  0.000000e+00  2.700618e+00
   endloop
 endfacet
 facet normal -6.849470e-01  0.000000e+00 -7.285929e-01
   outer loop
     vertex -2.024663e+00 -1.000000e+01  2.586238e+00
     vertex -2.084633e+00  0.000000e+00  2.642616e+00
     vertex -2.024663e+00  0.000000e+00  2.586238e+00
   endloop
 endfacet
 facet normal -6.849470e-01  0.000000e+00 -7.285929e-01
   outer loop
     vertex -2.024663e+00 -1.000000e+01  2.586238e+00
     vertex -2.084633e+00 -1.000000e+01  2.642616e+00
     vertex -2.084633e+00  0.000000e+00  2.642616e+00
   endloop
 endfacet
 facet normal -6.647010e-01  0.000000e+00 -7.471095e-01
   outer loop
     vertex -1.963168e+00 -1.000000e+01  2.531527e+00
     vertex -2.024663e+00  0.000000e+00  2.586238e+00
     vertex -1.963168e+00  0.000000e+00  2.531527e+00
   endloop
 endfacet
 facet normal -6.647010e-01  0.000000e+00 -7.471095e-01
   outer loop
     vertex -1.963168e+00 -1.000000e+01  2.531527e+00
     vertex -2.024663e+00 -1.000000e+01  2.586238e+00
     vertex -2.024663e+00  0.000000e+00  2.586238e+00
   endloop
 endfacet
 facet normal -6.439545e-01  0.000000e+00 -7.650637e-01
   outer loop
     vertex -1.900196e+00 -1.000000e+01  2.478523e+00
     vertex -1.963168e+00  0.000000e+00  2.531527e+00
     vertex -1.900196e+00  0.000000e+00  2.478523e+00
   endloop
 endfacet
 facet normal -6.227234e-01  0.000000e+00 -7.824421e-01
   outer loop
     vertex -1.900196e+00 -1.000000e+01  2.478523e+00
     vertex -1.900196e+00  0.000000e+00  2.478523e+00
     vertex -1.835793e+00  0.000000e+00  2.427267e+00
   endloop
 endfacet
 facet normal -6.439545e-01  0.000000e+00 -7.650637e-01
   outer loop
     vertex -1.900196e+00 -1.000000e+01  2.478523e+00
     vertex -1.963168e+00 -1.000000e+01  2.531527e+00
     vertex -1.963168e+00  0.000000e+00  2.531527e+00
   endloop
 endfacet
 facet normal -6.227234e-01  0.000000e+00 -7.824421e-01
   outer loop
     vertex -1.835793e+00 -1.000000e+01  2.427267e+00
     vertex -1.900196e+00 -1.000000e+01  2.478523e+00
     vertex -1.835793e+00  0.000000e+00  2.427267e+00
   endloop
 endfacet
 facet normal -6.010234e-01  0.000000e+00 -7.992314e-01
   outer loop
     vertex -1.770008e+00 -1.000000e+01  2.377796e+00
     vertex -1.835793e+00  0.000000e+00  2.427267e+00
     vertex -1.770008e+00  0.000000e+00  2.377796e+00
   endloop
 endfacet
 facet normal -6.010234e-01  0.000000e+00 -7.992314e-01
   outer loop
     vertex -1.770008e+00 -1.000000e+01  2.377796e+00
     vertex -1.835793e+00 -1.000000e+01  2.427267e+00
     vertex -1.835793e+00  0.000000e+00  2.427267e+00
   endloop
 endfacet
 facet normal -5.788711e-01  0.000000e+00 -8.154191e-01
   outer loop
     vertex -1.702891e+00 -1.000000e+01  2.330150e+00
     vertex -1.770008e+00  0.000000e+00  2.377796e+00
     vertex -1.702891e+00  0.000000e+00  2.330150e+00
   endloop
 endfacet
 facet normal -5.788711e-01  0.000000e+00 -8.154191e-01
   outer loop
     vertex -1.702891e+00 -1.000000e+01  2.330150e+00
     vertex -1.770008e+00 -1.000000e+01  2.377796e+00
     vertex -1.770008e+00  0.000000e+00  2.377796e+00
   endloop
 endfacet
 facet normal -5.562829e-01  0.000000e+00 -8.309929e-01
   outer loop
     vertex -1.634492e+00 -1.000000e+01  2.284362e+00
     vertex -1.702891e+00  0.000000e+00  2.330150e+00
     vertex -1.634492e+00  0.000000e+00  2.284362e+00
   endloop
 endfacet
 facet normal -5.562829e-01  0.000000e+00 -8.309929e-01
   outer loop
     vertex -1.634492e+00 -1.000000e+01  2.284362e+00
     vertex -1.702891e+00 -1.000000e+01  2.330150e+00
     vertex -1.702891e+00  0.000000e+00  2.330150e+00
   endloop
 endfacet
 facet normal -5.332761e-01  0.000000e+00 -8.459413e-01
   outer loop
     vertex -1.564863e+00 -1.000000e+01  2.240468e+00
     vertex -1.634492e+00  0.000000e+00  2.284362e+00
     vertex -1.564863e+00  0.000000e+00  2.240468e+00
   endloop
 endfacet
 facet normal -5.332761e-01  0.000000e+00 -8.459413e-01
   outer loop
     vertex -1.564863e+00 -1.000000e+01  2.240468e+00
     vertex -1.634492e+00 -1.000000e+01  2.284362e+00
     vertex -1.634492e+00  0.000000e+00  2.284362e+00
   endloop
 endfacet
 facet normal -5.098678e-01  0.000000e+00 -8.602528e-01
   outer loop
     vertex -1.494056e+00 -1.000000e+01  2.198501e+00
     vertex -1.564863e+00  0.000000e+00  2.240468e+00
     vertex -1.494056e+00  0.000000e+00  2.198501e+00
   endloop
 endfacet
 facet normal -4.860756e-01  0.000000e+00 -8.739167e-01
   outer loop
     vertex -1.494056e+00 -1.000000e+01  2.198501e+00
     vertex -1.494056e+00  0.000000e+00  2.198501e+00
     vertex -1.422124e+00  0.000000e+00  2.158492e+00
   endloop
 endfacet
 facet normal -5.098678e-01  0.000000e+00 -8.602528e-01
   outer loop
     vertex -1.494056e+00 -1.000000e+01  2.198501e+00
     vertex -1.564863e+00 -1.000000e+01  2.240468e+00
     vertex -1.564863e+00  0.000000e+00  2.240468e+00
   endloop
 endfacet
 facet normal -4.619176e-01  0.000000e+00 -8.869228e-01
   outer loop
     vertex -1.422124e+00 -1.000000e+01  2.158492e+00
     vertex -1.422124e+00  0.000000e+00  2.158492e+00
     vertex -1.349121e+00  0.000000e+00  2.120472e+00
   endloop
 endfacet
 facet normal -4.860756e-01  0.000000e+00 -8.739167e-01
   outer loop
     vertex -1.422124e+00 -1.000000e+01  2.158492e+00
     vertex -1.494056e+00 -1.000000e+01  2.198501e+00
     vertex -1.422124e+00  0.000000e+00  2.158492e+00
   endloop
 endfacet
 facet normal -4.619176e-01  0.000000e+00 -8.869228e-01
   outer loop
     vertex -1.349121e+00 -1.000000e+01  2.120472e+00
     vertex -1.422124e+00 -1.000000e+01  2.158492e+00
     vertex -1.349121e+00  0.000000e+00  2.120472e+00
   endloop
 endfacet
 facet normal -4.374119e-01  0.000000e+00 -8.992613e-01
   outer loop
     vertex -1.349121e+00 -1.000000e+01  2.120472e+00
     vertex -1.349121e+00  0.000000e+00  2.120472e+00
     vertex -1.275103e+00  0.000000e+00  2.084468e+00
   endloop
 endfacet
 facet normal -4.374119e-01  0.000000e+00 -8.992613e-01
   outer loop
     vertex -1.275103e+00 -1.000000e+01  2.084468e+00
     vertex -1.349121e+00 -1.000000e+01  2.120472e+00
     vertex -1.275103e+00  0.000000e+00  2.084468e+00
   endloop
 endfacet
 facet normal -4.125769e-01  0.000000e+00 -9.109228e-01
   outer loop
     vertex -1.200125e+00 -1.000000e+01  2.050509e+00
     vertex -1.275103e+00 -1.000000e+01  2.084468e+00
     vertex -1.275103e+00  0.000000e+00  2.084468e+00
   endloop
 endfacet
 facet normal -4.125769e-01  0.000000e+00 -9.109228e-01
   outer loop
     vertex -1.200125e+00 -1.000000e+01  2.050509e+00
     vertex -1.275103e+00  0.000000e+00  2.084468e+00
     vertex -1.200125e+00  0.000000e+00  2.050509e+00
   endloop
 endfacet
 facet normal -3.874313e-01  0.000000e+00 -9.218986e-01
   outer loop
     vertex -1.124244e+00 -1.000000e+01  2.018620e+00
     vertex -1.200125e+00 -1.000000e+01  2.050509e+00
     vertex -1.200125e+00  0.000000e+00  2.050509e+00
   endloop
 endfacet
 facet normal -3.874313e-01  0.000000e+00 -9.218986e-01
   outer loop
     vertex -1.124244e+00 -1.000000e+01  2.018620e+00
     vertex -1.200125e+00  0.000000e+00  2.050509e+00
     vertex -1.124244e+00  0.000000e+00  2.018620e+00
   endloop
 endfacet
 facet normal -3.619940e-01  0.000000e+00 -9.321804e-01
   outer loop
     vertex -1.047516e+00 -1.000000e+01  1.988824e+00
     vertex -1.124244e+00 -1.000000e+01  2.018620e+00
     vertex -1.124244e+00  0.000000e+00  2.018620e+00
   endloop
 endfacet
 facet normal -3.619940e-01  0.000000e+00 -9.321804e-01
   outer loop
     vertex -1.047516e+00 -1.000000e+01  1.988824e+00
     vertex -1.124244e+00  0.000000e+00  2.018620e+00
     vertex -1.047516e+00  0.000000e+00  1.988824e+00
   endloop
 endfacet
 facet normal -3.362843e-01  0.000000e+00 -9.417605e-01
   outer loop
     vertex -1.047516e+00 -1.000000e+01  1.988824e+00
     vertex -1.047516e+00  0.000000e+00  1.988824e+00
     vertex -9.699999e-01  0.000000e+00  1.961145e+00
   endloop
 endfacet
 facet normal -3.362843e-01  0.000000e+00 -9.417605e-01
   outer loop
     vertex -9.699999e-01 -1.000000e+01  1.961145e+00
     vertex -1.047516e+00 -1.000000e+01  1.988824e+00
     vertex -9.699999e-01  0.000000e+00  1.961145e+00
   endloop
 endfacet
 facet normal -3.103214e-01  0.000000e+00 -9.506317e-01
   outer loop
     vertex -8.917535e-01 -1.000000e+01  1.935602e+00
     vertex -9.699999e-01 -1.000000e+01  1.961145e+00
     vertex -9.699999e-01  0.000000e+00  1.961145e+00
   endloop
 endfacet
 facet normal -3.103214e-01  0.000000e+00 -9.506317e-01
   outer loop
     vertex -8.917535e-01 -1.000000e+01  1.935602e+00
     vertex -9.699999e-01  0.000000e+00  1.961145e+00
     vertex -8.917535e-01  0.000000e+00  1.935602e+00
   endloop
 endfacet
 facet normal -2.841250e-01  0.000000e+00 -9.587873e-01
   outer loop
     vertex -8.128358e-01 -1.000000e+01  1.912216e+00
     vertex -8.917535e-01 -1.000000e+01  1.935602e+00
     vertex -8.917535e-01  0.000000e+00  1.935602e+00
   endloop
 endfacet
 facet normal -2.841250e-01  0.000000e+00 -9.587873e-01
   outer loop
     vertex -8.128358e-01 -1.000000e+01  1.912216e+00
     vertex -8.917535e-01  0.000000e+00  1.935602e+00
     vertex -8.128358e-01  0.000000e+00  1.912216e+00
   endloop
 endfacet
 facet normal -2.577146e-01  0.000000e+00 -9.662211e-01
   outer loop
     vertex -8.128358e-01 -1.000000e+01  1.912216e+00
     vertex -8.128358e-01  0.000000e+00  1.912216e+00
     vertex -7.333063e-01  0.000000e+00  1.891003e+00
   endloop
 endfacet
 facet normal -2.577146e-01  0.000000e+00 -9.662211e-01
   outer loop
     vertex -7.333063e-01 -1.000000e+01  1.891003e+00
     vertex -8.128358e-01 -1.000000e+01  1.912216e+00
     vertex -7.333063e-01  0.000000e+00  1.891003e+00
   endloop
 endfacet
 facet normal -2.311102e-01  0.000000e+00 -9.729276e-01
   outer loop
     vertex -6.532247e-01 -1.000000e+01  1.871981e+00
     vertex -7.333063e-01 -1.000000e+01  1.891003e+00
     vertex -7.333063e-01  0.000000e+00  1.891003e+00
   endloop
 endfacet
 facet normal -2.311102e-01  0.000000e+00 -9.729276e-01
   outer loop
     vertex -6.532247e-01 -1.000000e+01  1.871981e+00
     vertex -7.333063e-01  0.000000e+00  1.891003e+00
     vertex -6.532247e-01  0.000000e+00  1.871981e+00
   endloop
 endfacet
 facet normal -2.043319e-01  0.000000e+00 -9.789017e-01
   outer loop
     vertex -5.726514e-01 -1.000000e+01  1.855162e+00
     vertex -6.532247e-01 -1.000000e+01  1.871981e+00
     vertex -6.532247e-01  0.000000e+00  1.871981e+00
   endloop
 endfacet
 facet normal -2.043319e-01  0.000000e+00 -9.789017e-01
   outer loop
     vertex -5.726514e-01 -1.000000e+01  1.855162e+00
     vertex -6.532247e-01  0.000000e+00  1.871981e+00
     vertex -5.726514e-01  0.000000e+00  1.855162e+00
   endloop
 endfacet
 facet normal -1.773998e-01  0.000000e+00 -9.841389e-01
   outer loop
     vertex -4.916471e-01 -1.000000e+01  1.840560e+00
     vertex -5.726514e-01 -1.000000e+01  1.855162e+00
     vertex -5.726514e-01  0.000000e+00  1.855162e+00
   endloop
 endfacet
 facet normal -1.773998e-01  0.000000e+00 -9.841389e-01
   outer loop
     vertex -4.916471e-01 -1.000000e+01  1.840560e+00
     vertex -5.726514e-01  0.000000e+00  1.855162e+00
     vertex -4.916471e-01  0.000000e+00  1.840560e+00
   endloop
 endfacet
 facet normal -1.503341e-01  0.000000e+00 -9.886353e-01
   outer loop
     vertex -4.916471e-01 -1.000000e+01  1.840560e+00
     vertex -4.916471e-01  0.000000e+00  1.840560e+00
     vertex -4.102726e-01  0.000000e+00  1.828186e+00
   endloop
 endfacet
 facet normal -1.503341e-01  0.000000e+00 -9.886353e-01
   outer loop
     vertex -4.102726e-01 -1.000000e+01  1.828186e+00
     vertex -4.916471e-01 -1.000000e+01  1.840560e+00
     vertex -4.102726e-01  0.000000e+00  1.828186e+00
   endloop
 endfacet
 facet normal -1.231552e-01  0.000000e+00 -9.923874e-01
   outer loop
     vertex -3.285893e-01 -1.000000e+01  1.818049e+00
     vertex -4.102726e-01  0.000000e+00  1.828186e+00
     vertex -3.285893e-01  0.000000e+00  1.818049e+00
   endloop
 endfacet
 facet normal -1.231552e-01  0.000000e+00 -9.923874e-01
   outer loop
     vertex -3.285893e-01 -1.000000e+01  1.818049e+00
     vertex -4.102726e-01 -1.000000e+01  1.828186e+00
     vertex -4.102726e-01  0.000000e+00  1.828186e+00
   endloop
 endfacet
 facet normal -9.588368e-02  0.000000e+00 -9.953925e-01
   outer loop
     vertex -2.466587e-01 -1.000000e+01  1.810157e+00
     vertex -3.285893e-01  0.000000e+00  1.818049e+00
     vertex -2.466587e-01  0.000000e+00  1.810157e+00
   endloop
 endfacet
 facet normal -9.588368e-02  0.000000e+00 -9.953925e-01
   outer loop
     vertex -2.466587e-01 -1.000000e+01  1.810157e+00
     vertex -3.285893e-01 -1.000000e+01  1.818049e+00
     vertex -3.285893e-01  0.000000e+00  1.818049e+00
   endloop
 endfacet
 facet normal -6.853995e-02  0.000000e+00 -9.976484e-01
   outer loop
     vertex -1.645423e-01 -1.000000e+01  1.804516e+00
     vertex -2.466587e-01  0.000000e+00  1.810157e+00
     vertex -1.645423e-01  0.000000e+00  1.804516e+00
   endloop
 endfacet
 facet normal -6.853995e-02  0.000000e+00 -9.976484e-01
   outer loop
     vertex -1.645423e-01 -1.000000e+01  1.804516e+00
     vertex -2.466587e-01 -1.000000e+01  1.810157e+00
     vertex -2.466587e-01  0.000000e+00  1.810157e+00
   endloop
 endfacet
 facet normal -4.114462e-02  0.000000e+00 -9.991532e-01
   outer loop
     vertex -8.230214e-02 -1.000000e+01  1.801129e+00
     vertex -1.645423e-01  0.000000e+00  1.804516e+00
     vertex -8.230214e-02  0.000000e+00  1.801129e+00
   endloop
 endfacet
 facet normal -1.371831e-02  0.000000e+00 -9.999059e-01
   outer loop
     vertex -8.230214e-02 -1.000000e+01  1.801129e+00
     vertex -8.230214e-02  0.000000e+00  1.801129e+00
     vertex -7.347881e-16  0.000000e+00  1.800000e+00
   endloop
 endfacet
 facet normal -4.114462e-02  0.000000e+00 -9.991532e-01
   outer loop
     vertex -8.230214e-02 -1.000000e+01  1.801129e+00
     vertex -1.645423e-01 -1.000000e+01  1.804516e+00
     vertex -1.645423e-01  0.000000e+00  1.804516e+00
   endloop
 endfacet
 facet normal -1.371831e-02  0.000000e+00 -9.999059e-01
   outer loop
     vertex -7.347881e-16 -1.000000e+01  1.800000e+00
     vertex -8.230214e-02 -1.000000e+01  1.801129e+00
     vertex -7.347881e-16  0.000000e+00  1.800000e+00
   endloop
 endfacet
 facet normal  1.354093e-02 -2.587953e-01 -9.658373e-01
   outer loop
     vertex -7.347881e-16 -1.043572e+01  2.989041e+01
     vertex -7.347881e-16 -7.764571e-01  2.730222e+01
     vertex  8.123815e-02 -7.761724e-01  2.730329e+01
   endloop
 endfacet
 facet normal  4.061287e-02 -2.586041e-01 -9.651293e-01
   outer loop
     vertex  8.230214e-02 -1.043542e+01  2.989150e+01
     vertex  8.123815e-02 -7.761724e-01  2.730329e+01
     vertex  1.624167e-01 -7.753184e-01  2.730647e+01
   endloop
 endfacet
 facet normal  1.371831e-02 -2.587961e-01 -9.658346e-01
   outer loop
     vertex  8.230214e-02 -1.043542e+01  2.989150e+01
     vertex -7.347881e-16 -1.043572e+01  2.989041e+01
     vertex  8.123815e-02 -7.761724e-01  2.730329e+01
   endloop
 endfacet
 facet normal  6.765502e-02 -2.582233e-01 -9.637134e-01
   outer loop
     vertex  1.645423e-01 -1.043455e+01  2.989477e+01
     vertex  1.624167e-01 -7.753184e-01  2.730647e+01
     vertex  2.434762e-01 -7.738958e-01  2.731178e+01
   endloop
 endfacet
 facet normal  4.114462e-02 -2.586026e-01 -9.651071e-01
   outer loop
     vertex  1.645423e-01 -1.043455e+01  2.989477e+01
     vertex  8.230214e-02 -1.043542e+01  2.989150e+01
     vertex  1.624167e-01 -7.753184e-01  2.730647e+01
   endloop
 endfacet
 facet normal  9.464755e-02 -2.576532e-01 -9.615907e-01
   outer loop
     vertex  2.466587e-01 -1.043309e+01  2.990022e+01
     vertex  2.434762e-01 -7.738958e-01  2.731178e+01
     vertex  3.243571e-01 -7.719055e-01  2.731921e+01
   endloop
 endfacet
 facet normal  6.853995e-02 -2.582145e-01 -9.636532e-01
   outer loop
     vertex  2.466587e-01 -1.043309e+01  2.990022e+01
     vertex  1.645423e-01 -1.043455e+01  2.989477e+01
     vertex  2.434762e-01 -7.738958e-01  2.731178e+01
   endloop
 endfacet
 facet normal  1.215707e-01 -2.568941e-01 -9.587628e-01
   outer loop
     vertex  3.285893e-01 -1.043104e+01  2.990785e+01
     vertex  3.243571e-01 -7.719055e-01  2.731921e+01
     vertex  4.050000e-01 -7.693491e-01  2.732875e+01
   endloop
 endfacet
 facet normal  9.588368e-02 -2.576319e-01 -9.614739e-01
   outer loop
     vertex  3.285893e-01 -1.043104e+01  2.990785e+01
     vertex  2.466587e-01 -1.043309e+01  2.990022e+01
     vertex  3.243571e-01 -7.719055e-01  2.731921e+01
   endloop
 endfacet
 facet normal  1.484046e-01 -2.559466e-01 -9.552316e-01
   outer loop
     vertex  4.102726e-01 -1.042842e+01  2.991764e+01
     vertex  4.050000e-01 -7.693491e-01  2.732875e+01
     vertex  4.853460e-01 -7.662285e-01  2.734040e+01
   endloop
 endfacet
 facet normal  1.231552e-01 -2.568554e-01 -9.585709e-01
   outer loop
     vertex  4.102726e-01 -1.042842e+01  2.991764e+01
     vertex  3.285893e-01 -1.043104e+01  2.990785e+01
     vertex  4.050000e-01 -7.693491e-01  2.732875e+01
   endloop
 endfacet
 facet normal  1.751297e-01 -2.548114e-01 -9.509999e-01
   outer loop
     vertex  4.916471e-01 -1.042522e+01  2.992959e+01
     vertex  4.853460e-01 -7.662285e-01  2.734040e+01
     vertex  5.653360e-01 -7.625459e-01  2.735414e+01
   endloop
 endfacet
 facet normal  1.503341e-01 -2.558854e-01 -9.549462e-01
   outer loop
     vertex  4.916471e-01 -1.042522e+01  2.992959e+01
     vertex  4.102726e-01 -1.042842e+01  2.991764e+01
     vertex  4.853460e-01 -7.662285e-01  2.734040e+01
   endloop
 endfacet
 facet normal  2.017264e-01 -2.534894e-01 -9.460706e-01
   outer loop
     vertex  5.726514e-01 -1.042144e+01  2.994370e+01
     vertex  5.653360e-01 -7.625459e-01  2.735414e+01
     vertex  6.449113e-01 -7.583040e-01  2.736997e+01
   endloop
 endfacet
 facet normal  1.773998e-01 -2.547229e-01 -9.506027e-01
   outer loop
     vertex  5.726514e-01 -1.042144e+01  2.994370e+01
     vertex  4.916471e-01 -1.042522e+01  2.992959e+01
     vertex  5.653360e-01 -7.625459e-01  2.735414e+01
   endloop
 endfacet
 facet normal  2.043319e-01 -2.533685e-01 -9.455437e-01
   outer loop
     vertex  6.532247e-01 -1.041709e+01  2.995994e+01
     vertex  5.726514e-01 -1.042144e+01  2.994370e+01
     vertex  6.449113e-01 -7.583040e-01  2.736997e+01
   endloop
 endfacet
 facet normal  2.281751e-01 -2.519815e-01 -9.404475e-01
   outer loop
     vertex  6.532247e-01 -1.041709e+01  2.995994e+01
     vertex  6.449113e-01 -7.583040e-01  2.736997e+01
     vertex  7.240137e-01 -7.535060e-01  2.738788e+01
   endloop
 endfacet
 facet normal  2.311102e-01 -2.518234e-01 -9.397729e-01
   outer loop
     vertex  7.333063e-01 -1.041216e+01  2.997832e+01
     vertex  6.532247e-01 -1.041709e+01  2.995994e+01
     vertex  7.240137e-01 -7.535060e-01  2.738788e+01
   endloop
 endfacet
 facet normal  2.544564e-01 -2.502888e-01 -9.341346e-01
   outer loop
     vertex  7.333063e-01 -1.041216e+01  2.997832e+01
     vertex  7.240137e-01 -7.535060e-01  2.738788e+01
     vertex  8.025850e-01 -7.481553e-01  2.740785e+01
   endloop
 endfacet
 facet normal  2.577146e-01 -2.500887e-01 -9.332946e-01
   outer loop
     vertex  8.128358e-01 -1.040667e+01  2.999881e+01
     vertex  7.333063e-01 -1.041216e+01  2.997832e+01
     vertex  8.025850e-01 -7.481553e-01  2.740785e+01
   endloop
 endfacet
 facet normal  2.805512e-01 -2.484125e-01 -9.271366e-01
   outer loop
     vertex  8.128358e-01 -1.040667e+01  2.999881e+01
     vertex  8.025850e-01 -7.481553e-01  2.740785e+01
     vertex  8.805677e-01 -7.422559e-01  2.742986e+01
   endloop
 endfacet
 facet normal  2.841250e-01 -2.481657e-01 -9.261138e-01
   outer loop
     vertex  8.917535e-01 -1.040062e+01  3.002139e+01
     vertex  8.128358e-01 -1.040667e+01  2.999881e+01
     vertex  8.805677e-01 -7.422559e-01  2.742986e+01
   endloop
 endfacet
 facet normal  3.064401e-01 -2.463541e-01 -9.194586e-01
   outer loop
     vertex  8.917535e-01 -1.040062e+01  3.002139e+01
     vertex  8.805677e-01 -7.422559e-01  2.742986e+01
     vertex  9.579046e-01 -7.358121e-01  2.745391e+01
   endloop
 endfacet
 facet normal  3.103214e-01 -2.460559e-01 -9.182359e-01
   outer loop
     vertex  9.699999e-01 -1.039401e+01  3.004607e+01
     vertex  8.917535e-01 -1.040062e+01  3.002139e+01
     vertex  9.579046e-01 -7.358121e-01  2.745391e+01
   endloop
 endfacet
 facet normal  3.321044e-01 -2.441151e-01 -9.111062e-01
   outer loop
     vertex  9.699999e-01 -1.039401e+01  3.004607e+01
     vertex  9.579046e-01 -7.358121e-01  2.745391e+01
     vertex  1.034539e+00 -7.288286e-01  2.747997e+01
   endloop
 endfacet
 facet normal  3.362843e-01 -2.437608e-01 -9.096667e-01
   outer loop
     vertex  1.047516e+00 -1.038684e+01  3.007280e+01
     vertex  9.699999e-01 -1.039401e+01  3.004607e+01
     vertex  1.034539e+00 -7.288286e-01  2.747997e+01
   endloop
 endfacet
 facet normal  3.575250e-01 -2.416970e-01 -9.020856e-01
   outer loop
     vertex  1.047516e+00 -1.038684e+01  3.007280e+01
     vertex  1.034539e+00 -7.288286e-01  2.747997e+01
     vertex  1.110414e+00 -7.213106e-01  2.750803e+01
   endloop
 endfacet
 facet normal  3.619940e-01 -2.412822e-01 -9.004128e-01
   outer loop
     vertex  1.124244e+00 -1.037913e+01  3.010158e+01
     vertex  1.047516e+00 -1.038684e+01  3.007280e+01
     vertex  1.110414e+00 -7.213106e-01  2.750803e+01
   endloop
 endfacet
 facet normal  3.826834e-01 -2.391017e-01 -8.924034e-01
   outer loop
     vertex  1.124244e+00 -1.037913e+01  3.010158e+01
     vertex  1.110414e+00 -7.213106e-01  2.750803e+01
     vertex  1.185476e+00 -7.132636e-01  2.753806e+01
   endloop
 endfacet
 facet normal  3.874313e-01 -2.386220e-01 -8.904811e-01
   outer loop
     vertex  1.200125e+00 -1.037088e+01  3.013239e+01
     vertex  1.124244e+00 -1.037913e+01  3.010158e+01
     vertex  1.185476e+00 -7.132636e-01  2.753806e+01
   endloop
 endfacet
 facet normal  4.075612e-01 -2.363311e-01 -8.820666e-01
   outer loop
     vertex  1.200125e+00 -1.037088e+01  3.013239e+01
     vertex  1.185476e+00 -7.132636e-01  2.753806e+01
     vertex  1.259667e+00 -7.046934e-01  2.757005e+01
   endloop
 endfacet
 facet normal  4.125769e-01 -2.357821e-01 -8.798791e-01
   outer loop
     vertex  1.275103e+00 -1.036209e+01  3.016519e+01
     vertex  1.200125e+00 -1.037088e+01  3.013239e+01
     vertex  1.259667e+00 -7.046934e-01  2.757005e+01
   endloop
 endfacet
 facet normal  4.321400e-01 -2.333871e-01 -8.710829e-01
   outer loop
     vertex  1.275103e+00 -1.036209e+01  3.016519e+01
     vertex  1.259667e+00 -7.046934e-01  2.757005e+01
     vertex  1.332935e+00 -6.956064e-01  2.760396e+01
   endloop
 endfacet
 facet normal  4.374119e-01 -2.327647e-01 -8.686147e-01
   outer loop
     vertex  1.349121e+00 -1.035277e+01  3.019996e+01
     vertex  1.275103e+00 -1.036209e+01  3.016519e+01
     vertex  1.332935e+00 -6.956064e-01  2.760396e+01
   endloop
 endfacet
 facet normal  4.564019e-01 -2.302720e-01 -8.594604e-01
   outer loop
     vertex  1.349121e+00 -1.035277e+01  3.019996e+01
     vertex  1.332935e+00 -6.956064e-01  2.760396e+01
     vertex  1.405225e+00 -6.860092e-01  2.763978e+01
   endloop
 endfacet
 facet normal  4.619176e-01 -2.295720e-01 -8.566965e-01
   outer loop
     vertex  1.422124e+00 -1.034293e+01  3.023669e+01
     vertex  1.349121e+00 -1.035277e+01  3.019996e+01
     vertex  1.405225e+00 -6.860092e-01  2.763978e+01
   endloop
 endfacet
 facet normal  4.803291e-01 -2.269880e-01 -8.472074e-01
   outer loop
     vertex  1.422124e+00 -1.034293e+01  3.023669e+01
     vertex  1.405225e+00 -6.860092e-01  2.763978e+01
     vertex  1.476485e+00 -6.759089e-01  2.767747e+01
   endloop
 endfacet
 facet normal  4.860756e-01 -2.262065e-01 -8.441333e-01
   outer loop
     vertex  1.494056e+00 -1.033258e+01  3.027534e+01
     vertex  1.422124e+00 -1.034293e+01  3.023669e+01
     vertex  1.476485e+00 -6.759089e-01  2.767747e+01
   endloop
 endfacet
 facet normal  5.039039e-01 -2.235376e-01 -8.343331e-01
   outer loop
     vertex  1.494056e+00 -1.033258e+01  3.027534e+01
     vertex  1.476485e+00 -6.759089e-01  2.767747e+01
     vertex  1.546662e+00 -6.653129e-01  2.771702e+01
   endloop
 endfacet
 facet normal  5.271092e-01 -2.199232e-01 -8.208469e-01
   outer loop
     vertex  1.564863e+00 -1.032171e+01  3.031587e+01
     vertex  1.546662e+00 -6.653129e-01  2.771702e+01
     vertex  1.615704e+00 -6.542289e-01  2.775838e+01
   endloop
 endfacet
 facet normal  5.098678e-01 -2.226707e-01 -8.309348e-01
   outer loop
     vertex  1.564863e+00 -1.032171e+01  3.031587e+01
     vertex  1.494056e+00 -1.033258e+01  3.027534e+01
     vertex  1.546662e+00 -6.653129e-01  2.771702e+01
   endloop
 endfacet
 facet normal  5.499279e-01 -2.161476e-01 -8.067586e-01
   outer loop
     vertex  1.634492e+00 -1.031035e+01  3.035827e+01
     vertex  1.615704e+00 -6.542289e-01  2.775838e+01
     vertex  1.683561e+00 -6.426650e-01  2.780154e+01
   endloop
 endfacet
 facet normal  5.332761e-01 -2.189673e-01 -8.171107e-01
   outer loop
     vertex  1.634492e+00 -1.031035e+01  3.035827e+01
     vertex  1.564863e+00 -1.032171e+01  3.031587e+01
     vertex  1.615704e+00 -6.542289e-01  2.775838e+01
   endloop
 endfacet
 facet normal  5.723433e-01 -2.122135e-01 -7.920787e-01
   outer loop
     vertex  1.702891e+00 -1.029850e+01  3.040250e+01
     vertex  1.683561e+00 -6.426650e-01  2.780154e+01
     vertex  1.750184e+00 -6.306298e-01  2.784646e+01
   endloop
 endfacet
 facet normal  5.562829e-01 -2.150990e-01 -8.026716e-01
   outer loop
     vertex  1.702891e+00 -1.029850e+01  3.040250e+01
     vertex  1.634492e+00 -1.031035e+01  3.035827e+01
     vertex  1.683561e+00 -6.426650e-01  2.780154e+01
   endloop
 endfacet
 facet normal  5.943389e-01 -2.081237e-01 -7.768177e-01
   outer loop
     vertex  1.770008e+00 -1.028617e+01  3.044852e+01
     vertex  1.750184e+00 -6.306298e-01  2.784646e+01
     vertex  1.815523e+00 -6.181321e-01  2.789310e+01
   endloop
 endfacet
 facet normal  5.788711e-01 -2.110688e-01 -7.876282e-01
   outer loop
     vertex  1.770008e+00 -1.028617e+01  3.044852e+01
     vertex  1.702891e+00 -1.029850e+01  3.040250e+01
     vertex  1.750184e+00 -6.306298e-01  2.784646e+01
   endloop
 endfacet
 facet normal  6.158986e-01 -2.038813e-01 -7.609871e-01
   outer loop
     vertex  1.835793e+00 -1.027337e+01  3.049631e+01
     vertex  1.815523e+00 -6.181321e-01  2.789310e+01
     vertex  1.879530e+00 -6.051811e-01  2.794143e+01
   endloop
 endfacet
 facet normal  6.010234e-01 -2.068797e-01 -7.719920e-01
   outer loop
     vertex  1.835793e+00 -1.027337e+01  3.049631e+01
     vertex  1.770008e+00 -1.028617e+01  3.044852e+01
     vertex  1.815523e+00 -6.181321e-01  2.789310e+01
   endloop
 endfacet
 facet normal  6.370065e-01 -1.994894e-01 -7.445983e-01
   outer loop
     vertex  1.900196e+00 -1.026010e+01  3.054582e+01
     vertex  1.879530e+00 -6.051811e-01  2.794143e+01
     vertex  1.942159e+00 -5.917862e-01  2.799142e+01
   endloop
 endfacet
 facet normal  6.227234e-01 -2.025348e-01 -7.557746e-01
   outer loop
     vertex  1.900196e+00 -1.026010e+01  3.054582e+01
     vertex  1.835793e+00 -1.027337e+01  3.049631e+01
     vertex  1.879530e+00 -6.051811e-01  2.794143e+01
   endloop
 endfacet
 facet normal  6.576473e-01 -1.949512e-01 -7.276634e-01
   outer loop
     vertex  1.963168e+00 -1.024638e+01  3.059701e+01
     vertex  1.942159e+00 -5.917862e-01  2.799142e+01
     vertex  2.003363e+00 -5.779572e-01  2.804303e+01
   endloop
 endfacet
 facet normal  6.439545e-01 -1.980374e-01 -7.389883e-01
   outer loop
     vertex  1.963168e+00 -1.024638e+01  3.059701e+01
     vertex  1.900196e+00 -1.026010e+01  3.054582e+01
     vertex  1.942159e+00 -5.917862e-01  2.799142e+01
   endloop
 endfacet
 facet normal  6.778058e-01 -1.902701e-01 -7.101948e-01
   outer loop
     vertex  2.024663e+00 -1.023222e+01  3.064986e+01
     vertex  2.003363e+00 -5.779572e-01  2.804303e+01
     vertex  2.063098e+00 -5.637044e-01  2.809623e+01
   endloop
 endfacet
 facet normal  6.647010e-01 -1.933910e-01 -7.216457e-01
   outer loop
     vertex  2.024663e+00 -1.023222e+01  3.064986e+01
     vertex  1.963168e+00 -1.024638e+01  3.059701e+01
     vertex  2.003363e+00 -5.779572e-01  2.804303e+01
   endloop
 endfacet
 facet normal  6.974671e-01 -1.854494e-01 -6.922053e-01
   outer loop
     vertex  2.084633e+00 -1.021763e+01  3.070432e+01
     vertex  2.063098e+00 -5.637044e-01  2.809623e+01
     vertex  2.121320e+00 -5.490381e-01  2.815096e+01
   endloop
 endfacet
 facet normal  6.849470e-01 -1.885989e-01 -7.037599e-01
   outer loop
     vertex  2.084633e+00 -1.021763e+01  3.070432e+01
     vertex  2.024663e+00 -1.023222e+01  3.064986e+01
     vertex  2.063098e+00 -5.637044e-01  2.809623e+01
   endloop
 endfacet
 facet normal  7.166168e-01 -1.804927e-01 -6.737082e-01
   outer loop
     vertex  2.143034e+00 -1.020262e+01  3.076034e+01
     vertex  2.121320e+00 -5.490381e-01  2.815096e+01
     vertex  2.177986e+00 -5.339692e-01  2.820720e+01
   endloop
 endfacet
 facet normal  7.046775e-01 -1.836649e-01 -6.853443e-01
   outer loop
     vertex  2.143034e+00 -1.020262e+01  3.076034e+01
     vertex  2.084633e+00 -1.021763e+01  3.070432e+01
     vertex  2.121320e+00 -5.490381e-01  2.815096e+01
   endloop
 endfacet
 facet normal  7.352410e-01 -1.754037e-01 -6.547169e-01
   outer loop
     vertex  2.199822e+00 -1.018720e+01  3.081790e+01
     vertex  2.177986e+00 -5.339692e-01  2.820720e+01
     vertex  2.233055e+00 -5.185086e-01  2.826490e+01
   endloop
 endfacet
 facet normal  7.238775e-01 -1.785925e-01 -6.664129e-01
   outer loop
     vertex  2.199822e+00 -1.018720e+01  3.081790e+01
     vertex  2.143034e+00 -1.020262e+01  3.076034e+01
     vertex  2.177986e+00 -5.339692e-01  2.820720e+01
   endloop
 endfacet
 facet normal  7.533260e-01 -1.701860e-01 -6.352454e-01
   outer loop
     vertex  2.254954e+00 -1.017138e+01  3.087693e+01
     vertex  2.233055e+00 -5.185086e-01  2.826490e+01
     vertex  2.286486e+00 -5.026677e-01  2.832402e+01
   endloop
 endfacet
 facet normal  7.425325e-01 -1.733858e-01 -6.469798e-01
   outer loop
     vertex  2.254954e+00 -1.017138e+01  3.087693e+01
     vertex  2.199822e+00 -1.018720e+01  3.081790e+01
     vertex  2.233055e+00 -5.185086e-01  2.826490e+01
   endloop
 endfacet
 facet normal  7.708584e-01 -1.648436e-01 -6.153080e-01
   outer loop
     vertex  2.308389e+00 -1.015517e+01  3.093740e+01
     vertex  2.286486e+00 -5.026677e-01  2.832402e+01
     vertex  2.338240e+00 -4.864582e-01  2.838451e+01
   endloop
 endfacet
 facet normal  7.606287e-01 -1.680485e-01 -6.270596e-01
   outer loop
     vertex  2.308389e+00 -1.015517e+01  3.093740e+01
     vertex  2.254954e+00 -1.017138e+01  3.087693e+01
     vertex  2.286486e+00 -5.026677e-01  2.832402e+01
   endloop
 endfacet
 facet normal  7.878255e-01 -1.593802e-01 -5.949193e-01
   outer loop
     vertex  2.360085e+00 -1.013860e+01  3.099927e+01
     vertex  2.338240e+00 -4.864582e-01  2.838451e+01
     vertex  2.388279e+00 -4.698918e-01  2.844634e+01
   endloop
 endfacet
 facet normal  7.781522e-01 -1.625846e-01 -6.066674e-01
   outer loop
     vertex  2.360085e+00 -1.013860e+01  3.099927e+01
     vertex  2.308389e+00 -1.015517e+01  3.093740e+01
     vertex  2.338240e+00 -4.864582e-01  2.838451e+01
   endloop
 endfacet
 facet normal  7.950900e-01 -1.569984e-01 -5.858186e-01
   outer loop
     vertex  2.410006e+00 -1.012166e+01  3.106249e+01
     vertex  2.360085e+00 -1.013860e+01  3.099927e+01
     vertex  2.388279e+00 -4.698918e-01  2.844634e+01
   endloop
 endfacet
 facet normal  8.042147e-01 -1.538000e-01 -5.740943e-01
   outer loop
     vertex  2.410006e+00 -1.012166e+01  3.106249e+01
     vertex  2.388279e+00 -4.698918e-01  2.844634e+01
     vertex  2.436567e+00 -4.529809e-01  2.850945e+01
   endloop
 endfacet
 facet normal  8.114292e-01 -1.512940e-01 -5.645288e-01
   outer loop
     vertex  2.458112e+00 -1.010437e+01  3.112700e+01
     vertex  2.410006e+00 -1.012166e+01  3.106249e+01
     vertex  2.436567e+00 -4.529809e-01  2.850945e+01
   endloop
 endfacet
 facet normal  8.200141e-01 -1.481070e-01 -5.528482e-01
   outer loop
     vertex  2.458112e+00 -1.010437e+01  3.112700e+01
     vertex  2.436567e+00 -4.529809e-01  2.850945e+01
     vertex  2.483067e+00 -4.357377e-01  2.857380e+01
   endloop
 endfacet
 facet normal  8.271577e-01 -1.454757e-01 -5.428140e-01
   outer loop
     vertex  2.504367e+00 -1.008675e+01  3.119276e+01
     vertex  2.458112e+00 -1.010437e+01  3.112700e+01
     vertex  2.483067e+00 -4.357377e-01  2.857380e+01
   endloop
 endfacet
 facet normal  8.352121e-01 -1.423053e-01 -5.311967e-01
   outer loop
     vertex  2.504367e+00 -1.008675e+01  3.119276e+01
     vertex  2.483067e+00 -4.357377e-01  2.857380e+01
     vertex  2.527746e+00 -4.181749e-01  2.863935e+01
   endloop
 endfacet
 facet normal  8.422635e-01 -1.395478e-01 -5.206906e-01
   outer loop
     vertex  2.548738e+00 -1.006881e+01  3.125973e+01
     vertex  2.504367e+00 -1.008675e+01  3.119276e+01
     vertex  2.527746e+00 -4.181749e-01  2.863935e+01
   endloop
 endfacet
 facet normal  8.497975e-01 -1.363994e-01 -5.091555e-01
   outer loop
     vertex  2.548738e+00 -1.006881e+01  3.125973e+01
     vertex  2.527746e+00 -4.181749e-01  2.863935e+01
     vertex  2.570572e+00 -4.003055e-01  2.870604e+01
   endloop
 endfacet
 facet normal  8.567352e-01 -1.335149e-01 -4.981752e-01
   outer loop
     vertex  2.591190e+00 -1.005056e+01  3.132784e+01
     vertex  2.548738e+00 -1.006881e+01  3.125973e+01
     vertex  2.570572e+00 -4.003055e-01  2.870604e+01
   endloop
 endfacet
 facet normal  8.637597e-01 -1.303934e-01 -4.867410e-01
   outer loop
     vertex  2.591190e+00 -1.005056e+01  3.132784e+01
     vertex  2.570572e+00 -4.003055e-01  2.870604e+01
     vertex  2.611512e+00 -3.821424e-01  2.877383e+01
   endloop
 endfacet
 facet normal  8.705620e-01 -1.273814e-01 -4.752849e-01
   outer loop
     vertex  2.631691e+00 -1.003201e+01  3.139706e+01
     vertex  2.591190e+00 -1.005056e+01  3.132784e+01
     vertex  2.611512e+00 -3.821424e-01  2.877383e+01
   endloop
 endfacet
 facet normal  8.770884e-01 -1.242918e-01 -4.639694e-01
   outer loop
     vertex  2.631691e+00 -1.003201e+01  3.139706e+01
     vertex  2.611512e+00 -3.821424e-01  2.877383e+01
     vertex  2.650536e+00 -3.636991e-01  2.884266e+01
   endloop
 endfacet
 facet normal  8.837335e-01 -1.211521e-01 -4.520367e-01
   outer loop
     vertex  2.670211e+00 -1.001319e+01  3.146732e+01
     vertex  2.631691e+00 -1.003201e+01  3.139706e+01
     vertex  2.650536e+00 -3.636991e-01  2.884266e+01
   endloop
 endfacet
 facet normal  8.897737e-01 -1.180990e-01 -4.408575e-01
   outer loop
     vertex  2.670211e+00 -1.001319e+01  3.146732e+01
     vertex  2.650536e+00 -3.636991e-01  2.884266e+01
     vertex  2.687617e+00 -3.449890e-01  2.891248e+01
   endloop
 endfacet
 facet normal  8.962398e-01 -1.148315e-01 -4.284483e-01
   outer loop
     vertex  2.706721e+00 -9.994092e+00  3.153857e+01
     vertex  2.670211e+00 -1.001319e+01  3.146732e+01
     vertex  2.687617e+00 -3.449890e-01  2.891248e+01
   endloop
 endfacet
 facet normal  9.018065e-01 -1.118196e-01 -4.174223e-01
   outer loop
     vertex  2.706721e+00 -9.994092e+00  3.153857e+01
     vertex  2.687617e+00 -3.449890e-01  2.891248e+01
     vertex  2.722726e+00 -3.260259e-01  2.898325e+01
   endloop
 endfacet
 facet normal  9.080714e-01 -1.084245e-01 -4.045374e-01
   outer loop
     vertex  2.741194e+00 -9.974747e+00  3.161077e+01
     vertex  2.706721e+00 -9.994092e+00  3.153857e+01
     vertex  2.722726e+00 -3.260259e-01  2.898325e+01
   endloop
 endfacet
 facet normal  9.131779e-01 -1.054583e-01 -3.936809e-01
   outer loop
     vertex  2.741194e+00 -9.974747e+00  3.161077e+01
     vertex  2.722726e+00 -3.260259e-01  2.898325e+01
     vertex  2.755839e+00 -3.068237e-01  2.905492e+01
   endloop
 endfacet
 facet normal  9.192194e-01 -1.019358e-01 -3.803220e-01
   outer loop
     vertex  2.773603e+00 -9.955165e+00  3.168385e+01
     vertex  2.741194e+00 -9.974747e+00  3.161077e+01
     vertex  2.755839e+00 -3.068237e-01  2.905492e+01
   endloop
 endfacet
 facet normal  9.238795e-01 -9.901962e-02 -3.696508e-01
   outer loop
     vertex  2.773603e+00 -9.955165e+00  3.168385e+01
     vertex  2.755839e+00 -3.068237e-01  2.905492e+01
     vertex  2.786930e+00 -2.873964e-01  2.912742e+01
   endloop
 endfacet
 facet normal  9.296754e-01 -9.537042e-02 -3.558202e-01
   outer loop
     vertex  2.803925e+00 -9.935360e+00  3.175777e+01
     vertex  2.773603e+00 -9.955165e+00  3.168385e+01
     vertex  2.786930e+00 -2.873964e-01  2.912742e+01
   endloop
 endfacet
 facet normal  9.339036e-01 -9.250833e-02 -3.453496e-01
   outer loop
     vertex  2.803925e+00 -9.935360e+00  3.175777e+01
     vertex  2.786930e+00 -2.873964e-01  2.912742e+01
     vertex  2.815977e+00 -2.677584e-01  2.920071e+01
   endloop
 endfacet
 facet normal  9.394317e-01 -8.873320e-02 -3.310507e-01
   outer loop
     vertex  2.832135e+00 -9.915347e+00  3.183246e+01
     vertex  2.803925e+00 -9.935360e+00  3.175777e+01
     vertex  2.815977e+00 -2.677584e-01  2.920071e+01
   endloop
 endfacet
 facet normal  9.432426e-01 -8.592922e-02 -3.207951e-01
   outer loop
     vertex  2.832135e+00 -9.915347e+00  3.183246e+01
     vertex  2.815977e+00 -2.677584e-01  2.920071e+01
     vertex  2.842960e+00 -2.479240e-01  2.927474e+01
   endloop
 endfacet
 facet normal  9.484807e-01 -8.202917e-02 -3.060319e-01
   outer loop
     vertex  2.858214e+00 -9.895141e+00  3.190786e+01
     vertex  2.832135e+00 -9.915347e+00  3.183246e+01
     vertex  2.842960e+00 -2.479240e-01  2.927474e+01
   endloop
 endfacet
 facet normal  9.518899e-01 -7.928710e-02 -2.960053e-01
   outer loop
     vertex  2.858214e+00 -9.895141e+00  3.190786e+01
     vertex  2.842960e+00 -2.479240e-01  2.927474e+01
     vertex  2.867856e+00 -2.279077e-01  2.934944e+01
   endloop
 endfacet
 facet normal  9.568158e-01 -7.526338e-02 -2.807827e-01
   outer loop
     vertex  2.882141e+00 -9.874757e+00  3.198394e+01
     vertex  2.858214e+00 -9.895141e+00  3.190786e+01
     vertex  2.867856e+00 -2.279077e-01  2.934944e+01
   endloop
 endfacet
 facet normal  9.598391e-01 -7.258684e-02 -2.709984e-01
   outer loop
     vertex  2.882141e+00 -9.874757e+00  3.198394e+01
     vertex  2.867856e+00 -2.279077e-01  2.934944e+01
     vertex  2.890650e+00 -2.077243e-01  2.942476e+01
   endloop
 endfacet
 facet normal  9.644306e-01 -6.844091e-02 -2.553222e-01
   outer loop
     vertex  2.903898e+00 -9.854212e+00  3.206061e+01
     vertex  2.882141e+00 -9.874757e+00  3.198394e+01
     vertex  2.890650e+00 -2.077243e-01  2.942476e+01
   endloop
 endfacet
 facet normal  9.670842e-01 -6.583337e-02 -2.457927e-01
   outer loop
     vertex  2.903898e+00 -9.854212e+00  3.206061e+01
     vertex  2.890650e+00 -2.077243e-01  2.942476e+01
     vertex  2.911323e+00 -1.873885e-01  2.950066e+01
   endloop
 endfacet
 facet normal  9.713194e-01 -6.156691e-02 -2.296695e-01
   outer loop
     vertex  2.923470e+00 -9.833519e+00  3.213784e+01
     vertex  2.903898e+00 -9.854212e+00  3.206061e+01
     vertex  2.911323e+00 -1.873885e-01  2.950066e+01
   endloop
 endfacet
 facet normal  9.736201e-01 -5.903163e-02 -2.204068e-01
   outer loop
     vertex  2.923470e+00 -9.833519e+00  3.213784e+01
     vertex  2.911323e+00 -1.873885e-01  2.950066e+01
     vertex  2.929862e+00 -1.669153e-01  2.957706e+01
   endloop
 endfacet
 facet normal  9.774771e-01 -5.464654e-02 -2.038440e-01
   outer loop
     vertex  2.940841e+00 -9.812696e+00  3.221555e+01
     vertex  2.923470e+00 -9.833519e+00  3.213784e+01
     vertex  2.929862e+00 -1.669153e-01  2.957706e+01
   endloop
 endfacet
 facet normal  9.794419e-01 -5.218661e-02 -1.948592e-01
   outer loop
     vertex  2.940841e+00 -9.812696e+00  3.221555e+01
     vertex  2.929862e+00 -1.669153e-01  2.957706e+01
     vertex  2.946251e+00 -1.463197e-01  2.965393e+01
   endloop
 endfacet
 facet normal  9.828989e-01 -4.768502e-02 -1.778649e-01
   outer loop
     vertex  2.955998e+00 -9.791757e+00  3.229370e+01
     vertex  2.940841e+00 -9.812696e+00  3.221555e+01
     vertex  2.946251e+00 -1.463197e-01  2.965393e+01
   endloop
 endfacet
 facet normal  9.845454e-01 -4.530334e-02 -1.691686e-01
   outer loop
     vertex  2.955998e+00 -9.791757e+00  3.229370e+01
     vertex  2.946251e+00 -1.463197e-01  2.965393e+01
     vertex  2.960480e+00 -1.256168e-01  2.973119e+01
   endloop
 endfacet
 facet normal  9.875808e-01 -4.068758e-02 -1.517520e-01
   outer loop
     vertex  2.968930e+00 -9.770718e+00  3.237222e+01
     vertex  2.955998e+00 -9.791757e+00  3.229370e+01
     vertex  2.960480e+00 -1.256168e-01  2.973119e+01
   endloop
 endfacet
 facet normal  9.889267e-01 -3.838686e-02 -1.433540e-01
   outer loop
     vertex  2.968930e+00 -9.770718e+00  3.237222e+01
     vertex  2.960480e+00 -1.256168e-01  2.973119e+01
     vertex  2.972537e+00 -1.048217e-01  2.980880e+01
   endloop
 endfacet
 facet normal  9.915193e-01 -3.365950e-02 -1.255249e-01
   outer loop
     vertex  2.979626e+00 -9.749595e+00  3.245105e+01
     vertex  2.968930e+00 -9.770718e+00  3.237222e+01
     vertex  2.972537e+00 -1.048217e-01  2.980880e+01
   endloop
 endfacet
 facet normal  9.925828e-01 -3.144225e-02 -1.174343e-01
   outer loop
     vertex  2.979626e+00 -9.749595e+00  3.245105e+01
     vertex  2.972537e+00 -1.048217e-01  2.980880e+01
     vertex  2.982414e+00 -8.394978e-02  2.988670e+01
   endloop
 endfacet
 facet normal  9.955108e-01 -2.447459e-02 -9.142841e-02
   outer loop
     vertex  2.988080e+00 -9.728405e+00  3.253013e+01
     vertex  2.982414e+00 -8.394978e-02  2.988670e+01
     vertex  2.990104e+00 -6.301627e-02  2.996482e+01
   endloop
 endfacet
 facet normal  9.947114e-01 -2.660606e-02 -9.920326e-02
   outer loop
     vertex  2.988080e+00 -9.728405e+00  3.253013e+01
     vertex  2.979626e+00 -9.749595e+00  3.245105e+01
     vertex  2.982414e+00 -8.394978e-02  2.988670e+01
   endloop
 endfacet
 facet normal  9.977088e-01 -1.748901e-02 -6.535546e-02
   outer loop
     vertex  2.994285e+00 -9.707162e+00  3.260941e+01
     vertex  2.990104e+00 -6.301627e-02  2.996482e+01
     vertex  2.995600e+00 -4.203654e-02  3.004312e+01
   endloop
 endfacet
 facet normal  9.971548e-01 -1.953258e-02 -7.280696e-02
   outer loop
     vertex  2.994285e+00 -9.707162e+00  3.260941e+01
     vertex  2.988080e+00 -9.728405e+00  3.253013e+01
     vertex  2.990104e+00 -6.301627e-02  2.996482e+01
   endloop
 endfacet
 facet normal  9.991750e-01 -1.049062e-02 -3.923458e-02
   outer loop
     vertex  2.998236e+00 -9.685883e+00  3.268883e+01
     vertex  2.995600e+00 -4.203654e-02  3.004312e+01
     vertex  2.998900e+00 -2.102598e-02  3.012153e+01
   endloop
 endfacet
 facet normal  9.988475e-01 -1.244437e-02 -4.635586e-02
   outer loop
     vertex  2.998236e+00 -9.685883e+00  3.268883e+01
     vertex  2.994285e+00 -9.707162e+00  3.260941e+01
     vertex  2.995600e+00 -4.203654e-02  3.004312e+01
   endloop
 endfacet
 facet normal  9.999083e-01 -3.484553e-03 -1.308492e-02
   outer loop
     vertex  2.999929e+00 -9.664584e+00  3.276831e+01
     vertex  2.998900e+00 -2.102598e-02  3.012153e+01
     vertex  3.000000e+00  4.435067e-15  3.020000e+01
   endloop
 endfacet
 facet normal  9.997883e-01 -5.346771e-03 -1.986987e-02
   outer loop
     vertex  2.999929e+00 -9.664584e+00  3.276831e+01
     vertex  2.998236e+00 -9.685883e+00  3.268883e+01
     vertex  2.998900e+00 -2.102598e-02  3.012153e+01
   endloop
 endfacet
 facet normal  9.999222e-01  3.241481e-03  1.204526e-02
   outer loop
     vertex  2.999365e+00 -9.643281e+00  3.284782e+01
     vertex  3.000000e+00  4.435067e-15  3.020000e+01
     vertex  2.999067e+00  0.000000e+00  3.027745e+01
   endloop
 endfacet
 facet normal  9.999765e-01  1.754871e-03  6.631073e-03
   outer loop
     vertex  2.999365e+00 -9.643281e+00  3.284782e+01
     vertex  2.999929e+00 -9.664584e+00  3.276831e+01
     vertex  3.000000e+00  4.435067e-15  3.020000e+01
   endloop
 endfacet
 facet normal  9.993002e-01  9.687256e-03  3.612828e-02
   outer loop
     vertex  2.996542e+00 -9.621991e+00  3.292728e+01
     vertex  2.999067e+00  0.000000e+00  3.027745e+01
     vertex  2.996268e+00  0.000000e+00  3.035486e+01
   endloop
 endfacet
 facet normal  9.994119e-01  8.860326e-03  3.312565e-02
   outer loop
     vertex  2.996542e+00 -9.621991e+00  3.292728e+01
     vertex  2.999365e+00 -9.643281e+00  3.284782e+01
     vertex  2.999067e+00  0.000000e+00  3.027745e+01
   endloop
 endfacet
 facet normal  9.960552e-01  2.296494e-02  8.571263e-02
   outer loop
     vertex  2.991464e+00 -9.600728e+00  3.300663e+01
     vertex  2.991371e+00  0.000000e+00  3.043539e+01
     vertex  2.984455e+00  0.000000e+00  3.051576e+01
   endloop
 endfacet
 facet normal  9.980242e-01  1.626348e-02  6.069002e-02
   outer loop
     vertex  2.991464e+00 -9.600728e+00  3.300663e+01
     vertex  2.996268e+00  0.000000e+00  3.035486e+01
     vertex  2.991371e+00  0.000000e+00  3.043539e+01
   endloop
 endfacet
 facet normal  9.980950e-01  1.596094e-02  5.959480e-02
   outer loop
     vertex  2.991464e+00 -9.600728e+00  3.300663e+01
     vertex  2.996542e+00 -9.621991e+00  3.292728e+01
     vertex  2.996268e+00  0.000000e+00  3.035486e+01
   endloop
 endfacet
 facet normal  9.934137e-01  2.966000e-02  1.106774e-01
   outer loop
     vertex  2.984134e+00 -9.579509e+00  3.308582e+01
     vertex  2.984455e+00  0.000000e+00  3.051576e+01
     vertex  2.975525e+00  0.000000e+00  3.059592e+01
   endloop
 endfacet
 facet normal  9.960268e-01  2.304476e-02  8.602036e-02
   outer loop
     vertex  2.984134e+00 -9.579509e+00  3.308582e+01
     vertex  2.991464e+00 -9.600728e+00  3.300663e+01
     vertex  2.984455e+00  0.000000e+00  3.051576e+01
   endloop
 endfacet
 facet normal  9.901017e-01  3.633439e-02  1.355674e-01
   outer loop
     vertex  2.974558e+00 -9.558350e+00  3.316478e+01
     vertex  2.975525e+00  0.000000e+00  3.059592e+01
     vertex  2.964586e+00  0.000000e+00  3.067581e+01
   endloop
 endfacet
 facet normal  9.932088e-01  3.010323e-02  1.123833e-01
   outer loop
     vertex  2.974558e+00 -9.558350e+00  3.316478e+01
     vertex  2.984134e+00 -9.579509e+00  3.308582e+01
     vertex  2.975525e+00  0.000000e+00  3.059592e+01
   endloop
 endfacet
 facet normal  9.861213e-01  4.298362e-02  1.603659e-01
   outer loop
     vertex  2.962742e+00 -9.537268e+00  3.324347e+01
     vertex  2.964586e+00  0.000000e+00  3.067581e+01
     vertex  2.951646e+00  0.000000e+00  3.075538e+01
   endloop
 endfacet
 facet normal  9.896432e-01  3.713963e-02  1.386615e-01
   outer loop
     vertex  2.962742e+00 -9.537268e+00  3.324347e+01
     vertex  2.974558e+00 -9.558350e+00  3.316478e+01
     vertex  2.964586e+00  0.000000e+00  3.067581e+01
   endloop
 endfacet
 facet normal  9.853326e-01  4.414866e-02  1.648352e-01
   outer loop
     vertex  2.948697e+00 -9.516277e+00  3.332180e+01
     vertex  2.962742e+00 -9.537268e+00  3.324347e+01
     vertex  2.951646e+00  0.000000e+00  3.075538e+01
   endloop
 endfacet
 facet normal  9.814753e-01  4.960320e-02  1.850561e-01
   outer loop
     vertex  2.948697e+00 -9.516277e+00  3.332180e+01
     vertex  2.951646e+00  0.000000e+00  3.075538e+01
     vertex  2.936714e+00  0.000000e+00  3.083458e+01
   endloop
 endfacet
 facet normal  9.802802e-01  5.112506e-02  1.908846e-01
   outer loop
     vertex  2.932431e+00 -9.495393e+00  3.339974e+01
     vertex  2.948697e+00 -9.516277e+00  3.332180e+01
     vertex  2.936714e+00  0.000000e+00  3.083458e+01
   endloop
 endfacet
 facet normal  9.761668e-01  5.618864e-02  2.096214e-01
   outer loop
     vertex  2.932431e+00 -9.495393e+00  3.339974e+01
     vertex  2.936714e+00  0.000000e+00  3.083458e+01
     vertex  2.919800e+00  0.000000e+00  3.091334e+01
   endloop
 endfacet
 facet normal  9.744899e-01  5.806357e-02  2.167902e-01
   outer loop
     vertex  2.913958e+00 -9.474634e+00  3.347722e+01
     vertex  2.932431e+00 -9.495393e+00  3.339974e+01
     vertex  2.919800e+00  0.000000e+00  3.091334e+01
   endloop
 endfacet
 facet normal  9.701995e-01  6.273551e-02  2.340453e-01
   outer loop
     vertex  2.913958e+00 -9.474634e+00  3.347722e+01
     vertex  2.919800e+00  0.000000e+00  3.091334e+01
     vertex  2.900915e+00  0.000000e+00  3.099163e+01
   endloop
 endfacet
 facet normal  9.679661e-01  6.495897e-02  2.425324e-01
   outer loop
     vertex  2.893292e+00 -9.454013e+00  3.355418e+01
     vertex  2.913958e+00 -9.474634e+00  3.347722e+01
     vertex  2.900915e+00  0.000000e+00  3.099163e+01
   endloop
 endfacet
 facet normal  9.635773e-01  6.923939e-02  2.583111e-01
   outer loop
     vertex  2.893292e+00 -9.454013e+00  3.355418e+01
     vertex  2.900915e+00  0.000000e+00  3.099163e+01
     vertex  2.880072e+00  0.000000e+00  3.106938e+01
   endloop
 endfacet
 facet normal  9.607136e-01  7.180608e-02  2.680919e-01
   outer loop
     vertex  2.870447e+00 -9.433546e+00  3.363056e+01
     vertex  2.893292e+00 -9.454013e+00  3.355418e+01
     vertex  2.880072e+00  0.000000e+00  3.106938e+01
   endloop
 endfacet
 facet normal  9.563048e-01  7.569589e-02  2.824026e-01
   outer loop
     vertex  2.870447e+00 -9.433546e+00  3.363056e+01
     vertex  2.880072e+00  0.000000e+00  3.106938e+01
     vertex  2.857285e+00  0.000000e+00  3.114654e+01
   endloop
 endfacet
 facet normal  9.527379e-01  7.859973e-02  2.934494e-01
   outer loop
     vertex  2.845442e+00 -9.413250e+00  3.370631e+01
     vertex  2.870447e+00 -9.433546e+00  3.363056e+01
     vertex  2.857285e+00  0.000000e+00  3.114654e+01
   endloop
 endfacet
 facet normal  9.483869e-01  8.210063e-02  3.063034e-01
   outer loop
     vertex  2.845442e+00 -9.413250e+00  3.370631e+01
     vertex  2.857285e+00  0.000000e+00  3.114654e+01
     vertex  2.832569e+00  0.000000e+00  3.122307e+01
   endloop
 endfacet
 facet normal  9.440450e-01  8.533483e-02  3.185858e-01
   outer loop
     vertex  2.818295e+00 -9.393138e+00  3.378136e+01
     vertex  2.845442e+00 -9.413250e+00  3.370631e+01
     vertex  2.832569e+00  0.000000e+00  3.122307e+01
   endloop
 endfacet
 facet normal  9.398289e-01  8.844931e-02  3.299976e-01
   outer loop
     vertex  2.818295e+00 -9.393138e+00  3.378136e+01
     vertex  2.832569e+00  0.000000e+00  3.122307e+01
     vertex  2.805942e+00  0.000000e+00  3.129890e+01
   endloop
 endfacet
 facet normal  9.346415e-01  9.200630e-02  3.434823e-01
   outer loop
     vertex  2.789026e+00 -9.373227e+00  3.385567e+01
     vertex  2.818295e+00 -9.393138e+00  3.378136e+01
     vertex  2.805942e+00  0.000000e+00  3.129890e+01
   endloop
 endfacet
 facet normal  9.306366e-01  9.473763e-02  3.534690e-01
   outer loop
     vertex  2.789026e+00 -9.373227e+00  3.385567e+01
     vertex  2.805942e+00  0.000000e+00  3.129890e+01
     vertex  2.777420e+00  0.000000e+00  3.137399e+01
   endloop
 endfacet
 facet normal  9.245344e-01  9.860912e-02  3.681200e-01
   outer loop
     vertex  2.757658e+00 -9.353532e+00  3.392918e+01
     vertex  2.789026e+00 -9.373227e+00  3.385567e+01
     vertex  2.777420e+00  0.000000e+00  3.137399e+01
   endloop
 endfacet
 facet normal  9.208162e-01  1.009613e-01  3.767018e-01
   outer loop
     vertex  2.757658e+00 -9.353532e+00  3.392918e+01
     vertex  2.777420e+00  0.000000e+00  3.137399e+01
     vertex  2.747024e+00  0.000000e+00  3.144829e+01
   endloop
 endfacet
 facet normal  9.137314e-01  1.051383e-01  3.924805e-01
   outer loop
     vertex  2.724214e+00 -9.334066e+00  3.400182e+01
     vertex  2.757658e+00 -9.353532e+00  3.392918e+01
     vertex  2.747024e+00  0.000000e+00  3.144829e+01
   endloop
 endfacet
 facet normal  9.103744e-01  1.071163e-01  3.996805e-01
   outer loop
     vertex  2.724214e+00 -9.334066e+00  3.400182e+01
     vertex  2.747024e+00  0.000000e+00  3.144829e+01
     vertex  2.714774e+00  0.000000e+00  3.152175e+01
   endloop
 endfacet
 facet normal  9.022405e-01  1.115890e-01  4.165453e-01
   outer loop
     vertex  2.688719e+00 -9.314845e+00  3.407356e+01
     vertex  2.724214e+00 -9.334066e+00  3.400182e+01
     vertex  2.714774e+00  0.000000e+00  3.152175e+01
   endloop
 endfacet
 facet normal  8.993183e-01  1.131982e-01  4.223894e-01
   outer loop
     vertex  2.688719e+00 -9.314845e+00  3.407356e+01
     vertex  2.714774e+00  0.000000e+00  3.152175e+01
     vertex  2.680692e+00  0.000000e+00  3.159432e+01
   endloop
 endfacet
 facet normal  8.900704e-01  1.179564e-01  4.402964e-01
   outer loop
     vertex  2.651201e+00 -9.295884e+00  3.414432e+01
     vertex  2.688719e+00 -9.314845e+00  3.407356e+01
     vertex  2.680692e+00  0.000000e+00  3.159432e+01
   endloop
 endfacet
 facet normal  8.876552e-01  1.192031e-01  4.448133e-01
   outer loop
     vertex  2.651201e+00 -9.295884e+00  3.414432e+01
     vertex  2.680692e+00  0.000000e+00  3.159432e+01
     vertex  2.644800e+00  0.000000e+00  3.166594e+01
   endloop
 endfacet
 facet normal  8.772303e-01  1.242355e-01  4.637159e-01
   outer loop
     vertex  2.611686e+00 -9.277196e+00  3.421407e+01
     vertex  2.651201e+00 -9.295884e+00  3.414432e+01
     vertex  2.644800e+00  0.000000e+00  3.166594e+01
   endloop
 endfacet
 facet normal  8.753931e-01  1.251268e-01  4.669370e-01
   outer loop
     vertex  2.611686e+00 -9.277196e+00  3.421407e+01
     vertex  2.644800e+00  0.000000e+00  3.166594e+01
     vertex  2.607123e+00  0.000000e+00  3.173658e+01
   endloop
 endfacet
 facet normal  8.637299e-01  1.304218e-01  4.867862e-01
   outer loop
     vertex  2.570206e+00 -9.258795e+00  3.428274e+01
     vertex  2.611686e+00 -9.277196e+00  3.421407e+01
     vertex  2.607123e+00  0.000000e+00  3.173658e+01
   endloop
 endfacet
 facet normal  8.625403e-01  1.309654e-01  4.887457e-01
   outer loop
     vertex  2.570206e+00 -9.258795e+00  3.428274e+01
     vertex  2.607123e+00  0.000000e+00  3.173658e+01
     vertex  2.567686e+00  0.000000e+00  3.180618e+01
   endloop
 endfacet
 facet normal  8.495793e-01  1.365106e-01  5.094898e-01
   outer loop
     vertex  2.526790e+00 -9.240697e+00  3.435028e+01
     vertex  2.570206e+00 -9.258795e+00  3.428274e+01
     vertex  2.567686e+00  0.000000e+00  3.180618e+01
   endloop
 endfacet
 facet normal  8.350969e-01  1.423764e-01  5.313588e-01
   outer loop
     vertex  2.526790e+00 -9.240697e+00  3.435028e+01
     vertex  2.526517e+00  0.000000e+00  3.187469e+01
     vertex  2.483641e+00  0.000000e+00  3.194207e+01
   endloop
 endfacet
 facet normal  8.491054e-01  1.367150e-01  5.102245e-01
   outer loop
     vertex  2.526790e+00 -9.240697e+00  3.435028e+01
     vertex  2.567686e+00  0.000000e+00  3.180618e+01
     vertex  2.526517e+00  0.000000e+00  3.187469e+01
   endloop
 endfacet
 facet normal  8.205239e-01  1.479490e-01  5.521338e-01
   outer loop
     vertex  2.481473e+00 -9.222913e+00  3.441665e+01
     vertex  2.483641e+00  0.000000e+00  3.194207e+01
     vertex  2.439090e+00  0.000000e+00  3.200828e+01
   endloop
 endfacet
 facet normal  8.347891e-01  1.424928e-01  5.318110e-01
   outer loop
     vertex  2.481473e+00 -9.222913e+00  3.441665e+01
     vertex  2.526790e+00 -9.240697e+00  3.435028e+01
     vertex  2.483641e+00  0.000000e+00  3.194207e+01
   endloop
 endfacet
 facet normal  8.053971e-01  1.534210e-01  5.725361e-01
   outer loop
     vertex  2.434288e+00 -9.205457e+00  3.448180e+01
     vertex  2.439090e+00  0.000000e+00  3.200828e+01
     vertex  2.392892e+00  0.000000e+00  3.207327e+01
   endloop
 endfacet
 facet normal  8.193706e-01  1.483614e-01  5.537335e-01
   outer loop
     vertex  2.434288e+00 -9.205457e+00  3.448180e+01
     vertex  2.481473e+00 -9.222913e+00  3.441665e+01
     vertex  2.439090e+00  0.000000e+00  3.200828e+01
   endloop
 endfacet
 facet normal  7.897267e-01  1.587888e-01  5.925520e-01
   outer loop
     vertex  2.385270e+00 -9.188344e+00  3.454567e+01
     vertex  2.392892e+00  0.000000e+00  3.207327e+01
     vertex  2.345079e+00  0.000000e+00  3.213699e+01
   endloop
 endfacet
 facet normal  8.033352e-01  1.541189e-01  5.752390e-01
   outer loop
     vertex  2.385270e+00 -9.188344e+00  3.454567e+01
     vertex  2.434288e+00 -9.205457e+00  3.448180e+01
     vertex  2.392892e+00  0.000000e+00  3.207327e+01
   endloop
 endfacet
 facet normal  7.735234e-01  1.640487e-01  6.121679e-01
   outer loop
     vertex  2.334457e+00 -9.171584e+00  3.460821e+01
     vertex  2.345079e+00  0.000000e+00  3.213699e+01
     vertex  2.295684e+00  0.000000e+00  3.219941e+01
   endloop
 endfacet
 facet normal  7.866951e-01  1.597610e-01  5.963113e-01
   outer loop
     vertex  2.334457e+00 -9.171584e+00  3.460821e+01
     vertex  2.385270e+00 -9.188344e+00  3.454567e+01
     vertex  2.345079e+00  0.000000e+00  3.213699e+01
   endloop
 endfacet
 facet normal  7.694628e-01  1.652835e-01  6.169346e-01
   outer loop
     vertex  2.281886e+00 -9.155192e+00  3.466939e+01
     vertex  2.334457e+00 -9.171584e+00  3.460821e+01
     vertex  2.295684e+00  0.000000e+00  3.219941e+01
   endloop
 endfacet
 facet normal  7.567981e-01  1.691973e-01  6.313707e-01
   outer loop
     vertex  2.281886e+00 -9.155192e+00  3.466939e+01
     vertex  2.295684e+00  0.000000e+00  3.219941e+01
     vertex  2.244739e+00  0.000000e+00  3.226047e+01
   endloop
 endfacet
 facet normal  7.516513e-01  1.706821e-01  6.370933e-01
   outer loop
     vertex  2.227598e+00 -9.139180e+00  3.472915e+01
     vertex  2.281886e+00 -9.155192e+00  3.466939e+01
     vertex  2.244739e+00  0.000000e+00  3.226047e+01
   endloop
 endfacet
 facet normal  7.395621e-01  1.742309e-01  6.501473e-01
   outer loop
     vertex  2.227598e+00 -9.139180e+00  3.472915e+01
     vertex  2.244739e+00  0.000000e+00  3.226047e+01
     vertex  2.192278e+00  0.000000e+00  3.232015e+01
   endloop
 endfacet
 facet normal  7.332740e-01  1.759529e-01  6.567723e-01
   outer loop
     vertex  2.171632e+00 -9.123558e+00  3.478745e+01
     vertex  2.227598e+00 -9.139180e+00  3.472915e+01
     vertex  2.192278e+00  0.000000e+00  3.232015e+01
   endloop
 endfacet
 facet normal  7.218269e-01  1.791464e-01  6.684852e-01
   outer loop
     vertex  2.171632e+00 -9.123558e+00  3.478745e+01
     vertex  2.192278e+00  0.000000e+00  3.232015e+01
     vertex  2.138338e+00  0.000000e+00  3.237839e+01
   endloop
 endfacet
 facet normal  7.143447e-01  1.810919e-01  6.759567e-01
   outer loop
     vertex  2.114032e+00 -9.108340e+00  3.484424e+01
     vertex  2.171632e+00 -9.123558e+00  3.478745e+01
     vertex  2.138338e+00  0.000000e+00  3.237839e+01
   endloop
 endfacet
 facet normal  7.036047e-01  1.839402e-01  6.863719e-01
   outer loop
     vertex  2.114032e+00 -9.108340e+00  3.484424e+01
     vertex  2.138338e+00  0.000000e+00  3.237839e+01
     vertex  2.082955e+00  0.000000e+00  3.243517e+01
   endloop
 endfacet
 facet normal  6.948776e-01  1.860952e-01  6.946320e-01
   outer loop
     vertex  2.054841e+00 -9.093537e+00  3.489949e+01
     vertex  2.114032e+00 -9.108340e+00  3.484424e+01
     vertex  2.082955e+00  0.000000e+00  3.243517e+01
   endloop
 endfacet
 facet normal  6.849077e-01  1.886093e-01  7.037955e-01
   outer loop
     vertex  2.054841e+00 -9.093537e+00  3.489949e+01
     vertex  2.082955e+00  0.000000e+00  3.243517e+01
     vertex  2.026166e+00  0.000000e+00  3.249043e+01
   endloop
 endfacet
 facet normal  6.748875e-01  1.909590e-01  7.127843e-01
   outer loop
     vertex  1.994103e+00 -9.079160e+00  3.495315e+01
     vertex  2.054841e+00 -9.093537e+00  3.489949e+01
     vertex  2.026166e+00  0.000000e+00  3.249043e+01
   endloop
 endfacet
 facet normal  6.657484e-01  1.931503e-01  7.207441e-01
   outer loop
     vertex  1.994103e+00 -9.079160e+00  3.495315e+01
     vertex  2.026166e+00  0.000000e+00  3.249043e+01
     vertex  1.968009e+00  0.000000e+00  3.254415e+01
   endloop
 endfacet
 facet normal  6.543893e-01  1.956797e-01  7.303999e-01
   outer loop
     vertex  1.931864e+00 -9.065219e+00  3.500517e+01
     vertex  1.994103e+00 -9.079160e+00  3.495315e+01
     vertex  1.968009e+00  0.000000e+00  3.254415e+01
   endloop
 endfacet
 facet normal  6.461399e-01  1.975604e-01  7.372063e-01
   outer loop
     vertex  1.931864e+00 -9.065219e+00  3.500517e+01
     vertex  1.968009e+00  0.000000e+00  3.254415e+01
     vertex  1.908524e+00  0.000000e+00  3.259629e+01
   endloop
 endfacet
 facet normal  6.333986e-01  2.002538e-01  7.474655e-01
   outer loop
     vertex  1.868170e+00 -9.051726e+00  3.505553e+01
     vertex  1.931864e+00 -9.065219e+00  3.500517e+01
     vertex  1.908524e+00  0.000000e+00  3.259629e+01
   endloop
 endfacet
 facet normal  6.260954e-01  2.018364e-01  7.531710e-01
   outer loop
     vertex  1.868170e+00 -9.051726e+00  3.505553e+01
     vertex  1.908524e+00  0.000000e+00  3.259629e+01
     vertex  1.847751e+00  0.000000e+00  3.264681e+01
   endloop
 endfacet
 facet normal  6.119310e-01  2.046777e-01  7.639683e-01
   outer loop
     vertex  1.803070e+00 -9.038689e+00  3.510419e+01
     vertex  1.868170e+00 -9.051726e+00  3.505553e+01
     vertex  1.847751e+00  0.000000e+00  3.264681e+01
   endloop
 endfacet
 facet normal  6.056284e-01  2.059756e-01  7.686275e-01
   outer loop
     vertex  1.803070e+00 -9.038689e+00  3.510419e+01
     vertex  1.847751e+00  0.000000e+00  3.264681e+01
     vertex  1.785730e+00  0.000000e+00  3.269567e+01
   endloop
 endfacet
 facet normal  5.900028e-01  2.089482e-01  7.798957e-01
   outer loop
     vertex  1.736613e+00 -9.026120e+00  3.515109e+01
     vertex  1.803070e+00 -9.038689e+00  3.510419e+01
     vertex  1.785730e+00  0.000000e+00  3.269567e+01
   endloop
 endfacet
 facet normal  5.847527e-01  2.099751e-01  7.835654e-01
   outer loop
     vertex  1.736613e+00 -9.026120e+00  3.515109e+01
     vertex  1.785730e+00  0.000000e+00  3.269567e+01
     vertex  1.722504e+00  0.000000e+00  3.274286e+01
   endloop
 endfacet
 facet normal  5.676304e-01  2.130621e-01  7.952360e-01
   outer loop
     vertex  1.668849e+00 -9.014028e+00  3.519622e+01
     vertex  1.736613e+00 -9.026120e+00  3.515109e+01
     vertex  1.722504e+00  0.000000e+00  3.274286e+01
   endloop
 endfacet
 facet normal  5.634824e-01  2.138322e-01  7.979746e-01
   outer loop
     vertex  1.668849e+00 -9.014028e+00  3.519622e+01
     vertex  1.722504e+00  0.000000e+00  3.274286e+01
     vertex  1.658116e+00  0.000000e+00  3.278833e+01
   endloop
 endfacet
 facet normal  5.448308e-01  2.170162e-01  8.099774e-01
   outer loop
     vertex  1.599828e+00 -9.002421e+00  3.523954e+01
     vertex  1.668849e+00 -9.014028e+00  3.519622e+01
     vertex  1.658116e+00  0.000000e+00  3.278833e+01
   endloop
 endfacet
 facet normal  5.418318e-01  2.175443e-01  8.118453e-01
   outer loop
     vertex  1.599828e+00 -9.002421e+00  3.523954e+01
     vertex  1.658116e+00  0.000000e+00  3.278833e+01
     vertex  1.592608e+00  0.000000e+00  3.283205e+01
   endloop
 endfacet
 facet normal  5.216210e-01  2.208077e-01  8.241089e-01
   outer loop
     vertex  1.529603e+00 -8.991309e+00  3.528101e+01
     vertex  1.599828e+00 -9.002421e+00  3.523954e+01
     vertex  1.592608e+00  0.000000e+00  3.283205e+01
   endloop
 endfacet
 facet normal  5.198155e-01  2.211089e-01  8.251683e-01
   outer loop
     vertex  1.529603e+00 -8.991309e+00  3.528101e+01
     vertex  1.592608e+00  0.000000e+00  3.283205e+01
     vertex  1.526026e+00  0.000000e+00  3.287399e+01
   endloop
 endfacet
 facet normal  4.980186e-01  2.244336e-01  8.376199e-01
   outer loop
     vertex  1.458227e+00 -8.980699e+00  3.532061e+01
     vertex  1.529603e+00 -8.991309e+00  3.528101e+01
     vertex  1.526026e+00  0.000000e+00  3.287399e+01
   endloop
 endfacet
 facet normal  4.747450e-01  2.277930e-01  8.501339e-01
   outer loop
     vertex  1.458227e+00 -8.980699e+00  3.532061e+01
     vertex  1.458413e+00  0.000000e+00  3.291413e+01
     vertex  1.389816e+00  0.000000e+00  3.295244e+01
   endloop
 endfacet
 facet normal  4.974485e-01  2.245236e-01  8.379345e-01
   outer loop
     vertex  1.458227e+00 -8.980699e+00  3.532061e+01
     vertex  1.526026e+00  0.000000e+00  3.287399e+01
     vertex  1.458413e+00  0.000000e+00  3.291413e+01
   endloop
 endfacet
 facet normal  4.740412e-01  2.278847e-01  8.505019e-01
   outer loop
     vertex  1.385753e+00 -8.970601e+00  3.535830e+01
     vertex  1.458227e+00 -8.980699e+00  3.532061e+01
     vertex  1.389816e+00  0.000000e+00  3.295244e+01
   endloop
 endfacet
 facet normal  4.517204e-01  2.309137e-01  8.617584e-01
   outer loop
     vertex  1.385753e+00 -8.970601e+00  3.535830e+01
     vertex  1.389816e+00  0.000000e+00  3.295244e+01
     vertex  1.320281e+00  0.000000e+00  3.298888e+01
   endloop
 endfacet
 facet normal  4.283911e-01  2.338779e-01  8.728013e-01
   outer loop
     vertex  1.312236e+00 -8.961020e+00  3.539405e+01
     vertex  1.320281e+00  0.000000e+00  3.298888e+01
     vertex  1.249855e+00  0.000000e+00  3.302345e+01
   endloop
 endfacet
 facet normal  4.497071e-01  2.311596e-01  8.627449e-01
   outer loop
     vertex  1.312236e+00 -8.961020e+00  3.539405e+01
     vertex  1.385753e+00 -8.970601e+00  3.535830e+01
     vertex  1.320281e+00  0.000000e+00  3.298888e+01
   endloop
 endfacet
 facet normal  4.047727e-01  2.366836e-01  8.832553e-01
   outer loop
     vertex  1.237731e+00 -8.951966e+00  3.542784e+01
     vertex  1.249855e+00  0.000000e+00  3.302345e+01
     vertex  1.178586e+00  0.000000e+00  3.305611e+01
   endloop
 endfacet
 facet normal  4.250344e-01  2.342611e-01  8.743383e-01
   outer loop
     vertex  1.237731e+00 -8.951966e+00  3.542784e+01
     vertex  1.312236e+00 -8.961020e+00  3.539405e+01
     vertex  1.249855e+00  0.000000e+00  3.302345e+01
   endloop
 endfacet
 facet normal  4.000417e-01  2.371870e-01  8.852734e-01
   outer loop
     vertex  1.162294e+00 -8.943444e+00  3.545965e+01
     vertex  1.237731e+00 -8.951966e+00  3.542784e+01
     vertex  1.178586e+00  0.000000e+00  3.305611e+01
   endloop
 endfacet
 facet normal  3.808813e-01  2.393288e-01  8.931132e-01
   outer loop
     vertex  1.162294e+00 -8.943444e+00  3.545965e+01
     vertex  1.178586e+00  0.000000e+00  3.305611e+01
     vertex  1.106520e+00  0.000000e+00  3.308685e+01
   endloop
 endfacet
 facet normal  3.567329e-01  2.418119e-01  9.023684e-01
   outer loop
     vertex  1.085982e+00 -8.935460e+00  3.548944e+01
     vertex  1.106520e+00  0.000000e+00  3.308685e+01
     vertex  1.033708e+00  0.000000e+00  3.311563e+01
   endloop
 endfacet
 facet normal  3.747479e-01  2.399349e-01  8.955419e-01
   outer loop
     vertex  1.085982e+00 -8.935460e+00  3.548944e+01
     vertex  1.162294e+00 -8.943444e+00  3.545965e+01
     vertex  1.106520e+00  0.000000e+00  3.308685e+01
   endloop
 endfacet
 facet normal  3.323438e-01  2.441311e-01  9.110146e-01
   outer loop
     vertex  1.008853e+00 -8.928022e+00  3.551720e+01
     vertex  1.033708e+00  0.000000e+00  3.311563e+01
     vertex  9.601984e-01  0.000000e+00  3.314245e+01
   endloop
 endfacet
 facet normal  3.491720e-01  2.425029e-01  9.051360e-01
   outer loop
     vertex  1.008853e+00 -8.928022e+00  3.551720e+01
     vertex  1.085982e+00 -8.935460e+00  3.548944e+01
     vertex  1.033708e+00  0.000000e+00  3.311563e+01
   endloop
 endfacet
 facet normal  3.077304e-01  2.462848e-01  9.190461e-01
   outer loop
     vertex  9.309643e-01 -8.921134e+00  3.554291e+01
     vertex  9.601984e-01  0.000000e+00  3.314245e+01
     vertex  8.860406e-01  0.000000e+00  3.316728e+01
   endloop
 endfacet
 facet normal  3.233333e-01  2.448890e-01  9.140487e-01
   outer loop
     vertex  9.309643e-01 -8.921134e+00  3.554291e+01
     vertex  1.008853e+00 -8.928022e+00  3.551720e+01
     vertex  9.601984e-01  0.000000e+00  3.314245e+01
   endloop
 endfacet
 facet normal  2.829094e-01  2.482717e-01  9.264575e-01
   outer loop
     vertex  8.523749e-01 -8.914801e+00  3.556654e+01
     vertex  8.860406e-01  0.000000e+00  3.316728e+01
     vertex  8.112846e-01  0.000000e+00  3.319011e+01
   endloop
 endfacet
 facet normal  2.972512e-01  2.470913e-01  9.222731e-01
   outer loop
     vertex  8.523749e-01 -8.914801e+00  3.556654e+01
     vertex  9.309643e-01 -8.921134e+00  3.554291e+01
     vertex  8.860406e-01  0.000000e+00  3.316728e+01
   endloop
 endfacet
 facet normal  2.578975e-01  2.500903e-01  9.332436e-01
   outer loop
     vertex  7.731438e-01 -8.909029e+00  3.558808e+01
     vertex  8.112846e-01  0.000000e+00  3.319011e+01
     vertex  7.359811e-01  0.000000e+00  3.321092e+01
   endloop
 endfacet
 facet normal  2.709453e-01  2.491083e-01  9.298030e-01
   outer loop
     vertex  7.731438e-01 -8.909029e+00  3.558808e+01
     vertex  8.523749e-01 -8.914801e+00  3.556654e+01
     vertex  8.112846e-01  0.000000e+00  3.319011e+01
   endloop
 endfacet
 facet normal  2.327117e-01  2.517395e-01  9.394001e-01
   outer loop
     vertex  6.933307e-01 -8.903822e+00  3.560752e+01
     vertex  7.359811e-01  0.000000e+00  3.321092e+01
     vertex  6.601808e-01  0.000000e+00  3.322969e+01
   endloop
 endfacet
 facet normal  2.444354e-01  2.509385e-01  9.366329e-01
   outer loop
     vertex  6.933307e-01 -8.903822e+00  3.560752e+01
     vertex  7.731438e-01 -8.909029e+00  3.558808e+01
     vertex  7.359811e-01  0.000000e+00  3.321092e+01
   endloop
 endfacet
 facet normal  2.177416e-01  2.525804e-01  9.427575e-01
   outer loop
     vertex  6.129958e-01 -8.899183e+00  3.562483e+01
     vertex  6.933307e-01 -8.903822e+00  3.560752e+01
     vertex  6.601808e-01  0.000000e+00  3.322969e+01
   endloop
 endfacet
 facet normal  2.073687e-01  2.532181e-01  9.449227e-01
   outer loop
     vertex  6.129958e-01 -8.899183e+00  3.562483e+01
     vertex  6.601808e-01  0.000000e+00  3.322969e+01
     vertex  5.839349e-01  0.000000e+00  3.324643e+01
   endloop
 endfacet
 facet normal  1.908838e-01  2.540328e-01  9.481723e-01
   outer loop
     vertex  5.321993e-01 -8.895117e+00  3.564001e+01
     vertex  6.129958e-01 -8.899183e+00  3.562483e+01
     vertex  5.839349e-01  0.000000e+00  3.324643e+01
   endloop
 endfacet
 facet normal  1.818858e-01  2.545251e-01  9.498076e-01
   outer loop
     vertex  5.321993e-01 -8.895117e+00  3.564001e+01
     vertex  5.839349e-01  0.000000e+00  3.324643e+01
     vertex  5.072949e-01  0.000000e+00  3.326110e+01
   endloop
 endfacet
 facet normal  1.638824e-01  2.552946e-01  9.528732e-01
   outer loop
     vertex  4.510023e-01 -8.891625e+00  3.565304e+01
     vertex  5.321993e-01 -8.895117e+00  3.564001e+01
     vertex  5.072949e-01  0.000000e+00  3.326110e+01
   endloop
 endfacet
 facet normal  1.562802e-01  2.556597e-01  9.540517e-01
   outer loop
     vertex  4.510023e-01 -8.891625e+00  3.565304e+01
     vertex  5.072949e-01  0.000000e+00  3.326110e+01
     vertex  4.303125e-01  0.000000e+00  3.327371e+01
   endloop
 endfacet
 facet normal  1.367575e-01  2.563649e-01  9.568565e-01
   outer loop
     vertex  3.694657e-01 -8.888712e+00  3.566391e+01
     vertex  4.510023e-01 -8.891625e+00  3.565304e+01
     vertex  4.303125e-01  0.000000e+00  3.327371e+01
   endloop
 endfacet
 facet normal  1.305691e-01  2.566211e-01  9.576520e-01
   outer loop
     vertex  3.694657e-01 -8.888712e+00  3.566391e+01
     vertex  4.303125e-01  0.000000e+00  3.327371e+01
     vertex  3.530397e-01  0.000000e+00  3.328425e+01
   endloop
 endfacet
 facet normal  1.047698e-01  2.574086e-01  9.606061e-01
   outer loop
     vertex  2.876511e-01 -8.886379e+00  3.567262e+01
     vertex  3.530397e-01  0.000000e+00  3.328425e+01
     vertex  2.755285e-01  0.000000e+00  3.329270e+01
   endloop
 endfacet
 facet normal  1.095298e-01  2.572428e-01  9.601194e-01
   outer loop
     vertex  2.876511e-01 -8.886379e+00  3.567262e+01
     vertex  3.694657e-01 -8.888712e+00  3.566391e+01
     vertex  3.530397e-01  0.000000e+00  3.328425e+01
   endloop
 endfacet
 facet normal  8.221955e-02  2.579278e-01  9.626594e-01
   outer loop
     vertex  2.056198e-01 -8.884627e+00  3.567915e+01
     vertex  2.876511e-01 -8.886379e+00  3.567262e+01
     vertex  2.755285e-01  0.000000e+00  3.329270e+01
   endloop
 endfacet
 facet normal  7.889977e-02  2.580218e-01  9.629120e-01
   outer loop
     vertex  2.056198e-01 -8.884627e+00  3.567915e+01
     vertex  2.755285e-01  0.000000e+00  3.329270e+01
     vertex  1.978314e-01  0.000000e+00  3.329907e+01
   endloop
 endfacet
 facet normal  5.484744e-02  2.584193e-01  9.644746e-01
   outer loop
     vertex  1.234339e-01 -8.883459e+00  3.568351e+01
     vertex  2.056198e-01 -8.884627e+00  3.567915e+01
     vertex  1.978314e-01  0.000000e+00  3.329907e+01
   endloop
 endfacet
 facet normal  5.297643e-02  2.584601e-01  9.645682e-01
   outer loop
     vertex  1.234339e-01 -8.883459e+00  3.568351e+01
     vertex  1.978314e-01  0.000000e+00  3.329907e+01
     vertex  1.200007e-01  0.000000e+00  3.330334e+01
   endloop
 endfacet
 facet normal  2.743405e-02  2.587169e-01  9.655635e-01
   outer loop
     vertex  4.115494e-02 -8.882874e+00  3.568570e+01
     vertex  1.234339e-01 -8.883459e+00  3.568351e+01
     vertex  1.200007e-01  0.000000e+00  3.330334e+01
   endloop
 endfacet
 facet normal  1.039781e-03  2.588202e-01  9.659250e-01
   outer loop
     vertex  4.115494e-02 -8.882874e+00  3.568570e+01
     vertex  4.208911e-02  0.000000e+00  3.330552e+01
     vertex -3.585095e-02  0.000000e+00  3.330561e+01
   endloop
 endfacet
 facet normal  2.701726e-02  2.587233e-01  9.655736e-01
   outer loop
     vertex  4.115494e-02 -8.882874e+00  3.568570e+01
     vertex  1.200007e-01  0.000000e+00  3.330334e+01
     vertex  4.208911e-02  0.000000e+00  3.330552e+01
   endloop
 endfacet
 facet normal -0.000000e+00  2.588119e-01  9.659277e-01
   outer loop
     vertex -4.115494e-02 -8.882874e+00  3.568570e+01
     vertex  4.115494e-02 -8.882874e+00  3.568570e+01
     vertex -3.585095e-02  0.000000e+00  3.330561e+01
   endloop
 endfacet
 facet normal -2.493835e-02  2.587453e-01  9.656236e-01
   outer loop
     vertex -4.115494e-02 -8.882874e+00  3.568570e+01
     vertex -3.585095e-02  0.000000e+00  3.330561e+01
     vertex -1.137668e-01  0.000000e+00  3.330359e+01
   endloop
 endfacet
 facet normal -2.743405e-02  2.587093e-01  9.655656e-01
   outer loop
     vertex -1.234339e-01 -8.883459e+00  3.568351e+01
     vertex -4.115494e-02 -8.882874e+00  3.568570e+01
     vertex -1.137668e-01  0.000000e+00  3.330359e+01
   endloop
 endfacet
 facet normal -5.089958e-02  2.584951e-01  9.646707e-01
   outer loop
     vertex -1.234339e-01 -8.883459e+00  3.568351e+01
     vertex -1.137668e-01  0.000000e+00  3.330359e+01
     vertex -1.916059e-01  0.000000e+00  3.329949e+01
   endloop
 endfacet
 facet normal -5.484744e-02  2.584127e-01  9.644764e-01
   outer loop
     vertex -2.056198e-01 -8.884627e+00  3.567915e+01
     vertex -1.234339e-01 -8.883459e+00  3.568351e+01
     vertex -1.916059e-01  0.000000e+00  3.329949e+01
   endloop
 endfacet
 facet normal -7.682639e-02  2.580698e-01  9.630668e-01
   outer loop
     vertex -2.056198e-01 -8.884627e+00  3.567915e+01
     vertex -1.916059e-01  0.000000e+00  3.329949e+01
     vertex -2.693156e-01  0.000000e+00  3.329329e+01
   endloop
 endfacet
 facet normal -1.027013e-01  2.574697e-01  9.608131e-01
   outer loop
     vertex -2.876511e-01 -8.886379e+00  3.567262e+01
     vertex -2.693156e-01  0.000000e+00  3.329329e+01
     vertex -3.468436e-01  0.000000e+00  3.328500e+01
   endloop
 endfacet
 facet normal -8.221955e-02  2.579222e-01  9.626610e-01
   outer loop
     vertex -2.876511e-01 -8.886379e+00  3.567262e+01
     vertex -2.056198e-01 -8.884627e+00  3.567915e+01
     vertex -2.693156e-01  0.000000e+00  3.329329e+01
   endloop
 endfacet
 facet normal -1.285069e-01  2.566951e-01  9.579111e-01
   outer loop
     vertex -3.694657e-01 -8.888712e+00  3.566391e+01
     vertex -3.468436e-01  0.000000e+00  3.328500e+01
     vertex -4.241374e-01  0.000000e+00  3.327463e+01
   endloop
 endfacet
 facet normal -1.095298e-01  2.572381e-01  9.601207e-01
   outer loop
     vertex -3.694657e-01 -8.888712e+00  3.566391e+01
     vertex -2.876511e-01 -8.886379e+00  3.567262e+01
     vertex -3.468436e-01  0.000000e+00  3.328500e+01
   endloop
 endfacet
 facet normal -1.542257e-01  2.557466e-01  9.543627e-01
   outer loop
     vertex -4.510023e-01 -8.891625e+00  3.565304e+01
     vertex -4.241374e-01  0.000000e+00  3.327463e+01
     vertex -5.011450e-01  0.000000e+00  3.326219e+01
   endloop
 endfacet
 facet normal -1.367575e-01  2.563611e-01  9.568575e-01
   outer loop
     vertex -4.510023e-01 -8.891625e+00  3.565304e+01
     vertex -3.694657e-01 -8.888712e+00  3.566391e+01
     vertex -4.241374e-01  0.000000e+00  3.327463e+01
   endloop
 endfacet
 facet normal -1.798405e-01  2.546248e-01  9.501703e-01
   outer loop
     vertex -5.321993e-01 -8.895117e+00  3.564001e+01
     vertex -5.011450e-01  0.000000e+00  3.326219e+01
     vertex -5.778143e-01  0.000000e+00  3.324768e+01
   endloop
 endfacet
 facet normal -1.638824e-01  2.552918e-01  9.528739e-01
   outer loop
     vertex -5.321993e-01 -8.895117e+00  3.564001e+01
     vertex -4.510023e-01 -8.891625e+00  3.565304e+01
     vertex -5.011450e-01  0.000000e+00  3.326219e+01
   endloop
 endfacet
 facet normal -2.053338e-01  2.533305e-01  9.453368e-01
   outer loop
     vertex -6.129958e-01 -8.899183e+00  3.562483e+01
     vertex -5.778143e-01  0.000000e+00  3.324768e+01
     vertex -6.540936e-01  0.000000e+00  3.323111e+01
   endloop
 endfacet
 facet normal -1.908838e-01  2.540309e-01  9.481728e-01
   outer loop
     vertex -6.129958e-01 -8.899183e+00  3.562483e+01
     vertex -5.321993e-01 -8.895117e+00  3.564001e+01
     vertex -5.778143e-01  0.000000e+00  3.324768e+01
   endloop
 endfacet
 facet normal -2.306887e-01  2.518646e-01  9.398654e-01
   outer loop
     vertex -6.933307e-01 -8.903822e+00  3.560752e+01
     vertex -6.540936e-01  0.000000e+00  3.323111e+01
     vertex -7.299315e-01  0.000000e+00  3.321249e+01
   endloop
 endfacet
 facet normal -2.177416e-01  2.525795e-01  9.427578e-01
   outer loop
     vertex -6.933307e-01 -8.903822e+00  3.560752e+01
     vertex -6.129958e-01 -8.899183e+00  3.562483e+01
     vertex -6.540936e-01  0.000000e+00  3.323111e+01
   endloop
 endfacet
 facet normal -2.558878e-01  2.502280e-01  9.337598e-01
   outer loop
     vertex -7.731438e-01 -8.909029e+00  3.558808e+01
     vertex -7.299315e-01  0.000000e+00  3.321249e+01
     vertex -8.052766e-01  0.000000e+00  3.319185e+01
   endloop
 endfacet
 facet normal -2.444354e-01  2.509386e-01  9.366329e-01
   outer loop
     vertex -7.731438e-01 -8.909029e+00  3.558808e+01
     vertex -6.933307e-01 -8.903822e+00  3.560752e+01
     vertex -7.299315e-01  0.000000e+00  3.321249e+01
   endloop
 endfacet
 facet normal -2.709453e-01  2.491094e-01  9.298028e-01
   outer loop
     vertex -8.523749e-01 -8.914801e+00  3.556654e+01
     vertex -7.731438e-01 -8.909029e+00  3.558808e+01
     vertex -8.052766e-01  0.000000e+00  3.319185e+01
   endloop
 endfacet
 facet normal -2.809143e-01  2.484219e-01  9.270241e-01
   outer loop
     vertex -8.523749e-01 -8.914801e+00  3.556654e+01
     vertex -8.052766e-01  0.000000e+00  3.319185e+01
     vertex -8.800783e-01  0.000000e+00  3.316918e+01
   endloop
 endfacet
 facet normal -2.972512e-01  2.470933e-01  9.222725e-01
   outer loop
     vertex -9.309643e-01 -8.921134e+00  3.554291e+01
     vertex -8.523749e-01 -8.914801e+00  3.556654e+01
     vertex -8.800783e-01  0.000000e+00  3.316918e+01
   endloop
 endfacet
 facet normal -3.057513e-01  2.464474e-01  9.196629e-01
   outer loop
     vertex -9.309643e-01 -8.921134e+00  3.554291e+01
     vertex -8.800783e-01  0.000000e+00  3.316918e+01
     vertex -9.542859e-01  0.000000e+00  3.314451e+01
   endloop
 endfacet
 facet normal -3.303820e-01  2.443060e-01  9.116810e-01
   outer loop
     vertex -1.008853e+00 -8.928022e+00  3.551720e+01
     vertex -9.542859e-01  0.000000e+00  3.314451e+01
     vertex -1.027849e+00  0.000000e+00  3.311785e+01
   endloop
 endfacet
 facet normal -3.233333e-01  2.448919e-01  9.140479e-01
   outer loop
     vertex -1.008853e+00 -8.928022e+00  3.551720e+01
     vertex -9.309643e-01 -8.921134e+00  3.554291e+01
     vertex -9.542859e-01  0.000000e+00  3.314451e+01
   endloop
 endfacet
 facet normal -3.491720e-01  2.425068e-01  9.051350e-01
   outer loop
     vertex -1.085982e+00 -8.935460e+00  3.548944e+01
     vertex -1.008853e+00 -8.928022e+00  3.551720e+01
     vertex -1.027849e+00  0.000000e+00  3.311785e+01
   endloop
 endfacet
 facet normal -3.547898e-01  2.419990e-01  9.030840e-01
   outer loop
     vertex -1.085982e+00 -8.935460e+00  3.548944e+01
     vertex -1.027849e+00  0.000000e+00  3.311785e+01
     vertex -1.100719e+00  0.000000e+00  3.308922e+01
   endloop
 endfacet
 facet normal -3.789582e-01  2.395280e-01  8.938775e-01
   outer loop
     vertex -1.162294e+00 -8.943444e+00  3.545965e+01
     vertex -1.100719e+00  0.000000e+00  3.308922e+01
     vertex -1.172846e+00  0.000000e+00  3.305864e+01
   endloop
 endfacet
 facet normal -3.747479e-01  2.399398e-01  8.955406e-01
   outer loop
     vertex -1.162294e+00 -8.943444e+00  3.545965e+01
     vertex -1.085982e+00 -8.935460e+00  3.548944e+01
     vertex -1.100719e+00  0.000000e+00  3.308922e+01
   endloop
 endfacet
 facet normal -4.028709e-01  2.368946e-01  8.840678e-01
   outer loop
     vertex -1.237731e+00 -8.951966e+00  3.542784e+01
     vertex -1.172846e+00  0.000000e+00  3.305864e+01
     vertex -1.244181e+00  0.000000e+00  3.302614e+01
   endloop
 endfacet
 facet normal -4.000417e-01  2.371928e-01  8.852718e-01
   outer loop
     vertex -1.237731e+00 -8.951966e+00  3.542784e+01
     vertex -1.162294e+00 -8.943444e+00  3.545965e+01
     vertex -1.172846e+00  0.000000e+00  3.305864e+01
   endloop
 endfacet
 facet normal -4.265119e-01  2.341007e-01  8.736615e-01
   outer loop
     vertex -1.312236e+00 -8.961020e+00  3.539405e+01
     vertex -1.244181e+00  0.000000e+00  3.302614e+01
     vertex -1.314676e+00  0.000000e+00  3.299172e+01
   endloop
 endfacet
 facet normal -4.250344e-01  2.342678e-01  8.743365e-01
   outer loop
     vertex -1.312236e+00 -8.961020e+00  3.539405e+01
     vertex -1.237731e+00 -8.951966e+00  3.542784e+01
     vertex -1.244181e+00  0.000000e+00  3.302614e+01
   endloop
 endfacet
 facet normal -4.729134e-01  2.280500e-01  8.510852e-01
   outer loop
     vertex -1.385753e+00 -8.970601e+00  3.535830e+01
     vertex -1.384285e+00  0.000000e+00  3.295542e+01
     vertex -1.452958e+00  0.000000e+00  3.291726e+01
   endloop
 endfacet
 facet normal -4.498650e-01  2.311481e-01  8.626656e-01
   outer loop
     vertex -1.385753e+00 -8.970601e+00  3.535830e+01
     vertex -1.314676e+00  0.000000e+00  3.299172e+01
     vertex -1.384285e+00  0.000000e+00  3.295542e+01
   endloop
 endfacet
 facet normal -4.497071e-01  2.311672e-01  8.627429e-01
   outer loop
     vertex -1.385753e+00 -8.970601e+00  3.535830e+01
     vertex -1.312236e+00 -8.961020e+00  3.539405e+01
     vertex -1.314676e+00  0.000000e+00  3.299172e+01
   endloop
 endfacet
 facet normal -4.956425e-01  2.247987e-01  8.389303e-01
   outer loop
     vertex -1.458227e+00 -8.980699e+00  3.532061e+01
     vertex -1.452958e+00  0.000000e+00  3.291726e+01
     vertex -1.520651e+00  0.000000e+00  3.287727e+01
   endloop
 endfacet
 facet normal -4.740412e-01  2.278829e-01  8.505024e-01
   outer loop
     vertex -1.458227e+00 -8.980699e+00  3.532061e+01
     vertex -1.385753e+00 -8.970601e+00  3.535830e+01
     vertex -1.452958e+00  0.000000e+00  3.291726e+01
   endloop
 endfacet
 facet normal -4.980186e-01  2.244262e-01  8.376219e-01
   outer loop
     vertex -1.529603e+00 -8.991309e+00  3.528101e+01
     vertex -1.458227e+00 -8.980699e+00  3.532061e+01
     vertex -1.520651e+00  0.000000e+00  3.287727e+01
   endloop
 endfacet
 facet normal -5.180371e-01  2.213951e-01  8.262093e-01
   outer loop
     vertex -1.529603e+00 -8.991309e+00  3.528101e+01
     vertex -1.520651e+00  0.000000e+00  3.287727e+01
     vertex -1.587318e+00  0.000000e+00  3.283547e+01
   endloop
 endfacet
 facet normal -5.216210e-01  2.208013e-01  8.241106e-01
   outer loop
     vertex -1.599828e+00 -9.002421e+00  3.523954e+01
     vertex -1.529603e+00 -8.991309e+00  3.528101e+01
     vertex -1.587318e+00  0.000000e+00  3.283547e+01
   endloop
 endfacet
 facet normal -5.400820e-01  2.178414e-01  8.129308e-01
   outer loop
     vertex -1.599828e+00 -9.002421e+00  3.523954e+01
     vertex -1.587318e+00  0.000000e+00  3.283547e+01
     vertex -1.652913e+00  0.000000e+00  3.279189e+01
   endloop
 endfacet
 facet normal -5.448308e-01  2.170108e-01  8.099788e-01
   outer loop
     vertex -1.668849e+00 -9.014028e+00  3.519622e+01
     vertex -1.599828e+00 -9.002421e+00  3.523954e+01
     vertex -1.652913e+00  0.000000e+00  3.279189e+01
   endloop
 endfacet
 facet normal -5.617625e-01  2.141400e-01  7.991038e-01
   outer loop
     vertex -1.668849e+00 -9.014028e+00  3.519622e+01
     vertex -1.652913e+00  0.000000e+00  3.279189e+01
     vertex -1.717393e+00  0.000000e+00  3.274656e+01
   endloop
 endfacet
 facet normal -5.830639e-01  2.102934e-01  7.847376e-01
   outer loop
     vertex -1.736613e+00 -9.026120e+00  3.515109e+01
     vertex -1.717393e+00  0.000000e+00  3.274656e+01
     vertex -1.780713e+00  0.000000e+00  3.269951e+01
   endloop
 endfacet
 facet normal -5.676304e-01  2.130576e-01  7.952372e-01
   outer loop
     vertex -1.736613e+00 -9.026120e+00  3.515109e+01
     vertex -1.668849e+00 -9.014028e+00  3.519622e+01
     vertex -1.717393e+00  0.000000e+00  3.274656e+01
   endloop
 endfacet
 facet normal -6.039719e-01  2.063042e-01  7.698419e-01
   outer loop
     vertex -1.803070e+00 -9.038689e+00  3.510419e+01
     vertex -1.780713e+00  0.000000e+00  3.269951e+01
     vertex -1.842832e+00  0.000000e+00  3.265078e+01
   endloop
 endfacet
 facet normal -5.900028e-01  2.089447e-01  7.798967e-01
   outer loop
     vertex -1.803070e+00 -9.038689e+00  3.510419e+01
     vertex -1.736613e+00 -9.026120e+00  3.515109e+01
     vertex -1.780713e+00  0.000000e+00  3.269951e+01
   endloop
 endfacet
 facet normal -6.244722e-01  2.021752e-01  7.544267e-01
   outer loop
     vertex -1.868170e+00 -9.051726e+00  3.505553e+01
     vertex -1.842832e+00  0.000000e+00  3.265078e+01
     vertex -1.903706e+00  0.000000e+00  3.260039e+01
   endloop
 endfacet
 facet normal -6.119310e-01  2.046751e-01  7.639689e-01
   outer loop
     vertex -1.868170e+00 -9.051726e+00  3.505553e+01
     vertex -1.803070e+00 -9.038689e+00  3.510419e+01
     vertex -1.842832e+00  0.000000e+00  3.265078e+01
   endloop
 endfacet
 facet normal -6.333986e-01  2.002521e-01  7.474660e-01
   outer loop
     vertex -1.931864e+00 -9.065219e+00  3.500517e+01
     vertex -1.868170e+00 -9.051726e+00  3.505553e+01
     vertex -1.903706e+00  0.000000e+00  3.260039e+01
   endloop
 endfacet
 facet normal -6.445512e-01  1.979089e-01  7.385024e-01
   outer loop
     vertex -1.931864e+00 -9.065219e+00  3.500517e+01
     vertex -1.903706e+00  0.000000e+00  3.260039e+01
     vertex -1.963296e+00  0.000000e+00  3.254838e+01
   endloop
 endfacet
 facet normal -6.641952e-01  1.935085e-01  7.220797e-01
   outer loop
     vertex -1.994103e+00 -9.079160e+00  3.495315e+01
     vertex -1.963296e+00  0.000000e+00  3.254838e+01
     vertex -2.021561e+00  0.000000e+00  3.249479e+01
   endloop
 endfacet
 facet normal -6.543893e-01  1.956790e-01  7.304001e-01
   outer loop
     vertex -1.994103e+00 -9.079160e+00  3.495315e+01
     vertex -1.931864e+00 -9.065219e+00  3.500517e+01
     vertex -1.963296e+00  0.000000e+00  3.254838e+01
   endloop
 endfacet
 facet normal -6.833910e-01  1.889768e-01  7.051698e-01
   outer loop
     vertex -2.054841e+00 -9.093537e+00  3.489949e+01
     vertex -2.021561e+00  0.000000e+00  3.249479e+01
     vertex -2.078461e+00  0.000000e+00  3.243965e+01
   endloop
 endfacet
 facet normal -6.748875e-01  1.909592e-01  7.127843e-01
   outer loop
     vertex -2.054841e+00 -9.093537e+00  3.489949e+01
     vertex -1.994103e+00 -9.079160e+00  3.495315e+01
     vertex -2.021561e+00  0.000000e+00  3.249479e+01
   endloop
 endfacet
 facet normal -7.021257e-01  1.843168e-01  6.877840e-01
   outer loop
     vertex -2.114032e+00 -9.108340e+00  3.484424e+01
     vertex -2.078461e+00  0.000000e+00  3.243965e+01
     vertex -2.133958e+00  0.000000e+00  3.238299e+01
   endloop
 endfacet
 facet normal -6.948776e-01  1.860963e-01  6.946317e-01
   outer loop
     vertex -2.114032e+00 -9.108340e+00  3.484424e+01
     vertex -2.054841e+00 -9.093537e+00  3.489949e+01
     vertex -2.078461e+00  0.000000e+00  3.243965e+01
   endloop
 endfacet
 facet normal -7.203865e-01  1.795318e-01  6.699340e-01
   outer loop
     vertex -2.171632e+00 -9.123558e+00  3.478745e+01
     vertex -2.133958e+00  0.000000e+00  3.238299e+01
     vertex -2.188015e+00  0.000000e+00  3.232486e+01
   endloop
 endfacet
 facet normal -7.143447e-01  1.810940e-01  6.759561e-01
   outer loop
     vertex -2.171632e+00 -9.123558e+00  3.478745e+01
     vertex -2.114032e+00 -9.108340e+00  3.484424e+01
     vertex -2.133958e+00  0.000000e+00  3.238299e+01
   endloop
 endfacet
 facet normal -7.381612e-01  1.746250e-01  6.516319e-01
   outer loop
     vertex -2.227598e+00 -9.139180e+00  3.472915e+01
     vertex -2.188015e+00  0.000000e+00  3.232486e+01
     vertex -2.240595e+00  0.000000e+00  3.226530e+01
   endloop
 endfacet
 facet normal -7.332740e-01  1.759559e-01  6.567715e-01
   outer loop
     vertex -2.227598e+00 -9.139180e+00  3.472915e+01
     vertex -2.171632e+00 -9.123558e+00  3.478745e+01
     vertex -2.188015e+00  0.000000e+00  3.232486e+01
   endloop
 endfacet
 facet normal -7.554378e-01  1.695996e-01  6.328900e-01
   outer loop
     vertex -2.281886e+00 -9.155192e+00  3.466939e+01
     vertex -2.240595e+00  0.000000e+00  3.226530e+01
     vertex -2.291663e+00  0.000000e+00  3.220434e+01
   endloop
 endfacet
 facet normal -7.516513e-01  1.706860e-01  6.370923e-01
   outer loop
     vertex -2.281886e+00 -9.155192e+00  3.466939e+01
     vertex -2.227598e+00 -9.139180e+00  3.472915e+01
     vertex -2.240595e+00  0.000000e+00  3.226530e+01
   endloop
 endfacet
 facet normal -7.722045e-01  1.644591e-01  6.137209e-01
   outer loop
     vertex -2.334457e+00 -9.171584e+00  3.460821e+01
     vertex -2.291663e+00  0.000000e+00  3.220434e+01
     vertex -2.341184e+00  0.000000e+00  3.214204e+01
   endloop
 endfacet
 facet normal -7.694628e-01  1.652883e-01  6.169333e-01
   outer loop
     vertex -2.334457e+00 -9.171584e+00  3.460821e+01
     vertex -2.281886e+00 -9.155192e+00  3.466939e+01
     vertex -2.291663e+00  0.000000e+00  3.220434e+01
   endloop
 endfacet
 facet normal -7.884501e-01  1.592070e-01  5.941376e-01
   outer loop
     vertex -2.385270e+00 -9.188344e+00  3.454567e+01
     vertex -2.341184e+00  0.000000e+00  3.214204e+01
     vertex -2.389124e+00  0.000000e+00  3.207842e+01
   endloop
 endfacet
 facet normal -7.866951e-01  1.597668e-01  5.963098e-01
   outer loop
     vertex -2.385270e+00 -9.188344e+00  3.454567e+01
     vertex -2.334457e+00 -9.171584e+00  3.460821e+01
     vertex -2.341184e+00  0.000000e+00  3.214204e+01
   endloop
 endfacet
 facet normal -8.041636e-01  1.538467e-01  5.741533e-01
   outer loop
     vertex -2.434288e+00 -9.205457e+00  3.448180e+01
     vertex -2.389124e+00  0.000000e+00  3.207842e+01
     vertex -2.435452e+00  0.000000e+00  3.201353e+01
   endloop
 endfacet
 facet normal -8.033352e-01  1.541256e-01  5.752372e-01
   outer loop
     vertex -2.434288e+00 -9.205457e+00  3.448180e+01
     vertex -2.385270e+00 -9.188344e+00  3.454567e+01
     vertex -2.389124e+00  0.000000e+00  3.207842e+01
   endloop
 endfacet
 facet normal -8.339506e-01  1.428295e-01  5.330348e-01
   outer loop
     vertex -2.481473e+00 -9.222913e+00  3.441665e+01
     vertex -2.480137e+00  0.000000e+00  3.194742e+01
     vertex -2.523147e+00  0.000000e+00  3.188013e+01
   endloop
 endfacet
 facet normal -8.193344e-01  1.483818e-01  5.537815e-01
   outer loop
     vertex -2.481473e+00 -9.222913e+00  3.441665e+01
     vertex -2.435452e+00  0.000000e+00  3.201353e+01
     vertex -2.480137e+00  0.000000e+00  3.194742e+01
   endloop
 endfacet
 facet normal -8.193706e-01  1.483690e-01  5.537315e-01
   outer loop
     vertex -2.481473e+00 -9.222913e+00  3.441665e+01
     vertex -2.434288e+00 -9.205457e+00  3.448180e+01
     vertex -2.435452e+00  0.000000e+00  3.201353e+01
   endloop
 endfacet
 facet normal -8.480041e-01  1.371795e-01  5.119285e-01
   outer loop
     vertex -2.526790e+00 -9.240697e+00  3.435028e+01
     vertex -2.523147e+00  0.000000e+00  3.188013e+01
     vertex -2.564454e+00  0.000000e+00  3.181170e+01
   endloop
 endfacet
 facet normal -8.347891e-01  1.424894e-01  5.318119e-01
   outer loop
     vertex -2.526790e+00 -9.240697e+00  3.435028e+01
     vertex -2.481473e+00 -9.222913e+00  3.441665e+01
     vertex -2.523147e+00  0.000000e+00  3.188013e+01
   endloop
 endfacet
 facet normal -8.614854e-01  1.314362e-01  4.904767e-01
   outer loop
     vertex -2.570206e+00 -9.258795e+00  3.428274e+01
     vertex -2.564454e+00  0.000000e+00  3.181170e+01
     vertex -2.604031e+00  0.000000e+00  3.174219e+01
   endloop
 endfacet
 facet normal -8.495793e-01  1.365036e-01  5.094917e-01
   outer loop
     vertex -2.570206e+00 -9.258795e+00  3.428274e+01
     vertex -2.526790e+00 -9.240697e+00  3.435028e+01
     vertex -2.564454e+00  0.000000e+00  3.181170e+01
   endloop
 endfacet
 facet normal -8.743853e-01  1.256036e-01  4.686940e-01
   outer loop
     vertex -2.611686e+00 -9.277196e+00  3.421407e+01
     vertex -2.604031e+00  0.000000e+00  3.174219e+01
     vertex -2.641850e+00  0.000000e+00  3.167163e+01
   endloop
 endfacet
 facet normal -8.637299e-01  1.304158e-01  4.867878e-01
   outer loop
     vertex -2.611686e+00 -9.277196e+00  3.421407e+01
     vertex -2.570206e+00 -9.258795e+00  3.428274e+01
     vertex -2.604031e+00  0.000000e+00  3.174219e+01
   endloop
 endfacet
 facet normal -8.866951e-01  1.196855e-01  4.465951e-01
   outer loop
     vertex -2.651201e+00 -9.295884e+00  3.414432e+01
     vertex -2.641850e+00  0.000000e+00  3.167163e+01
     vertex -2.677885e+00  0.000000e+00  3.160009e+01
   endloop
 endfacet
 facet normal -8.772303e-01  1.242304e-01  4.637173e-01
   outer loop
     vertex -2.651201e+00 -9.295884e+00  3.414432e+01
     vertex -2.611686e+00 -9.277196e+00  3.421407e+01
     vertex -2.641850e+00  0.000000e+00  3.167163e+01
   endloop
 endfacet
 facet normal -8.984066e-01  1.136859e-01  4.241947e-01
   outer loop
     vertex -2.688719e+00 -9.314845e+00  3.407356e+01
     vertex -2.677885e+00  0.000000e+00  3.160009e+01
     vertex -2.712113e+00  0.000000e+00  3.152759e+01
   endloop
 endfacet
 facet normal -8.900704e-01  1.179522e-01  4.402976e-01
   outer loop
     vertex -2.688719e+00 -9.314845e+00  3.407356e+01
     vertex -2.651201e+00 -9.295884e+00  3.414432e+01
     vertex -2.677885e+00  0.000000e+00  3.160009e+01
   endloop
 endfacet
 facet normal -9.095117e-01  1.076090e-01  4.015081e-01
   outer loop
     vertex -2.724214e+00 -9.334066e+00  3.400182e+01
     vertex -2.712113e+00  0.000000e+00  3.152759e+01
     vertex -2.744511e+00  0.000000e+00  3.145421e+01
   endloop
 endfacet
 facet normal -9.022405e-01  1.115858e-01  4.165462e-01
   outer loop
     vertex -2.724214e+00 -9.334066e+00  3.400182e+01
     vertex -2.688719e+00 -9.314845e+00  3.407356e+01
     vertex -2.712113e+00  0.000000e+00  3.152759e+01
   endloop
 endfacet
 facet normal -9.200030e-01  1.014587e-01  3.785506e-01
   outer loop
     vertex -2.757658e+00 -9.353532e+00  3.392918e+01
     vertex -2.744511e+00  0.000000e+00  3.145421e+01
     vertex -2.775056e+00  0.000000e+00  3.137997e+01
   endloop
 endfacet
 facet normal -9.137314e-01  1.051360e-01  3.924811e-01
   outer loop
     vertex -2.757658e+00 -9.353532e+00  3.392918e+01
     vertex -2.724214e+00 -9.334066e+00  3.400182e+01
     vertex -2.744511e+00  0.000000e+00  3.145421e+01
   endloop
 endfacet
 facet normal -9.298735e-01  9.523936e-02  3.553375e-01
   outer loop
     vertex -2.789026e+00 -9.373227e+00  3.385567e+01
     vertex -2.775056e+00  0.000000e+00  3.137997e+01
     vertex -2.803728e+00  0.000000e+00  3.130494e+01
   endloop
 endfacet
 facet normal -9.245344e-01  9.860768e-02  3.681204e-01
   outer loop
     vertex -2.789026e+00 -9.373227e+00  3.385567e+01
     vertex -2.757658e+00 -9.353532e+00  3.392918e+01
     vertex -2.775056e+00  0.000000e+00  3.137997e+01
   endloop
 endfacet
 facet normal -9.391164e-01  8.895505e-02  3.318847e-01
   outer loop
     vertex -2.818295e+00 -9.393138e+00  3.378136e+01
     vertex -2.803728e+00  0.000000e+00  3.130494e+01
     vertex -2.830508e+00  0.000000e+00  3.122916e+01
   endloop
 endfacet
 facet normal -9.346415e-01  9.200576e-02  3.434824e-01
   outer loop
     vertex -2.818295e+00 -9.393138e+00  3.378136e+01
     vertex -2.789026e+00 -9.373227e+00  3.385567e+01
     vertex -2.803728e+00  0.000000e+00  3.130494e+01
   endloop
 endfacet
 facet normal -9.440450e-01  8.533519e-02  3.185857e-01
   outer loop
     vertex -2.845442e+00 -9.413250e+00  3.370631e+01
     vertex -2.818295e+00 -9.393138e+00  3.378136e+01
     vertex -2.830508e+00  0.000000e+00  3.122916e+01
   endloop
 endfacet
 facet normal -9.477254e-01  8.261003e-02  3.082078e-01
   outer loop
     vertex -2.845442e+00 -9.413250e+00  3.370631e+01
     vertex -2.830508e+00  0.000000e+00  3.122916e+01
     vertex -2.855377e+00  0.000000e+00  3.115269e+01
   endloop
 endfacet
 facet normal -9.527379e-01  7.860100e-02  2.934490e-01
   outer loop
     vertex -2.870447e+00 -9.433546e+00  3.363056e+01
     vertex -2.845442e+00 -9.413250e+00  3.370631e+01
     vertex -2.855377e+00  0.000000e+00  3.115269e+01
   endloop
 endfacet
 facet normal -9.556949e-01  7.620860e-02  2.843229e-01
   outer loop
     vertex -2.870447e+00 -9.433546e+00  3.363056e+01
     vertex -2.855377e+00  0.000000e+00  3.115269e+01
     vertex -2.878319e+00  0.000000e+00  3.107558e+01
   endloop
 endfacet
 facet normal -9.607136e-01  7.180824e-02  2.680913e-01
   outer loop
     vertex -2.893292e+00 -9.454013e+00  3.355418e+01
     vertex -2.870447e+00 -9.433546e+00  3.363056e+01
     vertex -2.878319e+00  0.000000e+00  3.107558e+01
   endloop
 endfacet
 facet normal -9.630193e-01  6.975508e-02  2.602461e-01
   outer loop
     vertex -2.893292e+00 -9.454013e+00  3.355418e+01
     vertex -2.878319e+00  0.000000e+00  3.107558e+01
     vertex -2.899318e+00  0.000000e+00  3.099787e+01
   endloop
 endfacet
 facet normal -9.679661e-01  6.496203e-02  2.425316e-01
   outer loop
     vertex -2.913958e+00 -9.474634e+00  3.347722e+01
     vertex -2.893292e+00 -9.454013e+00  3.355418e+01
     vertex -2.899318e+00  0.000000e+00  3.099787e+01
   endloop
 endfacet
 facet normal -9.696937e-01  6.325383e-02  2.359936e-01
   outer loop
     vertex -2.913958e+00 -9.474634e+00  3.347722e+01
     vertex -2.899318e+00  0.000000e+00  3.099787e+01
     vertex -2.918360e+00  0.000000e+00  3.091963e+01
   endloop
 endfacet
 facet normal -9.744899e-01  5.806751e-02  2.167891e-01
   outer loop
     vertex -2.932431e+00 -9.495393e+00  3.339974e+01
     vertex -2.913958e+00 -9.474634e+00  3.347722e+01
     vertex -2.918360e+00  0.000000e+00  3.091963e+01
   endloop
 endfacet
 facet normal -9.757137e-01  5.670924e-02  2.115819e-01
   outer loop
     vertex -2.932431e+00 -9.495393e+00  3.339974e+01
     vertex -2.918360e+00  0.000000e+00  3.091963e+01
     vertex -2.935433e+00  0.000000e+00  3.084090e+01
   endloop
 endfacet
 facet normal -9.802802e-01  5.112989e-02  1.908833e-01
   outer loop
     vertex -2.948697e+00 -9.516277e+00  3.332180e+01
     vertex -2.932431e+00 -9.495393e+00  3.339974e+01
     vertex -2.935433e+00  0.000000e+00  3.084090e+01
   endloop
 endfacet
 facet normal -9.810750e-01  5.012572e-02  1.870273e-01
   outer loop
     vertex -2.948697e+00 -9.516277e+00  3.332180e+01
     vertex -2.935433e+00  0.000000e+00  3.084090e+01
     vertex -2.950524e+00  0.000000e+00  3.076173e+01
   endloop
 endfacet
 facet normal -9.853326e-01  4.415437e-02  1.648337e-01
   outer loop
     vertex -2.962742e+00 -9.537268e+00  3.324347e+01
     vertex -2.948697e+00 -9.516277e+00  3.332180e+01
     vertex -2.950524e+00  0.000000e+00  3.076173e+01
   endloop
 endfacet
 facet normal -9.857742e-01  4.350772e-02  1.623464e-01
   outer loop
     vertex -2.962742e+00 -9.537268e+00  3.324347e+01
     vertex -2.950524e+00  0.000000e+00  3.076173e+01
     vertex -2.963624e+00  0.000000e+00  3.068219e+01
   endloop
 endfacet
 facet normal -9.896432e-01  3.714621e-02  1.386598e-01
   outer loop
     vertex -2.974558e+00 -9.558350e+00  3.316478e+01
     vertex -2.962742e+00 -9.537268e+00  3.324347e+01
     vertex -2.963624e+00  0.000000e+00  3.068219e+01
   endloop
 endfacet
 facet normal -9.931735e-01  3.018878e-02  1.126726e-01
   outer loop
     vertex -2.974558e+00 -9.558350e+00  3.316478e+01
     vertex -2.974723e+00  0.000000e+00  3.060233e+01
     vertex -2.983815e+00  0.000000e+00  3.052219e+01
   endloop
 endfacet
 facet normal -9.898079e-01  3.685971e-02  1.375559e-01
   outer loop
     vertex -2.974558e+00 -9.558350e+00  3.316478e+01
     vertex -2.963624e+00  0.000000e+00  3.068219e+01
     vertex -2.974723e+00  0.000000e+00  3.060233e+01
   endloop
 endfacet
 facet normal -9.932088e-01  3.010838e-02  1.123819e-01
   outer loop
     vertex -2.984134e+00 -9.579509e+00  3.308582e+01
     vertex -2.974558e+00 -9.558350e+00  3.316478e+01
     vertex -2.983815e+00  0.000000e+00  3.052219e+01
   endloop
 endfacet
 facet normal -9.958684e-01  2.350672e-02  8.771321e-02
   outer loop
     vertex -2.984134e+00 -9.579509e+00  3.308582e+01
     vertex -2.983815e+00  0.000000e+00  3.052219e+01
     vertex -2.990892e+00  0.000000e+00  3.044183e+01
   endloop
 endfacet
 facet normal -9.960268e-01  2.303974e-02  8.602171e-02
   outer loop
     vertex -2.991464e+00 -9.600728e+00  3.300663e+01
     vertex -2.984134e+00 -9.579509e+00  3.308582e+01
     vertex -2.990892e+00  0.000000e+00  3.044183e+01
   endloop
 endfacet
 facet normal -9.978912e-01  1.680811e-02  6.269461e-02
   outer loop
     vertex -2.991464e+00 -9.600728e+00  3.300663e+01
     vertex -2.990892e+00  0.000000e+00  3.044183e+01
     vertex -2.995951e+00  0.000000e+00  3.036131e+01
   endloop
 endfacet
 facet normal -9.980950e-01  1.595439e-02  5.959655e-02
   outer loop
     vertex -2.996542e+00 -9.621991e+00  3.292728e+01
     vertex -2.991464e+00 -9.600728e+00  3.300663e+01
     vertex -2.995951e+00  0.000000e+00  3.036131e+01
   endloop
 endfacet
 facet normal -9.992406e-01  1.009747e-02  3.763370e-02
   outer loop
     vertex -2.996542e+00 -9.621991e+00  3.292728e+01
     vertex -2.995951e+00  0.000000e+00  3.036131e+01
     vertex -2.998988e+00  0.000000e+00  3.028068e+01
   endloop
 endfacet
 facet normal -9.994119e-01  8.857657e-03  3.312636e-02
   outer loop
     vertex -2.999365e+00 -9.643281e+00  3.284782e+01
     vertex -2.996542e+00 -9.621991e+00  3.292728e+01
     vertex -2.998988e+00  0.000000e+00  3.028068e+01
   endloop
 endfacet
 facet normal -9.999156e-01  3.379356e-03  1.254739e-02
   outer loop
     vertex -2.999365e+00 -9.643281e+00  3.284782e+01
     vertex -2.998988e+00  0.000000e+00  3.028068e+01
     vertex -3.000000e+00  4.280428e-15  3.020000e+01
   endloop
 endfacet
 facet normal -9.999083e-01 -3.484553e-03 -1.308492e-02
   outer loop
     vertex -2.999929e+00 -9.664584e+00  3.276831e+01
     vertex -3.000000e+00  4.280428e-15  3.020000e+01
     vertex -2.998900e+00 -2.102598e-02  3.012153e+01
   endloop
 endfacet
 facet normal -9.999765e-01  1.754871e-03  6.631073e-03
   outer loop
     vertex -2.999929e+00 -9.664584e+00  3.276831e+01
     vertex -2.999365e+00 -9.643281e+00  3.284782e+01
     vertex -3.000000e+00  4.280428e-15  3.020000e+01
   endloop
 endfacet
 facet normal -9.991750e-01 -1.049062e-02 -3.923458e-02
   outer loop
     vertex -2.998236e+00 -9.685883e+00  3.268883e+01
     vertex -2.998900e+00 -2.102598e-02  3.012153e+01
     vertex -2.995600e+00 -4.203654e-02  3.004312e+01
   endloop
 endfacet
 facet normal -9.997883e-01 -5.346771e-03 -1.986987e-02
   outer loop
     vertex -2.998236e+00 -9.685883e+00  3.268883e+01
     vertex -2.999929e+00 -9.664584e+00  3.276831e+01
     vertex -2.998900e+00 -2.102598e-02  3.012153e+01
   endloop
 endfacet
 facet normal -9.977088e-01 -1.748901e-02 -6.535546e-02
   outer loop
     vertex -2.994285e+00 -9.707162e+00  3.260941e+01
     vertex -2.995600e+00 -4.203654e-02  3.004312e+01
     vertex -2.990104e+00 -6.301627e-02  2.996482e+01
   endloop
 endfacet
 facet normal -9.988475e-01 -1.244437e-02 -4.635586e-02
   outer loop
     vertex -2.994285e+00 -9.707162e+00  3.260941e+01
     vertex -2.998236e+00 -9.685883e+00  3.268883e+01
     vertex -2.995600e+00 -4.203654e-02  3.004312e+01
   endloop
 endfacet
 facet normal -9.955108e-01 -2.447459e-02 -9.142841e-02
   outer loop
     vertex -2.988080e+00 -9.728405e+00  3.253013e+01
     vertex -2.990104e+00 -6.301627e-02  2.996482e+01
     vertex -2.982414e+00 -8.394978e-02  2.988670e+01
   endloop
 endfacet
 facet normal -9.971548e-01 -1.953258e-02 -7.280696e-02
   outer loop
     vertex -2.988080e+00 -9.728405e+00  3.253013e+01
     vertex -2.994285e+00 -9.707162e+00  3.260941e+01
     vertex -2.990104e+00 -6.301627e-02  2.996482e+01
   endloop
 endfacet
 facet normal -9.925828e-01 -3.144225e-02 -1.174343e-01
   outer loop
     vertex -2.979626e+00 -9.749595e+00  3.245105e+01
     vertex -2.982414e+00 -8.394978e-02  2.988670e+01
     vertex -2.972537e+00 -1.048217e-01  2.980880e+01
   endloop
 endfacet
 facet normal -9.947114e-01 -2.660606e-02 -9.920326e-02
   outer loop
     vertex -2.979626e+00 -9.749595e+00  3.245105e+01
     vertex -2.988080e+00 -9.728405e+00  3.253013e+01
     vertex -2.982414e+00 -8.394978e-02  2.988670e+01
   endloop
 endfacet
 facet normal -9.889267e-01 -3.838686e-02 -1.433540e-01
   outer loop
     vertex -2.968930e+00 -9.770718e+00  3.237222e+01
     vertex -2.972537e+00 -1.048217e-01  2.980880e+01
     vertex -2.960480e+00 -1.256168e-01  2.973119e+01
   endloop
 endfacet
 facet normal -9.915193e-01 -3.365950e-02 -1.255249e-01
   outer loop
     vertex -2.968930e+00 -9.770718e+00  3.237222e+01
     vertex -2.979626e+00 -9.749595e+00  3.245105e+01
     vertex -2.972537e+00 -1.048217e-01  2.980880e+01
   endloop
 endfacet
 facet normal -9.845454e-01 -4.530334e-02 -1.691686e-01
   outer loop
     vertex -2.955998e+00 -9.791757e+00  3.229370e+01
     vertex -2.960480e+00 -1.256168e-01  2.973119e+01
     vertex -2.946251e+00 -1.463197e-01  2.965393e+01
   endloop
 endfacet
 facet normal -9.875808e-01 -4.068758e-02 -1.517520e-01
   outer loop
     vertex -2.955998e+00 -9.791757e+00  3.229370e+01
     vertex -2.968930e+00 -9.770718e+00  3.237222e+01
     vertex -2.960480e+00 -1.256168e-01  2.973119e+01
   endloop
 endfacet
 facet normal -9.794419e-01 -5.218661e-02 -1.948592e-01
   outer loop
     vertex -2.940841e+00 -9.812696e+00  3.221555e+01
     vertex -2.946251e+00 -1.463197e-01  2.965393e+01
     vertex -2.929862e+00 -1.669153e-01  2.957706e+01
   endloop
 endfacet
 facet normal -9.828989e-01 -4.768502e-02 -1.778649e-01
   outer loop
     vertex -2.940841e+00 -9.812696e+00  3.221555e+01
     vertex -2.955998e+00 -9.791757e+00  3.229370e+01
     vertex -2.946251e+00 -1.463197e-01  2.965393e+01
   endloop
 endfacet
 facet normal -9.736201e-01 -5.903163e-02 -2.204068e-01
   outer loop
     vertex -2.923470e+00 -9.833519e+00  3.213784e+01
     vertex -2.929862e+00 -1.669153e-01  2.957706e+01
     vertex -2.911323e+00 -1.873885e-01  2.950066e+01
   endloop
 endfacet
 facet normal -9.774771e-01 -5.464654e-02 -2.038440e-01
   outer loop
     vertex -2.923470e+00 -9.833519e+00  3.213784e+01
     vertex -2.940841e+00 -9.812696e+00  3.221555e+01
     vertex -2.929862e+00 -1.669153e-01  2.957706e+01
   endloop
 endfacet
 facet normal -9.670842e-01 -6.583337e-02 -2.457927e-01
   outer loop
     vertex -2.903898e+00 -9.854212e+00  3.206061e+01
     vertex -2.911323e+00 -1.873885e-01  2.950066e+01
     vertex -2.890650e+00 -2.077243e-01  2.942476e+01
   endloop
 endfacet
 facet normal -9.713194e-01 -6.156691e-02 -2.296695e-01
   outer loop
     vertex -2.903898e+00 -9.854212e+00  3.206061e+01
     vertex -2.923470e+00 -9.833519e+00  3.213784e+01
     vertex -2.911323e+00 -1.873885e-01  2.950066e+01
   endloop
 endfacet
 facet normal -9.644306e-01 -6.844091e-02 -2.553222e-01
   outer loop
     vertex -2.882141e+00 -9.874757e+00  3.198394e+01
     vertex -2.903898e+00 -9.854212e+00  3.206061e+01
     vertex -2.890650e+00 -2.077243e-01  2.942476e+01
   endloop
 endfacet
 facet normal -9.598391e-01 -7.258684e-02 -2.709984e-01
   outer loop
     vertex -2.882141e+00 -9.874757e+00  3.198394e+01
     vertex -2.890650e+00 -2.077243e-01  2.942476e+01
     vertex -2.867856e+00 -2.279077e-01  2.934944e+01
   endloop
 endfacet
 facet normal -9.568158e-01 -7.526338e-02 -2.807827e-01
   outer loop
     vertex -2.858214e+00 -9.895141e+00  3.190786e+01
     vertex -2.882141e+00 -9.874757e+00  3.198394e+01
     vertex -2.867856e+00 -2.279077e-01  2.934944e+01
   endloop
 endfacet
 facet normal -9.518899e-01 -7.928710e-02 -2.960053e-01
   outer loop
     vertex -2.858214e+00 -9.895141e+00  3.190786e+01
     vertex -2.867856e+00 -2.279077e-01  2.934944e+01
     vertex -2.842960e+00 -2.479240e-01  2.927474e+01
   endloop
 endfacet
 facet normal -9.484807e-01 -8.202917e-02 -3.060319e-01
   outer loop
     vertex -2.832135e+00 -9.915347e+00  3.183246e+01
     vertex -2.858214e+00 -9.895141e+00  3.190786e+01
     vertex -2.842960e+00 -2.479240e-01  2.927474e+01
   endloop
 endfacet
 facet normal -9.432426e-01 -8.592922e-02 -3.207951e-01
   outer loop
     vertex -2.832135e+00 -9.915347e+00  3.183246e+01
     vertex -2.842960e+00 -2.479240e-01  2.927474e+01
     vertex -2.815977e+00 -2.677584e-01  2.920071e+01
   endloop
 endfacet
 facet normal -9.394317e-01 -8.873320e-02 -3.310507e-01
   outer loop
     vertex -2.803925e+00 -9.935360e+00  3.175777e+01
     vertex -2.832135e+00 -9.915347e+00  3.183246e+01
     vertex -2.815977e+00 -2.677584e-01  2.920071e+01
   endloop
 endfacet
 facet normal -9.339036e-01 -9.250833e-02 -3.453496e-01
   outer loop
     vertex -2.803925e+00 -9.935360e+00  3.175777e+01
     vertex -2.815977e+00 -2.677584e-01  2.920071e+01
     vertex -2.786930e+00 -2.873964e-01  2.912742e+01
   endloop
 endfacet
 facet normal -9.296754e-01 -9.537042e-02 -3.558202e-01
   outer loop
     vertex -2.773603e+00 -9.955165e+00  3.168385e+01
     vertex -2.803925e+00 -9.935360e+00  3.175777e+01
     vertex -2.786930e+00 -2.873964e-01  2.912742e+01
   endloop
 endfacet
 facet normal -9.238795e-01 -9.901962e-02 -3.696508e-01
   outer loop
     vertex -2.773603e+00 -9.955165e+00  3.168385e+01
     vertex -2.786930e+00 -2.873964e-01  2.912742e+01
     vertex -2.755839e+00 -3.068237e-01  2.905492e+01
   endloop
 endfacet
 facet normal -9.192194e-01 -1.019358e-01 -3.803220e-01
   outer loop
     vertex -2.741194e+00 -9.974747e+00  3.161077e+01
     vertex -2.773603e+00 -9.955165e+00  3.168385e+01
     vertex -2.755839e+00 -3.068237e-01  2.905492e+01
   endloop
 endfacet
 facet normal -9.131779e-01 -1.054583e-01 -3.936809e-01
   outer loop
     vertex -2.741194e+00 -9.974747e+00  3.161077e+01
     vertex -2.755839e+00 -3.068237e-01  2.905492e+01
     vertex -2.722726e+00 -3.260259e-01  2.898325e+01
   endloop
 endfacet
 facet normal -9.018065e-01 -1.118196e-01 -4.174223e-01
   outer loop
     vertex -2.706721e+00 -9.994092e+00  3.153857e+01
     vertex -2.722726e+00 -3.260259e-01  2.898325e+01
     vertex -2.687617e+00 -3.449890e-01  2.891248e+01
   endloop
 endfacet
 facet normal -9.080714e-01 -1.084245e-01 -4.045374e-01
   outer loop
     vertex -2.706721e+00 -9.994092e+00  3.153857e+01
     vertex -2.741194e+00 -9.974747e+00  3.161077e+01
     vertex -2.722726e+00 -3.260259e-01  2.898325e+01
   endloop
 endfacet
 facet normal -8.897737e-01 -1.180990e-01 -4.408575e-01
   outer loop
     vertex -2.670211e+00 -1.001319e+01  3.146732e+01
     vertex -2.687617e+00 -3.449890e-01  2.891248e+01
     vertex -2.650536e+00 -3.636991e-01  2.884266e+01
   endloop
 endfacet
 facet normal -8.962398e-01 -1.148315e-01 -4.284483e-01
   outer loop
     vertex -2.670211e+00 -1.001319e+01  3.146732e+01
     vertex -2.706721e+00 -9.994092e+00  3.153857e+01
     vertex -2.687617e+00 -3.449890e-01  2.891248e+01
   endloop
 endfacet
 facet normal -8.770884e-01 -1.242918e-01 -4.639694e-01
   outer loop
     vertex -2.631691e+00 -1.003201e+01  3.139706e+01
     vertex -2.650536e+00 -3.636991e-01  2.884266e+01
     vertex -2.611512e+00 -3.821424e-01  2.877383e+01
   endloop
 endfacet
 facet normal -8.837335e-01 -1.211521e-01 -4.520367e-01
   outer loop
     vertex -2.631691e+00 -1.003201e+01  3.139706e+01
     vertex -2.670211e+00 -1.001319e+01  3.146732e+01
     vertex -2.650536e+00 -3.636991e-01  2.884266e+01
   endloop
 endfacet
 facet normal -8.637597e-01 -1.303934e-01 -4.867410e-01
   outer loop
     vertex -2.591190e+00 -1.005056e+01  3.132784e+01
     vertex -2.611512e+00 -3.821424e-01  2.877383e+01
     vertex -2.570572e+00 -4.003055e-01  2.870604e+01
   endloop
 endfacet
 facet normal -8.705620e-01 -1.273814e-01 -4.752849e-01
   outer loop
     vertex -2.591190e+00 -1.005056e+01  3.132784e+01
     vertex -2.631691e+00 -1.003201e+01  3.139706e+01
     vertex -2.611512e+00 -3.821424e-01  2.877383e+01
   endloop
 endfacet
 facet normal -8.497975e-01 -1.363994e-01 -5.091555e-01
   outer loop
     vertex -2.548738e+00 -1.006881e+01  3.125973e+01
     vertex -2.570572e+00 -4.003055e-01  2.870604e+01
     vertex -2.527746e+00 -4.181749e-01  2.863935e+01
   endloop
 endfacet
 facet normal -8.567352e-01 -1.335149e-01 -4.981752e-01
   outer loop
     vertex -2.548738e+00 -1.006881e+01  3.125973e+01
     vertex -2.591190e+00 -1.005056e+01  3.132784e+01
     vertex -2.570572e+00 -4.003055e-01  2.870604e+01
   endloop
 endfacet
 facet normal -8.352121e-01 -1.423053e-01 -5.311967e-01
   outer loop
     vertex -2.504367e+00 -1.008675e+01  3.119276e+01
     vertex -2.527746e+00 -4.181749e-01  2.863935e+01
     vertex -2.483067e+00 -4.357377e-01  2.857380e+01
   endloop
 endfacet
 facet normal -8.422635e-01 -1.395478e-01 -5.206906e-01
   outer loop
     vertex -2.504367e+00 -1.008675e+01  3.119276e+01
     vertex -2.548738e+00 -1.006881e+01  3.125973e+01
     vertex -2.527746e+00 -4.181749e-01  2.863935e+01
   endloop
 endfacet
 facet normal -8.200141e-01 -1.481070e-01 -5.528482e-01
   outer loop
     vertex -2.458112e+00 -1.010437e+01  3.112700e+01
     vertex -2.483067e+00 -4.357377e-01  2.857380e+01
     vertex -2.436567e+00 -4.529809e-01  2.850945e+01
   endloop
 endfacet
 facet normal -8.271577e-01 -1.454757e-01 -5.428140e-01
   outer loop
     vertex -2.458112e+00 -1.010437e+01  3.112700e+01
     vertex -2.504367e+00 -1.008675e+01  3.119276e+01
     vertex -2.483067e+00 -4.357377e-01  2.857380e+01
   endloop
 endfacet
 facet normal -8.042147e-01 -1.538000e-01 -5.740943e-01
   outer loop
     vertex -2.410006e+00 -1.012166e+01  3.106249e+01
     vertex -2.436567e+00 -4.529809e-01  2.850945e+01
     vertex -2.388279e+00 -4.698918e-01  2.844634e+01
   endloop
 endfacet
 facet normal -8.114292e-01 -1.512940e-01 -5.645288e-01
   outer loop
     vertex -2.410006e+00 -1.012166e+01  3.106249e+01
     vertex -2.458112e+00 -1.010437e+01  3.112700e+01
     vertex -2.436567e+00 -4.529809e-01  2.850945e+01
   endloop
 endfacet
 facet normal -7.878255e-01 -1.593802e-01 -5.949193e-01
   outer loop
     vertex -2.360085e+00 -1.013860e+01  3.099927e+01
     vertex -2.388279e+00 -4.698918e-01  2.844634e+01
     vertex -2.338240e+00 -4.864582e-01  2.838451e+01
   endloop
 endfacet
 facet normal -7.950900e-01 -1.569984e-01 -5.858186e-01
   outer loop
     vertex -2.360085e+00 -1.013860e+01  3.099927e+01
     vertex -2.410006e+00 -1.012166e+01  3.106249e+01
     vertex -2.388279e+00 -4.698918e-01  2.844634e+01
   endloop
 endfacet
 facet normal -7.708584e-01 -1.648436e-01 -6.153080e-01
   outer loop
     vertex -2.308389e+00 -1.015517e+01  3.093740e+01
     vertex -2.338240e+00 -4.864582e-01  2.838451e+01
     vertex -2.286486e+00 -5.026677e-01  2.832402e+01
   endloop
 endfacet
 facet normal -7.781522e-01 -1.625846e-01 -6.066674e-01
   outer loop
     vertex -2.308389e+00 -1.015517e+01  3.093740e+01
     vertex -2.360085e+00 -1.013860e+01  3.099927e+01
     vertex -2.338240e+00 -4.864582e-01  2.838451e+01
   endloop
 endfacet
 facet normal -7.533260e-01 -1.701860e-01 -6.352454e-01
   outer loop
     vertex -2.254954e+00 -1.017138e+01  3.087693e+01
     vertex -2.286486e+00 -5.026677e-01  2.832402e+01
     vertex -2.233055e+00 -5.185086e-01  2.826490e+01
   endloop
 endfacet
 facet normal -7.606287e-01 -1.680485e-01 -6.270596e-01
   outer loop
     vertex -2.254954e+00 -1.017138e+01  3.087693e+01
     vertex -2.308389e+00 -1.015517e+01  3.093740e+01
     vertex -2.286486e+00 -5.026677e-01  2.832402e+01
   endloop
 endfacet
 facet normal -7.352410e-01 -1.754037e-01 -6.547169e-01
   outer loop
     vertex -2.199822e+00 -1.018720e+01  3.081790e+01
     vertex -2.233055e+00 -5.185086e-01  2.826490e+01
     vertex -2.177986e+00 -5.339692e-01  2.820720e+01
   endloop
 endfacet
 facet normal -7.425325e-01 -1.733858e-01 -6.469798e-01
   outer loop
     vertex -2.199822e+00 -1.018720e+01  3.081790e+01
     vertex -2.254954e+00 -1.017138e+01  3.087693e+01
     vertex -2.233055e+00 -5.185086e-01  2.826490e+01
   endloop
 endfacet
 facet normal -7.166168e-01 -1.804927e-01 -6.737082e-01
   outer loop
     vertex -2.143034e+00 -1.020262e+01  3.076034e+01
     vertex -2.177986e+00 -5.339692e-01  2.820720e+01
     vertex -2.121320e+00 -5.490381e-01  2.815096e+01
   endloop
 endfacet
 facet normal -7.238775e-01 -1.785925e-01 -6.664129e-01
   outer loop
     vertex -2.143034e+00 -1.020262e+01  3.076034e+01
     vertex -2.199822e+00 -1.018720e+01  3.081790e+01
     vertex -2.177986e+00 -5.339692e-01  2.820720e+01
   endloop
 endfacet
 facet normal -6.974671e-01 -1.854494e-01 -6.922053e-01
   outer loop
     vertex -2.084633e+00 -1.021763e+01  3.070432e+01
     vertex -2.121320e+00 -5.490381e-01  2.815096e+01
     vertex -2.063098e+00 -5.637044e-01  2.809623e+01
   endloop
 endfacet
 facet normal -7.046775e-01 -1.836649e-01 -6.853443e-01
   outer loop
     vertex -2.084633e+00 -1.021763e+01  3.070432e+01
     vertex -2.143034e+00 -1.020262e+01  3.076034e+01
     vertex -2.121320e+00 -5.490381e-01  2.815096e+01
   endloop
 endfacet
 facet normal -6.778058e-01 -1.902701e-01 -7.101948e-01
   outer loop
     vertex -2.024663e+00 -1.023222e+01  3.064986e+01
     vertex -2.063098e+00 -5.637044e-01  2.809623e+01
     vertex -2.003363e+00 -5.779572e-01  2.804303e+01
   endloop
 endfacet
 facet normal -6.849470e-01 -1.885989e-01 -7.037599e-01
   outer loop
     vertex -2.024663e+00 -1.023222e+01  3.064986e+01
     vertex -2.084633e+00 -1.021763e+01  3.070432e+01
     vertex -2.063098e+00 -5.637044e-01  2.809623e+01
   endloop
 endfacet
 facet normal -6.576473e-01 -1.949512e-01 -7.276634e-01
   outer loop
     vertex -1.963168e+00 -1.024638e+01  3.059701e+01
     vertex -2.003363e+00 -5.779572e-01  2.804303e+01
     vertex -1.942159e+00 -5.917862e-01  2.799142e+01
   endloop
 endfacet
 facet normal -6.647010e-01 -1.933910e-01 -7.216457e-01
   outer loop
     vertex -1.963168e+00 -1.024638e+01  3.059701e+01
     vertex -2.024663e+00 -1.023222e+01  3.064986e+01
     vertex -2.003363e+00 -5.779572e-01  2.804303e+01
   endloop
 endfacet
 facet normal -6.370065e-01 -1.994894e-01 -7.445983e-01
   outer loop
     vertex -1.900196e+00 -1.026010e+01  3.054582e+01
     vertex -1.942159e+00 -5.917862e-01  2.799142e+01
     vertex -1.879530e+00 -6.051811e-01  2.794143e+01
   endloop
 endfacet
 facet normal -6.439545e-01 -1.980374e-01 -7.389883e-01
   outer loop
     vertex -1.900196e+00 -1.026010e+01  3.054582e+01
     vertex -1.963168e+00 -1.024638e+01  3.059701e+01
     vertex -1.942159e+00 -5.917862e-01  2.799142e+01
   endloop
 endfacet
 facet normal -6.158986e-01 -2.038813e-01 -7.609871e-01
   outer loop
     vertex -1.835793e+00 -1.027337e+01  3.049631e+01
     vertex -1.879530e+00 -6.051811e-01  2.794143e+01
     vertex -1.815523e+00 -6.181321e-01  2.789310e+01
   endloop
 endfacet
 facet normal -6.227234e-01 -2.025348e-01 -7.557746e-01
   outer loop
     vertex -1.835793e+00 -1.027337e+01  3.049631e+01
     vertex -1.900196e+00 -1.026010e+01  3.054582e+01
     vertex -1.879530e+00 -6.051811e-01  2.794143e+01
   endloop
 endfacet
 facet normal -5.943389e-01 -2.081237e-01 -7.768177e-01
   outer loop
     vertex -1.770008e+00 -1.028617e+01  3.044852e+01
     vertex -1.815523e+00 -6.181321e-01  2.789310e+01
     vertex -1.750184e+00 -6.306298e-01  2.784646e+01
   endloop
 endfacet
 facet normal -6.010234e-01 -2.068797e-01 -7.719920e-01
   outer loop
     vertex -1.770008e+00 -1.028617e+01  3.044852e+01
     vertex -1.835793e+00 -1.027337e+01  3.049631e+01
     vertex -1.815523e+00 -6.181321e-01  2.789310e+01
   endloop
 endfacet
 facet normal -5.788711e-01 -2.110688e-01 -7.876282e-01
   outer loop
     vertex -1.702891e+00 -1.029850e+01  3.040250e+01
     vertex -1.770008e+00 -1.028617e+01  3.044852e+01
     vertex -1.750184e+00 -6.306298e-01  2.784646e+01
   endloop
 endfacet
 facet normal -5.723433e-01 -2.122135e-01 -7.920787e-01
   outer loop
     vertex -1.702891e+00 -1.029850e+01  3.040250e+01
     vertex -1.750184e+00 -6.306298e-01  2.784646e+01
     vertex -1.683561e+00 -6.426650e-01  2.780154e+01
   endloop
 endfacet
 facet normal -5.562829e-01 -2.150990e-01 -8.026716e-01
   outer loop
     vertex -1.634492e+00 -1.031035e+01  3.035827e+01
     vertex -1.702891e+00 -1.029850e+01  3.040250e+01
     vertex -1.683561e+00 -6.426650e-01  2.780154e+01
   endloop
 endfacet
 facet normal -5.499279e-01 -2.161476e-01 -8.067586e-01
   outer loop
     vertex -1.634492e+00 -1.031035e+01  3.035827e+01
     vertex -1.683561e+00 -6.426650e-01  2.780154e+01
     vertex -1.615704e+00 -6.542289e-01  2.775838e+01
   endloop
 endfacet
 facet normal -5.332761e-01 -2.189673e-01 -8.171107e-01
   outer loop
     vertex -1.564863e+00 -1.032171e+01  3.031587e+01
     vertex -1.634492e+00 -1.031035e+01  3.035827e+01
     vertex -1.615704e+00 -6.542289e-01  2.775838e+01
   endloop
 endfacet
 facet normal -5.271092e-01 -2.199232e-01 -8.208469e-01
   outer loop
     vertex -1.564863e+00 -1.032171e+01  3.031587e+01
     vertex -1.615704e+00 -6.542289e-01  2.775838e+01
     vertex -1.546662e+00 -6.653129e-01  2.771702e+01
   endloop
 endfacet
 facet normal -5.098678e-01 -2.226707e-01 -8.309348e-01
   outer loop
     vertex -1.494056e+00 -1.033258e+01  3.027534e+01
     vertex -1.564863e+00 -1.032171e+01  3.031587e+01
     vertex -1.546662e+00 -6.653129e-01  2.771702e+01
   endloop
 endfacet
 facet normal -5.039039e-01 -2.235376e-01 -8.343331e-01
   outer loop
     vertex -1.494056e+00 -1.033258e+01  3.027534e+01
     vertex -1.546662e+00 -6.653129e-01  2.771702e+01
     vertex -1.476485e+00 -6.759089e-01  2.767747e+01
   endloop
 endfacet
 facet normal -4.860756e-01 -2.262065e-01 -8.441333e-01
   outer loop
     vertex -1.422124e+00 -1.034293e+01  3.023669e+01
     vertex -1.494056e+00 -1.033258e+01  3.027534e+01
     vertex -1.476485e+00 -6.759089e-01  2.767747e+01
   endloop
 endfacet
 facet normal -4.803291e-01 -2.269880e-01 -8.472074e-01
   outer loop
     vertex -1.422124e+00 -1.034293e+01  3.023669e+01
     vertex -1.476485e+00 -6.759089e-01  2.767747e+01
     vertex -1.405225e+00 -6.860092e-01  2.763978e+01
   endloop
 endfacet
 facet normal -4.619176e-01 -2.295720e-01 -8.566965e-01
   outer loop
     vertex -1.349121e+00 -1.035277e+01  3.019996e+01
     vertex -1.422124e+00 -1.034293e+01  3.023669e+01
     vertex -1.405225e+00 -6.860092e-01  2.763978e+01
   endloop
 endfacet
 facet normal -4.564019e-01 -2.302720e-01 -8.594604e-01
   outer loop
     vertex -1.349121e+00 -1.035277e+01  3.019996e+01
     vertex -1.405225e+00 -6.860092e-01  2.763978e+01
     vertex -1.332935e+00 -6.956064e-01  2.760396e+01
   endloop
 endfacet
 facet normal -4.374119e-01 -2.327647e-01 -8.686147e-01
   outer loop
     vertex -1.275103e+00 -1.036209e+01  3.016519e+01
     vertex -1.349121e+00 -1.035277e+01  3.019996e+01
     vertex -1.332935e+00 -6.956064e-01  2.760396e+01
   endloop
 endfacet
 facet normal -4.321400e-01 -2.333871e-01 -8.710829e-01
   outer loop
     vertex -1.275103e+00 -1.036209e+01  3.016519e+01
     vertex -1.332935e+00 -6.956064e-01  2.760396e+01
     vertex -1.259667e+00 -7.046934e-01  2.757005e+01
   endloop
 endfacet
 facet normal -4.125769e-01 -2.357821e-01 -8.798791e-01
   outer loop
     vertex -1.200125e+00 -1.037088e+01  3.013239e+01
     vertex -1.275103e+00 -1.036209e+01  3.016519e+01
     vertex -1.259667e+00 -7.046934e-01  2.757005e+01
   endloop
 endfacet
 facet normal -4.075612e-01 -2.363311e-01 -8.820666e-01
   outer loop
     vertex -1.200125e+00 -1.037088e+01  3.013239e+01
     vertex -1.259667e+00 -7.046934e-01  2.757005e+01
     vertex -1.185476e+00 -7.132636e-01  2.753806e+01
   endloop
 endfacet
 facet normal -3.874313e-01 -2.386220e-01 -8.904811e-01
   outer loop
     vertex -1.124244e+00 -1.037913e+01  3.010158e+01
     vertex -1.200125e+00 -1.037088e+01  3.013239e+01
     vertex -1.185476e+00 -7.132636e-01  2.753806e+01
   endloop
 endfacet
 facet normal -3.826834e-01 -2.391017e-01 -8.924034e-01
   outer loop
     vertex -1.124244e+00 -1.037913e+01  3.010158e+01
     vertex -1.185476e+00 -7.132636e-01  2.753806e+01
     vertex -1.110414e+00 -7.213106e-01  2.750803e+01
   endloop
 endfacet
 facet normal -3.619940e-01 -2.412822e-01 -9.004128e-01
   outer loop
     vertex -1.047516e+00 -1.038684e+01  3.007280e+01
     vertex -1.124244e+00 -1.037913e+01  3.010158e+01
     vertex -1.110414e+00 -7.213106e-01  2.750803e+01
   endloop
 endfacet
 facet normal -3.575250e-01 -2.416970e-01 -9.020856e-01
   outer loop
     vertex -1.047516e+00 -1.038684e+01  3.007280e+01
     vertex -1.110414e+00 -7.213106e-01  2.750803e+01
     vertex -1.034539e+00 -7.288286e-01  2.747997e+01
   endloop
 endfacet
 facet normal -3.362843e-01 -2.437608e-01 -9.096667e-01
   outer loop
     vertex -9.699999e-01 -1.039401e+01  3.004607e+01
     vertex -1.047516e+00 -1.038684e+01  3.007280e+01
     vertex -1.034539e+00 -7.288286e-01  2.747997e+01
   endloop
 endfacet
 facet normal -3.321044e-01 -2.441151e-01 -9.111062e-01
   outer loop
     vertex -9.699999e-01 -1.039401e+01  3.004607e+01
     vertex -1.034539e+00 -7.288286e-01  2.747997e+01
     vertex -9.579046e-01 -7.358121e-01  2.745391e+01
   endloop
 endfacet
 facet normal -3.103214e-01 -2.460559e-01 -9.182359e-01
   outer loop
     vertex -8.917535e-01 -1.040062e+01  3.002139e+01
     vertex -9.699999e-01 -1.039401e+01  3.004607e+01
     vertex -9.579046e-01 -7.358121e-01  2.745391e+01
   endloop
 endfacet
 facet normal -3.064401e-01 -2.463541e-01 -9.194586e-01
   outer loop
     vertex -8.917535e-01 -1.040062e+01  3.002139e+01
     vertex -9.579046e-01 -7.358121e-01  2.745391e+01
     vertex -8.805677e-01 -7.422559e-01  2.742986e+01
   endloop
 endfacet
 facet normal -2.841250e-01 -2.481657e-01 -9.261138e-01
   outer loop
     vertex -8.128358e-01 -1.040667e+01  2.999881e+01
     vertex -8.917535e-01 -1.040062e+01  3.002139e+01
     vertex -8.805677e-01 -7.422559e-01  2.742986e+01
   endloop
 endfacet
 facet normal -2.805512e-01 -2.484125e-01 -9.271366e-01
   outer loop
     vertex -8.128358e-01 -1.040667e+01  2.999881e+01
     vertex -8.805677e-01 -7.422559e-01  2.742986e+01
     vertex -8.025850e-01 -7.481553e-01  2.740785e+01
   endloop
 endfacet
 facet normal -2.577146e-01 -2.500887e-01 -9.332946e-01
   outer loop
     vertex -7.333063e-01 -1.041216e+01  2.997832e+01
     vertex -8.128358e-01 -1.040667e+01  2.999881e+01
     vertex -8.025850e-01 -7.481553e-01  2.740785e+01
   endloop
 endfacet
 facet normal -2.544564e-01 -2.502888e-01 -9.341346e-01
   outer loop
     vertex -7.333063e-01 -1.041216e+01  2.997832e+01
     vertex -8.025850e-01 -7.481553e-01  2.740785e+01
     vertex -7.240137e-01 -7.535060e-01  2.738788e+01
   endloop
 endfacet
 facet normal -2.281751e-01 -2.519815e-01 -9.404475e-01
   outer loop
     vertex -6.532247e-01 -1.041709e+01  2.995994e+01
     vertex -7.240137e-01 -7.535060e-01  2.738788e+01
     vertex -6.449113e-01 -7.583040e-01  2.736997e+01
   endloop
 endfacet
 facet normal -2.311102e-01 -2.518234e-01 -9.397729e-01
   outer loop
     vertex -6.532247e-01 -1.041709e+01  2.995994e+01
     vertex -7.333063e-01 -1.041216e+01  2.997832e+01
     vertex -7.240137e-01 -7.535060e-01  2.738788e+01
   endloop
 endfacet
 facet normal -2.017264e-01 -2.534894e-01 -9.460706e-01
   outer loop
     vertex -5.726514e-01 -1.042144e+01  2.994370e+01
     vertex -6.449113e-01 -7.583040e-01  2.736997e+01
     vertex -5.653360e-01 -7.625459e-01  2.735414e+01
   endloop
 endfacet
 facet normal -2.043319e-01 -2.533685e-01 -9.455437e-01
   outer loop
     vertex -5.726514e-01 -1.042144e+01  2.994370e+01
     vertex -6.532247e-01 -1.041709e+01  2.995994e+01
     vertex -6.449113e-01 -7.583040e-01  2.736997e+01
   endloop
 endfacet
 facet normal -1.751297e-01 -2.548114e-01 -9.509999e-01
   outer loop
     vertex -4.916471e-01 -1.042522e+01  2.992959e+01
     vertex -5.653360e-01 -7.625459e-01  2.735414e+01
     vertex -4.853460e-01 -7.662285e-01  2.734040e+01
   endloop
 endfacet
 facet normal -1.773998e-01 -2.547229e-01 -9.506027e-01
   outer loop
     vertex -4.916471e-01 -1.042522e+01  2.992959e+01
     vertex -5.726514e-01 -1.042144e+01  2.994370e+01
     vertex -5.653360e-01 -7.625459e-01  2.735414e+01
   endloop
 endfacet
 facet normal -1.484046e-01 -2.559466e-01 -9.552316e-01
   outer loop
     vertex -4.102726e-01 -1.042842e+01  2.991764e+01
     vertex -4.853460e-01 -7.662285e-01  2.734040e+01
     vertex -4.050000e-01 -7.693491e-01  2.732875e+01
   endloop
 endfacet
 facet normal -1.503341e-01 -2.558854e-01 -9.549462e-01
   outer loop
     vertex -4.102726e-01 -1.042842e+01  2.991764e+01
     vertex -4.916471e-01 -1.042522e+01  2.992959e+01
     vertex -4.853460e-01 -7.662285e-01  2.734040e+01
   endloop
 endfacet
 facet normal -1.215707e-01 -2.568941e-01 -9.587628e-01
   outer loop
     vertex -3.285893e-01 -1.043104e+01  2.990785e+01
     vertex -4.050000e-01 -7.693491e-01  2.732875e+01
     vertex -3.243571e-01 -7.719055e-01  2.731921e+01
   endloop
 endfacet
 facet normal -1.231552e-01 -2.568554e-01 -9.585709e-01
   outer loop
     vertex -3.285893e-01 -1.043104e+01  2.990785e+01
     vertex -4.102726e-01 -1.042842e+01  2.991764e+01
     vertex -4.050000e-01 -7.693491e-01  2.732875e+01
   endloop
 endfacet
 facet normal -9.464755e-02 -2.576532e-01 -9.615907e-01
   outer loop
     vertex -2.466587e-01 -1.043309e+01  2.990022e+01
     vertex -3.243571e-01 -7.719055e-01  2.731921e+01
     vertex -2.434762e-01 -7.738958e-01  2.731178e+01
   endloop
 endfacet
 facet normal -9.588368e-02 -2.576319e-01 -9.614739e-01
   outer loop
     vertex -2.466587e-01 -1.043309e+01  2.990022e+01
     vertex -3.285893e-01 -1.043104e+01  2.990785e+01
     vertex -3.243571e-01 -7.719055e-01  2.731921e+01
   endloop
 endfacet
 facet normal -6.765502e-02 -2.582233e-01 -9.637134e-01
   outer loop
     vertex -1.645423e-01 -1.043455e+01  2.989477e+01
     vertex -2.434762e-01 -7.738958e-01  2.731178e+01
     vertex -1.624167e-01 -7.753184e-01  2.730647e+01
   endloop
 endfacet
 facet normal -6.853995e-02 -2.582145e-01 -9.636532e-01
   outer loop
     vertex -1.645423e-01 -1.043455e+01  2.989477e+01
     vertex -2.466587e-01 -1.043309e+01  2.990022e+01
     vertex -2.434762e-01 -7.738958e-01  2.731178e+01
   endloop
 endfacet
 facet normal -4.061287e-02 -2.586041e-01 -9.651293e-01
   outer loop
     vertex -8.230214e-02 -1.043542e+01  2.989150e+01
     vertex -1.624167e-01 -7.753184e-01  2.730647e+01
     vertex -8.123815e-02 -7.761724e-01  2.730329e+01
   endloop
 endfacet
 facet normal -4.114462e-02 -2.586026e-01 -9.651071e-01
   outer loop
     vertex -8.230214e-02 -1.043542e+01  2.989150e+01
     vertex -1.645423e-01 -1.043455e+01  2.989477e+01
     vertex -1.624167e-01 -7.753184e-01  2.730647e+01
   endloop
 endfacet
 facet normal -1.371831e-02 -2.587961e-01 -9.658346e-01
   outer loop
     vertex -7.347881e-16 -1.043572e+01  2.989041e+01
     vertex -8.230214e-02 -1.043542e+01  2.989150e+01
     vertex -8.123815e-02 -7.761724e-01  2.730329e+01
   endloop
 endfacet
 facet normal -1.354093e-02 -2.587953e-01 -9.658373e-01
   outer loop
     vertex -7.347881e-16 -1.043572e+01  2.989041e+01
     vertex -8.123815e-02 -7.761724e-01  2.730329e+01
     vertex -7.347881e-16 -7.764571e-01  2.730222e+01
   endloop
 endfacet
 facet normal  5.725900e-13  9.659258e-01 -2.588190e-01
   outer loop
     vertex -2.990104e+00 -6.301627e-02  2.996482e+01
     vertex -2.995600e+00 -4.203654e-02  3.004312e+01
     vertex -2.998900e+00 -2.102598e-02  3.012153e+01
   endloop
 endfacet
 facet normal -1.941458e-14  9.659258e-01 -2.588190e-01
   outer loop
     vertex -2.960480e+00 -1.256168e-01  2.973119e+01
     vertex -2.982414e+00 -8.394978e-02  2.988670e+01
     vertex -2.990104e+00 -6.301627e-02  2.996482e+01
   endloop
 endfacet
 facet normal  2.693114e-13  9.659258e-01 -2.588190e-01
   outer loop
     vertex -2.960480e+00 -1.256168e-01  2.973119e+01
     vertex -2.972537e+00 -1.048217e-01  2.980880e+01
     vertex -2.982414e+00 -8.394978e-02  2.988670e+01
   endloop
 endfacet
 facet normal -6.696391e-13  9.659258e-01 -2.588190e-01
   outer loop
     vertex -2.842960e+00 -2.479240e-01  2.927474e+01
     vertex -2.867856e+00 -2.279077e-01  2.934944e+01
     vertex -2.890650e+00 -2.077243e-01  2.942476e+01
   endloop
 endfacet
 facet normal -1.698360e-14  9.659258e-01 -2.588190e-01
   outer loop
     vertex -2.786930e+00 -2.873964e-01  2.912742e+01
     vertex -2.815977e+00 -2.677584e-01  2.920071e+01
     vertex -2.842960e+00 -2.479240e-01  2.927474e+01
   endloop
 endfacet
 facet normal -3.891471e-14  9.659258e-01 -2.588190e-01
   outer loop
     vertex -2.755839e+00 -3.068237e-01  2.905492e+01
     vertex -2.911323e+00 -1.873885e-01  2.950066e+01
     vertex -2.929862e+00 -1.669153e-01  2.957706e+01
   endloop
 endfacet
 facet normal  8.814198e-14  9.659258e-01 -2.588190e-01
   outer loop
     vertex -2.755839e+00 -3.068237e-01  2.905492e+01
     vertex -2.890650e+00 -2.077243e-01  2.942476e+01
     vertex -2.911323e+00 -1.873885e-01  2.950066e+01
   endloop
 endfacet
 facet normal  4.015290e-14  9.659258e-01 -2.588190e-01
   outer loop
     vertex -2.755839e+00 -3.068237e-01  2.905492e+01
     vertex -2.842960e+00 -2.479240e-01  2.927474e+01
     vertex -2.890650e+00 -2.077243e-01  2.942476e+01
   endloop
 endfacet
 facet normal  4.530068e-14  9.659258e-01 -2.588190e-01
   outer loop
     vertex -2.755839e+00 -3.068237e-01  2.905492e+01
     vertex -2.786930e+00 -2.873964e-01  2.912742e+01
     vertex -2.842960e+00 -2.479240e-01  2.927474e+01
   endloop
 endfacet
 facet normal -1.294305e-14  9.659258e-01 -2.588190e-01
   outer loop
     vertex -2.650536e+00 -3.636991e-01  2.884266e+01
     vertex -2.722726e+00 -3.260259e-01  2.898325e+01
     vertex -2.755839e+00 -3.068237e-01  2.905492e+01
   endloop
 endfacet
 facet normal -2.110819e-13  9.659258e-01 -2.588190e-01
   outer loop
     vertex -2.650536e+00 -3.636991e-01  2.884266e+01
     vertex -2.687617e+00 -3.449890e-01  2.891248e+01
     vertex -2.722726e+00 -3.260259e-01  2.898325e+01
   endloop
 endfacet
 facet normal  2.887212e-13  9.659258e-01 -2.588190e-01
   outer loop
     vertex -2.570572e+00 -4.003055e-01  2.870604e+01
     vertex -2.611512e+00 -3.821424e-01  2.877383e+01
     vertex -2.650536e+00 -3.636991e-01  2.884266e+01
   endloop
 endfacet
 facet normal  8.030581e-14  9.659258e-01 -2.588190e-01
   outer loop
     vertex -2.570572e+00 -4.003055e-01  2.870604e+01
     vertex -2.650536e+00 -3.636991e-01  2.884266e+01
     vertex -2.755839e+00 -3.068237e-01  2.905492e+01
   endloop
 endfacet
 facet normal -4.852457e-14  9.659258e-01 -2.588190e-01
   outer loop
     vertex -2.483067e+00 -4.357377e-01  2.857380e+01
     vertex -2.527746e+00 -4.181749e-01  2.863935e+01
     vertex -2.570572e+00 -4.003055e-01  2.870604e+01
   endloop
 endfacet
 facet normal  2.717376e-13  9.659258e-01 -2.588190e-01
   outer loop
     vertex -2.388279e+00 -4.698918e-01  2.844634e+01
     vertex -2.436567e+00 -4.529809e-01  2.850945e+01
     vertex -2.483067e+00 -4.357377e-01  2.857380e+01
   endloop
 endfacet
 facet normal  6.554423e-14  9.659258e-01 -2.588190e-01
   outer loop
     vertex -2.388279e+00 -4.698918e-01  2.844634e+01
     vertex -2.483067e+00 -4.357377e-01  2.857380e+01
     vertex -2.570572e+00 -4.003055e-01  2.870604e+01
   endloop
 endfacet
 facet normal -5.052112e-14  9.659258e-01 -2.588190e-01
   outer loop
     vertex -2.338240e+00 -4.864582e-01  2.838451e+01
     vertex -2.388279e+00 -4.698918e-01  2.844634e+01
     vertex -2.570572e+00 -4.003055e-01  2.870604e+01
   endloop
 endfacet
 facet normal  1.003684e-14  9.659258e-01 -2.588190e-01
   outer loop
     vertex -2.286486e+00 -5.026677e-01  2.832402e+01
     vertex -2.946251e+00 -1.463197e-01  2.965393e+01
     vertex -2.960480e+00 -1.256168e-01  2.973119e+01
   endloop
 endfacet
 facet normal  2.039778e-14  9.659258e-01 -2.588190e-01
   outer loop
     vertex -2.286486e+00 -5.026677e-01  2.832402e+01
     vertex -2.929862e+00 -1.669153e-01  2.957706e+01
     vertex -2.946251e+00 -1.463197e-01  2.965393e+01
   endloop
 endfacet
 facet normal -5.685982e-15  9.659258e-01 -2.588190e-01
   outer loop
     vertex -2.286486e+00 -5.026677e-01  2.832402e+01
     vertex -2.755839e+00 -3.068237e-01  2.905492e+01
     vertex -2.929862e+00 -1.669153e-01  2.957706e+01
   endloop
 endfacet
 facet normal -5.203886e-15  9.659258e-01 -2.588190e-01
   outer loop
     vertex -2.286486e+00 -5.026677e-01  2.832402e+01
     vertex -2.570572e+00 -4.003055e-01  2.870604e+01
     vertex -2.755839e+00 -3.068237e-01  2.905492e+01
   endloop
 endfacet
 facet normal  4.698745e-14  9.659258e-01 -2.588190e-01
   outer loop
     vertex -2.286486e+00 -5.026677e-01  2.832402e+01
     vertex -2.338240e+00 -4.864582e-01  2.838451e+01
     vertex -2.570572e+00 -4.003055e-01  2.870604e+01
   endloop
 endfacet
 facet normal  1.181053e-13  9.659258e-01 -2.588190e-01
   outer loop
     vertex -2.121320e+00 -5.490381e-01  2.815096e+01
     vertex -2.233055e+00 -5.185086e-01  2.826490e+01
     vertex -2.286486e+00 -5.026677e-01  2.832402e+01
   endloop
 endfacet
 facet normal -4.233769e-13  9.659258e-01 -2.588190e-01
   outer loop
     vertex -2.121320e+00 -5.490381e-01  2.815096e+01
     vertex -2.177986e+00 -5.339692e-01  2.820720e+01
     vertex -2.233055e+00 -5.185086e-01  2.826490e+01
   endloop
 endfacet
 facet normal  6.150205e-14  9.659258e-01 -2.588190e-01
   outer loop
     vertex -2.063098e+00 -5.637044e-01  2.809623e+01
     vertex -2.121320e+00 -5.490381e-01  2.815096e+01
     vertex -2.286486e+00 -5.026677e-01  2.832402e+01
   endloop
 endfacet
 facet normal  5.339008e-14  9.659258e-01 -2.588190e-01
   outer loop
     vertex -1.879530e+00 -6.051811e-01  2.794143e+01
     vertex -2.003363e+00 -5.779572e-01  2.804303e+01
     vertex -2.063098e+00 -5.637044e-01  2.809623e+01
   endloop
 endfacet
 facet normal  4.488523e-14  9.659258e-01 -2.588190e-01
   outer loop
     vertex -1.879530e+00 -6.051811e-01  2.794143e+01
     vertex -1.942159e+00 -5.917862e-01  2.799142e+01
     vertex -2.003363e+00 -5.779572e-01  2.804303e+01
   endloop
 endfacet
 facet normal  2.315502e-15  9.659258e-01 -2.588190e-01
   outer loop
     vertex -1.879530e+00 -6.051811e-01  2.794143e+01
     vertex -2.063098e+00 -5.637044e-01  2.809623e+01
     vertex -2.286486e+00 -5.026677e-01  2.832402e+01
   endloop
 endfacet
 facet normal  1.904590e-13  9.659258e-01 -2.588190e-01
   outer loop
     vertex -1.750184e+00 -6.306298e-01  2.784646e+01
     vertex -1.815523e+00 -6.181321e-01  2.789310e+01
     vertex -1.879530e+00 -6.051811e-01  2.794143e+01
   endloop
 endfacet
 facet normal -1.079672e-13  9.659258e-01 -2.588190e-01
   outer loop
     vertex -1.615704e+00 -6.542289e-01  2.775838e+01
     vertex -1.683561e+00 -6.426650e-01  2.780154e+01
     vertex -1.750184e+00 -6.306298e-01  2.784646e+01
   endloop
 endfacet
 facet normal -3.944791e-14  9.659258e-01 -2.588190e-01
   outer loop
     vertex -1.615704e+00 -6.542289e-01  2.775838e+01
     vertex -1.750184e+00 -6.306298e-01  2.784646e+01
     vertex -1.879530e+00 -6.051811e-01  2.794143e+01
   endloop
 endfacet
 facet normal -1.044427e-14  9.659258e-01 -2.588190e-01
   outer loop
     vertex -1.546662e+00 -6.653129e-01  2.771702e+01
     vertex -1.615704e+00 -6.542289e-01  2.775838e+01
     vertex -1.879530e+00 -6.051811e-01  2.794143e+01
   endloop
 endfacet
 facet normal -2.507716e-14  9.659258e-01 -2.588190e-01
   outer loop
     vertex -1.332935e+00 -6.956064e-01  2.760396e+01
     vertex -1.476485e+00 -6.759089e-01  2.767747e+01
     vertex -1.546662e+00 -6.653129e-01  2.771702e+01
   endloop
 endfacet
 facet normal  1.728688e-13  9.659258e-01 -2.588190e-01
   outer loop
     vertex -1.332935e+00 -6.956064e-01  2.760396e+01
     vertex -1.405225e+00 -6.860092e-01  2.763978e+01
     vertex -1.476485e+00 -6.759089e-01  2.767747e+01
   endloop
 endfacet
 facet normal  1.508499e-14  9.659258e-01 -2.588190e-01
   outer loop
     vertex -1.332935e+00 -6.956064e-01  2.760396e+01
     vertex -1.546662e+00 -6.653129e-01  2.771702e+01
     vertex -1.879530e+00 -6.051811e-01  2.794143e+01
   endloop
 endfacet
 facet normal  4.449856e-15  9.659258e-01 -2.588190e-01
   outer loop
     vertex -1.185476e+00 -7.132636e-01  2.753806e+01
     vertex -1.332935e+00 -6.956064e-01  2.760396e+01
     vertex -1.879530e+00 -6.051811e-01  2.794143e+01
   endloop
 endfacet
 facet normal  1.049344e-13  9.659258e-01 -2.588190e-01
   outer loop
     vertex -1.185476e+00 -7.132636e-01  2.753806e+01
     vertex -1.259667e+00 -7.046934e-01  2.757005e+01
     vertex -1.332935e+00 -6.956064e-01  2.760396e+01
   endloop
 endfacet
 facet normal  2.938969e-14  9.659258e-01 -2.588190e-01
   outer loop
     vertex -8.025850e-01 -7.481553e-01  2.740785e+01
     vertex -1.110414e+00 -7.213106e-01  2.750803e+01
     vertex -1.185476e+00 -7.132636e-01  2.753806e+01
   endloop
 endfacet
 facet normal -3.641568e-15  9.659258e-01 -2.588190e-01
   outer loop
     vertex -8.025850e-01 -7.481553e-01  2.740785e+01
     vertex -1.034539e+00 -7.288286e-01  2.747997e+01
     vertex -1.110414e+00 -7.213106e-01  2.750803e+01
   endloop
 endfacet
 facet normal -7.240019e-14  9.659258e-01 -2.588190e-01
   outer loop
     vertex -8.025850e-01 -7.481553e-01  2.740785e+01
     vertex -9.579046e-01 -7.358121e-01  2.745391e+01
     vertex -1.034539e+00 -7.288286e-01  2.747997e+01
   endloop
 endfacet
 facet normal  2.062294e-14  9.659258e-01 -2.588190e-01
   outer loop
     vertex -8.025850e-01 -7.481553e-01  2.740785e+01
     vertex -8.805677e-01 -7.422559e-01  2.742986e+01
     vertex -9.579046e-01 -7.358121e-01  2.745391e+01
   endloop
 endfacet
 facet normal  4.536720e-15  9.659258e-01 -2.588190e-01
   outer loop
     vertex -7.240137e-01 -7.535060e-01  2.738788e+01
     vertex -8.025850e-01 -7.481553e-01  2.740785e+01
     vertex -1.185476e+00 -7.132636e-01  2.753806e+01
   endloop
 endfacet
 facet normal -8.825407e-14  9.659258e-01 -2.588190e-01
   outer loop
     vertex -5.653360e-01 -7.625459e-01  2.735414e+01
     vertex -6.449113e-01 -7.583040e-01  2.736997e+01
     vertex -7.240137e-01 -7.535060e-01  2.738788e+01
   endloop
 endfacet
 facet normal -4.798029e-14  9.659258e-01 -2.588190e-01
   outer loop
     vertex -4.853460e-01 -7.662285e-01  2.734040e+01
     vertex -5.653360e-01 -7.625459e-01  2.735414e+01
     vertex -7.240137e-01 -7.535060e-01  2.738788e+01
   endloop
 endfacet
 facet normal -4.499733e-15  9.659258e-01 -2.588190e-01
   outer loop
     vertex -2.434762e-01 -7.738958e-01  2.731178e+01
     vertex -4.050000e-01 -7.693491e-01  2.732875e+01
     vertex -4.853460e-01 -7.662285e-01  2.734040e+01
   endloop
 endfacet
 facet normal -5.743338e-14  9.659258e-01 -2.588190e-01
   outer loop
     vertex -2.434762e-01 -7.738958e-01  2.731178e+01
     vertex -3.243571e-01 -7.719055e-01  2.731921e+01
     vertex -4.050000e-01 -7.693491e-01  2.732875e+01
   endloop
 endfacet
 facet normal  8.338939e-15  9.659258e-01 -2.588190e-01
   outer loop
     vertex -1.624167e-01 -7.753184e-01  2.730647e+01
     vertex -2.434762e-01 -7.738958e-01  2.731178e+01
     vertex -4.853460e-01 -7.662285e-01  2.734040e+01
   endloop
 endfacet
 facet normal -7.818022e-16  9.659258e-01 -2.588190e-01
   outer loop
     vertex -8.123815e-02 -7.761724e-01  2.730329e+01
     vertex -1.624167e-01 -7.753184e-01  2.730647e+01
     vertex -4.853460e-01 -7.662285e-01  2.734040e+01
   endloop
 endfacet
 facet normal  1.525725e-15  9.659258e-01 -2.588190e-01
   outer loop
     vertex -7.347881e-16 -7.764571e-01  2.730222e+01
     vertex -4.853460e-01 -7.662285e-01  2.734040e+01
     vertex -7.240137e-01 -7.535060e-01  2.738788e+01
   endloop
 endfacet
 facet normal -4.670897e-15  9.659258e-01 -2.588190e-01
   outer loop
     vertex -7.347881e-16 -7.764571e-01  2.730222e+01
     vertex -8.123815e-02 -7.761724e-01  2.730329e+01
     vertex -4.853460e-01 -7.662285e-01  2.734040e+01
   endloop
 endfacet
 facet normal  2.790163e-13  9.659258e-01 -2.588190e-01
   outer loop
     vertex  2.995600e+00 -4.203654e-02  3.004312e+01
     vertex  3.000000e+00  4.435067e-15  3.020000e+01
     vertex  2.998900e+00 -2.102598e-02  3.012153e+01
   endloop
 endfacet
 facet normal  5.783618e-15  9.659258e-01 -2.588190e-01
   outer loop
     vertex  1.624167e-01 -7.753184e-01  2.730647e+01
     vertex  8.123815e-02 -7.761724e-01  2.730329e+01
     vertex -7.347881e-16 -7.764571e-01  2.730222e+01
   endloop
 endfacet
 facet normal  5.842700e-15  9.659258e-01 -2.588190e-01
   outer loop
     vertex  2.434762e-01 -7.738958e-01  2.731178e+01
     vertex  1.624167e-01 -7.753184e-01  2.730647e+01
     vertex -7.347881e-16 -7.764571e-01  2.730222e+01
   endloop
 endfacet
 facet normal -3.553058e-15  9.659258e-01 -2.588190e-01
   outer loop
     vertex  3.243571e-01 -7.719055e-01  2.731921e+01
     vertex  2.434762e-01 -7.738958e-01  2.731178e+01
     vertex -7.347881e-16 -7.764571e-01  2.730222e+01
   endloop
 endfacet
 facet normal  1.771147e-13  9.659258e-01 -2.588190e-01
   outer loop
     vertex  2.972537e+00 -1.048217e-01  2.980880e+01
     vertex  2.990104e+00 -6.301627e-02  2.996482e+01
     vertex  2.982414e+00 -8.394978e-02  2.988670e+01
   endloop
 endfacet
 facet normal  2.232676e-13  9.659258e-01 -2.588190e-01
   outer loop
     vertex  2.972537e+00 -1.048217e-01  2.980880e+01
     vertex  2.995600e+00 -4.203654e-02  3.004312e+01
     vertex  2.990104e+00 -6.301627e-02  2.996482e+01
   endloop
 endfacet
 facet normal  9.808350e-16  9.659258e-01 -2.588190e-01
   outer loop
     vertex  4.853460e-01 -7.662285e-01  2.734040e+01
     vertex  3.243571e-01 -7.719055e-01  2.731921e+01
     vertex -7.347881e-16 -7.764571e-01  2.730222e+01
   endloop
 endfacet
 facet normal -6.952662e-14  9.659258e-01 -2.588190e-01
   outer loop
     vertex  4.853460e-01 -7.662285e-01  2.734040e+01
     vertex  4.050000e-01 -7.693491e-01  2.732875e+01
     vertex  3.243571e-01 -7.719055e-01  2.731921e+01
   endloop
 endfacet
 facet normal  5.146645e-15  9.659258e-01 -2.588190e-01
   outer loop
     vertex  5.653360e-01 -7.625459e-01  2.735414e+01
     vertex  4.853460e-01 -7.662285e-01  2.734040e+01
     vertex -7.347881e-16 -7.764571e-01  2.730222e+01
   endloop
 endfacet
 facet normal  1.504262e-13  9.659258e-01 -2.588190e-01
   outer loop
     vertex  2.929862e+00 -1.669153e-01  2.957706e+01
     vertex  2.960480e+00 -1.256168e-01  2.973119e+01
     vertex  2.946251e+00 -1.463197e-01  2.965393e+01
   endloop
 endfacet
 facet normal  1.909100e-13  9.659258e-01 -2.588190e-01
   outer loop
     vertex  2.929862e+00 -1.669153e-01  2.957706e+01
     vertex  2.972537e+00 -1.048217e-01  2.980880e+01
     vertex  2.960480e+00 -1.256168e-01  2.973119e+01
   endloop
 endfacet
 facet normal  3.459377e-16  9.659258e-01 -2.588190e-01
   outer loop
     vertex  6.449113e-01 -7.583040e-01  2.736997e+01
     vertex -7.347881e-16 -7.764571e-01  2.730222e+01
     vertex -7.240137e-01 -7.535060e-01  2.738788e+01
   endloop
 endfacet
 facet normal -2.673331e-15  9.659258e-01 -2.588190e-01
   outer loop
     vertex  6.449113e-01 -7.583040e-01  2.736997e+01
     vertex  5.653360e-01 -7.625459e-01  2.735414e+01
     vertex -7.347881e-16 -7.764571e-01  2.730222e+01
   endloop
 endfacet
 facet normal  4.868909e-16  9.659258e-01 -2.588190e-01
   outer loop
     vertex  7.240137e-01 -7.535060e-01  2.738788e+01
     vertex  6.449113e-01 -7.583040e-01  2.736997e+01
     vertex -7.240137e-01 -7.535060e-01  2.738788e+01
   endloop
 endfacet
 facet normal  2.838688e-13  9.659258e-01 -2.588190e-01
   outer loop
     vertex  2.842960e+00 -2.479240e-01  2.927474e+01
     vertex  2.890650e+00 -2.077243e-01  2.942476e+01
     vertex  2.867856e+00 -2.279077e-01  2.934944e+01
   endloop
 endfacet
 facet normal  2.491537e-13  9.659258e-01 -2.588190e-01
   outer loop
     vertex  2.842960e+00 -2.479240e-01  2.927474e+01
     vertex  2.911323e+00 -1.873885e-01  2.950066e+01
     vertex  2.890650e+00 -2.077243e-01  2.942476e+01
   endloop
 endfacet
 facet normal -1.486065e-13  9.659258e-01 -2.588190e-01
   outer loop
     vertex  9.579046e-01 -7.358121e-01  2.745391e+01
     vertex  8.805677e-01 -7.422559e-01  2.742986e+01
     vertex  8.025850e-01 -7.481553e-01  2.740785e+01
   endloop
 endfacet
 facet normal -4.610962e-14  9.659258e-01 -2.588190e-01
   outer loop
     vertex  1.034539e+00 -7.288286e-01  2.747997e+01
     vertex  9.579046e-01 -7.358121e-01  2.745391e+01
     vertex  8.025850e-01 -7.481553e-01  2.740785e+01
   endloop
 endfacet
 facet normal -7.080828e-15  9.659258e-01 -2.588190e-01
   outer loop
     vertex  1.034539e+00 -7.288286e-01  2.747997e+01
     vertex  8.025850e-01 -7.481553e-01  2.740785e+01
     vertex  7.240137e-01 -7.535060e-01  2.738788e+01
   endloop
 endfacet
 facet normal -3.881966e-14  9.659258e-01 -2.588190e-01
   outer loop
     vertex  2.786930e+00 -2.873964e-01  2.912742e+01
     vertex  2.842960e+00 -2.479240e-01  2.927474e+01
     vertex  2.815977e+00 -2.677584e-01  2.920071e+01
   endloop
 endfacet
 facet normal -6.476275e-14  9.659258e-01 -2.588190e-01
   outer loop
     vertex  2.786930e+00 -2.873964e-01  2.912742e+01
     vertex  2.911323e+00 -1.873885e-01  2.950066e+01
     vertex  2.842960e+00 -2.479240e-01  2.927474e+01
   endloop
 endfacet
 facet normal  1.916721e-13  9.659258e-01 -2.588190e-01
   outer loop
     vertex  2.722726e+00 -3.260259e-01  2.898325e+01
     vertex  2.786930e+00 -2.873964e-01  2.912742e+01
     vertex  2.755839e+00 -3.068237e-01  2.905492e+01
   endloop
 endfacet
 facet normal  3.894805e-14  9.659258e-01 -2.588190e-01
   outer loop
     vertex  2.722726e+00 -3.260259e-01  2.898325e+01
     vertex  2.929862e+00 -1.669153e-01  2.957706e+01
     vertex  2.911323e+00 -1.873885e-01  2.950066e+01
   endloop
 endfacet
 facet normal -7.225251e-15  9.659258e-01 -2.588190e-01
   outer loop
     vertex  2.722726e+00 -3.260259e-01  2.898325e+01
     vertex  2.911323e+00 -1.873885e-01  2.950066e+01
     vertex  2.786930e+00 -2.873964e-01  2.912742e+01
   endloop
 endfacet
 facet normal  5.662585e-14  9.659258e-01 -2.588190e-01
   outer loop
     vertex  1.259667e+00 -7.046934e-01  2.757005e+01
     vertex  1.110414e+00 -7.213106e-01  2.750803e+01
     vertex  1.034539e+00 -7.288286e-01  2.747997e+01
   endloop
 endfacet
 facet normal  6.672129e-15  9.659258e-01 -2.588190e-01
   outer loop
     vertex  1.259667e+00 -7.046934e-01  2.757005e+01
     vertex  1.185476e+00 -7.132636e-01  2.753806e+01
     vertex  1.110414e+00 -7.213106e-01  2.750803e+01
   endloop
 endfacet
 facet normal  5.816894e-15  9.659258e-01 -2.588190e-01
   outer loop
     vertex  2.687617e+00 -3.449890e-01  2.891248e+01
     vertex  2.995600e+00 -4.203654e-02  3.004312e+01
     vertex  2.972537e+00 -1.048217e-01  2.980880e+01
   endloop
 endfacet
 facet normal -1.351304e-14  9.659258e-01 -2.588190e-01
   outer loop
     vertex  2.687617e+00 -3.449890e-01  2.891248e+01
     vertex  2.972537e+00 -1.048217e-01  2.980880e+01
     vertex  2.929862e+00 -1.669153e-01  2.957706e+01
   endloop
 endfacet
 facet normal -3.790324e-15  9.659258e-01 -2.588190e-01
   outer loop
     vertex  2.687617e+00 -3.449890e-01  2.891248e+01
     vertex  2.929862e+00 -1.669153e-01  2.957706e+01
     vertex  2.722726e+00 -3.260259e-01  2.898325e+01
   endloop
 endfacet
 facet normal -6.793440e-14  9.659258e-01 -2.588190e-01
   outer loop
     vertex  1.405225e+00 -6.860092e-01  2.763978e+01
     vertex  1.332935e+00 -6.956064e-01  2.760396e+01
     vertex  1.259667e+00 -7.046934e-01  2.757005e+01
   endloop
 endfacet
 facet normal -2.256393e-13  9.659258e-01 -2.588190e-01
   outer loop
     vertex  2.611512e+00 -3.821424e-01  2.877383e+01
     vertex  2.687617e+00 -3.449890e-01  2.891248e+01
     vertex  2.650536e+00 -3.636991e-01  2.884266e+01
   endloop
 endfacet
 facet normal -5.662585e-15  9.659258e-01 -2.588190e-01
   outer loop
     vertex  1.476485e+00 -6.759089e-01  2.767747e+01
     vertex  1.405225e+00 -6.860092e-01  2.763978e+01
     vertex  1.259667e+00 -7.046934e-01  2.757005e+01
   endloop
 endfacet
 facet normal -3.401708e-14  9.659258e-01 -2.588190e-01
   outer loop
     vertex  1.476485e+00 -6.759089e-01  2.767747e+01
     vertex  1.259667e+00 -7.046934e-01  2.757005e+01
     vertex  1.034539e+00 -7.288286e-01  2.747997e+01
   endloop
 endfacet
 facet normal -1.543486e-15  9.659258e-01 -2.588190e-01
   outer loop
     vertex  1.476485e+00 -6.759089e-01  2.767747e+01
     vertex  1.034539e+00 -7.288286e-01  2.747997e+01
     vertex  7.240137e-01 -7.535060e-01  2.738788e+01
   endloop
 endfacet
 facet normal -3.687868e-13  9.659258e-01 -2.588190e-01
   outer loop
     vertex  2.527746e+00 -4.181749e-01  2.863935e+01
     vertex  2.611512e+00 -3.821424e-01  2.877383e+01
     vertex  2.570572e+00 -4.003055e-01  2.870604e+01
   endloop
 endfacet
 facet normal  4.073756e-15  9.659258e-01 -2.588190e-01
   outer loop
     vertex  1.615704e+00 -6.542289e-01  2.775838e+01
     vertex  1.476485e+00 -6.759089e-01  2.767747e+01
     vertex  7.240137e-01 -7.535060e-01  2.738788e+01
   endloop
 endfacet
 facet normal -5.459015e-14  9.659258e-01 -2.588190e-01
   outer loop
     vertex  1.615704e+00 -6.542289e-01  2.775838e+01
     vertex  1.546662e+00 -6.653129e-01  2.771702e+01
     vertex  1.476485e+00 -6.759089e-01  2.767747e+01
   endloop
 endfacet
 facet normal -9.462292e-14  9.659258e-01 -2.588190e-01
   outer loop
     vertex  2.436567e+00 -4.529809e-01  2.850945e+01
     vertex  2.527746e+00 -4.181749e-01  2.863935e+01
     vertex  2.483067e+00 -4.357377e-01  2.857380e+01
   endloop
 endfacet
 facet normal -4.852457e-14  9.659258e-01 -2.588190e-01
   outer loop
     vertex  1.750184e+00 -6.306298e-01  2.784646e+01
     vertex  1.683561e+00 -6.426650e-01  2.780154e+01
     vertex  1.615704e+00 -6.542289e-01  2.775838e+01
   endloop
 endfacet
 facet normal -2.014262e-13  9.659258e-01 -2.588190e-01
   outer loop
     vertex  2.388279e+00 -4.698918e-01  2.844634e+01
     vertex  2.527746e+00 -4.181749e-01  2.863935e+01
     vertex  2.436567e+00 -4.529809e-01  2.850945e+01
   endloop
 endfacet
 facet normal -1.189143e-13  9.659258e-01 -2.588190e-01
   outer loop
     vertex  1.815523e+00 -6.181321e-01  2.789310e+01
     vertex  1.750184e+00 -6.306298e-01  2.784646e+01
     vertex  1.615704e+00 -6.542289e-01  2.775838e+01
   endloop
 endfacet
 facet normal -2.399469e-15  9.659258e-01 -2.588190e-01
   outer loop
     vertex  1.815523e+00 -6.181321e-01  2.789310e+01
     vertex  1.615704e+00 -6.542289e-01  2.775838e+01
     vertex  7.240137e-01 -7.535060e-01  2.738788e+01
   endloop
 endfacet
 facet normal  5.181020e-15  9.659258e-01 -2.588190e-01
   outer loop
     vertex  2.286486e+00 -5.026677e-01  2.832402e+01
     vertex  2.527746e+00 -4.181749e-01  2.863935e+01
     vertex  2.388279e+00 -4.698918e-01  2.844634e+01
   endloop
 endfacet
 facet normal -2.350685e-14  9.659258e-01 -2.588190e-01
   outer loop
     vertex  2.286486e+00 -5.026677e-01  2.832402e+01
     vertex  2.687617e+00 -3.449890e-01  2.891248e+01
     vertex  2.611512e+00 -3.821424e-01  2.877383e+01
   endloop
 endfacet
 facet normal -1.241148e-14  9.659258e-01 -2.588190e-01
   outer loop
     vertex  2.286486e+00 -5.026677e-01  2.832402e+01
     vertex  3.000000e+00  4.435067e-15  3.020000e+01
     vertex  2.995600e+00 -4.203654e-02  3.004312e+01
   endloop
 endfacet
 facet normal  2.166097e-15  9.659258e-01 -2.588190e-01
   outer loop
     vertex  2.286486e+00 -5.026677e-01  2.832402e+01
     vertex  2.995600e+00 -4.203654e-02  3.004312e+01
     vertex  2.687617e+00 -3.449890e-01  2.891248e+01
   endloop
 endfacet
 facet normal -2.862950e-13  9.659258e-01 -2.588190e-01
   outer loop
     vertex  2.286486e+00 -5.026677e-01  2.832402e+01
     vertex  2.388279e+00 -4.698918e-01  2.844634e+01
     vertex  2.338240e+00 -4.864582e-01  2.838451e+01
   endloop
 endfacet
 facet normal  2.556627e-14  9.659258e-01 -2.588190e-01
   outer loop
     vertex  2.286486e+00 -5.026677e-01  2.832402e+01
     vertex  2.611512e+00 -3.821424e-01  2.877383e+01
     vertex  2.527746e+00 -4.181749e-01  2.863935e+01
   endloop
 endfacet
 facet normal  1.031147e-13  9.659258e-01 -2.588190e-01
   outer loop
     vertex  1.942159e+00 -5.917862e-01  2.799142e+01
     vertex  1.879530e+00 -6.051811e-01  2.794143e+01
     vertex  1.815523e+00 -6.181321e-01  2.789310e+01
   endloop
 endfacet
 facet normal -3.865966e-16  9.659258e-01 -2.588190e-01
   outer loop
     vertex  1.942159e+00 -5.917862e-01  2.799142e+01
     vertex  1.815523e+00 -6.181321e-01  2.789310e+01
     vertex  7.240137e-01 -7.535060e-01  2.738788e+01
   endloop
 endfacet
 facet normal -5.822949e-14  9.659258e-01 -2.588190e-01
   outer loop
     vertex  2.063098e+00 -5.637044e-01  2.809623e+01
     vertex  2.003363e+00 -5.779572e-01  2.804303e+01
     vertex  1.942159e+00 -5.917862e-01  2.799142e+01
   endloop
 endfacet
 facet normal -3.756983e-15  9.659258e-01 -2.588190e-01
   outer loop
     vertex  2.121320e+00 -5.490381e-01  2.815096e+01
     vertex -2.998900e+00 -2.102598e-02  3.012153e+01
     vertex -3.000000e+00  4.280428e-15  3.020000e+01
   endloop
 endfacet
 facet normal -5.159271e-16  9.659258e-01 -2.588190e-01
   outer loop
     vertex  2.121320e+00 -5.490381e-01  2.815096e+01
     vertex -7.240137e-01 -7.535060e-01  2.738788e+01
     vertex -1.185476e+00 -7.132636e-01  2.753806e+01
   endloop
 endfacet
 facet normal  1.221183e-16  9.659258e-01 -2.588190e-01
   outer loop
     vertex  2.121320e+00 -5.490381e-01  2.815096e+01
     vertex -3.000000e+00  4.280428e-15  3.020000e+01
     vertex  3.000000e+00  4.435067e-15  3.020000e+01
   endloop
 endfacet
 facet normal  6.997269e-16  9.659258e-01 -2.588190e-01
   outer loop
     vertex  2.121320e+00 -5.490381e-01  2.815096e+01
     vertex  1.942159e+00 -5.917862e-01  2.799142e+01
     vertex  7.240137e-01 -7.535060e-01  2.738788e+01
   endloop
 endfacet
 facet normal  4.852602e-16  9.659258e-01 -2.588190e-01
   outer loop
     vertex  2.121320e+00 -5.490381e-01  2.815096e+01
     vertex  7.240137e-01 -7.535060e-01  2.738788e+01
     vertex -7.240137e-01 -7.535060e-01  2.738788e+01
   endloop
 endfacet
 facet normal  0.000000e+00  9.659258e-01 -2.588190e-01
   outer loop
     vertex  2.121320e+00 -5.490381e-01  2.815096e+01
     vertex -2.990104e+00 -6.301627e-02  2.996482e+01
     vertex -2.998900e+00 -2.102598e-02  3.012153e+01
   endloop
 endfacet
 facet normal  6.875996e-14  9.659258e-01 -2.588190e-01
   outer loop
     vertex  2.121320e+00 -5.490381e-01  2.815096e+01
     vertex  2.063098e+00 -5.637044e-01  2.809623e+01
     vertex  1.942159e+00 -5.917862e-01  2.799142e+01
   endloop
 endfacet
 facet normal -1.880666e-16  9.659258e-01 -2.588190e-01
   outer loop
     vertex  2.121320e+00 -5.490381e-01  2.815096e+01
     vertex -2.960480e+00 -1.256168e-01  2.973119e+01
     vertex -2.990104e+00 -6.301627e-02  2.996482e+01
   endloop
 endfacet
 facet normal  2.445500e-15  9.659258e-01 -2.588190e-01
   outer loop
     vertex  2.121320e+00 -5.490381e-01  2.815096e+01
     vertex  3.000000e+00  4.435067e-15  3.020000e+01
     vertex  2.286486e+00 -5.026677e-01  2.832402e+01
   endloop
 endfacet
 facet normal -1.101308e-17  9.659258e-01 -2.588190e-01
   outer loop
     vertex  2.121320e+00 -5.490381e-01  2.815096e+01
     vertex -2.286486e+00 -5.026677e-01  2.832402e+01
     vertex -2.960480e+00 -1.256168e-01  2.973119e+01
   endloop
 endfacet
 facet normal -3.318182e-17  9.659258e-01 -2.588190e-01
   outer loop
     vertex  2.121320e+00 -5.490381e-01  2.815096e+01
     vertex -1.879530e+00 -6.051811e-01  2.794143e+01
     vertex -2.286486e+00 -5.026677e-01  2.832402e+01
   endloop
 endfacet
 facet normal -1.480000e-13  9.659258e-01 -2.588190e-01
   outer loop
     vertex  2.121320e+00 -5.490381e-01  2.815096e+01
     vertex  2.233055e+00 -5.185086e-01  2.826490e+01
     vertex  2.177986e+00 -5.339692e-01  2.820720e+01
   endloop
 endfacet
 facet normal -1.536987e-13  9.659258e-01 -2.588190e-01
   outer loop
     vertex  2.121320e+00 -5.490381e-01  2.815096e+01
     vertex  2.286486e+00 -5.026677e-01  2.832402e+01
     vertex  2.233055e+00 -5.185086e-01  2.826490e+01
   endloop
 endfacet
 facet normal -3.428865e-17  9.659258e-01 -2.588190e-01
   outer loop
     vertex  2.121320e+00 -5.490381e-01  2.815096e+01
     vertex -1.185476e+00 -7.132636e-01  2.753806e+01
     vertex -1.879530e+00 -6.051811e-01  2.794143e+01
   endloop
 endfacet
 facet normal  0.000000e+00  0.000000e+00  1.000000e+00
   outer loop
     vertex -4.000000e+00  4.600000e+01  8.000000e+00
     vertex -4.000000e+00  4.000000e+00  8.000000e+00
     vertex  4.000000e+00  4.000000e+00  8.000000e+00
   endloop
 endfacet
 facet normal  0.000000e+00  0.000000e+00  1.000000e+00
   outer loop
     vertex  4.000000e+00  4.600000e+01  8.000000e+00
     vertex -4.000000e+00  4.600000e+01  8.000000e+00
     vertex  4.000000e+00  4.000000e+00  8.000000e+00
   endloop
 endfacet
 facet normal  0.000000e+00 -1.000000e+00  0.000000e+00
   outer loop
     vertex -2.334457e+00 -1.000000e+01  6.684227e+00
     vertex -2.227598e+00 -1.000000e+01  6.809430e+00
     vertex -2.281886e+00 -1.000000e+01  6.747562e+00
   endloop
 endfacet
 facet normal  0.000000e+00 -1.000000e+00  0.000000e+00
   outer loop
     vertex -1.803070e+00 -1.000000e+01  7.197694e+00
     vertex -1.868170e+00 -1.000000e+01  7.147326e+00
     vertex -1.931864e+00 -1.000000e+01  7.095191e+00
   endloop
 endfacet
 facet normal  0.000000e+00 -1.000000e+00  0.000000e+00
   outer loop
     vertex -1.803070e+00 -1.000000e+01  7.197694e+00
     vertex -1.931864e+00 -1.000000e+01  7.095191e+00
     vertex -1.994103e+00 -1.000000e+01  7.041329e+00
   endloop
 endfacet
 facet normal  0.000000e+00 -1.000000e+00  0.000000e+00
   outer loop
     vertex -2.434288e+00 -1.000000e+01  6.553352e+00
     vertex -2.114032e+00 -1.000000e+01  6.928583e+00
     vertex -2.171632e+00 -1.000000e+01  6.869786e+00
   endloop
 endfacet
 facet normal  0.000000e+00 -1.000000e+00  0.000000e+00
   outer loop
     vertex -2.434288e+00 -1.000000e+01  6.553352e+00
     vertex -2.171632e+00 -1.000000e+01  6.869786e+00
     vertex -2.227598e+00 -1.000000e+01  6.809430e+00
   endloop
 endfacet
 facet normal  0.000000e+00 -1.000000e+00  0.000000e+00
   outer loop
     vertex -2.434288e+00 -1.000000e+01  6.553352e+00
     vertex -2.334457e+00 -1.000000e+01  6.684227e+00
     vertex -2.385270e+00 -1.000000e+01  6.619474e+00
   endloop
 endfacet
 facet normal  0.000000e+00 -1.000000e+00  0.000000e+00
   outer loop
     vertex -2.434288e+00 -1.000000e+01  6.553352e+00
     vertex -2.227598e+00 -1.000000e+01  6.809430e+00
     vertex -2.334457e+00 -1.000000e+01  6.684227e+00
   endloop
 endfacet
 facet normal  0.000000e+00 -1.000000e+00  0.000000e+00
   outer loop
     vertex -1.668849e+00 -1.000000e+01  7.292979e+00
     vertex -1.736613e+00 -1.000000e+01  7.246257e+00
     vertex -1.803070e+00 -1.000000e+01  7.197694e+00
   endloop
 endfacet
 facet normal  0.000000e+00 -1.000000e+00  0.000000e+00
   outer loop
     vertex -2.526790e+00 -1.000000e+01  6.417198e+00
     vertex -2.054841e+00 -1.000000e+01  6.985779e+00
     vertex -2.114032e+00 -1.000000e+01  6.928583e+00
   endloop
 endfacet
 facet normal  0.000000e+00 -1.000000e+00  0.000000e+00
   outer loop
     vertex -2.526790e+00 -1.000000e+01  6.417198e+00
     vertex -2.434288e+00 -1.000000e+01  6.553352e+00
     vertex -2.481473e+00 -1.000000e+01  6.485910e+00
   endloop
 endfacet
 facet normal  0.000000e+00 -1.000000e+00  0.000000e+00
   outer loop
     vertex -2.526790e+00 -1.000000e+01  6.417198e+00
     vertex -2.114032e+00 -1.000000e+01  6.928583e+00
     vertex -2.434288e+00 -1.000000e+01  6.553352e+00
   endloop
 endfacet
 facet normal  0.000000e+00 -1.000000e+00  0.000000e+00
   outer loop
     vertex -1.458227e+00 -1.000000e+01  7.421750e+00
     vertex -1.529603e+00 -1.000000e+01  7.380758e+00
     vertex -1.599828e+00 -1.000000e+01  7.337824e+00
   endloop
 endfacet
 facet normal  0.000000e+00 -1.000000e+00  0.000000e+00
   outer loop
     vertex -1.458227e+00 -1.000000e+01  7.421750e+00
     vertex -1.599828e+00 -1.000000e+01  7.337824e+00
     vertex -1.668849e+00 -1.000000e+01  7.292979e+00
   endloop
 endfacet
 facet normal  0.000000e+00 -1.000000e+00  0.000000e+00
   outer loop
     vertex -2.651201e+00 -1.000000e+01  6.203971e+00
     vertex -2.526790e+00 -1.000000e+01  6.417198e+00
     vertex -2.570206e+00 -1.000000e+01  6.347270e+00
   endloop
 endfacet
 facet normal  0.000000e+00 -1.000000e+00  0.000000e+00
   outer loop
     vertex -2.651201e+00 -1.000000e+01  6.203971e+00
     vertex -2.570206e+00 -1.000000e+01  6.347270e+00
     vertex -2.611686e+00 -1.000000e+01  6.276176e+00
   endloop
 endfacet
 facet normal  0.000000e+00 -1.000000e+00  0.000000e+00
   outer loop
     vertex -1.312236e+00 -1.000000e+01  7.497784e+00
     vertex -1.385753e+00 -1.000000e+01  7.460769e+00
     vertex -1.458227e+00 -1.000000e+01  7.421750e+00
   endloop
 endfacet
 facet normal  0.000000e+00 -1.000000e+00  0.000000e+00
   outer loop
     vertex -1.237731e+00 -1.000000e+01  7.532768e+00
     vertex -1.312236e+00 -1.000000e+01  7.497784e+00
     vertex -1.458227e+00 -1.000000e+01  7.421750e+00
   endloop
 endfacet
 facet normal  0.000000e+00 -1.000000e+00  0.000000e+00
   outer loop
     vertex -2.818295e+00 -1.000000e+01  5.828209e+00
     vertex -2.651201e+00 -1.000000e+01  6.203971e+00
     vertex -2.688719e+00 -1.000000e+01  6.130710e+00
   endloop
 endfacet
 facet normal  0.000000e+00 -1.000000e+00  0.000000e+00
   outer loop
     vertex -2.818295e+00 -1.000000e+01  5.828209e+00
     vertex -2.688719e+00 -1.000000e+01  6.130710e+00
     vertex -2.724214e+00 -1.000000e+01  6.056446e+00
   endloop
 endfacet
 facet normal  0.000000e+00 -1.000000e+00  0.000000e+00
   outer loop
     vertex -2.818295e+00 -1.000000e+01  5.828209e+00
     vertex -2.724214e+00 -1.000000e+01  6.056446e+00
     vertex -2.757658e+00 -1.000000e+01  5.981237e+00
   endloop
 endfacet
 facet normal  0.000000e+00 -1.000000e+00  0.000000e+00
   outer loop
     vertex -2.818295e+00 -1.000000e+01  5.828209e+00
     vertex -2.757658e+00 -1.000000e+01  5.981237e+00
     vertex -2.789026e+00 -1.000000e+01  5.905139e+00
   endloop
 endfacet
 facet normal  0.000000e+00 -1.000000e+00  0.000000e+00
   outer loop
     vertex -2.818295e+00 -1.000000e+01  5.828209e+00
     vertex -2.526790e+00 -1.000000e+01  6.417198e+00
     vertex -2.651201e+00 -1.000000e+01  6.203971e+00
   endloop
 endfacet
 facet normal  0.000000e+00 -1.000000e+00  0.000000e+00
   outer loop
     vertex -2.870447e+00 -1.000000e+01  5.672085e+00
     vertex -2.818295e+00 -1.000000e+01  5.828209e+00
     vertex -2.845442e+00 -1.000000e+01  5.750504e+00
   endloop
 endfacet
 facet normal  0.000000e+00 -1.000000e+00  0.000000e+00
   outer loop
     vertex -2.913958e+00 -1.000000e+01  5.513335e+00
     vertex -2.818295e+00 -1.000000e+01  5.828209e+00
     vertex -2.870447e+00 -1.000000e+01  5.672085e+00
   endloop
 endfacet
 facet normal  0.000000e+00 -1.000000e+00  0.000000e+00
   outer loop
     vertex -2.913958e+00 -1.000000e+01  5.513335e+00
     vertex -2.870447e+00 -1.000000e+01  5.672085e+00
     vertex -2.893292e+00 -1.000000e+01  5.593008e+00
   endloop
 endfacet
 facet normal  0.000000e+00 -1.000000e+00  0.000000e+00
   outer loop
     vertex -6.933307e-01 -1.000000e+01  7.718783e+00
     vertex -7.731438e-01 -1.000000e+01  7.698663e+00
     vertex -8.523749e-01 -1.000000e+01  7.676362e+00
   endloop
 endfacet
 facet normal  0.000000e+00 -1.000000e+00  0.000000e+00
   outer loop
     vertex -6.933307e-01 -1.000000e+01  7.718783e+00
     vertex -8.523749e-01 -1.000000e+01  7.676362e+00
     vertex -9.309643e-01 -1.000000e+01  7.651895e+00
   endloop
 endfacet
 facet normal  0.000000e+00 -1.000000e+00  0.000000e+00
   outer loop
     vertex -6.933307e-01 -1.000000e+01  7.718783e+00
     vertex -9.309643e-01 -1.000000e+01  7.651895e+00
     vertex -1.008853e+00 -1.000000e+01  7.625282e+00
   endloop
 endfacet
 facet normal  0.000000e+00 -1.000000e+00  0.000000e+00
   outer loop
     vertex -6.933307e-01 -1.000000e+01  7.718783e+00
     vertex -1.008853e+00 -1.000000e+01  7.625282e+00
     vertex -1.085982e+00 -1.000000e+01  7.596541e+00
   endloop
 endfacet
 facet normal  0.000000e+00 -1.000000e+00  0.000000e+00
   outer loop
     vertex -6.933307e-01 -1.000000e+01  7.718783e+00
     vertex -1.085982e+00 -1.000000e+01  7.596541e+00
     vertex -1.162294e+00 -1.000000e+01  7.565696e+00
   endloop
 endfacet
 facet normal  0.000000e+00 -1.000000e+00  0.000000e+00
   outer loop
     vertex -6.933307e-01 -1.000000e+01  7.718783e+00
     vertex -1.162294e+00 -1.000000e+01  7.565696e+00
     vertex -1.237731e+00 -1.000000e+01  7.532768e+00
   endloop
 endfacet
 facet normal  0.000000e+00 -1.000000e+00  0.000000e+00
   outer loop
     vertex -6.933307e-01 -1.000000e+01  7.718783e+00
     vertex -1.237731e+00 -1.000000e+01  7.532768e+00
     vertex -1.458227e+00 -1.000000e+01  7.421750e+00
   endloop
 endfacet
 facet normal  0.000000e+00 -1.000000e+00  0.000000e+00
   outer loop
     vertex -4.510023e-01 -1.000000e+01  7.765906e+00
     vertex -5.321993e-01 -1.000000e+01  7.752417e+00
     vertex -6.129958e-01 -1.000000e+01  7.736705e+00
   endloop
 endfacet
 facet normal  0.000000e+00 -1.000000e+00  0.000000e+00
   outer loop
     vertex -4.510023e-01 -1.000000e+01  7.765906e+00
     vertex -6.129958e-01 -1.000000e+01  7.736705e+00
     vertex -6.933307e-01 -1.000000e+01  7.718783e+00
   endloop
 endfacet
 facet normal  0.000000e+00 -1.000000e+00  0.000000e+00
   outer loop
     vertex -2.974558e+00 -1.000000e+01  5.189878e+00
     vertex -1.994103e+00 -1.000000e+01  7.041329e+00
     vertex -2.054841e+00 -1.000000e+01  6.985779e+00
   endloop
 endfacet
 facet normal  0.000000e+00 -1.000000e+00  0.000000e+00
   outer loop
     vertex -2.974558e+00 -1.000000e+01  5.189878e+00
     vertex -2.054841e+00 -1.000000e+01  6.985779e+00
     vertex -2.526790e+00 -1.000000e+01  6.417198e+00
   endloop
 endfacet
 facet normal  0.000000e+00 -1.000000e+00  0.000000e+00
   outer loop
     vertex -2.974558e+00 -1.000000e+01  5.189878e+00
     vertex -2.913958e+00 -1.000000e+01  5.513335e+00
     vertex -2.932431e+00 -1.000000e+01  5.433125e+00
   endloop
 endfacet
 facet normal  0.000000e+00 -1.000000e+00  0.000000e+00
   outer loop
     vertex -2.974558e+00 -1.000000e+01  5.189878e+00
     vertex -2.932431e+00 -1.000000e+01  5.433125e+00
     vertex -2.948697e+00 -1.000000e+01  5.352438e+00
   endloop
 endfacet
 facet normal  0.000000e+00 -1.000000e+00  0.000000e+00
   outer loop
     vertex -2.974558e+00 -1.000000e+01  5.189878e+00
     vertex -2.948697e+00 -1.000000e+01  5.352438e+00
     vertex -2.962742e+00 -1.000000e+01  5.271336e+00
   endloop
 endfacet
 facet normal  0.000000e+00 -1.000000e+00  0.000000e+00
   outer loop
     vertex -2.974558e+00 -1.000000e+01  5.189878e+00
     vertex -2.818295e+00 -1.000000e+01  5.828209e+00
     vertex -2.913958e+00 -1.000000e+01  5.513335e+00
   endloop
 endfacet
 facet normal  0.000000e+00 -1.000000e+00  0.000000e+00
   outer loop
     vertex -2.974558e+00 -1.000000e+01  5.189878e+00
     vertex -2.526790e+00 -1.000000e+01  6.417198e+00
     vertex -2.818295e+00 -1.000000e+01  5.828209e+00
   endloop
 endfacet
 facet normal  0.000000e+00 -1.000000e+00  0.000000e+00
   outer loop
     vertex -2.876511e-01 -1.000000e+01  7.786178e+00
     vertex -3.694657e-01 -1.000000e+01  7.777162e+00
     vertex -4.510023e-01 -1.000000e+01  7.765906e+00
   endloop
 endfacet
 facet normal  0.000000e+00 -1.000000e+00  0.000000e+00
   outer loop
     vertex -2.991464e+00 -1.000000e+01  5.026145e+00
     vertex -2.974558e+00 -1.000000e+01  5.189878e+00
     vertex -2.984134e+00 -1.000000e+01  5.108127e+00
   endloop
 endfacet
 facet normal  0.000000e+00 -1.000000e+00  0.000000e+00
   outer loop
     vertex -1.234339e-01 -1.000000e+01  7.797460e+00
     vertex -2.056198e-01 -1.000000e+01  7.792945e+00
     vertex -2.876511e-01 -1.000000e+01  7.786178e+00
   endloop
 endfacet
 facet normal -0.000000e+00 -1.000000e+00  0.000000e+00
   outer loop
     vertex  4.115494e-02 -1.000000e+01  7.799718e+00
     vertex -4.115494e-02 -1.000000e+01  7.799718e+00
     vertex -1.234339e-01 -1.000000e+01  7.797460e+00
   endloop
 endfacet
 facet normal  0.000000e+00 -1.000000e+00  0.000000e+00
   outer loop
     vertex -2.988080e+00 -1.000000e+01  4.532839e+00
     vertex -2.999929e+00 -1.000000e+01  4.779422e+00
     vertex -2.998236e+00 -1.000000e+01  4.697130e+00
   endloop
 endfacet
 facet normal  0.000000e+00 -1.000000e+00  0.000000e+00
   outer loop
     vertex -2.988080e+00 -1.000000e+01  4.532839e+00
     vertex -2.998236e+00 -1.000000e+01  4.697130e+00
     vertex -2.994285e+00 -1.000000e+01  4.614915e+00
   endloop
 endfacet
 facet normal  0.000000e+00 -1.000000e+00  0.000000e+00
   outer loop
     vertex -2.979626e+00 -1.000000e+01  4.450964e+00
     vertex -2.999929e+00 -1.000000e+01  4.779422e+00
     vertex -2.988080e+00 -1.000000e+01  4.532839e+00
   endloop
 endfacet
 facet normal  0.000000e+00 -1.000000e+00  0.000000e+00
   outer loop
     vertex -2.979626e+00 -1.000000e+01  4.450964e+00
     vertex -2.999365e+00 -1.000000e+01  4.861730e+00
     vertex -2.999929e+00 -1.000000e+01  4.779422e+00
   endloop
 endfacet
 facet normal  0.000000e+00 -1.000000e+00  0.000000e+00
   outer loop
     vertex  4.510023e-01 -1.000000e+01  7.765906e+00
     vertex  3.694657e-01 -1.000000e+01  7.777162e+00
     vertex  2.876511e-01 -1.000000e+01  7.786178e+00
   endloop
 endfacet
 facet normal  0.000000e+00 -1.000000e+00  0.000000e+00
   outer loop
     vertex  4.510023e-01 -1.000000e+01  7.765906e+00
     vertex  2.876511e-01 -1.000000e+01  7.786178e+00
     vertex  2.056198e-01 -1.000000e+01  7.792945e+00
   endloop
 endfacet
 facet normal  0.000000e+00 -1.000000e+00  0.000000e+00
   outer loop
     vertex  4.510023e-01 -1.000000e+01  7.765906e+00
     vertex  2.056198e-01 -1.000000e+01  7.792945e+00
     vertex  1.234339e-01 -1.000000e+01  7.797460e+00
   endloop
 endfacet
 facet normal  0.000000e+00 -1.000000e+00  0.000000e+00
   outer loop
     vertex  4.510023e-01 -1.000000e+01  7.765906e+00
     vertex -6.933307e-01 -1.000000e+01  7.718783e+00
     vertex -1.458227e+00 -1.000000e+01  7.421750e+00
   endloop
 endfacet
 facet normal  0.000000e+00 -1.000000e+00  0.000000e+00
   outer loop
     vertex  4.510023e-01 -1.000000e+01  7.765906e+00
     vertex  1.234339e-01 -1.000000e+01  7.797460e+00
     vertex  4.115494e-02 -1.000000e+01  7.799718e+00
   endloop
 endfacet
 facet normal  0.000000e+00 -1.000000e+00  0.000000e+00
   outer loop
     vertex  4.510023e-01 -1.000000e+01  7.765906e+00
     vertex  4.115494e-02 -1.000000e+01  7.799718e+00
     vertex -1.234339e-01 -1.000000e+01  7.797460e+00
   endloop
 endfacet
 facet normal  0.000000e+00 -1.000000e+00  0.000000e+00
   outer loop
     vertex  4.510023e-01 -1.000000e+01  7.765906e+00
     vertex -1.234339e-01 -1.000000e+01  7.797460e+00
     vertex -2.876511e-01 -1.000000e+01  7.786178e+00
   endloop
 endfacet
 facet normal -0.000000e+00 -1.000000e+00  0.000000e+00
   outer loop
     vertex  4.510023e-01 -1.000000e+01  7.765906e+00
     vertex -2.876511e-01 -1.000000e+01  7.786178e+00
     vertex -4.510023e-01 -1.000000e+01  7.765906e+00
   endloop
 endfacet
 facet normal  0.000000e+00 -1.000000e+00  0.000000e+00
   outer loop
     vertex  4.510023e-01 -1.000000e+01  7.765906e+00
     vertex -1.803070e+00 -1.000000e+01  7.197694e+00
     vertex -1.994103e+00 -1.000000e+01  7.041329e+00
   endloop
 endfacet
 facet normal  0.000000e+00 -1.000000e+00  0.000000e+00
   outer loop
     vertex  4.510023e-01 -1.000000e+01  7.765906e+00
     vertex -1.668849e+00 -1.000000e+01  7.292979e+00
     vertex -1.803070e+00 -1.000000e+01  7.197694e+00
   endloop
 endfacet
 facet normal  0.000000e+00 -1.000000e+00  0.000000e+00
   outer loop
     vertex  4.510023e-01 -1.000000e+01  7.765906e+00
     vertex -1.458227e+00 -1.000000e+01  7.421750e+00
     vertex -1.668849e+00 -1.000000e+01  7.292979e+00
   endloop
 endfacet
 facet normal  0.000000e+00 -1.000000e+00  0.000000e+00
   outer loop
     vertex  4.510023e-01 -1.000000e+01  7.765906e+00
     vertex -4.510023e-01 -1.000000e+01  7.765906e+00
     vertex -6.933307e-01 -1.000000e+01  7.718783e+00
   endloop
 endfacet
 facet normal  0.000000e+00 -1.000000e+00  0.000000e+00
   outer loop
     vertex  6.129958e-01 -1.000000e+01  7.736705e+00
     vertex  5.321993e-01 -1.000000e+01  7.752417e+00
     vertex  4.510023e-01 -1.000000e+01  7.765906e+00
   endloop
 endfacet
 facet normal  0.000000e+00 -1.000000e+00  0.000000e+00
   outer loop
     vertex -2.903898e+00 -1.000000e+01  4.046757e+00
     vertex -2.999365e+00 -1.000000e+01  4.861730e+00
     vertex -2.979626e+00 -1.000000e+01  4.450964e+00
   endloop
 endfacet
 facet normal  0.000000e+00 -1.000000e+00  0.000000e+00
   outer loop
     vertex -2.903898e+00 -1.000000e+01  4.046757e+00
     vertex -2.991464e+00 -1.000000e+01  5.026145e+00
     vertex -2.996542e+00 -1.000000e+01  4.943991e+00
   endloop
 endfacet
 facet normal  0.000000e+00 -1.000000e+00  0.000000e+00
   outer loop
     vertex -2.903898e+00 -1.000000e+01  4.046757e+00
     vertex -2.996542e+00 -1.000000e+01  4.943991e+00
     vertex -2.999365e+00 -1.000000e+01  4.861730e+00
   endloop
 endfacet
 facet normal  0.000000e+00 -1.000000e+00  0.000000e+00
   outer loop
     vertex -2.903898e+00 -1.000000e+01  4.046757e+00
     vertex -2.979626e+00 -1.000000e+01  4.450964e+00
     vertex -2.968930e+00 -1.000000e+01  4.369352e+00
   endloop
 endfacet
 facet normal  0.000000e+00 -1.000000e+00  0.000000e+00
   outer loop
     vertex -2.903898e+00 -1.000000e+01  4.046757e+00
     vertex -2.968930e+00 -1.000000e+01  4.369352e+00
     vertex -2.955998e+00 -1.000000e+01  4.288065e+00
   endloop
 endfacet
 facet normal  0.000000e+00 -1.000000e+00  0.000000e+00
   outer loop
     vertex -2.903898e+00 -1.000000e+01  4.046757e+00
     vertex -2.955998e+00 -1.000000e+01  4.288065e+00
     vertex -2.940841e+00 -1.000000e+01  4.207162e+00
   endloop
 endfacet
 facet normal  0.000000e+00 -1.000000e+00  0.000000e+00
   outer loop
     vertex -2.903898e+00 -1.000000e+01  4.046757e+00
     vertex -2.940841e+00 -1.000000e+01  4.207162e+00
     vertex -2.923470e+00 -1.000000e+01  4.126706e+00
   endloop
 endfacet
 facet normal  0.000000e+00 -1.000000e+00  0.000000e+00
   outer loop
     vertex  7.731438e-01 -1.000000e+01  7.698663e+00
     vertex  6.933307e-01 -1.000000e+01  7.718783e+00
     vertex  6.129958e-01 -1.000000e+01  7.736705e+00
   endloop
 endfacet
 facet normal  0.000000e+00 -1.000000e+00  0.000000e+00
   outer loop
     vertex  8.523749e-01 -1.000000e+01  7.676362e+00
     vertex  6.129958e-01 -1.000000e+01  7.736705e+00
     vertex  4.510023e-01 -1.000000e+01  7.765906e+00
   endloop
 endfacet
 facet normal  0.000000e+00 -1.000000e+00  0.000000e+00
   outer loop
     vertex  8.523749e-01 -1.000000e+01  7.676362e+00
     vertex  7.731438e-01 -1.000000e+01  7.698663e+00
     vertex  6.129958e-01 -1.000000e+01  7.736705e+00
   endloop
 endfacet
 facet normal  0.000000e+00 -1.000000e+00  0.000000e+00
   outer loop
     vertex -2.858214e+00 -1.000000e+01  3.888620e+00
     vertex -2.903898e+00 -1.000000e+01  4.046757e+00
     vertex -2.882141e+00 -1.000000e+01  3.967375e+00
   endloop
 endfacet
 facet normal  0.000000e+00 -1.000000e+00  0.000000e+00
   outer loop
     vertex -2.832135e+00 -1.000000e+01  3.810550e+00
     vertex -2.903898e+00 -1.000000e+01  4.046757e+00
     vertex -2.858214e+00 -1.000000e+01  3.888620e+00
   endloop
 endfacet
 facet normal  0.000000e+00 -1.000000e+00  0.000000e+00
   outer loop
     vertex -2.773603e+00 -1.000000e+01  3.656704e+00
     vertex -2.832135e+00 -1.000000e+01  3.810550e+00
     vertex -2.803925e+00 -1.000000e+01  3.733226e+00
   endloop
 endfacet
 facet normal  0.000000e+00 -1.000000e+00  0.000000e+00
   outer loop
     vertex -2.741194e+00 -1.000000e+01  3.581043e+00
     vertex -2.832135e+00 -1.000000e+01  3.810550e+00
     vertex -2.773603e+00 -1.000000e+01  3.656704e+00
   endloop
 endfacet
 facet normal  0.000000e+00 -1.000000e+00  0.000000e+00
   outer loop
     vertex -2.741194e+00 -1.000000e+01  3.581043e+00
     vertex -2.903898e+00 -1.000000e+01  4.046757e+00
     vertex -2.832135e+00 -1.000000e+01  3.810550e+00
   endloop
 endfacet
 facet normal  0.000000e+00 -1.000000e+00  0.000000e+00
   outer loop
     vertex  1.312236e+00 -1.000000e+01  7.497784e+00
     vertex  1.237731e+00 -1.000000e+01  7.532768e+00
     vertex  1.162294e+00 -1.000000e+01  7.565696e+00
   endloop
 endfacet
 facet normal  0.000000e+00 -1.000000e+00  0.000000e+00
   outer loop
     vertex -2.670211e+00 -1.000000e+01  3.432531e+00
     vertex -2.903898e+00 -1.000000e+01  4.046757e+00
     vertex -2.741194e+00 -1.000000e+01  3.581043e+00
   endloop
 endfacet
 facet normal  0.000000e+00 -1.000000e+00  0.000000e+00
   outer loop
     vertex -2.670211e+00 -1.000000e+01  3.432531e+00
     vertex -2.741194e+00 -1.000000e+01  3.581043e+00
     vertex -2.706721e+00 -1.000000e+01  3.506300e+00
   endloop
 endfacet
 facet normal  0.000000e+00 -1.000000e+00  0.000000e+00
   outer loop
     vertex  1.385753e+00 -1.000000e+01  7.460769e+00
     vertex  1.162294e+00 -1.000000e+01  7.565696e+00
     vertex  1.085982e+00 -1.000000e+01  7.596541e+00
   endloop
 endfacet
 facet normal  0.000000e+00 -1.000000e+00  0.000000e+00
   outer loop
     vertex  1.385753e+00 -1.000000e+01  7.460769e+00
     vertex  1.085982e+00 -1.000000e+01  7.596541e+00
     vertex  1.008853e+00 -1.000000e+01  7.625282e+00
   endloop
 endfacet
 facet normal  0.000000e+00 -1.000000e+00  0.000000e+00
   outer loop
     vertex  1.385753e+00 -1.000000e+01  7.460769e+00
     vertex  1.312236e+00 -1.000000e+01  7.497784e+00
     vertex  1.162294e+00 -1.000000e+01  7.565696e+00
   endloop
 endfacet
 facet normal  0.000000e+00 -1.000000e+00  0.000000e+00
   outer loop
     vertex  1.458227e+00 -1.000000e+01  7.421750e+00
     vertex  1.385753e+00 -1.000000e+01  7.460769e+00
     vertex  1.008853e+00 -1.000000e+01  7.625282e+00
   endloop
 endfacet
 facet normal  0.000000e+00 -1.000000e+00  0.000000e+00
   outer loop
     vertex -2.591190e+00 -1.000000e+01  3.288135e+00
     vertex -2.670211e+00 -1.000000e+01  3.432531e+00
     vertex -2.631691e+00 -1.000000e+01  3.359791e+00
   endloop
 endfacet
 facet normal  0.000000e+00 -1.000000e+00  0.000000e+00
   outer loop
     vertex  1.529603e+00 -1.000000e+01  7.380758e+00
     vertex  1.008853e+00 -1.000000e+01  7.625282e+00
     vertex  9.309643e-01 -1.000000e+01  7.651895e+00
   endloop
 endfacet
 facet normal  0.000000e+00 -1.000000e+00  0.000000e+00
   outer loop
     vertex  1.529603e+00 -1.000000e+01  7.380758e+00
     vertex  1.458227e+00 -1.000000e+01  7.421750e+00
     vertex  1.008853e+00 -1.000000e+01  7.625282e+00
   endloop
 endfacet
 facet normal  0.000000e+00 -1.000000e+00  0.000000e+00
   outer loop
     vertex -2.548738e+00 -1.000000e+01  3.217617e+00
     vertex -2.670211e+00 -1.000000e+01  3.432531e+00
     vertex -2.591190e+00 -1.000000e+01  3.288135e+00
   endloop
 endfacet
 facet normal  0.000000e+00 -1.000000e+00  0.000000e+00
   outer loop
     vertex -2.504367e+00 -1.000000e+01  3.148291e+00
     vertex -2.670211e+00 -1.000000e+01  3.432531e+00
     vertex -2.548738e+00 -1.000000e+01  3.217617e+00
   endloop
 endfacet
 facet normal  0.000000e+00 -1.000000e+00  0.000000e+00
   outer loop
     vertex  1.736613e+00 -1.000000e+01  7.246257e+00
     vertex  9.309643e-01 -1.000000e+01  7.651895e+00
     vertex  8.523749e-01 -1.000000e+01  7.676362e+00
   endloop
 endfacet
 facet normal  0.000000e+00 -1.000000e+00  0.000000e+00
   outer loop
     vertex  1.736613e+00 -1.000000e+01  7.246257e+00
     vertex  8.523749e-01 -1.000000e+01  7.676362e+00
     vertex  4.510023e-01 -1.000000e+01  7.765906e+00
   endloop
 endfacet
 facet normal  0.000000e+00 -1.000000e+00  0.000000e+00
   outer loop
     vertex  1.736613e+00 -1.000000e+01  7.246257e+00
     vertex  1.529603e+00 -1.000000e+01  7.380758e+00
     vertex  9.309643e-01 -1.000000e+01  7.651895e+00
   endloop
 endfacet
 facet normal  0.000000e+00 -1.000000e+00  0.000000e+00
   outer loop
     vertex  1.736613e+00 -1.000000e+01  7.246257e+00
     vertex  1.668849e+00 -1.000000e+01  7.292979e+00
     vertex  1.599828e+00 -1.000000e+01  7.337824e+00
   endloop
 endfacet
 facet normal  0.000000e+00 -1.000000e+00  0.000000e+00
   outer loop
     vertex  1.736613e+00 -1.000000e+01  7.246257e+00
     vertex  1.599828e+00 -1.000000e+01  7.337824e+00
     vertex  1.529603e+00 -1.000000e+01  7.380758e+00
   endloop
 endfacet
 facet normal  0.000000e+00 -1.000000e+00  0.000000e+00
   outer loop
     vertex -2.360085e+00 -1.000000e+01  2.947975e+00
     vertex -2.504367e+00 -1.000000e+01  3.148291e+00
     vertex -2.458112e+00 -1.000000e+01  3.080207e+00
   endloop
 endfacet
 facet normal  0.000000e+00 -1.000000e+00  0.000000e+00
   outer loop
     vertex -2.360085e+00 -1.000000e+01  2.947975e+00
     vertex -2.458112e+00 -1.000000e+01  3.080207e+00
     vertex -2.410006e+00 -1.000000e+01  3.013419e+00
   endloop
 endfacet
 facet normal  0.000000e+00 -1.000000e+00  0.000000e+00
   outer loop
     vertex -2.360085e+00 -1.000000e+01  2.947975e+00
     vertex -2.670211e+00 -1.000000e+01  3.432531e+00
     vertex -2.504367e+00 -1.000000e+01  3.148291e+00
   endloop
 endfacet
 facet normal  0.000000e+00 -1.000000e+00  0.000000e+00
   outer loop
     vertex  1.868170e+00 -1.000000e+01  7.147326e+00
     vertex  1.803070e+00 -1.000000e+01  7.197694e+00
     vertex  1.736613e+00 -1.000000e+01  7.246257e+00
   endloop
 endfacet
 facet normal  0.000000e+00 -1.000000e+00  0.000000e+00
   outer loop
     vertex -2.308389e+00 -1.000000e+01  2.883925e+00
     vertex -2.670211e+00 -1.000000e+01  3.432531e+00
     vertex -2.360085e+00 -1.000000e+01  2.947975e+00
   endloop
 endfacet
 facet normal  0.000000e+00 -1.000000e+00  0.000000e+00
   outer loop
     vertex  1.994103e+00 -1.000000e+01  7.041329e+00
     vertex  1.931864e+00 -1.000000e+01  7.095191e+00
     vertex  1.868170e+00 -1.000000e+01  7.147326e+00
   endloop
 endfacet
 facet normal  0.000000e+00 -1.000000e+00  0.000000e+00
   outer loop
     vertex -2.199822e+00 -1.000000e+01  2.760200e+00
     vertex -2.670211e+00 -1.000000e+01  3.432531e+00
     vertex -2.308389e+00 -1.000000e+01  2.883925e+00
   endloop
 endfacet
 facet normal  0.000000e+00 -1.000000e+00  0.000000e+00
   outer loop
     vertex -2.199822e+00 -1.000000e+01  2.760200e+00
     vertex -2.308389e+00 -1.000000e+01  2.883925e+00
     vertex -2.254954e+00 -1.000000e+01  2.821318e+00
   endloop
 endfacet
 facet normal  0.000000e+00 -1.000000e+00  0.000000e+00
   outer loop
     vertex  2.114032e+00 -1.000000e+01  6.928583e+00
     vertex  1.994103e+00 -1.000000e+01  7.041329e+00
     vertex  1.868170e+00 -1.000000e+01  7.147326e+00
   endloop
 endfacet
 facet normal  0.000000e+00 -1.000000e+00  0.000000e+00
   outer loop
     vertex  2.114032e+00 -1.000000e+01  6.928583e+00
     vertex  2.054841e+00 -1.000000e+01  6.985779e+00
     vertex  1.994103e+00 -1.000000e+01  7.041329e+00
   endloop
 endfacet
 facet normal  0.000000e+00 -1.000000e+00  0.000000e+00
   outer loop
     vertex -2.024663e+00 -1.000000e+01  2.586238e+00
     vertex -2.143034e+00 -1.000000e+01  2.700618e+00
     vertex -2.084633e+00 -1.000000e+01  2.642616e+00
   endloop
 endfacet
 facet normal  0.000000e+00 -1.000000e+00  0.000000e+00
   outer loop
     vertex -1.963168e+00 -1.000000e+01  2.531527e+00
     vertex -2.143034e+00 -1.000000e+01  2.700618e+00
     vertex -2.024663e+00 -1.000000e+01  2.586238e+00
   endloop
 endfacet
 facet normal  0.000000e+00 -1.000000e+00  0.000000e+00
   outer loop
     vertex  2.281886e+00 -1.000000e+01  6.747562e+00
     vertex  2.227598e+00 -1.000000e+01  6.809430e+00
     vertex  2.171632e+00 -1.000000e+01  6.869786e+00
   endloop
 endfacet
 facet normal  0.000000e+00 -1.000000e+00  0.000000e+00
   outer loop
     vertex  2.281886e+00 -1.000000e+01  6.747562e+00
     vertex  2.171632e+00 -1.000000e+01  6.869786e+00
     vertex  2.114032e+00 -1.000000e+01  6.928583e+00
   endloop
 endfacet
 facet normal  0.000000e+00 -1.000000e+00  0.000000e+00
   outer loop
     vertex -1.900196e+00 -1.000000e+01  2.478523e+00
     vertex -2.143034e+00 -1.000000e+01  2.700618e+00
     vertex -1.963168e+00 -1.000000e+01  2.531527e+00
   endloop
 endfacet
 facet normal  0.000000e+00 -1.000000e+00  0.000000e+00
   outer loop
     vertex -1.900196e+00 -1.000000e+01  2.478523e+00
     vertex -2.199822e+00 -1.000000e+01  2.760200e+00
     vertex -2.143034e+00 -1.000000e+01  2.700618e+00
   endloop
 endfacet
 facet normal  0.000000e+00 -1.000000e+00  0.000000e+00
   outer loop
     vertex  2.385270e+00 -1.000000e+01  6.619474e+00
     vertex  2.334457e+00 -1.000000e+01  6.684227e+00
     vertex  2.281886e+00 -1.000000e+01  6.747562e+00
   endloop
 endfacet
 facet normal  0.000000e+00 -1.000000e+00  0.000000e+00
   outer loop
     vertex -1.702891e+00 -1.000000e+01  2.330150e+00
     vertex -1.835793e+00 -1.000000e+01  2.427267e+00
     vertex -1.770008e+00 -1.000000e+01  2.377796e+00
   endloop
 endfacet
 facet normal  0.000000e+00 -1.000000e+00  0.000000e+00
   outer loop
     vertex  2.481473e+00 -1.000000e+01  6.485910e+00
     vertex  2.385270e+00 -1.000000e+01  6.619474e+00
     vertex  2.281886e+00 -1.000000e+01  6.747562e+00
   endloop
 endfacet
 facet normal  0.000000e+00 -1.000000e+00  0.000000e+00
   outer loop
     vertex  2.481473e+00 -1.000000e+01  6.485910e+00
     vertex  2.434288e+00 -1.000000e+01  6.553352e+00
     vertex  2.385270e+00 -1.000000e+01  6.619474e+00
   endloop
 endfacet
 facet normal  0.000000e+00 -1.000000e+00  0.000000e+00
   outer loop
     vertex  2.526790e+00 -1.000000e+01  6.417198e+00
     vertex  2.481473e+00 -1.000000e+01  6.485910e+00
     vertex  2.281886e+00 -1.000000e+01  6.747562e+00
   endloop
 endfacet
 facet normal  0.000000e+00 -1.000000e+00  0.000000e+00
   outer loop
     vertex -1.564863e+00 -1.000000e+01  2.240468e+00
     vertex -1.900196e+00 -1.000000e+01  2.478523e+00
     vertex -1.835793e+00 -1.000000e+01  2.427267e+00
   endloop
 endfacet
 facet normal  0.000000e+00 -1.000000e+00  0.000000e+00
   outer loop
     vertex -1.564863e+00 -1.000000e+01  2.240468e+00
     vertex -1.702891e+00 -1.000000e+01  2.330150e+00
     vertex -1.634492e+00 -1.000000e+01  2.284362e+00
   endloop
 endfacet
 facet normal  0.000000e+00 -1.000000e+00  0.000000e+00
   outer loop
     vertex -1.564863e+00 -1.000000e+01  2.240468e+00
     vertex -1.835793e+00 -1.000000e+01  2.427267e+00
     vertex -1.702891e+00 -1.000000e+01  2.330150e+00
   endloop
 endfacet
 facet normal  0.000000e+00 -1.000000e+00  0.000000e+00
   outer loop
     vertex -1.422124e+00 -1.000000e+01  2.158492e+00
     vertex -1.564863e+00 -1.000000e+01  2.240468e+00
     vertex -1.494056e+00 -1.000000e+01  2.198501e+00
   endloop
 endfacet
 facet normal  0.000000e+00 -1.000000e+00  0.000000e+00
   outer loop
     vertex -1.422124e+00 -1.000000e+01  2.158492e+00
     vertex -2.670211e+00 -1.000000e+01  3.432531e+00
     vertex -2.199822e+00 -1.000000e+01  2.760200e+00
   endloop
 endfacet
 facet normal  0.000000e+00 -1.000000e+00  0.000000e+00
   outer loop
     vertex -1.422124e+00 -1.000000e+01  2.158492e+00
     vertex -1.900196e+00 -1.000000e+01  2.478523e+00
     vertex -1.564863e+00 -1.000000e+01  2.240468e+00
   endloop
 endfacet
 facet normal  0.000000e+00 -1.000000e+00  0.000000e+00
   outer loop
     vertex -1.422124e+00 -1.000000e+01  2.158492e+00
     vertex -2.991464e+00 -1.000000e+01  5.026145e+00
     vertex -2.903898e+00 -1.000000e+01  4.046757e+00
   endloop
 endfacet
 facet normal  0.000000e+00 -1.000000e+00  0.000000e+00
   outer loop
     vertex -1.422124e+00 -1.000000e+01  2.158492e+00
     vertex -2.199822e+00 -1.000000e+01  2.760200e+00
     vertex -1.900196e+00 -1.000000e+01  2.478523e+00
   endloop
 endfacet
 facet normal  0.000000e+00 -1.000000e+00  0.000000e+00
   outer loop
     vertex -1.422124e+00 -1.000000e+01  2.158492e+00
     vertex -2.974558e+00 -1.000000e+01  5.189878e+00
     vertex -2.991464e+00 -1.000000e+01  5.026145e+00
   endloop
 endfacet
 facet normal  0.000000e+00 -1.000000e+00  0.000000e+00
   outer loop
     vertex -1.422124e+00 -1.000000e+01  2.158492e+00
     vertex -2.903898e+00 -1.000000e+01  4.046757e+00
     vertex -2.670211e+00 -1.000000e+01  3.432531e+00
   endloop
 endfacet
 facet normal  0.000000e+00 -1.000000e+00  0.000000e+00
   outer loop
     vertex  2.651201e+00 -1.000000e+01  6.203971e+00
     vertex  2.611686e+00 -1.000000e+01  6.276176e+00
     vertex  2.570206e+00 -1.000000e+01  6.347270e+00
   endloop
 endfacet
 facet normal  0.000000e+00 -1.000000e+00  0.000000e+00
   outer loop
     vertex  2.688719e+00 -1.000000e+01  6.130710e+00
     vertex  2.651201e+00 -1.000000e+01  6.203971e+00
     vertex  2.570206e+00 -1.000000e+01  6.347270e+00
   endloop
 endfacet
 facet normal  0.000000e+00 -1.000000e+00  0.000000e+00
   outer loop
     vertex -1.275103e+00 -1.000000e+01  2.084468e+00
     vertex -1.422124e+00 -1.000000e+01  2.158492e+00
     vertex -1.349121e+00 -1.000000e+01  2.120472e+00
   endloop
 endfacet
 facet normal  0.000000e+00 -1.000000e+00  0.000000e+00
   outer loop
     vertex  2.724214e+00 -1.000000e+01  6.056446e+00
     vertex  2.688719e+00 -1.000000e+01  6.130710e+00
     vertex  2.570206e+00 -1.000000e+01  6.347270e+00
   endloop
 endfacet
 facet normal  0.000000e+00 -1.000000e+00  0.000000e+00
   outer loop
     vertex -1.200125e+00 -1.000000e+01  2.050509e+00
     vertex -1.422124e+00 -1.000000e+01  2.158492e+00
     vertex -1.275103e+00 -1.000000e+01  2.084468e+00
   endloop
 endfacet
 facet normal  0.000000e+00 -1.000000e+00  0.000000e+00
   outer loop
     vertex  2.818295e+00 -1.000000e+01  5.828209e+00
     vertex  2.724214e+00 -1.000000e+01  6.056446e+00
     vertex  2.570206e+00 -1.000000e+01  6.347270e+00
   endloop
 endfacet
 facet normal  0.000000e+00 -1.000000e+00  0.000000e+00
   outer loop
     vertex  2.818295e+00 -1.000000e+01  5.828209e+00
     vertex  2.789026e+00 -1.000000e+01  5.905139e+00
     vertex  2.757658e+00 -1.000000e+01  5.981237e+00
   endloop
 endfacet
 facet normal  0.000000e+00 -1.000000e+00  0.000000e+00
   outer loop
     vertex  2.818295e+00 -1.000000e+01  5.828209e+00
     vertex  2.757658e+00 -1.000000e+01  5.981237e+00
     vertex  2.724214e+00 -1.000000e+01  6.056446e+00
   endloop
 endfacet
 facet normal  0.000000e+00 -1.000000e+00  0.000000e+00
   outer loop
     vertex -9.699999e-01 -1.000000e+01  1.961145e+00
     vertex -1.124244e+00 -1.000000e+01  2.018620e+00
     vertex -1.047516e+00 -1.000000e+01  1.988824e+00
   endloop
 endfacet
 facet normal  0.000000e+00 -1.000000e+00  0.000000e+00
   outer loop
     vertex  2.845442e+00 -1.000000e+01  5.750504e+00
     vertex  2.818295e+00 -1.000000e+01  5.828209e+00
     vertex  2.570206e+00 -1.000000e+01  6.347270e+00
   endloop
 endfacet
 facet normal  0.000000e+00 -1.000000e+00  0.000000e+00
   outer loop
     vertex  2.845442e+00 -1.000000e+01  5.750504e+00
     vertex  2.570206e+00 -1.000000e+01  6.347270e+00
     vertex  2.526790e+00 -1.000000e+01  6.417198e+00
   endloop
 endfacet
 facet normal  0.000000e+00 -1.000000e+00  0.000000e+00
   outer loop
     vertex -8.128358e-01 -1.000000e+01  1.912216e+00
     vertex -9.699999e-01 -1.000000e+01  1.961145e+00
     vertex -8.917535e-01 -1.000000e+01  1.935602e+00
   endloop
 endfacet
 facet normal  0.000000e+00 -1.000000e+00  0.000000e+00
   outer loop
     vertex -8.128358e-01 -1.000000e+01  1.912216e+00
     vertex -1.124244e+00 -1.000000e+01  2.018620e+00
     vertex -9.699999e-01 -1.000000e+01  1.961145e+00
   endloop
 endfacet
 facet normal  0.000000e+00 -1.000000e+00  0.000000e+00
   outer loop
     vertex  2.893292e+00 -1.000000e+01  5.593008e+00
     vertex  2.845442e+00 -1.000000e+01  5.750504e+00
     vertex  2.526790e+00 -1.000000e+01  6.417198e+00
   endloop
 endfacet
 facet normal  0.000000e+00 -1.000000e+00  0.000000e+00
   outer loop
     vertex  2.893292e+00 -1.000000e+01  5.593008e+00
     vertex  2.870447e+00 -1.000000e+01  5.672085e+00
     vertex  2.845442e+00 -1.000000e+01  5.750504e+00
   endloop
 endfacet
 facet normal  0.000000e+00 -1.000000e+00  0.000000e+00
   outer loop
     vertex -7.333063e-01 -1.000000e+01  1.891003e+00
     vertex -1.422124e+00 -1.000000e+01  2.158492e+00
     vertex -1.200125e+00 -1.000000e+01  2.050509e+00
   endloop
 endfacet
 facet normal  0.000000e+00 -1.000000e+00  0.000000e+00
   outer loop
     vertex -7.333063e-01 -1.000000e+01  1.891003e+00
     vertex -1.200125e+00 -1.000000e+01  2.050509e+00
     vertex -1.124244e+00 -1.000000e+01  2.018620e+00
   endloop
 endfacet
 facet normal  0.000000e+00 -1.000000e+00  0.000000e+00
   outer loop
     vertex -7.333063e-01 -1.000000e+01  1.891003e+00
     vertex -1.124244e+00 -1.000000e+01  2.018620e+00
     vertex -8.128358e-01 -1.000000e+01  1.912216e+00
   endloop
 endfacet
 facet normal  0.000000e+00 -1.000000e+00  0.000000e+00
   outer loop
     vertex  2.932431e+00 -1.000000e+01  5.433125e+00
     vertex  2.893292e+00 -1.000000e+01  5.593008e+00
     vertex  2.526790e+00 -1.000000e+01  6.417198e+00
   endloop
 endfacet
 facet normal  0.000000e+00 -1.000000e+00  0.000000e+00
   outer loop
     vertex  2.932431e+00 -1.000000e+01  5.433125e+00
     vertex  2.281886e+00 -1.000000e+01  6.747562e+00
     vertex  2.114032e+00 -1.000000e+01  6.928583e+00
   endloop
 endfacet
 facet normal  0.000000e+00 -1.000000e+00  0.000000e+00
   outer loop
     vertex  2.932431e+00 -1.000000e+01  5.433125e+00
     vertex  2.114032e+00 -1.000000e+01  6.928583e+00
     vertex  1.868170e+00 -1.000000e+01  7.147326e+00
   endloop
 endfacet
 facet normal  0.000000e+00 -1.000000e+00  0.000000e+00
   outer loop
     vertex  2.932431e+00 -1.000000e+01  5.433125e+00
     vertex  2.913958e+00 -1.000000e+01  5.513335e+00
     vertex  2.893292e+00 -1.000000e+01  5.593008e+00
   endloop
 endfacet
 facet normal  0.000000e+00 -1.000000e+00  0.000000e+00
   outer loop
     vertex  2.932431e+00 -1.000000e+01  5.433125e+00
     vertex  2.526790e+00 -1.000000e+01  6.417198e+00
     vertex  2.281886e+00 -1.000000e+01  6.747562e+00
   endloop
 endfacet
 facet normal  0.000000e+00 -1.000000e+00  0.000000e+00
   outer loop
     vertex -5.726514e-01 -1.000000e+01  1.855162e+00
     vertex -7.333063e-01 -1.000000e+01  1.891003e+00
     vertex -6.532247e-01 -1.000000e+01  1.871981e+00
   endloop
 endfacet
 facet normal  0.000000e+00 -1.000000e+00  0.000000e+00
   outer loop
     vertex  2.962742e+00 -1.000000e+01  5.271336e+00
     vertex  2.948697e+00 -1.000000e+01  5.352438e+00
     vertex  2.932431e+00 -1.000000e+01  5.433125e+00
   endloop
 endfacet
 facet normal  0.000000e+00 -1.000000e+00  0.000000e+00
   outer loop
     vertex -3.285893e-01 -1.000000e+01  1.818049e+00
     vertex -5.726514e-01 -1.000000e+01  1.855162e+00
     vertex -4.916471e-01 -1.000000e+01  1.840560e+00
   endloop
 endfacet
 facet normal  0.000000e+00 -1.000000e+00  0.000000e+00
   outer loop
     vertex -3.285893e-01 -1.000000e+01  1.818049e+00
     vertex -4.916471e-01 -1.000000e+01  1.840560e+00
     vertex -4.102726e-01 -1.000000e+01  1.828186e+00
   endloop
 endfacet
 facet normal  0.000000e+00 -1.000000e+00  0.000000e+00
   outer loop
     vertex -3.285893e-01 -1.000000e+01  1.818049e+00
     vertex -1.422124e+00 -1.000000e+01  2.158492e+00
     vertex -7.333063e-01 -1.000000e+01  1.891003e+00
   endloop
 endfacet
 facet normal  0.000000e+00 -1.000000e+00  0.000000e+00
   outer loop
     vertex -3.285893e-01 -1.000000e+01  1.818049e+00
     vertex -7.333063e-01 -1.000000e+01  1.891003e+00
     vertex -5.726514e-01 -1.000000e+01  1.855162e+00
   endloop
 endfacet
 facet normal  0.000000e+00 -1.000000e+00  0.000000e+00
   outer loop
     vertex  2.984134e+00 -1.000000e+01  5.108127e+00
     vertex  2.974558e+00 -1.000000e+01  5.189878e+00
     vertex  2.962742e+00 -1.000000e+01  5.271336e+00
   endloop
 endfacet
 facet normal  0.000000e+00 -1.000000e+00  0.000000e+00
   outer loop
     vertex -2.466587e-01 -1.000000e+01  1.810157e+00
     vertex -1.994103e+00 -1.000000e+01  7.041329e+00
     vertex -2.974558e+00 -1.000000e+01  5.189878e+00
   endloop
 endfacet
 facet normal  0.000000e+00 -1.000000e+00  0.000000e+00
   outer loop
     vertex -2.466587e-01 -1.000000e+01  1.810157e+00
     vertex  4.510023e-01 -1.000000e+01  7.765906e+00
     vertex -1.994103e+00 -1.000000e+01  7.041329e+00
   endloop
 endfacet
 facet normal  0.000000e+00 -1.000000e+00  0.000000e+00
   outer loop
     vertex -2.466587e-01 -1.000000e+01  1.810157e+00
     vertex  1.736613e+00 -1.000000e+01  7.246257e+00
     vertex  4.510023e-01 -1.000000e+01  7.765906e+00
   endloop
 endfacet
 facet normal  0.000000e+00 -1.000000e+00  0.000000e+00
   outer loop
     vertex -2.466587e-01 -1.000000e+01  1.810157e+00
     vertex  1.868170e+00 -1.000000e+01  7.147326e+00
     vertex  1.736613e+00 -1.000000e+01  7.246257e+00
   endloop
 endfacet
 facet normal  0.000000e+00 -1.000000e+00  0.000000e+00
   outer loop
     vertex -2.466587e-01 -1.000000e+01  1.810157e+00
     vertex -2.974558e+00 -1.000000e+01  5.189878e+00
     vertex -1.422124e+00 -1.000000e+01  2.158492e+00
   endloop
 endfacet
 facet normal  0.000000e+00 -1.000000e+00  0.000000e+00
   outer loop
     vertex -2.466587e-01 -1.000000e+01  1.810157e+00
     vertex -1.422124e+00 -1.000000e+01  2.158492e+00
     vertex -3.285893e-01 -1.000000e+01  1.818049e+00
   endloop
 endfacet
 facet normal  0.000000e+00 -1.000000e+00  0.000000e+00
   outer loop
     vertex  2.991464e+00 -1.000000e+01  5.026145e+00
     vertex  2.962742e+00 -1.000000e+01  5.271336e+00
     vertex  2.932431e+00 -1.000000e+01  5.433125e+00
   endloop
 endfacet
 facet normal  0.000000e+00 -1.000000e+00  0.000000e+00
   outer loop
     vertex  2.991464e+00 -1.000000e+01  5.026145e+00
     vertex  2.984134e+00 -1.000000e+01  5.108127e+00
     vertex  2.962742e+00 -1.000000e+01  5.271336e+00
   endloop
 endfacet
 facet normal  0.000000e+00 -1.000000e+00  0.000000e+00
   outer loop
     vertex -7.347881e-16 -1.000000e+01  1.800000e+00
     vertex -1.645423e-01 -1.000000e+01  1.804516e+00
     vertex -8.230214e-02 -1.000000e+01  1.801129e+00
   endloop
 endfacet
 facet normal  0.000000e+00 -1.000000e+00  0.000000e+00
   outer loop
     vertex  2.999929e+00 -1.000000e+01  4.779422e+00
     vertex  2.999365e+00 -1.000000e+01  4.861730e+00
     vertex  2.996542e+00 -1.000000e+01  4.943991e+00
   endloop
 endfacet
 facet normal  0.000000e+00 -1.000000e+00  0.000000e+00
   outer loop
     vertex  2.994285e+00 -1.000000e+01  4.614915e+00
     vertex  2.998236e+00 -1.000000e+01  4.697130e+00
     vertex  2.999929e+00 -1.000000e+01  4.779422e+00
   endloop
 endfacet
 facet normal  0.000000e+00 -1.000000e+00  0.000000e+00
   outer loop
     vertex  2.466587e-01 -1.000000e+01  1.810157e+00
     vertex -7.347881e-16 -1.000000e+01  1.800000e+00
     vertex  8.230214e-02 -1.000000e+01  1.801129e+00
   endloop
 endfacet
 facet normal  0.000000e+00 -1.000000e+00  0.000000e+00
   outer loop
     vertex  2.466587e-01 -1.000000e+01  1.810157e+00
     vertex  8.230214e-02 -1.000000e+01  1.801129e+00
     vertex  1.645423e-01 -1.000000e+01  1.804516e+00
   endloop
 endfacet
 facet normal  0.000000e+00 -1.000000e+00  0.000000e+00
   outer loop
     vertex  2.466587e-01 -1.000000e+01  1.810157e+00
     vertex -2.466587e-01 -1.000000e+01  1.810157e+00
     vertex -1.645423e-01 -1.000000e+01  1.804516e+00
   endloop
 endfacet
 facet normal  0.000000e+00 -1.000000e+00  0.000000e+00
   outer loop
     vertex  2.466587e-01 -1.000000e+01  1.810157e+00
     vertex -1.645423e-01 -1.000000e+01  1.804516e+00
     vertex -7.347881e-16 -1.000000e+01  1.800000e+00
   endloop
 endfacet
 facet normal  0.000000e+00 -1.000000e+00  0.000000e+00
   outer loop
     vertex  3.285893e-01 -1.000000e+01  1.818049e+00
     vertex -2.466587e-01 -1.000000e+01  1.810157e+00
     vertex  2.466587e-01 -1.000000e+01  1.810157e+00
   endloop
 endfacet
 facet normal  0.000000e+00 -1.000000e+00  0.000000e+00
   outer loop
     vertex  2.979626e+00 -1.000000e+01  4.450964e+00
     vertex  2.988080e+00 -1.000000e+01  4.532839e+00
     vertex  2.994285e+00 -1.000000e+01  4.614915e+00
   endloop
 endfacet
 facet normal  0.000000e+00 -1.000000e+00  0.000000e+00
   outer loop
     vertex  2.979626e+00 -1.000000e+01  4.450964e+00
     vertex  2.996542e+00 -1.000000e+01  4.943991e+00
     vertex  2.991464e+00 -1.000000e+01  5.026145e+00
   endloop
 endfacet
 facet normal  0.000000e+00 -1.000000e+00  0.000000e+00
   outer loop
     vertex  2.979626e+00 -1.000000e+01  4.450964e+00
     vertex  2.999929e+00 -1.000000e+01  4.779422e+00
     vertex  2.996542e+00 -1.000000e+01  4.943991e+00
   endloop
 endfacet
 facet normal  0.000000e+00 -1.000000e+00  0.000000e+00
   outer loop
     vertex  2.979626e+00 -1.000000e+01  4.450964e+00
     vertex  2.994285e+00 -1.000000e+01  4.614915e+00
     vertex  2.999929e+00 -1.000000e+01  4.779422e+00
   endloop
 endfacet
 facet normal  0.000000e+00 -1.000000e+00  0.000000e+00
   outer loop
     vertex  4.102726e-01 -1.000000e+01  1.828186e+00
     vertex -2.466587e-01 -1.000000e+01  1.810157e+00
     vertex  3.285893e-01 -1.000000e+01  1.818049e+00
   endloop
 endfacet
 facet normal  0.000000e+00 -1.000000e+00  0.000000e+00
   outer loop
     vertex  2.955998e+00 -1.000000e+01  4.288065e+00
     vertex  2.991464e+00 -1.000000e+01  5.026145e+00
     vertex  2.932431e+00 -1.000000e+01  5.433125e+00
   endloop
 endfacet
 facet normal  0.000000e+00 -1.000000e+00  0.000000e+00
   outer loop
     vertex  2.955998e+00 -1.000000e+01  4.288065e+00
     vertex  2.968930e+00 -1.000000e+01  4.369352e+00
     vertex  2.979626e+00 -1.000000e+01  4.450964e+00
   endloop
 endfacet
 facet normal  0.000000e+00 -1.000000e+00  0.000000e+00
   outer loop
     vertex  2.955998e+00 -1.000000e+01  4.288065e+00
     vertex  2.979626e+00 -1.000000e+01  4.450964e+00
     vertex  2.991464e+00 -1.000000e+01  5.026145e+00
   endloop
 endfacet
 facet normal  0.000000e+00 -1.000000e+00  0.000000e+00
   outer loop
     vertex  5.726514e-01 -1.000000e+01  1.855162e+00
     vertex  4.102726e-01 -1.000000e+01  1.828186e+00
     vertex  4.916471e-01 -1.000000e+01  1.840560e+00
   endloop
 endfacet
 facet normal  0.000000e+00 -1.000000e+00  0.000000e+00
   outer loop
     vertex  7.333063e-01 -1.000000e+01  1.891003e+00
     vertex  5.726514e-01 -1.000000e+01  1.855162e+00
     vertex  6.532247e-01 -1.000000e+01  1.871981e+00
   endloop
 endfacet
 facet normal  0.000000e+00 -1.000000e+00  0.000000e+00
   outer loop
     vertex  2.903898e+00 -1.000000e+01  4.046757e+00
     vertex  2.923470e+00 -1.000000e+01  4.126706e+00
     vertex  2.940841e+00 -1.000000e+01  4.207162e+00
   endloop
 endfacet
 facet normal  0.000000e+00 -1.000000e+00  0.000000e+00
   outer loop
     vertex  2.903898e+00 -1.000000e+01  4.046757e+00
     vertex  2.940841e+00 -1.000000e+01  4.207162e+00
     vertex  2.955998e+00 -1.000000e+01  4.288065e+00
   endloop
 endfacet
 facet normal  0.000000e+00 -1.000000e+00  0.000000e+00
   outer loop
     vertex  8.128358e-01 -1.000000e+01  1.912216e+00
     vertex  5.726514e-01 -1.000000e+01  1.855162e+00
     vertex  7.333063e-01 -1.000000e+01  1.891003e+00
   endloop
 endfacet
 facet normal  0.000000e+00 -1.000000e+00  0.000000e+00
   outer loop
     vertex  8.128358e-01 -1.000000e+01  1.912216e+00
     vertex  4.102726e-01 -1.000000e+01  1.828186e+00
     vertex  5.726514e-01 -1.000000e+01  1.855162e+00
   endloop
 endfacet
 facet normal  0.000000e+00 -1.000000e+00  0.000000e+00
   outer loop
     vertex  2.882141e+00 -1.000000e+01  3.967375e+00
     vertex  2.903898e+00 -1.000000e+01  4.046757e+00
     vertex  2.955998e+00 -1.000000e+01  4.288065e+00
   endloop
 endfacet
 facet normal  0.000000e+00 -1.000000e+00  0.000000e+00
   outer loop
     vertex  9.699999e-01 -1.000000e+01  1.961145e+00
     vertex  4.102726e-01 -1.000000e+01  1.828186e+00
     vertex  8.128358e-01 -1.000000e+01  1.912216e+00
   endloop
 endfacet
 facet normal  0.000000e+00 -1.000000e+00  0.000000e+00
   outer loop
     vertex  9.699999e-01 -1.000000e+01  1.961145e+00
     vertex  8.128358e-01 -1.000000e+01  1.912216e+00
     vertex  8.917535e-01 -1.000000e+01  1.935602e+00
   endloop
 endfacet
 facet normal  0.000000e+00 -1.000000e+00  0.000000e+00
   outer loop
     vertex  2.832135e+00 -1.000000e+01  3.810550e+00
     vertex  2.858214e+00 -1.000000e+01  3.888620e+00
     vertex  2.882141e+00 -1.000000e+01  3.967375e+00
   endloop
 endfacet
 facet normal  0.000000e+00 -1.000000e+00  0.000000e+00
   outer loop
     vertex  1.047516e+00 -1.000000e+01  1.988824e+00
     vertex  4.102726e-01 -1.000000e+01  1.828186e+00
     vertex  9.699999e-01 -1.000000e+01  1.961145e+00
   endloop
 endfacet
 facet normal  0.000000e+00 -1.000000e+00  0.000000e+00
   outer loop
     vertex  2.803925e+00 -1.000000e+01  3.733226e+00
     vertex  2.832135e+00 -1.000000e+01  3.810550e+00
     vertex  2.882141e+00 -1.000000e+01  3.967375e+00
   endloop
 endfacet
 facet normal  0.000000e+00 -1.000000e+00  0.000000e+00
   outer loop
     vertex  1.124244e+00 -1.000000e+01  2.018620e+00
     vertex  4.102726e-01 -1.000000e+01  1.828186e+00
     vertex  1.047516e+00 -1.000000e+01  1.988824e+00
   endloop
 endfacet
 facet normal  0.000000e+00 -1.000000e+00  0.000000e+00
   outer loop
     vertex  1.124244e+00 -1.000000e+01  2.018620e+00
     vertex -2.466587e-01 -1.000000e+01  1.810157e+00
     vertex  4.102726e-01 -1.000000e+01  1.828186e+00
   endloop
 endfacet
 facet normal  0.000000e+00 -1.000000e+00  0.000000e+00
   outer loop
     vertex  2.773603e+00 -1.000000e+01  3.656704e+00
     vertex  2.882141e+00 -1.000000e+01  3.967375e+00
     vertex  2.955998e+00 -1.000000e+01  4.288065e+00
   endloop
 endfacet
 facet normal  0.000000e+00 -1.000000e+00  0.000000e+00
   outer loop
     vertex  2.773603e+00 -1.000000e+01  3.656704e+00
     vertex  2.803925e+00 -1.000000e+01  3.733226e+00
     vertex  2.882141e+00 -1.000000e+01  3.967375e+00
   endloop
 endfacet
 facet normal  0.000000e+00 -1.000000e+00  0.000000e+00
   outer loop
     vertex  1.275103e+00 -1.000000e+01  2.084468e+00
     vertex  1.124244e+00 -1.000000e+01  2.018620e+00
     vertex  1.200125e+00 -1.000000e+01  2.050509e+00
   endloop
 endfacet
 facet normal  0.000000e+00 -1.000000e+00  0.000000e+00
   outer loop
     vertex  1.349121e+00 -1.000000e+01  2.120472e+00
     vertex  1.124244e+00 -1.000000e+01  2.018620e+00
     vertex  1.275103e+00 -1.000000e+01  2.084468e+00
   endloop
 endfacet
 facet normal  0.000000e+00 -1.000000e+00  0.000000e+00
   outer loop
     vertex  2.631691e+00 -1.000000e+01  3.359791e+00
     vertex  2.773603e+00 -1.000000e+01  3.656704e+00
     vertex  2.955998e+00 -1.000000e+01  4.288065e+00
   endloop
 endfacet
 facet normal  0.000000e+00 -1.000000e+00  0.000000e+00
   outer loop
     vertex  2.631691e+00 -1.000000e+01  3.359791e+00
     vertex  2.670211e+00 -1.000000e+01  3.432531e+00
     vertex  2.706721e+00 -1.000000e+01  3.506300e+00
   endloop
 endfacet
 facet normal  0.000000e+00 -1.000000e+00  0.000000e+00
   outer loop
     vertex  2.631691e+00 -1.000000e+01  3.359791e+00
     vertex  2.706721e+00 -1.000000e+01  3.506300e+00
     vertex  2.741194e+00 -1.000000e+01  3.581043e+00
   endloop
 endfacet
 facet normal  0.000000e+00 -1.000000e+00  0.000000e+00
   outer loop
     vertex  2.631691e+00 -1.000000e+01  3.359791e+00
     vertex  2.741194e+00 -1.000000e+01  3.581043e+00
     vertex  2.773603e+00 -1.000000e+01  3.656704e+00
   endloop
 endfacet
 facet normal  0.000000e+00 -1.000000e+00  0.000000e+00
   outer loop
     vertex  1.494056e+00 -1.000000e+01  2.198501e+00
     vertex  1.349121e+00 -1.000000e+01  2.120472e+00
     vertex  1.422124e+00 -1.000000e+01  2.158492e+00
   endloop
 endfacet
 facet normal  0.000000e+00 -1.000000e+00  0.000000e+00
   outer loop
     vertex  1.494056e+00 -1.000000e+01  2.198501e+00
     vertex  1.124244e+00 -1.000000e+01  2.018620e+00
     vertex  1.349121e+00 -1.000000e+01  2.120472e+00
   endloop
 endfacet
 facet normal  0.000000e+00 -1.000000e+00  0.000000e+00
   outer loop
     vertex  2.548738e+00 -1.000000e+01  3.217617e+00
     vertex  2.591190e+00 -1.000000e+01  3.288135e+00
     vertex  2.631691e+00 -1.000000e+01  3.359791e+00
   endloop
 endfacet
 facet normal  0.000000e+00 -1.000000e+00  0.000000e+00
   outer loop
     vertex  1.634492e+00 -1.000000e+01  2.284362e+00
     vertex  1.124244e+00 -1.000000e+01  2.018620e+00
     vertex  1.494056e+00 -1.000000e+01  2.198501e+00
   endloop
 endfacet
 facet normal  0.000000e+00 -1.000000e+00  0.000000e+00
   outer loop
     vertex  1.634492e+00 -1.000000e+01  2.284362e+00
     vertex  1.494056e+00 -1.000000e+01  2.198501e+00
     vertex  1.564863e+00 -1.000000e+01  2.240468e+00
   endloop
 endfacet
 facet normal  0.000000e+00 -1.000000e+00  0.000000e+00
   outer loop
     vertex  2.458112e+00 -1.000000e+01  3.080207e+00
     vertex  2.504367e+00 -1.000000e+01  3.148291e+00
     vertex  2.548738e+00 -1.000000e+01  3.217617e+00
   endloop
 endfacet
 facet normal  0.000000e+00 -1.000000e+00  0.000000e+00
   outer loop
     vertex  2.410006e+00 -1.000000e+01  3.013419e+00
     vertex  2.458112e+00 -1.000000e+01  3.080207e+00
     vertex  2.548738e+00 -1.000000e+01  3.217617e+00
   endloop
 endfacet
 facet normal  0.000000e+00 -1.000000e+00  0.000000e+00
   outer loop
     vertex  2.360085e+00 -1.000000e+01  2.947975e+00
     vertex  2.548738e+00 -1.000000e+01  3.217617e+00
     vertex  2.631691e+00 -1.000000e+01  3.359791e+00
   endloop
 endfacet
 facet normal  0.000000e+00 -1.000000e+00  0.000000e+00
   outer loop
     vertex  2.360085e+00 -1.000000e+01  2.947975e+00
     vertex  2.410006e+00 -1.000000e+01  3.013419e+00
     vertex  2.548738e+00 -1.000000e+01  3.217617e+00
   endloop
 endfacet
 facet normal  0.000000e+00 -1.000000e+00  0.000000e+00
   outer loop
     vertex  1.900196e+00 -1.000000e+01  2.478523e+00
     vertex  1.634492e+00 -1.000000e+01  2.284362e+00
     vertex  1.702891e+00 -1.000000e+01  2.330150e+00
   endloop
 endfacet
 facet normal  0.000000e+00 -1.000000e+00  0.000000e+00
   outer loop
     vertex  1.900196e+00 -1.000000e+01  2.478523e+00
     vertex  1.124244e+00 -1.000000e+01  2.018620e+00
     vertex  1.634492e+00 -1.000000e+01  2.284362e+00
   endloop
 endfacet
 facet normal  0.000000e+00 -1.000000e+00  0.000000e+00
   outer loop
     vertex  1.900196e+00 -1.000000e+01  2.478523e+00
     vertex  1.702891e+00 -1.000000e+01  2.330150e+00
     vertex  1.770008e+00 -1.000000e+01  2.377796e+00
   endloop
 endfacet
 facet normal  0.000000e+00 -1.000000e+00  0.000000e+00
   outer loop
     vertex  1.900196e+00 -1.000000e+01  2.478523e+00
     vertex  1.770008e+00 -1.000000e+01  2.377796e+00
     vertex  1.835793e+00 -1.000000e+01  2.427267e+00
   endloop
 endfacet
 facet normal  0.000000e+00 -1.000000e+00  0.000000e+00
   outer loop
     vertex  2.254954e+00 -1.000000e+01  2.821318e+00
     vertex  2.308389e+00 -1.000000e+01  2.883925e+00
     vertex  2.360085e+00 -1.000000e+01  2.947975e+00
   endloop
 endfacet
 facet normal  0.000000e+00 -1.000000e+00  0.000000e+00
   outer loop
     vertex  2.254954e+00 -1.000000e+01  2.821318e+00
     vertex  2.360085e+00 -1.000000e+01  2.947975e+00
     vertex  2.631691e+00 -1.000000e+01  3.359791e+00
   endloop
 endfacet
 facet normal  0.000000e+00 -1.000000e+00  0.000000e+00
   outer loop
     vertex  2.084633e+00 -1.000000e+01  2.642616e+00
     vertex  1.900196e+00 -1.000000e+01  2.478523e+00
     vertex  1.963168e+00 -1.000000e+01  2.531527e+00
   endloop
 endfacet
 facet normal  0.000000e+00 -1.000000e+00  0.000000e+00
   outer loop
     vertex  2.084633e+00 -1.000000e+01  2.642616e+00
     vertex  1.963168e+00 -1.000000e+01  2.531527e+00
     vertex  2.024663e+00 -1.000000e+01  2.586238e+00
   endloop
 endfacet
 facet normal  0.000000e+00 -1.000000e+00  0.000000e+00
   outer loop
     vertex  2.143034e+00 -1.000000e+01  2.700618e+00
     vertex -2.466587e-01 -1.000000e+01  1.810157e+00
     vertex  1.124244e+00 -1.000000e+01  2.018620e+00
   endloop
 endfacet
 facet normal  0.000000e+00 -1.000000e+00  0.000000e+00
   outer loop
     vertex  2.143034e+00 -1.000000e+01  2.700618e+00
     vertex  2.199822e+00 -1.000000e+01  2.760200e+00
     vertex  2.254954e+00 -1.000000e+01  2.821318e+00
   endloop
 endfacet
 facet normal  0.000000e+00 -1.000000e+00  0.000000e+00
   outer loop
     vertex  2.143034e+00 -1.000000e+01  2.700618e+00
     vertex  2.932431e+00 -1.000000e+01  5.433125e+00
     vertex  1.868170e+00 -1.000000e+01  7.147326e+00
   endloop
 endfacet
 facet normal  0.000000e+00 -1.000000e+00  0.000000e+00
   outer loop
     vertex  2.143034e+00 -1.000000e+01  2.700618e+00
     vertex  2.631691e+00 -1.000000e+01  3.359791e+00
     vertex  2.955998e+00 -1.000000e+01  4.288065e+00
   endloop
 endfacet
 facet normal  0.000000e+00 -1.000000e+00  0.000000e+00
   outer loop
     vertex  2.143034e+00 -1.000000e+01  2.700618e+00
     vertex  2.254954e+00 -1.000000e+01  2.821318e+00
     vertex  2.631691e+00 -1.000000e+01  3.359791e+00
   endloop
 endfacet
 facet normal  0.000000e+00 -1.000000e+00  0.000000e+00
   outer loop
     vertex  2.143034e+00 -1.000000e+01  2.700618e+00
     vertex  1.124244e+00 -1.000000e+01  2.018620e+00
     vertex  1.900196e+00 -1.000000e+01  2.478523e+00
   endloop
 endfacet
 facet normal -0.000000e+00 -1.000000e+00  0.000000e+00
   outer loop
     vertex  2.143034e+00 -1.000000e+01  2.700618e+00
     vertex  1.868170e+00 -1.000000e+01  7.147326e+00
     vertex -2.466587e-01 -1.000000e+01  1.810157e+00
   endloop
 endfacet
 facet normal  0.000000e+00 -1.000000e+00  0.000000e+00
   outer loop
     vertex  2.143034e+00 -1.000000e+01  2.700618e+00
     vertex  2.955998e+00 -1.000000e+01  4.288065e+00
     vertex  2.932431e+00 -1.000000e+01  5.433125e+00
   endloop
 endfacet
 facet normal  0.000000e+00 -1.000000e+00  0.000000e+00
   outer loop
     vertex  2.143034e+00 -1.000000e+01  2.700618e+00
     vertex  1.900196e+00 -1.000000e+01  2.478523e+00
     vertex  2.084633e+00 -1.000000e+01  2.642616e+00
   endloop
 endfacet
 facet normal -2.473331e-13 -9.659258e-01  2.588190e-01
   outer loop
     vertex -1.803070e+00 -9.038689e+00  3.510419e+01
     vertex -1.868170e+00 -9.051726e+00  3.505553e+01
     vertex -1.931864e+00 -9.065219e+00  3.500517e+01
   endloop
 endfacet
 facet normal  3.049651e-13 -9.659258e-01  2.588190e-01
   outer loop
     vertex -1.803070e+00 -9.038689e+00  3.510419e+01
     vertex -1.931864e+00 -9.065219e+00  3.500517e+01
     vertex -1.994103e+00 -9.079160e+00  3.495315e+01
   endloop
 endfacet
 facet normal -4.433329e-14 -9.659258e-01  2.588190e-01
   outer loop
     vertex -2.434288e+00 -9.205457e+00  3.448180e+01
     vertex -2.334457e+00 -9.171584e+00  3.460821e+01
     vertex -2.385270e+00 -9.188344e+00  3.454567e+01
   endloop
 endfacet
 facet normal -6.981136e-14 -9.659258e-01  2.588190e-01
   outer loop
     vertex -2.526790e+00 -9.240697e+00  3.435028e+01
     vertex -2.227598e+00 -9.139180e+00  3.472915e+01
     vertex -2.281886e+00 -9.155192e+00  3.466939e+01
   endloop
 endfacet
 facet normal -6.540709e-14 -9.659258e-01  2.588190e-01
   outer loop
     vertex -2.526790e+00 -9.240697e+00  3.435028e+01
     vertex -2.281886e+00 -9.155192e+00  3.466939e+01
     vertex -2.334457e+00 -9.171584e+00  3.460821e+01
   endloop
 endfacet
 facet normal -6.743326e-13 -9.659258e-01  2.588190e-01
   outer loop
     vertex -2.526790e+00 -9.240697e+00  3.435028e+01
     vertex -2.434288e+00 -9.205457e+00  3.448180e+01
     vertex -2.481473e+00 -9.222913e+00  3.441665e+01
   endloop
 endfacet
 facet normal -7.120679e-14 -9.659258e-01  2.588190e-01
   outer loop
     vertex -2.526790e+00 -9.240697e+00  3.435028e+01
     vertex -2.334457e+00 -9.171584e+00  3.460821e+01
     vertex -2.434288e+00 -9.205457e+00  3.448180e+01
   endloop
 endfacet
 facet normal  6.877493e-13 -9.659258e-01  2.588190e-01
   outer loop
     vertex -1.529603e+00 -8.991309e+00  3.528101e+01
     vertex -1.599828e+00 -9.002421e+00  3.523954e+01
     vertex -1.668849e+00 -9.014028e+00  3.519622e+01
   endloop
 endfacet
 facet normal -3.990997e-13 -9.659258e-01  2.588190e-01
   outer loop
     vertex -1.458227e+00 -8.980699e+00  3.532061e+01
     vertex -1.529603e+00 -8.991309e+00  3.528101e+01
     vertex -1.668849e+00 -9.014028e+00  3.519622e+01
   endloop
 endfacet
 facet normal -5.139129e-14 -9.659258e-01  2.588190e-01
   outer loop
     vertex -1.385753e+00 -8.970601e+00  3.535830e+01
     vertex -1.668849e+00 -9.014028e+00  3.519622e+01
     vertex -1.736613e+00 -9.026120e+00  3.515109e+01
   endloop
 endfacet
 facet normal  6.233157e-16 -9.659258e-01  2.588190e-01
   outer loop
     vertex -1.385753e+00 -8.970601e+00  3.535830e+01
     vertex -1.736613e+00 -9.026120e+00  3.515109e+01
     vertex -1.803070e+00 -9.038689e+00  3.510419e+01
   endloop
 endfacet
 facet normal  7.451888e-14 -9.659258e-01  2.588190e-01
   outer loop
     vertex -1.385753e+00 -8.970601e+00  3.535830e+01
     vertex -1.458227e+00 -8.980699e+00  3.532061e+01
     vertex -1.668849e+00 -9.014028e+00  3.519622e+01
   endloop
 endfacet
 facet normal -1.505571e-13 -9.659258e-01  2.588190e-01
   outer loop
     vertex -2.688719e+00 -9.314845e+00  3.407356e+01
     vertex -2.114032e+00 -9.108340e+00  3.484424e+01
     vertex -2.171632e+00 -9.123558e+00  3.478745e+01
   endloop
 endfacet
 facet normal  1.284802e-13 -9.659258e-01  2.588190e-01
   outer loop
     vertex -2.688719e+00 -9.314845e+00  3.407356e+01
     vertex -2.171632e+00 -9.123558e+00  3.478745e+01
     vertex -2.227598e+00 -9.139180e+00  3.472915e+01
   endloop
 endfacet
 facet normal -2.179142e-14 -9.659258e-01  2.588190e-01
   outer loop
     vertex -2.688719e+00 -9.314845e+00  3.407356e+01
     vertex -2.526790e+00 -9.240697e+00  3.435028e+01
     vertex -2.570206e+00 -9.258795e+00  3.428274e+01
   endloop
 endfacet
 facet normal  2.582868e-13 -9.659258e-01  2.588190e-01
   outer loop
     vertex -2.688719e+00 -9.314845e+00  3.407356e+01
     vertex -2.570206e+00 -9.258795e+00  3.428274e+01
     vertex -2.611686e+00 -9.277196e+00  3.421407e+01
   endloop
 endfacet
 facet normal  3.406663e-13 -9.659258e-01  2.588190e-01
   outer loop
     vertex -2.688719e+00 -9.314845e+00  3.407356e+01
     vertex -2.611686e+00 -9.277196e+00  3.421407e+01
     vertex -2.651201e+00 -9.295884e+00  3.414432e+01
   endloop
 endfacet
 facet normal  5.625712e-15 -9.659258e-01  2.588190e-01
   outer loop
     vertex -2.688719e+00 -9.314845e+00  3.407356e+01
     vertex -2.227598e+00 -9.139180e+00  3.472915e+01
     vertex -2.526790e+00 -9.240697e+00  3.435028e+01
   endloop
 endfacet
 facet normal  5.133328e-14 -9.659258e-01  2.588190e-01
   outer loop
     vertex -1.162294e+00 -8.943444e+00  3.545965e+01
     vertex -1.237731e+00 -8.951966e+00  3.542784e+01
     vertex -1.312236e+00 -8.961020e+00  3.539405e+01
   endloop
 endfacet
 facet normal -1.015254e-13 -9.659258e-01  2.588190e-01
   outer loop
     vertex -1.162294e+00 -8.943444e+00  3.545965e+01
     vertex -1.312236e+00 -8.961020e+00  3.539405e+01
     vertex -1.385753e+00 -8.970601e+00  3.535830e+01
   endloop
 endfacet
 facet normal  3.298602e-13 -9.659258e-01  2.588190e-01
   outer loop
     vertex -2.789026e+00 -9.373227e+00  3.385567e+01
     vertex -2.688719e+00 -9.314845e+00  3.407356e+01
     vertex -2.724214e+00 -9.334066e+00  3.400182e+01
   endloop
 endfacet
 facet normal -5.389994e-13 -9.659258e-01  2.588190e-01
   outer loop
     vertex -2.789026e+00 -9.373227e+00  3.385567e+01
     vertex -2.724214e+00 -9.334066e+00  3.400182e+01
     vertex -2.757658e+00 -9.353532e+00  3.392918e+01
   endloop
 endfacet
 facet normal -3.359997e-13 -9.659258e-01  2.588190e-01
   outer loop
     vertex -2.845442e+00 -9.413250e+00  3.370631e+01
     vertex -2.789026e+00 -9.373227e+00  3.385567e+01
     vertex -2.818295e+00 -9.393138e+00  3.378136e+01
   endloop
 endfacet
 facet normal  1.401405e-13 -9.659258e-01  2.588190e-01
   outer loop
     vertex -2.845442e+00 -9.413250e+00  3.370631e+01
     vertex -2.688719e+00 -9.314845e+00  3.407356e+01
     vertex -2.789026e+00 -9.373227e+00  3.385567e+01
   endloop
 endfacet
 facet normal  4.666662e-15 -9.659258e-01  2.588190e-01
   outer loop
     vertex -8.523749e-01 -8.914801e+00  3.556654e+01
     vertex -9.309643e-01 -8.921134e+00  3.554291e+01
     vertex -1.008853e+00 -8.928022e+00  3.551720e+01
   endloop
 endfacet
 facet normal -6.379372e-14 -9.659258e-01  2.588190e-01
   outer loop
     vertex -8.523749e-01 -8.914801e+00  3.556654e+01
     vertex -1.008853e+00 -8.928022e+00  3.551720e+01
     vertex -1.085982e+00 -8.935460e+00  3.548944e+01
   endloop
 endfacet
 facet normal  1.707998e-12 -9.659258e-01  2.588190e-01
   outer loop
     vertex -2.893292e+00 -9.454013e+00  3.355418e+01
     vertex -2.845442e+00 -9.413250e+00  3.370631e+01
     vertex -2.870447e+00 -9.433546e+00  3.363056e+01
   endloop
 endfacet
 facet normal  2.302798e-13 -9.659258e-01  2.588190e-01
   outer loop
     vertex -2.913958e+00 -9.474634e+00  3.347722e+01
     vertex -2.845442e+00 -9.413250e+00  3.370631e+01
     vertex -2.893292e+00 -9.454013e+00  3.355418e+01
   endloop
 endfacet
 facet normal -3.505830e-13 -9.659258e-01  2.588190e-01
   outer loop
     vertex -6.933307e-01 -8.903822e+00  3.560752e+01
     vertex -7.731438e-01 -8.909029e+00  3.558808e+01
     vertex -8.523749e-01 -8.914801e+00  3.556654e+01
   endloop
 endfacet
 facet normal  4.986526e-14 -9.659258e-01  2.588190e-01
   outer loop
     vertex -6.933307e-01 -8.903822e+00  3.560752e+01
     vertex -1.085982e+00 -8.935460e+00  3.548944e+01
     vertex -1.162294e+00 -8.943444e+00  3.545965e+01
   endloop
 endfacet
 facet normal -3.939342e-15 -9.659258e-01  2.588190e-01
   outer loop
     vertex -6.933307e-01 -8.903822e+00  3.560752e+01
     vertex -1.803070e+00 -9.038689e+00  3.510419e+01
     vertex -1.994103e+00 -9.079160e+00  3.495315e+01
   endloop
 endfacet
 facet normal  1.117905e-15 -9.659258e-01  2.588190e-01
   outer loop
     vertex -6.933307e-01 -8.903822e+00  3.560752e+01
     vertex -1.385753e+00 -8.970601e+00  3.535830e+01
     vertex -1.803070e+00 -9.038689e+00  3.510419e+01
   endloop
 endfacet
 facet normal -2.000934e-14 -9.659258e-01  2.588190e-01
   outer loop
     vertex -6.933307e-01 -8.903822e+00  3.560752e+01
     vertex -1.162294e+00 -8.943444e+00  3.545965e+01
     vertex -1.385753e+00 -8.970601e+00  3.535830e+01
   endloop
 endfacet
 facet normal -5.426550e-14 -9.659258e-01  2.588190e-01
   outer loop
     vertex -6.933307e-01 -8.903822e+00  3.560752e+01
     vertex -8.523749e-01 -8.914801e+00  3.556654e+01
     vertex -1.085982e+00 -8.935460e+00  3.548944e+01
   endloop
 endfacet
 facet normal -3.401019e-13 -9.659258e-01  2.588190e-01
   outer loop
     vertex -2.932431e+00 -9.495393e+00  3.339974e+01
     vertex -2.845442e+00 -9.413250e+00  3.370631e+01
     vertex -2.913958e+00 -9.474634e+00  3.347722e+01
   endloop
 endfacet
 facet normal -1.028124e-14 -9.659258e-01  2.588190e-01
   outer loop
     vertex -4.510023e-01 -8.891625e+00  3.565304e+01
     vertex -5.321993e-01 -8.895117e+00  3.564001e+01
     vertex -6.129958e-01 -8.899183e+00  3.562483e+01
   endloop
 endfacet
 facet normal  6.223777e-14 -9.659258e-01  2.588190e-01
   outer loop
     vertex -2.974558e+00 -9.558350e+00  3.316478e+01
     vertex -2.932431e+00 -9.495393e+00  3.339974e+01
     vertex -2.948697e+00 -9.516277e+00  3.332180e+01
   endloop
 endfacet
 facet normal -2.239998e-13 -9.659258e-01  2.588190e-01
   outer loop
     vertex -2.974558e+00 -9.558350e+00  3.316478e+01
     vertex -2.948697e+00 -9.516277e+00  3.332180e+01
     vertex -2.962742e+00 -9.537268e+00  3.324347e+01
   endloop
 endfacet
 facet normal -1.432008e-13 -9.659258e-01  2.588190e-01
   outer loop
     vertex -2.984134e+00 -9.579509e+00  3.308582e+01
     vertex -2.932431e+00 -9.495393e+00  3.339974e+01
     vertex -2.974558e+00 -9.558350e+00  3.316478e+01
   endloop
 endfacet
 facet normal  7.018222e-14 -9.659258e-01  2.588190e-01
   outer loop
     vertex -2.876511e-01 -8.886379e+00  3.567262e+01
     vertex -3.694657e-01 -8.888712e+00  3.566391e+01
     vertex -4.510023e-01 -8.891625e+00  3.565304e+01
   endloop
 endfacet
 facet normal -4.263141e-15 -9.659258e-01  2.588190e-01
   outer loop
     vertex -2.876511e-01 -8.886379e+00  3.567262e+01
     vertex -6.129958e-01 -8.899183e+00  3.562483e+01
     vertex -6.933307e-01 -8.903822e+00  3.560752e+01
   endloop
 endfacet
 facet normal -2.451381e-14 -9.659258e-01  2.588190e-01
   outer loop
     vertex -2.876511e-01 -8.886379e+00  3.567262e+01
     vertex -4.510023e-01 -8.891625e+00  3.565304e+01
     vertex -6.129958e-01 -8.899183e+00  3.562483e+01
   endloop
 endfacet
 facet normal -1.159665e-12 -9.659258e-01  2.588190e-01
   outer loop
     vertex -2.996542e+00 -9.621991e+00  3.292728e+01
     vertex -2.984134e+00 -9.579509e+00  3.308582e+01
     vertex -2.991464e+00 -9.600728e+00  3.300663e+01
   endloop
 endfacet
 facet normal  2.422654e-14 -9.659258e-01  2.588190e-01
   outer loop
     vertex -1.234339e-01 -8.883459e+00  3.568351e+01
     vertex -2.056198e-01 -8.884627e+00  3.567915e+01
     vertex -2.876511e-01 -8.886379e+00  3.567262e+01
   endloop
 endfacet
 facet normal -6.159994e-13 -9.659258e-01  2.588190e-01
   outer loop
     vertex -2.999929e+00 -9.664584e+00  3.276831e+01
     vertex -2.996542e+00 -9.621991e+00  3.292728e+01
     vertex -2.999365e+00 -9.643281e+00  3.284782e+01
   endloop
 endfacet
 facet normal  0.000000e+00 -9.659258e-01  2.588190e-01
   outer loop
     vertex  4.115494e-02 -8.882874e+00  3.568570e+01
     vertex -4.115494e-02 -8.882874e+00  3.568570e+01
     vertex -1.234339e-01 -8.883459e+00  3.568351e+01
   endloop
 endfacet
 facet normal -3.966663e-14 -9.659258e-01  2.588190e-01
   outer loop
     vertex -2.994285e+00 -9.707162e+00  3.260941e+01
     vertex -2.999929e+00 -9.664584e+00  3.276831e+01
     vertex -2.998236e+00 -9.685883e+00  3.268883e+01
   endloop
 endfacet
 facet normal  8.292439e-14 -9.659258e-01  2.588190e-01
   outer loop
     vertex  2.876511e-01 -8.886379e+00  3.567262e+01
     vertex  2.056198e-01 -8.884627e+00  3.567915e+01
     vertex  1.234339e-01 -8.883459e+00  3.568351e+01
   endloop
 endfacet
 facet normal  2.025331e-12 -9.659258e-01  2.588190e-01
   outer loop
     vertex -2.979626e+00 -9.749595e+00  3.245105e+01
     vertex -2.994285e+00 -9.707162e+00  3.260941e+01
     vertex -2.988080e+00 -9.728405e+00  3.253013e+01
   endloop
 endfacet
 facet normal  2.646872e-14 -9.659258e-01  2.588190e-01
   outer loop
     vertex  4.510023e-01 -8.891625e+00  3.565304e+01
     vertex  3.694657e-01 -8.888712e+00  3.566391e+01
     vertex  2.876511e-01 -8.886379e+00  3.567262e+01
   endloop
 endfacet
 facet normal  6.659442e-13 -9.659258e-01  2.588190e-01
   outer loop
     vertex -2.940841e+00 -9.812696e+00  3.221555e+01
     vertex -2.979626e+00 -9.749595e+00  3.245105e+01
     vertex -2.968930e+00 -9.770718e+00  3.237222e+01
   endloop
 endfacet
 facet normal -1.035999e-12 -9.659258e-01  2.588190e-01
   outer loop
     vertex -2.940841e+00 -9.812696e+00  3.221555e+01
     vertex -2.968930e+00 -9.770718e+00  3.237222e+01
     vertex -2.955998e+00 -9.791757e+00  3.229370e+01
   endloop
 endfacet
 facet normal -1.232290e-13 -9.659258e-01  2.588190e-01
   outer loop
     vertex  6.129958e-01 -8.899183e+00  3.562483e+01
     vertex  5.321993e-01 -8.895117e+00  3.564001e+01
     vertex  4.510023e-01 -8.891625e+00  3.565304e+01
   endloop
 endfacet
 facet normal -7.789980e-15 -9.659258e-01  2.588190e-01
   outer loop
     vertex -2.923470e+00 -9.833519e+00  3.213784e+01
     vertex -2.994285e+00 -9.707162e+00  3.260941e+01
     vertex -2.979626e+00 -9.749595e+00  3.245105e+01
   endloop
 endfacet
 facet normal  2.544927e-13 -9.659258e-01  2.588190e-01
   outer loop
     vertex -2.923470e+00 -9.833519e+00  3.213784e+01
     vertex -2.979626e+00 -9.749595e+00  3.245105e+01
     vertex -2.940841e+00 -9.812696e+00  3.221555e+01
   endloop
 endfacet
 facet normal -5.553328e-13 -9.659258e-01  2.588190e-01
   outer loop
     vertex -2.882141e+00 -9.874757e+00  3.198394e+01
     vertex -2.923470e+00 -9.833519e+00  3.213784e+01
     vertex -2.903898e+00 -9.854212e+00  3.206061e+01
   endloop
 endfacet
 facet normal  3.507288e-13 -9.659258e-01  2.588190e-01
   outer loop
     vertex  8.523749e-01 -8.914801e+00  3.556654e+01
     vertex  7.731438e-01 -8.909029e+00  3.558808e+01
     vertex  6.933307e-01 -8.903822e+00  3.560752e+01
   endloop
 endfacet
 facet normal -8.927231e-14 -9.659258e-01  2.588190e-01
   outer loop
     vertex  8.523749e-01 -8.914801e+00  3.556654e+01
     vertex  6.933307e-01 -8.903822e+00  3.560752e+01
     vertex  6.129958e-01 -8.899183e+00  3.562483e+01
   endloop
 endfacet
 facet normal  4.749205e-15 -9.659258e-01  2.588190e-01
   outer loop
     vertex  8.523749e-01 -8.914801e+00  3.556654e+01
     vertex  6.129958e-01 -8.899183e+00  3.562483e+01
     vertex  4.510023e-01 -8.891625e+00  3.565304e+01
   endloop
 endfacet
 facet normal -1.257722e-14 -9.659258e-01  2.588190e-01
   outer loop
     vertex -2.832135e+00 -9.915347e+00  3.183246e+01
     vertex -2.996542e+00 -9.621991e+00  3.292728e+01
     vertex -2.999929e+00 -9.664584e+00  3.276831e+01
   endloop
 endfacet
 facet normal -3.887193e-14 -9.659258e-01  2.588190e-01
   outer loop
     vertex -2.832135e+00 -9.915347e+00  3.183246e+01
     vertex -2.999929e+00 -9.664584e+00  3.276831e+01
     vertex -2.994285e+00 -9.707162e+00  3.260941e+01
   endloop
 endfacet
 facet normal -1.812729e-14 -9.659258e-01  2.588190e-01
   outer loop
     vertex -2.832135e+00 -9.915347e+00  3.183246e+01
     vertex -2.994285e+00 -9.707162e+00  3.260941e+01
     vertex -2.923470e+00 -9.833519e+00  3.213784e+01
   endloop
 endfacet
 facet normal  3.336663e-13 -9.659258e-01  2.588190e-01
   outer loop
     vertex -2.832135e+00 -9.915347e+00  3.183246e+01
     vertex -2.882141e+00 -9.874757e+00  3.198394e+01
     vertex -2.858214e+00 -9.895141e+00  3.190786e+01
   endloop
 endfacet
 facet normal  8.521468e-14 -9.659258e-01  2.588190e-01
   outer loop
     vertex -2.832135e+00 -9.915347e+00  3.183246e+01
     vertex -2.923470e+00 -9.833519e+00  3.213784e+01
     vertex -2.882141e+00 -9.874757e+00  3.198394e+01
   endloop
 endfacet
 facet normal -4.374995e-15 -9.659258e-01  2.588190e-01
   outer loop
     vertex  1.008853e+00 -8.928022e+00  3.551720e+01
     vertex  9.309643e-01 -8.921134e+00  3.554291e+01
     vertex  8.523749e-01 -8.914801e+00  3.556654e+01
   endloop
 endfacet
 facet normal  1.347315e-14 -9.659258e-01  2.588190e-01
   outer loop
     vertex  1.008853e+00 -8.928022e+00  3.551720e+01
     vertex  1.234339e-01 -8.883459e+00  3.568351e+01
     vertex  4.115494e-02 -8.882874e+00  3.568570e+01
   endloop
 endfacet
 facet normal  2.535588e-16 -9.659258e-01  2.588190e-01
   outer loop
     vertex  1.008853e+00 -8.928022e+00  3.551720e+01
     vertex -1.234339e-01 -8.883459e+00  3.568351e+01
     vertex -2.876511e-01 -8.886379e+00  3.567262e+01
   endloop
 endfacet
 facet normal -1.755089e-15 -9.659258e-01  2.588190e-01
   outer loop
     vertex  1.008853e+00 -8.928022e+00  3.551720e+01
     vertex  2.876511e-01 -8.886379e+00  3.567262e+01
     vertex  1.234339e-01 -8.883459e+00  3.568351e+01
   endloop
 endfacet
 facet normal -5.306014e-15 -9.659258e-01  2.588190e-01
   outer loop
     vertex  1.008853e+00 -8.928022e+00  3.551720e+01
     vertex  4.115494e-02 -8.882874e+00  3.568570e+01
     vertex -1.234339e-01 -8.883459e+00  3.568351e+01
   endloop
 endfacet
 facet normal -1.807243e-14 -9.659258e-01  2.588190e-01
   outer loop
     vertex  1.008853e+00 -8.928022e+00  3.551720e+01
     vertex  4.510023e-01 -8.891625e+00  3.565304e+01
     vertex  2.876511e-01 -8.886379e+00  3.567262e+01
   endloop
 endfacet
 facet normal  1.336347e-14 -9.659258e-01  2.588190e-01
   outer loop
     vertex  1.008853e+00 -8.928022e+00  3.551720e+01
     vertex  8.523749e-01 -8.914801e+00  3.556654e+01
     vertex  4.510023e-01 -8.891625e+00  3.565304e+01
   endloop
 endfacet
 facet normal -3.222913e-13 -9.659258e-01  2.588190e-01
   outer loop
     vertex  1.162294e+00 -8.943444e+00  3.545965e+01
     vertex  1.085982e+00 -8.935460e+00  3.548944e+01
     vertex  1.008853e+00 -8.928022e+00  3.551720e+01
   endloop
 endfacet
 facet normal  1.509905e-14 -9.659258e-01  2.588190e-01
   outer loop
     vertex -2.741194e+00 -9.974747e+00  3.161077e+01
     vertex -2.984134e+00 -9.579509e+00  3.308582e+01
     vertex -2.996542e+00 -9.621991e+00  3.292728e+01
   endloop
 endfacet
 facet normal -2.038861e-14 -9.659258e-01  2.588190e-01
   outer loop
     vertex -2.741194e+00 -9.974747e+00  3.161077e+01
     vertex -2.996542e+00 -9.621991e+00  3.292728e+01
     vertex -2.832135e+00 -9.915347e+00  3.183246e+01
   endloop
 endfacet
 facet normal -5.321330e-13 -9.659258e-01  2.588190e-01
   outer loop
     vertex -2.741194e+00 -9.974747e+00  3.161077e+01
     vertex -2.832135e+00 -9.915347e+00  3.183246e+01
     vertex -2.803925e+00 -9.935360e+00  3.175777e+01
   endloop
 endfacet
 facet normal -4.083329e-13 -9.659258e-01  2.588190e-01
   outer loop
     vertex -2.741194e+00 -9.974747e+00  3.161077e+01
     vertex -2.803925e+00 -9.935360e+00  3.175777e+01
     vertex -2.773603e+00 -9.955165e+00  3.168385e+01
   endloop
 endfacet
 facet normal  5.406907e-14 -9.659258e-01  2.588190e-01
   outer loop
     vertex  1.237731e+00 -8.951966e+00  3.542784e+01
     vertex  1.162294e+00 -8.943444e+00  3.545965e+01
     vertex  1.008853e+00 -8.928022e+00  3.551720e+01
   endloop
 endfacet
 facet normal -3.332229e-14 -9.659258e-01  2.588190e-01
   outer loop
     vertex  1.385753e+00 -8.970601e+00  3.535830e+01
     vertex  1.237731e+00 -8.951966e+00  3.542784e+01
     vertex  1.008853e+00 -8.928022e+00  3.551720e+01
   endloop
 endfacet
 facet normal -1.137499e-13 -9.659258e-01  2.588190e-01
   outer loop
     vertex  1.385753e+00 -8.970601e+00  3.535830e+01
     vertex  1.312236e+00 -8.961020e+00  3.539405e+01
     vertex  1.237731e+00 -8.951966e+00  3.542784e+01
   endloop
 endfacet
 facet normal -4.036662e-13 -9.659258e-01  2.588190e-01
   outer loop
     vertex -2.631691e+00 -1.003201e+01  3.139706e+01
     vertex -2.706721e+00 -9.994092e+00  3.153857e+01
     vertex -2.670211e+00 -1.001319e+01  3.146732e+01
   endloop
 endfacet
 facet normal  1.555944e-14 -9.659258e-01  2.588190e-01
   outer loop
     vertex -2.591190e+00 -1.005056e+01  3.132784e+01
     vertex -2.706721e+00 -9.994092e+00  3.153857e+01
     vertex -2.631691e+00 -1.003201e+01  3.139706e+01
   endloop
 endfacet
 facet normal -1.844488e-13 -9.659258e-01  2.588190e-01
   outer loop
     vertex -2.548738e+00 -1.006881e+01  3.125973e+01
     vertex -2.706721e+00 -9.994092e+00  3.153857e+01
     vertex -2.591190e+00 -1.005056e+01  3.132784e+01
   endloop
 endfacet
 facet normal  1.318332e-13 -9.659258e-01  2.588190e-01
   outer loop
     vertex  1.599828e+00 -9.002421e+00  3.523954e+01
     vertex  1.529603e+00 -8.991309e+00  3.528101e+01
     vertex  1.458227e+00 -8.980699e+00  3.532061e+01
   endloop
 endfacet
 facet normal  5.793200e-14 -9.659258e-01  2.588190e-01
   outer loop
     vertex -2.504367e+00 -1.008675e+01  3.119276e+01
     vertex -2.706721e+00 -9.994092e+00  3.153857e+01
     vertex -2.548738e+00 -1.006881e+01  3.125973e+01
   endloop
 endfacet
 facet normal -1.326443e-13 -9.659258e-01  2.588190e-01
   outer loop
     vertex  1.668849e+00 -9.014028e+00  3.519622e+01
     vertex  1.599828e+00 -9.002421e+00  3.523954e+01
     vertex  1.458227e+00 -8.980699e+00  3.532061e+01
   endloop
 endfacet
 facet normal  1.860119e-14 -9.659258e-01  2.588190e-01
   outer loop
     vertex  1.736613e+00 -9.026120e+00  3.515109e+01
     vertex  1.385753e+00 -8.970601e+00  3.535830e+01
     vertex  1.008853e+00 -8.928022e+00  3.551720e+01
   endloop
 endfacet
 facet normal  8.716569e-14 -9.659258e-01  2.588190e-01
   outer loop
     vertex  1.736613e+00 -9.026120e+00  3.515109e+01
     vertex  1.668849e+00 -9.014028e+00  3.519622e+01
     vertex  1.458227e+00 -8.980699e+00  3.532061e+01
   endloop
 endfacet
 facet normal -2.186466e-13 -9.659258e-01  2.588190e-01
   outer loop
     vertex  1.736613e+00 -9.026120e+00  3.515109e+01
     vertex  1.458227e+00 -8.980699e+00  3.532061e+01
     vertex  1.385753e+00 -8.970601e+00  3.535830e+01
   endloop
 endfacet
 facet normal  1.015624e-14 -9.659258e-01  2.588190e-01
   outer loop
     vertex -2.410006e+00 -1.012166e+01  3.106249e+01
     vertex -2.706721e+00 -9.994092e+00  3.153857e+01
     vertex -2.504367e+00 -1.008675e+01  3.119276e+01
   endloop
 endfacet
 facet normal -1.605430e-14 -9.659258e-01  2.588190e-01
   outer loop
     vertex -2.410006e+00 -1.012166e+01  3.106249e+01
     vertex -2.741194e+00 -9.974747e+00  3.161077e+01
     vertex -2.706721e+00 -9.994092e+00  3.153857e+01
   endloop
 endfacet
 facet normal -1.493332e-13 -9.659258e-01  2.588190e-01
   outer loop
     vertex -2.410006e+00 -1.012166e+01  3.106249e+01
     vertex -2.504367e+00 -1.008675e+01  3.119276e+01
     vertex -2.458112e+00 -1.010437e+01  3.112700e+01
   endloop
 endfacet
 facet normal -3.259862e-14 -9.659258e-01  2.588190e-01
   outer loop
     vertex -2.308389e+00 -1.015517e+01  3.093740e+01
     vertex -2.741194e+00 -9.974747e+00  3.161077e+01
     vertex -2.410006e+00 -1.012166e+01  3.106249e+01
   endloop
 endfacet
 facet normal  1.063999e-12 -9.659258e-01  2.588190e-01
   outer loop
     vertex -2.308389e+00 -1.015517e+01  3.093740e+01
     vertex -2.410006e+00 -1.012166e+01  3.106249e+01
     vertex -2.360085e+00 -1.013860e+01  3.099927e+01
   endloop
 endfacet
 facet normal -8.679245e-14 -9.659258e-01  2.588190e-01
   outer loop
     vertex -2.254954e+00 -1.017138e+01  3.087693e+01
     vertex -2.741194e+00 -9.974747e+00  3.161077e+01
     vertex -2.308389e+00 -1.015517e+01  3.093740e+01
   endloop
 endfacet
 facet normal  5.016661e-14 -9.659258e-01  2.588190e-01
   outer loop
     vertex  2.054841e+00 -9.093537e+00  3.489949e+01
     vertex  1.994103e+00 -9.079160e+00  3.495315e+01
     vertex  1.931864e+00 -9.065219e+00  3.500517e+01
   endloop
 endfacet
 facet normal  4.979080e-14 -9.659258e-01  2.588190e-01
   outer loop
     vertex -2.143034e+00 -1.020262e+01  3.076034e+01
     vertex -2.741194e+00 -9.974747e+00  3.161077e+01
     vertex -2.254954e+00 -1.017138e+01  3.087693e+01
   endloop
 endfacet
 facet normal -2.951664e-13 -9.659258e-01  2.588190e-01
   outer loop
     vertex -2.143034e+00 -1.020262e+01  3.076034e+01
     vertex -2.254954e+00 -1.017138e+01  3.087693e+01
     vertex -2.199822e+00 -1.018720e+01  3.081790e+01
   endloop
 endfacet
 facet normal -2.878497e-14 -9.659258e-01  2.588190e-01
   outer loop
     vertex  2.114032e+00 -9.108340e+00  3.484424e+01
     vertex  2.054841e+00 -9.093537e+00  3.489949e+01
     vertex  1.931864e+00 -9.065219e+00  3.500517e+01
   endloop
 endfacet
 facet normal -1.871728e-13 -9.659258e-01  2.588190e-01
   outer loop
     vertex  2.171632e+00 -9.123558e+00  3.478745e+01
     vertex  2.114032e+00 -9.108340e+00  3.484424e+01
     vertex  1.931864e+00 -9.065219e+00  3.500517e+01
   endloop
 endfacet
 facet normal  5.891661e-13 -9.659258e-01  2.588190e-01
   outer loop
     vertex -2.024663e+00 -1.023222e+01  3.064986e+01
     vertex -2.143034e+00 -1.020262e+01  3.076034e+01
     vertex -2.084633e+00 -1.021763e+01  3.070432e+01
   endloop
 endfacet
 facet normal -2.555549e-13 -9.659258e-01  2.588190e-01
   outer loop
     vertex  2.227598e+00 -9.139180e+00  3.472915e+01
     vertex  2.171632e+00 -9.123558e+00  3.478745e+01
     vertex  1.931864e+00 -9.065219e+00  3.500517e+01
   endloop
 endfacet
 facet normal  6.981136e-14 -9.659258e-01  2.588190e-01
   outer loop
     vertex  2.227598e+00 -9.139180e+00  3.472915e+01
     vertex  1.931864e+00 -9.065219e+00  3.500517e+01
     vertex  1.868170e+00 -9.051726e+00  3.505553e+01
   endloop
 endfacet
 facet normal  3.908329e-13 -9.659258e-01  2.588190e-01
   outer loop
     vertex -1.900196e+00 -1.026010e+01  3.054582e+01
     vertex -2.024663e+00 -1.023222e+01  3.064986e+01
     vertex -1.963168e+00 -1.024638e+01  3.059701e+01
   endloop
 endfacet
 facet normal  0.000000e+00 -9.659258e-01  2.588190e-01
   outer loop
     vertex -1.900196e+00 -1.026010e+01  3.054582e+01
     vertex  1.736613e+00 -9.026120e+00  3.515109e+01
     vertex  1.008853e+00 -8.928022e+00  3.551720e+01
   endloop
 endfacet
 facet normal -1.036417e-15 -9.659258e-01  2.588190e-01
   outer loop
     vertex -1.900196e+00 -1.026010e+01  3.054582e+01
     vertex -6.933307e-01 -8.903822e+00  3.560752e+01
     vertex -1.994103e+00 -9.079160e+00  3.495315e+01
   endloop
 endfacet
 facet normal  5.317269e-15 -9.659258e-01  2.588190e-01
   outer loop
     vertex -1.900196e+00 -1.026010e+01  3.054582e+01
     vertex -2.845442e+00 -9.413250e+00  3.370631e+01
     vertex -2.932431e+00 -9.495393e+00  3.339974e+01
   endloop
 endfacet
 facet normal  3.909751e-15 -9.659258e-01  2.588190e-01
   outer loop
     vertex -1.900196e+00 -1.026010e+01  3.054582e+01
     vertex -2.876511e-01 -8.886379e+00  3.567262e+01
     vertex -6.933307e-01 -8.903822e+00  3.560752e+01
   endloop
 endfacet
 facet normal -2.728735e-15 -9.659258e-01  2.588190e-01
   outer loop
     vertex -1.900196e+00 -1.026010e+01  3.054582e+01
     vertex -2.932431e+00 -9.495393e+00  3.339974e+01
     vertex -2.984134e+00 -9.579509e+00  3.308582e+01
   endloop
 endfacet
 facet normal -1.457163e-14 -9.659258e-01  2.588190e-01
   outer loop
     vertex -1.900196e+00 -1.026010e+01  3.054582e+01
     vertex -2.741194e+00 -9.974747e+00  3.161077e+01
     vertex -2.143034e+00 -1.020262e+01  3.076034e+01
   endloop
 endfacet
 facet normal  1.572816e-14 -9.659258e-01  2.588190e-01
   outer loop
     vertex -1.900196e+00 -1.026010e+01  3.054582e+01
     vertex -1.994103e+00 -9.079160e+00  3.495315e+01
     vertex -2.054841e+00 -9.093537e+00  3.489949e+01
   endloop
 endfacet
 facet normal  9.666879e-15 -9.659258e-01  2.588190e-01
   outer loop
     vertex -1.900196e+00 -1.026010e+01  3.054582e+01
     vertex -2.054841e+00 -9.093537e+00  3.489949e+01
     vertex -2.114032e+00 -9.108340e+00  3.484424e+01
   endloop
 endfacet
 facet normal -6.511557e-16 -9.659258e-01  2.588190e-01
   outer loop
     vertex -1.900196e+00 -1.026010e+01  3.054582e+01
     vertex -2.114032e+00 -9.108340e+00  3.484424e+01
     vertex -2.688719e+00 -9.314845e+00  3.407356e+01
   endloop
 endfacet
 facet normal -6.653749e-14 -9.659258e-01  2.588190e-01
   outer loop
     vertex -1.900196e+00 -1.026010e+01  3.054582e+01
     vertex -2.143034e+00 -1.020262e+01  3.076034e+01
     vertex -2.024663e+00 -1.023222e+01  3.064986e+01
   endloop
 endfacet
 facet normal -2.487599e-16 -9.659258e-01  2.588190e-01
   outer loop
     vertex -1.900196e+00 -1.026010e+01  3.054582e+01
     vertex  1.008853e+00 -8.928022e+00  3.551720e+01
     vertex -2.876511e-01 -8.886379e+00  3.567262e+01
   endloop
 endfacet
 facet normal -1.798867e-15 -9.659258e-01  2.588190e-01
   outer loop
     vertex -1.900196e+00 -1.026010e+01  3.054582e+01
     vertex  1.868170e+00 -9.051726e+00  3.505553e+01
     vertex  1.803070e+00 -9.038689e+00  3.510419e+01
   endloop
 endfacet
 facet normal  1.799883e-15 -9.659258e-01  2.588190e-01
   outer loop
     vertex -1.900196e+00 -1.026010e+01  3.054582e+01
     vertex  1.803070e+00 -9.038689e+00  3.510419e+01
     vertex  1.736613e+00 -9.026120e+00  3.515109e+01
   endloop
 endfacet
 facet normal -4.582533e-15 -9.659258e-01  2.588190e-01
   outer loop
     vertex -1.900196e+00 -1.026010e+01  3.054582e+01
     vertex -2.688719e+00 -9.314845e+00  3.407356e+01
     vertex -2.845442e+00 -9.413250e+00  3.370631e+01
   endloop
 endfacet
 facet normal  3.276835e-15 -9.659258e-01  2.588190e-01
   outer loop
     vertex -1.900196e+00 -1.026010e+01  3.054582e+01
     vertex -2.984134e+00 -9.579509e+00  3.308582e+01
     vertex -2.741194e+00 -9.974747e+00  3.161077e+01
   endloop
 endfacet
 facet normal  2.937788e-14 -9.659258e-01  2.588190e-01
   outer loop
     vertex  2.385270e+00 -9.188344e+00  3.454567e+01
     vertex  2.227598e+00 -9.139180e+00  3.472915e+01
     vertex  1.868170e+00 -9.051726e+00  3.505553e+01
   endloop
 endfacet
 facet normal  1.119999e-13 -9.659258e-01  2.588190e-01
   outer loop
     vertex  2.385270e+00 -9.188344e+00  3.454567e+01
     vertex  2.334457e+00 -9.171584e+00  3.460821e+01
     vertex  2.281886e+00 -9.155192e+00  3.466939e+01
   endloop
 endfacet
 facet normal -3.625350e-13 -9.659258e-01  2.588190e-01
   outer loop
     vertex  2.385270e+00 -9.188344e+00  3.454567e+01
     vertex  2.281886e+00 -9.155192e+00  3.466939e+01
     vertex  2.227598e+00 -9.139180e+00  3.472915e+01
   endloop
 endfacet
 facet normal -2.963330e-13 -9.659258e-01  2.588190e-01
   outer loop
     vertex  2.481473e+00 -9.222913e+00  3.441665e+01
     vertex  2.434288e+00 -9.205457e+00  3.448180e+01
     vertex  2.385270e+00 -9.188344e+00  3.454567e+01
   endloop
 endfacet
 facet normal -1.624754e-14 -9.659258e-01  2.588190e-01
   outer loop
     vertex  2.526790e+00 -9.240697e+00  3.435028e+01
     vertex  2.385270e+00 -9.188344e+00  3.454567e+01
     vertex  1.868170e+00 -9.051726e+00  3.505553e+01
   endloop
 endfacet
 facet normal -3.578672e-14 -9.659258e-01  2.588190e-01
   outer loop
     vertex  2.526790e+00 -9.240697e+00  3.435028e+01
     vertex  2.481473e+00 -9.222913e+00  3.441665e+01
     vertex  2.385270e+00 -9.188344e+00  3.454567e+01
   endloop
 endfacet
 facet normal -4.045455e-14 -9.659258e-01  2.588190e-01
   outer loop
     vertex -1.564863e+00 -1.032171e+01  3.031587e+01
     vertex -1.770008e+00 -1.028617e+01  3.044852e+01
     vertex -1.702891e+00 -1.029850e+01  3.040250e+01
   endloop
 endfacet
 facet normal  6.544993e-13 -9.659258e-01  2.588190e-01
   outer loop
     vertex -1.564863e+00 -1.032171e+01  3.031587e+01
     vertex -1.702891e+00 -1.029850e+01  3.040250e+01
     vertex -1.634492e+00 -1.031035e+01  3.035827e+01
   endloop
 endfacet
 facet normal -2.169998e-13 -9.659258e-01  2.588190e-01
   outer loop
     vertex  2.651201e+00 -9.295884e+00  3.414432e+01
     vertex  2.611686e+00 -9.277196e+00  3.421407e+01
     vertex  2.570206e+00 -9.258795e+00  3.428274e+01
   endloop
 endfacet
 facet normal  1.244755e-13 -9.659258e-01  2.588190e-01
   outer loop
     vertex  2.651201e+00 -9.295884e+00  3.414432e+01
     vertex  2.570206e+00 -9.258795e+00  3.428274e+01
     vertex  2.526790e+00 -9.240697e+00  3.435028e+01
   endloop
 endfacet
 facet normal -3.020646e-14 -9.659258e-01  2.588190e-01
   outer loop
     vertex -1.275103e+00 -1.036209e+01  3.016519e+01
     vertex -1.900196e+00 -1.026010e+01  3.054582e+01
     vertex -1.835793e+00 -1.027337e+01  3.049631e+01
   endloop
 endfacet
 facet normal  5.552112e-14 -9.659258e-01  2.588190e-01
   outer loop
     vertex -1.275103e+00 -1.036209e+01  3.016519e+01
     vertex -1.835793e+00 -1.027337e+01  3.049631e+01
     vertex -1.770008e+00 -1.028617e+01  3.044852e+01
   endloop
 endfacet
 facet normal  1.439790e-13 -9.659258e-01  2.588190e-01
   outer loop
     vertex -1.275103e+00 -1.036209e+01  3.016519e+01
     vertex -1.564863e+00 -1.032171e+01  3.031587e+01
     vertex -1.494056e+00 -1.033258e+01  3.027534e+01
   endloop
 endfacet
 facet normal -6.690561e-14 -9.659258e-01  2.588190e-01
   outer loop
     vertex -1.275103e+00 -1.036209e+01  3.016519e+01
     vertex -1.494056e+00 -1.033258e+01  3.027534e+01
     vertex -1.422124e+00 -1.034293e+01  3.023669e+01
   endloop
 endfacet
 facet normal  3.231663e-13 -9.659258e-01  2.588190e-01
   outer loop
     vertex -1.275103e+00 -1.036209e+01  3.016519e+01
     vertex -1.422124e+00 -1.034293e+01  3.023669e+01
     vertex -1.349121e+00 -1.035277e+01  3.019996e+01
   endloop
 endfacet
 facet normal -3.897191e-14 -9.659258e-01  2.588190e-01
   outer loop
     vertex -1.275103e+00 -1.036209e+01  3.016519e+01
     vertex -1.770008e+00 -1.028617e+01  3.044852e+01
     vertex -1.564863e+00 -1.032171e+01  3.031587e+01
   endloop
 endfacet
 facet normal  1.955213e-14 -9.659258e-01  2.588190e-01
   outer loop
     vertex -1.200125e+00 -1.037088e+01  3.013239e+01
     vertex -1.900196e+00 -1.026010e+01  3.054582e+01
     vertex -1.275103e+00 -1.036209e+01  3.016519e+01
   endloop
 endfacet
 facet normal -7.536659e-13 -9.659258e-01  2.588190e-01
   outer loop
     vertex  2.757658e+00 -9.353532e+00  3.392918e+01
     vertex  2.724214e+00 -9.334066e+00  3.400182e+01
     vertex  2.688719e+00 -9.314845e+00  3.407356e+01
   endloop
 endfacet
 facet normal  5.959267e-13 -9.659258e-01  2.588190e-01
   outer loop
     vertex  2.789026e+00 -9.373227e+00  3.385567e+01
     vertex  2.757658e+00 -9.353532e+00  3.392918e+01
     vertex  2.688719e+00 -9.314845e+00  3.407356e+01
   endloop
 endfacet
 facet normal  3.050799e-13 -9.659258e-01  2.588190e-01
   outer loop
     vertex  2.789026e+00 -9.373227e+00  3.385567e+01
     vertex  2.688719e+00 -9.314845e+00  3.407356e+01
     vertex  2.651201e+00 -9.295884e+00  3.414432e+01
   endloop
 endfacet
 facet normal  1.245224e-13 -9.659258e-01  2.588190e-01
   outer loop
     vertex -8.917535e-01 -1.040062e+01  3.002139e+01
     vertex -1.200125e+00 -1.037088e+01  3.013239e+01
     vertex -1.124244e+00 -1.037913e+01  3.010158e+01
   endloop
 endfacet
 facet normal -4.395543e-14 -9.659258e-01  2.588190e-01
   outer loop
     vertex -8.917535e-01 -1.040062e+01  3.002139e+01
     vertex -1.124244e+00 -1.037913e+01  3.010158e+01
     vertex -1.047516e+00 -1.038684e+01  3.007280e+01
   endloop
 endfacet
 facet normal -3.342497e-13 -9.659258e-01  2.588190e-01
   outer loop
     vertex -8.917535e-01 -1.040062e+01  3.002139e+01
     vertex -1.047516e+00 -1.038684e+01  3.007280e+01
     vertex -9.699999e-01 -1.039401e+01  3.004607e+01
   endloop
 endfacet
 facet normal -4.105923e-15 -9.659258e-01  2.588190e-01
   outer loop
     vertex -8.917535e-01 -1.040062e+01  3.002139e+01
     vertex -1.900196e+00 -1.026010e+01  3.054582e+01
     vertex -1.200125e+00 -1.037088e+01  3.013239e+01
   endloop
 endfacet
 facet normal  2.846664e-13 -9.659258e-01  2.588190e-01
   outer loop
     vertex  2.870447e+00 -9.433546e+00  3.363056e+01
     vertex  2.845442e+00 -9.413250e+00  3.370631e+01
     vertex  2.818295e+00 -9.393138e+00  3.378136e+01
   endloop
 endfacet
 facet normal  3.205245e-13 -9.659258e-01  2.588190e-01
   outer loop
     vertex  2.870447e+00 -9.433546e+00  3.363056e+01
     vertex  2.818295e+00 -9.393138e+00  3.378136e+01
     vertex  2.789026e+00 -9.373227e+00  3.385567e+01
   endloop
 endfacet
 facet normal  3.904009e-14 -9.659258e-01  2.588190e-01
   outer loop
     vertex -8.128358e-01 -1.040667e+01  2.999881e+01
     vertex -1.900196e+00 -1.026010e+01  3.054582e+01
     vertex -8.917535e-01 -1.040062e+01  3.002139e+01
   endloop
 endfacet
 facet normal -6.610301e-14 -9.659258e-01  2.588190e-01
   outer loop
     vertex  2.893292e+00 -9.454013e+00  3.355418e+01
     vertex  2.789026e+00 -9.373227e+00  3.385567e+01
     vertex  2.651201e+00 -9.295884e+00  3.414432e+01
   endloop
 endfacet
 facet normal  7.782651e-14 -9.659258e-01  2.588190e-01
   outer loop
     vertex  2.893292e+00 -9.454013e+00  3.355418e+01
     vertex  2.870447e+00 -9.433546e+00  3.363056e+01
     vertex  2.789026e+00 -9.373227e+00  3.385567e+01
   endloop
 endfacet
 facet normal  3.630352e-15 -9.659258e-01  2.588190e-01
   outer loop
     vertex  2.893292e+00 -9.454013e+00  3.355418e+01
     vertex  2.526790e+00 -9.240697e+00  3.435028e+01
     vertex  1.868170e+00 -9.051726e+00  3.505553e+01
   endloop
 endfacet
 facet normal -1.251808e-14 -9.659258e-01  2.588190e-01
   outer loop
     vertex  2.893292e+00 -9.454013e+00  3.355418e+01
     vertex  2.651201e+00 -9.295884e+00  3.414432e+01
     vertex  2.526790e+00 -9.240697e+00  3.435028e+01
   endloop
 endfacet
 facet normal  1.819998e-13 -9.659258e-01  2.588190e-01
   outer loop
     vertex  2.932431e+00 -9.495393e+00  3.339974e+01
     vertex  2.913958e+00 -9.474634e+00  3.347722e+01
     vertex  2.893292e+00 -9.454013e+00  3.355418e+01
   endloop
 endfacet
 facet normal  1.026923e-13 -9.659258e-01  2.588190e-01
   outer loop
     vertex -5.726514e-01 -1.042144e+01  2.994370e+01
     vertex -8.128358e-01 -1.040667e+01  2.999881e+01
     vertex -7.333063e-01 -1.041216e+01  2.997832e+01
   endloop
 endfacet
 facet normal  3.120830e-14 -9.659258e-01  2.588190e-01
   outer loop
     vertex -5.726514e-01 -1.042144e+01  2.994370e+01
     vertex -7.333063e-01 -1.041216e+01  2.997832e+01
     vertex -6.532247e-01 -1.041709e+01  2.995994e+01
   endloop
 endfacet
 facet normal -4.251273e-14 -9.659258e-01  2.588190e-01
   outer loop
     vertex -4.916471e-01 -1.042522e+01  2.992959e+01
     vertex -8.128358e-01 -1.040667e+01  2.999881e+01
     vertex -5.726514e-01 -1.042144e+01  2.994370e+01
   endloop
 endfacet
 facet normal  5.436661e-13 -9.659258e-01  2.588190e-01
   outer loop
     vertex  2.962742e+00 -9.537268e+00  3.324347e+01
     vertex  2.948697e+00 -9.516277e+00  3.332180e+01
     vertex  2.932431e+00 -9.495393e+00  3.339974e+01
   endloop
 endfacet
 facet normal -7.587609e-14 -9.659258e-01  2.588190e-01
   outer loop
     vertex  2.984134e+00 -9.579509e+00  3.308582e+01
     vertex  2.962742e+00 -9.537268e+00  3.324347e+01
     vertex  2.932431e+00 -9.495393e+00  3.339974e+01
   endloop
 endfacet
 facet normal  2.053331e-13 -9.659258e-01  2.588190e-01
   outer loop
     vertex  2.984134e+00 -9.579509e+00  3.308582e+01
     vertex  2.974558e+00 -9.558350e+00  3.316478e+01
     vertex  2.962742e+00 -9.537268e+00  3.324347e+01
   endloop
 endfacet
 facet normal -4.803978e-14 -9.659258e-01  2.588190e-01
   outer loop
     vertex -2.466587e-01 -1.043309e+01  2.990022e+01
     vertex -4.916471e-01 -1.042522e+01  2.992959e+01
     vertex -4.102726e-01 -1.042842e+01  2.991764e+01
   endloop
 endfacet
 facet normal -1.071509e-13 -9.659258e-01  2.588190e-01
   outer loop
     vertex -2.466587e-01 -1.043309e+01  2.990022e+01
     vertex -4.102726e-01 -1.042842e+01  2.991764e+01
     vertex -3.285893e-01 -1.043104e+01  2.990785e+01
   endloop
 endfacet
 facet normal -2.195810e-13 -9.659258e-01  2.588190e-01
   outer loop
     vertex  2.991464e+00 -9.600728e+00  3.300663e+01
     vertex  2.984134e+00 -9.579509e+00  3.308582e+01
     vertex  2.932431e+00 -9.495393e+00  3.339974e+01
   endloop
 endfacet
 facet normal  1.929736e-15 -9.659258e-01  2.588190e-01
   outer loop
     vertex -7.347881e-16 -1.043572e+01  2.989041e+01
     vertex -2.466587e-01 -1.043309e+01  2.990022e+01
     vertex -1.645423e-01 -1.043455e+01  2.989477e+01
   endloop
 endfacet
 facet normal  2.640948e-15 -9.659258e-01  2.588190e-01
   outer loop
     vertex -7.347881e-16 -1.043572e+01  2.989041e+01
     vertex -1.645423e-01 -1.043455e+01  2.989477e+01
     vertex -8.230214e-02 -1.043542e+01  2.989150e+01
   endloop
 endfacet
 facet normal  1.346121e-14 -9.659258e-01  2.588190e-01
   outer loop
     vertex -7.347881e-16 -1.043572e+01  2.989041e+01
     vertex -4.916471e-01 -1.042522e+01  2.992959e+01
     vertex -2.466587e-01 -1.043309e+01  2.990022e+01
   endloop
 endfacet
 facet normal -9.029991e-13 -9.659258e-01  2.588190e-01
   outer loop
     vertex  2.999929e+00 -9.664584e+00  3.276831e+01
     vertex  2.999365e+00 -9.643281e+00  3.284782e+01
     vertex  2.996542e+00 -9.621991e+00  3.292728e+01
   endloop
 endfacet
 facet normal  4.495015e-16 -9.659258e-01  2.588190e-01
   outer loop
     vertex  8.230214e-02 -1.043542e+01  2.989150e+01
     vertex -8.128358e-01 -1.040667e+01  2.999881e+01
     vertex -4.916471e-01 -1.042522e+01  2.992959e+01
   endloop
 endfacet
 facet normal -1.291344e-14 -9.659258e-01  2.588190e-01
   outer loop
     vertex  8.230214e-02 -1.043542e+01  2.989150e+01
     vertex -4.916471e-01 -1.042522e+01  2.992959e+01
     vertex -7.347881e-16 -1.043572e+01  2.989041e+01
   endloop
 endfacet
 facet normal -7.186659e-13 -9.659258e-01  2.588190e-01
   outer loop
     vertex  2.994285e+00 -9.707162e+00  3.260941e+01
     vertex  2.998236e+00 -9.685883e+00  3.268883e+01
     vertex  2.999929e+00 -9.664584e+00  3.276831e+01
   endloop
 endfacet
 facet normal -4.906375e-14 -9.659258e-01  2.588190e-01
   outer loop
     vertex  2.466587e-01 -1.043309e+01  2.990022e+01
     vertex  8.230214e-02 -1.043542e+01  2.989150e+01
     vertex  1.645423e-01 -1.043455e+01  2.989477e+01
   endloop
 endfacet
 facet normal -5.101503e-18 -9.659258e-01  2.588190e-01
   outer loop
     vertex  3.285893e-01 -1.043104e+01  2.990785e+01
     vertex -8.128358e-01 -1.040667e+01  2.999881e+01
     vertex  8.230214e-02 -1.043542e+01  2.989150e+01
   endloop
 endfacet
 facet normal  2.984253e-14 -9.659258e-01  2.588190e-01
   outer loop
     vertex  3.285893e-01 -1.043104e+01  2.990785e+01
     vertex  8.230214e-02 -1.043542e+01  2.989150e+01
     vertex  2.466587e-01 -1.043309e+01  2.990022e+01
   endloop
 endfacet
 facet normal -5.109995e-13 -9.659258e-01  2.588190e-01
   outer loop
     vertex  2.979626e+00 -9.749595e+00  3.245105e+01
     vertex  2.988080e+00 -9.728405e+00  3.253013e+01
     vertex  2.994285e+00 -9.707162e+00  3.260941e+01
   endloop
 endfacet
 facet normal -8.611449e-14 -9.659258e-01  2.588190e-01
   outer loop
     vertex  4.916471e-01 -1.042522e+01  2.992959e+01
     vertex  3.285893e-01 -1.043104e+01  2.990785e+01
     vertex  4.102726e-01 -1.042842e+01  2.991764e+01
   endloop
 endfacet
 facet normal  4.212931e-14 -9.659258e-01  2.588190e-01
   outer loop
     vertex  2.955998e+00 -9.791757e+00  3.229370e+01
     vertex  2.999929e+00 -9.664584e+00  3.276831e+01
     vertex  2.996542e+00 -9.621991e+00  3.292728e+01
   endloop
 endfacet
 facet normal -1.525998e-12 -9.659258e-01  2.588190e-01
   outer loop
     vertex  2.955998e+00 -9.791757e+00  3.229370e+01
     vertex  2.968930e+00 -9.770718e+00  3.237222e+01
     vertex  2.979626e+00 -9.749595e+00  3.245105e+01
   endloop
 endfacet
 facet normal -5.452986e-14 -9.659258e-01  2.588190e-01
   outer loop
     vertex  2.955998e+00 -9.791757e+00  3.229370e+01
     vertex  2.994285e+00 -9.707162e+00  3.260941e+01
     vertex  2.999929e+00 -9.664584e+00  3.276831e+01
   endloop
 endfacet
 facet normal  1.041602e-14 -9.659258e-01  2.588190e-01
   outer loop
     vertex  2.955998e+00 -9.791757e+00  3.229370e+01
     vertex  2.996542e+00 -9.621991e+00  3.292728e+01
     vertex  2.991464e+00 -9.600728e+00  3.300663e+01
   endloop
 endfacet
 facet normal  0.000000e+00 -9.659258e-01  2.588190e-01
   outer loop
     vertex  2.955998e+00 -9.791757e+00  3.229370e+01
     vertex  2.991464e+00 -9.600728e+00  3.300663e+01
     vertex  2.932431e+00 -9.495393e+00  3.339974e+01
   endloop
 endfacet
 facet normal  2.918311e-14 -9.659258e-01  2.588190e-01
   outer loop
     vertex  2.955998e+00 -9.791757e+00  3.229370e+01
     vertex  2.979626e+00 -9.749595e+00  3.245105e+01
     vertex  2.994285e+00 -9.707162e+00  3.260941e+01
   endloop
 endfacet
 facet normal  5.956350e-14 -9.659258e-01  2.588190e-01
   outer loop
     vertex  5.726514e-01 -1.042144e+01  2.994370e+01
     vertex  3.285893e-01 -1.043104e+01  2.990785e+01
     vertex  4.916471e-01 -1.042522e+01  2.992959e+01
   endloop
 endfacet
 facet normal -5.027465e-16 -9.659258e-01  2.588190e-01
   outer loop
     vertex  5.726514e-01 -1.042144e+01  2.994370e+01
     vertex -8.128358e-01 -1.040667e+01  2.999881e+01
     vertex  3.285893e-01 -1.043104e+01  2.990785e+01
   endloop
 endfacet
 facet normal  5.016661e-14 -9.659258e-01  2.588190e-01
   outer loop
     vertex  7.333063e-01 -1.041216e+01  2.997832e+01
     vertex  5.726514e-01 -1.042144e+01  2.994370e+01
     vertex  6.532247e-01 -1.041709e+01  2.995994e+01
   endloop
 endfacet
 facet normal -4.713328e-13 -9.659258e-01  2.588190e-01
   outer loop
     vertex  2.903898e+00 -9.854212e+00  3.206061e+01
     vertex  2.923470e+00 -9.833519e+00  3.213784e+01
     vertex  2.940841e+00 -9.812696e+00  3.221555e+01
   endloop
 endfacet
 facet normal  3.734266e-13 -9.659258e-01  2.588190e-01
   outer loop
     vertex  2.903898e+00 -9.854212e+00  3.206061e+01
     vertex  2.940841e+00 -9.812696e+00  3.221555e+01
     vertex  2.955998e+00 -9.791757e+00  3.229370e+01
   endloop
 endfacet
 facet normal  3.792614e-14 -9.659258e-01  2.588190e-01
   outer loop
     vertex  8.128358e-01 -1.040667e+01  2.999881e+01
     vertex  5.726514e-01 -1.042144e+01  2.994370e+01
     vertex  7.333063e-01 -1.041216e+01  2.997832e+01
   endloop
 endfacet
 facet normal -1.131237e-15 -9.659258e-01  2.588190e-01
   outer loop
     vertex  8.128358e-01 -1.040667e+01  2.999881e+01
     vertex -8.128358e-01 -1.040667e+01  2.999881e+01
     vertex  5.726514e-01 -1.042144e+01  2.994370e+01
   endloop
 endfacet
 facet normal -1.130731e-15 -9.659258e-01  2.588190e-01
   outer loop
     vertex  8.917535e-01 -1.040062e+01  3.002139e+01
     vertex -8.128358e-01 -1.040667e+01  2.999881e+01
     vertex  8.128358e-01 -1.040667e+01  2.999881e+01
   endloop
 endfacet
 facet normal  1.469918e-13 -9.659258e-01  2.588190e-01
   outer loop
     vertex  2.858214e+00 -9.895141e+00  3.190786e+01
     vertex  2.903898e+00 -9.854212e+00  3.206061e+01
     vertex  2.955998e+00 -9.791757e+00  3.229370e+01
   endloop
 endfacet
 facet normal -2.776664e-13 -9.659258e-01  2.588190e-01
   outer loop
     vertex  2.858214e+00 -9.895141e+00  3.190786e+01
     vertex  2.882141e+00 -9.874757e+00  3.198394e+01
     vertex  2.903898e+00 -9.854212e+00  3.206061e+01
   endloop
 endfacet
 facet normal -1.497258e-15 -9.659258e-01  2.588190e-01
   outer loop
     vertex  9.699999e-01 -1.039401e+01  3.004607e+01
     vertex -8.128358e-01 -1.040667e+01  2.999881e+01
     vertex  8.917535e-01 -1.040062e+01  3.002139e+01
   endloop
 endfacet
 facet normal -8.726420e-14 -9.659258e-01  2.588190e-01
   outer loop
     vertex  2.832135e+00 -9.915347e+00  3.183246e+01
     vertex  2.858214e+00 -9.895141e+00  3.190786e+01
     vertex  2.955998e+00 -9.791757e+00  3.229370e+01
   endloop
 endfacet
 facet normal -1.287671e-13 -9.659258e-01  2.588190e-01
   outer loop
     vertex  2.803925e+00 -9.935360e+00  3.175777e+01
     vertex  2.832135e+00 -9.915347e+00  3.183246e+01
     vertex  2.955998e+00 -9.791757e+00  3.229370e+01
   endloop
 endfacet
 facet normal -7.001750e-15 -9.659258e-01  2.588190e-01
   outer loop
     vertex  1.200125e+00 -1.037088e+01  3.013239e+01
     vertex  9.699999e-01 -1.039401e+01  3.004607e+01
     vertex  1.047516e+00 -1.038684e+01  3.007280e+01
   endloop
 endfacet
 facet normal  2.619164e-13 -9.659258e-01  2.588190e-01
   outer loop
     vertex  1.200125e+00 -1.037088e+01  3.013239e+01
     vertex  1.047516e+00 -1.038684e+01  3.007280e+01
     vertex  1.124244e+00 -1.037913e+01  3.010158e+01
   endloop
 endfacet
 facet normal -3.873329e-13 -9.659258e-01  2.588190e-01
   outer loop
     vertex  2.706721e+00 -9.994092e+00  3.153857e+01
     vertex  2.741194e+00 -9.974747e+00  3.161077e+01
     vertex  2.773603e+00 -9.955165e+00  3.168385e+01
   endloop
 endfacet
 facet normal -1.089161e-13 -9.659258e-01  2.588190e-01
   outer loop
     vertex  2.706721e+00 -9.994092e+00  3.153857e+01
     vertex  2.773603e+00 -9.955165e+00  3.168385e+01
     vertex  2.803925e+00 -9.935360e+00  3.175777e+01
   endloop
 endfacet
 facet normal -5.574476e-14 -9.659258e-01  2.588190e-01
   outer loop
     vertex  1.349121e+00 -1.035277e+01  3.019996e+01
     vertex  9.699999e-01 -1.039401e+01  3.004607e+01
     vertex  1.200125e+00 -1.037088e+01  3.013239e+01
   endloop
 endfacet
 facet normal  3.954996e-13 -9.659258e-01  2.588190e-01
   outer loop
     vertex  1.349121e+00 -1.035277e+01  3.019996e+01
     vertex  1.200125e+00 -1.037088e+01  3.013239e+01
     vertex  1.275103e+00 -1.036209e+01  3.016519e+01
   endloop
 endfacet
 facet normal -1.651787e-14 -9.659258e-01  2.588190e-01
   outer loop
     vertex  1.422124e+00 -1.034293e+01  3.023669e+01
     vertex  9.699999e-01 -1.039401e+01  3.004607e+01
     vertex  1.349121e+00 -1.035277e+01  3.019996e+01
   endloop
 endfacet
 facet normal -9.218129e-14 -9.659258e-01  2.588190e-01
   outer loop
     vertex  2.631691e+00 -1.003201e+01  3.139706e+01
     vertex  2.706721e+00 -9.994092e+00  3.153857e+01
     vertex  2.803925e+00 -9.935360e+00  3.175777e+01
   endloop
 endfacet
 facet normal  2.863433e-15 -9.659258e-01  2.588190e-01
   outer loop
     vertex  2.631691e+00 -1.003201e+01  3.139706e+01
     vertex  2.803925e+00 -9.935360e+00  3.175777e+01
     vertex  2.955998e+00 -9.791757e+00  3.229370e+01
   endloop
 endfacet
 facet normal  4.036662e-13 -9.659258e-01  2.588190e-01
   outer loop
     vertex  2.631691e+00 -1.003201e+01  3.139706e+01
     vertex  2.670211e+00 -1.001319e+01  3.146732e+01
     vertex  2.706721e+00 -9.994092e+00  3.153857e+01
   endloop
 endfacet
 facet normal -2.639949e-14 -9.659258e-01  2.588190e-01
   outer loop
     vertex  1.494056e+00 -1.033258e+01  3.027534e+01
     vertex  9.699999e-01 -1.039401e+01  3.004607e+01
     vertex  1.422124e+00 -1.034293e+01  3.023669e+01
   endloop
 endfacet
 facet normal -9.356657e-13 -9.659258e-01  2.588190e-01
   outer loop
     vertex  2.548738e+00 -1.006881e+01  3.125973e+01
     vertex  2.591190e+00 -1.005056e+01  3.132784e+01
     vertex  2.631691e+00 -1.003201e+01  3.139706e+01
   endloop
 endfacet
 facet normal  6.962389e-15 -9.659258e-01  2.588190e-01
   outer loop
     vertex  2.548738e+00 -1.006881e+01  3.125973e+01
     vertex  2.631691e+00 -1.003201e+01  3.139706e+01
     vertex  2.955998e+00 -9.791757e+00  3.229370e+01
   endloop
 endfacet
 facet normal -3.742046e-13 -9.659258e-01  2.588190e-01
   outer loop
     vertex  1.702891e+00 -1.029850e+01  3.040250e+01
     vertex  1.494056e+00 -1.033258e+01  3.027534e+01
     vertex  1.564863e+00 -1.032171e+01  3.031587e+01
   endloop
 endfacet
 facet normal -5.833327e-15 -9.659258e-01  2.588190e-01
   outer loop
     vertex  1.702891e+00 -1.029850e+01  3.040250e+01
     vertex  1.564863e+00 -1.032171e+01  3.031587e+01
     vertex  1.634492e+00 -1.031035e+01  3.035827e+01
   endloop
 endfacet
 facet normal -9.286657e-13 -9.659258e-01  2.588190e-01
   outer loop
     vertex  2.458112e+00 -1.010437e+01  3.112700e+01
     vertex  2.504367e+00 -1.008675e+01  3.119276e+01
     vertex  2.548738e+00 -1.006881e+01  3.125973e+01
   endloop
 endfacet
 facet normal  2.046837e-13 -9.659258e-01  2.588190e-01
   outer loop
     vertex  1.770008e+00 -1.028617e+01  3.044852e+01
     vertex  1.494056e+00 -1.033258e+01  3.027534e+01
     vertex  1.702891e+00 -1.029850e+01  3.040250e+01
   endloop
 endfacet
 facet normal  1.859354e-13 -9.659258e-01  2.588190e-01
   outer loop
     vertex  2.410006e+00 -1.012166e+01  3.106249e+01
     vertex  2.458112e+00 -1.010437e+01  3.112700e+01
     vertex  2.548738e+00 -1.006881e+01  3.125973e+01
   endloop
 endfacet
 facet normal -2.560808e-15 -9.659258e-01  2.588190e-01
   outer loop
     vertex  2.360085e+00 -1.013860e+01  3.099927e+01
     vertex  2.548738e+00 -1.006881e+01  3.125973e+01
     vertex  2.955998e+00 -9.791757e+00  3.229370e+01
   endloop
 endfacet
 facet normal -2.039055e-13 -9.659258e-01  2.588190e-01
   outer loop
     vertex  2.360085e+00 -1.013860e+01  3.099927e+01
     vertex  2.410006e+00 -1.012166e+01  3.106249e+01
     vertex  2.548738e+00 -1.006881e+01  3.125973e+01
   endloop
 endfacet
 facet normal -6.439993e-13 -9.659258e-01  2.588190e-01
   outer loop
     vertex  2.254954e+00 -1.017138e+01  3.087693e+01
     vertex  2.308389e+00 -1.015517e+01  3.093740e+01
     vertex  2.360085e+00 -1.013860e+01  3.099927e+01
   endloop
 endfacet
 facet normal  1.160098e-14 -9.659258e-01  2.588190e-01
   outer loop
     vertex  2.254954e+00 -1.017138e+01  3.087693e+01
     vertex  2.932431e+00 -9.495393e+00  3.339974e+01
     vertex  2.893292e+00 -9.454013e+00  3.355418e+01
   endloop
 endfacet
 facet normal  1.538226e-14 -9.659258e-01  2.588190e-01
   outer loop
     vertex  2.254954e+00 -1.017138e+01  3.087693e+01
     vertex  2.360085e+00 -1.013860e+01  3.099927e+01
     vertex  2.955998e+00 -9.791757e+00  3.229370e+01
   endloop
 endfacet
 facet normal -3.977852e-16 -9.659258e-01  2.588190e-01
   outer loop
     vertex  2.254954e+00 -1.017138e+01  3.087693e+01
     vertex  2.955998e+00 -9.791757e+00  3.229370e+01
     vertex  2.932431e+00 -9.495393e+00  3.339974e+01
   endloop
 endfacet
 facet normal -1.901193e-14 -9.659258e-01  2.588190e-01
   outer loop
     vertex  2.024663e+00 -1.023222e+01  3.064986e+01
     vertex  1.494056e+00 -1.033258e+01  3.027534e+01
     vertex  1.770008e+00 -1.028617e+01  3.044852e+01
   endloop
 endfacet
 facet normal  1.603226e-13 -9.659258e-01  2.588190e-01
   outer loop
     vertex  2.024663e+00 -1.023222e+01  3.064986e+01
     vertex  1.770008e+00 -1.028617e+01  3.044852e+01
     vertex  1.835793e+00 -1.027337e+01  3.049631e+01
   endloop
 endfacet
 facet normal -7.935316e-14 -9.659258e-01  2.588190e-01
   outer loop
     vertex  2.024663e+00 -1.023222e+01  3.064986e+01
     vertex  1.835793e+00 -1.027337e+01  3.049631e+01
     vertex  1.900196e+00 -1.026010e+01  3.054582e+01
   endloop
 endfacet
 facet normal -1.283332e-13 -9.659258e-01  2.588190e-01
   outer loop
     vertex  2.024663e+00 -1.023222e+01  3.064986e+01
     vertex  1.900196e+00 -1.026010e+01  3.054582e+01
     vertex  1.963168e+00 -1.024638e+01  3.059701e+01
   endloop
 endfacet
 facet normal -2.421253e-16 -9.659258e-01  2.588190e-01
   outer loop
     vertex  2.143034e+00 -1.020262e+01  3.076034e+01
     vertex -8.128358e-01 -1.040667e+01  2.999881e+01
     vertex  9.699999e-01 -1.039401e+01  3.004607e+01
   endloop
 endfacet
 facet normal -2.449997e-14 -9.659258e-01  2.588190e-01
   outer loop
     vertex  2.143034e+00 -1.020262e+01  3.076034e+01
     vertex  2.024663e+00 -1.023222e+01  3.064986e+01
     vertex  2.084633e+00 -1.021763e+01  3.070432e+01
   endloop
 endfacet
 facet normal -8.224014e-18 -9.659258e-01  2.588190e-01
   outer loop
     vertex  2.143034e+00 -1.020262e+01  3.076034e+01
     vertex -1.900196e+00 -1.026010e+01  3.054582e+01
     vertex -8.128358e-01 -1.040667e+01  2.999881e+01
   endloop
 endfacet
 facet normal  3.429996e-13 -9.659258e-01  2.588190e-01
   outer loop
     vertex  2.143034e+00 -1.020262e+01  3.076034e+01
     vertex  2.199822e+00 -1.018720e+01  3.081790e+01
     vertex  2.254954e+00 -1.017138e+01  3.087693e+01
   endloop
 endfacet
 facet normal  0.000000e+00 -9.659258e-01  2.588190e-01
   outer loop
     vertex  2.143034e+00 -1.020262e+01  3.076034e+01
     vertex  2.893292e+00 -9.454013e+00  3.355418e+01
     vertex  1.868170e+00 -9.051726e+00  3.505553e+01
   endloop
 endfacet
 facet normal -1.272045e-15 -9.659258e-01  2.588190e-01
   outer loop
     vertex  2.143034e+00 -1.020262e+01  3.076034e+01
     vertex  9.699999e-01 -1.039401e+01  3.004607e+01
     vertex  1.494056e+00 -1.033258e+01  3.027534e+01
   endloop
 endfacet
 facet normal -1.289873e-15 -9.659258e-01  2.588190e-01
   outer loop
     vertex  2.143034e+00 -1.020262e+01  3.076034e+01
     vertex  1.494056e+00 -1.033258e+01  3.027534e+01
     vertex  2.024663e+00 -1.023222e+01  3.064986e+01
   endloop
 endfacet
 facet normal -8.928067e-16 -9.659258e-01  2.588190e-01
   outer loop
     vertex  2.143034e+00 -1.020262e+01  3.076034e+01
     vertex  2.254954e+00 -1.017138e+01  3.087693e+01
     vertex  2.893292e+00 -9.454013e+00  3.355418e+01
   endloop
 endfacet
 facet normal -9.077434e-17 -9.659258e-01  2.588190e-01
   outer loop
     vertex  2.143034e+00 -1.020262e+01  3.076034e+01
     vertex  1.868170e+00 -9.051726e+00  3.505553e+01
     vertex -1.900196e+00 -1.026010e+01  3.054582e+01
   endloop
 endfacet
 facet normal  0.000000e+00 -1.000000e+00 -0.000000e+00
   outer loop
     vertex  4.000000e+00  4.600000e+01  1.800000e+01
     vertex -4.000000e+00  4.600000e+01  8.000000e+00
     vertex  4.000000e+00  4.600000e+01  8.000000e+00
   endloop
 endfacet
 facet normal -0.000000e+00 -1.000000e+00  0.000000e+00
   outer loop
     vertex  4.000000e+00  4.600000e+01  1.800000e+01
     vertex -4.000000e+00  4.600000e+01  1.800000e+01
     vertex -4.000000e+00  4.600000e+01  8.000000e+00
   endloop
 endfacet
 facet normal  0.000000e+00  0.000000e+00  1.000000e+00
   outer loop
     vertex  4.000000e+00  5.400000e+01  1.800000e+01
     vertex -4.000000e+00  5.400000e+01  1.800000e+01
     vertex -4.000000e+00  4.600000e+01  1.800000e+01
   endloop
 endfacet
 facet normal  0.000000e+00  0.000000e+00  1.000000e+00
   outer loop
     vertex  4.000000e+00  5.400000e+01  1.800000e+01
     vertex -4.000000e+00  4.600000e+01  1.800000e+01
     vertex  4.000000e+00  4.600000e+01  1.800000e+01
   endloop
 endfacet
 facet normal  0.000000e+00  0.000000e+00 -1.000000e+00
   outer loop
     vertex  4.000000e+00  4.000000e+00  0.000000e+00
     vertex  7.500000e+00  4.000000e+00  0.000000e+00
     vertex  7.500000e+00  0.000000e+00  0.000000e+00
   endloop
 endfacet
 facet normal  0.000000e+00 -0.000000e+00 -1.000000e+00
   outer loop
     vertex -4.000000e+00  4.000000e+00  0.000000e+00
     vertex  7.500000e+00  0.000000e+00  0.000000e+00
     vertex -7.500000e+00  0.000000e+00  0.000000e+00
   endloop
 endfacet
 facet normal  0.000000e+00  0.000000e+00 -1.000000e+00
   outer loop
     vertex -4.000000e+00  4.000000e+00  0.000000e+00
     vertex  4.000000e+00  4.000000e+00  0.000000e+00
     vertex  7.500000e+00  0.000000e+00  0.000000e+00
   endloop
 endfacet
 facet normal  0.000000e+00  0.000000e+00 -1.000000e+00
   outer loop
     vertex -7.500000e+00  4.000000e+00  0.000000e+00
     vertex -4.000000e+00  4.000000e+00  0.000000e+00
     vertex -7.500000e+00  0.000000e+00  0.000000e+00
   endloop
 endfacet
 facet normal  0.000000e+00  0.000000e+00 -1.000000e+00
   outer loop
     vertex -4.000000e+00  5.400000e+01  0.000000e+00
     vertex  4.000000e+00  5.400000e+01  0.000000e+00
     vertex  4.000000e+00  4.000000e+00  0.000000e+00
   endloop
 endfacet
 facet normal  0.000000e+00  0.000000e+00 -1.000000e+00
   outer loop
     vertex -4.000000e+00  5.400000e+01  0.000000e+00
     vertex  4.000000e+00  4.000000e+00  0.000000e+00
     vertex -4.000000e+00  4.000000e+00  0.000000e+00
   endloop
 endfacet
 facet normal -1.000000e+00  0.000000e+00  0.000000e+00
   outer loop
     vertex -4.000000e+00  4.600000e+01  8.000000e+00
     vertex -4.000000e+00  4.600000e+01  1.800000e+01
     vertex -4.000000e+00  5.400000e+01  1.800000e+01
   endloop
 endfacet
 facet normal -1.000000e+00  0.000000e+00  0.000000e+00
   outer loop
     vertex -4.000000e+00  5.400000e+01  0.000000e+00
     vertex -4.000000e+00  4.600000e+01  8.000000e+00
     vertex -4.000000e+00  5.400000e+01  1.800000e+01
   endloop
 endfacet
 facet normal -1.000000e+00  0.000000e+00  0.000000e+00
   outer loop
     vertex -4.000000e+00  4.000000e+00  0.000000e+00
     vertex -4.000000e+00  4.000000e+00  8.000000e+00
     vertex -4.000000e+00  4.600000e+01  8.000000e+00
   endloop
 endfacet
 facet normal -1.000000e+00  0.000000e+00  0.000000e+00
   outer loop
     vertex -4.000000e+00  4.000000e+00  0.000000e+00
     vertex -4.000000e+00  4.600000e+01  8.000000e+00
     vertex -4.000000e+00  5.400000e+01  0.000000e+00
   endloop
 endfacet
 facet normal  1.000000e+00  0.000000e+00  0.000000e+00
   outer loop
     vertex  4.000000e+00  5.400000e+01  1.800000e+01
     vertex  4.000000e+00  4.600000e+01  8.000000e+00
     vertex  4.000000e+00  5.400000e+01  0.000000e+00
   endloop
 endfacet
 facet normal  1.000000e+00 -0.000000e+00  0.000000e+00
   outer loop
     vertex  4.000000e+00  4.600000e+01  1.800000e+01
     vertex  4.000000e+00  4.600000e+01  8.000000e+00
     vertex  4.000000e+00  5.400000e+01  1.800000e+01
   endloop
 endfacet
 facet normal  1.000000e+00  0.000000e+00  0.000000e+00
   outer loop
     vertex  4.000000e+00  4.000000e+00  0.000000e+00
     vertex  4.000000e+00  5.400000e+01  0.000000e+00
     vertex  4.000000e+00  4.600000e+01  8.000000e+00
   endloop
 endfacet
 facet normal  1.000000e+00 -0.000000e+00  0.000000e+00
   outer loop
     vertex  4.000000e+00  4.000000e+00  8.000000e+00
     vertex  4.000000e+00  4.000000e+00  0.000000e+00
     vertex  4.000000e+00  4.600000e+01  8.000000e+00
   endloop
 endfacet
 facet normal  0.000000e+00  1.000000e+00  0.000000e+00
   outer loop
     vertex  4.000000e+00  5.400000e+01  1.800000e+01
     vertex  4.000000e+00  5.400000e+01  0.000000e+00
     vertex -4.000000e+00  5.400000e+01  0.000000e+00
   endloop
 endfacet
 facet normal  0.000000e+00  1.000000e+00  0.000000e+00
   outer loop
     vertex  4.000000e+00  5.400000e+01  1.800000e+01
     vertex -4.000000e+00  5.400000e+01  0.000000e+00
     vertex -4.000000e+00  5.400000e+01  1.800000e+01
   endloop
 endfacet
endsolid
