solid 
 facet normal -1.000000e+00  0.000000e+00  0.000000e+00
   outer loop
     vertex  0.000000e+00  0.000000e+00  7.000000e+01
     vertex  0.000000e+00  9.000000e+01  0.000000e+00
     vertex  0.000000e+00  0.000000e+00  0.000000e+00
   endloop
 endfacet
 facet normal -1.000000e+00  0.000000e+00  0.000000e+00
   outer loop
     vertex  0.000000e+00  0.000000e+00  7.000000e+01
     vertex  0.000000e+00  9.000000e+01  7.000000e+01
     vertex  0.000000e+00  9.000000e+01  0.000000e+00
   endloop
 endfacet
 facet normal -3.590433e-14 -1.000000e+00  1.140155e-14
   outer loop
     vertex  8.504117e+00  0.000000e+00  2.678010e+01
     vertex  0.000000e+00  0.000000e+00  0.000000e+00
     vertex  8.659802e+00 -1.676437e-14  2.580000e+01
   endloop
 endfacet
 facet normal  0.000000e+00 -1.000000e+00 -0.000000e+00
   outer loop
     vertex  8.374390e+00  0.000000e+00  2.776403e+01
     vertex  0.000000e+00  0.000000e+00  0.000000e+00
     vertex  8.504117e+00  0.000000e+00  2.678010e+01
   endloop
 endfacet
 facet normal  0.000000e+00 -1.000000e+00 -0.000000e+00
   outer loop
     vertex  8.270714e+00  0.000000e+00  2.875111e+01
     vertex  0.000000e+00  0.000000e+00  0.000000e+00
     vertex  8.374390e+00  0.000000e+00  2.776403e+01
   endloop
 endfacet
 facet normal  0.000000e+00 -1.000000e+00 -0.000000e+00
   outer loop
     vertex  8.193161e+00  0.000000e+00  2.974062e+01
     vertex  0.000000e+00  0.000000e+00  0.000000e+00
     vertex  8.270714e+00  0.000000e+00  2.875111e+01
   endloop
 endfacet
 facet normal  0.000000e+00 -1.000000e+00 -0.000000e+00
   outer loop
     vertex  8.141788e+00  0.000000e+00  3.073187e+01
     vertex  0.000000e+00  0.000000e+00  0.000000e+00
     vertex  8.193161e+00  0.000000e+00  2.974062e+01
   endloop
 endfacet
 facet normal  0.000000e+00 -1.000000e+00 -0.000000e+00
   outer loop
     vertex  8.116630e+00  0.000000e+00  3.172415e+01
     vertex  0.000000e+00  0.000000e+00  0.000000e+00
     vertex  8.141788e+00  0.000000e+00  3.073187e+01
   endloop
 endfacet
 facet normal  0.000000e+00 -1.000000e+00  0.000000e+00
   outer loop
     vertex  8.117706e+00  0.000000e+00  3.271676e+01
     vertex  0.000000e+00  0.000000e+00  0.000000e+00
     vertex  8.116630e+00  0.000000e+00  3.172415e+01
   endloop
 endfacet
 facet normal  0.000000e+00 -1.000000e+00  0.000000e+00
   outer loop
     vertex  9.000000e+01  0.000000e+00  7.000000e+01
     vertex  7.190066e+01  0.000000e+00  5.764507e+01
     vertex  7.256411e+01  0.000000e+00  5.691219e+01
   endloop
 endfacet
 facet normal  0.000000e+00 -1.000000e+00  0.000000e+00
   outer loop
     vertex  9.000000e+01  0.000000e+00  7.000000e+01
     vertex  7.256411e+01  0.000000e+00  5.691219e+01
     vertex  7.320795e+01  0.000000e+00  5.616171e+01
   endloop
 endfacet
 facet normal  0.000000e+00 -1.000000e+00  0.000000e+00
   outer loop
     vertex  9.000000e+01  0.000000e+00  7.000000e+01
     vertex  7.320795e+01  0.000000e+00  5.616171e+01
     vertex  7.383173e+01  0.000000e+00  5.539417e+01
   endloop
 endfacet
 facet normal  0.000000e+00 -1.000000e+00  0.000000e+00
   outer loop
     vertex  9.000000e+01  0.000000e+00  7.000000e+01
     vertex  7.383173e+01  0.000000e+00  5.539417e+01
     vertex  7.443500e+01  0.000000e+00  5.461012e+01
   endloop
 endfacet
 facet normal  0.000000e+00 -1.000000e+00  0.000000e+00
   outer loop
     vertex  9.000000e+01  0.000000e+00  7.000000e+01
     vertex  7.443500e+01  0.000000e+00  5.461012e+01
     vertex  7.501734e+01  0.000000e+00  5.381012e+01
   endloop
 endfacet
 facet normal  0.000000e+00 -1.000000e+00  0.000000e+00
   outer loop
     vertex  9.000000e+01  0.000000e+00  7.000000e+01
     vertex  7.501734e+01  0.000000e+00  5.381012e+01
     vertex  7.557833e+01  0.000000e+00  5.299474e+01
   endloop
 endfacet
 facet normal  0.000000e+00 -1.000000e+00  0.000000e+00
   outer loop
     vertex  9.000000e+01  0.000000e+00  7.000000e+01
     vertex  7.557833e+01  0.000000e+00  5.299474e+01
     vertex  7.611757e+01  0.000000e+00  5.216454e+01
   endloop
 endfacet
 facet normal  0.000000e+00 -1.000000e+00  0.000000e+00
   outer loop
     vertex  9.000000e+01  0.000000e+00  7.000000e+01
     vertex  7.611757e+01  0.000000e+00  5.216454e+01
     vertex  7.663467e+01  0.000000e+00  5.132014e+01
   endloop
 endfacet
 facet normal  0.000000e+00 -1.000000e+00  0.000000e+00
   outer loop
     vertex  9.000000e+01  0.000000e+00  7.000000e+01
     vertex  7.663467e+01  0.000000e+00  5.132014e+01
     vertex  7.712928e+01  0.000000e+00  5.046212e+01
   endloop
 endfacet
 facet normal  0.000000e+00 -1.000000e+00  0.000000e+00
   outer loop
     vertex  9.000000e+01  0.000000e+00  7.000000e+01
     vertex  7.712928e+01  0.000000e+00  5.046212e+01
     vertex  7.760103e+01  0.000000e+00  4.959110e+01
   endloop
 endfacet
 facet normal  0.000000e+00 -1.000000e+00  0.000000e+00
   outer loop
     vertex  9.000000e+01  0.000000e+00  7.000000e+01
     vertex  7.760103e+01  0.000000e+00  4.959110e+01
     vertex  7.804960e+01  0.000000e+00  4.870769e+01
   endloop
 endfacet
 facet normal  0.000000e+00 -1.000000e+00  0.000000e+00
   outer loop
     vertex  9.000000e+01  0.000000e+00  7.000000e+01
     vertex  7.804960e+01  0.000000e+00  4.870769e+01
     vertex  7.847465e+01  0.000000e+00  4.781253e+01
   endloop
 endfacet
 facet normal  0.000000e+00 -1.000000e+00  0.000000e+00
   outer loop
     vertex  9.000000e+01  0.000000e+00  7.000000e+01
     vertex  7.847465e+01  0.000000e+00  4.781253e+01
     vertex  7.887590e+01  0.000000e+00  4.690625e+01
   endloop
 endfacet
 facet normal  0.000000e+00 -1.000000e+00  0.000000e+00
   outer loop
     vertex  9.000000e+01  0.000000e+00  7.000000e+01
     vertex  7.887590e+01  0.000000e+00  4.690625e+01
     vertex  7.925306e+01  0.000000e+00  4.598949e+01
   endloop
 endfacet
 facet normal  0.000000e+00 -1.000000e+00  0.000000e+00
   outer loop
     vertex  9.000000e+01  0.000000e+00  7.000000e+01
     vertex  7.925306e+01  0.000000e+00  4.598949e+01
     vertex  7.960585e+01  0.000000e+00  4.506291e+01
   endloop
 endfacet
 facet normal  0.000000e+00 -1.000000e+00  0.000000e+00
   outer loop
     vertex  9.000000e+01  0.000000e+00  7.000000e+01
     vertex  7.960585e+01  0.000000e+00  4.506291e+01
     vertex  7.993403e+01  0.000000e+00  4.412717e+01
   endloop
 endfacet
 facet normal  0.000000e+00 -1.000000e+00  0.000000e+00
   outer loop
     vertex  9.000000e+01  0.000000e+00  7.000000e+01
     vertex  7.993403e+01  0.000000e+00  4.412717e+01
     vertex  8.023736e+01  0.000000e+00  4.318293e+01
   endloop
 endfacet
 facet normal  0.000000e+00 -1.000000e+00  0.000000e+00
   outer loop
     vertex  9.000000e+01  0.000000e+00  7.000000e+01
     vertex  8.023736e+01  0.000000e+00  4.318293e+01
     vertex  8.051563e+01  0.000000e+00  4.223087e+01
   endloop
 endfacet
 facet normal  0.000000e+00 -1.000000e+00  0.000000e+00
   outer loop
     vertex  9.000000e+01  0.000000e+00  7.000000e+01
     vertex  8.051563e+01  0.000000e+00  4.223087e+01
     vertex  8.076864e+01  0.000000e+00  4.127165e+01
   endloop
 endfacet
 facet normal  0.000000e+00 -1.000000e+00  0.000000e+00
   outer loop
     vertex  9.000000e+01  0.000000e+00  7.000000e+01
     vertex  8.076864e+01  0.000000e+00  4.127165e+01
     vertex  8.099620e+01  0.000000e+00  4.030597e+01
   endloop
 endfacet
 facet normal  0.000000e+00 -1.000000e+00  0.000000e+00
   outer loop
     vertex  9.000000e+01  0.000000e+00  7.000000e+01
     vertex  8.099620e+01  0.000000e+00  4.030597e+01
     vertex  8.119817e+01  0.000000e+00  3.933451e+01
   endloop
 endfacet
 facet normal  0.000000e+00 -1.000000e+00  0.000000e+00
   outer loop
     vertex  9.000000e+01  0.000000e+00  7.000000e+01
     vertex  8.119817e+01  0.000000e+00  3.933451e+01
     vertex  8.137438e+01  0.000000e+00  3.835796e+01
   endloop
 endfacet
 facet normal  0.000000e+00 -1.000000e+00  0.000000e+00
   outer loop
     vertex  9.000000e+01  0.000000e+00  7.000000e+01
     vertex  8.137438e+01  0.000000e+00  3.835796e+01
     vertex  8.152473e+01  0.000000e+00  3.737702e+01
   endloop
 endfacet
 facet normal  0.000000e+00 -1.000000e+00  0.000000e+00
   outer loop
     vertex  9.000000e+01  0.000000e+00  7.000000e+01
     vertex  8.152473e+01  0.000000e+00  3.737702e+01
     vertex  8.164910e+01  0.000000e+00  3.639238e+01
   endloop
 endfacet
 facet normal  0.000000e+00 -1.000000e+00  0.000000e+00
   outer loop
     vertex  9.000000e+01  0.000000e+00  7.000000e+01
     vertex  4.955692e+01  0.000000e+00  6.911346e+01
     vertex  5.053141e+01  0.000000e+00  6.897771e+01
   endloop
 endfacet
 facet normal  0.000000e+00 -1.000000e+00  0.000000e+00
   outer loop
     vertex  9.000000e+01  0.000000e+00  7.000000e+01
     vertex  5.053141e+01  0.000000e+00  6.897771e+01
     vertex  5.150197e+01  0.000000e+00  6.881578e+01
   endloop
 endfacet
 facet normal  0.000000e+00 -1.000000e+00  0.000000e+00
   outer loop
     vertex  9.000000e+01  0.000000e+00  7.000000e+01
     vertex  5.150197e+01  0.000000e+00  6.881578e+01
     vertex  5.246790e+01  0.000000e+00  6.862780e+01
   endloop
 endfacet
 facet normal  0.000000e+00 -1.000000e+00  0.000000e+00
   outer loop
     vertex  9.000000e+01  0.000000e+00  7.000000e+01
     vertex  5.246790e+01  0.000000e+00  6.862780e+01
     vertex  5.342851e+01  0.000000e+00  6.841390e+01
   endloop
 endfacet
 facet normal  0.000000e+00 -1.000000e+00  0.000000e+00
   outer loop
     vertex  9.000000e+01  0.000000e+00  7.000000e+01
     vertex  5.342851e+01  0.000000e+00  6.841390e+01
     vertex  5.438314e+01  0.000000e+00  6.817422e+01
   endloop
 endfacet
 facet normal  0.000000e+00 -1.000000e+00  0.000000e+00
   outer loop
     vertex  9.000000e+01  0.000000e+00  7.000000e+01
     vertex  5.438314e+01  0.000000e+00  6.817422e+01
     vertex  5.533109e+01  0.000000e+00  6.790894e+01
   endloop
 endfacet
 facet normal  0.000000e+00 -1.000000e+00  0.000000e+00
   outer loop
     vertex  9.000000e+01  0.000000e+00  7.000000e+01
     vertex  5.533109e+01  0.000000e+00  6.790894e+01
     vertex  5.627169e+01  0.000000e+00  6.761825e+01
   endloop
 endfacet
 facet normal  0.000000e+00 -1.000000e+00  0.000000e+00
   outer loop
     vertex  9.000000e+01  0.000000e+00  7.000000e+01
     vertex  5.627169e+01  0.000000e+00  6.761825e+01
     vertex  5.720428e+01  0.000000e+00  6.730236e+01
   endloop
 endfacet
 facet normal  0.000000e+00 -1.000000e+00  0.000000e+00
   outer loop
     vertex  9.000000e+01  0.000000e+00  7.000000e+01
     vertex  5.720428e+01  0.000000e+00  6.730236e+01
     vertex  5.812818e+01  0.000000e+00  6.696148e+01
   endloop
 endfacet
 facet normal  0.000000e+00 -1.000000e+00  0.000000e+00
   outer loop
     vertex  9.000000e+01  0.000000e+00  7.000000e+01
     vertex  5.812818e+01  0.000000e+00  6.696148e+01
     vertex  5.904275e+01  0.000000e+00  6.659586e+01
   endloop
 endfacet
 facet normal  0.000000e+00 -1.000000e+00  0.000000e+00
   outer loop
     vertex  9.000000e+01  0.000000e+00  7.000000e+01
     vertex  5.904275e+01  0.000000e+00  6.659586e+01
     vertex  5.994733e+01  0.000000e+00  6.620576e+01
   endloop
 endfacet
 facet normal  0.000000e+00 -1.000000e+00  0.000000e+00
   outer loop
     vertex  9.000000e+01  0.000000e+00  7.000000e+01
     vertex  5.994733e+01  0.000000e+00  6.620576e+01
     vertex  6.084127e+01  0.000000e+00  6.579147e+01
   endloop
 endfacet
 facet normal  0.000000e+00 -1.000000e+00  0.000000e+00
   outer loop
     vertex  9.000000e+01  0.000000e+00  7.000000e+01
     vertex  6.084127e+01  0.000000e+00  6.579147e+01
     vertex  6.172395e+01  0.000000e+00  6.535326e+01
   endloop
 endfacet
 facet normal  0.000000e+00 -1.000000e+00  0.000000e+00
   outer loop
     vertex  9.000000e+01  0.000000e+00  7.000000e+01
     vertex  6.172395e+01  0.000000e+00  6.535326e+01
     vertex  6.259474e+01  0.000000e+00  6.489147e+01
   endloop
 endfacet
 facet normal  0.000000e+00 -1.000000e+00  0.000000e+00
   outer loop
     vertex  9.000000e+01  0.000000e+00  7.000000e+01
     vertex  6.259474e+01  0.000000e+00  6.489147e+01
     vertex  6.345301e+01  0.000000e+00  6.440640e+01
   endloop
 endfacet
 facet normal  0.000000e+00 -1.000000e+00  0.000000e+00
   outer loop
     vertex  9.000000e+01  0.000000e+00  7.000000e+01
     vertex  6.345301e+01  0.000000e+00  6.440640e+01
     vertex  6.429815e+01  0.000000e+00  6.389841e+01
   endloop
 endfacet
 facet normal  0.000000e+00 -1.000000e+00  0.000000e+00
   outer loop
     vertex  9.000000e+01  0.000000e+00  7.000000e+01
     vertex  6.429815e+01  0.000000e+00  6.389841e+01
     vertex  6.512957e+01  0.000000e+00  6.336787e+01
   endloop
 endfacet
 facet normal  0.000000e+00 -1.000000e+00  0.000000e+00
   outer loop
     vertex  9.000000e+01  0.000000e+00  7.000000e+01
     vertex  6.512957e+01  0.000000e+00  6.336787e+01
     vertex  6.594668e+01  0.000000e+00  6.281514e+01
   endloop
 endfacet
 facet normal  0.000000e+00 -1.000000e+00  0.000000e+00
   outer loop
     vertex  9.000000e+01  0.000000e+00  7.000000e+01
     vertex  6.594668e+01  0.000000e+00  6.281514e+01
     vertex  6.674888e+01  0.000000e+00  6.224062e+01
   endloop
 endfacet
 facet normal  0.000000e+00 -1.000000e+00  0.000000e+00
   outer loop
     vertex  9.000000e+01  0.000000e+00  7.000000e+01
     vertex  6.674888e+01  0.000000e+00  6.224062e+01
     vertex  6.753562e+01  0.000000e+00  6.164472e+01
   endloop
 endfacet
 facet normal  0.000000e+00 -1.000000e+00  0.000000e+00
   outer loop
     vertex  9.000000e+01  0.000000e+00  7.000000e+01
     vertex  6.753562e+01  0.000000e+00  6.164472e+01
     vertex  6.830632e+01  0.000000e+00  6.102786e+01
   endloop
 endfacet
 facet normal  0.000000e+00 -1.000000e+00  0.000000e+00
   outer loop
     vertex  9.000000e+01  0.000000e+00  7.000000e+01
     vertex  6.830632e+01  0.000000e+00  6.102786e+01
     vertex  6.906045e+01  0.000000e+00  6.039048e+01
   endloop
 endfacet
 facet normal  0.000000e+00 -1.000000e+00  0.000000e+00
   outer loop
     vertex  9.000000e+01  0.000000e+00  7.000000e+01
     vertex  6.906045e+01  0.000000e+00  6.039048e+01
     vertex  6.979747e+01  0.000000e+00  5.973304e+01
   endloop
 endfacet
 facet normal  0.000000e+00 -1.000000e+00  0.000000e+00
   outer loop
     vertex  9.000000e+01  0.000000e+00  7.000000e+01
     vertex  6.979747e+01  0.000000e+00  5.973304e+01
     vertex  7.051685e+01  0.000000e+00  5.905600e+01
   endloop
 endfacet
 facet normal  0.000000e+00 -1.000000e+00  0.000000e+00
   outer loop
     vertex  9.000000e+01  0.000000e+00  7.000000e+01
     vertex  7.051685e+01  0.000000e+00  5.905600e+01
     vertex  7.121808e+01  0.000000e+00  5.835985e+01
   endloop
 endfacet
 facet normal  0.000000e+00 -1.000000e+00  0.000000e+00
   outer loop
     vertex  9.000000e+01  0.000000e+00  7.000000e+01
     vertex  7.121808e+01  0.000000e+00  5.835985e+01
     vertex  7.190066e+01  0.000000e+00  5.764507e+01
   endloop
 endfacet
 facet normal  0.000000e+00 -1.000000e+00  0.000000e+00
   outer loop
     vertex  0.000000e+00  0.000000e+00  7.000000e+01
     vertex  4.464979e+01  0.000000e+00  6.939689e+01
     vertex  9.000000e+01  0.000000e+00  7.000000e+01
   endloop
 endfacet
 facet normal  0.000000e+00 -1.000000e+00  0.000000e+00
   outer loop
     vertex  4.464979e+01  0.000000e+00  6.939689e+01
     vertex  4.563352e+01  0.000000e+00  6.939308e+01
     vertex  9.000000e+01  0.000000e+00  7.000000e+01
   endloop
 endfacet
 facet normal  0.000000e+00 -1.000000e+00  0.000000e+00
   outer loop
     vertex  4.563352e+01  0.000000e+00  6.939308e+01
     vertex  4.661679e+01  0.000000e+00  6.936280e+01
     vertex  9.000000e+01  0.000000e+00  7.000000e+01
   endloop
 endfacet
 facet normal  0.000000e+00 -1.000000e+00  0.000000e+00
   outer loop
     vertex  4.661679e+01  0.000000e+00  6.936280e+01
     vertex  4.759892e+01  0.000000e+00  6.930607e+01
     vertex  9.000000e+01  0.000000e+00  7.000000e+01
   endloop
 endfacet
 facet normal  0.000000e+00 -1.000000e+00  0.000000e+00
   outer loop
     vertex  4.759892e+01  0.000000e+00  6.930607e+01
     vertex  4.857919e+01  0.000000e+00  6.922294e+01
     vertex  9.000000e+01  0.000000e+00  7.000000e+01
   endloop
 endfacet
 facet normal  0.000000e+00 -1.000000e+00  0.000000e+00
   outer loop
     vertex  4.857919e+01  0.000000e+00  6.922294e+01
     vertex  4.955692e+01  0.000000e+00  6.911346e+01
     vertex  9.000000e+01  0.000000e+00  7.000000e+01
   endloop
 endfacet
 facet normal  0.000000e+00 -1.000000e+00  0.000000e+00
   outer loop
     vertex  0.000000e+00  0.000000e+00  7.000000e+01
     vertex  4.366632e+01  0.000000e+00  6.937423e+01
     vertex  4.464979e+01  0.000000e+00  6.939689e+01
   endloop
 endfacet
 facet normal  0.000000e+00 -1.000000e+00  0.000000e+00
   outer loop
     vertex  0.000000e+00  0.000000e+00  7.000000e+01
     vertex  4.268379e+01  0.000000e+00  6.932512e+01
     vertex  4.366632e+01  0.000000e+00  6.937423e+01
   endloop
 endfacet
 facet normal  0.000000e+00 -1.000000e+00  0.000000e+00
   outer loop
     vertex  0.000000e+00  0.000000e+00  7.000000e+01
     vertex  4.170291e+01  0.000000e+00  6.924959e+01
     vertex  4.268379e+01  0.000000e+00  6.932512e+01
   endloop
 endfacet
 facet normal  0.000000e+00 -1.000000e+00  0.000000e+00
   outer loop
     vertex  0.000000e+00  0.000000e+00  7.000000e+01
     vertex  4.072437e+01  0.000000e+00  6.914769e+01
     vertex  4.170291e+01  0.000000e+00  6.924959e+01
   endloop
 endfacet
 facet normal  0.000000e+00 -1.000000e+00  0.000000e+00
   outer loop
     vertex  0.000000e+00  0.000000e+00  7.000000e+01
     vertex  3.974888e+01  0.000000e+00  6.901949e+01
     vertex  4.072437e+01  0.000000e+00  6.914769e+01
   endloop
 endfacet
 facet normal  0.000000e+00 -1.000000e+00 -0.000000e+00
   outer loop
     vertex  9.000000e+01  0.000000e+00  7.000000e+01
     vertex  8.188610e+01  0.000000e+00  3.213352e+01
     vertex  9.000000e+01  0.000000e+00  0.000000e+00
   endloop
 endfacet
 facet normal  0.000000e+00 -1.000000e+00 -0.000000e+00
   outer loop
     vertex  8.188610e+01  0.000000e+00  3.213352e+01
     vertex  8.187176e+01  0.000000e+00  3.114092e+01
     vertex  9.000000e+01  0.000000e+00  0.000000e+00
   endloop
 endfacet
 facet normal  0.000000e+00 -1.000000e+00 -0.000000e+00
   outer loop
     vertex  8.187176e+01  0.000000e+00  3.114092e+01
     vertex  8.183119e+01  0.000000e+00  3.014905e+01
     vertex  9.000000e+01  0.000000e+00  0.000000e+00
   endloop
 endfacet
 facet normal  0.000000e+00 -1.000000e+00  0.000000e+00
   outer loop
     vertex  9.000000e+01  0.000000e+00  7.000000e+01
     vertex  8.187421e+01  0.000000e+00  3.312615e+01
     vertex  8.188610e+01  0.000000e+00  3.213352e+01
   endloop
 endfacet
 facet normal  0.000000e+00 -1.000000e+00  0.000000e+00
   outer loop
     vertex  9.000000e+01  0.000000e+00  7.000000e+01
     vertex  8.183608e+01  0.000000e+00  3.411811e+01
     vertex  8.187421e+01  0.000000e+00  3.312615e+01
   endloop
 endfacet
 facet normal  0.000000e+00 -1.000000e+00  0.000000e+00
   outer loop
     vertex  9.000000e+01  0.000000e+00  7.000000e+01
     vertex  8.177174e+01  0.000000e+00  3.510870e+01
     vertex  8.183608e+01  0.000000e+00  3.411811e+01
   endloop
 endfacet
 facet normal  0.000000e+00 -1.000000e+00  0.000000e+00
   outer loop
     vertex  9.000000e+01  0.000000e+00  7.000000e+01
     vertex  8.171593e+01  0.000000e+00  3.575107e+01
     vertex  8.177174e+01  0.000000e+00  3.510870e+01
   endloop
 endfacet
 facet normal  0.000000e+00 -1.000000e+00  0.000000e+00
   outer loop
     vertex  9.000000e+01  0.000000e+00  7.000000e+01
     vertex  8.164910e+01  0.000000e+00  3.639238e+01
     vertex  8.171593e+01  0.000000e+00  3.575107e+01
   endloop
 endfacet
 facet normal  0.000000e+00 -1.000000e+00  0.000000e+00
   outer loop
     vertex  0.000000e+00  0.000000e+00  7.000000e+01
     vertex  8.117706e+00  0.000000e+00  3.271676e+01
     vertex  8.145015e+00  0.000000e+00  3.370898e+01
   endloop
 endfacet
 facet normal  0.000000e+00 -1.000000e+00  0.000000e+00
   outer loop
     vertex  0.000000e+00  0.000000e+00  7.000000e+01
     vertex  8.145015e+00  0.000000e+00  3.370898e+01
     vertex  8.198537e+00  0.000000e+00  3.470012e+01
   endloop
 endfacet
 facet normal  0.000000e+00 -1.000000e+00  0.000000e+00
   outer loop
     vertex  0.000000e+00  0.000000e+00  7.000000e+01
     vertex  8.198537e+00  0.000000e+00  3.470012e+01
     vertex  8.278235e+00  0.000000e+00  3.568946e+01
   endloop
 endfacet
 facet normal  0.000000e+00 -1.000000e+00  0.000000e+00
   outer loop
     vertex  0.000000e+00  0.000000e+00  7.000000e+01
     vertex  8.278235e+00  0.000000e+00  3.568946e+01
     vertex  8.384051e+00  0.000000e+00  3.667630e+01
   endloop
 endfacet
 facet normal  0.000000e+00 -1.000000e+00  0.000000e+00
   outer loop
     vertex  0.000000e+00  0.000000e+00  7.000000e+01
     vertex  8.384051e+00  0.000000e+00  3.667630e+01
     vertex  8.515911e+00  0.000000e+00  3.765995e+01
   endloop
 endfacet
 facet normal  0.000000e+00 -1.000000e+00  0.000000e+00
   outer loop
     vertex  0.000000e+00  0.000000e+00  7.000000e+01
     vertex  8.515911e+00  0.000000e+00  3.765995e+01
     vertex  8.673720e+00  0.000000e+00  3.863970e+01
   endloop
 endfacet
 facet normal  0.000000e+00 -1.000000e+00  0.000000e+00
   outer loop
     vertex  0.000000e+00  0.000000e+00  7.000000e+01
     vertex  8.673720e+00  0.000000e+00  3.863970e+01
     vertex  8.857367e+00  0.000000e+00  3.961486e+01
   endloop
 endfacet
 facet normal  0.000000e+00 -1.000000e+00  0.000000e+00
   outer loop
     vertex  0.000000e+00  0.000000e+00  7.000000e+01
     vertex  8.857367e+00  0.000000e+00  3.961486e+01
     vertex  9.066721e+00  0.000000e+00  4.058472e+01
   endloop
 endfacet
 facet normal  0.000000e+00 -1.000000e+00  0.000000e+00
   outer loop
     vertex  0.000000e+00  0.000000e+00  7.000000e+01
     vertex  9.066721e+00  0.000000e+00  4.058472e+01
     vertex  9.301632e+00  0.000000e+00  4.154861e+01
   endloop
 endfacet
 facet normal  0.000000e+00 -1.000000e+00  0.000000e+00
   outer loop
     vertex  0.000000e+00  0.000000e+00  7.000000e+01
     vertex  9.301632e+00  0.000000e+00  4.154861e+01
     vertex  9.561934e+00  0.000000e+00  4.250584e+01
   endloop
 endfacet
 facet normal  0.000000e+00 -1.000000e+00  0.000000e+00
   outer loop
     vertex  0.000000e+00  0.000000e+00  7.000000e+01
     vertex  9.561934e+00  0.000000e+00  4.250584e+01
     vertex  9.847442e+00  0.000000e+00  4.345572e+01
   endloop
 endfacet
 facet normal  0.000000e+00 -1.000000e+00  0.000000e+00
   outer loop
     vertex  0.000000e+00  0.000000e+00  7.000000e+01
     vertex  9.847442e+00  0.000000e+00  4.345572e+01
     vertex  1.015795e+01  0.000000e+00  4.439758e+01
   endloop
 endfacet
 facet normal  0.000000e+00 -1.000000e+00  0.000000e+00
   outer loop
     vertex  0.000000e+00  0.000000e+00  7.000000e+01
     vertex  1.015795e+01  0.000000e+00  4.439758e+01
     vertex  1.049324e+01  0.000000e+00  4.533075e+01
   endloop
 endfacet
 facet normal  0.000000e+00 -1.000000e+00  0.000000e+00
   outer loop
     vertex  0.000000e+00  0.000000e+00  7.000000e+01
     vertex  1.049324e+01  0.000000e+00  4.533075e+01
     vertex  1.085308e+01  0.000000e+00  4.625456e+01
   endloop
 endfacet
 facet normal  0.000000e+00 -1.000000e+00  0.000000e+00
   outer loop
     vertex  0.000000e+00  0.000000e+00  7.000000e+01
     vertex  1.085308e+01  0.000000e+00  4.625456e+01
     vertex  1.123720e+01  0.000000e+00  4.716837e+01
   endloop
 endfacet
 facet normal  0.000000e+00 -1.000000e+00  0.000000e+00
   outer loop
     vertex  0.000000e+00  0.000000e+00  7.000000e+01
     vertex  1.123720e+01  0.000000e+00  4.716837e+01
     vertex  1.164534e+01  0.000000e+00  4.807151e+01
   endloop
 endfacet
 facet normal  0.000000e+00 -1.000000e+00  0.000000e+00
   outer loop
     vertex  0.000000e+00  0.000000e+00  7.000000e+01
     vertex  1.164534e+01  0.000000e+00  4.807151e+01
     vertex  1.207720e+01  0.000000e+00  4.896335e+01
   endloop
 endfacet
 facet normal  0.000000e+00 -1.000000e+00  0.000000e+00
   outer loop
     vertex  0.000000e+00  0.000000e+00  7.000000e+01
     vertex  1.207720e+01  0.000000e+00  4.896335e+01
     vertex  1.253248e+01  0.000000e+00  4.984326e+01
   endloop
 endfacet
 facet normal  0.000000e+00 -1.000000e+00  0.000000e+00
   outer loop
     vertex  0.000000e+00  0.000000e+00  7.000000e+01
     vertex  1.253248e+01  0.000000e+00  4.984326e+01
     vertex  1.301085e+01  0.000000e+00  5.071060e+01
   endloop
 endfacet
 facet normal  0.000000e+00 -1.000000e+00  0.000000e+00
   outer loop
     vertex  0.000000e+00  0.000000e+00  7.000000e+01
     vertex  1.301085e+01  0.000000e+00  5.071060e+01
     vertex  1.351197e+01  0.000000e+00  5.156476e+01
   endloop
 endfacet
 facet normal  0.000000e+00 -1.000000e+00  0.000000e+00
   outer loop
     vertex  0.000000e+00  0.000000e+00  7.000000e+01
     vertex  1.351197e+01  0.000000e+00  5.156476e+01
     vertex  1.403549e+01  0.000000e+00  5.240513e+01
   endloop
 endfacet
 facet normal  0.000000e+00 -1.000000e+00  0.000000e+00
   outer loop
     vertex  0.000000e+00  0.000000e+00  7.000000e+01
     vertex  1.403549e+01  0.000000e+00  5.240513e+01
     vertex  1.458103e+01  0.000000e+00  5.323112e+01
   endloop
 endfacet
 facet normal  0.000000e+00 -1.000000e+00  0.000000e+00
   outer loop
     vertex  0.000000e+00  0.000000e+00  7.000000e+01
     vertex  1.458103e+01  0.000000e+00  5.323112e+01
     vertex  1.514821e+01  0.000000e+00  5.404213e+01
   endloop
 endfacet
 facet normal  0.000000e+00 -1.000000e+00  0.000000e+00
   outer loop
     vertex  0.000000e+00  0.000000e+00  7.000000e+01
     vertex  0.000000e+00  0.000000e+00  0.000000e+00
     vertex  8.117706e+00  0.000000e+00  3.271676e+01
   endloop
 endfacet
 facet normal -0.000000e+00 -1.000000e+00  0.000000e+00
   outer loop
     vertex  1.573662e+01  0.000000e+00  5.483760e+01
     vertex  0.000000e+00  0.000000e+00  7.000000e+01
     vertex  1.514821e+01  0.000000e+00  5.404213e+01
   endloop
 endfacet
 facet normal -0.000000e+00 -1.000000e+00  0.000000e+00
   outer loop
     vertex  1.634584e+01  0.000000e+00  5.561695e+01
     vertex  0.000000e+00  0.000000e+00  7.000000e+01
     vertex  1.573662e+01  0.000000e+00  5.483760e+01
   endloop
 endfacet
 facet normal -0.000000e+00 -1.000000e+00  0.000000e+00
   outer loop
     vertex  1.697545e+01  0.000000e+00  5.637963e+01
     vertex  0.000000e+00  0.000000e+00  7.000000e+01
     vertex  1.634584e+01  0.000000e+00  5.561695e+01
   endloop
 endfacet
 facet normal -0.000000e+00 -1.000000e+00  0.000000e+00
   outer loop
     vertex  1.762498e+01  0.000000e+00  5.712509e+01
     vertex  0.000000e+00  0.000000e+00  7.000000e+01
     vertex  1.697545e+01  0.000000e+00  5.637963e+01
   endloop
 endfacet
 facet normal -0.000000e+00 -1.000000e+00  0.000000e+00
   outer loop
     vertex  1.829399e+01  0.000000e+00  5.785282e+01
     vertex  0.000000e+00  0.000000e+00  7.000000e+01
     vertex  1.762498e+01  0.000000e+00  5.712509e+01
   endloop
 endfacet
 facet normal -0.000000e+00 -1.000000e+00  0.000000e+00
   outer loop
     vertex  1.898200e+01  0.000000e+00  5.856228e+01
     vertex  0.000000e+00  0.000000e+00  7.000000e+01
     vertex  1.829399e+01  0.000000e+00  5.785282e+01
   endloop
 endfacet
 facet normal -0.000000e+00 -1.000000e+00  0.000000e+00
   outer loop
     vertex  1.968850e+01  0.000000e+00  5.925298e+01
     vertex  0.000000e+00  0.000000e+00  7.000000e+01
     vertex  1.898200e+01  0.000000e+00  5.856228e+01
   endloop
 endfacet
 facet normal -0.000000e+00 -1.000000e+00  0.000000e+00
   outer loop
     vertex  2.041302e+01  0.000000e+00  5.992442e+01
     vertex  0.000000e+00  0.000000e+00  7.000000e+01
     vertex  1.968850e+01  0.000000e+00  5.925298e+01
   endloop
 endfacet
 facet normal -0.000000e+00 -1.000000e+00  0.000000e+00
   outer loop
     vertex  2.115502e+01  0.000000e+00  6.057613e+01
     vertex  0.000000e+00  0.000000e+00  7.000000e+01
     vertex  2.041302e+01  0.000000e+00  5.992442e+01
   endloop
 endfacet
 facet normal -0.000000e+00 -1.000000e+00  0.000000e+00
   outer loop
     vertex  2.191397e+01  0.000000e+00  6.120765e+01
     vertex  0.000000e+00  0.000000e+00  7.000000e+01
     vertex  2.115502e+01  0.000000e+00  6.057613e+01
   endloop
 endfacet
 facet normal -0.000000e+00 -1.000000e+00  0.000000e+00
   outer loop
     vertex  2.268935e+01  0.000000e+00  6.181851e+01
     vertex  0.000000e+00  0.000000e+00  7.000000e+01
     vertex  2.191397e+01  0.000000e+00  6.120765e+01
   endloop
 endfacet
 facet normal -0.000000e+00 -1.000000e+00  0.000000e+00
   outer loop
     vertex  2.348060e+01  0.000000e+00  6.240830e+01
     vertex  0.000000e+00  0.000000e+00  7.000000e+01
     vertex  2.268935e+01  0.000000e+00  6.181851e+01
   endloop
 endfacet
 facet normal -0.000000e+00 -1.000000e+00  0.000000e+00
   outer loop
     vertex  2.428716e+01  0.000000e+00  6.297658e+01
     vertex  0.000000e+00  0.000000e+00  7.000000e+01
     vertex  2.348060e+01  0.000000e+00  6.240830e+01
   endloop
 endfacet
 facet normal -0.000000e+00 -1.000000e+00  0.000000e+00
   outer loop
     vertex  2.510844e+01  0.000000e+00  6.352296e+01
     vertex  0.000000e+00  0.000000e+00  7.000000e+01
     vertex  2.428716e+01  0.000000e+00  6.297658e+01
   endloop
 endfacet
 facet normal -0.000000e+00 -1.000000e+00  0.000000e+00
   outer loop
     vertex  2.594388e+01  0.000000e+00  6.404705e+01
     vertex  0.000000e+00  0.000000e+00  7.000000e+01
     vertex  2.510844e+01  0.000000e+00  6.352296e+01
   endloop
 endfacet
 facet normal -0.000000e+00 -1.000000e+00  0.000000e+00
   outer loop
     vertex  2.679286e+01  0.000000e+00  6.454847e+01
     vertex  0.000000e+00  0.000000e+00  7.000000e+01
     vertex  2.594388e+01  0.000000e+00  6.404705e+01
   endloop
 endfacet
 facet normal -0.000000e+00 -1.000000e+00  0.000000e+00
   outer loop
     vertex  2.765480e+01  0.000000e+00  6.502687e+01
     vertex  0.000000e+00  0.000000e+00  7.000000e+01
     vertex  2.679286e+01  0.000000e+00  6.454847e+01
   endloop
 endfacet
 facet normal -0.000000e+00 -1.000000e+00  0.000000e+00
   outer loop
     vertex  2.852908e+01  0.000000e+00  6.548190e+01
     vertex  0.000000e+00  0.000000e+00  7.000000e+01
     vertex  2.765480e+01  0.000000e+00  6.502687e+01
   endloop
 endfacet
 facet normal -0.000000e+00 -1.000000e+00  0.000000e+00
   outer loop
     vertex  2.941507e+01  0.000000e+00  6.591325e+01
     vertex  0.000000e+00  0.000000e+00  7.000000e+01
     vertex  2.852908e+01  0.000000e+00  6.548190e+01
   endloop
 endfacet
 facet normal -0.000000e+00 -1.000000e+00  0.000000e+00
   outer loop
     vertex  3.031214e+01  0.000000e+00  6.632061e+01
     vertex  0.000000e+00  0.000000e+00  7.000000e+01
     vertex  2.941507e+01  0.000000e+00  6.591325e+01
   endloop
 endfacet
 facet normal -0.000000e+00 -1.000000e+00  0.000000e+00
   outer loop
     vertex  3.121966e+01  0.000000e+00  6.670368e+01
     vertex  0.000000e+00  0.000000e+00  7.000000e+01
     vertex  3.031214e+01  0.000000e+00  6.632061e+01
   endloop
 endfacet
 facet normal -0.000000e+00 -1.000000e+00  0.000000e+00
   outer loop
     vertex  3.213699e+01  0.000000e+00  6.706220e+01
     vertex  0.000000e+00  0.000000e+00  7.000000e+01
     vertex  3.121966e+01  0.000000e+00  6.670368e+01
   endloop
 endfacet
 facet normal -0.000000e+00 -1.000000e+00  0.000000e+00
   outer loop
     vertex  3.306346e+01  0.000000e+00  6.739591e+01
     vertex  0.000000e+00  0.000000e+00  7.000000e+01
     vertex  3.213699e+01  0.000000e+00  6.706220e+01
   endloop
 endfacet
 facet normal -0.000000e+00 -1.000000e+00  0.000000e+00
   outer loop
     vertex  3.399842e+01  0.000000e+00  6.770457e+01
     vertex  0.000000e+00  0.000000e+00  7.000000e+01
     vertex  3.306346e+01  0.000000e+00  6.739591e+01
   endloop
 endfacet
 facet normal -0.000000e+00 -1.000000e+00  0.000000e+00
   outer loop
     vertex  3.494121e+01  0.000000e+00  6.798796e+01
     vertex  0.000000e+00  0.000000e+00  7.000000e+01
     vertex  3.399842e+01  0.000000e+00  6.770457e+01
   endloop
 endfacet
 facet normal -0.000000e+00 -1.000000e+00  0.000000e+00
   outer loop
     vertex  3.589115e+01  0.000000e+00  6.824588e+01
     vertex  0.000000e+00  0.000000e+00  7.000000e+01
     vertex  3.494121e+01  0.000000e+00  6.798796e+01
   endloop
 endfacet
 facet normal -0.000000e+00 -1.000000e+00  0.000000e+00
   outer loop
     vertex  3.684757e+01  0.000000e+00  6.847815e+01
     vertex  0.000000e+00  0.000000e+00  7.000000e+01
     vertex  3.589115e+01  0.000000e+00  6.824588e+01
   endloop
 endfacet
 facet normal -0.000000e+00 -1.000000e+00  0.000000e+00
   outer loop
     vertex  3.780979e+01  0.000000e+00  6.868461e+01
     vertex  0.000000e+00  0.000000e+00  7.000000e+01
     vertex  3.684757e+01  0.000000e+00  6.847815e+01
   endloop
 endfacet
 facet normal  0.000000e+00 -1.000000e+00 -5.895370e-16
   outer loop
     vertex  8.134020e+01 -1.521006e-14  2.580000e+01
     vertex  0.000000e+00  0.000000e+00  0.000000e+00
     vertex  9.000000e+01  0.000000e+00  0.000000e+00
   endloop
 endfacet
 facet normal  2.138558e-17 -1.000000e+00 -6.569598e-16
   outer loop
     vertex  8.134020e+01 -1.521006e-14  2.580000e+01
     vertex  8.659802e+00 -1.676437e-14  2.580000e+01
     vertex  0.000000e+00  0.000000e+00  0.000000e+00
   endloop
 endfacet
 facet normal -0.000000e+00 -1.000000e+00  0.000000e+00
   outer loop
     vertex  3.877712e+01  0.000000e+00  6.886510e+01
     vertex  0.000000e+00  0.000000e+00  7.000000e+01
     vertex  3.780979e+01  0.000000e+00  6.868461e+01
   endloop
 endfacet
 facet normal  4.530986e-14 -1.000000e+00  1.461877e-14
   outer loop
     vertex  8.145279e+01  0.000000e+00  2.649147e+01
     vertex  8.134020e+01 -1.521006e-14  2.580000e+01
     vertex  9.000000e+01  0.000000e+00  0.000000e+00
   endloop
 endfacet
 facet normal  0.000000e+00 -1.000000e+00 -0.000000e+00
   outer loop
     vertex  8.155247e+01  0.000000e+00  2.718495e+01
     vertex  8.145279e+01  0.000000e+00  2.649147e+01
     vertex  9.000000e+01  0.000000e+00  0.000000e+00
   endloop
 endfacet
 facet normal -0.000000e+00 -1.000000e+00  0.000000e+00
   outer loop
     vertex  3.974888e+01  0.000000e+00  6.901949e+01
     vertex  0.000000e+00  0.000000e+00  7.000000e+01
     vertex  3.877712e+01  0.000000e+00  6.886510e+01
   endloop
 endfacet
 facet normal  0.000000e+00 -1.000000e+00 -0.000000e+00
   outer loop
     vertex  8.167148e+01  0.000000e+00  2.817037e+01
     vertex  8.155247e+01  0.000000e+00  2.718495e+01
     vertex  9.000000e+01  0.000000e+00  0.000000e+00
   endloop
 endfacet
 facet normal  0.000000e+00 -1.000000e+00 -0.000000e+00
   outer loop
     vertex  8.176441e+01  0.000000e+00  2.915863e+01
     vertex  8.167148e+01  0.000000e+00  2.817037e+01
     vertex  9.000000e+01  0.000000e+00  0.000000e+00
   endloop
 endfacet
 facet normal  0.000000e+00 -1.000000e+00 -0.000000e+00
   outer loop
     vertex  8.183119e+01  0.000000e+00  3.014905e+01
     vertex  8.176441e+01  0.000000e+00  2.915863e+01
     vertex  9.000000e+01  0.000000e+00  0.000000e+00
   endloop
 endfacet
 facet normal  0.000000e+00  0.000000e+00  1.000000e+00
   outer loop
     vertex  8.600000e+01  3.900000e+01  7.000000e+01
     vertex  0.000000e+00  0.000000e+00  7.000000e+01
     vertex  9.000000e+01  0.000000e+00  7.000000e+01
   endloop
 endfacet
 facet normal  0.000000e+00  0.000000e+00  1.000000e+00
   outer loop
     vertex  8.600000e+01  3.900000e+01  7.000000e+01
     vertex  4.000000e+00  3.900000e+01  7.000000e+01
     vertex  0.000000e+00  0.000000e+00  7.000000e+01
   endloop
 endfacet
 facet normal  0.000000e+00  0.000000e+00  1.000000e+00
   outer loop
     vertex  9.000000e+01  9.000000e+01  7.000000e+01
     vertex  4.000000e+00  5.100000e+01  7.000000e+01
     vertex  8.600000e+01  5.100000e+01  7.000000e+01
   endloop
 endfacet
 facet normal  0.000000e+00  0.000000e+00  1.000000e+00
   outer loop
     vertex  9.000000e+01  9.000000e+01  7.000000e+01
     vertex  0.000000e+00  9.000000e+01  7.000000e+01
     vertex  4.000000e+00  5.100000e+01  7.000000e+01
   endloop
 endfacet
 facet normal  0.000000e+00  0.000000e+00  1.000000e+00
   outer loop
     vertex  0.000000e+00  9.000000e+01  7.000000e+01
     vertex  0.000000e+00  0.000000e+00  7.000000e+01
     vertex  4.000000e+00  3.900000e+01  7.000000e+01
   endloop
 endfacet
 facet normal  0.000000e+00  0.000000e+00  1.000000e+00
   outer loop
     vertex  0.000000e+00  9.000000e+01  7.000000e+01
     vertex  4.000000e+00  3.900000e+01  7.000000e+01
     vertex  4.000000e+00  5.100000e+01  7.000000e+01
   endloop
 endfacet
 facet normal  0.000000e+00 -0.000000e+00  1.000000e+00
   outer loop
     vertex  9.000000e+01  0.000000e+00  7.000000e+01
     vertex  9.000000e+01  9.000000e+01  7.000000e+01
     vertex  8.600000e+01  5.100000e+01  7.000000e+01
   endloop
 endfacet
 facet normal  0.000000e+00  0.000000e+00  1.000000e+00
   outer loop
     vertex  9.000000e+01  0.000000e+00  7.000000e+01
     vertex  8.600000e+01  5.100000e+01  7.000000e+01
     vertex  8.600000e+01  3.900000e+01  7.000000e+01
   endloop
 endfacet
 facet normal  0.000000e+00  1.000000e+00  0.000000e+00
   outer loop
     vertex  9.000000e+01  9.000000e+01  7.000000e+01
     vertex  9.000000e+01  9.000000e+01  0.000000e+00
     vertex  0.000000e+00  9.000000e+01  0.000000e+00
   endloop
 endfacet
 facet normal  0.000000e+00  1.000000e+00  0.000000e+00
   outer loop
     vertex  9.000000e+01  9.000000e+01  7.000000e+01
     vertex  0.000000e+00  9.000000e+01  0.000000e+00
     vertex  0.000000e+00  9.000000e+01  7.000000e+01
   endloop
 endfacet
 facet normal  0.000000e+00  0.000000e+00 -1.000000e+00
   outer loop
     vertex  0.000000e+00  9.000000e+01  0.000000e+00
     vertex  3.306339e+01  3.200085e+00  0.000000e+00
     vertex  3.208579e+01  2.804348e+00  0.000000e+00
   endloop
 endfacet
 facet normal  0.000000e+00  0.000000e+00 -1.000000e+00
   outer loop
     vertex  0.000000e+00  9.000000e+01  0.000000e+00
     vertex  3.403487e+01  3.564785e+00  0.000000e+00
     vertex  3.306339e+01  3.200085e+00  0.000000e+00
   endloop
 endfacet
 facet normal  0.000000e+00  0.000000e+00 -1.000000e+00
   outer loop
     vertex  0.000000e+00  9.000000e+01  0.000000e+00
     vertex  3.500071e+01  3.898633e+00  0.000000e+00
     vertex  3.403487e+01  3.564785e+00  0.000000e+00
   endloop
 endfacet
 facet normal  0.000000e+00  0.000000e+00 -1.000000e+00
   outer loop
     vertex  0.000000e+00  9.000000e+01  0.000000e+00
     vertex  3.586557e+01  4.172861e+00  0.000000e+00
     vertex  3.500071e+01  3.898633e+00  0.000000e+00
   endloop
 endfacet
 facet normal  0.000000e+00  0.000000e+00 -1.000000e+00
   outer loop
     vertex  0.000000e+00  9.000000e+01  0.000000e+00
     vertex  3.664067e+01  4.398515e+00  0.000000e+00
     vertex  3.586557e+01  4.172861e+00  0.000000e+00
   endloop
 endfacet
 facet normal  0.000000e+00  0.000000e+00 -1.000000e+00
   outer loop
     vertex  0.000000e+00  9.000000e+01  0.000000e+00
     vertex  3.741296e+01  4.604208e+00  0.000000e+00
     vertex  3.664067e+01  4.398515e+00  0.000000e+00
   endloop
 endfacet
 facet normal  0.000000e+00  0.000000e+00 -1.000000e+00
   outer loop
     vertex  0.000000e+00  9.000000e+01  0.000000e+00
     vertex  3.818270e+01  4.790010e+00  0.000000e+00
     vertex  3.741296e+01  4.604208e+00  0.000000e+00
   endloop
 endfacet
 facet normal  0.000000e+00  0.000000e+00 -1.000000e+00
   outer loop
     vertex  0.000000e+00  9.000000e+01  0.000000e+00
     vertex  3.895013e+01  4.955984e+00  0.000000e+00
     vertex  3.818270e+01  4.790010e+00  0.000000e+00
   endloop
 endfacet
 facet normal  0.000000e+00  0.000000e+00 -1.000000e+00
   outer loop
     vertex  0.000000e+00  9.000000e+01  0.000000e+00
     vertex  3.971553e+01  5.102187e+00  0.000000e+00
     vertex  3.895013e+01  4.955984e+00  0.000000e+00
   endloop
 endfacet
 facet normal  0.000000e+00  0.000000e+00 -1.000000e+00
   outer loop
     vertex  0.000000e+00  9.000000e+01  0.000000e+00
     vertex  4.047915e+01  5.228666e+00  0.000000e+00
     vertex  3.971553e+01  5.102187e+00  0.000000e+00
   endloop
 endfacet
 facet normal  0.000000e+00  0.000000e+00 -1.000000e+00
   outer loop
     vertex  0.000000e+00  9.000000e+01  0.000000e+00
     vertex  4.124124e+01  5.335465e+00  0.000000e+00
     vertex  4.047915e+01  5.228666e+00  0.000000e+00
   endloop
 endfacet
 facet normal  0.000000e+00  0.000000e+00 -1.000000e+00
   outer loop
     vertex  0.000000e+00  9.000000e+01  0.000000e+00
     vertex  4.200206e+01  5.422620e+00  0.000000e+00
     vertex  4.124124e+01  5.335465e+00  0.000000e+00
   endloop
 endfacet
 facet normal  0.000000e+00  0.000000e+00 -1.000000e+00
   outer loop
     vertex  0.000000e+00  9.000000e+01  0.000000e+00
     vertex  4.276188e+01  5.490161e+00  0.000000e+00
     vertex  4.200206e+01  5.422620e+00  0.000000e+00
   endloop
 endfacet
 facet normal  0.000000e+00  0.000000e+00 -1.000000e+00
   outer loop
     vertex  0.000000e+00  9.000000e+01  0.000000e+00
     vertex  4.352094e+01  5.538109e+00  0.000000e+00
     vertex  4.276188e+01  5.490161e+00  0.000000e+00
   endloop
 endfacet
 facet normal  0.000000e+00  0.000000e+00 -1.000000e+00
   outer loop
     vertex  0.000000e+00  9.000000e+01  0.000000e+00
     vertex  4.427950e+01  5.566481e+00  0.000000e+00
     vertex  4.352094e+01  5.538109e+00  0.000000e+00
   endloop
 endfacet
 facet normal  0.000000e+00  0.000000e+00 -1.000000e+00
   outer loop
     vertex  0.000000e+00  9.000000e+01  0.000000e+00
     vertex  4.503782e+01  5.575287e+00  0.000000e+00
     vertex  4.427950e+01  5.566481e+00  0.000000e+00
   endloop
 endfacet
 facet normal  0.000000e+00  0.000000e+00 -1.000000e+00
   outer loop
     vertex  0.000000e+00  9.000000e+01  0.000000e+00
     vertex  3.208579e+01  2.804348e+00  0.000000e+00
     vertex  0.000000e+00  0.000000e+00  0.000000e+00
   endloop
 endfacet
 facet normal  2.214509e-16  0.000000e+00 -1.000000e+00
   outer loop
     vertex  9.000000e+01  9.000000e+01  0.000000e+00
     vertex  9.000000e+01  0.000000e+00  0.000000e+00
     vertex  5.791421e+01  2.804348e+00 -7.105427e-15
   endloop
 endfacet
 facet normal  0.000000e+00  0.000000e+00 -1.000000e+00
   outer loop
     vertex  9.000000e+01  9.000000e+01  0.000000e+00
     vertex  4.579615e+01  5.564530e+00  0.000000e+00
     vertex  4.503782e+01  5.575287e+00  0.000000e+00
   endloop
 endfacet
 facet normal  0.000000e+00  0.000000e+00 -1.000000e+00
   outer loop
     vertex  9.000000e+01  9.000000e+01  0.000000e+00
     vertex  4.655475e+01  5.534206e+00  0.000000e+00
     vertex  4.579615e+01  5.564530e+00  0.000000e+00
   endloop
 endfacet
 facet normal  0.000000e+00  0.000000e+00 -1.000000e+00
   outer loop
     vertex  9.000000e+01  9.000000e+01  0.000000e+00
     vertex  4.731387e+01  5.484304e+00  0.000000e+00
     vertex  4.655475e+01  5.534206e+00  0.000000e+00
   endloop
 endfacet
 facet normal  0.000000e+00  0.000000e+00 -1.000000e+00
   outer loop
     vertex  9.000000e+01  9.000000e+01  0.000000e+00
     vertex  4.807377e+01  5.414809e+00  0.000000e+00
     vertex  4.731387e+01  5.484304e+00  0.000000e+00
   endloop
 endfacet
 facet normal  0.000000e+00  0.000000e+00 -1.000000e+00
   outer loop
     vertex  9.000000e+01  9.000000e+01  0.000000e+00
     vertex  4.883471e+01  5.325696e+00  0.000000e+00
     vertex  4.807377e+01  5.414809e+00  0.000000e+00
   endloop
 endfacet
 facet normal  0.000000e+00  0.000000e+00 -1.000000e+00
   outer loop
     vertex  9.000000e+01  9.000000e+01  0.000000e+00
     vertex  4.959695e+01  5.216935e+00  0.000000e+00
     vertex  4.883471e+01  5.325696e+00  0.000000e+00
   endloop
 endfacet
 facet normal  0.000000e+00  0.000000e+00 -1.000000e+00
   outer loop
     vertex  9.000000e+01  9.000000e+01  0.000000e+00
     vertex  5.036073e+01  5.088491e+00  0.000000e+00
     vertex  4.959695e+01  5.216935e+00  0.000000e+00
   endloop
 endfacet
 facet normal  0.000000e+00  0.000000e+00 -1.000000e+00
   outer loop
     vertex  9.000000e+01  9.000000e+01  0.000000e+00
     vertex  5.112632e+01  4.940319e+00  0.000000e+00
     vertex  5.036073e+01  5.088491e+00  0.000000e+00
   endloop
 endfacet
 facet normal  0.000000e+00  0.000000e+00 -1.000000e+00
   outer loop
     vertex  9.000000e+01  9.000000e+01  0.000000e+00
     vertex  5.189397e+01  4.772369e+00  0.000000e+00
     vertex  5.112632e+01  4.940319e+00  0.000000e+00
   endloop
 endfacet
 facet normal  0.000000e+00  0.000000e+00 -1.000000e+00
   outer loop
     vertex  9.000000e+01  9.000000e+01  0.000000e+00
     vertex  5.266394e+01  4.584586e+00  0.000000e+00
     vertex  5.189397e+01  4.772369e+00  0.000000e+00
   endloop
 endfacet
 facet normal  0.000000e+00  0.000000e+00 -1.000000e+00
   outer loop
     vertex  9.000000e+01  9.000000e+01  0.000000e+00
     vertex  5.343650e+01  4.376905e+00  0.000000e+00
     vertex  5.266394e+01  4.584586e+00  0.000000e+00
   endloop
 endfacet
 facet normal  0.000000e+00  0.000000e+00 -1.000000e+00
   outer loop
     vertex  9.000000e+01  9.000000e+01  0.000000e+00
     vertex  5.421191e+01  4.149257e+00  0.000000e+00
     vertex  5.343650e+01  4.376905e+00  0.000000e+00
   endloop
 endfacet
 facet normal  0.000000e+00  0.000000e+00 -1.000000e+00
   outer loop
     vertex  9.000000e+01  9.000000e+01  0.000000e+00
     vertex  5.499042e+01  3.901565e+00  0.000000e+00
     vertex  5.421191e+01  4.149257e+00  0.000000e+00
   endloop
 endfacet
 facet normal  0.000000e+00  0.000000e+00 -1.000000e+00
   outer loop
     vertex  9.000000e+01  9.000000e+01  0.000000e+00
     vertex  5.577229e+01  3.633746e+00  0.000000e+00
     vertex  5.499042e+01  3.901565e+00  0.000000e+00
   endloop
 endfacet
 facet normal  0.000000e+00  0.000000e+00 -1.000000e+00
   outer loop
     vertex  9.000000e+01  9.000000e+01  0.000000e+00
     vertex  5.655780e+01  3.345709e+00  0.000000e+00
     vertex  5.577229e+01  3.633746e+00  0.000000e+00
   endloop
 endfacet
 facet normal  0.000000e+00  0.000000e+00 -1.000000e+00
   outer loop
     vertex  9.000000e+01  9.000000e+01  0.000000e+00
     vertex  5.723449e+01  3.082530e+00  0.000000e+00
     vertex  5.655780e+01  3.345709e+00  0.000000e+00
   endloop
 endfacet
 facet normal -9.056202e-15  3.413941e-15 -1.000000e+00
   outer loop
     vertex  9.000000e+01  9.000000e+01  0.000000e+00
     vertex  5.791421e+01  2.804348e+00 -7.105427e-15
     vertex  5.723449e+01  3.082530e+00  0.000000e+00
   endloop
 endfacet
 facet normal -0.000000e+00  0.000000e+00 -1.000000e+00
   outer loop
     vertex  9.000000e+01  9.000000e+01  0.000000e+00
     vertex  4.503782e+01  5.575287e+00  0.000000e+00
     vertex  0.000000e+00  9.000000e+01  0.000000e+00
   endloop
 endfacet
 facet normal  0.000000e+00 -2.533718e-15 -1.000000e+00
   outer loop
     vertex  0.000000e+00  0.000000e+00  0.000000e+00
     vertex  5.791421e+01  2.804348e+00 -7.105427e-15
     vertex  9.000000e+01  0.000000e+00  0.000000e+00
   endloop
 endfacet
 facet normal -2.751010e-16  3.147553e-15 -1.000000e+00
   outer loop
     vertex  0.000000e+00  0.000000e+00  0.000000e+00
     vertex  3.208579e+01  2.804348e+00  0.000000e+00
     vertex  5.791421e+01  2.804348e+00 -7.105427e-15
   endloop
 endfacet
 facet normal  1.000000e+00  0.000000e+00  0.000000e+00
   outer loop
     vertex  9.000000e+01  0.000000e+00  7.000000e+01
     vertex  9.000000e+01  0.000000e+00  0.000000e+00
     vertex  9.000000e+01  9.000000e+01  0.000000e+00
   endloop
 endfacet
 facet normal  1.000000e+00 -0.000000e+00  0.000000e+00
   outer loop
     vertex  9.000000e+01  0.000000e+00  7.000000e+01
     vertex  9.000000e+01  9.000000e+01  0.000000e+00
     vertex  9.000000e+01  9.000000e+01  7.000000e+01
   endloop
 endfacet
 facet normal -6.487071e-01 -6.354593e-01  4.187728e-01
   outer loop
     vertex  5.043913e+01  4.160617e+01  3.553989e+01
     vertex  4.823607e+01  4.525406e+01  3.766263e+01
     vertex  4.817064e+01  4.526352e+01  3.757562e+01
   endloop
 endfacet
 facet normal -5.071423e-01 -6.511590e-01  5.646225e-01
   outer loop
     vertex  5.116940e+01  3.812578e+01  3.187620e+01
     vertex  4.912935e+01  4.174934e+01  3.422277e+01
     vertex  5.082670e+01  3.815551e+01  3.160268e+01
   endloop
 endfacet
 facet normal -5.071423e-01 -6.511590e-01  5.646225e-01
   outer loop
     vertex  5.116940e+01  3.812578e+01  3.187620e+01
     vertex  4.937222e+01  4.172827e+01  3.441661e+01
     vertex  4.912935e+01  4.174934e+01  3.422277e+01
   endloop
 endfacet
 facet normal -3.502802e-01 -6.618290e-01  6.627866e-01
   outer loop
     vertex  5.060549e+01  3.469218e+01  2.778196e+01
     vertex  4.934095e+01  3.825657e+01  3.067290e+01
     vertex  4.894468e+01  3.827710e+01  3.048398e+01
   endloop
 endfacet
 facet normal -8.099851e-01 -5.824172e-01 -6.866164e-02
   outer loop
     vertex  5.179167e+01  4.116667e+01  3.958333e+01
     vertex  4.938347e+01  4.446670e+01  4.000000e+01
     vertex  4.900000e+01  4.500000e+01  4.000000e+01
   endloop
 endfacet
 facet normal -8.099904e-01 -5.814170e-01 -7.661457e-02
   outer loop
     vertex  5.179167e+01  4.116667e+01  3.958333e+01
     vertex  4.980294e+01  4.388232e+01  4.000000e+01
     vertex  4.938347e+01  4.446670e+01  4.000000e+01
   endloop
 endfacet
 facet normal -8.100337e-01 -5.806116e-01 -8.206998e-02
   outer loop
     vertex  5.179167e+01  4.116667e+01  3.958333e+01
     vertex  5.026185e+01  4.324207e+01  4.000000e+01
     vertex  4.980294e+01  4.388232e+01  4.000000e+01
   endloop
 endfacet
 facet normal -3.502802e-01 -6.618290e-01  6.627866e-01
   outer loop
     vertex  5.060549e+01  3.469218e+01  2.778196e+01
     vertex  4.894468e+01  3.827710e+01  3.048398e+01
     vertex  5.009378e+01  3.471869e+01  2.753801e+01
   endloop
 endfacet
 facet normal -1.750793e-01 -6.683668e-01  7.229337e-01
   outer loop
     vertex  4.861663e+01  3.125829e+01  2.369043e+01
     vertex  4.795093e+01  3.479866e+01  2.680236e+01
     vertex  4.739685e+01  3.481191e+01  2.668042e+01
   endloop
 endfacet
 facet normal -1.750793e-01 -6.683668e-01  7.229337e-01
   outer loop
     vertex  4.861663e+01  3.125829e+01  2.369043e+01
     vertex  4.739685e+01  3.481191e+01  2.668042e+01
     vertex  4.793755e+01  3.127453e+01  2.354099e+01
   endloop
 endfacet
 facet normal  9.287786e-03 -6.704299e-01  7.419147e-01
   outer loop
     vertex  4.520590e+01  2.777377e+01  2.006466e+01
     vertex  4.517389e+01  3.130546e+01  2.325647e+01
     vertex  4.447842e+01  3.130459e+01  2.326439e+01
   endloop
 endfacet
 facet normal  9.287786e-03 -6.704299e-01  7.419147e-01
   outer loop
     vertex  4.520590e+01  2.777377e+01  2.006466e+01
     vertex  4.447842e+01  3.130459e+01  2.326439e+01
     vertex  4.438241e+01  2.777275e+01  2.007405e+01
   endloop
 endfacet
 facet normal -8.101257e-01 -5.799806e-01 -8.555075e-02
   outer loop
     vertex  5.179167e+01  4.116667e+01  3.958333e+01
     vertex  5.076399e+01  4.254068e+01  4.000000e+01
     vertex  5.026185e+01  4.324207e+01  4.000000e+01
   endloop
 endfacet
 facet normal -8.102642e-01 -5.794989e-01 -8.748098e-02
   outer loop
     vertex  5.131346e+01  4.177240e+01  4.000000e+01
     vertex  5.076399e+01  4.254068e+01  4.000000e+01
     vertex  5.179167e+01  4.116667e+01  3.958333e+01
   endloop
 endfacet
 facet normal -8.108716e-01 -5.787081e-01 -8.708696e-02
   outer loop
     vertex  5.329324e+01  3.900000e+01  4.000000e+01
     vertex  5.257292e+01  4.000930e+01  4.000000e+01
     vertex  5.179167e+01  4.116667e+01  3.958333e+01
   endloop
 endfacet
 facet normal -8.095921e-01 -5.792952e-01 -9.475123e-02
   outer loop
     vertex  5.458333e+01  3.733333e+01  3.916667e+01
     vertex  5.329324e+01  3.900000e+01  4.000000e+01
     vertex  5.179167e+01  4.116667e+01  3.958333e+01
   endloop
 endfacet
 facet normal  1.931686e-01 -6.679105e-01  7.187360e-01
   outer loop
     vertex  4.051533e+01  2.418923e+01  1.735906e+01
     vertex  4.111869e+01  2.772803e+01  2.048545e+01
     vertex  3.959121e+01  2.416471e+01  1.758464e+01
   endloop
 endfacet
 facet normal  3.334400e-01 -6.626762e-01  6.705804e-01
   outer loop
     vertex  3.482041e+01  2.046044e+01  1.598062e+01
     vertex  3.689476e+01  2.406409e+01  1.851034e+01
     vertex  3.602755e+01  2.402177e+01  1.889973e+01
   endloop
 endfacet
 facet normal  3.669362e-01 -6.609404e-01  6.546111e-01
   outer loop
     vertex  3.482041e+01  2.046044e+01  1.598062e+01
     vertex  3.602755e+01  2.402177e+01  1.889973e+01
     vertex  3.517920e+01  2.397519e+01  1.932824e+01
   endloop
 endfacet
 facet normal  3.669362e-01 -6.609404e-01  6.546111e-01
   outer loop
     vertex  3.482041e+01  2.046044e+01  1.598062e+01
     vertex  3.517920e+01  2.397519e+01  1.932824e+01
     vertex  3.385793e+01  2.040760e+01  1.646677e+01
   endloop
 endfacet
 facet normal  5.214929e-01 -6.498845e-01  5.528971e-01
   outer loop
     vertex  2.851408e+01  1.655226e+01  1.625257e+01
     vertex  3.026179e+01  2.015036e+01  1.883339e+01
     vertex  2.943567e+01  2.007525e+01  1.952432e+01
   endloop
 endfacet
 facet normal  5.214929e-01 -6.498845e-01  5.528971e-01
   outer loop
     vertex  2.851408e+01  1.655226e+01  1.625257e+01
     vertex  2.943567e+01  2.007525e+01  1.952432e+01
     vertex  2.758998e+01  1.646825e+01  1.702544e+01
   endloop
 endfacet
 facet normal  4.925250e-01 -6.523976e-01  5.760178e-01
   outer loop
     vertex  2.851408e+01  1.655226e+01  1.625257e+01
     vertex  3.111892e+01  2.022129e+01  1.818084e+01
     vertex  3.026179e+01  2.015036e+01  1.883339e+01
   endloop
 endfacet
 facet normal  6.487472e-01 -6.353217e-01  4.189193e-01
   outer loop
     vertex  2.208120e+01  1.244204e+01  1.838319e+01
     vertex  2.427800e+01  1.608923e+01  2.051241e+01
     vertex  2.128135e+01  1.232646e+01  1.944657e+01
   endloop
 endfacet
 facet normal  7.420365e-01 -6.180144e-01  2.596921e-01
   outer loop
     vertex  1.606509e+01  8.122239e+00  2.244207e+01
     vertex  1.806017e+01  1.169605e+01  2.524633e+01
     vertex  1.547796e+01  7.977360e+00  2.377495e+01
   endloop
 endfacet
 facet normal  7.263582e-01 -6.216536e-01  2.931730e-01
   outer loop
     vertex  1.606509e+01  8.122239e+00  2.244207e+01
     vertex  1.918726e+01  1.195767e+01  2.283944e+01
     vertex  1.859595e+01  1.182826e+01  2.403004e+01
   endloop
 endfacet
 facet normal  7.420365e-01 -6.180144e-01  2.596921e-01
   outer loop
     vertex  1.606509e+01  8.122239e+00  2.244207e+01
     vertex  1.859595e+01  1.182826e+01  2.403004e+01
     vertex  1.806017e+01  1.169605e+01  2.524633e+01
   endloop
 endfacet
 facet normal  7.964769e-01 -5.988687e-01  8.355167e-02
   outer loop
     vertex  1.102822e+01  3.601897e+00  2.834588e+01
     vertex  1.349364e+01  7.217906e+00  3.076193e+01
     vertex  1.073786e+01  3.432788e+00  2.990169e+01
   endloop
 endfacet
 facet normal  7.957644e-01 -5.998109e-01  8.358224e-02
   outer loop
     vertex  1.102822e+01  3.601897e+00  2.834588e+01
     vertex  8.270714e+00  0.000000e+00  2.875111e+01
     vertex  8.374390e+00  0.000000e+00  2.776403e+01
   endloop
 endfacet
 facet normal  7.957678e-01 -5.998437e-01  8.331336e-02
   outer loop
     vertex  1.102822e+01  3.601897e+00  2.834588e+01
     vertex  1.073786e+01  3.432788e+00  2.990169e+01
     vertex  8.270714e+00  0.000000e+00  2.875111e+01
   endloop
 endfacet
 facet normal  7.888643e-01 -6.027978e-01  1.196991e-01
   outer loop
     vertex  1.102822e+01  3.601897e+00  2.834588e+01
     vertex  1.409335e+01  7.527434e+00  2.791427e+01
     vertex  1.376065e+01  7.373413e+00  2.933127e+01
   endloop
 endfacet
 facet normal  7.964769e-01 -5.988687e-01  8.355167e-02
   outer loop
     vertex  1.102822e+01  3.601897e+00  2.834588e+01
     vertex  1.376065e+01  7.373413e+00  2.933127e+01
     vertex  1.349364e+01  7.217906e+00  3.076193e+01
   endloop
 endfacet
 facet normal -6.597718e-01 -6.335850e-01  4.040683e-01
   outer loop
     vertex  5.061988e+01  4.157876e+01  3.579205e+01
     vertex  4.823607e+01  4.525406e+01  3.766263e+01
     vertex  5.043913e+01  4.160617e+01  3.553989e+01
   endloop
 endfacet
 facet normal -6.618065e-01 -6.333739e-01  4.010606e-01
   outer loop
     vertex  5.061988e+01  4.157876e+01  3.579205e+01
     vertex  4.829908e+01  4.524442e+01  3.775137e+01
     vertex  4.823607e+01  4.525406e+01  3.766263e+01
   endloop
 endfacet
 facet normal -6.742461e-01 -6.315180e-01  3.828541e-01
   outer loop
     vertex  5.061988e+01  4.157876e+01  3.579205e+01
     vertex  4.835963e+01  4.523459e+01  3.784180e+01
     vertex  4.829908e+01  4.524442e+01  3.775137e+01
   endloop
 endfacet
 facet normal -5.355694e-01 -6.485748e-01  5.408476e-01
   outer loop
     vertex  5.149912e+01  3.809438e+01  3.216506e+01
     vertex  4.937222e+01  4.172827e+01  3.441661e+01
     vertex  5.116940e+01  3.812578e+01  3.187620e+01
   endloop
 endfacet
 facet normal -5.355694e-01 -6.485748e-01  5.408476e-01
   outer loop
     vertex  5.149912e+01  3.809438e+01  3.216506e+01
     vertex  4.960590e+01  4.170602e+01  3.462132e+01
     vertex  4.937222e+01  4.172827e+01  3.441661e+01
   endloop
 endfacet
 facet normal -5.628702e-01 -6.458525e-01  5.158020e-01
   outer loop
     vertex  5.149912e+01  3.809438e+01  3.216506e+01
     vertex  4.982989e+01  4.168263e+01  3.483647e+01
     vertex  4.960590e+01  4.170602e+01  3.462132e+01
   endloop
 endfacet
 facet normal -3.833992e-01 -6.600107e-01  6.460580e-01
   outer loop
     vertex  5.110540e+01  3.466315e+01  2.804898e+01
     vertex  4.934095e+01  3.825657e+01  3.067290e+01
     vertex  5.060549e+01  3.469218e+01  2.778196e+01
   endloop
 endfacet
 facet normal -3.833992e-01 -6.600107e-01  6.460580e-01
   outer loop
     vertex  5.110540e+01  3.466315e+01  2.804898e+01
     vertex  4.972809e+01  3.823409e+01  3.087968e+01
     vertex  4.934095e+01  3.825657e+01  3.067290e+01
   endloop
 endfacet
 facet normal -4.157120e-01 -6.580302e-01  6.278374e-01
   outer loop
     vertex  5.110540e+01  3.466315e+01  2.804898e+01
     vertex  5.010528e+01  3.820972e+01  3.110389e+01
     vertex  4.972809e+01  3.823409e+01  3.087968e+01
   endloop
 endfacet
 facet normal -2.111564e-01 -6.674095e-01  7.141271e-01
   outer loop
     vertex  4.928811e+01  3.123870e+01  2.387067e+01
     vertex  4.795093e+01  3.479866e+01  2.680236e+01
     vertex  4.861663e+01  3.125829e+01  2.369043e+01
   endloop
 endfacet
 facet normal -2.111564e-01 -6.674095e-01  7.141271e-01
   outer loop
     vertex  4.928811e+01  3.123870e+01  2.387067e+01
     vertex  4.849881e+01  3.478267e+01  2.694942e+01
     vertex  4.795093e+01  3.479866e+01  2.680236e+01
   endloop
 endfacet
 facet normal -6.494615e-02 -6.701539e-01  7.393753e-01
   outer loop
     vertex  4.602896e+01  2.777071e+01  2.009282e+01
     vertex  4.656229e+01  3.129685e+01  2.333568e+01
     vertex  4.586900e+01  3.130287e+01  2.328025e+01
   endloop
 endfacet
 facet normal -2.785848e-02 -6.703839e-01  7.414913e-01
   outer loop
     vertex  4.602896e+01  2.777071e+01  2.009282e+01
     vertex  4.586900e+01  3.130287e+01  2.328025e+01
     vertex  4.517389e+01  3.130546e+01  2.325647e+01
   endloop
 endfacet
 facet normal -2.785848e-02 -6.703839e-01  7.414913e-01
   outer loop
     vertex  4.602896e+01  2.777071e+01  2.009282e+01
     vertex  4.517389e+01  3.130546e+01  2.325647e+01
     vertex  4.520590e+01  2.777377e+01  2.006466e+01
   endloop
 endfacet
 facet normal  1.202973e-01 -6.694651e-01  7.330382e-01
   outer loop
     vertex  4.144888e+01  2.420915e+01  1.717583e+01
     vertex  4.274105e+01  2.775848e+01  2.020529e+01
     vertex  4.192664e+01  2.774527e+01  2.032688e+01
   endloop
 endfacet
 facet normal  1.568979e-01 -6.687781e-01  7.267179e-01
   outer loop
     vertex  4.144888e+01  2.420915e+01  1.717583e+01
     vertex  4.192664e+01  2.774527e+01  2.032688e+01
     vertex  4.111869e+01  2.772803e+01  2.048545e+01
   endloop
 endfacet
 facet normal  1.568979e-01 -6.687781e-01  7.267179e-01
   outer loop
     vertex  4.144888e+01  2.420915e+01  1.717583e+01
     vertex  4.111869e+01  2.772803e+01  2.048545e+01
     vertex  4.051533e+01  2.418923e+01  1.735906e+01
   endloop
 endfacet
 facet normal  3.334400e-01 -6.626762e-01  6.705804e-01
   outer loop
     vertex  3.580430e+01  2.050846e+01  1.553884e+01
     vertex  3.689476e+01  2.406409e+01  1.851034e+01
     vertex  3.482041e+01  2.046044e+01  1.598062e+01
   endloop
 endfacet
 facet normal  4.925250e-01 -6.523976e-01  5.760178e-01
   outer loop
     vertex  2.947284e+01  1.663160e+01  1.552264e+01
     vertex  3.111892e+01  2.022129e+01  1.818084e+01
     vertex  2.851408e+01  1.655226e+01  1.625257e+01
   endloop
 endfacet
 facet normal  6.258240e-01 -6.384806e-01  4.479809e-01
   outer loop
     vertex  2.292926e+01  1.255355e+01  1.735738e+01
     vertex  2.427800e+01  1.608923e+01  2.051241e+01
     vertex  2.208120e+01  1.244204e+01  1.838319e+01
   endloop
 endfacet
 facet normal  6.015847e-01 -6.415226e-01  4.759671e-01
   outer loop
     vertex  2.292926e+01  1.255355e+01  1.735738e+01
     vertex  2.585350e+01  1.628695e+01  1.869337e+01
     vertex  2.504477e+01  1.619004e+01  1.958493e+01
   endloop
 endfacet
 facet normal  6.258240e-01 -6.384806e-01  4.479809e-01
   outer loop
     vertex  2.292926e+01  1.255355e+01  1.735738e+01
     vertex  2.504477e+01  1.619004e+01  1.958493e+01
     vertex  2.427800e+01  1.608923e+01  2.051241e+01
   endloop
 endfacet
 facet normal  7.263582e-01 -6.216536e-01  2.931730e-01
   outer loop
     vertex  1.671308e+01  8.264056e+00  2.113735e+01
     vertex  1.918726e+01  1.195767e+01  2.283944e+01
     vertex  1.606509e+01  8.122239e+00  2.244207e+01
   endloop
 endfacet
 facet normal  7.888643e-01 -6.027978e-01  1.196991e-01
   outer loop
     vertex  1.139002e+01  3.769390e+00  2.680495e+01
     vertex  1.409335e+01  7.527434e+00  2.791427e+01
     vertex  1.102822e+01  3.601897e+00  2.834588e+01
   endloop
 endfacet
 facet normal  7.898870e-01 -6.013785e-01  1.200935e-01
   outer loop
     vertex  1.139002e+01  3.769390e+00  2.680495e+01
     vertex  1.102822e+01  3.601897e+00  2.834588e+01
     vertex  8.374390e+00  0.000000e+00  2.776403e+01
   endloop
 endfacet
 facet normal  7.893657e-01 -6.050376e-01  1.040737e-01
   outer loop
     vertex  1.139002e+01  3.769390e+00  2.680495e+01
     vertex  8.374390e+00  0.000000e+00  2.776403e+01
     vertex  8.504117e+00  0.000000e+00  2.678010e+01
   endloop
 endfacet
 facet normal  7.861978e-01 -6.028227e-01  1.360071e-01
   outer loop
     vertex  1.139002e+01  3.769390e+00  2.680495e+01
     vertex  8.504117e+00  0.000000e+00  2.678010e+01
     vertex  8.922273e+00  1.054175e-01  2.483016e+01
   endloop
 endfacet
 facet normal -6.806477e-01 -6.302409e-01  3.735172e-01
   outer loop
     vertex  5.078881e+01  4.155049e+01  3.605218e+01
     vertex  4.835963e+01  4.523459e+01  3.784180e+01
     vertex  5.061988e+01  4.157876e+01  3.579205e+01
   endloop
 endfacet
 facet normal -6.862591e-01 -6.295032e-01  3.643819e-01
   outer loop
     vertex  5.078881e+01  4.155049e+01  3.605218e+01
     vertex  4.841768e+01  4.522458e+01  3.793383e+01
     vertex  4.835963e+01  4.523459e+01  3.784180e+01
   endloop
 endfacet
 facet normal -6.978194e-01 -6.273629e-01  3.456353e-01
   outer loop
     vertex  5.078881e+01  4.155049e+01  3.605218e+01
     vertex  4.847317e+01  4.521441e+01  3.802741e+01
     vertex  4.841768e+01  4.522458e+01  3.793383e+01
   endloop
 endfacet
 facet normal -5.628702e-01 -6.458525e-01  5.158020e-01
   outer loop
     vertex  5.181518e+01  3.806138e+01  3.246864e+01
     vertex  4.982989e+01  4.168263e+01  3.483647e+01
     vertex  5.149912e+01  3.809438e+01  3.216506e+01
   endloop
 endfacet
 facet normal -4.471505e-01 -6.558917e-01  6.081632e-01
   outer loop
     vertex  5.159248e+01  3.463168e+01  2.833851e+01
     vertex  5.047174e+01  3.818351e+01  3.134506e+01
     vertex  5.010528e+01  3.820972e+01  3.110389e+01
   endloop
 endfacet
 facet normal -4.157120e-01 -6.580302e-01  6.278374e-01
   outer loop
     vertex  5.159248e+01  3.463168e+01  2.833851e+01
     vertex  5.010528e+01  3.820972e+01  3.110389e+01
     vertex  5.110540e+01  3.466315e+01  2.804898e+01
   endloop
 endfacet
 facet normal -2.467893e-01 -6.662746e-01  7.036855e-01
   outer loop
     vertex  4.995057e+01  3.121580e+01  2.408132e+01
     vertex  4.849881e+01  3.478267e+01  2.694942e+01
     vertex  4.928811e+01  3.123870e+01  2.387067e+01
   endloop
 endfacet
 facet normal -2.467893e-01 -6.662746e-01  7.036855e-01
   outer loop
     vertex  4.995057e+01  3.121580e+01  2.408132e+01
     vertex  4.903934e+01  3.476399e+01  2.712130e+01
     vertex  4.849881e+01  3.478267e+01  2.694942e+01
   endloop
 endfacet
 facet normal -6.494615e-02 -6.701539e-01  7.393753e-01
   outer loop
     vertex  4.684985e+01  2.776357e+01  2.015846e+01
     vertex  4.656229e+01  3.129685e+01  2.333568e+01
     vertex  4.602896e+01  2.777071e+01  2.009282e+01
   endloop
 endfacet
 facet normal  1.202973e-01 -6.694651e-01  7.330382e-01
   outer loop
     vertex  4.238989e+01  2.422442e+01  1.703535e+01
     vertex  4.274105e+01  2.775848e+01  2.020529e+01
     vertex  4.144888e+01  2.420915e+01  1.717583e+01
   endloop
 endfacet
 facet normal  2.992426e-01 -6.642442e-01  6.850062e-01
   outer loop
     vertex  3.680753e+01  2.055155e+01  1.514237e+01
     vertex  3.777902e+01  2.410208e+01  1.816089e+01
     vertex  3.689476e+01  2.406409e+01  1.851034e+01
   endloop
 endfacet
 facet normal  2.644159e-01 -6.656412e-01  6.978582e-01
   outer loop
     vertex  3.680753e+01  2.055155e+01  1.514237e+01
     vertex  3.867847e+01  2.413564e+01  1.785210e+01
     vertex  3.777902e+01  2.410208e+01  1.816089e+01
   endloop
 endfacet
 facet normal  2.992426e-01 -6.642442e-01  6.850062e-01
   outer loop
     vertex  3.680753e+01  2.055155e+01  1.514237e+01
     vertex  3.689476e+01  2.406409e+01  1.851034e+01
     vertex  3.580430e+01  2.050846e+01  1.553884e+01
   endloop
 endfacet
 facet normal  4.315447e-01 -6.569804e-01  6.181795e-01
   outer loop
     vertex  3.046426e+01  1.670610e+01  1.483718e+01
     vertex  3.291888e+01  2.035004e+01  1.699629e+01
     vertex  3.200523e+01  2.028789e+01  1.756804e+01
   endloop
 endfacet
 facet normal  4.625212e-01 -6.547646e-01  5.977938e-01
   outer loop
     vertex  3.046426e+01  1.670610e+01  1.483718e+01
     vertex  3.200523e+01  2.028789e+01  1.756804e+01
     vertex  3.111892e+01  2.022129e+01  1.818084e+01
   endloop
 endfacet
 facet normal  4.625212e-01 -6.547646e-01  5.977938e-01
   outer loop
     vertex  3.046426e+01  1.670610e+01  1.483718e+01
     vertex  3.111892e+01  2.022129e+01  1.818084e+01
     vertex  2.947284e+01  1.663160e+01  1.552264e+01
   endloop
 endfacet
 facet normal  6.015847e-01 -6.415226e-01  4.759671e-01
   outer loop
     vertex  2.382373e+01  1.266073e+01  1.637130e+01
     vertex  2.585350e+01  1.628695e+01  1.869337e+01
     vertex  2.292926e+01  1.255355e+01  1.735738e+01
   endloop
 endfacet
 facet normal  5.760802e-01 -6.444413e-01  5.028191e-01
   outer loop
     vertex  2.382373e+01  1.266073e+01  1.637130e+01
     vertex  2.670250e+01  1.637975e+01  1.783961e+01
     vertex  2.585350e+01  1.628695e+01  1.869337e+01
   endloop
 endfacet
 facet normal  6.904553e-01 -6.286801e-01  3.578167e-01
   outer loop
     vertex  1.742055e+01  8.402514e+00  1.986354e+01
     vertex  2.053137e+01  1.220703e+01  2.054529e+01
     vertex  1.983285e+01  1.208402e+01  2.167704e+01
   endloop
 endfacet
 facet normal  7.091524e-01 -6.252114e-01  3.259042e-01
   outer loop
     vertex  1.742055e+01  8.402514e+00  1.986354e+01
     vertex  1.983285e+01  1.208402e+01  2.167704e+01
     vertex  1.918726e+01  1.195767e+01  2.283944e+01
   endloop
 endfacet
 facet normal  7.091524e-01 -6.252114e-01  3.259042e-01
   outer loop
     vertex  1.742055e+01  8.402514e+00  1.986354e+01
     vertex  1.918726e+01  1.195767e+01  2.283944e+01
     vertex  1.671308e+01  8.264056e+00  2.113735e+01
   endloop
 endfacet
 facet normal  7.764384e-01 -6.077158e-01  1.668083e-01
   outer loop
     vertex  1.182251e+01  3.934914e+00  2.528212e+01
     vertex  8.922273e+00  1.054175e-01  2.483016e+01
     vertex  9.210928e+00  2.100327e-01  2.386770e+01
   endloop
 endfacet
 facet normal  7.694659e-01 -6.106076e-01  1.872980e-01
   outer loop
     vertex  1.182251e+01  3.934914e+00  2.528212e+01
     vertex  9.210928e+00  2.100327e-01  2.386770e+01
     vertex  9.525557e+00  3.137697e-01  2.291332e+01
   endloop
 endfacet
 facet normal  7.786484e-01 -6.080018e-01  1.550502e-01
   outer loop
     vertex  1.182251e+01  3.934914e+00  2.528212e+01
     vertex  1.139002e+01  3.769390e+00  2.680495e+01
     vertex  8.922273e+00  1.054175e-01  2.483016e+01
   endloop
 endfacet
 facet normal  7.795928e-01 -6.066850e-01  1.554616e-01
   outer loop
     vertex  1.182251e+01  3.934914e+00  2.528212e+01
     vertex  1.409335e+01  7.527434e+00  2.791427e+01
     vertex  1.139002e+01  3.769390e+00  2.680495e+01
   endloop
 endfacet
 facet normal  7.795928e-01 -6.066850e-01  1.554616e-01
   outer loop
     vertex  1.182251e+01  3.934914e+00  2.528212e+01
     vertex  1.449105e+01  7.679645e+00  2.651393e+01
     vertex  1.409335e+01  7.527434e+00  2.791427e+01
   endloop
 endfacet
 facet normal -7.000665e-01 -6.268374e-01  3.420261e-01
   outer loop
     vertex  5.094557e+01  4.152141e+01  3.631973e+01
     vertex  4.847317e+01  4.521441e+01  3.802741e+01
     vertex  5.078881e+01  4.155049e+01  3.605218e+01
   endloop
 endfacet
 facet normal -7.087044e-01 -6.254257e-01  3.264672e-01
   outer loop
     vertex  5.094557e+01  4.152141e+01  3.631973e+01
     vertex  4.852607e+01  4.520408e+01  3.812246e+01
     vertex  4.847317e+01  4.521441e+01  3.802741e+01
   endloop
 endfacet
 facet normal -5.889873e-01 -6.429977e-01  4.895385e-01
   outer loop
     vertex  5.211690e+01  3.802685e+01  3.278630e+01
     vertex  4.982989e+01  4.168263e+01  3.483647e+01
     vertex  5.181518e+01  3.806138e+01  3.246864e+01
   endloop
 endfacet
 facet normal -6.138657e-01 -6.400166e-01  4.621122e-01
   outer loop
     vertex  5.211690e+01  3.802685e+01  3.278630e+01
     vertex  5.024694e+01  4.163266e+01  3.529624e+01
     vertex  5.004372e+01  4.165816e+01  3.506160e+01
   endloop
 endfacet
 facet normal -5.889873e-01 -6.429977e-01  4.895385e-01
   outer loop
     vertex  5.211690e+01  3.802685e+01  3.278630e+01
     vertex  5.004372e+01  4.165816e+01  3.506160e+01
     vertex  4.982989e+01  4.168263e+01  3.483647e+01
   endloop
 endfacet
 facet normal -4.471505e-01 -6.558917e-01  6.081632e-01
   outer loop
     vertex  5.206569e+01  3.459783e+01  2.864993e+01
     vertex  5.047174e+01  3.818351e+01  3.134506e+01
     vertex  5.159248e+01  3.463168e+01  2.833851e+01
   endloop
 endfacet
 facet normal -2.819033e-01 -6.649643e-01  6.916307e-01
   outer loop
     vertex  5.060262e+01  3.118964e+01  2.432195e+01
     vertex  4.957137e+01  3.474265e+01  2.731763e+01
     vertex  4.903934e+01  3.476399e+01  2.712130e+01
   endloop
 endfacet
 facet normal -2.819033e-01 -6.649643e-01  6.916307e-01
   outer loop
     vertex  5.060262e+01  3.118964e+01  2.432195e+01
     vertex  4.903934e+01  3.476399e+01  2.712130e+01
     vertex  4.995057e+01  3.121580e+01  2.408132e+01
   endloop
 endfacet
 facet normal -1.018972e-01 -6.697404e-01  7.355710e-01
   outer loop
     vertex  4.766685e+01  2.775238e+01  2.026144e+01
     vertex  4.656229e+01  3.129685e+01  2.333568e+01
     vertex  4.684985e+01  2.776357e+01  2.015846e+01
   endloop
 endfacet
 facet normal -1.018972e-01 -6.697404e-01  7.355710e-01
   outer loop
     vertex  4.766685e+01  2.775238e+01  2.026144e+01
     vertex  4.725229e+01  3.128739e+01  2.342266e+01
     vertex  4.656229e+01  3.129685e+01  2.333568e+01
   endloop
 endfacet
 facet normal -1.386340e-01 -6.691443e-01  7.300867e-01
   outer loop
     vertex  4.766685e+01  2.775238e+01  2.026144e+01
     vertex  4.793755e+01  3.127453e+01  2.354099e+01
     vertex  4.725229e+01  3.128739e+01  2.342266e+01
   endloop
 endfacet
 facet normal  8.344364e-02 -6.699700e-01  7.376838e-01
   outer loop
     vertex  4.333640e+01  2.423501e+01  1.693791e+01
     vertex  4.356022e+01  2.776765e+01  2.012096e+01
     vertex  4.274105e+01  2.775848e+01  2.020529e+01
   endloop
 endfacet
 facet normal  8.344364e-02 -6.699700e-01  7.376838e-01
   outer loop
     vertex  4.333640e+01  2.423501e+01  1.693791e+01
     vertex  4.274105e+01  2.775848e+01  2.020529e+01
     vertex  4.238989e+01  2.422442e+01  1.703535e+01
   endloop
 endfacet
 facet normal  4.641452e-02 -6.702919e-01  7.406447e-01
   outer loop
     vertex  4.333640e+01  2.423501e+01  1.693791e+01
     vertex  4.438241e+01  2.777275e+01  2.007405e+01
     vertex  4.356022e+01  2.776765e+01  2.012096e+01
   endloop
 endfacet
 facet normal  2.644159e-01 -6.656412e-01  6.978582e-01
   outer loop
     vertex  3.782799e+01  2.058963e+01  1.479205e+01
     vertex  3.867847e+01  2.413564e+01  1.785210e+01
     vertex  3.680753e+01  2.055155e+01  1.514237e+01
   endloop
 endfacet
 facet normal  4.315447e-01 -6.569804e-01  6.181795e-01
   outer loop
     vertex  3.148625e+01  1.677562e+01  1.419762e+01
     vertex  3.291888e+01  2.035004e+01  1.699629e+01
     vertex  3.046426e+01  1.670610e+01  1.483718e+01
   endloop
 endfacet
 facet normal -8.099764e-01 -5.822252e-01 -7.037043e-02
   outer loop
     vertex  8.171593e+01  0.000000e+00  3.575107e+01
     vertex  7.970833e+01  2.833333e+00  3.541667e+01
     vertex  8.177174e+01  0.000000e+00  3.510870e+01
   endloop
 endfacet
 facet normal -8.083192e-01 -5.826873e-01 -8.423544e-02
   outer loop
     vertex  8.164910e+01  0.000000e+00  3.639238e+01
     vertex  7.970833e+01  2.833333e+00  3.541667e+01
     vertex  8.171593e+01  0.000000e+00  3.575107e+01
   endloop
 endfacet
 facet normal  5.760802e-01 -6.444413e-01  5.028191e-01
   outer loop
     vertex  2.476274e+01  1.276337e+01  1.542703e+01
     vertex  2.670250e+01  1.637975e+01  1.783961e+01
     vertex  2.382373e+01  1.266073e+01  1.637130e+01
   endloop
 endfacet
 facet normal  6.904553e-01 -6.286801e-01  3.578167e-01
   outer loop
     vertex  1.818602e+01  8.537321e+00  1.862331e+01
     vertex  2.053137e+01  1.220703e+01  2.054529e+01
     vertex  1.742055e+01  8.402514e+00  1.986354e+01
   endloop
 endfacet
 facet normal  7.629573e-01 -6.120370e-01  2.081030e-01
   outer loop
     vertex  1.232477e+01  4.098122e+00  2.378061e+01
     vertex  9.525557e+00  3.137697e-01  2.291332e+01
     vertex  9.865931e+00  4.165533e-01  2.196771e+01
   endloop
 endfacet
 facet normal  7.686818e-01 -6.105222e-01  1.907639e-01
   outer loop
     vertex  1.232477e+01  4.098122e+00  2.378061e+01
     vertex  1.495291e+01  7.829726e+00  2.513319e+01
     vertex  1.449105e+01  7.679645e+00  2.651393e+01
   endloop
 endfacet
 facet normal  7.686818e-01 -6.105222e-01  1.907639e-01
   outer loop
     vertex  1.232477e+01  4.098122e+00  2.378061e+01
     vertex  1.449105e+01  7.679645e+00  2.651393e+01
     vertex  1.182251e+01  3.934914e+00  2.528212e+01
   endloop
 endfacet
 facet normal  7.678966e-01 -6.116289e-01  1.903809e-01
   outer loop
     vertex  1.232477e+01  4.098122e+00  2.378061e+01
     vertex  1.182251e+01  3.934914e+00  2.528212e+01
     vertex  9.525557e+00  3.137697e-01  2.291332e+01
   endloop
 endfacet
 facet normal  7.561543e-01 -6.143013e-01  2.255318e-01
   outer loop
     vertex  1.232477e+01  4.098122e+00  2.378061e+01
     vertex  1.547796e+01  7.977360e+00  2.377495e+01
     vertex  1.495291e+01  7.829726e+00  2.513319e+01
   endloop
 endfacet
 facet normal -7.180188e-01 -6.233316e-01  3.096881e-01
   outer loop
     vertex  5.108982e+01  4.149158e+01  3.659415e+01
     vertex  4.852607e+01  4.520408e+01  3.812246e+01
     vertex  5.094557e+01  4.152141e+01  3.631973e+01
   endloop
 endfacet
 facet normal -7.192646e-01 -6.231489e-01  3.071545e-01
   outer loop
     vertex  5.108982e+01  4.149158e+01  3.659415e+01
     vertex  4.857635e+01  4.519360e+01  3.821891e+01
     vertex  4.852607e+01  4.520408e+01  3.812246e+01
   endloop
 endfacet
 facet normal -7.290799e-01 -6.211529e-01  2.874224e-01
   outer loop
     vertex  5.108982e+01  4.149158e+01  3.659415e+01
     vertex  4.862395e+01  4.518297e+01  3.831669e+01
     vertex  4.857635e+01  4.519360e+01  3.821891e+01
   endloop
 endfacet
 facet normal -6.138657e-01 -6.400166e-01  4.621122e-01
   outer loop
     vertex  5.240366e+01  3.799086e+01  3.311739e+01
     vertex  5.024694e+01  4.163266e+01  3.529624e+01
     vertex  5.211690e+01  3.802685e+01  3.278630e+01
   endloop
 endfacet
 facet normal -4.776486e-01 -6.535997e-01  5.870768e-01
   outer loop
     vertex  5.252404e+01  3.456168e+01  2.898259e+01
     vertex  5.082670e+01  3.815551e+01  3.160268e+01
     vertex  5.047174e+01  3.818351e+01  3.134506e+01
   endloop
 endfacet
 facet normal -4.776486e-01 -6.535997e-01  5.870768e-01
   outer loop
     vertex  5.252404e+01  3.456168e+01  2.898259e+01
     vertex  5.047174e+01  3.818351e+01  3.134506e+01
     vertex  5.206569e+01  3.459783e+01  2.864993e+01
   endloop
 endfacet
 facet normal -3.164245e-01 -6.634814e-01  6.779882e-01
   outer loop
     vertex  5.124289e+01  3.116029e+01  2.459204e+01
     vertex  5.009378e+01  3.471869e+01  2.753801e+01
     vertex  4.957137e+01  3.474265e+01  2.731763e+01
   endloop
 endfacet
 facet normal -3.164245e-01 -6.634814e-01  6.779882e-01
   outer loop
     vertex  5.124289e+01  3.116029e+01  2.459204e+01
     vertex  4.957137e+01  3.474265e+01  2.731763e+01
     vertex  5.060262e+01  3.118964e+01  2.432195e+01
   endloop
 endfacet
 facet normal -1.386340e-01 -6.691443e-01  7.300867e-01
   outer loop
     vertex  4.847825e+01  2.773715e+01  2.040156e+01
     vertex  4.793755e+01  3.127453e+01  2.354099e+01
     vertex  4.766685e+01  2.775238e+01  2.026144e+01
   endloop
 endfacet
 facet normal  4.641452e-02 -6.702919e-01  7.406447e-01
   outer loop
     vertex  4.428640e+01  2.424090e+01  1.688370e+01
     vertex  4.438241e+01  2.777275e+01  2.007405e+01
     vertex  4.333640e+01  2.423501e+01  1.693791e+01
   endloop
 endfacet
 facet normal  2.290331e-01 -6.668641e-01  7.091094e-01
   outer loop
     vertex  3.886353e+01  2.062262e+01  1.448860e+01
     vertex  3.867847e+01  2.413564e+01  1.785210e+01
     vertex  3.782799e+01  2.058963e+01  1.479205e+01
   endloop
 endfacet
 facet normal  2.290331e-01 -6.668641e-01  7.091094e-01
   outer loop
     vertex  3.886353e+01  2.062262e+01  1.448860e+01
     vertex  3.959121e+01  2.416471e+01  1.758464e+01
     vertex  3.867847e+01  2.413564e+01  1.785210e+01
   endloop
 endfacet
 facet normal  1.931686e-01 -6.679105e-01  7.187360e-01
   outer loop
     vertex  3.886353e+01  2.062262e+01  1.448860e+01
     vertex  4.051533e+01  2.418923e+01  1.735906e+01
     vertex  3.959121e+01  2.416471e+01  1.758464e+01
   endloop
 endfacet
 facet normal  3.996607e-01 -6.590405e-01  6.371318e-01
   outer loop
     vertex  3.253665e+01  1.684000e+01  1.360531e+01
     vertex  3.385793e+01  2.040760e+01  1.646677e+01
     vertex  3.291888e+01  2.035004e+01  1.699629e+01
   endloop
 endfacet
 facet normal  3.996607e-01 -6.590405e-01  6.371318e-01
   outer loop
     vertex  3.253665e+01  1.684000e+01  1.360531e+01
     vertex  3.291888e+01  2.035004e+01  1.699629e+01
     vertex  3.148625e+01  1.677562e+01  1.419762e+01
   endloop
 endfacet
 facet normal  3.669362e-01 -6.609404e-01  6.546111e-01
   outer loop
     vertex  3.253665e+01  1.684000e+01  1.360531e+01
     vertex  3.482041e+01  2.046044e+01  1.598062e+01
     vertex  3.385793e+01  2.040760e+01  1.646677e+01
   endloop
 endfacet
 facet normal  5.493642e-01 -6.472305e-01  5.284804e-01
   outer loop
     vertex  2.574430e+01  1.286124e+01  1.452655e+01
     vertex  2.758998e+01  1.646825e+01  1.702544e+01
     vertex  2.670250e+01  1.637975e+01  1.783961e+01
   endloop
 endfacet
 facet normal  5.493642e-01 -6.472305e-01  5.284804e-01
   outer loop
     vertex  2.574430e+01  1.286124e+01  1.452655e+01
     vertex  2.670250e+01  1.637975e+01  1.783961e+01
     vertex  2.476274e+01  1.276337e+01  1.542703e+01
   endloop
 endfacet
 facet normal  6.487472e-01 -6.353217e-01  4.189193e-01
   outer loop
     vertex  1.900788e+01  8.668194e+00  1.741928e+01
     vertex  2.208120e+01  1.244204e+01  1.838319e+01
     vertex  2.128135e+01  1.232646e+01  1.944657e+01
   endloop
 endfacet
 facet normal  6.703061e-01 -6.320526e-01  3.888435e-01
   outer loop
     vertex  1.900788e+01  8.668194e+00  1.741928e+01
     vertex  2.053137e+01  1.220703e+01  2.054529e+01
     vertex  1.818602e+01  8.537321e+00  1.862331e+01
   endloop
 endfacet
 facet normal  6.703061e-01 -6.320526e-01  3.888435e-01
   outer loop
     vertex  1.900788e+01  8.668194e+00  1.741928e+01
     vertex  2.128135e+01  1.232646e+01  1.944657e+01
     vertex  2.053137e+01  1.220703e+01  2.054529e+01
   endloop
 endfacet
 facet normal  7.561543e-01 -6.143013e-01  2.255318e-01
   outer loop
     vertex  1.289574e+01  4.258670e+00  2.230357e+01
     vertex  1.547796e+01  7.977360e+00  2.377495e+01
     vertex  1.232477e+01  4.098122e+00  2.378061e+01
   endloop
 endfacet
 facet normal  7.547283e-01 -6.151025e-01  2.281097e-01
   outer loop
     vertex  1.289574e+01  4.258670e+00  2.230357e+01
     vertex  9.865931e+00  4.165533e-01  2.196771e+01
     vertex  1.023180e+01  5.183088e-01  2.103156e+01
   endloop
 endfacet
 facet normal  7.470521e-01 -6.165707e-01  2.485031e-01
   outer loop
     vertex  1.289574e+01  4.258670e+00  2.230357e+01
     vertex  1.023180e+01  5.183088e-01  2.103156e+01
     vertex  1.062291e+01  6.189623e-01  2.010555e+01
   endloop
 endfacet
 facet normal  7.554032e-01 -6.153737e-01  2.251249e-01
   outer loop
     vertex  1.289574e+01  4.258670e+00  2.230357e+01
     vertex  1.232477e+01  4.098122e+00  2.378061e+01
     vertex  9.865931e+00  4.165533e-01  2.196771e+01
   endloop
 endfacet
 facet normal -7.344852e-01 -6.197049e-01  2.765814e-01
   outer loop
     vertex  5.122127e+01  4.146107e+01  3.687486e+01
     vertex  4.862395e+01  4.518297e+01  3.831669e+01
     vertex  5.108982e+01  4.149158e+01  3.659415e+01
   endloop
 endfacet
 facet normal -7.384622e-01 -6.189634e-01  2.675032e-01
   outer loop
     vertex  5.122127e+01  4.146107e+01  3.687486e+01
     vertex  4.866885e+01  4.517220e+01  3.841573e+01
     vertex  4.862395e+01  4.518297e+01  3.831669e+01
   endloop
 endfacet
 facet normal -7.473287e-01 -6.166966e-01  2.473564e-01
   outer loop
     vertex  5.122127e+01  4.146107e+01  3.687486e+01
     vertex  4.871101e+01  4.516131e+01  3.851595e+01
     vertex  4.866885e+01  4.517220e+01  3.841573e+01
   endloop
 endfacet
 facet normal -6.374532e-01 -6.369154e-01  4.335808e-01
   outer loop
     vertex  5.267485e+01  3.795349e+01  3.346119e+01
     vertex  5.024694e+01  4.163266e+01  3.529624e+01
     vertex  5.240366e+01  3.799086e+01  3.311739e+01
   endloop
 endfacet
 facet normal -6.374532e-01 -6.369154e-01  4.335808e-01
   outer loop
     vertex  5.267485e+01  3.795349e+01  3.346119e+01
     vertex  5.043913e+01  4.160617e+01  3.553989e+01
     vertex  5.024694e+01  4.163266e+01  3.529624e+01
   endloop
 endfacet
 facet normal -5.071423e-01 -6.511590e-01  5.646225e-01
   outer loop
     vertex  5.296657e+01  3.452328e+01  2.933579e+01
     vertex  5.116940e+01  3.812578e+01  3.187620e+01
     vertex  5.082670e+01  3.815551e+01  3.160268e+01
   endloop
 endfacet
 facet normal -5.071423e-01 -6.511590e-01  5.646225e-01
   outer loop
     vertex  5.296657e+01  3.452328e+01  2.933579e+01
     vertex  5.082670e+01  3.815551e+01  3.160268e+01
     vertex  5.252404e+01  3.456168e+01  2.898259e+01
   endloop
 endfacet
 facet normal -3.502802e-01 -6.618290e-01  6.627866e-01
   outer loop
     vertex  5.187002e+01  3.112779e+01  2.489102e+01
     vertex  5.060549e+01  3.469218e+01  2.778196e+01
     vertex  5.009378e+01  3.471869e+01  2.753801e+01
   endloop
 endfacet
 facet normal -3.502802e-01 -6.618290e-01  6.627866e-01
   outer loop
     vertex  5.187002e+01  3.112779e+01  2.489102e+01
     vertex  5.009378e+01  3.471869e+01  2.753801e+01
     vertex  5.124289e+01  3.116029e+01  2.459204e+01
   endloop
 endfacet
 facet normal -1.750793e-01 -6.683668e-01  7.229337e-01
   outer loop
     vertex  4.928233e+01  2.771792e+01  2.057851e+01
     vertex  4.793755e+01  3.127453e+01  2.354099e+01
     vertex  4.847825e+01  2.773715e+01  2.040156e+01
   endloop
 endfacet
 facet normal -1.750793e-01 -6.683668e-01  7.229337e-01
   outer loop
     vertex  4.928233e+01  2.771792e+01  2.057851e+01
     vertex  4.861663e+01  3.125829e+01  2.369043e+01
     vertex  4.793755e+01  3.127453e+01  2.354099e+01
   endloop
 endfacet
 facet normal -2.111564e-01 -6.674095e-01  7.141271e-01
   outer loop
     vertex  4.928233e+01  2.771792e+01  2.057851e+01
     vertex  4.928811e+01  3.123870e+01  2.387067e+01
     vertex  4.861663e+01  3.125829e+01  2.369043e+01
   endloop
 endfacet
 facet normal  9.287786e-03 -6.704299e-01  7.419147e-01
   outer loop
     vertex  4.523791e+01  2.424208e+01  1.687286e+01
     vertex  4.438241e+01  2.777275e+01  2.007405e+01
     vertex  4.428640e+01  2.424090e+01  1.688370e+01
   endloop
 endfacet
 facet normal  9.287786e-03 -6.704299e-01  7.419147e-01
   outer loop
     vertex  4.523791e+01  2.424208e+01  1.687286e+01
     vertex  4.520590e+01  2.777377e+01  2.006466e+01
     vertex  4.438241e+01  2.777275e+01  2.007405e+01
   endloop
 endfacet
 facet normal  1.931686e-01 -6.679105e-01  7.187360e-01
   outer loop
     vertex  3.991197e+01  2.065043e+01  1.423267e+01
     vertex  4.051533e+01  2.418923e+01  1.735906e+01
     vertex  3.886353e+01  2.062262e+01  1.448860e+01
   endloop
 endfacet
 facet normal  3.669362e-01 -6.609404e-01  6.546111e-01
   outer loop
     vertex  3.361327e+01  1.689911e+01  1.306151e+01
     vertex  3.482041e+01  2.046044e+01  1.598062e+01
     vertex  3.253665e+01  1.684000e+01  1.360531e+01
   endloop
 endfacet
 facet normal  5.214929e-01 -6.498845e-01  5.528971e-01
   outer loop
     vertex  2.676636e+01  1.295416e+01  1.367175e+01
     vertex  2.758998e+01  1.646825e+01  1.702544e+01
     vertex  2.574430e+01  1.286124e+01  1.452655e+01
   endloop
 endfacet
 facet normal  5.214929e-01 -6.498845e-01  5.528971e-01
   outer loop
     vertex  2.676636e+01  1.295416e+01  1.367175e+01
     vertex  2.851408e+01  1.655226e+01  1.625257e+01
     vertex  2.758998e+01  1.646825e+01  1.702544e+01
   endloop
 endfacet
 facet normal  4.925250e-01 -6.523976e-01  5.760178e-01
   outer loop
     vertex  2.676636e+01  1.295416e+01  1.367175e+01
     vertex  2.947284e+01  1.663160e+01  1.552264e+01
     vertex  2.851408e+01  1.655226e+01  1.625257e+01
   endloop
 endfacet
 facet normal  6.487472e-01 -6.353217e-01  4.189193e-01
   outer loop
     vertex  1.988441e+01  8.794859e+00  1.625397e+01
     vertex  2.208120e+01  1.244204e+01  1.838319e+01
     vertex  1.900788e+01  8.668194e+00  1.741928e+01
   endloop
 endfacet
 facet normal  7.263582e-01 -6.216536e-01  2.931730e-01
   outer loop
     vertex  1.353423e+01  4.416220e+00  2.085411e+01
     vertex  1.671308e+01  8.264056e+00  2.113735e+01
     vertex  1.606509e+01  8.122239e+00  2.244207e+01
   endloop
 endfacet
 facet normal  7.382260e-01 -6.188867e-01  2.683311e-01
   outer loop
     vertex  1.353423e+01  4.416220e+00  2.085411e+01
     vertex  1.062291e+01  6.189623e-01  2.010555e+01
     vertex  1.103897e+01  7.184409e-01  1.919034e+01
   endloop
 endfacet
 facet normal  7.287824e-01 -6.213001e-01  2.878582e-01
   outer loop
     vertex  1.353423e+01  4.416220e+00  2.085411e+01
     vertex  1.103897e+01  7.184409e-01  1.919034e+01
     vertex  1.147967e+01  8.166723e-01  1.828661e+01
   endloop
 endfacet
 facet normal  7.420365e-01 -6.180144e-01  2.596921e-01
   outer loop
     vertex  1.353423e+01  4.416220e+00  2.085411e+01
     vertex  1.547796e+01  7.977360e+00  2.377495e+01
     vertex  1.289574e+01  4.258670e+00  2.230357e+01
   endloop
 endfacet
 facet normal  7.411407e-01 -6.193128e-01  2.591564e-01
   outer loop
     vertex  1.353423e+01  4.416220e+00  2.085411e+01
     vertex  1.289574e+01  4.258670e+00  2.230357e+01
     vertex  1.062291e+01  6.189623e-01  2.010555e+01
   endloop
 endfacet
 facet normal  7.420365e-01 -6.180144e-01  2.596921e-01
   outer loop
     vertex  1.353423e+01  4.416220e+00  2.085411e+01
     vertex  1.606509e+01  8.122239e+00  2.244207e+01
     vertex  1.547796e+01  7.977360e+00  2.377495e+01
   endloop
 endfacet
 facet normal -7.493794e-01 -6.160413e-01  2.427420e-01
   outer loop
     vertex  5.133964e+01  4.142994e+01  3.716126e+01
     vertex  4.871101e+01  4.516131e+01  3.851595e+01
     vertex  5.122127e+01  4.146107e+01  3.687486e+01
   endloop
 endfacet
 facet normal -7.555005e-01 -6.146018e-01  2.268998e-01
   outer loop
     vertex  5.133964e+01  4.142994e+01  3.716126e+01
     vertex  4.875040e+01  4.515030e+01  3.861727e+01
     vertex  4.871101e+01  4.516131e+01  3.851595e+01
   endloop
 endfacet
 facet normal -6.597001e-01 -6.337005e-01  4.040043e-01
   outer loop
     vertex  5.292989e+01  3.791482e+01  3.381700e+01
     vertex  5.061988e+01  4.157876e+01  3.579205e+01
     vertex  5.043913e+01  4.160617e+01  3.553989e+01
   endloop
 endfacet
 facet normal -6.597001e-01 -6.337005e-01  4.040043e-01
   outer loop
     vertex  5.292989e+01  3.791482e+01  3.381700e+01
     vertex  5.043913e+01  4.160617e+01  3.553989e+01
     vertex  5.267485e+01  3.795349e+01  3.346119e+01
   endloop
 endfacet
 facet normal -6.805596e-01 -6.303789e-01  3.734450e-01
   outer loop
     vertex  5.292989e+01  3.791482e+01  3.381700e+01
     vertex  5.078881e+01  4.155049e+01  3.605218e+01
     vertex  5.061988e+01  4.157876e+01  3.579205e+01
   endloop
 endfacet
 facet normal -5.355694e-01 -6.485748e-01  5.408476e-01
   outer loop
     vertex  5.339234e+01  3.448274e+01  2.970879e+01
     vertex  5.116940e+01  3.812578e+01  3.187620e+01
     vertex  5.296657e+01  3.452328e+01  2.933579e+01
   endloop
 endfacet
 facet normal -5.628702e-01 -6.458525e-01  5.158020e-01
   outer loop
     vertex  5.339234e+01  3.448274e+01  2.970879e+01
     vertex  5.181518e+01  3.806138e+01  3.246864e+01
     vertex  5.149912e+01  3.809438e+01  3.216506e+01
   endloop
 endfacet
 facet normal -5.355694e-01 -6.485748e-01  5.408476e-01
   outer loop
     vertex  5.339234e+01  3.448274e+01  2.970879e+01
     vertex  5.149912e+01  3.809438e+01  3.216506e+01
     vertex  5.116940e+01  3.812578e+01  3.187620e+01
   endloop
 endfacet
 facet normal -3.833992e-01 -6.600107e-01  6.460580e-01
   outer loop
     vertex  5.248271e+01  3.109222e+01  2.521828e+01
     vertex  5.060549e+01  3.469218e+01  2.778196e+01
     vertex  5.187002e+01  3.112779e+01  2.489102e+01
   endloop
 endfacet
 facet normal -3.833992e-01 -6.600107e-01  6.460580e-01
   outer loop
     vertex  5.248271e+01  3.109222e+01  2.521828e+01
     vertex  5.110540e+01  3.466315e+01  2.804898e+01
     vertex  5.060549e+01  3.469218e+01  2.778196e+01
   endloop
 endfacet
 facet normal -2.111564e-01 -6.674095e-01  7.141271e-01
   outer loop
     vertex  5.007740e+01  2.769472e+01  2.079192e+01
     vertex  4.928811e+01  3.123870e+01  2.387067e+01
     vertex  4.928233e+01  2.771792e+01  2.057851e+01
   endloop
 endfacet
 facet normal -2.785848e-02 -6.703839e-01  7.414913e-01
   outer loop
     vertex  4.618891e+01  2.423854e+01  1.690539e+01
     vertex  4.520590e+01  2.777377e+01  2.006466e+01
     vertex  4.523791e+01  2.424208e+01  1.687286e+01
   endloop
 endfacet
 facet normal -6.494615e-02 -6.701539e-01  7.393753e-01
   outer loop
     vertex  4.618891e+01  2.423854e+01  1.690539e+01
     vertex  4.684985e+01  2.776357e+01  2.015846e+01
     vertex  4.602896e+01  2.777071e+01  2.009282e+01
   endloop
 endfacet
 facet normal -2.785848e-02 -6.703839e-01  7.414913e-01
   outer loop
     vertex  4.618891e+01  2.423854e+01  1.690539e+01
     vertex  4.602896e+01  2.777071e+01  2.009282e+01
     vertex  4.520590e+01  2.777377e+01  2.006466e+01
   endloop
 endfacet
 facet normal  1.568979e-01 -6.687781e-01  7.267179e-01
   outer loop
     vertex  4.097112e+01  2.067303e+01  1.402479e+01
     vertex  4.051533e+01  2.418923e+01  1.735906e+01
     vertex  3.991197e+01  2.065043e+01  1.423267e+01
   endloop
 endfacet
 facet normal  1.202973e-01 -6.694651e-01  7.330382e-01
   outer loop
     vertex  4.097112e+01  2.067303e+01  1.402479e+01
     vertex  4.238989e+01  2.422442e+01  1.703535e+01
     vertex  4.144888e+01  2.420915e+01  1.717583e+01
   endloop
 endfacet
 facet normal  1.568979e-01 -6.687781e-01  7.267179e-01
   outer loop
     vertex  4.097112e+01  2.067303e+01  1.402479e+01
     vertex  4.144888e+01  2.420915e+01  1.717583e+01
     vertex  4.051533e+01  2.418923e+01  1.735906e+01
   endloop
 endfacet
 facet normal  3.334400e-01 -6.626762e-01  6.705804e-01
   outer loop
     vertex  3.471384e+01  1.695283e+01  1.256734e+01
     vertex  3.482041e+01  2.046044e+01  1.598062e+01
     vertex  3.361327e+01  1.689911e+01  1.306151e+01
   endloop
 endfacet
 facet normal  2.992426e-01 -6.642442e-01  6.850062e-01
   outer loop
     vertex  3.471384e+01  1.695283e+01  1.256734e+01
     vertex  3.680753e+01  2.055155e+01  1.514237e+01
     vertex  3.580430e+01  2.050846e+01  1.553884e+01
   endloop
 endfacet
 facet normal  3.334400e-01 -6.626762e-01  6.705804e-01
   outer loop
     vertex  3.471384e+01  1.695283e+01  1.256734e+01
     vertex  3.580430e+01  2.050846e+01  1.553884e+01
     vertex  3.482041e+01  2.046044e+01  1.598062e+01
   endloop
 endfacet
 facet normal  4.925250e-01 -6.523976e-01  5.760178e-01
   outer loop
     vertex  2.782677e+01  1.304191e+01  1.286444e+01
     vertex  2.947284e+01  1.663160e+01  1.552264e+01
     vertex  2.676636e+01  1.295416e+01  1.367175e+01
   endloop
 endfacet
 facet normal  6.015847e-01 -6.415226e-01  4.759671e-01
   outer loop
     vertex  2.081375e+01  8.917047e+00  1.512983e+01
     vertex  2.382373e+01  1.266073e+01  1.637130e+01
     vertex  2.292926e+01  1.255355e+01  1.735738e+01
   endloop
 endfacet
 facet normal  6.258240e-01 -6.384806e-01  4.479809e-01
   outer loop
     vertex  2.081375e+01  8.917047e+00  1.512983e+01
     vertex  2.208120e+01  1.244204e+01  1.838319e+01
     vertex  1.988441e+01  8.794859e+00  1.625397e+01
   endloop
 endfacet
 facet normal  6.258240e-01 -6.384806e-01  4.479809e-01
   outer loop
     vertex  2.081375e+01  8.917047e+00  1.512983e+01
     vertex  2.292926e+01  1.255355e+01  1.735738e+01
     vertex  2.208120e+01  1.244204e+01  1.838319e+01
   endloop
 endfacet
 facet normal  7.193645e-01 -6.228651e-01  3.074960e-01
   outer loop
     vertex  1.423889e+01  4.570442e+00  1.943527e+01
     vertex  1.147967e+01  8.166723e-01  1.828661e+01
     vertex  1.194470e+01  9.135853e-01  1.739502e+01
   endloop
 endfacet
 facet normal  7.255418e-01 -6.228587e-01  2.926366e-01
   outer loop
     vertex  1.423889e+01  4.570442e+00  1.943527e+01
     vertex  1.353423e+01  4.416220e+00  2.085411e+01
     vertex  1.147967e+01  8.166723e-01  1.828661e+01
   endloop
 endfacet
 facet normal  7.263582e-01 -6.216536e-01  2.931730e-01
   outer loop
     vertex  1.423889e+01  4.570442e+00  1.943527e+01
     vertex  1.671308e+01  8.264056e+00  2.113735e+01
     vertex  1.353423e+01  4.416220e+00  2.085411e+01
   endloop
 endfacet
 facet normal -7.626939e-01 -6.123125e-01  2.082580e-01
   outer loop
     vertex  5.144467e+01  4.139825e+01  3.745276e+01
     vertex  4.875040e+01  4.515030e+01  3.861727e+01
     vertex  5.133964e+01  4.142994e+01  3.716126e+01
   endloop
 endfacet
 facet normal -7.633264e-01 -6.121725e-01  2.063437e-01
   outer loop
     vertex  5.144467e+01  4.139825e+01  3.745276e+01
     vertex  4.878699e+01  4.513917e+01  3.871963e+01
     vertex  4.875040e+01  4.515030e+01  3.861727e+01
   endloop
 endfacet
 facet normal -7.703323e-01 -6.100767e-01  1.854577e-01
   outer loop
     vertex  5.144467e+01  4.139825e+01  3.745276e+01
     vertex  4.882075e+01  4.512794e+01  3.882294e+01
     vertex  4.878699e+01  4.513917e+01  3.871963e+01
   endloop
 endfacet
 facet normal -6.805596e-01 -6.303789e-01  3.734450e-01
   outer loop
     vertex  5.316826e+01  3.787492e+01  3.418405e+01
     vertex  5.078881e+01  4.155049e+01  3.605218e+01
     vertex  5.292989e+01  3.791482e+01  3.381700e+01
   endloop
 endfacet
 facet normal -5.628702e-01 -6.458525e-01  5.158020e-01
   outer loop
     vertex  5.380047e+01  3.444013e+01  3.010081e+01
     vertex  5.181518e+01  3.806138e+01  3.246864e+01
     vertex  5.339234e+01  3.448274e+01  2.970879e+01
   endloop
 endfacet
 facet normal -4.157120e-01 -6.580302e-01  6.278374e-01
   outer loop
     vertex  5.307967e+01  3.105365e+01  2.557312e+01
     vertex  5.110540e+01  3.466315e+01  2.804898e+01
     vertex  5.248271e+01  3.109222e+01  2.521828e+01
   endloop
 endfacet
 facet normal -4.157120e-01 -6.580302e-01  6.278374e-01
   outer loop
     vertex  5.307967e+01  3.105365e+01  2.557312e+01
     vertex  5.159248e+01  3.463168e+01  2.833851e+01
     vertex  5.110540e+01  3.466315e+01  2.804898e+01
   endloop
 endfacet
 facet normal -2.467893e-01 -6.662746e-01  7.036855e-01
   outer loop
     vertex  5.086180e+01  2.766761e+01  2.104135e+01
     vertex  4.995057e+01  3.121580e+01  2.408132e+01
     vertex  4.928811e+01  3.123870e+01  2.387067e+01
   endloop
 endfacet
 facet normal -2.467893e-01 -6.662746e-01  7.036855e-01
   outer loop
     vertex  5.086180e+01  2.766761e+01  2.104135e+01
     vertex  4.928811e+01  3.123870e+01  2.387067e+01
     vertex  5.007740e+01  2.769472e+01  2.079192e+01
   endloop
 endfacet
 facet normal -6.494615e-02 -6.701539e-01  7.393753e-01
   outer loop
     vertex  4.713742e+01  2.423030e+01  1.698124e+01
     vertex  4.684985e+01  2.776357e+01  2.015846e+01
     vertex  4.618891e+01  2.423854e+01  1.690539e+01
   endloop
 endfacet
 facet normal  1.202973e-01 -6.694651e-01  7.330382e-01
   outer loop
     vertex  4.203874e+01  2.069035e+01  1.386541e+01
     vertex  4.238989e+01  2.422442e+01  1.703535e+01
     vertex  4.097112e+01  2.067303e+01  1.402479e+01
   endloop
 endfacet
 facet normal  2.992426e-01 -6.642442e-01  6.850062e-01
   outer loop
     vertex  3.583603e+01  1.700103e+01  1.212386e+01
     vertex  3.680753e+01  2.055155e+01  1.514237e+01
     vertex  3.471384e+01  1.695283e+01  1.256734e+01
   endloop
 endfacet
 facet normal  4.625212e-01 -6.547646e-01  5.977938e-01
   outer loop
     vertex  2.892329e+01  1.312431e+01  1.210631e+01
     vertex  3.046426e+01  1.670610e+01  1.483718e+01
     vertex  2.947284e+01  1.663160e+01  1.552264e+01
   endloop
 endfacet
 facet normal  4.625212e-01 -6.547646e-01  5.977938e-01
   outer loop
     vertex  2.892329e+01  1.312431e+01  1.210631e+01
     vertex  2.947284e+01  1.663160e+01  1.552264e+01
     vertex  2.782677e+01  1.304191e+01  1.286444e+01
   endloop
 endfacet
 facet normal  4.315447e-01 -6.569804e-01  6.181795e-01
   outer loop
     vertex  2.892329e+01  1.312431e+01  1.210631e+01
     vertex  3.148625e+01  1.677562e+01  1.419762e+01
     vertex  3.046426e+01  1.670610e+01  1.483718e+01
   endloop
 endfacet
 facet normal  6.015847e-01 -6.415226e-01  4.759671e-01
   outer loop
     vertex  2.179396e+01  9.034503e+00  1.404924e+01
     vertex  2.382373e+01  1.266073e+01  1.637130e+01
     vertex  2.081375e+01  8.917047e+00  1.512983e+01
   endloop
 endfacet
 facet normal  5.760802e-01 -6.444413e-01  5.028191e-01
   outer loop
     vertex  2.179396e+01  9.034503e+00  1.404924e+01
     vertex  2.476274e+01  1.276337e+01  1.542703e+01
     vertex  2.382373e+01  1.266073e+01  1.637130e+01
   endloop
 endfacet
 facet normal  7.091524e-01 -6.252114e-01  3.259042e-01
   outer loop
     vertex  1.500825e+01  4.721010e+00  1.805004e+01
     vertex  1.671308e+01  8.264056e+00  2.113735e+01
     vertex  1.423889e+01  4.570442e+00  1.943527e+01
   endloop
 endfacet
 facet normal  7.083293e-01 -6.260406e-01  3.261025e-01
   outer loop
     vertex  1.500825e+01  4.721010e+00  1.805004e+01
     vertex  1.194470e+01  9.135853e-01  1.739502e+01
     vertex  1.243372e+01  1.009109e+00  1.651619e+01
   endloop
 endfacet
 facet normal  6.982132e-01 -6.270224e-01  3.454581e-01
   outer loop
     vertex  1.500825e+01  4.721010e+00  1.805004e+01
     vertex  1.243372e+01  1.009109e+00  1.651619e+01
     vertex  1.294638e+01  1.103175e+00  1.565079e+01
   endloop
 endfacet
 facet normal  6.904553e-01 -6.286801e-01  3.578167e-01
   outer loop
     vertex  1.500825e+01  4.721010e+00  1.805004e+01
     vertex  1.818602e+01  8.537321e+00  1.862331e+01
     vertex  1.742055e+01  8.402514e+00  1.986354e+01
   endloop
 endfacet
 facet normal  7.085541e-01 -6.261133e-01  3.254739e-01
   outer loop
     vertex  1.500825e+01  4.721010e+00  1.805004e+01
     vertex  1.423889e+01  4.570442e+00  1.943527e+01
     vertex  1.194470e+01  9.135853e-01  1.739502e+01
   endloop
 endfacet
 facet normal  7.091524e-01 -6.252114e-01  3.259042e-01
   outer loop
     vertex  1.500825e+01  4.721010e+00  1.805004e+01
     vertex  1.742055e+01  8.402514e+00  1.986354e+01
     vertex  1.671308e+01  8.264056e+00  2.113735e+01
   endloop
 endfacet
 facet normal -7.769105e-01 -6.077525e-01  1.644596e-01
   outer loop
     vertex  5.153615e+01  4.136608e+01  3.774873e+01
     vertex  4.885167e+01  4.511662e+01  3.892713e+01
     vertex  4.882075e+01  4.512794e+01  3.882294e+01
   endloop
 endfacet
 facet normal -7.829161e-01 -6.054004e-01  1.432926e-01
   outer loop
     vertex  5.153615e+01  4.136608e+01  3.774873e+01
     vertex  4.887971e+01  4.510520e+01  3.903212e+01
     vertex  4.885167e+01  4.511662e+01  3.892713e+01
   endloop
 endfacet
 facet normal -7.744401e-01 -6.084711e-01  1.732207e-01
   outer loop
     vertex  5.153615e+01  4.136608e+01  3.774873e+01
     vertex  4.882075e+01  4.512794e+01  3.882294e+01
     vertex  5.144467e+01  4.139825e+01  3.745276e+01
   endloop
 endfacet
 facet normal -6.999879e-01 -6.269573e-01  3.419670e-01
   outer loop
     vertex  5.338946e+01  3.783389e+01  3.456159e+01
     vertex  5.094557e+01  4.152141e+01  3.631973e+01
     vertex  5.078881e+01  4.155049e+01  3.605218e+01
   endloop
 endfacet
 facet normal -7.179441e-01 -6.234432e-01  3.096367e-01
   outer loop
     vertex  5.338946e+01  3.783389e+01  3.456159e+01
     vertex  5.108982e+01  4.149158e+01  3.659415e+01
     vertex  5.094557e+01  4.152141e+01  3.631973e+01
   endloop
 endfacet
 facet normal -6.999879e-01 -6.269573e-01  3.419670e-01
   outer loop
     vertex  5.338946e+01  3.783389e+01  3.456159e+01
     vertex  5.078881e+01  4.155049e+01  3.605218e+01
     vertex  5.316826e+01  3.787492e+01  3.418405e+01
   endloop
 endfacet
 facet normal -5.889873e-01 -6.429977e-01  4.895385e-01
   outer loop
     vertex  5.419009e+01  3.439554e+01  3.051101e+01
     vertex  5.181518e+01  3.806138e+01  3.246864e+01
     vertex  5.380047e+01  3.444013e+01  3.010081e+01
   endloop
 endfacet
 facet normal -5.889873e-01 -6.429977e-01  4.895385e-01
   outer loop
     vertex  5.419009e+01  3.439554e+01  3.051101e+01
     vertex  5.211690e+01  3.802685e+01  3.278630e+01
     vertex  5.181518e+01  3.806138e+01  3.246864e+01
   endloop
 endfacet
 facet normal -4.471505e-01 -6.558917e-01  6.081632e-01
   outer loop
     vertex  5.365963e+01  3.101216e+01  2.595479e+01
     vertex  5.159248e+01  3.463168e+01  2.833851e+01
     vertex  5.307967e+01  3.105365e+01  2.557312e+01
   endloop
 endfacet
 facet normal -4.776486e-01 -6.535997e-01  5.870768e-01
   outer loop
     vertex  5.365963e+01  3.101216e+01  2.595479e+01
     vertex  5.252404e+01  3.456168e+01  2.898259e+01
     vertex  5.206569e+01  3.459783e+01  2.864993e+01
   endloop
 endfacet
 facet normal -4.471505e-01 -6.558917e-01  6.081632e-01
   outer loop
     vertex  5.365963e+01  3.101216e+01  2.595479e+01
     vertex  5.206569e+01  3.459783e+01  2.864993e+01
     vertex  5.159248e+01  3.463168e+01  2.833851e+01
   endloop
 endfacet
 facet normal -2.819033e-01 -6.649643e-01  6.916307e-01
   outer loop
     vertex  5.163387e+01  2.763664e+01  2.132626e+01
     vertex  5.060262e+01  3.118964e+01  2.432195e+01
     vertex  4.995057e+01  3.121580e+01  2.408132e+01
   endloop
 endfacet
 facet normal -2.819033e-01 -6.649643e-01  6.916307e-01
   outer loop
     vertex  5.163387e+01  2.763664e+01  2.132626e+01
     vertex  4.995057e+01  3.121580e+01  2.408132e+01
     vertex  5.086180e+01  2.766761e+01  2.104135e+01
   endloop
 endfacet
 facet normal -1.386340e-01 -6.691443e-01  7.300867e-01
   outer loop
     vertex  4.808142e+01  2.421737e+01  1.710023e+01
     vertex  4.847825e+01  2.773715e+01  2.040156e+01
     vertex  4.766685e+01  2.775238e+01  2.026144e+01
   endloop
 endfacet
 facet normal -1.018972e-01 -6.697404e-01  7.355710e-01
   outer loop
     vertex  4.808142e+01  2.421737e+01  1.710023e+01
     vertex  4.684985e+01  2.776357e+01  2.015846e+01
     vertex  4.713742e+01  2.423030e+01  1.698124e+01
   endloop
 endfacet
 facet normal -1.018972e-01 -6.697404e-01  7.355710e-01
   outer loop
     vertex  4.808142e+01  2.421737e+01  1.710023e+01
     vertex  4.766685e+01  2.775238e+01  2.026144e+01
     vertex  4.684985e+01  2.776357e+01  2.015846e+01
   endloop
 endfacet
 facet normal  8.344364e-02 -6.699700e-01  7.376838e-01
   outer loop
     vertex  4.311258e+01  2.070237e+01  1.375485e+01
     vertex  4.238989e+01  2.422442e+01  1.703535e+01
     vertex  4.203874e+01  2.069035e+01  1.386541e+01
   endloop
 endfacet
 facet normal  4.641452e-02 -6.702919e-01  7.406447e-01
   outer loop
     vertex  4.311258e+01  2.070237e+01  1.375485e+01
     vertex  4.428640e+01  2.424090e+01  1.688370e+01
     vertex  4.333640e+01  2.423501e+01  1.693791e+01
   endloop
 endfacet
 facet normal  8.344364e-02 -6.699700e-01  7.376838e-01
   outer loop
     vertex  4.311258e+01  2.070237e+01  1.375485e+01
     vertex  4.333640e+01  2.423501e+01  1.693791e+01
     vertex  4.238989e+01  2.422442e+01  1.703535e+01
   endloop
 endfacet
 facet normal  2.644159e-01 -6.656412e-01  6.978582e-01
   outer loop
     vertex  3.697750e+01  1.704362e+01  1.173199e+01
     vertex  3.782799e+01  2.058963e+01  1.479205e+01
     vertex  3.680753e+01  2.055155e+01  1.514237e+01
   endloop
 endfacet
 facet normal  2.644159e-01 -6.656412e-01  6.978582e-01
   outer loop
     vertex  3.697750e+01  1.704362e+01  1.173199e+01
     vertex  3.680753e+01  2.055155e+01  1.514237e+01
     vertex  3.583603e+01  1.700103e+01  1.212386e+01
   endloop
 endfacet
 facet normal  4.315447e-01 -6.569804e-01  6.181795e-01
   outer loop
     vertex  3.005362e+01  1.320120e+01  1.139895e+01
     vertex  3.148625e+01  1.677562e+01  1.419762e+01
     vertex  2.892329e+01  1.312431e+01  1.210631e+01
   endloop
 endfacet
 facet normal  5.760802e-01 -6.444413e-01  5.028191e-01
   outer loop
     vertex  2.282297e+01  9.146979e+00  1.301446e+01
     vertex  2.476274e+01  1.276337e+01  1.542703e+01
     vertex  2.179396e+01  9.034503e+00  1.404924e+01
   endloop
 endfacet
 facet normal  6.896513e-01 -6.299202e-01  3.571857e-01
   outer loop
     vertex  1.584067e+01  4.867609e+00  1.670133e+01
     vertex  1.500825e+01  4.721010e+00  1.805004e+01
     vertex  1.294638e+01  1.103175e+00  1.565079e+01
   endloop
 endfacet
 facet normal  6.866251e-01 -6.294398e-01  3.638014e-01
   outer loop
     vertex  1.584067e+01  4.867609e+00  1.670133e+01
     vertex  1.294638e+01  1.103175e+00  1.565079e+01
     vertex  1.348230e+01  1.195715e+00  1.479942e+01
   endloop
 endfacet
 facet normal  6.748511e-01 -6.313431e-01  3.820758e-01
   outer loop
     vertex  1.584067e+01  4.867609e+00  1.670133e+01
     vertex  1.348230e+01  1.195715e+00  1.479942e+01
     vertex  1.404109e+01  1.286661e+00  1.396272e+01
   endloop
 endfacet
 facet normal  6.904553e-01 -6.286801e-01  3.578167e-01
   outer loop
     vertex  1.584067e+01  4.867609e+00  1.670133e+01
     vertex  1.818602e+01  8.537321e+00  1.862331e+01
     vertex  1.500825e+01  4.721010e+00  1.805004e+01
   endloop
 endfacet
 facet normal -7.882239e-01 -6.031893e-01  1.219252e-01
   outer loop
     vertex  5.161388e+01  4.133349e+01  3.804857e+01
     vertex  4.890486e+01  4.509371e+01  3.913784e+01
     vertex  4.887971e+01  4.510520e+01  3.903212e+01
   endloop
 endfacet
 facet normal -7.845286e-01 -6.046168e-01  1.376717e-01
   outer loop
     vertex  5.161388e+01  4.133349e+01  3.804857e+01
     vertex  4.887971e+01  4.510520e+01  3.903212e+01
     vertex  5.153615e+01  4.136608e+01  3.774873e+01
   endloop
 endfacet
 facet normal -7.179441e-01 -6.234432e-01  3.096367e-01
   outer loop
     vertex  5.359300e+01  3.779180e+01  3.494880e+01
     vertex  5.108982e+01  4.149158e+01  3.659415e+01
     vertex  5.338946e+01  3.783389e+01  3.456159e+01
   endloop
 endfacet
 facet normal -6.138657e-01 -6.400166e-01  4.621122e-01
   outer loop
     vertex  5.456038e+01  3.434907e+01  3.093854e+01
     vertex  5.211690e+01  3.802685e+01  3.278630e+01
     vertex  5.419009e+01  3.439554e+01  3.051101e+01
   endloop
 endfacet
 facet normal -6.138657e-01 -6.400166e-01  4.621122e-01
   outer loop
     vertex  5.456038e+01  3.434907e+01  3.093854e+01
     vertex  5.240366e+01  3.799086e+01  3.311739e+01
     vertex  5.211690e+01  3.802685e+01  3.278630e+01
   endloop
 endfacet
 facet normal -4.776486e-01 -6.535997e-01  5.870768e-01
   outer loop
     vertex  5.422138e+01  3.096784e+01  2.636250e+01
     vertex  5.252404e+01  3.456168e+01  2.898259e+01
     vertex  5.365963e+01  3.101216e+01  2.595479e+01
   endloop
 endfacet
 facet normal -3.164245e-01 -6.634814e-01  6.779882e-01
   outer loop
     vertex  5.239199e+01  2.760188e+01  2.164606e+01
     vertex  5.124289e+01  3.116029e+01  2.459204e+01
     vertex  5.060262e+01  3.118964e+01  2.432195e+01
   endloop
 endfacet
 facet normal -3.164245e-01 -6.634814e-01  6.779882e-01
   outer loop
     vertex  5.239199e+01  2.760188e+01  2.164606e+01
     vertex  5.060262e+01  3.118964e+01  2.432195e+01
     vertex  5.163387e+01  2.763664e+01  2.132626e+01
   endloop
 endfacet
 facet normal -1.386340e-01 -6.691443e-01  7.300867e-01
   outer loop
     vertex  4.901895e+01  2.419977e+01  1.726213e+01
     vertex  4.847825e+01  2.773715e+01  2.040156e+01
     vertex  4.808142e+01  2.421737e+01  1.710023e+01
   endloop
 endfacet
 facet normal  4.641452e-02 -6.702919e-01  7.406447e-01
   outer loop
     vertex  4.419040e+01  2.070906e+01  1.369336e+01
     vertex  4.428640e+01  2.424090e+01  1.688370e+01
     vertex  4.311258e+01  2.070237e+01  1.375485e+01
   endloop
 endfacet
 facet normal  1.931686e-01 -6.679105e-01  7.187360e-01
   outer loop
     vertex  3.813584e+01  1.708052e+01  1.139256e+01
     vertex  3.991197e+01  2.065043e+01  1.423267e+01
     vertex  3.886353e+01  2.062262e+01  1.448860e+01
   endloop
 endfacet
 facet normal  2.290331e-01 -6.668641e-01  7.091094e-01
   outer loop
     vertex  3.813584e+01  1.708052e+01  1.139256e+01
     vertex  3.886353e+01  2.062262e+01  1.448860e+01
     vertex  3.782799e+01  2.058963e+01  1.479205e+01
   endloop
 endfacet
 facet normal  2.290331e-01 -6.668641e-01  7.091094e-01
   outer loop
     vertex  3.813584e+01  1.708052e+01  1.139256e+01
     vertex  3.782799e+01  2.058963e+01  1.479205e+01
     vertex  3.697750e+01  1.704362e+01  1.173199e+01
   endloop
 endfacet
 facet normal  3.669362e-01 -6.609404e-01  6.546111e-01
   outer loop
     vertex  3.121538e+01  1.327241e+01  1.074385e+01
     vertex  3.361327e+01  1.689911e+01  1.306151e+01
     vertex  3.253665e+01  1.684000e+01  1.360531e+01
   endloop
 endfacet
 facet normal  3.996607e-01 -6.590405e-01  6.371318e-01
   outer loop
     vertex  3.121538e+01  1.327241e+01  1.074385e+01
     vertex  3.253665e+01  1.684000e+01  1.360531e+01
     vertex  3.148625e+01  1.677562e+01  1.419762e+01
   endloop
 endfacet
 facet normal  3.996607e-01 -6.590405e-01  6.371318e-01
   outer loop
     vertex  3.121538e+01  1.327241e+01  1.074385e+01
     vertex  3.148625e+01  1.677562e+01  1.419762e+01
     vertex  3.005362e+01  1.320120e+01  1.139895e+01
   endloop
 endfacet
 facet normal  5.493642e-01 -6.472305e-01  5.284804e-01
   outer loop
     vertex  2.389862e+01  9.254239e+00  1.202766e+01
     vertex  2.476274e+01  1.276337e+01  1.542703e+01
     vertex  2.282297e+01  9.146979e+00  1.301446e+01
   endloop
 endfacet
 facet normal  5.493642e-01 -6.472305e-01  5.284804e-01
   outer loop
     vertex  2.389862e+01  9.254239e+00  1.202766e+01
     vertex  2.574430e+01  1.286124e+01  1.452655e+01
     vertex  2.476274e+01  1.276337e+01  1.542703e+01
   endloop
 endfacet
 facet normal  6.627171e-01 -6.330003e-01  4.001457e-01
   outer loop
     vertex  1.673442e+01  5.009929e+00  1.539198e+01
     vertex  1.404109e+01  1.286661e+00  1.396272e+01
     vertex  1.462236e+01  1.375948e+00  1.314128e+01
   endloop
 endfacet
 facet normal  6.493661e-01 -6.358117e-01  4.172135e-01
   outer loop
     vertex  1.673442e+01  5.009929e+00  1.539198e+01
     vertex  1.462236e+01  1.375948e+00  1.314128e+01
     vertex  1.522566e+01  1.463510e+00  1.233571e+01
   endloop
 endfacet
 facet normal  6.487472e-01 -6.353217e-01  4.189193e-01
   outer loop
     vertex  1.673442e+01  5.009929e+00  1.539198e+01
     vertex  1.988441e+01  8.794859e+00  1.625397e+01
     vertex  1.900788e+01  8.668194e+00  1.741928e+01
   endloop
 endfacet
 facet normal  6.703061e-01 -6.320526e-01  3.888435e-01
   outer loop
     vertex  1.673442e+01  5.009929e+00  1.539198e+01
     vertex  1.900788e+01  8.668194e+00  1.741928e+01
     vertex  1.818602e+01  8.537321e+00  1.862331e+01
   endloop
 endfacet
 facet normal  6.703061e-01 -6.320526e-01  3.888435e-01
   outer loop
     vertex  1.673442e+01  5.009929e+00  1.539198e+01
     vertex  1.818602e+01  8.537321e+00  1.862331e+01
     vertex  1.584067e+01  4.867609e+00  1.670133e+01
   endloop
 endfacet
 facet normal  6.695096e-01 -6.333139e-01  3.881628e-01
   outer loop
     vertex  1.673442e+01  5.009929e+00  1.539198e+01
     vertex  1.584067e+01  4.867609e+00  1.670133e+01
     vertex  1.404109e+01  1.286661e+00  1.396272e+01
   endloop
 endfacet
 facet normal -7.931707e-01 -6.006487e-01  1.005057e-01
   outer loop
     vertex  5.167770e+01  4.130055e+01  3.835163e+01
     vertex  4.892709e+01  4.508215e+01  3.924420e+01
     vertex  4.890486e+01  4.509371e+01  3.913784e+01
   endloop
 endfacet
 facet normal -7.972351e-01 -5.984959e-01  7.885933e-02
   outer loop
     vertex  5.167770e+01  4.130055e+01  3.835163e+01
     vertex  4.894639e+01  4.507053e+01  3.935112e+01
     vertex  4.892709e+01  4.508215e+01  3.924420e+01
   endloop
 endfacet
 facet normal -7.929529e-01 -6.007360e-01  1.016954e-01
   outer loop
     vertex  5.167770e+01  4.130055e+01  3.835163e+01
     vertex  4.890486e+01  4.509371e+01  3.913784e+01
     vertex  5.161388e+01  4.133349e+01  3.804857e+01
   endloop
 endfacet
 facet normal -7.343905e-01 -6.198437e-01  2.765219e-01
   outer loop
     vertex  5.377848e+01  3.774874e+01  3.534489e+01
     vertex  5.122127e+01  4.146107e+01  3.687486e+01
     vertex  5.108982e+01  4.149158e+01  3.659415e+01
   endloop
 endfacet
 facet normal -7.492924e-01 -6.161666e-01  2.426924e-01
   outer loop
     vertex  5.377848e+01  3.774874e+01  3.534489e+01
     vertex  5.133964e+01  4.142994e+01  3.716126e+01
     vertex  5.122127e+01  4.146107e+01  3.687486e+01
   endloop
 endfacet
 facet normal -7.343905e-01 -6.198437e-01  2.765219e-01
   outer loop
     vertex  5.377848e+01  3.774874e+01  3.534489e+01
     vertex  5.108982e+01  4.149158e+01  3.659415e+01
     vertex  5.359300e+01  3.779180e+01  3.494880e+01
   endloop
 endfacet
 facet normal -6.597001e-01 -6.337005e-01  4.040043e-01
   outer loop
     vertex  5.491056e+01  3.430082e+01  3.138250e+01
     vertex  5.292989e+01  3.791482e+01  3.381700e+01
     vertex  5.267485e+01  3.795349e+01  3.346119e+01
   endloop
 endfacet
 facet normal -6.374532e-01 -6.369154e-01  4.335808e-01
   outer loop
     vertex  5.491056e+01  3.430082e+01  3.138250e+01
     vertex  5.267485e+01  3.795349e+01  3.346119e+01
     vertex  5.240366e+01  3.799086e+01  3.311739e+01
   endloop
 endfacet
 facet normal -6.374532e-01 -6.369154e-01  4.335808e-01
   outer loop
     vertex  5.491056e+01  3.430082e+01  3.138250e+01
     vertex  5.240366e+01  3.799086e+01  3.311739e+01
     vertex  5.456038e+01  3.434907e+01  3.093854e+01
   endloop
 endfacet
 facet normal -5.071423e-01 -6.511590e-01  5.646225e-01
   outer loop
     vertex  5.476374e+01  3.092079e+01  2.679538e+01
     vertex  5.252404e+01  3.456168e+01  2.898259e+01
     vertex  5.422138e+01  3.096784e+01  2.636250e+01
   endloop
 endfacet
 facet normal -5.071423e-01 -6.511590e-01  5.646225e-01
   outer loop
     vertex  5.476374e+01  3.092079e+01  2.679538e+01
     vertex  5.296657e+01  3.452328e+01  2.933579e+01
     vertex  5.252404e+01  3.456168e+01  2.898259e+01
   endloop
 endfacet
 facet normal  8.107930e-01 -5.829982e-01 -5.222874e-02
   outer loop
     vertex  4.100149e+01  4.501181e+01  3.989138e+01
     vertex  4.100000e+01  4.500000e+01  4.000000e+01
     vertex  4.061653e+01  4.446670e+01  4.000000e+01
   endloop
 endfacet
 facet normal -3.502802e-01 -6.618290e-01  6.627866e-01
   outer loop
     vertex  5.313456e+01  2.756340e+01  2.200009e+01
     vertex  5.124289e+01  3.116029e+01  2.459204e+01
     vertex  5.239199e+01  2.760188e+01  2.164606e+01
   endloop
 endfacet
 facet normal -3.502802e-01 -6.618290e-01  6.627866e-01
   outer loop
     vertex  5.313456e+01  2.756340e+01  2.200009e+01
     vertex  5.187002e+01  3.112779e+01  2.489102e+01
     vertex  5.124289e+01  3.116029e+01  2.459204e+01
   endloop
 endfacet
 facet normal -1.750793e-01 -6.683668e-01  7.229337e-01
   outer loop
     vertex  4.994803e+01  2.417755e+01  1.746658e+01
     vertex  4.928233e+01  2.771792e+01  2.057851e+01
     vertex  4.847825e+01  2.773715e+01  2.040156e+01
   endloop
 endfacet
 facet normal -1.750793e-01 -6.683668e-01  7.229337e-01
   outer loop
     vertex  4.994803e+01  2.417755e+01  1.746658e+01
     vertex  4.847825e+01  2.773715e+01  2.040156e+01
     vertex  4.901895e+01  2.419977e+01  1.726213e+01
   endloop
 endfacet
 facet normal -2.111564e-01 -6.674095e-01  7.141271e-01
   outer loop
     vertex  4.994803e+01  2.417755e+01  1.746658e+01
     vertex  5.007740e+01  2.769472e+01  2.079192e+01
     vertex  4.928233e+01  2.771792e+01  2.057851e+01
   endloop
 endfacet
 facet normal  9.287786e-03 -6.704299e-01  7.419147e-01
   outer loop
     vertex  4.526991e+01  2.071039e+01  1.368105e+01
     vertex  4.428640e+01  2.424090e+01  1.688370e+01
     vertex  4.419040e+01  2.070906e+01  1.369336e+01
   endloop
 endfacet
 facet normal  9.287786e-03 -6.704299e-01  7.419147e-01
   outer loop
     vertex  4.526991e+01  2.071039e+01  1.368105e+01
     vertex  4.523791e+01  2.424208e+01  1.687286e+01
     vertex  4.428640e+01  2.424090e+01  1.688370e+01
   endloop
 endfacet
 facet normal -2.785848e-02 -6.703839e-01  7.414913e-01
   outer loop
     vertex  4.526991e+01  2.071039e+01  1.368105e+01
     vertex  4.618891e+01  2.423854e+01  1.690539e+01
     vertex  4.523791e+01  2.424208e+01  1.687286e+01
   endloop
 endfacet
 facet normal  1.931686e-01 -6.679105e-01  7.187360e-01
   outer loop
     vertex  3.930861e+01  1.711164e+01  1.110628e+01
     vertex  3.991197e+01  2.065043e+01  1.423267e+01
     vertex  3.813584e+01  1.708052e+01  1.139256e+01
   endloop
 endfacet
 facet normal  8.137015e-01 -5.805317e-01 -2.954281e-02
   outer loop
     vertex  4.100597e+01  4.502360e+01  3.978284e+01
     vertex  4.100149e+01  4.501181e+01  3.989138e+01
     vertex  4.061653e+01  4.446670e+01  4.000000e+01
   endloop
 endfacet
 facet normal  8.117742e-01 -5.826974e-01 -3.855301e-02
   outer loop
     vertex  4.100597e+01  4.502360e+01  3.978284e+01
     vertex  4.061653e+01  4.446670e+01  4.000000e+01
     vertex  4.019706e+01  4.388232e+01  4.000000e+01
   endloop
 endfacet
 facet normal  3.669362e-01 -6.609404e-01  6.546111e-01
   outer loop
     vertex  3.240613e+01  1.333778e+01  1.014239e+01
     vertex  3.361327e+01  1.689911e+01  1.306151e+01
     vertex  3.121538e+01  1.327241e+01  1.074385e+01
   endloop
 endfacet
 facet normal  5.214929e-01 -6.498845e-01  5.528971e-01
   outer loop
     vertex  2.501865e+01  9.356058e+00  1.109094e+01
     vertex  2.676636e+01  1.295416e+01  1.367175e+01
     vertex  2.574430e+01  1.286124e+01  1.452655e+01
   endloop
 endfacet
 facet normal  4.925250e-01 -6.523976e-01  5.760178e-01
   outer loop
     vertex  2.501865e+01  9.356058e+00  1.109094e+01
     vertex  2.782677e+01  1.304191e+01  1.286444e+01
     vertex  2.676636e+01  1.295416e+01  1.367175e+01
   endloop
 endfacet
 facet normal  5.214929e-01 -6.498845e-01  5.528971e-01
   outer loop
     vertex  2.501865e+01  9.356058e+00  1.109094e+01
     vertex  2.574430e+01  1.286124e+01  1.452655e+01
     vertex  2.389862e+01  9.254239e+00  1.202766e+01
   endloop
 endfacet
 facet normal  6.366932e-01 -6.367083e-01  4.349992e-01
   outer loop
     vertex  1.768762e+01  5.147673e+00  1.412475e+01
     vertex  1.522566e+01  1.463510e+00  1.233571e+01
     vertex  1.585058e+01  1.549284e+00  1.154659e+01
   endloop
 endfacet
 facet normal  6.487472e-01 -6.353217e-01  4.189193e-01
   outer loop
     vertex  1.768762e+01  5.147673e+00  1.412475e+01
     vertex  1.988441e+01  8.794859e+00  1.625397e+01
     vertex  1.673442e+01  5.009929e+00  1.539198e+01
   endloop
 endfacet
 facet normal  6.481536e-01 -6.362904e-01  4.183676e-01
   outer loop
     vertex  1.768762e+01  5.147673e+00  1.412475e+01
     vertex  1.673442e+01  5.009929e+00  1.539198e+01
     vertex  1.522566e+01  1.463510e+00  1.233571e+01
   endloop
 endfacet
 facet normal -8.008878e-01 -5.960792e-01  5.717015e-02
   outer loop
     vertex  5.172748e+01  4.126732e+01  3.865728e+01
     vertex  4.896274e+01  4.505886e+01  3.945852e+01
     vertex  4.894639e+01  4.507053e+01  3.935112e+01
   endloop
 endfacet
 facet normal -8.039191e-01 -5.936853e-01  3.538219e-02
   outer loop
     vertex  5.172748e+01  4.126732e+01  3.865728e+01
     vertex  4.897614e+01  4.504714e+01  3.956633e+01
     vertex  4.896274e+01  4.505886e+01  3.945852e+01
   endloop
 endfacet
 facet normal -7.997572e-01 -5.967518e-01  6.538895e-02
   outer loop
     vertex  5.172748e+01  4.126732e+01  3.865728e+01
     vertex  4.894639e+01  4.507053e+01  3.935112e+01
     vertex  5.167770e+01  4.130055e+01  3.835163e+01
   endloop
 endfacet
 facet normal -7.492924e-01 -6.161666e-01  2.426924e-01
   outer loop
     vertex  5.394550e+01  3.770482e+01  3.574902e+01
     vertex  5.133964e+01  4.142994e+01  3.716126e+01
     vertex  5.377848e+01  3.774874e+01  3.534489e+01
   endloop
 endfacet
 facet normal -6.597001e-01 -6.337005e-01  4.040043e-01
   outer loop
     vertex  5.523990e+01  3.425088e+01  3.184195e+01
     vertex  5.292989e+01  3.791482e+01  3.381700e+01
     vertex  5.491056e+01  3.430082e+01  3.138250e+01
   endloop
 endfacet
 facet normal -5.355694e-01 -6.485748e-01  5.408476e-01
   outer loop
     vertex  5.528556e+01  3.087110e+01  2.725253e+01
     vertex  5.339234e+01  3.448274e+01  2.970879e+01
     vertex  5.296657e+01  3.452328e+01  2.933579e+01
   endloop
 endfacet
 facet normal -5.355694e-01 -6.485748e-01  5.408476e-01
   outer loop
     vertex  5.528556e+01  3.087110e+01  2.725253e+01
     vertex  5.296657e+01  3.452328e+01  2.933579e+01
     vertex  5.476374e+01  3.092079e+01  2.679538e+01
   endloop
 endfacet
 facet normal  8.152211e-01 -5.791092e-01 -6.855556e-03
   outer loop
     vertex  4.101343e+01  4.503538e+01  3.967447e+01
     vertex  4.100597e+01  4.502360e+01  3.978284e+01
     vertex  4.019706e+01  4.388232e+01  4.000000e+01
   endloop
 endfacet
 facet normal -3.833992e-01 -6.600107e-01  6.460580e-01
   outer loop
     vertex  5.386003e+01  2.752128e+01  2.238758e+01
     vertex  5.187002e+01  3.112779e+01  2.489102e+01
     vertex  5.313456e+01  2.756340e+01  2.200009e+01
   endloop
 endfacet
 facet normal -4.157120e-01 -6.580302e-01  6.278374e-01
   outer loop
     vertex  5.386003e+01  2.752128e+01  2.238758e+01
     vertex  5.307967e+01  3.105365e+01  2.557312e+01
     vertex  5.248271e+01  3.109222e+01  2.521828e+01
   endloop
 endfacet
 facet normal -3.833992e-01 -6.600107e-01  6.460580e-01
   outer loop
     vertex  5.386003e+01  2.752128e+01  2.238758e+01
     vertex  5.248271e+01  3.109222e+01  2.521828e+01
     vertex  5.187002e+01  3.112779e+01  2.489102e+01
   endloop
 endfacet
 facet normal -2.111564e-01 -6.674095e-01  7.141271e-01
   outer loop
     vertex  5.086670e+01  2.415074e+01  1.771317e+01
     vertex  5.007740e+01  2.769472e+01  2.079192e+01
     vertex  4.994803e+01  2.417755e+01  1.746658e+01
   endloop
 endfacet
 facet normal -2.785848e-02 -6.703839e-01  7.414913e-01
   outer loop
     vertex  4.634887e+01  2.070638e+01  1.371796e+01
     vertex  4.618891e+01  2.423854e+01  1.690539e+01
     vertex  4.526991e+01  2.071039e+01  1.368105e+01
   endloop
 endfacet
 facet normal  1.568979e-01 -6.687781e-01  7.267179e-01
   outer loop
     vertex  4.049336e+01  1.713691e+01  1.087375e+01
     vertex  3.991197e+01  2.065043e+01  1.423267e+01
     vertex  3.930861e+01  1.711164e+01  1.110628e+01
   endloop
 endfacet
 facet normal  1.568979e-01 -6.687781e-01  7.267179e-01
   outer loop
     vertex  4.049336e+01  1.713691e+01  1.087375e+01
     vertex  4.097112e+01  2.067303e+01  1.402479e+01
     vertex  3.991197e+01  2.065043e+01  1.423267e+01
   endloop
 endfacet
 facet normal  1.202973e-01 -6.694651e-01  7.330382e-01
   outer loop
     vertex  4.049336e+01  1.713691e+01  1.087375e+01
     vertex  4.203874e+01  2.069035e+01  1.386541e+01
     vertex  4.097112e+01  2.067303e+01  1.402479e+01
   endloop
 endfacet
 facet normal  3.334400e-01 -6.626762e-01  6.705804e-01
   outer loop
     vertex  3.362337e+01  1.339719e+01  9.595840e+00
     vertex  3.361327e+01  1.689911e+01  1.306151e+01
     vertex  3.240613e+01  1.333778e+01  1.014239e+01
   endloop
 endfacet
 facet normal  2.992426e-01 -6.642442e-01  6.850062e-01
   outer loop
     vertex  3.362337e+01  1.339719e+01  9.595840e+00
     vertex  3.583603e+01  1.700103e+01  1.212386e+01
     vertex  3.471384e+01  1.695283e+01  1.256734e+01
   endloop
 endfacet
 facet normal  3.334400e-01 -6.626762e-01  6.705804e-01
   outer loop
     vertex  3.362337e+01  1.339719e+01  9.595840e+00
     vertex  3.471384e+01  1.695283e+01  1.256734e+01
     vertex  3.361327e+01  1.689911e+01  1.306151e+01
   endloop
 endfacet
 facet normal  4.925250e-01 -6.523976e-01  5.760178e-01
   outer loop
     vertex  2.618069e+01  9.452220e+00  1.020624e+01
     vertex  2.782677e+01  1.304191e+01  1.286444e+01
     vertex  2.501865e+01  9.356058e+00  1.109094e+01
   endloop
 endfacet
 facet normal  6.225801e-01 -6.391860e-01  4.514812e-01
   outer loop
     vertex  1.869825e+01  5.280549e+00  1.290229e+01
     vertex  1.585058e+01  1.549284e+00  1.154659e+01
     vertex  1.649666e+01  1.633208e+00  1.077448e+01
   endloop
 endfacet
 facet normal  6.086502e-01 -6.405498e-01  4.682317e-01
   outer loop
     vertex  1.869825e+01  5.280549e+00  1.290229e+01
     vertex  1.649666e+01  1.633208e+00  1.077448e+01
     vertex  1.716342e+01  1.715221e+00  1.001996e+01
   endloop
 endfacet
 facet normal  6.258240e-01 -6.384806e-01  4.479809e-01
   outer loop
     vertex  1.869825e+01  5.280549e+00  1.290229e+01
     vertex  1.988441e+01  8.794859e+00  1.625397e+01
     vertex  1.768762e+01  5.147673e+00  1.412475e+01
   endloop
 endfacet
 facet normal  6.251460e-01 -6.396238e-01  4.472962e-01
   outer loop
     vertex  1.869825e+01  5.280549e+00  1.290229e+01
     vertex  1.768762e+01  5.147673e+00  1.412475e+01
     vertex  1.585058e+01  1.549284e+00  1.154659e+01
   endloop
 endfacet
 facet normal  6.015847e-01 -6.415226e-01  4.759671e-01
   outer loop
     vertex  1.869825e+01  5.280549e+00  1.290229e+01
     vertex  2.179396e+01  9.034503e+00  1.404924e+01
     vertex  2.081375e+01  8.917047e+00  1.512983e+01
   endloop
 endfacet
 facet normal  6.258240e-01 -6.384806e-01  4.479809e-01
   outer loop
     vertex  1.869825e+01  5.280549e+00  1.290229e+01
     vertex  2.081375e+01  8.917047e+00  1.512983e+01
     vertex  1.988441e+01  8.794859e+00  1.625397e+01
   endloop
 endfacet
 facet normal -8.062649e-01 -5.914006e-01  1.349852e-02
   outer loop
     vertex  5.176312e+01  4.123389e+01  3.896488e+01
     vertex  4.898657e+01  4.503538e+01  3.967447e+01
     vertex  4.897614e+01  4.504714e+01  3.956633e+01
   endloop
 endfacet
 facet normal -8.048495e-01 -5.927798e-01  2.880123e-02
   outer loop
     vertex  5.176312e+01  4.123389e+01  3.896488e+01
     vertex  4.897614e+01  4.504714e+01  3.956633e+01
     vertex  5.172748e+01  4.126732e+01  3.865728e+01
   endloop
 endfacet
 facet normal -7.626186e-01 -6.124195e-01  2.082192e-01
   outer loop
     vertex  5.409370e+01  3.766011e+01  3.616033e+01
     vertex  5.144467e+01  4.139825e+01  3.745276e+01
     vertex  5.133964e+01  4.142994e+01  3.716126e+01
   endloop
 endfacet
 facet normal -7.626186e-01 -6.124195e-01  2.082192e-01
   outer loop
     vertex  5.409370e+01  3.766011e+01  3.616033e+01
     vertex  5.133964e+01  4.142994e+01  3.716126e+01
     vertex  5.394550e+01  3.770482e+01  3.574902e+01
   endloop
 endfacet
 facet normal -6.805596e-01 -6.303789e-01  3.734450e-01
   outer loop
     vertex  5.554771e+01  3.419936e+01  3.231593e+01
     vertex  5.316826e+01  3.787492e+01  3.418405e+01
     vertex  5.292989e+01  3.791482e+01  3.381700e+01
   endloop
 endfacet
 facet normal -6.805596e-01 -6.303789e-01  3.734450e-01
   outer loop
     vertex  5.554771e+01  3.419936e+01  3.231593e+01
     vertex  5.292989e+01  3.791482e+01  3.381700e+01
     vertex  5.523990e+01  3.425088e+01  3.184195e+01
   endloop
 endfacet
 facet normal -5.628702e-01 -6.458525e-01  5.158020e-01
   outer loop
     vertex  5.578576e+01  3.081888e+01  2.773297e+01
     vertex  5.380047e+01  3.444013e+01  3.010081e+01
     vertex  5.339234e+01  3.448274e+01  2.970879e+01
   endloop
 endfacet
 facet normal -5.628702e-01 -6.458525e-01  5.158020e-01
   outer loop
     vertex  5.578576e+01  3.081888e+01  2.773297e+01
     vertex  5.339234e+01  3.448274e+01  2.970879e+01
     vertex  5.528556e+01  3.087110e+01  2.725253e+01
   endloop
 endfacet
 facet normal -5.889873e-01 -6.429977e-01  4.895385e-01
   outer loop
     vertex  5.578576e+01  3.081888e+01  2.773297e+01
     vertex  5.419009e+01  3.439554e+01  3.051101e+01
     vertex  5.380047e+01  3.444013e+01  3.010081e+01
   endloop
 endfacet
 facet normal -4.157120e-01 -6.580302e-01  6.278374e-01
   outer loop
     vertex  5.456686e+01  2.747561e+01  2.280773e+01
     vertex  5.307967e+01  3.105365e+01  2.557312e+01
     vertex  5.386003e+01  2.752128e+01  2.238758e+01
   endloop
 endfacet
 facet normal -2.467893e-01 -6.662746e-01  7.036855e-01
   outer loop
     vertex  5.177303e+01  2.411942e+01  1.800137e+01
     vertex  5.086180e+01  2.766761e+01  2.104135e+01
     vertex  5.007740e+01  2.769472e+01  2.079192e+01
   endloop
 endfacet
 facet normal -2.467893e-01 -6.662746e-01  7.036855e-01
   outer loop
     vertex  5.177303e+01  2.411942e+01  1.800137e+01
     vertex  5.007740e+01  2.769472e+01  2.079192e+01
     vertex  5.086670e+01  2.415074e+01  1.771317e+01
   endloop
 endfacet
 facet normal -2.819033e-01 -6.649643e-01  6.916307e-01
   outer loop
     vertex  5.177303e+01  2.411942e+01  1.800137e+01
     vertex  5.163387e+01  2.763664e+01  2.132626e+01
     vertex  5.086180e+01  2.766761e+01  2.104135e+01
   endloop
 endfacet
 facet normal -6.494615e-02 -6.701539e-01  7.393753e-01
   outer loop
     vertex  4.742498e+01  2.069703e+01  1.380401e+01
     vertex  4.713742e+01  2.423030e+01  1.698124e+01
     vertex  4.618891e+01  2.423854e+01  1.690539e+01
   endloop
 endfacet
 facet normal -1.018972e-01 -6.697404e-01  7.355710e-01
   outer loop
     vertex  4.742498e+01  2.069703e+01  1.380401e+01
     vertex  4.808142e+01  2.421737e+01  1.710023e+01
     vertex  4.713742e+01  2.423030e+01  1.698124e+01
   endloop
 endfacet
 facet normal -6.494615e-02 -6.701539e-01  7.393753e-01
   outer loop
     vertex  4.742498e+01  2.069703e+01  1.380401e+01
     vertex  4.618891e+01  2.423854e+01  1.690539e+01
     vertex  4.634887e+01  2.070638e+01  1.371796e+01
   endloop
 endfacet
 facet normal  1.202973e-01 -6.694651e-01  7.330382e-01
   outer loop
     vertex  4.168758e+01  1.715629e+01  1.069547e+01
     vertex  4.203874e+01  2.069035e+01  1.386541e+01
     vertex  4.049336e+01  1.713691e+01  1.087375e+01
   endloop
 endfacet
 facet normal  2.992426e-01 -6.642442e-01  6.850062e-01
   outer loop
     vertex  3.486453e+01  1.345051e+01  9.105342e+00
     vertex  3.583603e+01  1.700103e+01  1.212386e+01
     vertex  3.362337e+01  1.339719e+01  9.595840e+00
   endloop
 endfacet
 facet normal  4.315447e-01 -6.569804e-01  6.181795e-01
   outer loop
     vertex  2.738232e+01  9.542525e+00  9.375437e+00
     vertex  3.005362e+01  1.320120e+01  1.139895e+01
     vertex  2.892329e+01  1.312431e+01  1.210631e+01
   endloop
 endfacet
 facet normal  4.625212e-01 -6.547646e-01  5.977938e-01
   outer loop
     vertex  2.738232e+01  9.542525e+00  9.375437e+00
     vertex  2.782677e+01  1.304191e+01  1.286444e+01
     vertex  2.618069e+01  9.452220e+00  1.020624e+01
   endloop
 endfacet
 facet normal  4.625212e-01 -6.547646e-01  5.977938e-01
   outer loop
     vertex  2.738232e+01  9.542525e+00  9.375437e+00
     vertex  2.892329e+01  1.312431e+01  1.210631e+01
     vertex  2.782677e+01  1.304191e+01  1.286444e+01
   endloop
 endfacet
 facet normal  5.760802e-01 -6.444413e-01  5.028191e-01
   outer loop
     vertex  1.976419e+01  5.408278e+00  1.172718e+01
     vertex  2.282297e+01  9.146979e+00  1.301446e+01
     vertex  2.179396e+01  9.034503e+00  1.404924e+01
   endloop
 endfacet
 facet normal  5.940489e-01 -6.422592e-01  4.843645e-01
   outer loop
     vertex  1.976419e+01  5.408278e+00  1.172718e+01
     vertex  1.716342e+01  1.715221e+00  1.001996e+01
     vertex  1.785038e+01  1.795264e+00  9.283574e+00
   endloop
 endfacet
 facet normal  5.786931e-01 -6.445108e-01  4.997201e-01
   outer loop
     vertex  1.976419e+01  5.408278e+00  1.172718e+01
     vertex  1.785038e+01  1.795264e+00  9.283574e+00
     vertex  1.855705e+01  1.873277e+00  8.565847e+00
   endloop
 endfacet
 facet normal  6.008544e-01 -6.427996e-01  4.751659e-01
   outer loop
     vertex  1.976419e+01  5.408278e+00  1.172718e+01
     vertex  1.869825e+01  5.280549e+00  1.290229e+01
     vertex  1.716342e+01  1.715221e+00  1.001996e+01
   endloop
 endfacet
 facet normal  6.015847e-01 -6.415226e-01  4.759671e-01
   outer loop
     vertex  1.976419e+01  5.408278e+00  1.172718e+01
     vertex  2.179396e+01  9.034503e+00  1.404924e+01
     vertex  1.869825e+01  5.280549e+00  1.290229e+01
   endloop
 endfacet
 facet normal -8.082412e-01 -5.887918e-01 -8.388263e-03
   outer loop
     vertex  5.178453e+01  4.120031e+01  3.927378e+01
     vertex  4.899403e+01  4.502360e+01  3.978284e+01
     vertex  4.898657e+01  4.503538e+01  3.967447e+01
   endloop
 endfacet
 facet normal -8.092875e-01 -5.866263e-01 -3.038731e-02
   outer loop
     vertex  5.178453e+01  4.120031e+01  3.927378e+01
     vertex  4.899851e+01  4.501181e+01  3.989138e+01
     vertex  4.899403e+01  4.502360e+01  3.978284e+01
   endloop
 endfacet
 facet normal -8.082239e-01 -5.888212e-01 -7.985467e-03
   outer loop
     vertex  5.178453e+01  4.120031e+01  3.927378e+01
     vertex  4.898657e+01  4.503538e+01  3.967447e+01
     vertex  5.176312e+01  4.123389e+01  3.896488e+01
   endloop
 endfacet
 facet normal -8.099579e-01 -5.847687e-01 -4.487573e-02
   outer loop
     vertex  5.178453e+01  4.120031e+01  3.927378e+01
     vertex  5.179167e+01  4.116667e+01  3.958333e+01
     vertex  4.899851e+01  4.501181e+01  3.989138e+01
   endloop
 endfacet
 facet normal -7.743409e-01 -6.086104e-01  1.731749e-01
   outer loop
     vertex  5.422278e+01  3.761471e+01  3.657797e+01
     vertex  5.144467e+01  4.139825e+01  3.745276e+01
     vertex  5.409370e+01  3.766011e+01  3.616033e+01
   endloop
 endfacet
 facet normal -7.743409e-01 -6.086104e-01  1.731749e-01
   outer loop
     vertex  5.422278e+01  3.761471e+01  3.657797e+01
     vertex  5.153615e+01  4.136608e+01  3.774873e+01
     vertex  5.144467e+01  4.139825e+01  3.745276e+01
   endloop
 endfacet
 facet normal -6.999879e-01 -6.269573e-01  3.419670e-01
   outer loop
     vertex  5.583334e+01  3.414637e+01  3.280344e+01
     vertex  5.316826e+01  3.787492e+01  3.418405e+01
     vertex  5.554771e+01  3.419936e+01  3.231593e+01
   endloop
 endfacet
 facet normal -6.999879e-01 -6.269573e-01  3.419670e-01
   outer loop
     vertex  5.583334e+01  3.414637e+01  3.280344e+01
     vertex  5.338946e+01  3.783389e+01  3.456159e+01
     vertex  5.316826e+01  3.787492e+01  3.418405e+01
   endloop
 endfacet
 facet normal -7.179441e-01 -6.234432e-01  3.096367e-01
   outer loop
     vertex  5.583334e+01  3.414637e+01  3.280344e+01
     vertex  5.359300e+01  3.779180e+01  3.494880e+01
     vertex  5.338946e+01  3.783389e+01  3.456159e+01
   endloop
 endfacet
 facet normal -5.889873e-01 -6.429977e-01  4.895385e-01
   outer loop
     vertex  5.626327e+01  3.076423e+01  2.823572e+01
     vertex  5.419009e+01  3.439554e+01  3.051101e+01
     vertex  5.578576e+01  3.081888e+01  2.773297e+01
   endloop
 endfacet
 facet normal -4.471505e-01 -6.558917e-01  6.081632e-01
   outer loop
     vertex  5.525357e+01  2.742649e+01  2.325966e+01
     vertex  5.365963e+01  3.101216e+01  2.595479e+01
     vertex  5.307967e+01  3.105365e+01  2.557312e+01
   endloop
 endfacet
 facet normal -4.471505e-01 -6.558917e-01  6.081632e-01
   outer loop
     vertex  5.525357e+01  2.742649e+01  2.325966e+01
     vertex  5.307967e+01  3.105365e+01  2.557312e+01
     vertex  5.456686e+01  2.747561e+01  2.280773e+01
   endloop
 endfacet
 facet normal -3.164245e-01 -6.634814e-01  6.779882e-01
   outer loop
     vertex  5.266512e+01  2.408363e+01  1.833057e+01
     vertex  5.239199e+01  2.760188e+01  2.164606e+01
     vertex  5.163387e+01  2.763664e+01  2.132626e+01
   endloop
 endfacet
 facet normal -2.819033e-01 -6.649643e-01  6.916307e-01
   outer loop
     vertex  5.266512e+01  2.408363e+01  1.833057e+01
     vertex  5.163387e+01  2.763664e+01  2.132626e+01
     vertex  5.177303e+01  2.411942e+01  1.800137e+01
   endloop
 endfacet
 facet normal -1.018972e-01 -6.697404e-01  7.355710e-01
   outer loop
     vertex  4.849599e+01  2.068235e+01  1.393902e+01
     vertex  4.808142e+01  2.421737e+01  1.710023e+01
     vertex  4.742498e+01  2.069703e+01  1.380401e+01
   endloop
 endfacet
 facet normal  8.344364e-02 -6.699700e-01  7.376838e-01
   outer loop
     vertex  4.288876e+01  1.716973e+01  1.057180e+01
     vertex  4.311258e+01  2.070237e+01  1.375485e+01
     vertex  4.203874e+01  2.069035e+01  1.386541e+01
   endloop
 endfacet
 facet normal  8.344364e-02 -6.699700e-01  7.376838e-01
   outer loop
     vertex  4.288876e+01  1.716973e+01  1.057180e+01
     vertex  4.203874e+01  2.069035e+01  1.386541e+01
     vertex  4.168758e+01  1.715629e+01  1.069547e+01
   endloop
 endfacet
 facet normal  4.641452e-02 -6.702919e-01  7.406447e-01
   outer loop
     vertex  4.288876e+01  1.716973e+01  1.057180e+01
     vertex  4.419040e+01  2.070906e+01  1.369336e+01
     vertex  4.311258e+01  2.070237e+01  1.375485e+01
   endloop
 endfacet
 facet normal  2.644159e-01 -6.656412e-01  6.978582e-01
   outer loop
     vertex  3.612701e+01  1.349762e+01  8.671929e+00
     vertex  3.697750e+01  1.704362e+01  1.173199e+01
     vertex  3.583603e+01  1.700103e+01  1.212386e+01
   endloop
 endfacet
 facet normal  2.644159e-01 -6.656412e-01  6.978582e-01
   outer loop
     vertex  3.612701e+01  1.349762e+01  8.671929e+00
     vertex  3.583603e+01  1.700103e+01  1.212386e+01
     vertex  3.486453e+01  1.345051e+01  9.105342e+00
   endloop
 endfacet
 facet normal  4.315447e-01 -6.569804e-01  6.181795e-01
   outer loop
     vertex  2.862099e+01  9.626781e+00  8.600277e+00
     vertex  3.005362e+01  1.320120e+01  1.139895e+01
     vertex  2.738232e+01  9.542525e+00  9.375437e+00
   endloop
 endfacet
 facet normal  5.636123e-01 -6.454510e-01  5.154941e-01
   outer loop
     vertex  2.088321e+01  5.530592e+00  1.060188e+01
     vertex  1.855705e+01  1.873277e+00  8.565847e+00
     vertex  1.928290e+01  1.949206e+00  7.867305e+00
   endloop
 endfacet
 facet normal  5.760802e-01 -6.444413e-01  5.028191e-01
   outer loop
     vertex  2.088321e+01  5.530592e+00  1.060188e+01
     vertex  2.282297e+01  9.146979e+00  1.301446e+01
     vertex  1.976419e+01  5.408278e+00  1.172718e+01
   endloop
 endfacet
 facet normal  5.754768e-01 -6.455404e-01  5.020996e-01
   outer loop
     vertex  2.088321e+01  5.530592e+00  1.060188e+01
     vertex  1.976419e+01  5.408278e+00  1.172718e+01
     vertex  1.855705e+01  1.873277e+00  8.565847e+00
   endloop
 endfacet
 facet normal -7.844348e-01 -6.047471e-01  1.376332e-01
   outer loop
     vertex  5.433247e+01  3.756873e+01  3.700105e+01
     vertex  5.153615e+01  4.136608e+01  3.774873e+01
     vertex  5.422278e+01  3.761471e+01  3.657797e+01
   endloop
 endfacet
 facet normal -7.844348e-01 -6.047471e-01  1.376332e-01
   outer loop
     vertex  5.433247e+01  3.756873e+01  3.700105e+01
     vertex  5.161388e+01  4.133349e+01  3.804857e+01
     vertex  5.153615e+01  4.136608e+01  3.774873e+01
   endloop
 endfacet
 facet normal -7.179441e-01 -6.234432e-01  3.096367e-01
   outer loop
     vertex  5.609618e+01  3.409202e+01  3.330346e+01
     vertex  5.359300e+01  3.779180e+01  3.494880e+01
     vertex  5.583334e+01  3.414637e+01  3.280344e+01
   endloop
 endfacet
 facet normal -6.138657e-01 -6.400166e-01  4.621122e-01
   outer loop
     vertex  5.671709e+01  3.070728e+01  2.875969e+01
     vertex  5.456038e+01  3.434907e+01  3.093854e+01
     vertex  5.419009e+01  3.439554e+01  3.051101e+01
   endloop
 endfacet
 facet normal -6.138657e-01 -6.400166e-01  4.621122e-01
   outer loop
     vertex  5.671709e+01  3.070728e+01  2.875969e+01
     vertex  5.419009e+01  3.439554e+01  3.051101e+01
     vertex  5.626327e+01  3.076423e+01  2.823572e+01
   endloop
 endfacet
 facet normal -4.776486e-01 -6.535997e-01  5.870768e-01
   outer loop
     vertex  5.591872e+01  2.737401e+01  2.374241e+01
     vertex  5.365963e+01  3.101216e+01  2.595479e+01
     vertex  5.525357e+01  2.742649e+01  2.325966e+01
   endloop
 endfacet
 facet normal -4.776486e-01 -6.535997e-01  5.870768e-01
   outer loop
     vertex  5.591872e+01  2.737401e+01  2.374241e+01
     vertex  5.422138e+01  3.096784e+01  2.636250e+01
     vertex  5.365963e+01  3.101216e+01  2.595479e+01
   endloop
 endfacet
 facet normal -3.164245e-01 -6.634814e-01  6.779882e-01
   outer loop
     vertex  5.354109e+01  2.404347e+01  1.870009e+01
     vertex  5.239199e+01  2.760188e+01  2.164606e+01
     vertex  5.266512e+01  2.408363e+01  1.833057e+01
   endloop
 endfacet
 facet normal -1.750793e-01 -6.683668e-01  7.229337e-01
   outer loop
     vertex  4.955965e+01  2.066239e+01  1.412269e+01
     vertex  4.994803e+01  2.417755e+01  1.746658e+01
     vertex  4.901895e+01  2.419977e+01  1.726213e+01
   endloop
 endfacet
 facet normal -1.386340e-01 -6.691443e-01  7.300867e-01
   outer loop
     vertex  4.955965e+01  2.066239e+01  1.412269e+01
     vertex  4.901895e+01  2.419977e+01  1.726213e+01
     vertex  4.808142e+01  2.421737e+01  1.710023e+01
   endloop
 endfacet
 facet normal -1.386340e-01 -6.691443e-01  7.300867e-01
   outer loop
     vertex  4.955965e+01  2.066239e+01  1.412269e+01
     vertex  4.808142e+01  2.421737e+01  1.710023e+01
     vertex  4.849599e+01  2.068235e+01  1.393902e+01
   endloop
 endfacet
 facet normal  4.641452e-02 -6.702919e-01  7.406447e-01
   outer loop
     vertex  4.409439e+01  1.717721e+01  1.050301e+01
     vertex  4.419040e+01  2.070906e+01  1.369336e+01
     vertex  4.288876e+01  1.716973e+01  1.057180e+01
   endloop
 endfacet
 facet normal  1.931686e-01 -6.679105e-01  7.187360e-01
   outer loop
     vertex  3.740815e+01  1.353842e+01  8.296513e+00
     vertex  3.930861e+01  1.711164e+01  1.110628e+01
     vertex  3.813584e+01  1.708052e+01  1.139256e+01
   endloop
 endfacet
 facet normal  2.290331e-01 -6.668641e-01  7.091094e-01
   outer loop
     vertex  3.740815e+01  1.353842e+01  8.296513e+00
     vertex  3.697750e+01  1.704362e+01  1.173199e+01
     vertex  3.612701e+01  1.349762e+01  8.671929e+00
   endloop
 endfacet
 facet normal  2.290331e-01 -6.668641e-01  7.091094e-01
   outer loop
     vertex  3.740815e+01  1.353842e+01  8.296513e+00
     vertex  3.813584e+01  1.708052e+01  1.139256e+01
     vertex  3.697750e+01  1.704362e+01  1.173199e+01
   endloop
 endfacet
 facet normal  3.996607e-01 -6.590405e-01  6.371318e-01
   outer loop
     vertex  2.989411e+01  9.704813e+00  7.882388e+00
     vertex  3.005362e+01  1.320120e+01  1.139895e+01
     vertex  2.862099e+01  9.626781e+00  8.600277e+00
   endloop
 endfacet
 facet normal  3.996607e-01 -6.590405e-01  6.371318e-01
   outer loop
     vertex  2.989411e+01  9.704813e+00  7.882388e+00
     vertex  3.121538e+01  1.327241e+01  1.074385e+01
     vertex  3.005362e+01  1.320120e+01  1.139895e+01
   endloop
 endfacet
 facet normal  5.493642e-01 -6.472305e-01  5.284804e-01
   outer loop
     vertex  2.205294e+01  5.647234e+00  9.528779e+00
     vertex  2.282297e+01  9.146979e+00  1.301446e+01
     vertex  2.088321e+01  5.530592e+00  1.060188e+01
   endloop
 endfacet
 facet normal  5.493642e-01 -6.472305e-01  5.284804e-01
   outer loop
     vertex  2.205294e+01  5.647234e+00  9.528779e+00
     vertex  2.389862e+01  9.254239e+00  1.202766e+01
     vertex  2.282297e+01  9.146979e+00  1.301446e+01
   endloop
 endfacet
 facet normal  5.472627e-01 -6.479519e-01  5.297753e-01
   outer loop
     vertex  2.205294e+01  5.647234e+00  9.528779e+00
     vertex  1.928290e+01  1.949206e+00  7.867305e+00
     vertex  2.002743e+01  2.022994e+00  7.188455e+00
   endloop
 endfacet
 facet normal  5.313830e-01 -6.487492e-01  5.447537e-01
   outer loop
     vertex  2.205294e+01  5.647234e+00  9.528779e+00
     vertex  2.002743e+01  2.022994e+00  7.188455e+00
     vertex  2.079007e+01  2.094588e+00  6.529790e+00
   endloop
 endfacet
 facet normal  5.488348e-01 -6.482393e-01  5.277937e-01
   outer loop
     vertex  2.205294e+01  5.647234e+00  9.528779e+00
     vertex  2.088321e+01  5.530592e+00  1.060188e+01
     vertex  1.928290e+01  1.949206e+00  7.867305e+00
   endloop
 endfacet
 facet normal -7.928791e-01 -6.008380e-01  1.016688e-01
   outer loop
     vertex  5.442253e+01  3.752225e+01  3.742868e+01
     vertex  5.161388e+01  4.133349e+01  3.804857e+01
     vertex  5.433247e+01  3.756873e+01  3.700105e+01
   endloop
 endfacet
 facet normal -7.928791e-01 -6.008380e-01  1.016688e-01
   outer loop
     vertex  5.442253e+01  3.752225e+01  3.742868e+01
     vertex  5.167770e+01  4.130055e+01  3.835163e+01
     vertex  5.161388e+01  4.133349e+01  3.804857e+01
   endloop
 endfacet
 facet normal -7.996558e-01 -5.968911e-01  6.535731e-02
   outer loop
     vertex  5.442253e+01  3.752225e+01  3.742868e+01
     vertex  5.172748e+01  4.126732e+01  3.865728e+01
     vertex  5.167770e+01  4.130055e+01  3.835163e+01
   endloop
 endfacet
 facet normal -7.343905e-01 -6.198437e-01  2.765219e-01
   outer loop
     vertex  5.633569e+01  3.403642e+01  3.381493e+01
     vertex  5.377848e+01  3.774874e+01  3.534489e+01
     vertex  5.359300e+01  3.779180e+01  3.494880e+01
   endloop
 endfacet
 facet normal -7.343905e-01 -6.198437e-01  2.765219e-01
   outer loop
     vertex  5.633569e+01  3.403642e+01  3.381493e+01
     vertex  5.359300e+01  3.779180e+01  3.494880e+01
     vertex  5.609618e+01  3.409202e+01  3.330346e+01
   endloop
 endfacet
 facet normal -7.492924e-01 -6.161666e-01  2.426924e-01
   outer loop
     vertex  5.633569e+01  3.403642e+01  3.381493e+01
     vertex  5.394550e+01  3.770482e+01  3.574902e+01
     vertex  5.377848e+01  3.774874e+01  3.534489e+01
   endloop
 endfacet
 facet normal -6.374532e-01 -6.369154e-01  4.335808e-01
   outer loop
     vertex  5.714628e+01  3.064814e+01  2.930380e+01
     vertex  5.491056e+01  3.430082e+01  3.138250e+01
     vertex  5.456038e+01  3.434907e+01  3.093854e+01
   endloop
 endfacet
 facet normal -6.374532e-01 -6.369154e-01  4.335808e-01
   outer loop
     vertex  5.714628e+01  3.064814e+01  2.930380e+01
     vertex  5.456038e+01  3.434907e+01  3.093854e+01
     vertex  5.671709e+01  3.070728e+01  2.875969e+01
   endloop
 endfacet
 facet normal -5.071423e-01 -6.511590e-01  5.646225e-01
   outer loop
     vertex  5.656091e+01  2.731830e+01  2.425497e+01
     vertex  5.422138e+01  3.096784e+01  2.636250e+01
     vertex  5.591872e+01  2.737401e+01  2.374241e+01
   endloop
 endfacet
 facet normal -5.071423e-01 -6.511590e-01  5.646225e-01
   outer loop
     vertex  5.656091e+01  2.731830e+01  2.425497e+01
     vertex  5.476374e+01  3.092079e+01  2.679538e+01
     vertex  5.422138e+01  3.096784e+01  2.636250e+01
   endloop
 endfacet
 facet normal -3.502802e-01 -6.618290e-01  6.627866e-01
   outer loop
     vertex  5.439910e+01  2.399901e+01  1.910915e+01
     vertex  5.239199e+01  2.760188e+01  2.164606e+01
     vertex  5.354109e+01  2.404347e+01  1.870009e+01
   endloop
 endfacet
 facet normal -3.502802e-01 -6.618290e-01  6.627866e-01
   outer loop
     vertex  5.439910e+01  2.399901e+01  1.910915e+01
     vertex  5.313456e+01  2.756340e+01  2.200009e+01
     vertex  5.239199e+01  2.760188e+01  2.164606e+01
   endloop
 endfacet
 facet normal -1.750793e-01 -6.683668e-01  7.229337e-01
   outer loop
     vertex  5.061373e+01  2.063717e+01  1.435466e+01
     vertex  4.994803e+01  2.417755e+01  1.746658e+01
     vertex  4.955965e+01  2.066239e+01  1.412269e+01
   endloop
 endfacet
 facet normal  9.287786e-03 -6.704299e-01  7.419147e-01
   outer loop
     vertex  4.530192e+01  1.717870e+01  1.048925e+01
     vertex  4.419040e+01  2.070906e+01  1.369336e+01
     vertex  4.409439e+01  1.717721e+01  1.050301e+01
   endloop
 endfacet
 facet normal  9.287786e-03 -6.704299e-01  7.419147e-01
   outer loop
     vertex  4.530192e+01  1.717870e+01  1.048925e+01
     vertex  4.526991e+01  2.071039e+01  1.368105e+01
     vertex  4.419040e+01  2.070906e+01  1.369336e+01
   endloop
 endfacet
 facet normal  1.931686e-01 -6.679105e-01  7.187360e-01
   outer loop
     vertex  3.870525e+01  1.357284e+01  7.979884e+00
     vertex  3.930861e+01  1.711164e+01  1.110628e+01
     vertex  3.740815e+01  1.353842e+01  8.296513e+00
   endloop
 endfacet
 facet normal  3.669362e-01 -6.609404e-01  6.546111e-01
   outer loop
     vertex  3.119900e+01  9.776455e+00  7.223280e+00
     vertex  3.240613e+01  1.333778e+01  1.014239e+01
     vertex  3.121538e+01  1.327241e+01  1.074385e+01
   endloop
 endfacet
 facet normal  3.669362e-01 -6.609404e-01  6.546111e-01
   outer loop
     vertex  3.119900e+01  9.776455e+00  7.223280e+00
     vertex  3.121538e+01  1.327241e+01  1.074385e+01
     vertex  2.989411e+01  9.704813e+00  7.882388e+00
   endloop
 endfacet
 facet normal  5.146135e-01 -6.504751e-01  5.586190e-01
   outer loop
     vertex  2.327093e+01  5.757958e+00  8.510116e+00
     vertex  2.079007e+01  2.094588e+00  6.529790e+00
     vertex  2.157029e+01  2.163936e+00  5.891786e+00
   endloop
 endfacet
 facet normal  4.974815e-01 -6.521418e-01  5.720343e-01
   outer loop
     vertex  2.327093e+01  5.757958e+00  8.510116e+00
     vertex  2.157029e+01  2.163936e+00  5.891786e+00
     vertex  2.236751e+01  2.230988e+00  5.274909e+00
   endloop
 endfacet
 facet normal  5.214929e-01 -6.498845e-01  5.528971e-01
   outer loop
     vertex  2.327093e+01  5.757958e+00  8.510116e+00
     vertex  2.389862e+01  9.254239e+00  1.202766e+01
     vertex  2.205294e+01  5.647234e+00  9.528779e+00
   endloop
 endfacet
 facet normal  5.214929e-01 -6.498845e-01  5.528971e-01
   outer loop
     vertex  2.327093e+01  5.757958e+00  8.510116e+00
     vertex  2.501865e+01  9.356058e+00  1.109094e+01
     vertex  2.389862e+01  9.254239e+00  1.202766e+01
   endloop
 endfacet
 facet normal  5.208666e-01 -6.511381e-01  5.520119e-01
   outer loop
     vertex  2.327093e+01  5.757958e+00  8.510116e+00
     vertex  2.205294e+01  5.647234e+00  9.528779e+00
     vertex  2.079007e+01  2.094588e+00  6.529790e+00
   endloop
 endfacet
 facet normal  4.925250e-01 -6.523976e-01  5.760178e-01
   outer loop
     vertex  2.327093e+01  5.757958e+00  8.510116e+00
     vertex  2.618069e+01  9.452220e+00  1.020624e+01
     vertex  2.501865e+01  9.356058e+00  1.109094e+01
   endloop
 endfacet
 facet normal -7.996558e-01 -5.968911e-01  6.535731e-02
   outer loop
     vertex  5.449277e+01  3.747537e+01  3.785997e+01
     vertex  5.172748e+01  4.126732e+01  3.865728e+01
     vertex  5.442253e+01  3.752225e+01  3.742868e+01
   endloop
 endfacet
 facet normal -7.492924e-01 -6.161666e-01  2.426924e-01
   outer loop
     vertex  5.655136e+01  3.397970e+01  3.433678e+01
     vertex  5.394550e+01  3.770482e+01  3.574902e+01
     vertex  5.633569e+01  3.403642e+01  3.381493e+01
   endloop
 endfacet
 facet normal -6.597001e-01 -6.337005e-01  4.040043e-01
   outer loop
     vertex  5.754992e+01  3.058693e+01  2.986690e+01
     vertex  5.491056e+01  3.430082e+01  3.138250e+01
     vertex  5.714628e+01  3.064814e+01  2.930380e+01
   endloop
 endfacet
 facet normal -6.597001e-01 -6.337005e-01  4.040043e-01
   outer loop
     vertex  5.754992e+01  3.058693e+01  2.986690e+01
     vertex  5.523990e+01  3.425088e+01  3.184195e+01
     vertex  5.491056e+01  3.430082e+01  3.138250e+01
   endloop
 endfacet
 facet normal -6.805596e-01 -6.303789e-01  3.734450e-01
   outer loop
     vertex  5.754992e+01  3.058693e+01  2.986690e+01
     vertex  5.554771e+01  3.419936e+01  3.231593e+01
     vertex  5.523990e+01  3.425088e+01  3.184195e+01
   endloop
 endfacet
 facet normal -5.355694e-01 -6.485748e-01  5.408476e-01
   outer loop
     vertex  5.717879e+01  2.725946e+01  2.479626e+01
     vertex  5.476374e+01  3.092079e+01  2.679538e+01
     vertex  5.656091e+01  2.731830e+01  2.425497e+01
   endloop
 endfacet
 facet normal -5.628702e-01 -6.458525e-01  5.158020e-01
   outer loop
     vertex  5.717879e+01  2.725946e+01  2.479626e+01
     vertex  5.578576e+01  3.081888e+01  2.773297e+01
     vertex  5.528556e+01  3.087110e+01  2.725253e+01
   endloop
 endfacet
 facet normal -5.355694e-01 -6.485748e-01  5.408476e-01
   outer loop
     vertex  5.717879e+01  2.725946e+01  2.479626e+01
     vertex  5.528556e+01  3.087110e+01  2.725253e+01
     vertex  5.476374e+01  3.092079e+01  2.679538e+01
   endloop
 endfacet
 facet normal -4.157120e-01 -6.580302e-01  6.278374e-01
   outer loop
     vertex  5.523734e+01  2.395034e+01  1.955688e+01
     vertex  5.456686e+01  2.747561e+01  2.280773e+01
     vertex  5.386003e+01  2.752128e+01  2.238758e+01
   endloop
 endfacet
 facet normal -3.833992e-01 -6.600107e-01  6.460580e-01
   outer loop
     vertex  5.523734e+01  2.395034e+01  1.955688e+01
     vertex  5.386003e+01  2.752128e+01  2.238758e+01
     vertex  5.313456e+01  2.756340e+01  2.200009e+01
   endloop
 endfacet
 facet normal -3.833992e-01 -6.600107e-01  6.460580e-01
   outer loop
     vertex  5.523734e+01  2.395034e+01  1.955688e+01
     vertex  5.313456e+01  2.756340e+01  2.200009e+01
     vertex  5.439910e+01  2.399901e+01  1.910915e+01
   endloop
 endfacet
 facet normal -2.111564e-01 -6.674095e-01  7.141271e-01
   outer loop
     vertex  5.165599e+01  2.060677e+01  1.463442e+01
     vertex  5.086670e+01  2.415074e+01  1.771317e+01
     vertex  4.994803e+01  2.417755e+01  1.746658e+01
   endloop
 endfacet
 facet normal -2.111564e-01 -6.674095e-01  7.141271e-01
   outer loop
     vertex  5.165599e+01  2.060677e+01  1.463442e+01
     vertex  4.994803e+01  2.417755e+01  1.746658e+01
     vertex  5.061373e+01  2.063717e+01  1.435466e+01
   endloop
 endfacet
 facet normal -2.467893e-01 -6.662746e-01  7.036855e-01
   outer loop
     vertex  5.165599e+01  2.060677e+01  1.463442e+01
     vertex  5.177303e+01  2.411942e+01  1.800137e+01
     vertex  5.086670e+01  2.415074e+01  1.771317e+01
   endloop
 endfacet
 facet normal -6.494615e-02 -6.701539e-01  7.393753e-01
   outer loop
     vertex  4.650882e+01  1.717422e+01  1.053054e+01
     vertex  4.742498e+01  2.069703e+01  1.380401e+01
     vertex  4.634887e+01  2.070638e+01  1.371796e+01
   endloop
 endfacet
 facet normal -2.785848e-02 -6.703839e-01  7.414913e-01
   outer loop
     vertex  4.650882e+01  1.717422e+01  1.053054e+01
     vertex  4.634887e+01  2.070638e+01  1.371796e+01
     vertex  4.526991e+01  2.071039e+01  1.368105e+01
   endloop
 endfacet
 facet normal -2.785848e-02 -6.703839e-01  7.414913e-01
   outer loop
     vertex  4.650882e+01  1.717422e+01  1.053054e+01
     vertex  4.526991e+01  2.071039e+01  1.368105e+01
     vertex  4.530192e+01  1.717870e+01  1.048925e+01
   endloop
 endfacet
 facet normal  1.568979e-01 -6.687781e-01  7.267179e-01
   outer loop
     vertex  4.001559e+01  1.360079e+01  7.722708e+00
     vertex  3.930861e+01  1.711164e+01  1.110628e+01
     vertex  3.870525e+01  1.357284e+01  7.979884e+00
   endloop
 endfacet
 facet normal  1.568979e-01 -6.687781e-01  7.267179e-01
   outer loop
     vertex  4.001559e+01  1.360079e+01  7.722708e+00
     vertex  4.049336e+01  1.713691e+01  1.087375e+01
     vertex  3.930861e+01  1.711164e+01  1.110628e+01
   endloop
 endfacet
 facet normal  1.202973e-01 -6.694651e-01  7.330382e-01
   outer loop
     vertex  4.001559e+01  1.360079e+01  7.722708e+00
     vertex  4.168758e+01  1.715629e+01  1.069547e+01
     vertex  4.049336e+01  1.713691e+01  1.087375e+01
   endloop
 endfacet
 facet normal  3.334400e-01 -6.626762e-01  6.705804e-01
   outer loop
     vertex  3.253291e+01  9.841557e+00  6.624340e+00
     vertex  3.362337e+01  1.339719e+01  9.595840e+00
     vertex  3.240613e+01  1.333778e+01  1.014239e+01
   endloop
 endfacet
 facet normal  2.992426e-01 -6.642442e-01  6.850062e-01
   outer loop
     vertex  3.253291e+01  9.841557e+00  6.624340e+00
     vertex  3.486453e+01  1.345051e+01  9.105342e+00
     vertex  3.362337e+01  1.339719e+01  9.595840e+00
   endloop
 endfacet
 facet normal  3.334400e-01 -6.626762e-01  6.705804e-01
   outer loop
     vertex  3.253291e+01  9.841557e+00  6.624340e+00
     vertex  3.240613e+01  1.333778e+01  1.014239e+01
     vertex  3.119900e+01  9.776455e+00  7.223280e+00
   endloop
 endfacet
 facet normal  4.803020e-01 -6.530911e-01  5.854759e-01
   outer loop
     vertex  2.453462e+01  5.862532e+00  7.548038e+00
     vertex  2.236751e+01  2.230988e+00  5.274909e+00
     vertex  2.318116e+01  2.295695e+00  4.679604e+00
   endloop
 endfacet
 facet normal  4.919627e-01 -6.535863e-01  5.751501e-01
   outer loop
     vertex  2.453462e+01  5.862532e+00  7.548038e+00
     vertex  2.327093e+01  5.757958e+00  8.510116e+00
     vertex  2.236751e+01  2.230988e+00  5.274909e+00
   endloop
 endfacet
 facet normal  4.925250e-01 -6.523976e-01  5.760178e-01
   outer loop
     vertex  2.453462e+01  5.862532e+00  7.548038e+00
     vertex  2.618069e+01  9.452220e+00  1.020624e+01
     vertex  2.327093e+01  5.757958e+00  8.510116e+00
   endloop
 endfacet
 facet normal -8.081537e-01 -5.889174e-01 -8.000783e-03
   outer loop
     vertex  5.454305e+01  3.742819e+01  3.829400e+01
     vertex  5.178453e+01  4.120031e+01  3.927378e+01
     vertex  5.176312e+01  4.123389e+01  3.896488e+01
   endloop
 endfacet
 facet normal -8.047510e-01 -5.929147e-01  2.877514e-02
   outer loop
     vertex  5.454305e+01  3.742819e+01  3.829400e+01
     vertex  5.176312e+01  4.123389e+01  3.896488e+01
     vertex  5.172748e+01  4.126732e+01  3.865728e+01
   endloop
 endfacet
 facet normal -8.047510e-01 -5.929147e-01  2.877514e-02
   outer loop
     vertex  5.454305e+01  3.742819e+01  3.829400e+01
     vertex  5.172748e+01  4.126732e+01  3.865728e+01
     vertex  5.449277e+01  3.747537e+01  3.785997e+01
   endloop
 endfacet
 facet normal -7.626186e-01 -6.124195e-01  2.082192e-01
   outer loop
     vertex  5.674274e+01  3.392197e+01  3.486791e+01
     vertex  5.409370e+01  3.766011e+01  3.616033e+01
     vertex  5.394550e+01  3.770482e+01  3.574902e+01
   endloop
 endfacet
 facet normal -7.626186e-01 -6.124195e-01  2.082192e-01
   outer loop
     vertex  5.674274e+01  3.392197e+01  3.486791e+01
     vertex  5.394550e+01  3.770482e+01  3.574902e+01
     vertex  5.655136e+01  3.397970e+01  3.433678e+01
   endloop
 endfacet
 facet normal -6.805596e-01 -6.303789e-01  3.734450e-01
   outer loop
     vertex  5.792716e+01  3.052379e+01  3.044781e+01
     vertex  5.554771e+01  3.419936e+01  3.231593e+01
     vertex  5.754992e+01  3.058693e+01  2.986690e+01
   endloop
 endfacet
 facet normal -5.628702e-01 -6.458525e-01  5.158020e-01
   outer loop
     vertex  5.777105e+01  2.719763e+01  2.536514e+01
     vertex  5.578576e+01  3.081888e+01  2.773297e+01
     vertex  5.717879e+01  2.725946e+01  2.479626e+01
   endloop
 endfacet
 facet normal -4.157120e-01 -6.580302e-01  6.278374e-01
   outer loop
     vertex  5.605405e+01  2.389757e+01  2.004235e+01
     vertex  5.456686e+01  2.747561e+01  2.280773e+01
     vertex  5.523734e+01  2.395034e+01  1.955688e+01
   endloop
 endfacet
 facet normal -2.467893e-01 -6.662746e-01  7.036855e-01
   outer loop
     vertex  5.268426e+01  2.057123e+01  1.496139e+01
     vertex  5.177303e+01  2.411942e+01  1.800137e+01
     vertex  5.165599e+01  2.060677e+01  1.463442e+01
   endloop
 endfacet
 facet normal -6.494615e-02 -6.701539e-01  7.393753e-01
   outer loop
     vertex  4.771254e+01  1.716375e+01  1.062679e+01
     vertex  4.742498e+01  2.069703e+01  1.380401e+01
     vertex  4.650882e+01  1.717422e+01  1.053054e+01
   endloop
 endfacet
 facet normal  1.202973e-01 -6.694651e-01  7.330382e-01
   outer loop
     vertex  4.133642e+01  1.362223e+01  7.525524e+00
     vertex  4.168758e+01  1.715629e+01  1.069547e+01
     vertex  4.001559e+01  1.360079e+01  7.722708e+00
   endloop
 endfacet
 facet normal  2.992426e-01 -6.642442e-01  6.850062e-01
   outer loop
     vertex  3.389304e+01  9.899983e+00  6.086827e+00
     vertex  3.486453e+01  1.345051e+01  9.105342e+00
     vertex  3.253291e+01  9.841557e+00  6.624340e+00
   endloop
 endfacet
 facet normal  4.620502e-01 -6.555828e-01  5.972611e-01
   outer loop
     vertex  2.584134e+01  5.960735e+00  6.644568e+00
     vertex  2.318116e+01  2.295695e+00  4.679604e+00
     vertex  2.401064e+01  2.358010e+00  4.106305e+00
   endloop
 endfacet
 facet normal  4.444554e-01 -6.557898e-01  6.102451e-01
   outer loop
     vertex  2.584134e+01  5.960735e+00  6.644568e+00
     vertex  2.401064e+01  2.358010e+00  4.106305e+00
     vertex  2.485535e+01  2.417888e+00  3.555427e+00
   endloop
 endfacet
 facet normal  4.625212e-01 -6.547646e-01  5.977938e-01
   outer loop
     vertex  2.584134e+01  5.960735e+00  6.644568e+00
     vertex  2.618069e+01  9.452220e+00  1.020624e+01
     vertex  2.453462e+01  5.862532e+00  7.548038e+00
   endloop
 endfacet
 facet normal  4.621485e-01 -6.556020e-01  5.971639e-01
   outer loop
     vertex  2.584134e+01  5.960735e+00  6.644568e+00
     vertex  2.453462e+01  5.862532e+00  7.548038e+00
     vertex  2.318116e+01  2.295695e+00  4.679604e+00
   endloop
 endfacet
 facet normal  4.625212e-01 -6.547646e-01  5.977938e-01
   outer loop
     vertex  2.584134e+01  5.960735e+00  6.644568e+00
     vertex  2.738232e+01  9.542525e+00  9.375437e+00
     vertex  2.618069e+01  9.452220e+00  1.020624e+01
   endloop
 endfacet
 facet normal -8.098568e-01 -5.849073e-01 -4.489313e-02
   outer loop
     vertex  5.457326e+01  3.738081e+01  3.872988e+01
     vertex  5.179167e+01  4.116667e+01  3.958333e+01
     vertex  5.178453e+01  4.120031e+01  3.927378e+01
   endloop
 endfacet
 facet normal -8.081537e-01 -5.889174e-01 -8.000783e-03
   outer loop
     vertex  5.457326e+01  3.738081e+01  3.872988e+01
     vertex  5.178453e+01  4.120031e+01  3.927378e+01
     vertex  5.454305e+01  3.742819e+01  3.829400e+01
   endloop
 endfacet
 facet normal -8.098568e-01 -5.849073e-01 -4.489313e-02
   outer loop
     vertex  5.457326e+01  3.738081e+01  3.872988e+01
     vertex  5.458333e+01  3.733333e+01  3.916667e+01
     vertex  5.179167e+01  4.116667e+01  3.958333e+01
   endloop
 endfacet
 facet normal -7.743409e-01 -6.086104e-01  1.731749e-01
   outer loop
     vertex  5.690942e+01  3.386335e+01  3.540720e+01
     vertex  5.422278e+01  3.761471e+01  3.657797e+01
     vertex  5.409370e+01  3.766011e+01  3.616033e+01
   endloop
 endfacet
 facet normal -7.844348e-01 -6.047471e-01  1.376332e-01
   outer loop
     vertex  5.690942e+01  3.386335e+01  3.540720e+01
     vertex  5.433247e+01  3.756873e+01  3.700105e+01
     vertex  5.422278e+01  3.761471e+01  3.657797e+01
   endloop
 endfacet
 facet normal -7.743409e-01 -6.086104e-01  1.731749e-01
   outer loop
     vertex  5.690942e+01  3.386335e+01  3.540720e+01
     vertex  5.409370e+01  3.766011e+01  3.616033e+01
     vertex  5.674274e+01  3.392197e+01  3.486791e+01
   endloop
 endfacet
 facet normal -6.999879e-01 -6.269573e-01  3.419670e-01
   outer loop
     vertex  5.827722e+01  3.045884e+01  3.104529e+01
     vertex  5.583334e+01  3.414637e+01  3.280344e+01
     vertex  5.554771e+01  3.419936e+01  3.231593e+01
   endloop
 endfacet
 facet normal -6.999879e-01 -6.269573e-01  3.419670e-01
   outer loop
     vertex  5.827722e+01  3.045884e+01  3.104529e+01
     vertex  5.554771e+01  3.419936e+01  3.231593e+01
     vertex  5.792716e+01  3.052379e+01  3.044781e+01
   endloop
 endfacet
 facet normal -5.889873e-01 -6.429977e-01  4.895385e-01
   outer loop
     vertex  5.833645e+01  2.713293e+01  2.596042e+01
     vertex  5.578576e+01  3.081888e+01  2.773297e+01
     vertex  5.777105e+01  2.719763e+01  2.536514e+01
   endloop
 endfacet
 facet normal -5.889873e-01 -6.429977e-01  4.895385e-01
   outer loop
     vertex  5.833645e+01  2.713293e+01  2.596042e+01
     vertex  5.626327e+01  3.076423e+01  2.823572e+01
     vertex  5.578576e+01  3.081888e+01  2.773297e+01
   endloop
 endfacet
 facet normal -4.471505e-01 -6.558917e-01  6.081632e-01
   outer loop
     vertex  5.684752e+01  2.384081e+01  2.056453e+01
     vertex  5.456686e+01  2.747561e+01  2.280773e+01
     vertex  5.605405e+01  2.389757e+01  2.004235e+01
   endloop
 endfacet
 facet normal -4.471505e-01 -6.558917e-01  6.081632e-01
   outer loop
     vertex  5.684752e+01  2.384081e+01  2.056453e+01
     vertex  5.525357e+01  2.742649e+01  2.325966e+01
     vertex  5.456686e+01  2.747561e+01  2.280773e+01
   endloop
 endfacet
 facet normal -2.819033e-01 -6.649643e-01  6.916307e-01
   outer loop
     vertex  5.369637e+01  2.053063e+01  1.533489e+01
     vertex  5.266512e+01  2.408363e+01  1.833057e+01
     vertex  5.177303e+01  2.411942e+01  1.800137e+01
   endloop
 endfacet
 facet normal -2.819033e-01 -6.649643e-01  6.916307e-01
   outer loop
     vertex  5.369637e+01  2.053063e+01  1.533489e+01
     vertex  5.177303e+01  2.411942e+01  1.800137e+01
     vertex  5.268426e+01  2.057123e+01  1.496139e+01
   endloop
 endfacet
 facet normal -1.386340e-01 -6.691443e-01  7.300867e-01
   outer loop
     vertex  4.891056e+01  1.714734e+01  1.077780e+01
     vertex  4.955965e+01  2.066239e+01  1.412269e+01
     vertex  4.849599e+01  2.068235e+01  1.393902e+01
   endloop
 endfacet
 facet normal -1.018972e-01 -6.697404e-01  7.355710e-01
   outer loop
     vertex  4.891056e+01  1.714734e+01  1.077780e+01
     vertex  4.849599e+01  2.068235e+01  1.393902e+01
     vertex  4.742498e+01  2.069703e+01  1.380401e+01
   endloop
 endfacet
 facet normal -1.018972e-01 -6.697404e-01  7.355710e-01
   outer loop
     vertex  4.891056e+01  1.714734e+01  1.077780e+01
     vertex  4.742498e+01  2.069703e+01  1.380401e+01
     vertex  4.771254e+01  1.716375e+01  1.062679e+01
   endloop
 endfacet
 facet normal  8.344364e-02 -6.699700e-01  7.376838e-01
   outer loop
     vertex  4.266495e+01  1.363709e+01  7.388749e+00
     vertex  4.168758e+01  1.715629e+01  1.069547e+01
     vertex  4.133642e+01  1.362223e+01  7.525524e+00
   endloop
 endfacet
 facet normal  4.641452e-02 -6.702919e-01  7.406447e-01
   outer loop
     vertex  4.266495e+01  1.363709e+01  7.388749e+00
     vertex  4.409439e+01  1.717721e+01  1.050301e+01
     vertex  4.288876e+01  1.716973e+01  1.057180e+01
   endloop
 endfacet
 facet normal  8.344364e-02 -6.699700e-01  7.376838e-01
   outer loop
     vertex  4.266495e+01  1.363709e+01  7.388749e+00
     vertex  4.288876e+01  1.716973e+01  1.057180e+01
     vertex  4.168758e+01  1.715629e+01  1.069547e+01
   endloop
 endfacet
 facet normal  2.644159e-01 -6.656412e-01  6.978582e-01
   outer loop
     vertex  3.527652e+01  9.951608e+00  5.611871e+00
     vertex  3.486453e+01  1.345051e+01  9.105342e+00
     vertex  3.389304e+01  9.899983e+00  6.086827e+00
   endloop
 endfacet
 facet normal  2.644159e-01 -6.656412e-01  6.978582e-01
   outer loop
     vertex  3.527652e+01  9.951608e+00  5.611871e+00
     vertex  3.612701e+01  1.349762e+01  8.671929e+00
     vertex  3.486453e+01  1.345051e+01  9.105342e+00
   endloop
 endfacet
 facet normal  4.258609e-01 -6.575010e-01  6.215585e-01
   outer loop
     vertex  2.718836e+01  6.052362e+00  5.801607e+00
     vertex  2.485535e+01  2.417888e+00  3.555427e+00
     vertex  2.571469e+01  2.475286e+00  3.027370e+00
   endloop
 endfacet
 facet normal  4.072072e-01 -6.585612e-01  6.328344e-01
   outer loop
     vertex  2.718836e+01  6.052362e+00  5.801607e+00
     vertex  2.571469e+01  2.475286e+00  3.027370e+00
     vertex  2.658802e+01  2.530161e+00  2.522517e+00
   endloop
 endfacet
 facet normal  4.315447e-01 -6.569804e-01  6.181795e-01
   outer loop
     vertex  2.718836e+01  6.052362e+00  5.801607e+00
     vertex  2.738232e+01  9.542525e+00  9.375437e+00
     vertex  2.584134e+01  5.960735e+00  6.644568e+00
   endloop
 endfacet
 facet normal  4.310485e-01 -6.581725e-01  6.172570e-01
   outer loop
     vertex  2.718836e+01  6.052362e+00  5.801607e+00
     vertex  2.584134e+01  5.960735e+00  6.644568e+00
     vertex  2.485535e+01  2.417888e+00  3.555427e+00
   endloop
 endfacet
 facet normal  4.315447e-01 -6.569804e-01  6.181795e-01
   outer loop
     vertex  2.718836e+01  6.052362e+00  5.801607e+00
     vertex  2.862099e+01  9.626781e+00  8.600277e+00
     vertex  2.738232e+01  9.542525e+00  9.375437e+00
   endloop
 endfacet
 facet normal -7.844348e-01 -6.047471e-01  1.376332e-01
   outer loop
     vertex  5.705106e+01  3.380396e+01  3.595352e+01
     vertex  5.433247e+01  3.756873e+01  3.700105e+01
     vertex  5.690942e+01  3.386335e+01  3.540720e+01
   endloop
 endfacet
 facet normal -7.179441e-01 -6.234432e-01  3.096367e-01
   outer loop
     vertex  5.859936e+01  3.039223e+01  3.165811e+01
     vertex  5.583334e+01  3.414637e+01  3.280344e+01
     vertex  5.827722e+01  3.045884e+01  3.104529e+01
   endloop
 endfacet
 facet normal -7.179441e-01 -6.234432e-01  3.096367e-01
   outer loop
     vertex  5.859936e+01  3.039223e+01  3.165811e+01
     vertex  5.609618e+01  3.409202e+01  3.330346e+01
     vertex  5.583334e+01  3.414637e+01  3.280344e+01
   endloop
 endfacet
 facet normal -6.138657e-01 -6.400166e-01  4.621122e-01
   outer loop
     vertex  5.887381e+01  2.706549e+01  2.658084e+01
     vertex  5.626327e+01  3.076423e+01  2.823572e+01
     vertex  5.833645e+01  2.713293e+01  2.596042e+01
   endloop
 endfacet
 facet normal -6.138657e-01 -6.400166e-01  4.621122e-01
   outer loop
     vertex  5.887381e+01  2.706549e+01  2.658084e+01
     vertex  5.671709e+01  3.070728e+01  2.875969e+01
     vertex  5.626327e+01  3.076423e+01  2.823572e+01
   endloop
 endfacet
 facet normal -4.776486e-01 -6.535997e-01  5.870768e-01
   outer loop
     vertex  5.761606e+01  2.378018e+01  2.112232e+01
     vertex  5.591872e+01  2.737401e+01  2.374241e+01
     vertex  5.525357e+01  2.742649e+01  2.325966e+01
   endloop
 endfacet
 facet normal -4.776486e-01 -6.535997e-01  5.870768e-01
   outer loop
     vertex  5.761606e+01  2.378018e+01  2.112232e+01
     vertex  5.525357e+01  2.742649e+01  2.325966e+01
     vertex  5.684752e+01  2.384081e+01  2.056453e+01
   endloop
 endfacet
 facet normal -3.502802e-01 -6.618290e-01  6.627866e-01
   outer loop
     vertex  5.469019e+01  2.048506e+01  1.575412e+01
     vertex  5.439910e+01  2.399901e+01  1.910915e+01
     vertex  5.354109e+01  2.404347e+01  1.870009e+01
   endloop
 endfacet
 facet normal -3.164245e-01 -6.634814e-01  6.779882e-01
   outer loop
     vertex  5.469019e+01  2.048506e+01  1.575412e+01
     vertex  5.354109e+01  2.404347e+01  1.870009e+01
     vertex  5.266512e+01  2.408363e+01  1.833057e+01
   endloop
 endfacet
 facet normal -3.164245e-01 -6.634814e-01  6.779882e-01
   outer loop
     vertex  5.469019e+01  2.048506e+01  1.575412e+01
     vertex  5.266512e+01  2.408363e+01  1.833057e+01
     vertex  5.369637e+01  2.053063e+01  1.533489e+01
   endloop
 endfacet
 facet normal -1.386340e-01 -6.691443e-01  7.300867e-01
   outer loop
     vertex  5.010036e+01  1.712501e+01  1.098326e+01
     vertex  4.955965e+01  2.066239e+01  1.412269e+01
     vertex  4.891056e+01  1.714734e+01  1.077780e+01
   endloop
 endfacet
 facet normal  4.641452e-02 -6.702919e-01  7.406447e-01
   outer loop
     vertex  4.399838e+01  1.364536e+01  7.312670e+00
     vertex  4.409439e+01  1.717721e+01  1.050301e+01
     vertex  4.266495e+01  1.363709e+01  7.388749e+00
   endloop
 endfacet
 facet normal  2.290331e-01 -6.668641e-01  7.091094e-01
   outer loop
     vertex  3.668046e+01  9.996326e+00  5.200471e+00
     vertex  3.740815e+01  1.353842e+01  8.296513e+00
     vertex  3.612701e+01  1.349762e+01  8.671929e+00
   endloop
 endfacet
 facet normal  1.931686e-01 -6.679105e-01  7.187360e-01
   outer loop
     vertex  3.668046e+01  9.996326e+00  5.200471e+00
     vertex  3.870525e+01  1.357284e+01  7.979884e+00
     vertex  3.740815e+01  1.353842e+01  8.296513e+00
   endloop
 endfacet
 facet normal  2.290331e-01 -6.668641e-01  7.091094e-01
   outer loop
     vertex  3.668046e+01  9.996326e+00  5.200471e+00
     vertex  3.612701e+01  1.349762e+01  8.671929e+00
     vertex  3.527652e+01  9.951608e+00  5.611871e+00
   endloop
 endfacet
 facet normal  3.991822e-01 -6.602790e-01  6.361487e-01
   outer loop
     vertex  2.857284e+01  6.137218e+00  5.020926e+00
     vertex  2.718836e+01  6.052362e+00  5.801607e+00
     vertex  2.658802e+01  2.530161e+00  2.522517e+00
   endloop
 endfacet
 facet normal  3.669362e-01 -6.609404e-01  6.546111e-01
   outer loop
     vertex  2.857284e+01  6.137218e+00  5.020926e+00
     vertex  3.119900e+01  9.776455e+00  7.223280e+00
     vertex  2.989411e+01  9.704813e+00  7.882388e+00
   endloop
 endfacet
 facet normal  3.996607e-01 -6.590405e-01  6.371318e-01
   outer loop
     vertex  2.857284e+01  6.137218e+00  5.020926e+00
     vertex  2.989411e+01  9.704813e+00  7.882388e+00
     vertex  2.862099e+01  9.626781e+00  8.600277e+00
   endloop
 endfacet
 facet normal  3.882812e-01 -6.594899e-01  6.436697e-01
   outer loop
     vertex  2.857284e+01  6.137218e+00  5.020926e+00
     vertex  2.658802e+01  2.530161e+00  2.522517e+00
     vertex  2.747471e+01  2.582474e+00  2.041235e+00
   endloop
 endfacet
 facet normal  3.686969e-01 -6.613954e-01  6.531605e-01
   outer loop
     vertex  2.857284e+01  6.137218e+00  5.020926e+00
     vertex  2.747471e+01  2.582474e+00  2.041235e+00
     vertex  2.837413e+01  2.632188e+00  1.583873e+00
   endloop
 endfacet
 facet normal  3.996607e-01 -6.590405e-01  6.371318e-01
   outer loop
     vertex  2.857284e+01  6.137218e+00  5.020926e+00
     vertex  2.862099e+01  9.626781e+00  8.600277e+00
     vertex  2.718836e+01  6.052362e+00  5.801607e+00
   endloop
 endfacet
 facet normal -7.928791e-01 -6.008380e-01  1.016688e-01
   outer loop
     vertex  5.716735e+01  3.374394e+01  3.650573e+01
     vertex  5.442253e+01  3.752225e+01  3.742868e+01
     vertex  5.433247e+01  3.756873e+01  3.700105e+01
   endloop
 endfacet
 facet normal -7.928791e-01 -6.008380e-01  1.016688e-01
   outer loop
     vertex  5.716735e+01  3.374394e+01  3.650573e+01
     vertex  5.433247e+01  3.756873e+01  3.700105e+01
     vertex  5.705106e+01  3.380396e+01  3.595352e+01
   endloop
 endfacet
 facet normal -7.996558e-01 -5.968911e-01  6.535731e-02
   outer loop
     vertex  5.716735e+01  3.374394e+01  3.650573e+01
     vertex  5.449277e+01  3.747537e+01  3.785997e+01
     vertex  5.442253e+01  3.752225e+01  3.742868e+01
   endloop
 endfacet
 facet normal -7.343905e-01 -6.198437e-01  2.765219e-01
   outer loop
     vertex  5.889290e+01  3.032410e+01  3.228496e+01
     vertex  5.609618e+01  3.409202e+01  3.330346e+01
     vertex  5.859936e+01  3.039223e+01  3.165811e+01
   endloop
 endfacet
 facet normal -7.343905e-01 -6.198437e-01  2.765219e-01
   outer loop
     vertex  5.889290e+01  3.032410e+01  3.228496e+01
     vertex  5.633569e+01  3.403642e+01  3.381493e+01
     vertex  5.609618e+01  3.409202e+01  3.330346e+01
   endloop
 endfacet
 facet normal -7.492924e-01 -6.161666e-01  2.426924e-01
   outer loop
     vertex  5.889290e+01  3.032410e+01  3.228496e+01
     vertex  5.655136e+01  3.397970e+01  3.433678e+01
     vertex  5.633569e+01  3.403642e+01  3.381493e+01
   endloop
 endfacet
 facet normal -6.374532e-01 -6.369154e-01  4.335808e-01
   outer loop
     vertex  5.938199e+01  2.699546e+01  2.722511e+01
     vertex  5.671709e+01  3.070728e+01  2.875969e+01
     vertex  5.887381e+01  2.706549e+01  2.658084e+01
   endloop
 endfacet
 facet normal -6.374532e-01 -6.369154e-01  4.335808e-01
   outer loop
     vertex  5.938199e+01  2.699546e+01  2.722511e+01
     vertex  5.714628e+01  3.064814e+01  2.930380e+01
     vertex  5.671709e+01  3.070728e+01  2.875969e+01
   endloop
 endfacet
 facet normal -6.597001e-01 -6.337005e-01  4.040043e-01
   outer loop
     vertex  5.938199e+01  2.699546e+01  2.722511e+01
     vertex  5.754992e+01  3.058693e+01  2.986690e+01
     vertex  5.714628e+01  3.064814e+01  2.930380e+01
   endloop
 endfacet
 facet normal -5.071423e-01 -6.511590e-01  5.646225e-01
   outer loop
     vertex  5.835808e+01  2.371581e+01  2.171456e+01
     vertex  5.656091e+01  2.731830e+01  2.425497e+01
     vertex  5.591872e+01  2.737401e+01  2.374241e+01
   endloop
 endfacet
 facet normal -5.071423e-01 -6.511590e-01  5.646225e-01
   outer loop
     vertex  5.835808e+01  2.371581e+01  2.171456e+01
     vertex  5.591872e+01  2.737401e+01  2.374241e+01
     vertex  5.761606e+01  2.378018e+01  2.112232e+01
   endloop
 endfacet
 facet normal -3.833992e-01 -6.600107e-01  6.460580e-01
   outer loop
     vertex  5.566364e+01  2.043461e+01  1.621821e+01
     vertex  5.523734e+01  2.395034e+01  1.955688e+01
     vertex  5.439910e+01  2.399901e+01  1.910915e+01
   endloop
 endfacet
 facet normal -3.502802e-01 -6.618290e-01  6.627866e-01
   outer loop
     vertex  5.566364e+01  2.043461e+01  1.621821e+01
     vertex  5.439910e+01  2.399901e+01  1.910915e+01
     vertex  5.469019e+01  2.048506e+01  1.575412e+01
   endloop
 endfacet
 facet normal -2.111564e-01 -6.674095e-01  7.141271e-01
   outer loop
     vertex  5.127943e+01  1.709680e+01  1.124273e+01
     vertex  5.165599e+01  2.060677e+01  1.463442e+01
     vertex  5.061373e+01  2.063717e+01  1.435466e+01
   endloop
 endfacet
 facet normal -1.750793e-01 -6.683668e-01  7.229337e-01
   outer loop
     vertex  5.127943e+01  1.709680e+01  1.124273e+01
     vertex  5.061373e+01  2.063717e+01  1.435466e+01
     vertex  4.955965e+01  2.066239e+01  1.412269e+01
   endloop
 endfacet
 facet normal -1.750793e-01 -6.683668e-01  7.229337e-01
   outer loop
     vertex  5.127943e+01  1.709680e+01  1.124273e+01
     vertex  4.955965e+01  2.066239e+01  1.412269e+01
     vertex  5.010036e+01  1.712501e+01  1.098326e+01
   endloop
 endfacet
 facet normal  9.287786e-03 -6.704299e-01  7.419147e-01
   outer loop
     vertex  4.533393e+01  1.364702e+01  7.297446e+00
     vertex  4.409439e+01  1.717721e+01  1.050301e+01
     vertex  4.399838e+01  1.364536e+01  7.312670e+00
   endloop
 endfacet
 facet normal  9.287786e-03 -6.704299e-01  7.419147e-01
   outer loop
     vertex  4.533393e+01  1.364702e+01  7.297446e+00
     vertex  4.530192e+01  1.717870e+01  1.048925e+01
     vertex  4.409439e+01  1.717721e+01  1.050301e+01
   endloop
 endfacet
 facet normal  1.931686e-01 -6.679105e-01  7.187360e-01
   outer loop
     vertex  3.810189e+01  1.003404e+01  4.853493e+00
     vertex  3.870525e+01  1.357284e+01  7.979884e+00
     vertex  3.668046e+01  9.996326e+00  5.200471e+00
   endloop
 endfacet
 facet normal  3.494503e-01 -6.615416e-01  6.635113e-01
   outer loop
     vertex  2.999186e+01  6.215127e+00  4.304168e+00
     vertex  2.837413e+01  2.632188e+00  1.583873e+00
     vertex  2.928561e+01  2.679265e+00  1.150764e+00
   endloop
 endfacet
 facet normal  3.665885e-01 -6.619191e-01  6.538164e-01
   outer loop
     vertex  2.999186e+01  6.215127e+00  4.304168e+00
     vertex  2.857284e+01  6.137218e+00  5.020926e+00
     vertex  2.837413e+01  2.632188e+00  1.583873e+00
   endloop
 endfacet
 facet normal  3.669362e-01 -6.609404e-01  6.546111e-01
   outer loop
     vertex  2.999186e+01  6.215127e+00  4.304168e+00
     vertex  3.119900e+01  9.776455e+00  7.223280e+00
     vertex  2.857284e+01  6.137218e+00  5.020926e+00
   endloop
 endfacet
 facet normal -7.996558e-01 -5.968911e-01  6.535731e-02
   outer loop
     vertex  5.725805e+01  3.368341e+01  3.706265e+01
     vertex  5.449277e+01  3.747537e+01  3.785997e+01
     vertex  5.716735e+01  3.374394e+01  3.650573e+01
   endloop
 endfacet
 facet normal -7.492924e-01 -6.161666e-01  2.426924e-01
   outer loop
     vertex  5.915722e+01  3.025458e+01  3.292453e+01
     vertex  5.655136e+01  3.397970e+01  3.433678e+01
     vertex  5.889290e+01  3.032410e+01  3.228496e+01
   endloop
 endfacet
 facet normal -6.597001e-01 -6.337005e-01  4.040043e-01
   outer loop
     vertex  5.985993e+01  2.692299e+01  2.789185e+01
     vertex  5.754992e+01  3.058693e+01  2.986690e+01
     vertex  5.938199e+01  2.699546e+01  2.722511e+01
   endloop
 endfacet
 facet normal -5.628702e-01 -6.458525e-01  5.158020e-01
   outer loop
     vertex  5.907201e+01  2.364783e+01  2.233999e+01
     vertex  5.777105e+01  2.719763e+01  2.536514e+01
     vertex  5.717879e+01  2.725946e+01  2.479626e+01
   endloop
 endfacet
 facet normal -5.355694e-01 -6.485748e-01  5.408476e-01
   outer loop
     vertex  5.907201e+01  2.364783e+01  2.233999e+01
     vertex  5.717879e+01  2.725946e+01  2.479626e+01
     vertex  5.656091e+01  2.731830e+01  2.425497e+01
   endloop
 endfacet
 facet normal -5.355694e-01 -6.485748e-01  5.408476e-01
   outer loop
     vertex  5.907201e+01  2.364783e+01  2.233999e+01
     vertex  5.656091e+01  2.731830e+01  2.425497e+01
     vertex  5.835808e+01  2.371581e+01  2.171456e+01
   endloop
 endfacet
 facet normal -3.833992e-01 -6.600107e-01  6.460580e-01
   outer loop
     vertex  5.661465e+01  2.037940e+01  1.672618e+01
     vertex  5.523734e+01  2.395034e+01  1.955688e+01
     vertex  5.566364e+01  2.043461e+01  1.621821e+01
   endloop
 endfacet
 facet normal -2.111564e-01 -6.674095e-01  7.141271e-01
   outer loop
     vertex  5.244529e+01  1.706279e+01  1.155567e+01
     vertex  5.165599e+01  2.060677e+01  1.463442e+01
     vertex  5.127943e+01  1.709680e+01  1.124273e+01
   endloop
 endfacet
 facet normal -2.785848e-02 -6.703839e-01  7.414913e-01
   outer loop
     vertex  4.666877e+01  1.364205e+01  7.343109e+00
     vertex  4.530192e+01  1.717870e+01  1.048925e+01
     vertex  4.533393e+01  1.364702e+01  7.297446e+00
   endloop
 endfacet
 facet normal -6.494615e-02 -6.701539e-01  7.393753e-01
   outer loop
     vertex  4.666877e+01  1.364205e+01  7.343109e+00
     vertex  4.771254e+01  1.716375e+01  1.062679e+01
     vertex  4.650882e+01  1.717422e+01  1.053054e+01
   endloop
 endfacet
 facet normal -2.785848e-02 -6.703839e-01  7.414913e-01
   outer loop
     vertex  4.666877e+01  1.364205e+01  7.343109e+00
     vertex  4.650882e+01  1.717422e+01  1.053054e+01
     vertex  4.530192e+01  1.717870e+01  1.048925e+01
   endloop
 endfacet
 facet normal  1.202973e-01 -6.694651e-01  7.330382e-01
   outer loop
     vertex  3.953783e+01  1.006467e+01  4.571665e+00
     vertex  4.133642e+01  1.362223e+01  7.525524e+00
     vertex  4.001559e+01  1.360079e+01  7.722708e+00
   endloop
 endfacet
 facet normal  1.568979e-01 -6.687781e-01  7.267179e-01
   outer loop
     vertex  3.953783e+01  1.006467e+01  4.571665e+00
     vertex  3.870525e+01  1.357284e+01  7.979884e+00
     vertex  3.810189e+01  1.003404e+01  4.853493e+00
   endloop
 endfacet
 facet normal  1.568979e-01 -6.687781e-01  7.267179e-01
   outer loop
     vertex  3.953783e+01  1.006467e+01  4.571665e+00
     vertex  4.001559e+01  1.360079e+01  7.722708e+00
     vertex  3.870525e+01  1.357284e+01  7.979884e+00
   endloop
 endfacet
 facet normal  2.992426e-01 -6.642442e-01  6.850062e-01
   outer loop
     vertex  3.144244e+01  6.285923e+00  3.652840e+00
     vertex  3.389304e+01  9.899983e+00  6.086827e+00
     vertex  3.253291e+01  9.841557e+00  6.624340e+00
   endloop
 endfacet
 facet normal  3.334400e-01 -6.626762e-01  6.705804e-01
   outer loop
     vertex  3.144244e+01  6.285923e+00  3.652840e+00
     vertex  3.253291e+01  9.841557e+00  6.624340e+00
     vertex  3.119900e+01  9.776455e+00  7.223280e+00
   endloop
 endfacet
 facet normal  2.900043e-01 -6.637685e-01  6.894265e-01
   outer loop
     vertex  3.144244e+01  6.285923e+00  3.652840e+00
     vertex  3.020849e+01  2.723672e+00  7.422201e-01
     vertex  3.306339e+01  3.200085e+00  0.000000e+00
   endloop
 endfacet
 facet normal  3.294114e-01 -6.632126e-01  6.720395e-01
   outer loop
     vertex  3.144244e+01  6.285923e+00  3.652840e+00
     vertex  2.928561e+01  2.679265e+00  1.150764e+00
     vertex  3.020849e+01  2.723672e+00  7.422201e-01
   endloop
 endfacet
 facet normal  3.330865e-01 -6.637694e-01  6.696742e-01
   outer loop
     vertex  3.144244e+01  6.285923e+00  3.652840e+00
     vertex  2.999186e+01  6.215127e+00  4.304168e+00
     vertex  2.928561e+01  2.679265e+00  1.150764e+00
   endloop
 endfacet
 facet normal  2.552086e-01 -6.798177e-01  6.875438e-01
   outer loop
     vertex  3.144244e+01  6.285923e+00  3.652840e+00
     vertex  3.306339e+01  3.200085e+00  0.000000e+00
     vertex  3.403487e+01  3.564785e+00  0.000000e+00
   endloop
 endfacet
 facet normal  3.334400e-01 -6.626762e-01  6.705804e-01
   outer loop
     vertex  3.144244e+01  6.285923e+00  3.652840e+00
     vertex  3.119900e+01  9.776455e+00  7.223280e+00
     vertex  2.999186e+01  6.215127e+00  4.304168e+00
   endloop
 endfacet
 facet normal -8.047510e-01 -5.929147e-01  2.877514e-02
   outer loop
     vertex  5.732298e+01  3.362249e+01  3.762313e+01
     vertex  5.454305e+01  3.742819e+01  3.829400e+01
     vertex  5.449277e+01  3.747537e+01  3.785997e+01
   endloop
 endfacet
 facet normal -8.047510e-01 -5.929147e-01  2.877514e-02
   outer loop
     vertex  5.732298e+01  3.362249e+01  3.762313e+01
     vertex  5.449277e+01  3.747537e+01  3.785997e+01
     vertex  5.725805e+01  3.368341e+01  3.706265e+01
   endloop
 endfacet
 facet normal -8.081537e-01 -5.889174e-01 -8.000783e-03
   outer loop
     vertex  5.732298e+01  3.362249e+01  3.762313e+01
     vertex  5.457326e+01  3.738081e+01  3.872988e+01
     vertex  5.454305e+01  3.742819e+01  3.829400e+01
   endloop
 endfacet
 facet normal -7.626186e-01 -6.124195e-01  2.082192e-01
   outer loop
     vertex  5.939177e+01  3.018382e+01  3.357548e+01
     vertex  5.674274e+01  3.392197e+01  3.486791e+01
     vertex  5.655136e+01  3.397970e+01  3.433678e+01
   endloop
 endfacet
 facet normal -7.626186e-01 -6.124195e-01  2.082192e-01
   outer loop
     vertex  5.939177e+01  3.018382e+01  3.357548e+01
     vertex  5.655136e+01  3.397970e+01  3.433678e+01
     vertex  5.915722e+01  3.025458e+01  3.292453e+01
   endloop
 endfacet
 facet normal -6.805596e-01 -6.303789e-01  3.734450e-01
   outer loop
     vertex  6.030661e+01  2.684822e+01  2.857968e+01
     vertex  5.754992e+01  3.058693e+01  2.986690e+01
     vertex  5.985993e+01  2.692299e+01  2.789185e+01
   endloop
 endfacet
 facet normal -6.805596e-01 -6.303789e-01  3.734450e-01
   outer loop
     vertex  6.030661e+01  2.684822e+01  2.857968e+01
     vertex  5.792716e+01  3.052379e+01  3.044781e+01
     vertex  5.754992e+01  3.058693e+01  2.986690e+01
   endloop
 endfacet
 facet normal -5.628702e-01 -6.458525e-01  5.158020e-01
   outer loop
     vertex  5.975634e+01  2.357638e+01  2.299731e+01
     vertex  5.777105e+01  2.719763e+01  2.536514e+01
     vertex  5.907201e+01  2.364783e+01  2.233999e+01
   endloop
 endfacet
 facet normal -4.157120e-01 -6.580302e-01  6.278374e-01
   outer loop
     vertex  5.754124e+01  2.031953e+01  1.727696e+01
     vertex  5.523734e+01  2.395034e+01  1.955688e+01
     vertex  5.661465e+01  2.037940e+01  1.672618e+01
   endloop
 endfacet
 facet normal -4.157120e-01 -6.580302e-01  6.278374e-01
   outer loop
     vertex  5.754124e+01  2.031953e+01  1.727696e+01
     vertex  5.605405e+01  2.389757e+01  2.004235e+01
     vertex  5.523734e+01  2.395034e+01  1.955688e+01
   endloop
 endfacet
 facet normal -2.467893e-01 -6.662746e-01  7.036855e-01
   outer loop
     vertex  5.359550e+01  1.702303e+01  1.192142e+01
     vertex  5.268426e+01  2.057123e+01  1.496139e+01
     vertex  5.165599e+01  2.060677e+01  1.463442e+01
   endloop
 endfacet
 facet normal -2.467893e-01 -6.662746e-01  7.036855e-01
   outer loop
     vertex  5.359550e+01  1.702303e+01  1.192142e+01
     vertex  5.165599e+01  2.060677e+01  1.463442e+01
     vertex  5.244529e+01  1.706279e+01  1.155567e+01
   endloop
 endfacet
 facet normal -6.494615e-02 -6.701539e-01  7.393753e-01
   outer loop
     vertex  4.800011e+01  1.363048e+01  7.449565e+00
     vertex  4.771254e+01  1.716375e+01  1.062679e+01
     vertex  4.666877e+01  1.364205e+01  7.343109e+00
   endloop
 endfacet
 facet normal  1.202973e-01 -6.694651e-01  7.330382e-01
   outer loop
     vertex  4.098526e+01  1.008816e+01  4.355582e+00
     vertex  4.133642e+01  1.362223e+01  7.525524e+00
     vertex  3.953783e+01  1.006467e+01  4.571665e+00
   endloop
 endfacet
 facet normal  3.038310e-01 -6.480391e-01  6.983781e-01
   outer loop
     vertex  3.292154e+01  6.349459e+00  3.068312e+00
     vertex  3.144244e+01  6.285923e+00  3.652840e+00
     vertex  3.403487e+01  3.564785e+00  0.000000e+00
   endloop
 endfacet
 facet normal  2.992426e-01 -6.642442e-01  6.850062e-01
   outer loop
     vertex  3.292154e+01  6.349459e+00  3.068312e+00
     vertex  3.389304e+01  9.899983e+00  6.086827e+00
     vertex  3.144244e+01  6.285923e+00  3.652840e+00
   endloop
 endfacet
 facet normal  2.337575e-01 -6.762744e-01  6.985774e-01
   outer loop
     vertex  3.292154e+01  6.349459e+00  3.068312e+00
     vertex  3.403487e+01  3.564785e+00  0.000000e+00
     vertex  3.500071e+01  3.898633e+00  0.000000e+00
   endloop
 endfacet
 facet normal -8.098568e-01 -5.849073e-01 -4.489313e-02
   outer loop
     vertex  5.736199e+01  3.356131e+01  3.818597e+01
     vertex  5.737500e+01  3.350000e+01  3.875000e+01
     vertex  5.458333e+01  3.733333e+01  3.916667e+01
   endloop
 endfacet
 facet normal -8.098568e-01 -5.849073e-01 -4.489313e-02
   outer loop
     vertex  5.736199e+01  3.356131e+01  3.818597e+01
     vertex  5.458333e+01  3.733333e+01  3.916667e+01
     vertex  5.457326e+01  3.738081e+01  3.872988e+01
   endloop
 endfacet
 facet normal -8.081537e-01 -5.889174e-01 -8.000783e-03
   outer loop
     vertex  5.736199e+01  3.356131e+01  3.818597e+01
     vertex  5.457326e+01  3.738081e+01  3.872988e+01
     vertex  5.732298e+01  3.362249e+01  3.762313e+01
   endloop
 endfacet
 facet normal -7.743409e-01 -6.086104e-01  1.731749e-01
   outer loop
     vertex  5.959606e+01  3.011198e+01  3.423643e+01
     vertex  5.674274e+01  3.392197e+01  3.486791e+01
     vertex  5.939177e+01  3.018382e+01  3.357548e+01
   endloop
 endfacet
 facet normal -7.743409e-01 -6.086104e-01  1.731749e-01
   outer loop
     vertex  5.959606e+01  3.011198e+01  3.423643e+01
     vertex  5.690942e+01  3.386335e+01  3.540720e+01
     vertex  5.674274e+01  3.392197e+01  3.486791e+01
   endloop
 endfacet
 facet normal -6.999879e-01 -6.269573e-01  3.419670e-01
   outer loop
     vertex  6.072111e+01  2.677132e+01  2.928715e+01
     vertex  5.827722e+01  3.045884e+01  3.104529e+01
     vertex  5.792716e+01  3.052379e+01  3.044781e+01
   endloop
 endfacet
 facet normal -6.999879e-01 -6.269573e-01  3.419670e-01
   outer loop
     vertex  6.072111e+01  2.677132e+01  2.928715e+01
     vertex  5.792716e+01  3.052379e+01  3.044781e+01
     vertex  6.030661e+01  2.684822e+01  2.857968e+01
   endloop
 endfacet
 facet normal -5.889873e-01 -6.429977e-01  4.895385e-01
   outer loop
     vertex  6.040964e+01  2.350162e+01  2.368513e+01
     vertex  5.833645e+01  2.713293e+01  2.596042e+01
     vertex  5.777105e+01  2.719763e+01  2.536514e+01
   endloop
 endfacet
 facet normal -5.889873e-01 -6.429977e-01  4.895385e-01
   outer loop
     vertex  6.040964e+01  2.350162e+01  2.368513e+01
     vertex  5.777105e+01  2.719763e+01  2.536514e+01
     vertex  5.975634e+01  2.357638e+01  2.299731e+01
   endloop
 endfacet
 facet normal -4.471505e-01 -6.558917e-01  6.081632e-01
   outer loop
     vertex  5.844146e+01  2.025514e+01  1.786939e+01
     vertex  5.684752e+01  2.384081e+01  2.056453e+01
     vertex  5.605405e+01  2.389757e+01  2.004235e+01
   endloop
 endfacet
 facet normal -4.471505e-01 -6.558917e-01  6.081632e-01
   outer loop
     vertex  5.844146e+01  2.025514e+01  1.786939e+01
     vertex  5.605405e+01  2.389757e+01  2.004235e+01
     vertex  5.754124e+01  2.031953e+01  1.727696e+01
   endloop
 endfacet
 facet normal -2.819033e-01 -6.649643e-01  6.916307e-01
   outer loop
     vertex  5.472762e+01  1.697762e+01  1.233920e+01
     vertex  5.268426e+01  2.057123e+01  1.496139e+01
     vertex  5.359550e+01  1.702303e+01  1.192142e+01
   endloop
 endfacet
 facet normal -2.819033e-01 -6.649643e-01  6.916307e-01
   outer loop
     vertex  5.472762e+01  1.697762e+01  1.233920e+01
     vertex  5.369637e+01  2.053063e+01  1.533489e+01
     vertex  5.268426e+01  2.057123e+01  1.496139e+01
   endloop
 endfacet
 facet normal -1.018972e-01 -6.697404e-01  7.355710e-01
   outer loop
     vertex  4.932513e+01  1.361233e+01  7.616588e+00
     vertex  4.771254e+01  1.716375e+01  1.062679e+01
     vertex  4.800011e+01  1.363048e+01  7.449565e+00
   endloop
 endfacet
 facet normal -1.018972e-01 -6.697404e-01  7.355710e-01
   outer loop
     vertex  4.932513e+01  1.361233e+01  7.616588e+00
     vertex  4.891056e+01  1.714734e+01  1.077780e+01
     vertex  4.771254e+01  1.716375e+01  1.062679e+01
   endloop
 endfacet
 facet normal -1.386340e-01 -6.691443e-01  7.300867e-01
   outer loop
     vertex  4.932513e+01  1.361233e+01  7.616588e+00
     vertex  5.010036e+01  1.712501e+01  1.098326e+01
     vertex  4.891056e+01  1.714734e+01  1.077780e+01
   endloop
 endfacet
 facet normal  8.344364e-02 -6.699700e-01  7.376838e-01
   outer loop
     vertex  4.244113e+01  1.010445e+01  4.205697e+00
     vertex  4.133642e+01  1.362223e+01  7.525524e+00
     vertex  4.098526e+01  1.008816e+01  4.355582e+00
   endloop
 endfacet
 facet normal  8.344364e-02 -6.699700e-01  7.376838e-01
   outer loop
     vertex  4.244113e+01  1.010445e+01  4.205697e+00
     vertex  4.266495e+01  1.363709e+01  7.388749e+00
     vertex  4.133642e+01  1.362223e+01  7.525524e+00
   endloop
 endfacet
 facet normal  4.641452e-02 -6.702919e-01  7.406447e-01
   outer loop
     vertex  4.244113e+01  1.010445e+01  4.205697e+00
     vertex  4.399838e+01  1.364536e+01  7.312670e+00
     vertex  4.266495e+01  1.363709e+01  7.388749e+00
   endloop
 endfacet
 facet normal  2.644159e-01 -6.656412e-01  6.978582e-01
   outer loop
     vertex  3.442604e+01  6.405600e+00  2.551812e+00
     vertex  3.527652e+01  9.951608e+00  5.611871e+00
     vertex  3.389304e+01  9.899983e+00  6.086827e+00
   endloop
 endfacet
 facet normal  2.666506e-01 -6.568193e-01  7.053268e-01
   outer loop
     vertex  3.442604e+01  6.405600e+00  2.551812e+00
     vertex  3.292154e+01  6.349459e+00  3.068312e+00
     vertex  3.500071e+01  3.898633e+00  0.000000e+00
   endloop
 endfacet
 facet normal  2.132382e-01 -6.725047e-01  7.087079e-01
   outer loop
     vertex  3.442604e+01  6.405600e+00  2.551812e+00
     vertex  3.500071e+01  3.898633e+00  0.000000e+00
     vertex  3.586557e+01  4.172861e+00  0.000000e+00
   endloop
 endfacet
 facet normal  2.644159e-01 -6.656412e-01  6.978582e-01
   outer loop
     vertex  3.442604e+01  6.405600e+00  2.551812e+00
     vertex  3.389304e+01  9.899983e+00  6.086827e+00
     vertex  3.292154e+01  6.349459e+00  3.068312e+00
   endloop
 endfacet
 facet normal -7.844348e-01 -6.047471e-01  1.376332e-01
   outer loop
     vertex  5.976964e+01  3.003920e+01  3.490600e+01
     vertex  5.705106e+01  3.380396e+01  3.595352e+01
     vertex  5.690942e+01  3.386335e+01  3.540720e+01
   endloop
 endfacet
 facet normal -7.844348e-01 -6.047471e-01  1.376332e-01
   outer loop
     vertex  5.976964e+01  3.003920e+01  3.490600e+01
     vertex  5.690942e+01  3.386335e+01  3.540720e+01
     vertex  5.959606e+01  3.011198e+01  3.423643e+01
   endloop
 endfacet
 facet normal -7.179441e-01 -6.234432e-01  3.096367e-01
   outer loop
     vertex  6.110254e+01  2.669245e+01  3.001276e+01
     vertex  5.859936e+01  3.039223e+01  3.165811e+01
     vertex  5.827722e+01  3.045884e+01  3.104529e+01
   endloop
 endfacet
 facet normal -7.179441e-01 -6.234432e-01  3.096367e-01
   outer loop
     vertex  6.110254e+01  2.669245e+01  3.001276e+01
     vertex  5.827722e+01  3.045884e+01  3.104529e+01
     vertex  6.072111e+01  2.677132e+01  2.928715e+01
   endloop
 endfacet
 facet normal -6.138657e-01 -6.400166e-01  4.621122e-01
   outer loop
     vertex  6.103053e+01  2.342370e+01  2.440200e+01
     vertex  5.833645e+01  2.713293e+01  2.596042e+01
     vertex  6.040964e+01  2.350162e+01  2.368513e+01
   endloop
 endfacet
 facet normal -6.138657e-01 -6.400166e-01  4.621122e-01
   outer loop
     vertex  6.103053e+01  2.342370e+01  2.440200e+01
     vertex  5.887381e+01  2.706549e+01  2.658084e+01
     vertex  5.833645e+01  2.713293e+01  2.596042e+01
   endloop
 endfacet
 facet normal -5.071423e-01 -6.511590e-01  5.646225e-01
   outer loop
     vertex  5.931341e+01  2.018635e+01  1.850223e+01
     vertex  5.835808e+01  2.371581e+01  2.171456e+01
     vertex  5.761606e+01  2.378018e+01  2.112232e+01
   endloop
 endfacet
 facet normal -4.776486e-01 -6.535997e-01  5.870768e-01
   outer loop
     vertex  5.931341e+01  2.018635e+01  1.850223e+01
     vertex  5.684752e+01  2.384081e+01  2.056453e+01
     vertex  5.844146e+01  2.025514e+01  1.786939e+01
   endloop
 endfacet
 facet normal -4.776486e-01 -6.535997e-01  5.870768e-01
   outer loop
     vertex  5.931341e+01  2.018635e+01  1.850223e+01
     vertex  5.761606e+01  2.378018e+01  2.112232e+01
     vertex  5.684752e+01  2.384081e+01  2.056453e+01
   endloop
 endfacet
 facet normal -3.164245e-01 -6.634814e-01  6.779882e-01
   outer loop
     vertex  5.583930e+01  1.692665e+01  1.280815e+01
     vertex  5.469019e+01  2.048506e+01  1.575412e+01
     vertex  5.369637e+01  2.053063e+01  1.533489e+01
   endloop
 endfacet
 facet normal -3.164245e-01 -6.634814e-01  6.779882e-01
   outer loop
     vertex  5.583930e+01  1.692665e+01  1.280815e+01
     vertex  5.369637e+01  2.053063e+01  1.533489e+01
     vertex  5.472762e+01  1.697762e+01  1.233920e+01
   endloop
 endfacet
 facet normal -1.386340e-01 -6.691443e-01  7.300867e-01
   outer loop
     vertex  5.064106e+01  1.358763e+01  7.843828e+00
     vertex  5.010036e+01  1.712501e+01  1.098326e+01
     vertex  4.932513e+01  1.361233e+01  7.616588e+00
   endloop
 endfacet
 facet normal  4.641452e-02 -6.702919e-01  7.406447e-01
   outer loop
     vertex  4.390238e+01  1.011352e+01  4.122325e+00
     vertex  4.399838e+01  1.364536e+01  7.312670e+00
     vertex  4.244113e+01  1.010445e+01  4.205697e+00
   endloop
 endfacet
 facet normal  2.295238e-01 -6.646525e-01  7.110245e-01
   outer loop
     vertex  3.595277e+01  6.454229e+00  2.104429e+00
     vertex  3.442604e+01  6.405600e+00  2.551812e+00
     vertex  3.586557e+01  4.172861e+00  0.000000e+00
   endloop
 endfacet
 facet normal  2.290331e-01 -6.668641e-01  7.091094e-01
   outer loop
     vertex  3.595277e+01  6.454229e+00  2.104429e+00
     vertex  3.527652e+01  9.951608e+00  5.611871e+00
     vertex  3.442604e+01  6.405600e+00  2.551812e+00
   endloop
 endfacet
 facet normal  2.290331e-01 -6.668641e-01  7.091094e-01
   outer loop
     vertex  3.595277e+01  6.454229e+00  2.104429e+00
     vertex  3.668046e+01  9.996326e+00  5.200471e+00
     vertex  3.527652e+01  9.951608e+00  5.611871e+00
   endloop
 endfacet
 facet normal  1.931686e-01 -6.679105e-01  7.187360e-01
   outer loop
     vertex  3.595277e+01  6.454229e+00  2.104429e+00
     vertex  3.810189e+01  1.003404e+01  4.853493e+00
     vertex  3.668046e+01  9.996326e+00  5.200471e+00
   endloop
 endfacet
 facet normal  1.947782e-01 -6.690542e-01  7.172363e-01
   outer loop
     vertex  3.595277e+01  6.454229e+00  2.104429e+00
     vertex  3.586557e+01  4.172861e+00  0.000000e+00
     vertex  3.664067e+01  4.398515e+00  0.000000e+00
   endloop
 endfacet
 facet normal  1.794513e-01 -6.737635e-01  7.168264e-01
   outer loop
     vertex  3.595277e+01  6.454229e+00  2.104429e+00
     vertex  3.664067e+01  4.398515e+00  0.000000e+00
     vertex  3.741296e+01  4.604208e+00  0.000000e+00
   endloop
 endfacet
 facet normal -7.996558e-01 -5.968911e-01  6.535731e-02
   outer loop
     vertex  5.991217e+01  2.996564e+01  3.558278e+01
     vertex  5.725805e+01  3.368341e+01  3.706265e+01
     vertex  5.716735e+01  3.374394e+01  3.650573e+01
   endloop
 endfacet
 facet normal -7.928791e-01 -6.008380e-01  1.016688e-01
   outer loop
     vertex  5.991217e+01  2.996564e+01  3.558278e+01
     vertex  5.716735e+01  3.374394e+01  3.650573e+01
     vertex  5.705106e+01  3.380396e+01  3.595352e+01
   endloop
 endfacet
 facet normal -7.928791e-01 -6.008380e-01  1.016688e-01
   outer loop
     vertex  5.991217e+01  2.996564e+01  3.558278e+01
     vertex  5.705106e+01  3.380396e+01  3.595352e+01
     vertex  5.976964e+01  3.003920e+01  3.490600e+01
   endloop
 endfacet
 facet normal -7.343905e-01 -6.198437e-01  2.765219e-01
   outer loop
     vertex  6.145011e+01  2.661178e+01  3.075499e+01
     vertex  5.889290e+01  3.032410e+01  3.228496e+01
     vertex  5.859936e+01  3.039223e+01  3.165811e+01
   endloop
 endfacet
 facet normal -7.343905e-01 -6.198437e-01  2.765219e-01
   outer loop
     vertex  6.145011e+01  2.661178e+01  3.075499e+01
     vertex  5.859936e+01  3.039223e+01  3.165811e+01
     vertex  6.110254e+01  2.669245e+01  3.001276e+01
   endloop
 endfacet
 facet normal -7.492924e-01 -6.161666e-01  2.426924e-01
   outer loop
     vertex  6.145011e+01  2.661178e+01  3.075499e+01
     vertex  5.915722e+01  3.025458e+01  3.292453e+01
     vertex  5.889290e+01  3.032410e+01  3.228496e+01
   endloop
 endfacet
 facet normal -6.374532e-01 -6.369154e-01  4.335808e-01
   outer loop
     vertex  6.161771e+01  2.334278e+01  2.514641e+01
     vertex  5.887381e+01  2.706549e+01  2.658084e+01
     vertex  6.103053e+01  2.342370e+01  2.440200e+01
   endloop
 endfacet
 facet normal -6.597001e-01 -6.337005e-01  4.040043e-01
   outer loop
     vertex  6.161771e+01  2.334278e+01  2.514641e+01
     vertex  5.985993e+01  2.692299e+01  2.789185e+01
     vertex  5.938199e+01  2.699546e+01  2.722511e+01
   endloop
 endfacet
 facet normal -6.374532e-01 -6.369154e-01  4.335808e-01
   outer loop
     vertex  6.161771e+01  2.334278e+01  2.514641e+01
     vertex  5.938199e+01  2.699546e+01  2.722511e+01
     vertex  5.887381e+01  2.706549e+01  2.658084e+01
   endloop
 endfacet
 facet normal -5.071423e-01 -6.511590e-01  5.646225e-01
   outer loop
     vertex  6.015525e+01  2.011332e+01  1.917415e+01
     vertex  5.835808e+01  2.371581e+01  2.171456e+01
     vertex  5.931341e+01  2.018635e+01  1.850223e+01
   endloop
 endfacet
 facet normal -3.502802e-01 -6.618290e-01  6.627866e-01
   outer loop
     vertex  5.692817e+01  1.687022e+01  1.332727e+01
     vertex  5.566364e+01  2.043461e+01  1.621821e+01
     vertex  5.469019e+01  2.048506e+01  1.575412e+01
   endloop
 endfacet
 facet normal -3.502802e-01 -6.618290e-01  6.627866e-01
   outer loop
     vertex  5.692817e+01  1.687022e+01  1.332727e+01
     vertex  5.469019e+01  2.048506e+01  1.575412e+01
     vertex  5.583930e+01  1.692665e+01  1.280815e+01
   endloop
 endfacet
 facet normal -1.750793e-01 -6.683668e-01  7.229337e-01
   outer loop
     vertex  5.194512e+01  1.355643e+01  8.130806e+00
     vertex  5.010036e+01  1.712501e+01  1.098326e+01
     vertex  5.064106e+01  1.358763e+01  7.843828e+00
   endloop
 endfacet
 facet normal -1.750793e-01 -6.683668e-01  7.229337e-01
   outer loop
     vertex  5.194512e+01  1.355643e+01  8.130806e+00
     vertex  5.127943e+01  1.709680e+01  1.124273e+01
     vertex  5.010036e+01  1.712501e+01  1.098326e+01
   endloop
 endfacet
 facet normal -2.111564e-01 -6.674095e-01  7.141271e-01
   outer loop
     vertex  5.194512e+01  1.355643e+01  8.130806e+00
     vertex  5.244529e+01  1.706279e+01  1.155567e+01
     vertex  5.127943e+01  1.709680e+01  1.124273e+01
   endloop
 endfacet
 facet normal  9.287786e-03 -6.704299e-01  7.419147e-01
   outer loop
     vertex  4.536594e+01  1.011533e+01  4.105641e+00
     vertex  4.399838e+01  1.364536e+01  7.312670e+00
     vertex  4.390238e+01  1.011352e+01  4.122325e+00
   endloop
 endfacet
 facet normal  9.287786e-03 -6.704299e-01  7.419147e-01
   outer loop
     vertex  4.536594e+01  1.011533e+01  4.105641e+00
     vertex  4.533393e+01  1.364702e+01  7.297446e+00
     vertex  4.399838e+01  1.364536e+01  7.312670e+00
   endloop
 endfacet
 facet normal  1.931686e-01 -6.679105e-01  7.187360e-01
   outer loop
     vertex  3.749853e+01  6.495243e+00  1.727101e+00
     vertex  3.810189e+01  1.003404e+01  4.853493e+00
     vertex  3.595277e+01  6.454229e+00  2.104429e+00
   endloop
 endfacet
 facet normal  1.616050e-01 -6.694893e-01  7.250296e-01
   outer loop
     vertex  3.749853e+01  6.495243e+00  1.727101e+00
     vertex  3.741296e+01  4.604208e+00  0.000000e+00
     vertex  3.818270e+01  4.790010e+00  0.000000e+00
   endloop
 endfacet
 facet normal  1.458723e-01 -6.744873e-01  7.237321e-01
   outer loop
     vertex  3.749853e+01  6.495243e+00  1.727101e+00
     vertex  3.818270e+01  4.790010e+00  0.000000e+00
     vertex  3.895013e+01  4.955984e+00  0.000000e+00
   endloop
 endfacet
 facet normal  1.934527e-01 -6.663957e-01  7.200644e-01
   outer loop
     vertex  3.749853e+01  6.495243e+00  1.727101e+00
     vertex  3.595277e+01  6.454229e+00  2.104429e+00
     vertex  3.741296e+01  4.604208e+00  0.000000e+00
   endloop
 endfacet
 facet normal -7.996558e-01 -5.968911e-01  6.535731e-02
   outer loop
     vertex  6.002334e+01  2.989145e+01  3.626534e+01
     vertex  5.725805e+01  3.368341e+01  3.706265e+01
     vertex  5.991217e+01  2.996564e+01  3.558278e+01
   endloop
 endfacet
 facet normal -7.492924e-01 -6.161666e-01  2.426924e-01
   outer loop
     vertex  6.176309e+01  2.652946e+01  3.151229e+01
     vertex  5.915722e+01  3.025458e+01  3.292453e+01
     vertex  6.145011e+01  2.661178e+01  3.075499e+01
   endloop
 endfacet
 facet normal -6.597001e-01 -6.337005e-01  4.040043e-01
   outer loop
     vertex  6.216994e+01  2.325904e+01  2.591680e+01
     vertex  5.985993e+01  2.692299e+01  2.789185e+01
     vertex  6.161771e+01  2.334278e+01  2.514641e+01
   endloop
 endfacet
 facet normal -5.355694e-01 -6.485748e-01  5.408476e-01
   outer loop
     vertex  6.096523e+01  2.003619e+01  1.988373e+01
     vertex  5.835808e+01  2.371581e+01  2.171456e+01
     vertex  6.015525e+01  2.011332e+01  1.917415e+01
   endloop
 endfacet
 facet normal -5.355694e-01 -6.485748e-01  5.408476e-01
   outer loop
     vertex  6.096523e+01  2.003619e+01  1.988373e+01
     vertex  5.907201e+01  2.364783e+01  2.233999e+01
     vertex  5.835808e+01  2.371581e+01  2.171456e+01
   endloop
 endfacet
 facet normal -4.157120e-01 -6.580302e-01  6.278374e-01
   outer loop
     vertex  5.799196e+01  1.680846e+01  1.389548e+01
     vertex  5.754124e+01  2.031953e+01  1.727696e+01
     vertex  5.661465e+01  2.037940e+01  1.672618e+01
   endloop
 endfacet
 facet normal -3.833992e-01 -6.600107e-01  6.460580e-01
   outer loop
     vertex  5.799196e+01  1.680846e+01  1.389548e+01
     vertex  5.661465e+01  2.037940e+01  1.672618e+01
     vertex  5.566364e+01  2.043461e+01  1.621821e+01
   endloop
 endfacet
 facet normal -3.833992e-01 -6.600107e-01  6.460580e-01
   outer loop
     vertex  5.799196e+01  1.680846e+01  1.389548e+01
     vertex  5.566364e+01  2.043461e+01  1.621821e+01
     vertex  5.692817e+01  1.687022e+01  1.332727e+01
   endloop
 endfacet
 facet normal -2.111564e-01 -6.674095e-01  7.141271e-01
   outer loop
     vertex  5.323458e+01  1.351881e+01  8.476919e+00
     vertex  5.244529e+01  1.706279e+01  1.155567e+01
     vertex  5.194512e+01  1.355643e+01  8.130806e+00
   endloop
 endfacet
 facet normal -2.785848e-02 -6.703839e-01  7.414913e-01
   outer loop
     vertex  4.682873e+01  1.010989e+01  4.155682e+00
     vertex  4.533393e+01  1.364702e+01  7.297446e+00
     vertex  4.536594e+01  1.011533e+01  4.105641e+00
   endloop
 endfacet
 facet normal -2.785848e-02 -6.703839e-01  7.414913e-01
   outer loop
     vertex  4.682873e+01  1.010989e+01  4.155682e+00
     vertex  4.666877e+01  1.364205e+01  7.343109e+00
     vertex  4.533393e+01  1.364702e+01  7.297446e+00
   endloop
 endfacet
 facet normal -6.494615e-02 -6.701539e-01  7.393753e-01
   outer loop
     vertex  4.682873e+01  1.010989e+01  4.155682e+00
     vertex  4.800011e+01  1.363048e+01  7.449565e+00
     vertex  4.666877e+01  1.364205e+01  7.343109e+00
   endloop
 endfacet
 facet normal  1.570083e-01 -6.680550e-01  7.273589e-01
   outer loop
     vertex  3.906007e+01  6.528555e+00  1.420623e+00
     vertex  3.749853e+01  6.495243e+00  1.727101e+00
     vertex  3.895013e+01  4.955984e+00  0.000000e+00
   endloop
 endfacet
 facet normal  1.568979e-01 -6.687781e-01  7.267179e-01
   outer loop
     vertex  3.906007e+01  6.528555e+00  1.420623e+00
     vertex  3.953783e+01  1.006467e+01  4.571665e+00
     vertex  3.810189e+01  1.003404e+01  4.853493e+00
   endloop
 endfacet
 facet normal  1.568979e-01 -6.687781e-01  7.267179e-01
   outer loop
     vertex  3.906007e+01  6.528555e+00  1.420623e+00
     vertex  3.810189e+01  1.003404e+01  4.853493e+00
     vertex  3.749853e+01  6.495243e+00  1.727101e+00
   endloop
 endfacet
 facet normal  1.202973e-01 -6.694651e-01  7.330382e-01
   outer loop
     vertex  3.906007e+01  6.528555e+00  1.420623e+00
     vertex  4.098526e+01  1.008816e+01  4.355582e+00
     vertex  3.953783e+01  1.006467e+01  4.571665e+00
   endloop
 endfacet
 facet normal  1.279322e-01 -6.697492e-01  7.314844e-01
   outer loop
     vertex  3.906007e+01  6.528555e+00  1.420623e+00
     vertex  3.895013e+01  4.955984e+00  0.000000e+00
     vertex  3.971553e+01  5.102187e+00  0.000000e+00
   endloop
 endfacet
 facet normal  1.118006e-01 -6.749920e-01  7.293055e-01
   outer loop
     vertex  3.906007e+01  6.528555e+00  1.420623e+00
     vertex  3.971553e+01  5.102187e+00  0.000000e+00
     vertex  4.047915e+01  5.228666e+00  0.000000e+00
   endloop
 endfacet
 facet normal -8.047510e-01 -5.929147e-01  2.877514e-02
   outer loop
     vertex  6.010291e+01  2.981678e+01  3.695225e+01
     vertex  5.725805e+01  3.368341e+01  3.706265e+01
     vertex  6.002334e+01  2.989145e+01  3.626534e+01
   endloop
 endfacet
 facet normal -8.047510e-01 -5.929147e-01  2.877514e-02
   outer loop
     vertex  6.010291e+01  2.981678e+01  3.695225e+01
     vertex  5.732298e+01  3.362249e+01  3.762313e+01
     vertex  5.725805e+01  3.368341e+01  3.706265e+01
   endloop
 endfacet
 facet normal -8.081537e-01 -5.889174e-01 -8.000783e-03
   outer loop
     vertex  6.010291e+01  2.981678e+01  3.695225e+01
     vertex  5.736199e+01  3.356131e+01  3.818597e+01
     vertex  5.732298e+01  3.362249e+01  3.762313e+01
   endloop
 endfacet
 facet normal -7.626186e-01 -6.124195e-01  2.082192e-01
   outer loop
     vertex  6.204081e+01  2.644568e+01  3.228305e+01
     vertex  5.939177e+01  3.018382e+01  3.357548e+01
     vertex  5.915722e+01  3.025458e+01  3.292453e+01
   endloop
 endfacet
 facet normal -7.626186e-01 -6.124195e-01  2.082192e-01
   outer loop
     vertex  6.204081e+01  2.644568e+01  3.228305e+01
     vertex  5.915722e+01  3.025458e+01  3.292453e+01
     vertex  6.176309e+01  2.652946e+01  3.151229e+01
   endloop
 endfacet
 facet normal -6.805596e-01 -6.303789e-01  3.734450e-01
   outer loop
     vertex  6.268607e+01  2.317266e+01  2.671156e+01
     vertex  6.030661e+01  2.684822e+01  2.857968e+01
     vertex  5.985993e+01  2.692299e+01  2.789185e+01
   endloop
 endfacet
 facet normal -6.805596e-01 -6.303789e-01  3.734450e-01
   outer loop
     vertex  6.268607e+01  2.317266e+01  2.671156e+01
     vertex  5.985993e+01  2.692299e+01  2.789185e+01
     vertex  6.216994e+01  2.325904e+01  2.591680e+01
   endloop
 endfacet
 facet normal -5.628702e-01 -6.458525e-01  5.158020e-01
   outer loop
     vertex  6.174163e+01  1.995513e+01  2.062948e+01
     vertex  5.907201e+01  2.364783e+01  2.233999e+01
     vertex  6.096523e+01  2.003619e+01  1.988373e+01
   endloop
 endfacet
 facet normal -5.628702e-01 -6.458525e-01  5.158020e-01
   outer loop
     vertex  6.174163e+01  1.995513e+01  2.062948e+01
     vertex  5.975634e+01  2.357638e+01  2.299731e+01
     vertex  5.907201e+01  2.364783e+01  2.233999e+01
   endloop
 endfacet
 facet normal -4.157120e-01 -6.580302e-01  6.278374e-01
   outer loop
     vertex  5.902843e+01  1.674150e+01  1.451157e+01
     vertex  5.754124e+01  2.031953e+01  1.727696e+01
     vertex  5.799196e+01  1.680846e+01  1.389548e+01
   endloop
 endfacet
 facet normal -2.467893e-01 -6.662746e-01  7.036855e-01
   outer loop
     vertex  5.450673e+01  1.347484e+01  8.881440e+00
     vertex  5.244529e+01  1.706279e+01  1.155567e+01
     vertex  5.323458e+01  1.351881e+01  8.476919e+00
   endloop
 endfacet
 facet normal -2.467893e-01 -6.662746e-01  7.036855e-01
   outer loop
     vertex  5.450673e+01  1.347484e+01  8.881440e+00
     vertex  5.359550e+01  1.702303e+01  1.192142e+01
     vertex  5.244529e+01  1.706279e+01  1.155567e+01
   endloop
 endfacet
 facet normal -6.494615e-02 -6.701539e-01  7.393753e-01
   outer loop
     vertex  4.828767e+01  1.009721e+01  4.272341e+00
     vertex  4.800011e+01  1.363048e+01  7.449565e+00
     vertex  4.682873e+01  1.010989e+01  4.155682e+00
   endloop
 endfacet
 facet normal  1.202763e-01 -6.696439e-01  7.328784e-01
   outer loop
     vertex  4.063410e+01  6.554097e+00  1.185639e+00
     vertex  3.906007e+01  6.528555e+00  1.420623e+00
     vertex  4.047915e+01  5.228666e+00  0.000000e+00
   endloop
 endfacet
 facet normal  1.202973e-01 -6.694651e-01  7.330382e-01
   outer loop
     vertex  4.063410e+01  6.554097e+00  1.185639e+00
     vertex  4.098526e+01  1.008816e+01  4.355582e+00
     vertex  3.906007e+01  6.528555e+00  1.420623e+00
   endloop
 endfacet
 facet normal  9.387112e-02 -6.698396e-01  7.365481e-01
   outer loop
     vertex  4.063410e+01  6.554097e+00  1.185639e+00
     vertex  4.047915e+01  5.228666e+00  0.000000e+00
     vertex  4.124124e+01  5.335465e+00  0.000000e+00
   endloop
 endfacet
 facet normal  7.734493e-02 -6.751864e-01  7.335810e-01
   outer loop
     vertex  4.063410e+01  6.554097e+00  1.185639e+00
     vertex  4.124124e+01  5.335465e+00  0.000000e+00
     vertex  4.200206e+01  5.422620e+00  0.000000e+00
   endloop
 endfacet
 facet normal -8.098568e-01 -5.849073e-01 -4.489313e-02
   outer loop
     vertex  6.015072e+01  2.974180e+01  3.764206e+01
     vertex  6.016667e+01  2.966667e+01  3.833333e+01
     vertex  5.737500e+01  3.350000e+01  3.875000e+01
   endloop
 endfacet
 facet normal -8.098568e-01 -5.849073e-01 -4.489313e-02
   outer loop
     vertex  6.015072e+01  2.974180e+01  3.764206e+01
     vertex  5.737500e+01  3.350000e+01  3.875000e+01
     vertex  5.736199e+01  3.356131e+01  3.818597e+01
   endloop
 endfacet
 facet normal -8.081537e-01 -5.889174e-01 -8.000783e-03
   outer loop
     vertex  6.015072e+01  2.974180e+01  3.764206e+01
     vertex  5.736199e+01  3.356131e+01  3.818597e+01
     vertex  6.010291e+01  2.981678e+01  3.695225e+01
   endloop
 endfacet
 facet normal -7.844348e-01 -6.047471e-01  1.376332e-01
   outer loop
     vertex  6.228269e+01  2.636062e+01  3.306567e+01
     vertex  5.976964e+01  3.003920e+01  3.490600e+01
     vertex  5.959606e+01  3.011198e+01  3.423643e+01
   endloop
 endfacet
 facet normal -7.743409e-01 -6.086104e-01  1.731749e-01
   outer loop
     vertex  6.228269e+01  2.636062e+01  3.306567e+01
     vertex  5.959606e+01  3.011198e+01  3.423643e+01
     vertex  5.939177e+01  3.018382e+01  3.357548e+01
   endloop
 endfacet
 facet normal -7.743409e-01 -6.086104e-01  1.731749e-01
   outer loop
     vertex  6.228269e+01  2.636062e+01  3.306567e+01
     vertex  5.939177e+01  3.018382e+01  3.357548e+01
     vertex  6.204081e+01  2.644568e+01  3.228305e+01
   endloop
 endfacet
 facet normal -6.999879e-01 -6.269573e-01  3.419670e-01
   outer loop
     vertex  6.316499e+01  2.308380e+01  2.752900e+01
     vertex  6.072111e+01  2.677132e+01  2.928715e+01
     vertex  6.030661e+01  2.684822e+01  2.857968e+01
   endloop
 endfacet
 facet normal -6.999879e-01 -6.269573e-01  3.419670e-01
   outer loop
     vertex  6.316499e+01  2.308380e+01  2.752900e+01
     vertex  6.030661e+01  2.684822e+01  2.857968e+01
     vertex  6.268607e+01  2.317266e+01  2.671156e+01
   endloop
 endfacet
 facet normal -5.889873e-01 -6.429977e-01  4.895385e-01
   outer loop
     vertex  6.248282e+01  1.987031e+01  2.140983e+01
     vertex  5.975634e+01  2.357638e+01  2.299731e+01
     vertex  6.174163e+01  1.995513e+01  2.062948e+01
   endloop
 endfacet
 facet normal -5.889873e-01 -6.429977e-01  4.895385e-01
   outer loop
     vertex  6.248282e+01  1.987031e+01  2.140983e+01
     vertex  6.040964e+01  2.350162e+01  2.368513e+01
     vertex  5.975634e+01  2.357638e+01  2.299731e+01
   endloop
 endfacet
 facet normal -6.138657e-01 -6.400166e-01  4.621122e-01
   outer loop
     vertex  6.248282e+01  1.987031e+01  2.140983e+01
     vertex  6.103053e+01  2.342370e+01  2.440200e+01
     vertex  6.040964e+01  2.350162e+01  2.368513e+01
   endloop
 endfacet
 facet normal -4.471505e-01 -6.558917e-01  6.081632e-01
   outer loop
     vertex  6.003540e+01  1.666946e+01  1.517426e+01
     vertex  5.754124e+01  2.031953e+01  1.727696e+01
     vertex  5.902843e+01  1.674150e+01  1.451157e+01
   endloop
 endfacet
 facet normal -4.471505e-01 -6.558917e-01  6.081632e-01
   outer loop
     vertex  6.003540e+01  1.666946e+01  1.517426e+01
     vertex  5.844146e+01  2.025514e+01  1.786939e+01
     vertex  5.754124e+01  2.031953e+01  1.727696e+01
   endloop
 endfacet
 facet normal -2.819033e-01 -6.649643e-01  6.916307e-01
   outer loop
     vertex  5.575888e+01  1.342462e+01  9.343517e+00
     vertex  5.472762e+01  1.697762e+01  1.233920e+01
     vertex  5.359550e+01  1.702303e+01  1.192142e+01
   endloop
 endfacet
 facet normal -2.819033e-01 -6.649643e-01  6.916307e-01
   outer loop
     vertex  5.575888e+01  1.342462e+01  9.343517e+00
     vertex  5.359550e+01  1.702303e+01  1.192142e+01
     vertex  5.450673e+01  1.347484e+01  8.881440e+00
   endloop
 endfacet
 facet normal -1.018972e-01 -6.697404e-01  7.355710e-01
   outer loop
     vertex  4.973970e+01  1.007731e+01  4.455374e+00
     vertex  4.800011e+01  1.363048e+01  7.449565e+00
     vertex  4.828767e+01  1.009721e+01  4.272341e+00
   endloop
 endfacet
 facet normal -1.386340e-01 -6.691443e-01  7.300867e-01
   outer loop
     vertex  4.973970e+01  1.007731e+01  4.455374e+00
     vertex  5.064106e+01  1.358763e+01  7.843828e+00
     vertex  4.932513e+01  1.361233e+01  7.616588e+00
   endloop
 endfacet
 facet normal -1.018972e-01 -6.697404e-01  7.355710e-01
   outer loop
     vertex  4.973970e+01  1.007731e+01  4.455374e+00
     vertex  4.932513e+01  1.361233e+01  7.616588e+00
     vertex  4.800011e+01  1.363048e+01  7.449565e+00
   endloop
 endfacet
 facet normal  4.641452e-02 -6.702919e-01  7.406447e-01
   outer loop
     vertex  4.221731e+01  6.571814e+00  1.022644e+00
     vertex  4.390238e+01  1.011352e+01  4.122325e+00
     vertex  4.244113e+01  1.010445e+01  4.205697e+00
   endloop
 endfacet
 facet normal  8.344364e-02 -6.699700e-01  7.376838e-01
   outer loop
     vertex  4.221731e+01  6.571814e+00  1.022644e+00
     vertex  4.098526e+01  1.008816e+01  4.355582e+00
     vertex  4.063410e+01  6.554097e+00  1.185639e+00
   endloop
 endfacet
 facet normal  8.344364e-02 -6.699700e-01  7.376838e-01
   outer loop
     vertex  4.221731e+01  6.571814e+00  1.022644e+00
     vertex  4.244113e+01  1.010445e+01  4.205697e+00
     vertex  4.098526e+01  1.008816e+01  4.355582e+00
   endloop
 endfacet
 facet normal  8.334900e-02 -6.711311e-01  7.366383e-01
   outer loop
     vertex  4.221731e+01  6.571814e+00  1.022644e+00
     vertex  4.063410e+01  6.554097e+00  1.185639e+00
     vertex  4.200206e+01  5.422620e+00  0.000000e+00
   endloop
 endfacet
 facet normal  5.953871e-02 -6.697983e-01  7.401523e-01
   outer loop
     vertex  4.221731e+01  6.571814e+00  1.022644e+00
     vertex  4.200206e+01  5.422620e+00  0.000000e+00
     vertex  4.276188e+01  5.490161e+00  0.000000e+00
   endloop
 endfacet
 facet normal -7.844348e-01 -6.047471e-01  1.376332e-01
   outer loop
     vertex  6.248823e+01  2.627444e+01  3.385848e+01
     vertex  5.976964e+01  3.003920e+01  3.490600e+01
     vertex  6.228269e+01  2.636062e+01  3.306567e+01
   endloop
 endfacet
 facet normal -7.179441e-01 -6.234432e-01  3.096367e-01
   outer loop
     vertex  6.360572e+01  2.299267e+01  2.836741e+01
     vertex  6.110254e+01  2.669245e+01  3.001276e+01
     vertex  6.072111e+01  2.677132e+01  2.928715e+01
   endloop
 endfacet
 facet normal -7.179441e-01 -6.234432e-01  3.096367e-01
   outer loop
     vertex  6.360572e+01  2.299267e+01  2.836741e+01
     vertex  6.072111e+01  2.677132e+01  2.928715e+01
     vertex  6.316499e+01  2.308380e+01  2.752900e+01
   endloop
 endfacet
 facet normal -6.138657e-01 -6.400166e-01  4.621122e-01
   outer loop
     vertex  6.318725e+01  1.978190e+01  2.222315e+01
     vertex  6.103053e+01  2.342370e+01  2.440200e+01
     vertex  6.248282e+01  1.987031e+01  2.140983e+01
   endloop
 endfacet
 facet normal -4.776486e-01 -6.535997e-01  5.870768e-01
   outer loop
     vertex  6.101075e+01  1.659252e+01  1.588214e+01
     vertex  5.931341e+01  2.018635e+01  1.850223e+01
     vertex  5.844146e+01  2.025514e+01  1.786939e+01
   endloop
 endfacet
 facet normal -4.776486e-01 -6.535997e-01  5.870768e-01
   outer loop
     vertex  6.101075e+01  1.659252e+01  1.588214e+01
     vertex  5.844146e+01  2.025514e+01  1.786939e+01
     vertex  6.003540e+01  1.666946e+01  1.517426e+01
   endloop
 endfacet
 facet normal -3.164245e-01 -6.634814e-01  6.779882e-01
   outer loop
     vertex  5.698840e+01  1.336824e+01  9.862179e+00
     vertex  5.583930e+01  1.692665e+01  1.280815e+01
     vertex  5.472762e+01  1.697762e+01  1.233920e+01
   endloop
 endfacet
 facet normal -3.164245e-01 -6.634814e-01  6.779882e-01
   outer loop
     vertex  5.698840e+01  1.336824e+01  9.862179e+00
     vertex  5.472762e+01  1.697762e+01  1.233920e+01
     vertex  5.575888e+01  1.342462e+01  9.343517e+00
   endloop
 endfacet
 facet normal -1.386340e-01 -6.691443e-01  7.300867e-01
   outer loop
     vertex  5.118176e+01  1.005025e+01  4.704395e+00
     vertex  5.064106e+01  1.358763e+01  7.843828e+00
     vertex  4.973970e+01  1.007731e+01  4.455374e+00
   endloop
 endfacet
 facet normal  4.641452e-02 -6.702919e-01  7.406447e-01
   outer loop
     vertex  4.380637e+01  6.581669e+00  9.319797e-01
     vertex  4.390238e+01  1.011352e+01  4.122325e+00
     vertex  4.221731e+01  6.571814e+00  1.022644e+00
   endloop
 endfacet
 facet normal  4.625122e-02 -6.738789e-01  7.373927e-01
   outer loop
     vertex  4.380637e+01  6.581669e+00  9.319797e-01
     vertex  4.221731e+01  6.571814e+00  1.022644e+00
     vertex  4.276188e+01  5.490161e+00  0.000000e+00
   endloop
 endfacet
 facet normal  4.244507e-02 -6.719403e-01  7.393880e-01
   outer loop
     vertex  4.380637e+01  6.581669e+00  9.319797e-01
     vertex  4.276188e+01  5.490161e+00  0.000000e+00
     vertex  4.352094e+01  5.538109e+00  0.000000e+00
   endloop
 endfacet
 facet normal  2.504871e-02 -6.697009e-01  7.422084e-01
   outer loop
     vertex  4.380637e+01  6.581669e+00  9.319797e-01
     vertex  4.352094e+01  5.538109e+00  0.000000e+00
     vertex  4.427950e+01  5.566481e+00  0.000000e+00
   endloop
 endfacet
 facet normal -7.928791e-01 -6.008380e-01  1.016688e-01
   outer loop
     vertex  6.265699e+01  2.618734e+01  3.465983e+01
     vertex  5.976964e+01  3.003920e+01  3.490600e+01
     vertex  6.248823e+01  2.627444e+01  3.385848e+01
   endloop
 endfacet
 facet normal -7.996558e-01 -5.968911e-01  6.535731e-02
   outer loop
     vertex  6.265699e+01  2.618734e+01  3.465983e+01
     vertex  6.002334e+01  2.989145e+01  3.626534e+01
     vertex  5.991217e+01  2.996564e+01  3.558278e+01
   endloop
 endfacet
 facet normal -7.928791e-01 -6.008380e-01  1.016688e-01
   outer loop
     vertex  6.265699e+01  2.618734e+01  3.465983e+01
     vertex  5.991217e+01  2.996564e+01  3.558278e+01
     vertex  5.976964e+01  3.003920e+01  3.490600e+01
   endloop
 endfacet
 facet normal -7.343905e-01 -6.198437e-01  2.765219e-01
   outer loop
     vertex  6.400732e+01  2.289945e+01  2.922503e+01
     vertex  6.145011e+01  2.661178e+01  3.075499e+01
     vertex  6.110254e+01  2.669245e+01  3.001276e+01
   endloop
 endfacet
 facet normal -7.343905e-01 -6.198437e-01  2.765219e-01
   outer loop
     vertex  6.400732e+01  2.289945e+01  2.922503e+01
     vertex  6.110254e+01  2.669245e+01  3.001276e+01
     vertex  6.360572e+01  2.299267e+01  2.836741e+01
   endloop
 endfacet
 facet normal -7.492924e-01 -6.161666e-01  2.426924e-01
   outer loop
     vertex  6.400732e+01  2.289945e+01  2.922503e+01
     vertex  6.176309e+01  2.652946e+01  3.151229e+01
     vertex  6.145011e+01  2.661178e+01  3.075499e+01
   endloop
 endfacet
 facet normal -6.374532e-01 -6.369154e-01  4.335808e-01
   outer loop
     vertex  6.385343e+01  1.969010e+01  2.306771e+01
     vertex  6.103053e+01  2.342370e+01  2.440200e+01
     vertex  6.318725e+01  1.978190e+01  2.222315e+01
   endloop
 endfacet
 facet normal -6.374532e-01 -6.369154e-01  4.335808e-01
   outer loop
     vertex  6.385343e+01  1.969010e+01  2.306771e+01
     vertex  6.161771e+01  2.334278e+01  2.514641e+01
     vertex  6.103053e+01  2.342370e+01  2.440200e+01
   endloop
 endfacet
 facet normal -5.071423e-01 -6.511590e-01  5.646225e-01
   outer loop
     vertex  6.195243e+01  1.651083e+01  1.663374e+01
     vertex  6.015525e+01  2.011332e+01  1.917415e+01
     vertex  5.931341e+01  2.018635e+01  1.850223e+01
   endloop
 endfacet
 facet normal -5.071423e-01 -6.511590e-01  5.646225e-01
   outer loop
     vertex  6.195243e+01  1.651083e+01  1.663374e+01
     vertex  5.931341e+01  2.018635e+01  1.850223e+01
     vertex  6.101075e+01  1.659252e+01  1.588214e+01
   endloop
 endfacet
 facet normal -3.502802e-01 -6.618290e-01  6.627866e-01
   outer loop
     vertex  5.819271e+01  1.330583e+01  1.043633e+01
     vertex  5.692817e+01  1.687022e+01  1.332727e+01
     vertex  5.583930e+01  1.692665e+01  1.280815e+01
   endloop
 endfacet
 facet normal -3.502802e-01 -6.618290e-01  6.627866e-01
   outer loop
     vertex  5.819271e+01  1.330583e+01  1.043633e+01
     vertex  5.583930e+01  1.692665e+01  1.280815e+01
     vertex  5.698840e+01  1.336824e+01  9.862179e+00
   endloop
 endfacet
 facet normal -2.111564e-01 -6.674095e-01  7.141271e-01
   outer loop
     vertex  5.261082e+01  1.001606e+01  5.018880e+00
     vertex  5.323458e+01  1.351881e+01  8.476919e+00
     vertex  5.194512e+01  1.355643e+01  8.130806e+00
   endloop
 endfacet
 facet normal -1.750793e-01 -6.683668e-01  7.229337e-01
   outer loop
     vertex  5.261082e+01  1.001606e+01  5.018880e+00
     vertex  5.194512e+01  1.355643e+01  8.130806e+00
     vertex  5.064106e+01  1.358763e+01  7.843828e+00
   endloop
 endfacet
 facet normal -1.750793e-01 -6.683668e-01  7.229337e-01
   outer loop
     vertex  5.261082e+01  1.001606e+01  5.018880e+00
     vertex  5.064106e+01  1.358763e+01  7.843828e+00
     vertex  5.118176e+01  1.005025e+01  4.704395e+00
   endloop
 endfacet
 facet normal  9.287786e-03 -6.704299e-01  7.419147e-01
   outer loop
     vertex  4.539795e+01  6.583641e+00  9.138373e-01
     vertex  4.536594e+01  1.011533e+01  4.105641e+00
     vertex  4.390238e+01  1.011352e+01  4.122325e+00
   endloop
 endfacet
 facet normal  9.287786e-03 -6.704299e-01  7.419147e-01
   outer loop
     vertex  4.539795e+01  6.583641e+00  9.138373e-01
     vertex  4.390238e+01  1.011352e+01  4.122325e+00
     vertex  4.380637e+01  6.581669e+00  9.319797e-01
   endloop
 endfacet
 facet normal  7.815682e-03 -6.730369e-01  7.395676e-01
   outer loop
     vertex  4.539795e+01  6.583641e+00  9.138373e-01
     vertex  4.427950e+01  5.566481e+00  0.000000e+00
     vertex  4.503782e+01  5.575287e+00  0.000000e+00
   endloop
 endfacet
 facet normal  9.256180e-03 -6.738997e-01  7.387649e-01
   outer loop
     vertex  4.539795e+01  6.583641e+00  9.138373e-01
     vertex  4.380637e+01  6.581669e+00  9.319797e-01
     vertex  4.427950e+01  5.566481e+00  0.000000e+00
   endloop
 endfacet
 facet normal -9.499076e-03 -6.696311e-01  7.426331e-01
   outer loop
     vertex  4.539795e+01  6.583641e+00  9.138373e-01
     vertex  4.503782e+01  5.575287e+00  0.000000e+00
     vertex  4.579615e+01  5.564530e+00  0.000000e+00
   endloop
 endfacet
 facet normal -7.996558e-01 -5.968911e-01  6.535731e-02
   outer loop
     vertex  6.278862e+01  2.609949e+01  3.546803e+01
     vertex  6.002334e+01  2.989145e+01  3.626534e+01
     vertex  6.265699e+01  2.618734e+01  3.465983e+01
   endloop
 endfacet
 facet normal -7.492924e-01 -6.161666e-01  2.426924e-01
   outer loop
     vertex  6.436895e+01  2.280434e+01  3.010005e+01
     vertex  6.176309e+01  2.652946e+01  3.151229e+01
     vertex  6.400732e+01  2.289945e+01  2.922503e+01
   endloop
 endfacet
 facet normal -6.597001e-01 -6.337005e-01  4.040043e-01
   outer loop
     vertex  6.447995e+01  1.959510e+01  2.394176e+01
     vertex  6.161771e+01  2.334278e+01  2.514641e+01
     vertex  6.385343e+01  1.969010e+01  2.306771e+01
   endloop
 endfacet
 facet normal -6.597001e-01 -6.337005e-01  4.040043e-01
   outer loop
     vertex  6.447995e+01  1.959510e+01  2.394176e+01
     vertex  6.216994e+01  2.325904e+01  2.591680e+01
     vertex  6.161771e+01  2.334278e+01  2.514641e+01
   endloop
 endfacet
 facet normal -5.355694e-01 -6.485748e-01  5.408476e-01
   outer loop
     vertex  6.285845e+01  1.642455e+01  1.742746e+01
     vertex  6.015525e+01  2.011332e+01  1.917415e+01
     vertex  6.195243e+01  1.651083e+01  1.663374e+01
   endloop
 endfacet
 facet normal -5.355694e-01 -6.485748e-01  5.408476e-01
   outer loop
     vertex  6.285845e+01  1.642455e+01  1.742746e+01
     vertex  6.096523e+01  2.003619e+01  1.988373e+01
     vertex  6.015525e+01  2.011332e+01  1.917415e+01
   endloop
 endfacet
 facet normal -5.628702e-01 -6.458525e-01  5.158020e-01
   outer loop
     vertex  6.285845e+01  1.642455e+01  1.742746e+01
     vertex  6.174163e+01  1.995513e+01  2.062948e+01
     vertex  6.096523e+01  2.003619e+01  1.988373e+01
   endloop
 endfacet
 facet normal -3.833992e-01 -6.600107e-01  6.460580e-01
   outer loop
     vertex  5.936928e+01  1.323752e+01  1.106478e+01
     vertex  5.692817e+01  1.687022e+01  1.332727e+01
     vertex  5.819271e+01  1.330583e+01  1.043633e+01
   endloop
 endfacet
 facet normal -4.157120e-01 -6.580302e-01  6.278374e-01
   outer loop
     vertex  5.936928e+01  1.323752e+01  1.106478e+01
     vertex  5.902843e+01  1.674150e+01  1.451157e+01
     vertex  5.799196e+01  1.680846e+01  1.389548e+01
   endloop
 endfacet
 facet normal -3.833992e-01 -6.600107e-01  6.460580e-01
   outer loop
     vertex  5.936928e+01  1.323752e+01  1.106478e+01
     vertex  5.799196e+01  1.680846e+01  1.389548e+01
     vertex  5.692817e+01  1.687022e+01  1.332727e+01
   endloop
 endfacet
 facet normal -2.111564e-01 -6.674095e-01  7.141271e-01
   outer loop
     vertex  5.402388e+01  9.974837e+00  5.398169e+00
     vertex  5.323458e+01  1.351881e+01  8.476919e+00
     vertex  5.261082e+01  1.001606e+01  5.018880e+00
   endloop
 endfacet
 facet normal -2.777769e-02 -6.733433e-01  7.388080e-01
   outer loop
     vertex  4.698868e+01  6.577726e+00  9.682549e-01
     vertex  4.539795e+01  6.583641e+00  9.138373e-01
     vertex  4.579615e+01  5.564530e+00  0.000000e+00
   endloop
 endfacet
 facet normal -2.785848e-02 -6.703839e-01  7.414913e-01
   outer loop
     vertex  4.698868e+01  6.577726e+00  9.682549e-01
     vertex  4.682873e+01  1.010989e+01  4.155682e+00
     vertex  4.536594e+01  1.011533e+01  4.105641e+00
   endloop
 endfacet
 facet normal -2.785848e-02 -6.703839e-01  7.414913e-01
   outer loop
     vertex  4.698868e+01  6.577726e+00  9.682549e-01
     vertex  4.536594e+01  1.011533e+01  4.105641e+00
     vertex  4.539795e+01  6.583641e+00  9.138373e-01
   endloop
 endfacet
 facet normal -6.494615e-02 -6.701539e-01  7.393753e-01
   outer loop
     vertex  4.698868e+01  6.577726e+00  9.682549e-01
     vertex  4.828767e+01  1.009721e+01  4.272341e+00
     vertex  4.682873e+01  1.010989e+01  4.155682e+00
   endloop
 endfacet
 facet normal -2.693802e-02 -6.738872e-01  7.383430e-01
   outer loop
     vertex  4.698868e+01  6.577726e+00  9.682549e-01
     vertex  4.579615e+01  5.564530e+00  0.000000e+00
     vertex  4.655475e+01  5.534206e+00  0.000000e+00
   endloop
 endfacet
 facet normal -4.401792e-02 -6.696198e-01  7.413985e-01
   outer loop
     vertex  4.698868e+01  6.577726e+00  9.682549e-01
     vertex  4.655475e+01  5.534206e+00  0.000000e+00
     vertex  4.731387e+01  5.484304e+00  0.000000e+00
   endloop
 endfacet
 facet normal -8.081537e-01 -5.889174e-01 -8.000783e-03
   outer loop
     vertex  6.288284e+01  2.601108e+01  3.628137e+01
     vertex  6.015072e+01  2.974180e+01  3.764206e+01
     vertex  6.010291e+01  2.981678e+01  3.695225e+01
   endloop
 endfacet
 facet normal -8.047510e-01 -5.929147e-01  2.877514e-02
   outer loop
     vertex  6.288284e+01  2.601108e+01  3.628137e+01
     vertex  6.010291e+01  2.981678e+01  3.695225e+01
     vertex  6.002334e+01  2.989145e+01  3.626534e+01
   endloop
 endfacet
 facet normal -8.047510e-01 -5.929147e-01  2.877514e-02
   outer loop
     vertex  6.288284e+01  2.601108e+01  3.628137e+01
     vertex  6.002334e+01  2.989145e+01  3.626534e+01
     vertex  6.278862e+01  2.609949e+01  3.546803e+01
   endloop
 endfacet
 facet normal -7.626186e-01 -6.124195e-01  2.082192e-01
   outer loop
     vertex  6.468984e+01  2.270754e+01  3.099063e+01
     vertex  6.176309e+01  2.652946e+01  3.151229e+01
     vertex  6.436895e+01  2.280434e+01  3.010005e+01
   endloop
 endfacet
 facet normal -7.626186e-01 -6.124195e-01  2.082192e-01
   outer loop
     vertex  6.468984e+01  2.270754e+01  3.099063e+01
     vertex  6.204081e+01  2.644568e+01  3.228305e+01
     vertex  6.176309e+01  2.652946e+01  3.151229e+01
   endloop
 endfacet
 facet normal -6.999879e-01 -6.269573e-01  3.419670e-01
   outer loop
     vertex  6.506552e+01  1.949709e+01  2.484343e+01
     vertex  6.316499e+01  2.308380e+01  2.752900e+01
     vertex  6.268607e+01  2.317266e+01  2.671156e+01
   endloop
 endfacet
 facet normal -6.805596e-01 -6.303789e-01  3.734450e-01
   outer loop
     vertex  6.506552e+01  1.949709e+01  2.484343e+01
     vertex  6.268607e+01  2.317266e+01  2.671156e+01
     vertex  6.216994e+01  2.325904e+01  2.591680e+01
   endloop
 endfacet
 facet normal -6.805596e-01 -6.303789e-01  3.734450e-01
   outer loop
     vertex  6.506552e+01  1.949709e+01  2.484343e+01
     vertex  6.216994e+01  2.325904e+01  2.591680e+01
     vertex  6.447995e+01  1.959510e+01  2.394176e+01
   endloop
 endfacet
 facet normal -5.628702e-01 -6.458525e-01  5.158020e-01
   outer loop
     vertex  6.372692e+01  1.633388e+01  1.826165e+01
     vertex  6.174163e+01  1.995513e+01  2.062948e+01
     vertex  6.285845e+01  1.642455e+01  1.742746e+01
   endloop
 endfacet
 facet normal -4.157120e-01 -6.580302e-01  6.278374e-01
   outer loop
     vertex  6.051563e+01  1.316346e+01  1.174618e+01
     vertex  5.902843e+01  1.674150e+01  1.451157e+01
     vertex  5.936928e+01  1.323752e+01  1.106478e+01
   endloop
 endfacet
 facet normal -2.467893e-01 -6.662746e-01  7.036855e-01
   outer loop
     vertex  5.541796e+01  9.926653e+00  5.841463e+00
     vertex  5.323458e+01  1.351881e+01  8.476919e+00
     vertex  5.402388e+01  9.974837e+00  5.398169e+00
   endloop
 endfacet
 facet normal -2.819033e-01 -6.649643e-01  6.916307e-01
   outer loop
     vertex  5.541796e+01  9.926653e+00  5.841463e+00
     vertex  5.575888e+01  1.342462e+01  9.343517e+00
     vertex  5.450673e+01  1.347484e+01  8.881440e+00
   endloop
 endfacet
 facet normal -2.467893e-01 -6.662746e-01  7.036855e-01
   outer loop
     vertex  5.541796e+01  9.926653e+00  5.841463e+00
     vertex  5.450673e+01  1.347484e+01  8.881440e+00
     vertex  5.323458e+01  1.351881e+01  8.476919e+00
   endloop
 endfacet
 facet normal -6.480995e-02 -6.722972e-01  7.374389e-01
   outer loop
     vertex  4.857523e+01  6.563936e+00  1.095118e+00
     vertex  4.698868e+01  6.577726e+00  9.682549e-01
     vertex  4.731387e+01  5.484304e+00  0.000000e+00
   endloop
 endfacet
 facet normal -6.494615e-02 -6.701539e-01  7.393753e-01
   outer loop
     vertex  4.857523e+01  6.563936e+00  1.095118e+00
     vertex  4.828767e+01  1.009721e+01  4.272341e+00
     vertex  4.698868e+01  6.577726e+00  9.682549e-01
   endloop
 endfacet
 facet normal -6.167069e-02 -6.743422e-01  7.358392e-01
   outer loop
     vertex  4.857523e+01  6.563936e+00  1.095118e+00
     vertex  4.731387e+01  5.484304e+00  0.000000e+00
     vertex  4.807377e+01  5.414809e+00  0.000000e+00
   endloop
 endfacet
 facet normal -7.841859e-02 -6.696196e-01  7.385527e-01
   outer loop
     vertex  4.857523e+01  6.563936e+00  1.095118e+00
     vertex  4.807377e+01  5.414809e+00  0.000000e+00
     vertex  4.883471e+01  5.325696e+00  0.000000e+00
   endloop
 endfacet
 facet normal -8.098568e-01 -5.849073e-01 -4.489313e-02
   outer loop
     vertex  6.293945e+01  2.592230e+01  3.709816e+01
     vertex  6.295833e+01  2.583333e+01  3.791667e+01
     vertex  6.016667e+01  2.966667e+01  3.833333e+01
   endloop
 endfacet
 facet normal -8.081537e-01 -5.889174e-01 -8.000783e-03
   outer loop
     vertex  6.293945e+01  2.592230e+01  3.709816e+01
     vertex  6.015072e+01  2.974180e+01  3.764206e+01
     vertex  6.288284e+01  2.601108e+01  3.628137e+01
   endloop
 endfacet
 facet normal -8.098568e-01 -5.849073e-01 -4.489313e-02
   outer loop
     vertex  6.293945e+01  2.592230e+01  3.709816e+01
     vertex  6.016667e+01  2.966667e+01  3.833333e+01
     vertex  6.015072e+01  2.974180e+01  3.764206e+01
   endloop
 endfacet
 facet normal -7.743409e-01 -6.086104e-01  1.731749e-01
   outer loop
     vertex  6.496933e+01  2.260925e+01  3.189490e+01
     vertex  6.204081e+01  2.644568e+01  3.228305e+01
     vertex  6.468984e+01  2.270754e+01  3.099063e+01
   endloop
 endfacet
 facet normal -7.743409e-01 -6.086104e-01  1.731749e-01
   outer loop
     vertex  6.496933e+01  2.260925e+01  3.189490e+01
     vertex  6.228269e+01  2.636062e+01  3.306567e+01
     vertex  6.204081e+01  2.644568e+01  3.228305e+01
   endloop
 endfacet
 facet normal -6.999879e-01 -6.269573e-01  3.419670e-01
   outer loop
     vertex  6.560888e+01  1.939628e+01  2.577085e+01
     vertex  6.316499e+01  2.308380e+01  2.752900e+01
     vertex  6.506552e+01  1.949709e+01  2.484343e+01
   endloop
 endfacet
 facet normal -5.889873e-01 -6.429977e-01  4.895385e-01
   outer loop
     vertex  6.455601e+01  1.623900e+01  1.913454e+01
     vertex  6.174163e+01  1.995513e+01  2.062948e+01
     vertex  6.372692e+01  1.633388e+01  1.826165e+01
   endloop
 endfacet
 facet normal -5.889873e-01 -6.429977e-01  4.895385e-01
   outer loop
     vertex  6.455601e+01  1.623900e+01  1.913454e+01
     vertex  6.248282e+01  1.987031e+01  2.140983e+01
     vertex  6.174163e+01  1.995513e+01  2.062948e+01
   endloop
 endfacet
 facet normal -4.471505e-01 -6.558917e-01  6.081632e-01
   outer loop
     vertex  6.162934e+01  1.308379e+01  1.247912e+01
     vertex  6.003540e+01  1.666946e+01  1.517426e+01
     vertex  5.902843e+01  1.674150e+01  1.451157e+01
   endloop
 endfacet
 facet normal -4.471505e-01 -6.558917e-01  6.081632e-01
   outer loop
     vertex  6.162934e+01  1.308379e+01  1.247912e+01
     vertex  5.902843e+01  1.674150e+01  1.451157e+01
     vertex  6.051563e+01  1.316346e+01  1.174618e+01
   endloop
 endfacet
 facet normal -2.819033e-01 -6.649643e-01  6.916307e-01
   outer loop
     vertex  5.679013e+01  9.871613e+00  6.347831e+00
     vertex  5.575888e+01  1.342462e+01  9.343517e+00
     vertex  5.541796e+01  9.926653e+00  5.841463e+00
   endloop
 endfacet
 facet normal -1.018972e-01 -6.697404e-01  7.355710e-01
   outer loop
     vertex  5.015427e+01  6.542301e+00  1.294160e+00
     vertex  4.973970e+01  1.007731e+01  4.455374e+00
     vertex  4.828767e+01  1.009721e+01  4.272341e+00
   endloop
 endfacet
 facet normal -1.386340e-01 -6.691443e-01  7.300867e-01
   outer loop
     vertex  5.015427e+01  6.542301e+00  1.294160e+00
     vertex  5.118176e+01  1.005025e+01  4.704395e+00
     vertex  4.973970e+01  1.007731e+01  4.455374e+00
   endloop
 endfacet
 facet normal -1.017787e-01 -6.709316e-01  7.345011e-01
   outer loop
     vertex  5.015427e+01  6.542301e+00  1.294160e+00
     vertex  4.857523e+01  6.563936e+00  1.095118e+00
     vertex  4.883471e+01  5.325696e+00  0.000000e+00
   endloop
 endfacet
 facet normal -1.018972e-01 -6.697404e-01  7.355710e-01
   outer loop
     vertex  5.015427e+01  6.542301e+00  1.294160e+00
     vertex  4.828767e+01  1.009721e+01  4.272341e+00
     vertex  4.857523e+01  6.563936e+00  1.095118e+00
   endloop
 endfacet
 facet normal -9.622566e-02 -6.743836e-01  7.320843e-01
   outer loop
     vertex  5.015427e+01  6.542301e+00  1.294160e+00
     vertex  4.883471e+01  5.325696e+00  0.000000e+00
     vertex  4.959695e+01  5.216935e+00  0.000000e+00
   endloop
 endfacet
 facet normal -1.125976e-01 -6.695491e-01  7.341837e-01
   outer loop
     vertex  5.015427e+01  6.542301e+00  1.294160e+00
     vertex  4.959695e+01  5.216935e+00  0.000000e+00
     vertex  5.036073e+01  5.088491e+00  0.000000e+00
   endloop
 endfacet
 facet normal -7.844348e-01 -6.047471e-01  1.376332e-01
   outer loop
     vertex  6.520682e+01  2.250968e+01  3.281096e+01
     vertex  6.248823e+01  2.627444e+01  3.385848e+01
     vertex  6.228269e+01  2.636062e+01  3.306567e+01
   endloop
 endfacet
 facet normal -7.844348e-01 -6.047471e-01  1.376332e-01
   outer loop
     vertex  6.520682e+01  2.250968e+01  3.281096e+01
     vertex  6.228269e+01  2.636062e+01  3.306567e+01
     vertex  6.496933e+01  2.260925e+01  3.189490e+01
   endloop
 endfacet
 facet normal -7.179441e-01 -6.234432e-01  3.096367e-01
   outer loop
     vertex  6.610890e+01  1.929289e+01  2.672206e+01
     vertex  6.316499e+01  2.308380e+01  2.752900e+01
     vertex  6.560888e+01  1.939628e+01  2.577085e+01
   endloop
 endfacet
 facet normal -7.179441e-01 -6.234432e-01  3.096367e-01
   outer loop
     vertex  6.610890e+01  1.929289e+01  2.672206e+01
     vertex  6.360572e+01  2.299267e+01  2.836741e+01
     vertex  6.316499e+01  2.308380e+01  2.752900e+01
   endloop
 endfacet
 facet normal -6.138657e-01 -6.400166e-01  4.621122e-01
   outer loop
     vertex  6.534397e+01  1.614011e+01  2.004430e+01
     vertex  6.248282e+01  1.987031e+01  2.140983e+01
     vertex  6.455601e+01  1.623900e+01  1.913454e+01
   endloop
 endfacet
 facet normal -6.138657e-01 -6.400166e-01  4.621122e-01
   outer loop
     vertex  6.534397e+01  1.614011e+01  2.004430e+01
     vertex  6.318725e+01  1.978190e+01  2.222315e+01
     vertex  6.248282e+01  1.987031e+01  2.140983e+01
   endloop
 endfacet
 facet normal -4.776486e-01 -6.535997e-01  5.870768e-01
   outer loop
     vertex  6.270809e+01  1.299869e+01  1.326205e+01
     vertex  6.101075e+01  1.659252e+01  1.588214e+01
     vertex  6.003540e+01  1.666946e+01  1.517426e+01
   endloop
 endfacet
 facet normal -4.776486e-01 -6.535997e-01  5.870768e-01
   outer loop
     vertex  6.270809e+01  1.299869e+01  1.326205e+01
     vertex  6.003540e+01  1.666946e+01  1.517426e+01
     vertex  6.162934e+01  1.308379e+01  1.247912e+01
   endloop
 endfacet
 facet normal -3.164245e-01 -6.634814e-01  6.779882e-01
   outer loop
     vertex  5.813750e+01  9.809833e+00  6.916207e+00
     vertex  5.698840e+01  1.336824e+01  9.862179e+00
     vertex  5.575888e+01  1.342462e+01  9.343517e+00
   endloop
 endfacet
 facet normal -3.164245e-01 -6.634814e-01  6.779882e-01
   outer loop
     vertex  5.813750e+01  9.809833e+00  6.916207e+00
     vertex  5.575888e+01  1.342462e+01  9.343517e+00
     vertex  5.679013e+01  9.871613e+00  6.347831e+00
   endloop
 endfacet
 facet normal -1.386340e-01 -6.691443e-01  7.300867e-01
   outer loop
     vertex  5.172246e+01  6.512866e+00  1.564962e+00
     vertex  5.118176e+01  1.005025e+01  4.704395e+00
     vertex  5.015427e+01  6.542301e+00  1.294160e+00
   endloop
 endfacet
 facet normal -1.386001e-01 -6.693954e-01  7.298629e-01
   outer loop
     vertex  5.172246e+01  6.512866e+00  1.564962e+00
     vertex  5.015427e+01  6.542301e+00  1.294160e+00
     vertex  5.036073e+01  5.088491e+00  0.000000e+00
   endloop
 endfacet
 facet normal -1.304616e-01 -6.740806e-01  7.270455e-01
   outer loop
     vertex  5.172246e+01  6.512866e+00  1.564962e+00
     vertex  5.036073e+01  5.088491e+00  0.000000e+00
     vertex  5.112632e+01  4.940319e+00  0.000000e+00
   endloop
 endfacet
 facet normal -1.464415e-01 -6.693461e-01  7.283754e-01
   outer loop
     vertex  5.172246e+01  6.512866e+00  1.564962e+00
     vertex  5.112632e+01  4.940319e+00  0.000000e+00
     vertex  5.189397e+01  4.772369e+00  0.000000e+00
   endloop
 endfacet
 facet normal -7.928791e-01 -6.008380e-01  1.016688e-01
   outer loop
     vertex  6.540182e+01  2.240903e+01  3.373688e+01
     vertex  6.248823e+01  2.627444e+01  3.385848e+01
     vertex  6.520682e+01  2.250968e+01  3.281096e+01
   endloop
 endfacet
 facet normal -7.928791e-01 -6.008380e-01  1.016688e-01
   outer loop
     vertex  6.540182e+01  2.240903e+01  3.373688e+01
     vertex  6.265699e+01  2.618734e+01  3.465983e+01
     vertex  6.248823e+01  2.627444e+01  3.385848e+01
   endloop
 endfacet
 facet normal -7.996558e-01 -5.968911e-01  6.535731e-02
   outer loop
     vertex  6.540182e+01  2.240903e+01  3.373688e+01
     vertex  6.278862e+01  2.609949e+01  3.546803e+01
     vertex  6.265699e+01  2.618734e+01  3.465983e+01
   endloop
 endfacet
 facet normal -7.343905e-01 -6.198437e-01  2.765219e-01
   outer loop
     vertex  6.656453e+01  1.918713e+01  2.769506e+01
     vertex  6.400732e+01  2.289945e+01  2.922503e+01
     vertex  6.360572e+01  2.299267e+01  2.836741e+01
   endloop
 endfacet
 facet normal -7.343905e-01 -6.198437e-01  2.765219e-01
   outer loop
     vertex  6.656453e+01  1.918713e+01  2.769506e+01
     vertex  6.360572e+01  2.299267e+01  2.836741e+01
     vertex  6.610890e+01  1.929289e+01  2.672206e+01
   endloop
 endfacet
 facet normal -6.374532e-01 -6.369154e-01  4.335808e-01
   outer loop
     vertex  6.608914e+01  1.603743e+01  2.098902e+01
     vertex  6.318725e+01  1.978190e+01  2.222315e+01
     vertex  6.534397e+01  1.614011e+01  2.004430e+01
   endloop
 endfacet
 facet normal -6.374532e-01 -6.369154e-01  4.335808e-01
   outer loop
     vertex  6.608914e+01  1.603743e+01  2.098902e+01
     vertex  6.385343e+01  1.969010e+01  2.306771e+01
     vertex  6.318725e+01  1.978190e+01  2.222315e+01
   endloop
 endfacet
 facet normal -6.597001e-01 -6.337005e-01  4.040043e-01
   outer loop
     vertex  6.608914e+01  1.603743e+01  2.098902e+01
     vertex  6.447995e+01  1.959510e+01  2.394176e+01
     vertex  6.385343e+01  1.969010e+01  2.306771e+01
   endloop
 endfacet
 facet normal -5.071423e-01 -6.511590e-01  5.646225e-01
   outer loop
     vertex  6.374960e+01  1.290833e+01  1.409333e+01
     vertex  6.101075e+01  1.659252e+01  1.588214e+01
     vertex  6.270809e+01  1.299869e+01  1.326205e+01
   endloop
 endfacet
 facet normal -5.071423e-01 -6.511590e-01  5.646225e-01
   outer loop
     vertex  6.374960e+01  1.290833e+01  1.409333e+01
     vertex  6.195243e+01  1.651083e+01  1.663374e+01
     vertex  6.101075e+01  1.659252e+01  1.588214e+01
   endloop
 endfacet
 facet normal -3.502802e-01 -6.618290e-01  6.627866e-01
   outer loop
     vertex  5.945725e+01  9.741442e+00  7.545397e+00
     vertex  5.698840e+01  1.336824e+01  9.862179e+00
     vertex  5.813750e+01  9.809833e+00  6.916207e+00
   endloop
 endfacet
 facet normal -3.502802e-01 -6.618290e-01  6.627866e-01
   outer loop
     vertex  5.945725e+01  9.741442e+00  7.545397e+00
     vertex  5.819271e+01  1.330583e+01  1.043633e+01
     vertex  5.698840e+01  1.336824e+01  9.862179e+00
   endloop
 endfacet
 facet normal -1.751820e-01 -6.677637e-01  7.234659e-01
   outer loop
     vertex  5.327652e+01  6.475693e+00  1.906955e+00
     vertex  5.172246e+01  6.512866e+00  1.564962e+00
     vertex  5.189397e+01  4.772369e+00  0.000000e+00
   endloop
 endfacet
 facet normal -1.750793e-01 -6.683668e-01  7.229337e-01
   outer loop
     vertex  5.327652e+01  6.475693e+00  1.906955e+00
     vertex  5.118176e+01  1.005025e+01  4.704395e+00
     vertex  5.172246e+01  6.512866e+00  1.564962e+00
   endloop
 endfacet
 facet normal -1.750793e-01 -6.683668e-01  7.229337e-01
   outer loop
     vertex  5.327652e+01  6.475693e+00  1.906955e+00
     vertex  5.261082e+01  1.001606e+01  5.018880e+00
     vertex  5.118176e+01  1.005025e+01  4.704395e+00
   endloop
 endfacet
 facet normal -2.111564e-01 -6.674095e-01  7.141271e-01
   outer loop
     vertex  5.327652e+01  6.475693e+00  1.906955e+00
     vertex  5.402388e+01  9.974837e+00  5.398169e+00
     vertex  5.261082e+01  1.001606e+01  5.018880e+00
   endloop
 endfacet
 facet normal -1.642592e-01 -6.735192e-01  7.206877e-01
   outer loop
     vertex  5.327652e+01  6.475693e+00  1.906955e+00
     vertex  5.189397e+01  4.772369e+00  0.000000e+00
     vertex  5.266394e+01  4.584586e+00  0.000000e+00
   endloop
 endfacet
 facet normal -1.798371e-01 -6.689832e-01  7.211935e-01
   outer loop
     vertex  5.327652e+01  6.475693e+00  1.906955e+00
     vertex  5.266394e+01  4.584586e+00  0.000000e+00
     vertex  5.343650e+01  4.376905e+00  0.000000e+00
   endloop
 endfacet
 facet normal -7.996558e-01 -5.968911e-01  6.535731e-02
   outer loop
     vertex  6.555391e+01  2.230753e+01  3.467071e+01
     vertex  6.278862e+01  2.609949e+01  3.546803e+01
     vertex  6.540182e+01  2.240903e+01  3.373688e+01
   endloop
 endfacet
 facet normal -7.492924e-01 -6.161666e-01  2.426924e-01
   outer loop
     vertex  6.697481e+01  1.907922e+01  2.868781e+01
     vertex  6.400732e+01  2.289945e+01  2.922503e+01
     vertex  6.656453e+01  1.918713e+01  2.769506e+01
   endloop
 endfacet
 facet normal -7.492924e-01 -6.161666e-01  2.426924e-01
   outer loop
     vertex  6.697481e+01  1.907922e+01  2.868781e+01
     vertex  6.436895e+01  2.280434e+01  3.010005e+01
     vertex  6.400732e+01  2.289945e+01  2.922503e+01
   endloop
 endfacet
 facet normal -7.626186e-01 -6.124195e-01  2.082192e-01
   outer loop
     vertex  6.697481e+01  1.907922e+01  2.868781e+01
     vertex  6.468984e+01  2.270754e+01  3.099063e+01
     vertex  6.436895e+01  2.280434e+01  3.010005e+01
   endloop
 endfacet
 facet normal -6.597001e-01 -6.337005e-01  4.040043e-01
   outer loop
     vertex  6.678997e+01  1.593115e+01  2.196671e+01
     vertex  6.447995e+01  1.959510e+01  2.394176e+01
     vertex  6.608914e+01  1.603743e+01  2.098902e+01
   endloop
 endfacet
 facet normal -5.628702e-01 -6.458525e-01  5.158020e-01
   outer loop
     vertex  6.475167e+01  1.281291e+01  1.497120e+01
     vertex  6.372692e+01  1.633388e+01  1.826165e+01
     vertex  6.285845e+01  1.642455e+01  1.742746e+01
   endloop
 endfacet
 facet normal -5.355694e-01 -6.485748e-01  5.408476e-01
   outer loop
     vertex  6.475167e+01  1.281291e+01  1.497120e+01
     vertex  6.285845e+01  1.642455e+01  1.742746e+01
     vertex  6.195243e+01  1.651083e+01  1.663374e+01
   endloop
 endfacet
 facet normal -5.355694e-01 -6.485748e-01  5.408476e-01
   outer loop
     vertex  6.475167e+01  1.281291e+01  1.497120e+01
     vertex  6.195243e+01  1.651083e+01  1.663374e+01
     vertex  6.374960e+01  1.290833e+01  1.409333e+01
   endloop
 endfacet
 facet normal -3.833992e-01 -6.600107e-01  6.460580e-01
   outer loop
     vertex  6.074659e+01  9.666586e+00  8.234076e+00
     vertex  5.819271e+01  1.330583e+01  1.043633e+01
     vertex  5.945725e+01  9.741442e+00  7.545397e+00
   endloop
 endfacet
 facet normal -3.833992e-01 -6.600107e-01  6.460580e-01
   outer loop
     vertex  6.074659e+01  9.666586e+00  8.234076e+00
     vertex  5.936928e+01  1.323752e+01  1.106478e+01
     vertex  5.819271e+01  1.330583e+01  1.043633e+01
   endloop
 endfacet
 facet normal -4.157120e-01 -6.580302e-01  6.278374e-01
   outer loop
     vertex  6.074659e+01  9.666586e+00  8.234076e+00
     vertex  6.051563e+01  1.316346e+01  1.174618e+01
     vertex  5.936928e+01  1.323752e+01  1.106478e+01
   endloop
 endfacet
 facet normal -2.111564e-01 -6.674095e-01  7.141271e-01
   outer loop
     vertex  5.481317e+01  6.430860e+00  2.319419e+00
     vertex  5.402388e+01  9.974837e+00  5.398169e+00
     vertex  5.327652e+01  6.475693e+00  1.906955e+00
   endloop
 endfacet
 facet normal -2.114351e-01 -6.660493e-01  7.153136e-01
   outer loop
     vertex  5.481317e+01  6.430860e+00  2.319419e+00
     vertex  5.327652e+01  6.475693e+00  1.906955e+00
     vertex  5.343650e+01  4.376905e+00  0.000000e+00
   endloop
 endfacet
 facet normal -1.975156e-01 -6.727679e-01  7.130014e-01
   outer loop
     vertex  5.481317e+01  6.430860e+00  2.319419e+00
     vertex  5.343650e+01  4.376905e+00  0.000000e+00
     vertex  5.421191e+01  4.149257e+00  0.000000e+00
   endloop
 endfacet
 facet normal -8.081537e-01 -5.889174e-01 -8.000783e-03
   outer loop
     vertex  6.566277e+01  2.220538e+01  3.561050e+01
     vertex  6.293945e+01  2.592230e+01  3.709816e+01
     vertex  6.288284e+01  2.601108e+01  3.628137e+01
   endloop
 endfacet
 facet normal -8.047510e-01 -5.929147e-01  2.877514e-02
   outer loop
     vertex  6.566277e+01  2.220538e+01  3.561050e+01
     vertex  6.278862e+01  2.609949e+01  3.546803e+01
     vertex  6.555391e+01  2.230753e+01  3.467071e+01
   endloop
 endfacet
 facet normal -8.047510e-01 -5.929147e-01  2.877514e-02
   outer loop
     vertex  6.566277e+01  2.220538e+01  3.561050e+01
     vertex  6.288284e+01  2.601108e+01  3.628137e+01
     vertex  6.278862e+01  2.609949e+01  3.546803e+01
   endloop
 endfacet
 facet normal -7.626186e-01 -6.124195e-01  2.082192e-01
   outer loop
     vertex  6.733888e+01  1.896940e+01  2.969820e+01
     vertex  6.468984e+01  2.270754e+01  3.099063e+01
     vertex  6.697481e+01  1.907922e+01  2.868781e+01
   endloop
 endfacet
 facet normal -6.805596e-01 -6.303789e-01  3.734450e-01
   outer loop
     vertex  6.744497e+01  1.582152e+01  2.297531e+01
     vertex  6.506552e+01  1.949709e+01  2.484343e+01
     vertex  6.447995e+01  1.959510e+01  2.394176e+01
   endloop
 endfacet
 facet normal -6.805596e-01 -6.303789e-01  3.734450e-01
   outer loop
     vertex  6.744497e+01  1.582152e+01  2.297531e+01
     vertex  6.447995e+01  1.959510e+01  2.394176e+01
     vertex  6.678997e+01  1.593115e+01  2.196671e+01
   endloop
 endfacet
 facet normal -5.628702e-01 -6.458525e-01  5.158020e-01
   outer loop
     vertex  6.571221e+01  1.271263e+01  1.589382e+01
     vertex  6.372692e+01  1.633388e+01  1.826165e+01
     vertex  6.475167e+01  1.281291e+01  1.497120e+01
   endloop
 endfacet
 facet normal -4.157120e-01 -6.580302e-01  6.278374e-01
   outer loop
     vertex  6.200282e+01  9.585421e+00  8.980797e+00
     vertex  6.051563e+01  1.316346e+01  1.174618e+01
     vertex  6.074659e+01  9.666586e+00  8.234076e+00
   endloop
 endfacet
 facet normal -2.488820e-01 -6.574287e-01  7.112280e-01
   outer loop
     vertex  5.632919e+01  6.378462e+00  2.801487e+00
     vertex  5.481317e+01  6.430860e+00  2.319419e+00
     vertex  5.421191e+01  4.149257e+00  0.000000e+00
   endloop
 endfacet
 facet normal -2.467893e-01 -6.662746e-01  7.036855e-01
   outer loop
     vertex  5.632919e+01  6.378462e+00  2.801487e+00
     vertex  5.402388e+01  9.974837e+00  5.398169e+00
     vertex  5.481317e+01  6.430860e+00  2.319419e+00
   endloop
 endfacet
 facet normal -2.467893e-01 -6.662746e-01  7.036855e-01
   outer loop
     vertex  5.632919e+01  6.378462e+00  2.801487e+00
     vertex  5.541796e+01  9.926653e+00  5.841463e+00
     vertex  5.402388e+01  9.974837e+00  5.398169e+00
   endloop
 endfacet
 facet normal -2.157395e-01 -6.780798e-01  7.026124e-01
   outer loop
     vertex  5.632919e+01  6.378462e+00  2.801487e+00
     vertex  5.421191e+01  4.149257e+00  0.000000e+00
     vertex  5.499042e+01  3.901565e+00  0.000000e+00
   endloop
 endfacet
 facet normal -2.301395e-01 -6.718721e-01  7.040055e-01
   outer loop
     vertex  5.632919e+01  6.378462e+00  2.801487e+00
     vertex  5.499042e+01  3.901565e+00  0.000000e+00
     vertex  5.577229e+01  3.633746e+00  0.000000e+00
   endloop
 endfacet
 facet normal -8.098568e-01 -5.849073e-01 -4.489313e-02
   outer loop
     vertex  6.572818e+01  2.210280e+01  3.655425e+01
     vertex  6.295833e+01  2.583333e+01  3.791667e+01
     vertex  6.293945e+01  2.592230e+01  3.709816e+01
   endloop
 endfacet
 facet normal -8.098568e-01 -5.849073e-01 -4.489313e-02
   outer loop
     vertex  6.572818e+01  2.210280e+01  3.655425e+01
     vertex  6.575000e+01  2.200000e+01  3.750000e+01
     vertex  6.295833e+01  2.583333e+01  3.791667e+01
   endloop
 endfacet
 facet normal -8.098568e-01 -5.849073e-01 -4.489313e-02
   outer loop
     vertex  6.572818e+01  2.210280e+01  3.655425e+01
     vertex  6.854167e+01  1.816667e+01  3.708333e+01
     vertex  6.575000e+01  2.200000e+01  3.750000e+01
   endloop
 endfacet
 facet normal -8.081537e-01 -5.889174e-01 -8.000783e-03
   outer loop
     vertex  6.572818e+01  2.210280e+01  3.655425e+01
     vertex  6.293945e+01  2.592230e+01  3.709816e+01
     vertex  6.566277e+01  2.220538e+01  3.561050e+01
   endloop
 endfacet
 facet normal -7.743409e-01 -6.086104e-01  1.731749e-01
   outer loop
     vertex  6.765597e+01  1.885788e+01  3.072413e+01
     vertex  6.496933e+01  2.260925e+01  3.189490e+01
     vertex  6.468984e+01  2.270754e+01  3.099063e+01
   endloop
 endfacet
 facet normal -7.743409e-01 -6.086104e-01  1.731749e-01
   outer loop
     vertex  6.765597e+01  1.885788e+01  3.072413e+01
     vertex  6.468984e+01  2.270754e+01  3.099063e+01
     vertex  6.733888e+01  1.896940e+01  2.969820e+01
   endloop
 endfacet
 facet normal -6.999879e-01 -6.269573e-01  3.419670e-01
   outer loop
     vertex  6.805276e+01  1.570876e+01  2.401271e+01
     vertex  6.560888e+01  1.939628e+01  2.577085e+01
     vertex  6.506552e+01  1.949709e+01  2.484343e+01
   endloop
 endfacet
 facet normal -6.999879e-01 -6.269573e-01  3.419670e-01
   outer loop
     vertex  6.805276e+01  1.570876e+01  2.401271e+01
     vertex  6.506552e+01  1.949709e+01  2.484343e+01
     vertex  6.744497e+01  1.582152e+01  2.297531e+01
   endloop
 endfacet
 facet normal -5.889873e-01 -6.429977e-01  4.895385e-01
   outer loop
     vertex  6.662919e+01  1.260769e+01  1.685924e+01
     vertex  6.372692e+01  1.633388e+01  1.826165e+01
     vertex  6.571221e+01  1.271263e+01  1.589382e+01
   endloop
 endfacet
 facet normal -5.889873e-01 -6.429977e-01  4.895385e-01
   outer loop
     vertex  6.662919e+01  1.260769e+01  1.685924e+01
     vertex  6.455601e+01  1.623900e+01  1.913454e+01
     vertex  6.372692e+01  1.633388e+01  1.826165e+01
   endloop
 endfacet
 facet normal -4.471505e-01 -6.558917e-01  6.081632e-01
   outer loop
     vertex  6.322329e+01  9.498117e+00  9.783990e+00
     vertex  6.162934e+01  1.308379e+01  1.247912e+01
     vertex  6.051563e+01  1.316346e+01  1.174618e+01
   endloop
 endfacet
 facet normal -4.471505e-01 -6.558917e-01  6.081632e-01
   outer loop
     vertex  6.322329e+01  9.498117e+00  9.783990e+00
     vertex  6.051563e+01  1.316346e+01  1.174618e+01
     vertex  6.200282e+01  9.585421e+00  8.980797e+00
   endloop
 endfacet
 facet normal -2.843323e-01 -6.559626e-01  6.991911e-01
   outer loop
     vertex  5.782138e+01  6.318607e+00  3.352145e+00
     vertex  5.632919e+01  6.378462e+00  2.801487e+00
     vertex  5.577229e+01  3.633746e+00  0.000000e+00
   endloop
 endfacet
 facet normal -2.819033e-01 -6.649643e-01  6.916307e-01
   outer loop
     vertex  5.782138e+01  6.318607e+00  3.352145e+00
     vertex  5.679013e+01  9.871613e+00  6.347831e+00
     vertex  5.541796e+01  9.926653e+00  5.841463e+00
   endloop
 endfacet
 facet normal -2.819033e-01 -6.649643e-01  6.916307e-01
   outer loop
     vertex  5.782138e+01  6.318607e+00  3.352145e+00
     vertex  5.541796e+01  9.926653e+00  5.841463e+00
     vertex  5.632919e+01  6.378462e+00  2.801487e+00
   endloop
 endfacet
 facet normal -2.863565e-01 -6.606955e-01  6.938886e-01
   outer loop
     vertex  5.782138e+01  6.318607e+00  3.352145e+00
     vertex  5.655780e+01  3.345709e+00  0.000000e+00
     vertex  5.979151e+01  2.723672e+00  7.422201e-01
   endloop
 endfacet
 facet normal -2.480544e-01 -6.764690e-01  6.934397e-01
   outer loop
     vertex  5.782138e+01  6.318607e+00  3.352145e+00
     vertex  5.577229e+01  3.633746e+00  0.000000e+00
     vertex  5.655780e+01  3.345709e+00  0.000000e+00
   endloop
 endfacet
 facet normal -7.844348e-01 -6.047471e-01  1.376332e-01
   outer loop
     vertex  6.792541e+01  1.874492e+01  3.176344e+01
     vertex  6.520682e+01  2.250968e+01  3.281096e+01
     vertex  6.496933e+01  2.260925e+01  3.189490e+01
   endloop
 endfacet
 facet normal -7.844348e-01 -6.047471e-01  1.376332e-01
   outer loop
     vertex  6.792541e+01  1.874492e+01  3.176344e+01
     vertex  6.496933e+01  2.260925e+01  3.189490e+01
     vertex  6.765597e+01  1.885788e+01  3.072413e+01
   endloop
 endfacet
 facet normal -7.179441e-01 -6.234432e-01  3.096367e-01
   outer loop
     vertex  6.861208e+01  1.559311e+01  2.507671e+01
     vertex  6.560888e+01  1.939628e+01  2.577085e+01
     vertex  6.805276e+01  1.570876e+01  2.401271e+01
   endloop
 endfacet
 facet normal -7.179441e-01 -6.234432e-01  3.096367e-01
   outer loop
     vertex  6.861208e+01  1.559311e+01  2.507671e+01
     vertex  6.610890e+01  1.929289e+01  2.672206e+01
     vertex  6.560888e+01  1.939628e+01  2.577085e+01
   endloop
 endfacet
 facet normal -6.138657e-01 -6.400166e-01  4.621122e-01
   outer loop
     vertex  6.750068e+01  1.249832e+01  1.786545e+01
     vertex  6.534397e+01  1.614011e+01  2.004430e+01
     vertex  6.455601e+01  1.623900e+01  1.913454e+01
   endloop
 endfacet
 facet normal -6.138657e-01 -6.400166e-01  4.621122e-01
   outer loop
     vertex  6.750068e+01  1.249832e+01  1.786545e+01
     vertex  6.455601e+01  1.623900e+01  1.913454e+01
     vertex  6.662919e+01  1.260769e+01  1.685924e+01
   endloop
 endfacet
 facet normal -4.776486e-01 -6.535997e-01  5.870768e-01
   outer loop
     vertex  6.440543e+01  9.404859e+00  1.064196e+01
     vertex  6.162934e+01  1.308379e+01  1.247912e+01
     vertex  6.322329e+01  9.498117e+00  9.783990e+00
   endloop
 endfacet
 facet normal -4.776486e-01 -6.535997e-01  5.870768e-01
   outer loop
     vertex  6.440543e+01  9.404859e+00  1.064196e+01
     vertex  6.270809e+01  1.299869e+01  1.326205e+01
     vertex  6.162934e+01  1.308379e+01  1.247912e+01
   endloop
 endfacet
 facet normal -3.164245e-01 -6.634814e-01  6.779882e-01
   outer loop
     vertex  5.928660e+01  6.251424e+00  3.970236e+00
     vertex  5.813750e+01  9.809833e+00  6.916207e+00
     vertex  5.679013e+01  9.871613e+00  6.347831e+00
   endloop
 endfacet
 facet normal -3.296106e-01 -6.625886e-01  6.725573e-01
   outer loop
     vertex  5.928660e+01  6.251424e+00  3.970236e+00
     vertex  5.979151e+01  2.723672e+00  7.422201e-01
     vertex  6.071439e+01  2.679265e+00  1.150764e+00
   endloop
 endfacet
 facet normal -3.491018e-01 -6.625721e-01  6.626660e-01
   outer loop
     vertex  5.928660e+01  6.251424e+00  3.970236e+00
     vertex  6.071439e+01  2.679265e+00  1.150764e+00
     vertex  6.162587e+01  2.632188e+00  1.583873e+00
   endloop
 endfacet
 facet normal -3.160529e-01 -6.646912e-01  6.769758e-01
   outer loop
     vertex  5.928660e+01  6.251424e+00  3.970236e+00
     vertex  5.782138e+01  6.318607e+00  3.352145e+00
     vertex  5.979151e+01  2.723672e+00  7.422201e-01
   endloop
 endfacet
 facet normal -3.164245e-01 -6.634814e-01  6.779882e-01
   outer loop
     vertex  5.928660e+01  6.251424e+00  3.970236e+00
     vertex  5.679013e+01  9.871613e+00  6.347831e+00
     vertex  5.782138e+01  6.318607e+00  3.352145e+00
   endloop
 endfacet
 facet normal -7.928791e-01 -6.008380e-01  1.016688e-01
   outer loop
     vertex  6.814664e+01  1.863073e+01  3.281393e+01
     vertex  6.540182e+01  2.240903e+01  3.373688e+01
     vertex  6.520682e+01  2.250968e+01  3.281096e+01
   endloop
 endfacet
 facet normal -7.928791e-01 -6.008380e-01  1.016688e-01
   outer loop
     vertex  6.814664e+01  1.863073e+01  3.281393e+01
     vertex  6.520682e+01  2.250968e+01  3.281096e+01
     vertex  6.792541e+01  1.874492e+01  3.176344e+01
   endloop
 endfacet
 facet normal -7.996558e-01 -5.968911e-01  6.535731e-02
   outer loop
     vertex  6.814664e+01  1.863073e+01  3.281393e+01
     vertex  6.555391e+01  2.230753e+01  3.467071e+01
     vertex  6.540182e+01  2.240903e+01  3.373688e+01
   endloop
 endfacet
 facet normal -7.343905e-01 -6.198437e-01  2.765219e-01
   outer loop
     vertex  6.912174e+01  1.547481e+01  2.616510e+01
     vertex  6.610890e+01  1.929289e+01  2.672206e+01
     vertex  6.861208e+01  1.559311e+01  2.507671e+01
   endloop
 endfacet
 facet normal -7.343905e-01 -6.198437e-01  2.765219e-01
   outer loop
     vertex  6.912174e+01  1.547481e+01  2.616510e+01
     vertex  6.656453e+01  1.918713e+01  2.769506e+01
     vertex  6.610890e+01  1.929289e+01  2.672206e+01
   endloop
 endfacet
 facet normal -7.492924e-01 -6.161666e-01  2.426924e-01
   outer loop
     vertex  6.912174e+01  1.547481e+01  2.616510e+01
     vertex  6.697481e+01  1.907922e+01  2.868781e+01
     vertex  6.656453e+01  1.918713e+01  2.769506e+01
   endloop
 endfacet
 facet normal -6.374532e-01 -6.369154e-01  4.335808e-01
   outer loop
     vertex  6.832486e+01  1.238475e+01  1.891032e+01
     vertex  6.534397e+01  1.614011e+01  2.004430e+01
     vertex  6.750068e+01  1.249832e+01  1.786545e+01
   endloop
 endfacet
 facet normal -6.374532e-01 -6.369154e-01  4.335808e-01
   outer loop
     vertex  6.832486e+01  1.238475e+01  1.891032e+01
     vertex  6.608914e+01  1.603743e+01  2.098902e+01
     vertex  6.534397e+01  1.614011e+01  2.004430e+01
   endloop
 endfacet
 facet normal -6.597001e-01 -6.337005e-01  4.040043e-01
   outer loop
     vertex  6.832486e+01  1.238475e+01  1.891032e+01
     vertex  6.678997e+01  1.593115e+01  2.196671e+01
     vertex  6.608914e+01  1.603743e+01  2.098902e+01
   endloop
 endfacet
 facet normal -5.071423e-01 -6.511590e-01  5.646225e-01
   outer loop
     vertex  6.554677e+01  9.305842e+00  1.155292e+01
     vertex  6.270809e+01  1.299869e+01  1.326205e+01
     vertex  6.440543e+01  9.404859e+00  1.064196e+01
   endloop
 endfacet
 facet normal -5.071423e-01 -6.511590e-01  5.646225e-01
   outer loop
     vertex  6.554677e+01  9.305842e+00  1.155292e+01
     vertex  6.374960e+01  1.290833e+01  1.409333e+01
     vertex  6.270809e+01  1.299869e+01  1.326205e+01
   endloop
 endfacet
 facet normal -3.502802e-01 -6.618290e-01  6.627866e-01
   outer loop
     vertex  6.072179e+01  6.177052e+00  4.654459e+00
     vertex  5.945725e+01  9.741442e+00  7.545397e+00
     vertex  5.813750e+01  9.809833e+00  6.916207e+00
   endloop
 endfacet
 facet normal -3.502802e-01 -6.618290e-01  6.627866e-01
   outer loop
     vertex  6.072179e+01  6.177052e+00  4.654459e+00
     vertex  5.813750e+01  9.809833e+00  6.916207e+00
     vertex  5.928660e+01  6.251424e+00  3.970236e+00
   endloop
 endfacet
 facet normal -3.690132e-01 -6.605084e-01  6.538791e-01
   outer loop
     vertex  6.072179e+01  6.177052e+00  4.654459e+00
     vertex  6.162587e+01  2.632188e+00  1.583873e+00
     vertex  6.252529e+01  2.582474e+00  2.041235e+00
   endloop
 endfacet
 facet normal -3.499748e-01 -6.627290e-01  6.620482e-01
   outer loop
     vertex  6.072179e+01  6.177052e+00  4.654459e+00
     vertex  5.928660e+01  6.251424e+00  3.970236e+00
     vertex  6.162587e+01  2.632188e+00  1.583873e+00
   endloop
 endfacet
 facet normal -7.996558e-01 -5.968911e-01  6.535731e-02
   outer loop
     vertex  6.831919e+01  1.851557e+01  3.387340e+01
     vertex  6.555391e+01  2.230753e+01  3.467071e+01
     vertex  6.814664e+01  1.863073e+01  3.281393e+01
   endloop
 endfacet
 facet normal -7.492924e-01 -6.161666e-01  2.426924e-01
   outer loop
     vertex  6.958068e+01  1.535411e+01  2.727556e+01
     vertex  6.697481e+01  1.907922e+01  2.868781e+01
     vertex  6.912174e+01  1.547481e+01  2.616510e+01
   endloop
 endfacet
 facet normal -6.597001e-01 -6.337005e-01  4.040043e-01
   outer loop
     vertex  6.909998e+01  1.226721e+01  1.999166e+01
     vertex  6.678997e+01  1.593115e+01  2.196671e+01
     vertex  6.832486e+01  1.238475e+01  1.891032e+01
   endloop
 endfacet
 facet normal -5.355694e-01 -6.485748e-01  5.408476e-01
   outer loop
     vertex  6.664489e+01  9.201276e+00  1.251493e+01
     vertex  6.374960e+01  1.290833e+01  1.409333e+01
     vertex  6.554677e+01  9.305842e+00  1.155292e+01
   endloop
 endfacet
 facet normal -5.628702e-01 -6.458525e-01  5.158020e-01
   outer loop
     vertex  6.664489e+01  9.201276e+00  1.251493e+01
     vertex  6.571221e+01  1.271263e+01  1.589382e+01
     vertex  6.475167e+01  1.281291e+01  1.497120e+01
   endloop
 endfacet
 facet normal -5.355694e-01 -6.485748e-01  5.408476e-01
   outer loop
     vertex  6.664489e+01  9.201276e+00  1.251493e+01
     vertex  6.475167e+01  1.281291e+01  1.497120e+01
     vertex  6.374960e+01  1.290833e+01  1.409333e+01
   endloop
 endfacet
 facet normal -4.157120e-01 -6.580302e-01  6.278374e-01
   outer loop
     vertex  6.212390e+01  6.095648e+00  5.403375e+00
     vertex  6.200282e+01  9.585421e+00  8.980797e+00
     vertex  6.074659e+01  9.666586e+00  8.234076e+00
   endloop
 endfacet
 facet normal -3.881009e-01 -6.599711e-01  6.432852e-01
   outer loop
     vertex  6.212390e+01  6.095648e+00  5.403375e+00
     vertex  6.252529e+01  2.582474e+00  2.041235e+00
     vertex  6.341198e+01  2.530161e+00  2.522517e+00
   endloop
 endfacet
 facet normal -4.072363e-01 -6.584871e-01  6.328928e-01
   outer loop
     vertex  6.212390e+01  6.095648e+00  5.403375e+00
     vertex  6.341198e+01  2.530161e+00  2.522517e+00
     vertex  6.428531e+01  2.475286e+00  3.027370e+00
   endloop
 endfacet
 facet normal -3.833992e-01 -6.600107e-01  6.460580e-01
   outer loop
     vertex  6.212390e+01  6.095648e+00  5.403375e+00
     vertex  5.945725e+01  9.741442e+00  7.545397e+00
     vertex  6.072179e+01  6.177052e+00  4.654459e+00
   endloop
 endfacet
 facet normal -3.829739e-01 -6.611575e-01  6.451370e-01
   outer loop
     vertex  6.212390e+01  6.095648e+00  5.403375e+00
     vertex  6.072179e+01  6.177052e+00  4.654459e+00
     vertex  6.252529e+01  2.582474e+00  2.041235e+00
   endloop
 endfacet
 facet normal -3.833992e-01 -6.600107e-01  6.460580e-01
   outer loop
     vertex  6.212390e+01  6.095648e+00  5.403375e+00
     vertex  6.074659e+01  9.666586e+00  8.234076e+00
     vertex  5.945725e+01  9.741442e+00  7.545397e+00
   endloop
 endfacet
 facet normal -8.081537e-01 -5.889174e-01 -8.000783e-03
   outer loop
     vertex  6.844270e+01  1.839968e+01  3.493962e+01
     vertex  6.572818e+01  2.210280e+01  3.655425e+01
     vertex  6.566277e+01  2.220538e+01  3.561050e+01
   endloop
 endfacet
 facet normal -8.047510e-01 -5.929147e-01  2.877514e-02
   outer loop
     vertex  6.844270e+01  1.839968e+01  3.493962e+01
     vertex  6.555391e+01  2.230753e+01  3.467071e+01
     vertex  6.831919e+01  1.851557e+01  3.387340e+01
   endloop
 endfacet
 facet normal -8.047510e-01 -5.929147e-01  2.877514e-02
   outer loop
     vertex  6.844270e+01  1.839968e+01  3.493962e+01
     vertex  6.566277e+01  2.220538e+01  3.561050e+01
     vertex  6.555391e+01  2.230753e+01  3.467071e+01
   endloop
 endfacet
 facet normal -7.626186e-01 -6.124195e-01  2.082192e-01
   outer loop
     vertex  6.998792e+01  1.523126e+01  2.840578e+01
     vertex  6.697481e+01  1.907922e+01  2.868781e+01
     vertex  6.958068e+01  1.535411e+01  2.727556e+01
   endloop
 endfacet
 facet normal -7.626186e-01 -6.124195e-01  2.082192e-01
   outer loop
     vertex  6.998792e+01  1.523126e+01  2.840578e+01
     vertex  6.733888e+01  1.896940e+01  2.969820e+01
     vertex  6.697481e+01  1.907922e+01  2.868781e+01
   endloop
 endfacet
 facet normal -6.805596e-01 -6.303789e-01  3.734450e-01
   outer loop
     vertex  6.982442e+01  1.214596e+01  2.110719e+01
     vertex  6.744497e+01  1.582152e+01  2.297531e+01
     vertex  6.678997e+01  1.593115e+01  2.196671e+01
   endloop
 endfacet
 facet normal -6.805596e-01 -6.303789e-01  3.734450e-01
   outer loop
     vertex  6.982442e+01  1.214596e+01  2.110719e+01
     vertex  6.678997e+01  1.593115e+01  2.196671e+01
     vertex  6.909998e+01  1.226721e+01  1.999166e+01
   endloop
 endfacet
 facet normal -5.628702e-01 -6.458525e-01  5.158020e-01
   outer loop
     vertex  6.769750e+01  9.091379e+00  1.352598e+01
     vertex  6.571221e+01  1.271263e+01  1.589382e+01
     vertex  6.664489e+01  9.201276e+00  1.251493e+01
   endloop
 endfacet
 facet normal -4.259979e-01 -6.571671e-01  6.218177e-01
   outer loop
     vertex  6.349001e+01  6.007383e+00  6.215410e+00
     vertex  6.428531e+01  2.475286e+00  3.027370e+00
     vertex  6.514465e+01  2.417888e+00  3.555427e+00
   endloop
 endfacet
 facet normal -4.441378e-01 -6.565325e-01  6.096775e-01
   outer loop
     vertex  6.349001e+01  6.007383e+00  6.215410e+00
     vertex  6.514465e+01  2.417888e+00  3.555427e+00
     vertex  6.598936e+01  2.358010e+00  4.106305e+00
   endloop
 endfacet
 facet normal -4.152087e-01 -6.592839e-01  6.268545e-01
   outer loop
     vertex  6.349001e+01  6.007383e+00  6.215410e+00
     vertex  6.212390e+01  6.095648e+00  5.403375e+00
     vertex  6.428531e+01  2.475286e+00  3.027370e+00
   endloop
 endfacet
 facet normal -4.157120e-01 -6.580302e-01  6.278374e-01
   outer loop
     vertex  6.349001e+01  6.007383e+00  6.215410e+00
     vertex  6.200282e+01  9.585421e+00  8.980797e+00
     vertex  6.212390e+01  6.095648e+00  5.403375e+00
   endloop
 endfacet
 facet normal -8.098568e-01 -5.849073e-01 -4.489313e-02
   outer loop
     vertex  6.851691e+01  1.828330e+01  3.601035e+01
     vertex  6.854167e+01  1.816667e+01  3.708333e+01
     vertex  6.572818e+01  2.210280e+01  3.655425e+01
   endloop
 endfacet
 facet normal -8.081537e-01 -5.889174e-01 -8.000783e-03
   outer loop
     vertex  6.851691e+01  1.828330e+01  3.601035e+01
     vertex  6.572818e+01  2.210280e+01  3.655425e+01
     vertex  6.844270e+01  1.839968e+01  3.493962e+01
   endloop
 endfacet
 facet normal -7.743409e-01 -6.086104e-01  1.731749e-01
   outer loop
     vertex  7.034260e+01  1.510652e+01  2.955337e+01
     vertex  6.765597e+01  1.885788e+01  3.072413e+01
     vertex  6.733888e+01  1.896940e+01  2.969820e+01
   endloop
 endfacet
 facet normal -7.743409e-01 -6.086104e-01  1.731749e-01
   outer loop
     vertex  7.034260e+01  1.510652e+01  2.955337e+01
     vertex  6.733888e+01  1.896940e+01  2.969820e+01
     vertex  6.998792e+01  1.523126e+01  2.840578e+01
   endloop
 endfacet
 facet normal -6.999879e-01 -6.269573e-01  3.419670e-01
   outer loop
     vertex  7.049665e+01  1.202124e+01  2.225456e+01
     vertex  6.805276e+01  1.570876e+01  2.401271e+01
     vertex  6.744497e+01  1.582152e+01  2.297531e+01
   endloop
 endfacet
 facet normal -6.999879e-01 -6.269573e-01  3.419670e-01
   outer loop
     vertex  7.049665e+01  1.202124e+01  2.225456e+01
     vertex  6.744497e+01  1.582152e+01  2.297531e+01
     vertex  6.982442e+01  1.214596e+01  2.110719e+01
   endloop
 endfacet
 facet normal -5.889873e-01 -6.429977e-01  4.895385e-01
   outer loop
     vertex  6.870237e+01  8.976382e+00  1.458395e+01
     vertex  6.662919e+01  1.260769e+01  1.685924e+01
     vertex  6.571221e+01  1.271263e+01  1.589382e+01
   endloop
 endfacet
 facet normal -5.889873e-01 -6.429977e-01  4.895385e-01
   outer loop
     vertex  6.870237e+01  8.976382e+00  1.458395e+01
     vertex  6.571221e+01  1.271263e+01  1.589382e+01
     vertex  6.769750e+01  9.091379e+00  1.352598e+01
   endloop
 endfacet
 facet normal -4.466967e-01 -6.569452e-01  6.073591e-01
   outer loop
     vertex  6.481723e+01  5.912443e+00  7.088856e+00
     vertex  6.349001e+01  6.007383e+00  6.215410e+00
     vertex  6.598936e+01  2.358010e+00  4.106305e+00
   endloop
 endfacet
 facet normal -4.625624e-01 -6.544307e-01  5.981275e-01
   outer loop
     vertex  6.481723e+01  5.912443e+00  7.088856e+00
     vertex  6.598936e+01  2.358010e+00  4.106305e+00
     vertex  6.681884e+01  2.295695e+00  4.679604e+00
   endloop
 endfacet
 facet normal -4.471505e-01 -6.558917e-01  6.081632e-01
   outer loop
     vertex  6.481723e+01  5.912443e+00  7.088856e+00
     vertex  6.322329e+01  9.498117e+00  9.783990e+00
     vertex  6.200282e+01  9.585421e+00  8.980797e+00
   endloop
 endfacet
 facet normal -4.471505e-01 -6.558917e-01  6.081632e-01
   outer loop
     vertex  6.481723e+01  5.912443e+00  7.088856e+00
     vertex  6.200282e+01  9.585421e+00  8.980797e+00
     vertex  6.349001e+01  6.007383e+00  6.215410e+00
   endloop
 endfacet
 facet normal -7.844348e-01 -6.047471e-01  1.376332e-01
   outer loop
     vertex  7.064400e+01  1.498015e+01  3.071592e+01
     vertex  6.792541e+01  1.874492e+01  3.176344e+01
     vertex  6.765597e+01  1.885788e+01  3.072413e+01
   endloop
 endfacet
 facet normal -7.844348e-01 -6.047471e-01  1.376332e-01
   outer loop
     vertex  7.064400e+01  1.498015e+01  3.071592e+01
     vertex  6.765597e+01  1.885788e+01  3.072413e+01
     vertex  7.034260e+01  1.510652e+01  2.955337e+01
   endloop
 endfacet
 facet normal -7.179441e-01 -6.234432e-01  3.096367e-01
   outer loop
     vertex  7.111526e+01  1.189333e+01  2.343137e+01
     vertex  6.805276e+01  1.570876e+01  2.401271e+01
     vertex  7.049665e+01  1.202124e+01  2.225456e+01
   endloop
 endfacet
 facet normal -7.179441e-01 -6.234432e-01  3.096367e-01
   outer loop
     vertex  7.111526e+01  1.189333e+01  2.343137e+01
     vertex  6.861208e+01  1.559311e+01  2.507671e+01
     vertex  6.805276e+01  1.570876e+01  2.401271e+01
   endloop
 endfacet
 facet normal -6.138657e-01 -6.400166e-01  4.621122e-01
   outer loop
     vertex  6.965740e+01  8.856529e+00  1.568660e+01
     vertex  6.750068e+01  1.249832e+01  1.786545e+01
     vertex  6.662919e+01  1.260769e+01  1.685924e+01
   endloop
 endfacet
 facet normal -6.138657e-01 -6.400166e-01  4.621122e-01
   outer loop
     vertex  6.965740e+01  8.856529e+00  1.568660e+01
     vertex  6.662919e+01  1.260769e+01  1.685924e+01
     vertex  6.870237e+01  8.976382e+00  1.458395e+01
   endloop
 endfacet
 facet normal -4.776486e-01 -6.535997e-01  5.870768e-01
   outer loop
     vertex  6.610278e+01  5.811028e+00  8.021875e+00
     vertex  6.322329e+01  9.498117e+00  9.783990e+00
     vertex  6.481723e+01  5.912443e+00  7.088856e+00
   endloop
 endfacet
 facet normal -4.799432e-01 -6.538697e-01  5.849008e-01
   outer loop
     vertex  6.610278e+01  5.811028e+00  8.021875e+00
     vertex  6.681884e+01  2.295695e+00  4.679604e+00
     vertex  6.763249e+01  2.230988e+00  5.274909e+00
   endloop
 endfacet
 facet normal -4.976577e-01 -6.517721e-01  5.723023e-01
   outer loop
     vertex  6.610278e+01  5.811028e+00  8.021875e+00
     vertex  6.763249e+01  2.230988e+00  5.274909e+00
     vertex  6.842971e+01  2.163936e+00  5.891786e+00
   endloop
 endfacet
 facet normal -4.771708e-01 -6.546404e-01  5.863054e-01
   outer loop
     vertex  6.610278e+01  5.811028e+00  8.021875e+00
     vertex  6.481723e+01  5.912443e+00  7.088856e+00
     vertex  6.681884e+01  2.295695e+00  4.679604e+00
   endloop
 endfacet
 facet normal -4.776486e-01 -6.535997e-01  5.870768e-01
   outer loop
     vertex  6.610278e+01  5.811028e+00  8.021875e+00
     vertex  6.440543e+01  9.404859e+00  1.064196e+01
     vertex  6.322329e+01  9.498117e+00  9.783990e+00
   endloop
 endfacet
 facet normal -7.928791e-01 -6.008380e-01  1.016688e-01
   outer loop
     vertex  7.089146e+01  1.485243e+01  3.189098e+01
     vertex  6.814664e+01  1.863073e+01  3.281393e+01
     vertex  6.792541e+01  1.874492e+01  3.176344e+01
   endloop
 endfacet
 facet normal -7.928791e-01 -6.008380e-01  1.016688e-01
   outer loop
     vertex  7.089146e+01  1.485243e+01  3.189098e+01
     vertex  6.792541e+01  1.874492e+01  3.176344e+01
     vertex  7.064400e+01  1.498015e+01  3.071592e+01
   endloop
 endfacet
 facet normal -7.996558e-01 -5.968911e-01  6.535731e-02
   outer loop
     vertex  7.089146e+01  1.485243e+01  3.189098e+01
     vertex  6.831919e+01  1.851557e+01  3.387340e+01
     vertex  6.814664e+01  1.863073e+01  3.281393e+01
   endloop
 endfacet
 facet normal -7.343905e-01 -6.198437e-01  2.765219e-01
   outer loop
     vertex  7.167895e+01  1.176249e+01  2.463513e+01
     vertex  6.912174e+01  1.547481e+01  2.616510e+01
     vertex  6.861208e+01  1.559311e+01  2.507671e+01
   endloop
 endfacet
 facet normal -7.343905e-01 -6.198437e-01  2.765219e-01
   outer loop
     vertex  7.167895e+01  1.176249e+01  2.463513e+01
     vertex  6.861208e+01  1.559311e+01  2.507671e+01
     vertex  7.111526e+01  1.189333e+01  2.343137e+01
   endloop
 endfacet
 facet normal -7.492924e-01 -6.161666e-01  2.426924e-01
   outer loop
     vertex  7.167895e+01  1.176249e+01  2.463513e+01
     vertex  6.958068e+01  1.535411e+01  2.727556e+01
     vertex  6.912174e+01  1.547481e+01  2.616510e+01
   endloop
 endfacet
 facet normal -6.597001e-01 -6.337005e-01  4.040043e-01
   outer loop
     vertex  7.056057e+01  8.732070e+00  1.683163e+01
     vertex  6.909998e+01  1.226721e+01  1.999166e+01
     vertex  6.832486e+01  1.238475e+01  1.891032e+01
   endloop
 endfacet
 facet normal -6.374532e-01 -6.369154e-01  4.335808e-01
   outer loop
     vertex  7.056057e+01  8.732070e+00  1.683163e+01
     vertex  6.832486e+01  1.238475e+01  1.891032e+01
     vertex  6.750068e+01  1.249832e+01  1.786545e+01
   endloop
 endfacet
 facet normal -6.374532e-01 -6.369154e-01  4.335808e-01
   outer loop
     vertex  7.056057e+01  8.732070e+00  1.683163e+01
     vertex  6.750068e+01  1.249832e+01  1.786545e+01
     vertex  6.965740e+01  8.856529e+00  1.568660e+01
   endloop
 endfacet
 facet normal -5.071423e-01 -6.511590e-01  5.646225e-01
   outer loop
     vertex  6.734394e+01  5.703351e+00  9.012506e+00
     vertex  6.440543e+01  9.404859e+00  1.064196e+01
     vertex  6.610278e+01  5.811028e+00  8.021875e+00
   endloop
 endfacet
 facet normal -5.071423e-01 -6.511590e-01  5.646225e-01
   outer loop
     vertex  6.734394e+01  5.703351e+00  9.012506e+00
     vertex  6.554677e+01  9.305842e+00  1.155292e+01
     vertex  6.440543e+01  9.404859e+00  1.064196e+01
   endloop
 endfacet
 facet normal -5.065294e-01 -6.524187e-01  5.637178e-01
   outer loop
     vertex  6.734394e+01  5.703351e+00  9.012506e+00
     vertex  6.610278e+01  5.811028e+00  8.021875e+00
     vertex  6.842971e+01  2.163936e+00  5.891786e+00
   endloop
 endfacet
 facet normal -5.146335e-01 -6.504345e-01  5.586478e-01
   outer loop
     vertex  6.734394e+01  5.703351e+00  9.012506e+00
     vertex  6.842971e+01  2.163936e+00  5.891786e+00
     vertex  6.920993e+01  2.094588e+00  6.529790e+00
   endloop
 endfacet
 facet normal -5.311535e-01 -6.492012e-01  5.444389e-01
   outer loop
     vertex  6.734394e+01  5.703351e+00  9.012506e+00
     vertex  6.920993e+01  2.094588e+00  6.529790e+00
     vertex  6.997257e+01  2.022994e+00  7.188455e+00
   endloop
 endfacet
 facet normal -7.996558e-01 -5.968911e-01  6.535731e-02
   outer loop
     vertex  7.108448e+01  1.472361e+01  3.307609e+01
     vertex  6.831919e+01  1.851557e+01  3.387340e+01
     vertex  7.089146e+01  1.485243e+01  3.189098e+01
   endloop
 endfacet
 facet normal -7.492924e-01 -6.161666e-01  2.426924e-01
   outer loop
     vertex  7.218654e+01  1.162899e+01  2.586332e+01
     vertex  6.958068e+01  1.535411e+01  2.727556e+01
     vertex  7.167895e+01  1.176249e+01  2.463513e+01
   endloop
 endfacet
 facet normal -6.597001e-01 -6.337005e-01  4.040043e-01
   outer loop
     vertex  7.140999e+01  8.603267e+00  1.801661e+01
     vertex  6.909998e+01  1.226721e+01  1.999166e+01
     vertex  7.056057e+01  8.732070e+00  1.683163e+01
   endloop
 endfacet
 facet normal -5.349698e-01 -6.497448e-01  5.400360e-01
   outer loop
     vertex  6.853812e+01  5.589638e+00  1.005867e+01
     vertex  6.734394e+01  5.703351e+00  9.012506e+00
     vertex  6.997257e+01  2.022994e+00  7.188455e+00
   endloop
 endfacet
 facet normal -5.355694e-01 -6.485748e-01  5.408476e-01
   outer loop
     vertex  6.853812e+01  5.589638e+00  1.005867e+01
     vertex  6.664489e+01  9.201276e+00  1.251493e+01
     vertex  6.554677e+01  9.305842e+00  1.155292e+01
   endloop
 endfacet
 facet normal -5.477143e-01 -6.470876e-01  5.303646e-01
   outer loop
     vertex  6.853812e+01  5.589638e+00  1.005867e+01
     vertex  6.997257e+01  2.022994e+00  7.188455e+00
     vertex  7.071710e+01  1.949206e+00  7.867305e+00
   endloop
 endfacet
 facet normal -5.355694e-01 -6.485748e-01  5.408476e-01
   outer loop
     vertex  6.853812e+01  5.589638e+00  1.005867e+01
     vertex  6.554677e+01  9.305842e+00  1.155292e+01
     vertex  6.734394e+01  5.703351e+00  9.012506e+00
   endloop
 endfacet
 facet normal -5.628702e-01 -6.458525e-01  5.158020e-01
   outer loop
     vertex  6.853812e+01  5.589638e+00  1.005867e+01
     vertex  6.769750e+01  9.091379e+00  1.352598e+01
     vertex  6.664489e+01  9.201276e+00  1.251493e+01
   endloop
 endfacet
 facet normal -8.047510e-01 -5.929147e-01  2.877514e-02
   outer loop
     vertex  7.122263e+01  1.459398e+01  3.426874e+01
     vertex  6.831919e+01  1.851557e+01  3.387340e+01
     vertex  7.108448e+01  1.472361e+01  3.307609e+01
   endloop
 endfacet
 facet normal -8.047510e-01 -5.929147e-01  2.877514e-02
   outer loop
     vertex  7.122263e+01  1.459398e+01  3.426874e+01
     vertex  6.844270e+01  1.839968e+01  3.493962e+01
     vertex  6.831919e+01  1.851557e+01  3.387340e+01
   endloop
 endfacet
 facet normal -8.081537e-01 -5.889174e-01 -8.000783e-03
   outer loop
     vertex  7.122263e+01  1.459398e+01  3.426874e+01
     vertex  6.851691e+01  1.828330e+01  3.601035e+01
     vertex  6.844270e+01  1.839968e+01  3.493962e+01
   endloop
 endfacet
 facet normal -7.626186e-01 -6.124195e-01  2.082192e-01
   outer loop
     vertex  7.263695e+01  1.149311e+01  2.711335e+01
     vertex  6.998792e+01  1.523126e+01  2.840578e+01
     vertex  6.958068e+01  1.535411e+01  2.727556e+01
   endloop
 endfacet
 facet normal -7.626186e-01 -6.124195e-01  2.082192e-01
   outer loop
     vertex  7.263695e+01  1.149311e+01  2.711335e+01
     vertex  6.958068e+01  1.535411e+01  2.727556e+01
     vertex  7.218654e+01  1.162899e+01  2.586332e+01
   endloop
 endfacet
 facet normal -6.805596e-01 -6.303789e-01  3.734450e-01
   outer loop
     vertex  7.220387e+01  8.470392e+00  1.923906e+01
     vertex  6.982442e+01  1.214596e+01  2.110719e+01
     vertex  6.909998e+01  1.226721e+01  1.999166e+01
   endloop
 endfacet
 facet normal -6.805596e-01 -6.303789e-01  3.734450e-01
   outer loop
     vertex  7.220387e+01  8.470392e+00  1.923906e+01
     vertex  6.909998e+01  1.226721e+01  1.999166e+01
     vertex  7.140999e+01  8.603267e+00  1.801661e+01
   endloop
 endfacet
 facet normal -5.628702e-01 -6.458525e-01  5.158020e-01
   outer loop
     vertex  6.968279e+01  5.470128e+00  1.115815e+01
     vertex  6.769750e+01  9.091379e+00  1.352598e+01
     vertex  6.853812e+01  5.589638e+00  1.005867e+01
   endloop
 endfacet
 facet normal -5.630319e-01 -6.465317e-01  5.147736e-01
   outer loop
     vertex  6.968279e+01  5.470128e+00  1.115815e+01
     vertex  7.071710e+01  1.949206e+00  7.867305e+00
     vertex  7.144295e+01  1.873277e+00  8.565847e+00
   endloop
 endfacet
 facet normal -5.790619e-01 -6.438410e-01  5.001560e-01
   outer loop
     vertex  6.968279e+01  5.470128e+00  1.115815e+01
     vertex  7.144295e+01  1.873277e+00  8.565847e+00
     vertex  7.214962e+01  1.795264e+00  9.283574e+00
   endloop
 endfacet
 facet normal -5.623902e-01 -6.467465e-01  5.152051e-01
   outer loop
     vertex  6.968279e+01  5.470128e+00  1.115815e+01
     vertex  6.853812e+01  5.589638e+00  1.005867e+01
     vertex  7.071710e+01  1.949206e+00  7.867305e+00
   endloop
 endfacet
 facet normal -8.098568e-01 -5.849073e-01 -4.489313e-02
   outer loop
     vertex  7.130564e+01  1.446379e+01  3.546644e+01
     vertex  7.133333e+01  1.433333e+01  3.666667e+01
     vertex  6.854167e+01  1.816667e+01  3.708333e+01
   endloop
 endfacet
 facet normal -8.081537e-01 -5.889174e-01 -8.000783e-03
   outer loop
     vertex  7.130564e+01  1.446379e+01  3.546644e+01
     vertex  6.851691e+01  1.828330e+01  3.601035e+01
     vertex  7.122263e+01  1.459398e+01  3.426874e+01
   endloop
 endfacet
 facet normal -8.098568e-01 -5.849073e-01 -4.489313e-02
   outer loop
     vertex  7.130564e+01  1.446379e+01  3.546644e+01
     vertex  6.854167e+01  1.816667e+01  3.708333e+01
     vertex  6.851691e+01  1.828330e+01  3.601035e+01
   endloop
 endfacet
 facet normal -7.844348e-01 -6.047471e-01  1.376332e-01
   outer loop
     vertex  7.302924e+01  1.135515e+01  2.838260e+01
     vertex  7.064400e+01  1.498015e+01  3.071592e+01
     vertex  7.034260e+01  1.510652e+01  2.955337e+01
   endloop
 endfacet
 facet normal -7.743409e-01 -6.086104e-01  1.731749e-01
   outer loop
     vertex  7.302924e+01  1.135515e+01  2.838260e+01
     vertex  6.998792e+01  1.523126e+01  2.840578e+01
     vertex  7.263695e+01  1.149311e+01  2.711335e+01
   endloop
 endfacet
 facet normal -7.743409e-01 -6.086104e-01  1.731749e-01
   outer loop
     vertex  7.302924e+01  1.135515e+01  2.838260e+01
     vertex  7.034260e+01  1.510652e+01  2.955337e+01
     vertex  6.998792e+01  1.523126e+01  2.840578e+01
   endloop
 endfacet
 facet normal -6.999879e-01 -6.269573e-01  3.419670e-01
   outer loop
     vertex  7.294053e+01  8.333723e+00  2.049641e+01
     vertex  6.982442e+01  1.214596e+01  2.110719e+01
     vertex  7.220387e+01  8.470392e+00  1.923906e+01
   endloop
 endfacet
 facet normal -6.999879e-01 -6.269573e-01  3.419670e-01
   outer loop
     vertex  7.294053e+01  8.333723e+00  2.049641e+01
     vertex  7.049665e+01  1.202124e+01  2.225456e+01
     vertex  6.982442e+01  1.214596e+01  2.110719e+01
   endloop
 endfacet
 facet normal -5.882995e-01 -6.442246e-01  4.887518e-01
   outer loop
     vertex  7.077556e+01  5.345074e+00  1.230866e+01
     vertex  6.968279e+01  5.470128e+00  1.115815e+01
     vertex  7.214962e+01  1.795264e+00  9.283574e+00
   endloop
 endfacet
 facet normal -5.889873e-01 -6.429977e-01  4.895385e-01
   outer loop
     vertex  7.077556e+01  5.345074e+00  1.230866e+01
     vertex  6.769750e+01  9.091379e+00  1.352598e+01
     vertex  6.968279e+01  5.470128e+00  1.115815e+01
   endloop
 endfacet
 facet normal -5.939040e-01 -6.425162e-01  4.842014e-01
   outer loop
     vertex  7.077556e+01  5.345074e+00  1.230866e+01
     vertex  7.214962e+01  1.795264e+00  9.283574e+00
     vertex  7.283658e+01  1.715221e+00  1.001996e+01
   endloop
 endfacet
 facet normal -6.085595e-01 -6.407070e-01  4.681345e-01
   outer loop
     vertex  7.077556e+01  5.345074e+00  1.230866e+01
     vertex  7.283658e+01  1.715221e+00  1.001996e+01
     vertex  7.350334e+01  1.633208e+00  1.077448e+01
   endloop
 endfacet
 facet normal -5.889873e-01 -6.429977e-01  4.895385e-01
   outer loop
     vertex  7.077556e+01  5.345074e+00  1.230866e+01
     vertex  6.870237e+01  8.976382e+00  1.458395e+01
     vertex  6.769750e+01  9.091379e+00  1.352598e+01
   endloop
 endfacet
 facet normal -7.844348e-01 -6.047471e-01  1.376332e-01
   outer loop
     vertex  7.336259e+01  1.121539e+01  2.966839e+01
     vertex  7.064400e+01  1.498015e+01  3.071592e+01
     vertex  7.302924e+01  1.135515e+01  2.838260e+01
   endloop
 endfacet
 facet normal -7.179441e-01 -6.234432e-01  3.096367e-01
   outer loop
     vertex  7.361844e+01  8.193549e+00  2.178602e+01
     vertex  7.111526e+01  1.189333e+01  2.343137e+01
     vertex  7.049665e+01  1.202124e+01  2.225456e+01
   endloop
 endfacet
 facet normal -7.179441e-01 -6.234432e-01  3.096367e-01
   outer loop
     vertex  7.361844e+01  8.193549e+00  2.178602e+01
     vertex  7.049665e+01  1.202124e+01  2.225456e+01
     vertex  7.294053e+01  8.333723e+00  2.049641e+01
   endloop
 endfacet
 facet normal -6.138657e-01 -6.400166e-01  4.621122e-01
   outer loop
     vertex  7.181412e+01  5.214737e+00  1.350776e+01
     vertex  6.965740e+01  8.856529e+00  1.568660e+01
     vertex  6.870237e+01  8.976382e+00  1.458395e+01
   endloop
 endfacet
 facet normal -6.131379e-01 -6.412658e-01  4.613460e-01
   outer loop
     vertex  7.181412e+01  5.214737e+00  1.350776e+01
     vertex  7.077556e+01  5.345074e+00  1.230866e+01
     vertex  7.350334e+01  1.633208e+00  1.077448e+01
   endloop
 endfacet
 facet normal -6.138657e-01 -6.400166e-01  4.621122e-01
   outer loop
     vertex  7.181412e+01  5.214737e+00  1.350776e+01
     vertex  6.870237e+01  8.976382e+00  1.458395e+01
     vertex  7.077556e+01  5.345074e+00  1.230866e+01
   endloop
 endfacet
 facet normal -6.229177e-01 -6.386132e-01  4.518259e-01
   outer loop
     vertex  7.181412e+01  5.214737e+00  1.350776e+01
     vertex  7.350334e+01  1.633208e+00  1.077448e+01
     vertex  7.414942e+01  1.549284e+00  1.154659e+01
   endloop
 endfacet
 facet normal -6.360980e-01 -6.376977e-01  4.344203e-01
   outer loop
     vertex  7.181412e+01  5.214737e+00  1.350776e+01
     vertex  7.414942e+01  1.549284e+00  1.154659e+01
     vertex  7.477434e+01  1.463510e+00  1.233571e+01
   endloop
 endfacet
 facet normal -7.928791e-01 -6.008380e-01  1.016688e-01
   outer loop
     vertex  7.363628e+01  1.107413e+01  3.096803e+01
     vertex  7.089146e+01  1.485243e+01  3.189098e+01
     vertex  7.064400e+01  1.498015e+01  3.071592e+01
   endloop
 endfacet
 facet normal -7.928791e-01 -6.008380e-01  1.016688e-01
   outer loop
     vertex  7.363628e+01  1.107413e+01  3.096803e+01
     vertex  7.064400e+01  1.498015e+01  3.071592e+01
     vertex  7.336259e+01  1.121539e+01  2.966839e+01
   endloop
 endfacet
 facet normal -7.343905e-01 -6.198437e-01  2.765219e-01
   outer loop
     vertex  7.423616e+01  8.050163e+00  2.310516e+01
     vertex  7.167895e+01  1.176249e+01  2.463513e+01
     vertex  7.111526e+01  1.189333e+01  2.343137e+01
   endloop
 endfacet
 facet normal -7.343905e-01 -6.198437e-01  2.765219e-01
   outer loop
     vertex  7.423616e+01  8.050163e+00  2.310516e+01
     vertex  7.111526e+01  1.189333e+01  2.343137e+01
     vertex  7.361844e+01  8.193549e+00  2.178602e+01
   endloop
 endfacet
 facet normal -7.492924e-01 -6.161666e-01  2.426924e-01
   outer loop
     vertex  7.423616e+01  8.050163e+00  2.310516e+01
     vertex  7.218654e+01  1.162899e+01  2.586332e+01
     vertex  7.167895e+01  1.176249e+01  2.463513e+01
   endloop
 endfacet
 facet normal -6.374532e-01 -6.369154e-01  4.335808e-01
   outer loop
     vertex  7.279629e+01  5.079392e+00  1.475293e+01
     vertex  6.965740e+01  8.856529e+00  1.568660e+01
     vertex  7.181412e+01  5.214737e+00  1.350776e+01
   endloop
 endfacet
 facet normal -6.374532e-01 -6.369154e-01  4.335808e-01
   outer loop
     vertex  7.279629e+01  5.079392e+00  1.475293e+01
     vertex  7.056057e+01  8.732070e+00  1.683163e+01
     vertex  6.965740e+01  8.856529e+00  1.568660e+01
   endloop
 endfacet
 facet normal -6.368752e-01 -6.378738e-01  4.330207e-01
   outer loop
     vertex  7.279629e+01  5.079392e+00  1.475293e+01
     vertex  7.181412e+01  5.214737e+00  1.350776e+01
     vertex  7.477434e+01  1.463510e+00  1.233571e+01
   endloop
 endfacet
 facet normal -6.499638e-01 -6.348367e-01  4.177671e-01
   outer loop
     vertex  7.279629e+01  5.079392e+00  1.475293e+01
     vertex  7.477434e+01  1.463510e+00  1.233571e+01
     vertex  7.537764e+01  1.375948e+00  1.314128e+01
   endloop
 endfacet
 facet normal -6.597001e-01 -6.337005e-01  4.040043e-01
   outer loop
     vertex  7.279629e+01  5.079392e+00  1.475293e+01
     vertex  7.140999e+01  8.603267e+00  1.801661e+01
     vertex  7.056057e+01  8.732070e+00  1.683163e+01
   endloop
 endfacet
 facet normal -7.996558e-01 -5.968911e-01  6.535731e-02
   outer loop
     vertex  7.384976e+01  1.093166e+01  3.227877e+01
     vertex  7.108448e+01  1.472361e+01  3.307609e+01
     vertex  7.089146e+01  1.485243e+01  3.189098e+01
   endloop
 endfacet
 facet normal -7.996558e-01 -5.968911e-01  6.535731e-02
   outer loop
     vertex  7.384976e+01  1.093166e+01  3.227877e+01
     vertex  7.089146e+01  1.485243e+01  3.189098e+01
     vertex  7.363628e+01  1.107413e+01  3.096803e+01
   endloop
 endfacet
 facet normal -8.047510e-01 -5.929147e-01  2.877514e-02
   outer loop
     vertex  7.384976e+01  1.093166e+01  3.227877e+01
     vertex  7.122263e+01  1.459398e+01  3.426874e+01
     vertex  7.108448e+01  1.472361e+01  3.307609e+01
   endloop
 endfacet
 facet normal -7.492924e-01 -6.161666e-01  2.426924e-01
   outer loop
     vertex  7.479240e+01  7.903868e+00  2.445108e+01
     vertex  7.218654e+01  1.162899e+01  2.586332e+01
     vertex  7.423616e+01  8.050163e+00  2.310516e+01
   endloop
 endfacet
 facet normal -6.623681e-01 -6.335599e-01  3.998379e-01
   outer loop
     vertex  7.372000e+01  4.939323e+00  1.604156e+01
     vertex  7.537764e+01  1.375948e+00  1.314128e+01
     vertex  7.595891e+01  1.286661e+00  1.396272e+01
   endloop
 endfacet
 facet normal -6.749413e-01 -6.312008e-01  3.821516e-01
   outer loop
     vertex  7.372000e+01  4.939323e+00  1.604156e+01
     vertex  7.595891e+01  1.286661e+00  1.396272e+01
     vertex  7.651770e+01  1.195715e+00  1.479942e+01
   endloop
 endfacet
 facet normal -6.597001e-01 -6.337005e-01  4.040043e-01
   outer loop
     vertex  7.372000e+01  4.939323e+00  1.604156e+01
     vertex  7.140999e+01  8.603267e+00  1.801661e+01
     vertex  7.279629e+01  5.079392e+00  1.475293e+01
   endloop
 endfacet
 facet normal -6.589819e-01 -6.348546e-01  4.033640e-01
   outer loop
     vertex  7.372000e+01  4.939323e+00  1.604156e+01
     vertex  7.279629e+01  5.079392e+00  1.475293e+01
     vertex  7.537764e+01  1.375948e+00  1.314128e+01
   endloop
 endfacet
 facet normal -8.081537e-01 -5.889174e-01 -8.000783e-03
   outer loop
     vertex  7.400256e+01  1.078828e+01  3.359787e+01
     vertex  7.130564e+01  1.446379e+01  3.546644e+01
     vertex  7.122263e+01  1.459398e+01  3.426874e+01
   endloop
 endfacet
 facet normal -8.047510e-01 -5.929147e-01  2.877514e-02
   outer loop
     vertex  7.400256e+01  1.078828e+01  3.359787e+01
     vertex  7.122263e+01  1.459398e+01  3.426874e+01
     vertex  7.384976e+01  1.093166e+01  3.227877e+01
   endloop
 endfacet
 facet normal -7.626186e-01 -6.124195e-01  2.082192e-01
   outer loop
     vertex  7.528599e+01  7.754972e+00  2.582093e+01
     vertex  7.263695e+01  1.149311e+01  2.711335e+01
     vertex  7.218654e+01  1.162899e+01  2.586332e+01
   endloop
 endfacet
 facet normal -7.626186e-01 -6.124195e-01  2.082192e-01
   outer loop
     vertex  7.528599e+01  7.754972e+00  2.582093e+01
     vertex  7.218654e+01  1.162899e+01  2.586332e+01
     vertex  7.479240e+01  7.903868e+00  2.445108e+01
   endloop
 endfacet
 facet normal -6.797338e-01 -6.316690e-01  3.727685e-01
   outer loop
     vertex  7.458332e+01  4.794825e+00  1.737094e+01
     vertex  7.372000e+01  4.939323e+00  1.604156e+01
     vertex  7.651770e+01  1.195715e+00  1.479942e+01
   endloop
 endfacet
 facet normal -6.805596e-01 -6.303789e-01  3.734450e-01
   outer loop
     vertex  7.458332e+01  4.794825e+00  1.737094e+01
     vertex  7.140999e+01  8.603267e+00  1.801661e+01
     vertex  7.372000e+01  4.939323e+00  1.604156e+01
   endloop
 endfacet
 facet normal -6.805596e-01 -6.303789e-01  3.734450e-01
   outer loop
     vertex  7.458332e+01  4.794825e+00  1.737094e+01
     vertex  7.220387e+01  8.470392e+00  1.923906e+01
     vertex  7.140999e+01  8.603267e+00  1.801661e+01
   endloop
 endfacet
 facet normal -6.868032e-01 -6.291633e-01  3.639436e-01
   outer loop
     vertex  7.458332e+01  4.794825e+00  1.737094e+01
     vertex  7.651770e+01  1.195715e+00  1.479942e+01
     vertex  7.705362e+01  1.103175e+00  1.565079e+01
   endloop
 endfacet
 facet normal -6.977578e-01 -6.277192e-01  3.451126e-01
   outer loop
     vertex  7.458332e+01  4.794825e+00  1.737094e+01
     vertex  7.705362e+01  1.103175e+00  1.565079e+01
     vertex  7.756628e+01  1.009109e+00  1.651619e+01
   endloop
 endfacet
 facet normal -8.098568e-01 -5.849073e-01 -4.489313e-02
   outer loop
     vertex  7.409437e+01  1.064429e+01  3.492254e+01
     vertex  7.412500e+01  1.050000e+01  3.625000e+01
     vertex  7.133333e+01  1.433333e+01  3.666667e+01
   endloop
 endfacet
 facet normal -8.098568e-01 -5.849073e-01 -4.489313e-02
   outer loop
     vertex  7.409437e+01  1.064429e+01  3.492254e+01
     vertex  7.133333e+01  1.433333e+01  3.666667e+01
     vertex  7.130564e+01  1.446379e+01  3.546644e+01
   endloop
 endfacet
 facet normal -8.081537e-01 -5.889174e-01 -8.000783e-03
   outer loop
     vertex  7.409437e+01  1.064429e+01  3.492254e+01
     vertex  7.130564e+01  1.446379e+01  3.546644e+01
     vertex  7.400256e+01  1.078828e+01  3.359787e+01
   endloop
 endfacet
 facet normal -7.743409e-01 -6.086104e-01  1.731749e-01
   outer loop
     vertex  7.571588e+01  7.603786e+00  2.721184e+01
     vertex  7.302924e+01  1.135515e+01  2.838260e+01
     vertex  7.263695e+01  1.149311e+01  2.711335e+01
   endloop
 endfacet
 facet normal -7.743409e-01 -6.086104e-01  1.731749e-01
   outer loop
     vertex  7.571588e+01  7.603786e+00  2.721184e+01
     vertex  7.263695e+01  1.149311e+01  2.711335e+01
     vertex  7.528599e+01  7.754972e+00  2.582093e+01
   endloop
 endfacet
 facet normal -6.999879e-01 -6.269573e-01  3.419670e-01
   outer loop
     vertex  7.538442e+01  4.646203e+00  1.873827e+01
     vertex  7.294053e+01  8.333723e+00  2.049641e+01
     vertex  7.220387e+01  8.470392e+00  1.923906e+01
   endloop
 endfacet
 facet normal -6.999879e-01 -6.269573e-01  3.419670e-01
   outer loop
     vertex  7.538442e+01  4.646203e+00  1.873827e+01
     vertex  7.220387e+01  8.470392e+00  1.923906e+01
     vertex  7.458332e+01  4.794825e+00  1.737094e+01
   endloop
 endfacet
 facet normal -7.090704e-01 -6.249223e-01  3.266364e-01
   outer loop
     vertex  7.538442e+01  4.646203e+00  1.873827e+01
     vertex  7.756628e+01  1.009109e+00  1.651619e+01
     vertex  7.805530e+01  9.135853e-01  1.739502e+01
   endloop
 endfacet
 facet normal -6.992590e-01 -6.280682e-01  3.414193e-01
   outer loop
     vertex  7.538442e+01  4.646203e+00  1.873827e+01
     vertex  7.458332e+01  4.794825e+00  1.737094e+01
     vertex  7.756628e+01  1.009109e+00  1.651619e+01
   endloop
 endfacet
 facet normal -7.844348e-01 -6.047471e-01  1.376332e-01
   outer loop
     vertex  7.608117e+01  7.450630e+00  2.862087e+01
     vertex  7.302924e+01  1.135515e+01  2.838260e+01
     vertex  7.571588e+01  7.603786e+00  2.721184e+01
   endloop
 endfacet
 facet normal -7.844348e-01 -6.047471e-01  1.376332e-01
   outer loop
     vertex  7.608117e+01  7.450630e+00  2.862087e+01
     vertex  7.336259e+01  1.121539e+01  2.966839e+01
     vertex  7.302924e+01  1.135515e+01  2.838260e+01
   endloop
 endfacet
 facet normal -7.187823e-01 -6.237330e-01  3.070980e-01
   outer loop
     vertex  7.612162e+01  4.493768e+00  2.014067e+01
     vertex  7.805530e+01  9.135853e-01  1.739502e+01
     vertex  7.852033e+01  8.166723e-01  1.828661e+01
   endloop
 endfacet
 facet normal -7.290860e-01 -6.208526e-01  2.880549e-01
   outer loop
     vertex  7.612162e+01  4.493768e+00  2.014067e+01
     vertex  7.852033e+01  8.166723e-01  1.828661e+01
     vertex  7.896103e+01  7.184409e-01  1.919034e+01
   endloop
 endfacet
 facet normal -7.172469e-01 -6.244828e-01  3.091572e-01
   outer loop
     vertex  7.612162e+01  4.493768e+00  2.014067e+01
     vertex  7.538442e+01  4.646203e+00  1.873827e+01
     vertex  7.805530e+01  9.135853e-01  1.739502e+01
   endloop
 endfacet
 facet normal -7.179441e-01 -6.234432e-01  3.096367e-01
   outer loop
     vertex  7.612162e+01  4.493768e+00  2.014067e+01
     vertex  7.294053e+01  8.333723e+00  2.049641e+01
     vertex  7.538442e+01  4.646203e+00  1.873827e+01
   endloop
 endfacet
 facet normal -7.179441e-01 -6.234432e-01  3.096367e-01
   outer loop
     vertex  7.612162e+01  4.493768e+00  2.014067e+01
     vertex  7.361844e+01  8.193549e+00  2.178602e+01
     vertex  7.294053e+01  8.333723e+00  2.049641e+01
   endloop
 endfacet
 facet normal -7.928791e-01 -6.008380e-01  1.016688e-01
   outer loop
     vertex  7.638111e+01  7.295825e+00  3.004508e+01
     vertex  7.336259e+01  1.121539e+01  2.966839e+01
     vertex  7.608117e+01  7.450630e+00  2.862087e+01
   endloop
 endfacet
 facet normal -7.928791e-01 -6.008380e-01  1.016688e-01
   outer loop
     vertex  7.638111e+01  7.295825e+00  3.004508e+01
     vertex  7.363628e+01  1.107413e+01  3.096803e+01
     vertex  7.336259e+01  1.121539e+01  2.966839e+01
   endloop
 endfacet
 facet normal -7.996558e-01 -5.968911e-01  6.535731e-02
   outer loop
     vertex  7.638111e+01  7.295825e+00  3.004508e+01
     vertex  7.384976e+01  1.093166e+01  3.227877e+01
     vertex  7.363628e+01  1.107413e+01  3.096803e+01
   endloop
 endfacet
 facet normal -7.343905e-01 -6.198437e-01  2.765219e-01
   outer loop
     vertex  7.679337e+01  4.337841e+00  2.157520e+01
     vertex  7.361844e+01  8.193549e+00  2.178602e+01
     vertex  7.612162e+01  4.493768e+00  2.014067e+01
   endloop
 endfacet
 facet normal -7.492924e-01 -6.161666e-01  2.426924e-01
   outer loop
     vertex  7.679337e+01  4.337841e+00  2.157520e+01
     vertex  7.479240e+01  7.903868e+00  2.445108e+01
     vertex  7.423616e+01  8.050163e+00  2.310516e+01
   endloop
 endfacet
 facet normal -7.382087e-01 -6.189120e-01  2.683205e-01
   outer loop
     vertex  7.679337e+01  4.337841e+00  2.157520e+01
     vertex  7.896103e+01  7.184409e-01  1.919034e+01
     vertex  7.937709e+01  6.189623e-01  2.010555e+01
   endloop
 endfacet
 facet normal -7.467760e-01 -6.169694e-01  2.483432e-01
   outer loop
     vertex  7.679337e+01  4.337841e+00  2.157520e+01
     vertex  7.937709e+01  6.189623e-01  2.010555e+01
     vertex  7.976820e+01  5.183088e-01  2.103156e+01
   endloop
 endfacet
 facet normal -7.343905e-01 -6.198437e-01  2.765219e-01
   outer loop
     vertex  7.679337e+01  4.337841e+00  2.157520e+01
     vertex  7.423616e+01  8.050163e+00  2.310516e+01
     vertex  7.361844e+01  8.193549e+00  2.178602e+01
   endloop
 endfacet
 facet normal -7.335072e-01 -6.211352e-01  2.759679e-01
   outer loop
     vertex  7.679337e+01  4.337841e+00  2.157520e+01
     vertex  7.612162e+01  4.493768e+00  2.014067e+01
     vertex  7.896103e+01  7.184409e-01  1.919034e+01
   endloop
 endfacet
 facet normal -7.996558e-01 -5.968911e-01  6.535731e-02
   outer loop
     vertex  7.661504e+01  7.139697e+00  3.148146e+01
     vertex  7.384976e+01  1.093166e+01  3.227877e+01
     vertex  7.638111e+01  7.295825e+00  3.004508e+01
   endloop
 endfacet
 facet normal -7.484402e-01 -6.173922e-01  2.422070e-01
   outer loop
     vertex  7.739826e+01  4.178750e+00  2.303884e+01
     vertex  7.679337e+01  4.337841e+00  2.157520e+01
     vertex  7.976820e+01  5.183088e-01  2.103156e+01
   endloop
 endfacet
 facet normal -7.553042e-01 -6.142783e-01  2.284244e-01
   outer loop
     vertex  7.739826e+01  4.178750e+00  2.303884e+01
     vertex  7.976820e+01  5.183088e-01  2.103156e+01
     vertex  8.013407e+01  4.165533e-01  2.196771e+01
   endloop
 endfacet
 facet normal -7.492924e-01 -6.161666e-01  2.426924e-01
   outer loop
     vertex  7.739826e+01  4.178750e+00  2.303884e+01
     vertex  7.479240e+01  7.903868e+00  2.445108e+01
     vertex  7.679337e+01  4.337841e+00  2.157520e+01
   endloop
 endfacet
 facet normal -8.047510e-01 -5.929147e-01  2.877514e-02
   outer loop
     vertex  7.678249e+01  6.982574e+00  3.292699e+01
     vertex  7.384976e+01  1.093166e+01  3.227877e+01
     vertex  7.661504e+01  7.139697e+00  3.148146e+01
   endloop
 endfacet
 facet normal -8.047510e-01 -5.929147e-01  2.877514e-02
   outer loop
     vertex  7.678249e+01  6.982574e+00  3.292699e+01
     vertex  7.400256e+01  1.078828e+01  3.359787e+01
     vertex  7.384976e+01  1.093166e+01  3.227877e+01
   endloop
 endfacet
 facet normal -8.081537e-01 -5.889174e-01 -8.000783e-03
   outer loop
     vertex  7.678249e+01  6.982574e+00  3.292699e+01
     vertex  7.409437e+01  1.064429e+01  3.492254e+01
     vertex  7.400256e+01  1.078828e+01  3.359787e+01
   endloop
 endfacet
 facet normal -7.619969e-01 -6.133014e-01  2.078994e-01
   outer loop
     vertex  7.793502e+01  4.016829e+00  2.452850e+01
     vertex  7.739826e+01  4.178750e+00  2.303884e+01
     vertex  8.013407e+01  4.165533e-01  2.196771e+01
   endloop
 endfacet
 facet normal -7.626186e-01 -6.124195e-01  2.082192e-01
   outer loop
     vertex  7.793502e+01  4.016829e+00  2.452850e+01
     vertex  7.479240e+01  7.903868e+00  2.445108e+01
     vertex  7.739826e+01  4.178750e+00  2.303884e+01
   endloop
 endfacet
 facet normal -7.621242e-01 -6.132194e-01  2.076746e-01
   outer loop
     vertex  7.793502e+01  4.016829e+00  2.452850e+01
     vertex  8.013407e+01  4.165533e-01  2.196771e+01
     vertex  8.047444e+01  3.137697e-01  2.291332e+01
   endloop
 endfacet
 facet normal -7.700042e-01 -6.098488e-01  1.875579e-01
   outer loop
     vertex  7.793502e+01  4.016829e+00  2.452850e+01
     vertex  8.047444e+01  3.137697e-01  2.291332e+01
     vertex  8.078907e+01  2.100327e-01  2.386770e+01
   endloop
 endfacet
 facet normal -7.626186e-01 -6.124195e-01  2.082192e-01
   outer loop
     vertex  7.793502e+01  4.016829e+00  2.452850e+01
     vertex  7.528599e+01  7.754972e+00  2.582093e+01
     vertex  7.479240e+01  7.903868e+00  2.445108e+01
   endloop
 endfacet
 facet normal -8.098568e-01 -5.849073e-01 -4.489313e-02
   outer loop
     vertex  7.688311e+01  6.824786e+00  3.437863e+01
     vertex  7.691667e+01  6.666667e+00  3.583333e+01
     vertex  7.412500e+01  1.050000e+01  3.625000e+01
   endloop
 endfacet
 facet normal -8.081537e-01 -5.889174e-01 -8.000783e-03
   outer loop
     vertex  7.688311e+01  6.824786e+00  3.437863e+01
     vertex  7.409437e+01  1.064429e+01  3.492254e+01
     vertex  7.678249e+01  6.982574e+00  3.292699e+01
   endloop
 endfacet
 facet normal -8.098568e-01 -5.849073e-01 -4.489313e-02
   outer loop
     vertex  7.688311e+01  6.824786e+00  3.437863e+01
     vertex  7.412500e+01  1.050000e+01  3.625000e+01
     vertex  7.409437e+01  1.064429e+01  3.492254e+01
   endloop
 endfacet
 facet normal -7.743409e-01 -6.086104e-01  1.731749e-01
   outer loop
     vertex  7.840252e+01  3.852420e+00  2.604107e+01
     vertex  7.571588e+01  7.603786e+00  2.721184e+01
     vertex  7.528599e+01  7.754972e+00  2.582093e+01
   endloop
 endfacet
 facet normal -7.734476e-01 -6.098621e-01  1.727628e-01
   outer loop
     vertex  7.840252e+01  3.852420e+00  2.604107e+01
     vertex  7.793502e+01  4.016829e+00  2.452850e+01
     vertex  8.078907e+01  2.100327e-01  2.386770e+01
   endloop
 endfacet
 facet normal -7.762006e-01 -6.080489e-01  1.667008e-01
   outer loop
     vertex  7.840252e+01  3.852420e+00  2.604107e+01
     vertex  8.078907e+01  2.100327e-01  2.386770e+01
     vertex  8.107773e+01  1.054175e-01  2.483016e+01
   endloop
 endfacet
 facet normal -7.842527e-01 -6.047434e-01  1.386836e-01
   outer loop
     vertex  7.840252e+01  3.852420e+00  2.604107e+01
     vertex  8.107773e+01  1.054175e-01  2.483016e+01
     vertex  8.145279e+01  0.000000e+00  2.649147e+01
   endloop
 endfacet
 facet normal -7.743409e-01 -6.086104e-01  1.731749e-01
   outer loop
     vertex  7.840252e+01  3.852420e+00  2.604107e+01
     vertex  7.528599e+01  7.754972e+00  2.582093e+01
     vertex  7.793502e+01  4.016829e+00  2.452850e+01
   endloop
 endfacet
 facet normal -7.844348e-01 -6.047471e-01  1.376332e-01
   outer loop
     vertex  7.879976e+01  3.685868e+00  2.757335e+01
     vertex  7.571588e+01  7.603786e+00  2.721184e+01
     vertex  7.840252e+01  3.852420e+00  2.604107e+01
   endloop
 endfacet
 facet normal -7.926754e-01 -6.020795e-01  9.573875e-02
   outer loop
     vertex  7.879976e+01  3.685868e+00  2.757335e+01
     vertex  8.155247e+01  0.000000e+00  2.718495e+01
     vertex  8.167148e+01  0.000000e+00  2.817037e+01
   endloop
 endfacet
 facet normal -7.902585e-01 -6.021548e-01  1.135829e-01
   outer loop
     vertex  7.879976e+01  3.685868e+00  2.757335e+01
     vertex  8.145279e+01  0.000000e+00  2.649147e+01
     vertex  8.155247e+01  0.000000e+00  2.718495e+01
   endloop
 endfacet
 facet normal -7.843114e-01 -6.049187e-01  1.375826e-01
   outer loop
     vertex  7.879976e+01  3.685868e+00  2.757335e+01
     vertex  7.840252e+01  3.852420e+00  2.604107e+01
     vertex  8.145279e+01  0.000000e+00  2.649147e+01
   endloop
 endfacet
 facet normal -7.844348e-01 -6.047471e-01  1.376332e-01
   outer loop
     vertex  7.879976e+01  3.685868e+00  2.757335e+01
     vertex  7.608117e+01  7.450630e+00  2.862087e+01
     vertex  7.571588e+01  7.603786e+00  2.721184e+01
   endloop
 endfacet
 facet normal -7.990691e-01 -5.988206e-01  5.387421e-02
   outer loop
     vertex  7.912593e+01  3.517522e+00  2.912213e+01
     vertex  8.176441e+01  0.000000e+00  2.915863e+01
     vertex  8.183119e+01  0.000000e+00  3.014905e+01
   endloop
 endfacet
 facet normal -7.980805e-01 -5.978593e-01  7.504567e-02
   outer loop
     vertex  7.912593e+01  3.517522e+00  2.912213e+01
     vertex  8.167148e+01  0.000000e+00  2.817037e+01
     vertex  8.176441e+01  0.000000e+00  2.915863e+01
   endloop
 endfacet
 facet normal -7.928791e-01 -6.008380e-01  1.016688e-01
   outer loop
     vertex  7.912593e+01  3.517522e+00  2.912213e+01
     vertex  7.608117e+01  7.450630e+00  2.862087e+01
     vertex  7.879976e+01  3.685868e+00  2.757335e+01
   endloop
 endfacet
 facet normal -7.928791e-01 -6.008380e-01  1.016688e-01
   outer loop
     vertex  7.912593e+01  3.517522e+00  2.912213e+01
     vertex  7.638111e+01  7.295825e+00  3.004508e+01
     vertex  7.608117e+01  7.450630e+00  2.862087e+01
   endloop
 endfacet
 facet normal -7.926698e-01 -6.011268e-01  1.015933e-01
   outer loop
     vertex  7.912593e+01  3.517522e+00  2.912213e+01
     vertex  7.879976e+01  3.685868e+00  2.757335e+01
     vertex  8.167148e+01  0.000000e+00  2.817037e+01
   endloop
 endfacet
 facet normal -7.996558e-01 -5.968911e-01  6.535731e-02
   outer loop
     vertex  7.938033e+01  3.347738e+00  3.068414e+01
     vertex  7.661504e+01  7.139697e+00  3.148146e+01
     vertex  7.638111e+01  7.295825e+00  3.004508e+01
   endloop
 endfacet
 facet normal -8.047510e-01 -5.929147e-01  2.877514e-02
   outer loop
     vertex  7.938033e+01  3.347738e+00  3.068414e+01
     vertex  7.678249e+01  6.982574e+00  3.292699e+01
     vertex  7.661504e+01  7.139697e+00  3.148146e+01
   endloop
 endfacet
 facet normal -8.029260e-01 -5.959658e-01  1.160180e-02
   outer loop
     vertex  7.938033e+01  3.347738e+00  3.068414e+01
     vertex  8.187176e+01  0.000000e+00  3.114092e+01
     vertex  8.188610e+01  0.000000e+00  3.213352e+01
   endloop
 endfacet
 facet normal -8.039324e-01 -5.938108e-01  3.288577e-02
   outer loop
     vertex  7.938033e+01  3.347738e+00  3.068414e+01
     vertex  8.183119e+01  0.000000e+00  3.014905e+01
     vertex  8.187176e+01  0.000000e+00  3.114092e+01
   endloop
 endfacet
 facet normal -8.001292e-01 -5.962402e-01  6.550514e-02
   outer loop
     vertex  7.938033e+01  3.347738e+00  3.068414e+01
     vertex  7.912593e+01  3.517522e+00  2.912213e+01
     vertex  8.183119e+01  0.000000e+00  3.014905e+01
   endloop
 endfacet
 facet normal -7.996558e-01 -5.968911e-01  6.535731e-02
   outer loop
     vertex  7.938033e+01  3.347738e+00  3.068414e+01
     vertex  7.638111e+01  7.295825e+00  3.004508e+01
     vertex  7.912593e+01  3.517522e+00  2.912213e+01
   endloop
 endfacet
 facet normal -8.062543e-01 -5.908494e-01  2.917378e-02
   outer loop
     vertex  7.956243e+01  3.176872e+00  3.225611e+01
     vertex  7.938033e+01  3.347738e+00  3.068414e+01
     vertex  8.188610e+01  0.000000e+00  3.213352e+01
   endloop
 endfacet
 facet normal -8.072747e-01 -5.900965e-01 -9.676610e-03
   outer loop
     vertex  7.956243e+01  3.176872e+00  3.225611e+01
     vertex  8.188610e+01  0.000000e+00  3.213352e+01
     vertex  8.187421e+01  0.000000e+00  3.312615e+01
   endloop
 endfacet
 facet normal -8.081537e-01 -5.889174e-01 -8.000783e-03
   outer loop
     vertex  7.956243e+01  3.176872e+00  3.225611e+01
     vertex  7.688311e+01  6.824786e+00  3.437863e+01
     vertex  7.678249e+01  6.982574e+00  3.292699e+01
   endloop
 endfacet
 facet normal -8.047510e-01 -5.929147e-01  2.877514e-02
   outer loop
     vertex  7.956243e+01  3.176872e+00  3.225611e+01
     vertex  7.678249e+01  6.982574e+00  3.292699e+01
     vertex  7.938033e+01  3.347738e+00  3.068414e+01
   endloop
 endfacet
 facet normal -8.074856e-01 -5.898310e-01 -8.146386e-03
   outer loop
     vertex  7.967184e+01  3.005283e+00  3.383473e+01
     vertex  7.956243e+01  3.176872e+00  3.225611e+01
     vertex  8.187421e+01  0.000000e+00  3.312615e+01
   endloop
 endfacet
 facet normal -8.098568e-01 -5.849073e-01 -4.489313e-02
   outer loop
     vertex  7.967184e+01  3.005283e+00  3.383473e+01
     vertex  7.970833e+01  2.833333e+00  3.541667e+01
     vertex  7.691667e+01  6.666667e+00  3.583333e+01
   endloop
 endfacet
 facet normal -8.098568e-01 -5.849073e-01 -4.489313e-02
   outer loop
     vertex  7.967184e+01  3.005283e+00  3.383473e+01
     vertex  8.177174e+01  0.000000e+00  3.510870e+01
     vertex  7.970833e+01  2.833333e+00  3.541667e+01
   endloop
 endfacet
 facet normal -8.080074e-01 -5.868306e-01 -5.247848e-02
   outer loop
     vertex  7.967184e+01  3.005283e+00  3.383473e+01
     vertex  8.183608e+01  0.000000e+00  3.411811e+01
     vertex  8.177174e+01  0.000000e+00  3.510870e+01
   endloop
 endfacet
 facet normal -8.096915e-01 -5.860298e-01 -3.112454e-02
   outer loop
     vertex  7.967184e+01  3.005283e+00  3.383473e+01
     vertex  8.187421e+01  0.000000e+00  3.312615e+01
     vertex  8.183608e+01  0.000000e+00  3.411811e+01
   endloop
 endfacet
 facet normal -8.081537e-01 -5.889174e-01 -8.000783e-03
   outer loop
     vertex  7.967184e+01  3.005283e+00  3.383473e+01
     vertex  7.688311e+01  6.824786e+00  3.437863e+01
     vertex  7.956243e+01  3.176872e+00  3.225611e+01
   endloop
 endfacet
 facet normal -8.098568e-01 -5.849073e-01 -4.489313e-02
   outer loop
     vertex  7.967184e+01  3.005283e+00  3.383473e+01
     vertex  7.691667e+01  6.666667e+00  3.583333e+01
     vertex  7.688311e+01  6.824786e+00  3.437863e+01
   endloop
 endfacet
 facet normal  6.928901e-01 -7.125934e-01  1.100632e-01
   outer loop
     vertex  8.922273e+00  1.054175e-01  2.483016e+01
     vertex  8.504117e+00  0.000000e+00  2.678010e+01
     vertex  8.659802e+00 -1.676437e-14  2.580000e+01
   endloop
 endfacet
 facet normal -8.099470e-01 -5.841606e-01 -5.236672e-02
   outer loop
     vertex  5.179167e+01  4.116667e+01  3.958333e+01
     vertex  4.900000e+01  4.500000e+01  4.000000e+01
     vertex  4.899851e+01  4.501181e+01  3.989138e+01
   endloop
 endfacet
 facet normal  2.814233e-01 -7.458698e-01  6.037212e-01
   outer loop
     vertex  3.306339e+01  3.200085e+00  0.000000e+00
     vertex  3.020849e+01  2.723672e+00  7.422201e-01
     vertex  3.114211e+01  2.765376e+00  3.585394e-01
   endloop
 endfacet
 facet normal  2.807320e-01 -6.935047e-01  6.635064e-01
   outer loop
     vertex  3.306339e+01  3.200085e+00  0.000000e+00
     vertex  3.114211e+01  2.765376e+00  3.585394e-01
     vertex  3.208579e+01  2.804348e+00  0.000000e+00
   endloop
 endfacet
 facet normal -2.820502e-01 -6.891756e-01  6.674464e-01
   outer loop
     vertex  5.885789e+01  2.765376e+00  3.585394e-01
     vertex  5.723449e+01  3.082530e+00  0.000000e+00
     vertex  5.791421e+01  2.804348e+00 -7.105427e-15
   endloop
 endfacet
 facet normal -2.807289e-01 -7.218192e-01  6.325886e-01
   outer loop
     vertex  5.885789e+01  2.765376e+00  3.585394e-01
     vertex  5.655780e+01  3.345709e+00  0.000000e+00
     vertex  5.723449e+01  3.082530e+00  0.000000e+00
   endloop
 endfacet
 facet normal -2.821349e-01 -7.440331e-01  6.056522e-01
   outer loop
     vertex  5.979151e+01  2.723672e+00  7.422201e-01
     vertex  5.655780e+01  3.345709e+00  0.000000e+00
     vertex  5.885789e+01  2.765376e+00  3.585394e-01
   endloop
 endfacet
 facet normal -7.053338e-01 -6.995091e-01  1.148531e-01
   outer loop
     vertex  8.145279e+01  0.000000e+00  2.649147e+01
     vertex  8.107773e+01  1.054175e-01  2.483016e+01
     vertex  8.134020e+01 -1.521006e-14  2.580000e+01
   endloop
 endfacet
 facet normal -8.088901e-01 -5.822212e-01 -8.194637e-02
   outer loop
     vertex  5.178453e+01  4.113302e+01  3.989288e+01
     vertex  5.131346e+01  4.177240e+01  4.000000e+01
     vertex  5.179167e+01  4.116667e+01  3.958333e+01
   endloop
 endfacet
 facet normal -8.122256e-01 -5.776189e-01 -8.152307e-02
   outer loop
     vertex  5.178453e+01  4.113302e+01  3.989288e+01
     vertex  5.179167e+01  4.116667e+01  3.958333e+01
     vertex  5.257292e+01  4.000930e+01  4.000000e+01
   endloop
 endfacet
 facet normal -8.089456e-01 -5.780724e-01 -1.069547e-01
   outer loop
     vertex  5.178453e+01  4.113302e+01  3.989288e+01
     vertex  5.191479e+01  4.093091e+01  4.000000e+01
     vertex  5.131346e+01  4.177240e+01  4.000000e+01
   endloop
 endfacet
 facet normal -8.091996e-01 -5.778509e-01 -1.062277e-01
   outer loop
     vertex  5.178453e+01  4.113302e+01  3.989288e+01
     vertex  5.257292e+01  4.000930e+01  4.000000e+01
     vertex  5.191479e+01  4.093091e+01  4.000000e+01
   endloop
 endfacet
 facet normal -8.075601e-01 -5.840412e-01 -8.211350e-02
   outer loop
     vertex  5.457326e+01  3.728586e+01  3.960346e+01
     vertex  5.329324e+01  3.900000e+01  4.000000e+01
     vertex  5.458333e+01  3.733333e+01  3.916667e+01
   endloop
 endfacet
 facet normal -8.085564e-01 -5.763251e-01 -1.186839e-01
   outer loop
     vertex  5.454305e+01  3.723848e+01  4.003933e+01
     vertex  5.329324e+01  3.900000e+01  4.000000e+01
     vertex  5.457326e+01  3.728586e+01  3.960346e+01
   endloop
 endfacet
 facet normal -8.055981e-01 -5.735842e-01 -1.483672e-01
   outer loop
     vertex  5.454305e+01  3.723848e+01  4.003933e+01
     vertex  5.323992e+01  3.900000e+01  4.030497e+01
     vertex  5.326796e+01  3.900000e+01  4.015273e+01
   endloop
 endfacet
 facet normal -8.068605e-01 -5.754533e-01 -1.335278e-01
   outer loop
     vertex  5.454305e+01  3.723848e+01  4.003933e+01
     vertex  5.326796e+01  3.900000e+01  4.015273e+01
     vertex  5.329324e+01  3.900000e+01  4.000000e+01
   endloop
 endfacet
 facet normal -8.052192e-01 -5.722319e-01 -1.554758e-01
   outer loop
     vertex  5.449277e+01  3.719130e+01  4.047337e+01
     vertex  5.323992e+01  3.900000e+01  4.030497e+01
     vertex  5.454305e+01  3.723848e+01  4.003933e+01
   endloop
 endfacet
 facet normal -8.006086e-01 -5.694919e-01 -1.862922e-01
   outer loop
     vertex  5.449277e+01  3.719130e+01  4.047337e+01
     vertex  5.314856e+01  3.900000e+01  4.072105e+01
     vertex  5.319684e+01  3.900000e+01  4.051359e+01
   endloop
 endfacet
 facet normal -8.033581e-01 -5.719150e-01 -1.659183e-01
   outer loop
     vertex  5.449277e+01  3.719130e+01  4.047337e+01
     vertex  5.319684e+01  3.900000e+01  4.051359e+01
     vertex  5.323992e+01  3.900000e+01  4.030497e+01
   endloop
 endfacet
 facet normal -8.000822e-01 -5.683082e-01 -1.920788e-01
   outer loop
     vertex  5.442253e+01  3.714442e+01  4.090465e+01
     vertex  5.314856e+01  3.900000e+01  4.072105e+01
     vertex  5.449277e+01  3.719130e+01  4.047337e+01
   endloop
 endfacet
 facet normal -7.969731e-01 -5.676045e-01 -2.065406e-01
   outer loop
     vertex  5.442253e+01  3.714442e+01  4.090465e+01
     vertex  5.309513e+01  3.900000e+01  4.092723e+01
     vertex  5.314856e+01  3.900000e+01  4.072105e+01
   endloop
 endfacet
 facet normal -7.931370e-01 -5.645945e-01 -2.284005e-01
   outer loop
     vertex  5.433247e+01  3.709794e+01  4.133229e+01
     vertex  5.309513e+01  3.900000e+01  4.092723e+01
     vertex  5.442253e+01  3.714442e+01  4.090465e+01
   endloop
 endfacet
 facet normal -7.885277e-01 -5.632378e-01 -2.469560e-01
   outer loop
     vertex  5.433247e+01  3.709794e+01  4.133229e+01
     vertex  5.297294e+01  3.900000e+01  4.133518e+01
     vertex  5.303658e+01  3.900000e+01  4.113198e+01
   endloop
 endfacet
 facet normal -7.935740e-01 -5.645683e-01 -2.269425e-01
   outer loop
     vertex  5.433247e+01  3.709794e+01  4.133229e+01
     vertex  5.303658e+01  3.900000e+01  4.113198e+01
     vertex  5.309513e+01  3.900000e+01  4.092723e+01
   endloop
 endfacet
 facet normal -7.847898e-01 -5.605396e-01 -2.643868e-01
   outer loop
     vertex  5.422278e+01  3.705195e+01  4.175537e+01
     vertex  5.297294e+01  3.900000e+01  4.133518e+01
     vertex  5.433247e+01  3.709794e+01  4.133229e+01
   endloop
 endfacet
 facet normal -7.780192e-01 -5.588223e-01 -2.870607e-01
   outer loop
     vertex  5.422278e+01  3.705195e+01  4.175537e+01
     vertex  5.283057e+01  3.900000e+01  4.173642e+01
     vertex  5.290425e+01  3.900000e+01  4.153670e+01
   endloop
 endfacet
 facet normal -7.838514e-01 -5.605363e-01 -2.671628e-01
   outer loop
     vertex  5.422278e+01  3.705195e+01  4.175537e+01
     vertex  5.290425e+01  3.900000e+01  4.153670e+01
     vertex  5.297294e+01  3.900000e+01  4.133518e+01
   endloop
 endfacet
 facet normal -8.098568e-01 -5.808931e-01 -8.182431e-02
   outer loop
     vertex  5.736199e+01  3.343869e+01  3.931403e+01
     vertex  5.457326e+01  3.728586e+01  3.960346e+01
     vertex  5.458333e+01  3.733333e+01  3.916667e+01
   endloop
 endfacet
 facet normal -8.098568e-01 -5.808931e-01 -8.182431e-02
   outer loop
     vertex  5.736199e+01  3.343869e+01  3.931403e+01
     vertex  5.458333e+01  3.733333e+01  3.916667e+01
     vertex  5.737500e+01  3.350000e+01  3.875000e+01
   endloop
 endfacet
 facet normal -7.747394e-01 -5.566038e-01 -2.999518e-01
   outer loop
     vertex  5.409370e+01  3.700656e+01  4.217300e+01
     vertex  5.283057e+01  3.900000e+01  4.173642e+01
     vertex  5.422278e+01  3.705195e+01  4.175537e+01
   endloop
 endfacet
 facet normal -7.654501e-01 -5.543655e-01 -3.267492e-01
   outer loop
     vertex  5.409370e+01  3.700656e+01  4.217300e+01
     vertex  5.266838e+01  3.900000e+01  4.212992e+01
     vertex  5.275192e+01  3.900000e+01  4.193420e+01
   endloop
 endfacet
 facet normal -7.720778e-01 -5.564604e-01 -3.069978e-01
   outer loop
     vertex  5.409370e+01  3.700656e+01  4.217300e+01
     vertex  5.275192e+01  3.900000e+01  4.193420e+01
     vertex  5.283057e+01  3.900000e+01  4.173642e+01
   endloop
 endfacet
 facet normal -8.081537e-01 -5.768830e-01 -1.187167e-01
   outer loop
     vertex  5.732298e+01  3.337751e+01  3.987687e+01
     vertex  5.457326e+01  3.728586e+01  3.960346e+01
     vertex  5.736199e+01  3.343869e+01  3.931403e+01
   endloop
 endfacet
 facet normal -8.081537e-01 -5.768830e-01 -1.187167e-01
   outer loop
     vertex  5.732298e+01  3.337751e+01  3.987687e+01
     vertex  5.454305e+01  3.723848e+01  4.003933e+01
     vertex  5.457326e+01  3.728586e+01  3.960346e+01
   endloop
 endfacet
 facet normal -7.508288e-01 -5.498748e-01 -3.659151e-01
   outer loop
     vertex  5.394550e+01  3.696185e+01  4.258432e+01
     vertex  5.248678e+01  3.900000e+01  4.251469e+01
     vertex  5.257997e+01  3.900000e+01  4.232346e+01
   endloop
 endfacet
 facet normal -7.582599e-01 -5.523485e-01 -3.463424e-01
   outer loop
     vertex  5.394550e+01  3.696185e+01  4.258432e+01
     vertex  5.257997e+01  3.900000e+01  4.232346e+01
     vertex  5.266838e+01  3.900000e+01  4.212992e+01
   endloop
 endfacet
 facet normal -7.630077e-01 -5.527977e-01 -3.350135e-01
   outer loop
     vertex  5.394550e+01  3.696185e+01  4.258432e+01
     vertex  5.266838e+01  3.900000e+01  4.212992e+01
     vertex  5.409370e+01  3.700656e+01  4.217300e+01
   endloop
 endfacet
 facet normal -8.047510e-01 -5.728856e-01 -1.554926e-01
   outer loop
     vertex  5.725805e+01  3.331659e+01  4.043735e+01
     vertex  5.454305e+01  3.723848e+01  4.003933e+01
     vertex  5.732298e+01  3.337751e+01  3.987687e+01
   endloop
 endfacet
 facet normal -8.047510e-01 -5.728856e-01 -1.554926e-01
   outer loop
     vertex  5.725805e+01  3.331659e+01  4.043735e+01
     vertex  5.449277e+01  3.719130e+01  4.047337e+01
     vertex  5.454305e+01  3.723848e+01  4.003933e+01
   endloop
 endfacet
 facet normal -7.496203e-01 -5.491320e-01 -3.694908e-01
   outer loop
     vertex  5.377848e+01  3.691792e+01  4.298844e+01
     vertex  5.248678e+01  3.900000e+01  4.251469e+01
     vertex  5.394550e+01  3.696185e+01  4.258432e+01
   endloop
 endfacet
 facet normal -7.424101e-01 -5.482084e-01 -3.850907e-01
   outer loop
     vertex  5.377848e+01  3.691792e+01  4.298844e+01
     vertex  5.238884e+01  3.900000e+01  4.270350e+01
     vertex  5.248678e+01  3.900000e+01  4.251469e+01
   endloop
 endfacet
 facet normal -7.996558e-01 -5.689093e-01 -1.920747e-01
   outer loop
     vertex  5.716735e+01  3.325606e+01  4.099427e+01
     vertex  5.442253e+01  3.714442e+01  4.090465e+01
     vertex  5.449277e+01  3.719130e+01  4.047337e+01
   endloop
 endfacet
 facet normal -7.996558e-01 -5.689093e-01 -1.920747e-01
   outer loop
     vertex  5.716735e+01  3.325606e+01  4.099427e+01
     vertex  5.449277e+01  3.719130e+01  4.047337e+01
     vertex  5.725805e+01  3.331659e+01  4.043735e+01
   endloop
 endfacet
 facet normal -7.346618e-01 -5.455317e-01 -4.033202e-01
   outer loop
     vertex  5.359300e+01  3.687487e+01  4.338453e+01
     vertex  5.238884e+01  3.900000e+01  4.270350e+01
     vertex  5.377848e+01  3.691792e+01  4.298844e+01
   endloop
 endfacet
 facet normal -7.245466e-01 -5.440480e-01 -4.231359e-01
   outer loop
     vertex  5.359300e+01  3.687487e+01  4.338453e+01
     vertex  5.217901e+01  3.900000e+01  4.307336e+01
     vertex  5.228623e+01  3.900000e+01  4.288976e+01
   endloop
 endfacet
 facet normal -7.340664e-01 -5.455384e-01 -4.043939e-01
   outer loop
     vertex  5.359300e+01  3.687487e+01  4.338453e+01
     vertex  5.228623e+01  3.900000e+01  4.288976e+01
     vertex  5.238884e+01  3.900000e+01  4.270350e+01
   endloop
 endfacet
 facet normal -7.928791e-01 -5.649624e-01 -2.283862e-01
   outer loop
     vertex  5.705106e+01  3.319604e+01  4.154648e+01
     vertex  5.442253e+01  3.714442e+01  4.090465e+01
     vertex  5.716735e+01  3.325606e+01  4.099427e+01
   endloop
 endfacet
 facet normal -7.928791e-01 -5.649624e-01 -2.283862e-01
   outer loop
     vertex  5.705106e+01  3.319604e+01  4.154648e+01
     vertex  5.433247e+01  3.709794e+01  4.133229e+01
     vertex  5.442253e+01  3.714442e+01  4.090465e+01
   endloop
 endfacet
 facet normal -7.182741e-01 -5.418268e-01 -4.364699e-01
   outer loop
     vertex  5.338946e+01  3.683278e+01  4.377175e+01
     vertex  5.217901e+01  3.900000e+01  4.307336e+01
     vertex  5.359300e+01  3.687487e+01  4.338453e+01
   endloop
 endfacet
 facet normal -7.046939e-01 -5.398750e-01 -4.603710e-01
   outer loop
     vertex  5.338946e+01  3.683278e+01  4.377175e+01
     vertex  5.195100e+01  3.900000e+01  4.343211e+01
     vertex  5.206724e+01  3.900000e+01  4.325418e+01
   endloop
 endfacet
 facet normal -7.149838e-01 -5.417498e-01 -4.419336e-01
   outer loop
     vertex  5.338946e+01  3.683278e+01  4.377175e+01
     vertex  5.206724e+01  3.900000e+01  4.325418e+01
     vertex  5.217901e+01  3.900000e+01  4.307336e+01
   endloop
 endfacet
 facet normal -7.844348e-01 -5.610532e-01 -2.643506e-01
   outer loop
     vertex  5.690942e+01  3.313665e+01  4.209280e+01
     vertex  5.433247e+01  3.709794e+01  4.133229e+01
     vertex  5.705106e+01  3.319604e+01  4.154648e+01
   endloop
 endfacet
 facet normal -7.844348e-01 -5.610532e-01 -2.643506e-01
   outer loop
     vertex  5.690942e+01  3.313665e+01  4.209280e+01
     vertex  5.422278e+01  3.705195e+01  4.175537e+01
     vertex  5.433247e+01  3.709794e+01  4.133229e+01
   endloop
 endfacet
 facet normal -8.098568e-01 -5.808931e-01 -8.182431e-02
   outer loop
     vertex  6.015072e+01  2.959153e+01  3.902460e+01
     vertex  5.736199e+01  3.343869e+01  3.931403e+01
     vertex  5.737500e+01  3.350000e+01  3.875000e+01
   endloop
 endfacet
 facet normal -8.098568e-01 -5.808931e-01 -8.182431e-02
   outer loop
     vertex  6.015072e+01  2.959153e+01  3.902460e+01
     vertex  5.737500e+01  3.350000e+01  3.875000e+01
     vertex  6.016667e+01  2.966667e+01  3.833333e+01
   endloop
 endfacet
 facet normal -8.098568e-01 -5.808931e-01 -8.182431e-02
   outer loop
     vertex  6.015072e+01  2.959153e+01  3.902460e+01
     vertex  6.016667e+01  2.966667e+01  3.833333e+01
     vertex  6.295833e+01  2.583333e+01  3.791667e+01
   endloop
 endfacet
 facet normal -8.081537e-01 -5.768830e-01 -1.187167e-01
   outer loop
     vertex  6.015072e+01  2.959153e+01  3.902460e+01
     vertex  5.732298e+01  3.337751e+01  3.987687e+01
     vertex  5.736199e+01  3.343869e+01  3.931403e+01
   endloop
 endfacet
 facet normal -7.003191e-01 -5.382953e-01 -4.688190e-01
   outer loop
     vertex  5.316826e+01  3.679174e+01  4.414928e+01
     vertex  5.195100e+01  3.900000e+01  4.343211e+01
     vertex  5.338946e+01  3.683278e+01  4.377175e+01
   endloop
 endfacet
 facet normal -6.828827e-01 -5.356971e-01 -4.966888e-01
   outer loop
     vertex  5.316826e+01  3.679174e+01  4.414928e+01
     vertex  5.170541e+01  3.900000e+01  4.377883e+01
     vertex  5.183037e+01  3.900000e+01  4.360703e+01
   endloop
 endfacet
 facet normal -6.939429e-01 -5.379539e-01 -4.785905e-01
   outer loop
     vertex  5.316826e+01  3.679174e+01  4.414928e+01
     vertex  5.183037e+01  3.900000e+01  4.360703e+01
     vertex  5.195100e+01  3.900000e+01  4.343211e+01
   endloop
 endfacet
 facet normal -7.743409e-01 -5.571900e-01 -2.998924e-01
   outer loop
     vertex  5.674274e+01  3.307803e+01  4.263209e+01
     vertex  5.422278e+01  3.705195e+01  4.175537e+01
     vertex  5.690942e+01  3.313665e+01  4.209280e+01
   endloop
 endfacet
 facet normal -7.626186e-01 -5.533809e-01 -3.349367e-01
   outer loop
     vertex  5.674274e+01  3.307803e+01  4.263209e+01
     vertex  5.394550e+01  3.696185e+01  4.258432e+01
     vertex  5.409370e+01  3.700656e+01  4.217300e+01
   endloop
 endfacet
 facet normal -7.743409e-01 -5.571900e-01 -2.998924e-01
   outer loop
     vertex  5.674274e+01  3.307803e+01  4.263209e+01
     vertex  5.409370e+01  3.700656e+01  4.217300e+01
     vertex  5.422278e+01  3.705195e+01  4.175537e+01
   endloop
 endfacet
 facet normal -8.047510e-01 -5.728856e-01 -1.554926e-01
   outer loop
     vertex  6.010291e+01  2.951655e+01  3.971442e+01
     vertex  5.725805e+01  3.331659e+01  4.043735e+01
     vertex  5.732298e+01  3.337751e+01  3.987687e+01
   endloop
 endfacet
 facet normal -8.081537e-01 -5.768830e-01 -1.187167e-01
   outer loop
     vertex  6.010291e+01  2.951655e+01  3.971442e+01
     vertex  5.732298e+01  3.337751e+01  3.987687e+01
     vertex  6.015072e+01  2.959153e+01  3.902460e+01
   endloop
 endfacet
 facet normal -6.808379e-01 -5.349469e-01 -5.002915e-01
   outer loop
     vertex  5.292989e+01  3.675185e+01  4.451634e+01
     vertex  5.170541e+01  3.900000e+01  4.377883e+01
     vertex  5.316826e+01  3.679174e+01  4.414928e+01
   endloop
 endfacet
 facet normal -6.709783e-01 -5.341588e-01 -5.142591e-01
   outer loop
     vertex  5.292989e+01  3.675185e+01  4.451634e+01
     vertex  5.157620e+01  3.900000e+01  4.394741e+01
     vertex  5.170541e+01  3.900000e+01  4.377883e+01
   endloop
 endfacet
 facet normal -7.626186e-01 -5.533809e-01 -3.349367e-01
   outer loop
     vertex  5.655136e+01  3.302030e+01  4.316322e+01
     vertex  5.394550e+01  3.696185e+01  4.258432e+01
     vertex  5.674274e+01  3.307803e+01  4.263209e+01
   endloop
 endfacet
 facet normal -8.047510e-01 -5.728856e-01 -1.554926e-01
   outer loop
     vertex  6.002334e+01  2.944188e+01  4.040133e+01
     vertex  5.725805e+01  3.331659e+01  4.043735e+01
     vertex  6.010291e+01  2.951655e+01  3.971442e+01
   endloop
 endfacet
 facet normal -6.599265e-01 -5.317003e-01 -5.308406e-01
   outer loop
     vertex  5.267485e+01  3.671317e+01  4.487214e+01
     vertex  5.157620e+01  3.900000e+01  4.394741e+01
     vertex  5.292989e+01  3.675185e+01  4.451634e+01
   endloop
 endfacet
 facet normal -6.461315e-01 -5.303722e-01 -5.488345e-01
   outer loop
     vertex  5.267485e+01  3.671317e+01  4.487214e+01
     vertex  5.130540e+01  3.900000e+01  4.427446e+01
     vertex  5.144284e+01  3.900000e+01  4.411266e+01
   endloop
 endfacet
 facet normal -6.590564e-01 -5.317136e-01 -5.319072e-01
   outer loop
     vertex  5.267485e+01  3.671317e+01  4.487214e+01
     vertex  5.144284e+01  3.900000e+01  4.411266e+01
     vertex  5.157620e+01  3.900000e+01  4.394741e+01
   endloop
 endfacet
 facet normal -7.492924e-01 -5.496338e-01 -3.694098e-01
   outer loop
     vertex  5.633569e+01  3.296358e+01  4.368507e+01
     vertex  5.377848e+01  3.691792e+01  4.298844e+01
     vertex  5.394550e+01  3.696185e+01  4.258432e+01
   endloop
 endfacet
 facet normal -7.492924e-01 -5.496338e-01 -3.694098e-01
   outer loop
     vertex  5.633569e+01  3.296358e+01  4.368507e+01
     vertex  5.394550e+01  3.696185e+01  4.258432e+01
     vertex  5.655136e+01  3.302030e+01  4.316322e+01
   endloop
 endfacet
 facet normal -7.343905e-01 -5.459566e-01 -4.032394e-01
   outer loop
     vertex  5.633569e+01  3.296358e+01  4.368507e+01
     vertex  5.359300e+01  3.687487e+01  4.338453e+01
     vertex  5.377848e+01  3.691792e+01  4.298844e+01
   endloop
 endfacet
 facet normal -7.996558e-01 -5.689093e-01 -1.920747e-01
   outer loop
     vertex  5.991217e+01  2.936769e+01  4.108389e+01
     vertex  5.716735e+01  3.325606e+01  4.099427e+01
     vertex  5.725805e+01  3.331659e+01  4.043735e+01
   endloop
 endfacet
 facet normal -7.996558e-01 -5.689093e-01 -1.920747e-01
   outer loop
     vertex  5.991217e+01  2.936769e+01  4.108389e+01
     vertex  5.725805e+01  3.331659e+01  4.043735e+01
     vertex  6.002334e+01  2.944188e+01  4.040133e+01
   endloop
 endfacet
 facet normal -6.194503e-01 -5.266017e-01 -5.822130e-01
   outer loop
     vertex  5.240366e+01  3.667580e+01  4.521595e+01
     vertex  5.101863e+01  3.900000e+01  4.458736e+01
     vertex  5.116397e+01  3.900000e+01  4.443273e+01
   endloop
 endfacet
 facet normal -6.330899e-01 -5.283274e-01 -5.657450e-01
   outer loop
     vertex  5.240366e+01  3.667580e+01  4.521595e+01
     vertex  5.116397e+01  3.900000e+01  4.443273e+01
     vertex  5.130540e+01  3.900000e+01  4.427446e+01
   endloop
 endfacet
 facet normal -6.377293e-01 -5.283793e-01 -5.604611e-01
   outer loop
     vertex  5.240366e+01  3.667580e+01  4.521595e+01
     vertex  5.130540e+01  3.900000e+01  4.427446e+01
     vertex  5.267485e+01  3.671317e+01  4.487214e+01
   endloop
 endfacet
 facet normal -7.343905e-01 -5.459566e-01 -4.032394e-01
   outer loop
     vertex  5.609618e+01  3.290798e+01  4.419654e+01
     vertex  5.359300e+01  3.687487e+01  4.338453e+01
     vertex  5.633569e+01  3.296358e+01  4.368507e+01
   endloop
 endfacet
 facet normal -7.928791e-01 -5.649624e-01 -2.283862e-01
   outer loop
     vertex  5.976964e+01  2.929413e+01  4.176066e+01
     vertex  5.705106e+01  3.319604e+01  4.154648e+01
     vertex  5.716735e+01  3.325606e+01  4.099427e+01
   endloop
 endfacet
 facet normal -7.928791e-01 -5.649624e-01 -2.283862e-01
   outer loop
     vertex  5.976964e+01  2.929413e+01  4.176066e+01
     vertex  5.716735e+01  3.325606e+01  4.099427e+01
     vertex  5.991217e+01  2.936769e+01  4.108389e+01
   endloop
 endfacet
 facet normal -5.909889e-01 -5.228546e-01 -6.142924e-01
   outer loop
     vertex  5.211690e+01  3.663982e+01  4.554703e+01
     vertex  5.071664e+01  3.900000e+01  4.488530e+01
     vertex  5.086949e+01  3.900000e+01  4.473825e+01
   endloop
 endfacet
 facet normal -6.053342e-01 -5.249625e-01 -5.983184e-01
   outer loop
     vertex  5.211690e+01  3.663982e+01  4.554703e+01
     vertex  5.086949e+01  3.900000e+01  4.473825e+01
     vertex  5.101863e+01  3.900000e+01  4.458736e+01
   endloop
 endfacet
 facet normal -6.141345e-01 -5.252713e-01 -5.890067e-01
   outer loop
     vertex  5.211690e+01  3.663982e+01  4.554703e+01
     vertex  5.101863e+01  3.900000e+01  4.458736e+01
     vertex  5.240366e+01  3.667580e+01  4.521595e+01
   endloop
 endfacet
 facet normal -7.179441e-01 -5.423572e-01 -4.363541e-01
   outer loop
     vertex  5.583334e+01  3.285363e+01  4.469656e+01
     vertex  5.359300e+01  3.687487e+01  4.338453e+01
     vertex  5.609618e+01  3.290798e+01  4.419654e+01
   endloop
 endfacet
 facet normal -7.179441e-01 -5.423572e-01 -4.363541e-01
   outer loop
     vertex  5.583334e+01  3.285363e+01  4.469656e+01
     vertex  5.338946e+01  3.683278e+01  4.377175e+01
     vertex  5.359300e+01  3.687487e+01  4.338453e+01
   endloop
 endfacet
 facet normal -7.844348e-01 -5.610532e-01 -2.643506e-01
   outer loop
     vertex  5.959606e+01  2.922135e+01  4.243023e+01
     vertex  5.705106e+01  3.319604e+01  4.154648e+01
     vertex  5.976964e+01  2.929413e+01  4.176066e+01
   endloop
 endfacet
 facet normal -7.844348e-01 -5.610532e-01 -2.643506e-01
   outer loop
     vertex  5.959606e+01  2.922135e+01  4.243023e+01
     vertex  5.690942e+01  3.313665e+01  4.209280e+01
     vertex  5.705106e+01  3.319604e+01  4.154648e+01
   endloop
 endfacet
 facet normal -8.098568e-01 -5.808931e-01 -8.182431e-02
   outer loop
     vertex  6.293945e+01  2.574437e+01  3.873517e+01
     vertex  6.015072e+01  2.959153e+01  3.902460e+01
     vertex  6.295833e+01  2.583333e+01  3.791667e+01
   endloop
 endfacet
 facet normal -5.891969e-01 -5.223851e-01 -6.164096e-01
   outer loop
     vertex  5.181518e+01  3.660529e+01  4.586470e+01
     vertex  5.071664e+01  3.900000e+01  4.488530e+01
     vertex  5.211690e+01  3.663982e+01  4.554703e+01
   endloop
 endfacet
 facet normal -5.758478e-01 -5.216264e-01 -6.295277e-01
   outer loop
     vertex  5.181518e+01  3.660529e+01  4.586470e+01
     vertex  5.056016e+01  3.900000e+01  4.502843e+01
     vertex  5.071664e+01  3.900000e+01  4.488530e+01
   endloop
 endfacet
 facet normal -6.999879e-01 -5.388430e-01 -4.686845e-01
   outer loop
     vertex  5.554771e+01  3.280064e+01  4.518407e+01
     vertex  5.316826e+01  3.679174e+01  4.414928e+01
     vertex  5.338946e+01  3.683278e+01  4.377175e+01
   endloop
 endfacet
 facet normal -6.999879e-01 -5.388430e-01 -4.686845e-01
   outer loop
     vertex  5.554771e+01  3.280064e+01  4.518407e+01
     vertex  5.338946e+01  3.683278e+01  4.377175e+01
     vertex  5.583334e+01  3.285363e+01  4.469656e+01
   endloop
 endfacet
 facet normal -7.743409e-01 -5.571900e-01 -2.998924e-01
   outer loop
     vertex  5.939177e+01  2.914951e+01  4.309119e+01
     vertex  5.674274e+01  3.307803e+01  4.263209e+01
     vertex  5.690942e+01  3.313665e+01  4.209280e+01
   endloop
 endfacet
 facet normal -7.743409e-01 -5.571900e-01 -2.998924e-01
   outer loop
     vertex  5.939177e+01  2.914951e+01  4.309119e+01
     vertex  5.690942e+01  3.313665e+01  4.209280e+01
     vertex  5.959606e+01  2.922135e+01  4.243023e+01
   endloop
 endfacet
 facet normal -8.081537e-01 -5.768830e-01 -1.187167e-01
   outer loop
     vertex  6.288284e+01  2.565558e+01  3.955196e+01
     vertex  6.010291e+01  2.951655e+01  3.971442e+01
     vertex  6.015072e+01  2.959153e+01  3.902460e+01
   endloop
 endfacet
 facet normal -8.081537e-01 -5.768830e-01 -1.187167e-01
   outer loop
     vertex  6.288284e+01  2.565558e+01  3.955196e+01
     vertex  6.015072e+01  2.959153e+01  3.902460e+01
     vertex  6.293945e+01  2.574437e+01  3.873517e+01
   endloop
 endfacet
 facet normal -5.630724e-01 -5.195255e-01 -6.426840e-01
   outer loop
     vertex  5.149912e+01  3.657229e+01  4.616828e+01
     vertex  5.056016e+01  3.900000e+01  4.502843e+01
     vertex  5.181518e+01  3.660529e+01  4.586470e+01
   endloop
 endfacet
 facet normal -5.446956e-01 -5.183265e-01 -6.592756e-01
   outer loop
     vertex  5.149912e+01  3.657229e+01  4.616828e+01
     vertex  5.023676e+01  3.900000e+01  4.530256e+01
     vertex  5.040017e+01  3.900000e+01  4.516755e+01
   endloop
 endfacet
 facet normal -5.606375e-01 -5.195661e-01 -6.447764e-01
   outer loop
     vertex  5.149912e+01  3.657229e+01  4.616828e+01
     vertex  5.040017e+01  3.900000e+01  4.516755e+01
     vertex  5.056016e+01  3.900000e+01  4.502843e+01
   endloop
 endfacet
 facet normal -6.597001e-01 -5.320999e-01 -5.307217e-01
   outer loop
     vertex  5.523990e+01  3.274912e+01  4.565805e+01
     vertex  5.267485e+01  3.671317e+01  4.487214e+01
     vertex  5.292989e+01  3.675185e+01  4.451634e+01
   endloop
 endfacet
 facet normal -6.805596e-01 -5.354215e-01 -5.001624e-01
   outer loop
     vertex  5.523990e+01  3.274912e+01  4.565805e+01
     vertex  5.292989e+01  3.675185e+01  4.451634e+01
     vertex  5.316826e+01  3.679174e+01  4.414928e+01
   endloop
 endfacet
 facet normal -6.805596e-01 -5.354215e-01 -5.001624e-01
   outer loop
     vertex  5.523990e+01  3.274912e+01  4.565805e+01
     vertex  5.316826e+01  3.679174e+01  4.414928e+01
     vertex  5.554771e+01  3.280064e+01  4.518407e+01
   endloop
 endfacet
 facet normal -7.626186e-01 -5.533809e-01 -3.349367e-01
   outer loop
     vertex  5.915722e+01  2.907875e+01  4.374213e+01
     vertex  5.674274e+01  3.307803e+01  4.263209e+01
     vertex  5.939177e+01  2.914951e+01  4.309119e+01
   endloop
 endfacet
 facet normal -7.626186e-01 -5.533809e-01 -3.349367e-01
   outer loop
     vertex  5.915722e+01  2.907875e+01  4.374213e+01
     vertex  5.655136e+01  3.302030e+01  4.316322e+01
     vertex  5.674274e+01  3.307803e+01  4.263209e+01
   endloop
 endfacet
 facet normal -8.047510e-01 -5.728856e-01 -1.554926e-01
   outer loop
     vertex  6.278862e+01  2.556718e+01  4.036531e+01
     vertex  6.002334e+01  2.944188e+01  4.040133e+01
     vertex  6.010291e+01  2.951655e+01  3.971442e+01
   endloop
 endfacet
 facet normal -8.047510e-01 -5.728856e-01 -1.554926e-01
   outer loop
     vertex  6.278862e+01  2.556718e+01  4.036531e+01
     vertex  6.010291e+01  2.951655e+01  3.971442e+01
     vertex  6.288284e+01  2.565558e+01  3.955196e+01
   endloop
 endfacet
 facet normal -5.119488e-01 -5.150695e-01 -6.874677e-01
   outer loop
     vertex  5.116940e+01  3.654089e+01  4.645713e+01
     vertex  4.990011e+01  3.900000e+01  4.555992e+01
     vertex  5.007004e+01  3.900000e+01  4.543338e+01
   endloop
 endfacet
 facet normal -5.285171e-01 -5.166916e-01 -6.735722e-01
   outer loop
     vertex  5.116940e+01  3.654089e+01  4.645713e+01
     vertex  5.007004e+01  3.900000e+01  4.543338e+01
     vertex  5.023676e+01  3.900000e+01  4.530256e+01
   endloop
 endfacet
 facet normal -5.357957e-01 -5.167275e-01 -6.677692e-01
   outer loop
     vertex  5.116940e+01  3.654089e+01  4.645713e+01
     vertex  5.023676e+01  3.900000e+01  4.530256e+01
     vertex  5.149912e+01  3.657229e+01  4.616828e+01
   endloop
 endfacet
 facet normal -6.597001e-01 -5.320999e-01 -5.307217e-01
   outer loop
     vertex  5.491056e+01  3.269918e+01  4.611750e+01
     vertex  5.267485e+01  3.671317e+01  4.487214e+01
     vertex  5.523990e+01  3.274912e+01  4.565805e+01
   endloop
 endfacet
 facet normal -6.374532e-01 -5.288850e-01 -5.602982e-01
   outer loop
     vertex  5.491056e+01  3.269918e+01  4.611750e+01
     vertex  5.240366e+01  3.667580e+01  4.521595e+01
     vertex  5.267485e+01  3.671317e+01  4.487214e+01
   endloop
 endfacet
 facet normal -7.492924e-01 -5.496338e-01 -3.694098e-01
   outer loop
     vertex  5.889290e+01  2.900923e+01  4.438171e+01
     vertex  5.655136e+01  3.302030e+01  4.316322e+01
     vertex  5.915722e+01  2.907875e+01  4.374213e+01
   endloop
 endfacet
 facet normal -7.492924e-01 -5.496338e-01 -3.694098e-01
   outer loop
     vertex  5.889290e+01  2.900923e+01  4.438171e+01
     vertex  5.633569e+01  3.296358e+01  4.368507e+01
     vertex  5.655136e+01  3.302030e+01  4.316322e+01
   endloop
 endfacet
 facet normal -7.996558e-01 -5.689093e-01 -1.920747e-01
   outer loop
     vertex  6.265699e+01  2.547933e+01  4.117350e+01
     vertex  5.991217e+01  2.936769e+01  4.108389e+01
     vertex  6.002334e+01  2.944188e+01  4.040133e+01
   endloop
 endfacet
 facet normal -7.928791e-01 -5.649624e-01 -2.283862e-01
   outer loop
     vertex  6.265699e+01  2.547933e+01  4.117350e+01
     vertex  5.976964e+01  2.929413e+01  4.176066e+01
     vertex  5.991217e+01  2.936769e+01  4.108389e+01
   endloop
 endfacet
 facet normal -7.996558e-01 -5.689093e-01 -1.920747e-01
   outer loop
     vertex  6.265699e+01  2.547933e+01  4.117350e+01
     vertex  6.002334e+01  2.944188e+01  4.040133e+01
     vertex  6.278862e+01  2.556718e+01  4.036531e+01
   endloop
 endfacet
 facet normal -5.073416e-01 -5.141770e-01 -6.915392e-01
   outer loop
     vertex  5.082670e+01  3.651116e+01  4.673065e+01
     vertex  4.990011e+01  3.900000e+01  4.555992e+01
     vertex  5.116940e+01  3.654089e+01  4.645713e+01
   endloop
 endfacet
 facet normal -4.948612e-01 -5.138648e-01 -7.007534e-01
   outer loop
     vertex  5.082670e+01  3.651116e+01  4.673065e+01
     vertex  4.972708e+01  3.900000e+01  4.568212e+01
     vertex  4.990011e+01  3.900000e+01  4.555992e+01
   endloop
 endfacet
 facet normal -6.374532e-01 -5.288850e-01 -5.602982e-01
   outer loop
     vertex  5.456038e+01  3.265093e+01  4.656146e+01
     vertex  5.240366e+01  3.667580e+01  4.521595e+01
     vertex  5.491056e+01  3.269918e+01  4.611750e+01
   endloop
 endfacet
 facet normal -7.343905e-01 -5.459566e-01 -4.032394e-01
   outer loop
     vertex  5.859936e+01  2.894110e+01  4.500856e+01
     vertex  5.633569e+01  3.296358e+01  4.368507e+01
     vertex  5.889290e+01  2.900923e+01  4.438171e+01
   endloop
 endfacet
 facet normal -7.343905e-01 -5.459566e-01 -4.032394e-01
   outer loop
     vertex  5.859936e+01  2.894110e+01  4.500856e+01
     vertex  5.609618e+01  3.290798e+01  4.419654e+01
     vertex  5.633569e+01  3.296358e+01  4.368507e+01
   endloop
 endfacet
 facet normal -7.928791e-01 -5.649624e-01 -2.283862e-01
   outer loop
     vertex  6.248823e+01  2.539223e+01  4.197485e+01
     vertex  5.976964e+01  2.929413e+01  4.176066e+01
     vertex  6.265699e+01  2.547933e+01  4.117350e+01
   endloop
 endfacet
 facet normal -4.777805e-01 -5.118739e-01 -7.139404e-01
   outer loop
     vertex  5.047174e+01  3.648316e+01  4.698827e+01
     vertex  4.972708e+01  3.900000e+01  4.568212e+01
     vertex  5.082670e+01  3.651116e+01  4.673065e+01
   endloop
 endfacet
 facet normal -4.597512e-01 -5.110925e-01 -7.262323e-01
   outer loop
     vertex  5.047174e+01  3.648316e+01  4.698827e+01
     vertex  4.937215e+01  3.900000e+01  4.591314e+01
     vertex  4.955105e+01  3.900000e+01  4.579988e+01
   endloop
 endfacet
 facet normal -4.776796e-01 -5.118776e-01 -7.140052e-01
   outer loop
     vertex  5.047174e+01  3.648316e+01  4.698827e+01
     vertex  4.955105e+01  3.900000e+01  4.579988e+01
     vertex  4.972708e+01  3.900000e+01  4.568212e+01
   endloop
 endfacet
 facet normal -6.138657e-01 -5.257838e-01 -5.888296e-01
   outer loop
     vertex  5.419009e+01  3.260446e+01  4.698899e+01
     vertex  5.211690e+01  3.663982e+01  4.554703e+01
     vertex  5.240366e+01  3.667580e+01  4.521595e+01
   endloop
 endfacet
 facet normal -6.138657e-01 -5.257838e-01 -5.888296e-01
   outer loop
     vertex  5.419009e+01  3.260446e+01  4.698899e+01
     vertex  5.240366e+01  3.667580e+01  4.521595e+01
     vertex  5.456038e+01  3.265093e+01  4.656146e+01
   endloop
 endfacet
 facet normal -7.179441e-01 -5.423572e-01 -4.363541e-01
   outer loop
     vertex  5.827722e+01  2.887449e+01  4.562137e+01
     vertex  5.583334e+01  3.285363e+01  4.469656e+01
     vertex  5.609618e+01  3.290798e+01  4.419654e+01
   endloop
 endfacet
 facet normal -7.179441e-01 -5.423572e-01 -4.363541e-01
   outer loop
     vertex  5.827722e+01  2.887449e+01  4.562137e+01
     vertex  5.609618e+01  3.290798e+01  4.419654e+01
     vertex  5.859936e+01  2.894110e+01  4.500856e+01
   endloop
 endfacet
 facet normal -7.844348e-01 -5.610532e-01 -2.643506e-01
   outer loop
     vertex  6.228269e+01  2.530605e+01  4.276767e+01
     vertex  5.959606e+01  2.922135e+01  4.243023e+01
     vertex  5.976964e+01  2.929413e+01  4.176066e+01
   endloop
 endfacet
 facet normal -7.844348e-01 -5.610532e-01 -2.643506e-01
   outer loop
     vertex  6.228269e+01  2.530605e+01  4.276767e+01
     vertex  5.976964e+01  2.929413e+01  4.176066e+01
     vertex  6.248823e+01  2.539223e+01  4.197485e+01
   endloop
 endfacet
 facet normal -8.098568e-01 -5.808931e-01 -8.182431e-02
   outer loop
     vertex  6.572818e+01  2.189720e+01  3.844575e+01
     vertex  6.295833e+01  2.583333e+01  3.791667e+01
     vertex  6.575000e+01  2.200000e+01  3.750000e+01
   endloop
 endfacet
 facet normal -8.098568e-01 -5.808931e-01 -8.182431e-02
   outer loop
     vertex  6.572818e+01  2.189720e+01  3.844575e+01
     vertex  6.575000e+01  2.200000e+01  3.750000e+01
     vertex  6.854167e+01  1.816667e+01  3.708333e+01
   endloop
 endfacet
 facet normal -8.098568e-01 -5.808931e-01 -8.182431e-02
   outer loop
     vertex  6.572818e+01  2.189720e+01  3.844575e+01
     vertex  6.293945e+01  2.574437e+01  3.873517e+01
     vertex  6.295833e+01  2.583333e+01  3.791667e+01
   endloop
 endfacet
 facet normal -4.232738e-01 -5.083808e-01 -7.499255e-01
   outer loop
     vertex  5.010528e+01  3.645695e+01  4.722944e+01
     vertex  4.900615e+01  3.900000e+01  4.612585e+01
     vertex  4.919048e+01  3.900000e+01  4.602182e+01
   endloop
 endfacet
 facet normal -4.417328e-01 -5.095475e-01 -7.383992e-01
   outer loop
     vertex  5.010528e+01  3.645695e+01  4.722944e+01
     vertex  4.919048e+01  3.900000e+01  4.602182e+01
     vertex  4.937215e+01  3.900000e+01  4.591314e+01
   endloop
 endfacet
 facet normal -4.473239e-01 -5.094487e-01 -7.350941e-01
   outer loop
     vertex  5.010528e+01  3.645695e+01  4.722944e+01
     vertex  4.937215e+01  3.900000e+01  4.591314e+01
     vertex  5.047174e+01  3.648316e+01  4.698827e+01
   endloop
 endfacet
 facet normal -5.889873e-01 -5.228027e-01 -6.162559e-01
   outer loop
     vertex  5.380047e+01  3.255987e+01  4.739919e+01
     vertex  5.211690e+01  3.663982e+01  4.554703e+01
     vertex  5.419009e+01  3.260446e+01  4.698899e+01
   endloop
 endfacet
 facet normal -5.628702e-01 -5.199479e-01 -6.425195e-01
   outer loop
     vertex  5.380047e+01  3.255987e+01  4.739919e+01
     vertex  5.149912e+01  3.657229e+01  4.616828e+01
     vertex  5.181518e+01  3.660529e+01  4.586470e+01
   endloop
 endfacet
 facet normal -5.889873e-01 -5.228027e-01 -6.162559e-01
   outer loop
     vertex  5.380047e+01  3.255987e+01  4.739919e+01
     vertex  5.181518e+01  3.660529e+01  4.586470e+01
     vertex  5.211690e+01  3.663982e+01  4.554703e+01
   endloop
 endfacet
 facet normal -6.999879e-01 -5.388430e-01 -4.686845e-01
   outer loop
     vertex  5.792716e+01  2.880954e+01  4.621886e+01
     vertex  5.554771e+01  3.280064e+01  4.518407e+01
     vertex  5.583334e+01  3.285363e+01  4.469656e+01
   endloop
 endfacet
 facet normal -6.999879e-01 -5.388430e-01 -4.686845e-01
   outer loop
     vertex  5.792716e+01  2.880954e+01  4.621886e+01
     vertex  5.583334e+01  3.285363e+01  4.469656e+01
     vertex  5.827722e+01  2.887449e+01  4.562137e+01
   endloop
 endfacet
 facet normal -7.626186e-01 -5.533809e-01 -3.349367e-01
   outer loop
     vertex  6.204081e+01  2.522098e+01  4.355028e+01
     vertex  5.915722e+01  2.907875e+01  4.374213e+01
     vertex  5.939177e+01  2.914951e+01  4.309119e+01
   endloop
 endfacet
 facet normal -7.743409e-01 -5.571900e-01 -2.998924e-01
   outer loop
     vertex  6.204081e+01  2.522098e+01  4.355028e+01
     vertex  5.959606e+01  2.922135e+01  4.243023e+01
     vertex  6.228269e+01  2.530605e+01  4.276767e+01
   endloop
 endfacet
 facet normal -7.743409e-01 -5.571900e-01 -2.998924e-01
   outer loop
     vertex  6.204081e+01  2.522098e+01  4.355028e+01
     vertex  5.939177e+01  2.914951e+01  4.309119e+01
     vertex  5.959606e+01  2.922135e+01  4.243023e+01
   endloop
 endfacet
 facet normal -8.081537e-01 -5.768830e-01 -1.187167e-01
   outer loop
     vertex  6.566277e+01  2.179462e+01  3.938950e+01
     vertex  6.293945e+01  2.574437e+01  3.873517e+01
     vertex  6.572818e+01  2.189720e+01  3.844575e+01
   endloop
 endfacet
 facet normal -8.081537e-01 -5.768830e-01 -1.187167e-01
   outer loop
     vertex  6.566277e+01  2.179462e+01  3.938950e+01
     vertex  6.288284e+01  2.565558e+01  3.955196e+01
     vertex  6.293945e+01  2.574437e+01  3.873517e+01
   endloop
 endfacet
 facet normal -3.855220e-01 -5.057355e-01 -7.717541e-01
   outer loop
     vertex  4.972809e+01  3.643257e+01  4.745365e+01
     vertex  4.863002e+01  3.900000e+01  4.631973e+01
     vertex  4.881930e+01  3.900000e+01  4.622518e+01
   endloop
 endfacet
 facet normal -4.044870e-01 -5.072821e-01 -7.609567e-01
   outer loop
     vertex  4.972809e+01  3.643257e+01  4.745365e+01
     vertex  4.881930e+01  3.900000e+01  4.622518e+01
     vertex  4.900615e+01  3.900000e+01  4.612585e+01
   endloop
 endfacet
 facet normal -4.158789e-01 -5.072930e-01 -7.547838e-01
   outer loop
     vertex  4.972809e+01  3.643257e+01  4.745365e+01
     vertex  4.900615e+01  3.900000e+01  4.612585e+01
     vertex  5.010528e+01  3.645695e+01  4.722944e+01
   endloop
 endfacet
 facet normal -5.628702e-01 -5.199479e-01 -6.425195e-01
   outer loop
     vertex  5.339234e+01  3.251726e+01  4.779121e+01
     vertex  5.149912e+01  3.657229e+01  4.616828e+01
     vertex  5.380047e+01  3.255987e+01  4.739919e+01
   endloop
 endfacet
 facet normal -6.805596e-01 -5.354215e-01 -5.001624e-01
   outer loop
     vertex  5.754992e+01  2.874640e+01  4.679977e+01
     vertex  5.554771e+01  3.280064e+01  4.518407e+01
     vertex  5.792716e+01  2.880954e+01  4.621886e+01
   endloop
 endfacet
 facet normal -6.805596e-01 -5.354215e-01 -5.001624e-01
   outer loop
     vertex  5.754992e+01  2.874640e+01  4.679977e+01
     vertex  5.523990e+01  3.274912e+01  4.565805e+01
     vertex  5.554771e+01  3.280064e+01  4.518407e+01
   endloop
 endfacet
 facet normal -7.626186e-01 -5.533809e-01 -3.349367e-01
   outer loop
     vertex  6.176309e+01  2.513721e+01  4.432104e+01
     vertex  5.915722e+01  2.907875e+01  4.374213e+01
     vertex  6.204081e+01  2.522098e+01  4.355028e+01
   endloop
 endfacet
 facet normal -8.047510e-01 -5.728856e-01 -1.554926e-01
   outer loop
     vertex  6.555391e+01  2.169247e+01  4.032929e+01
     vertex  6.288284e+01  2.565558e+01  3.955196e+01
     vertex  6.566277e+01  2.179462e+01  3.938950e+01
   endloop
 endfacet
 facet normal -8.047510e-01 -5.728856e-01 -1.554926e-01
   outer loop
     vertex  6.555391e+01  2.169247e+01  4.032929e+01
     vertex  6.278862e+01  2.556718e+01  4.036531e+01
     vertex  6.288284e+01  2.565558e+01  3.955196e+01
   endloop
 endfacet
 facet normal -3.835206e-01 -5.054128e-01 -7.729617e-01
   outer loop
     vertex  4.934095e+01  3.641010e+01  4.766043e+01
     vertex  4.863002e+01  3.900000e+01  4.631973e+01
     vertex  4.972809e+01  3.643257e+01  4.745365e+01
   endloop
 endfacet
 facet normal -3.660380e-01 -5.050871e-01 -7.816030e-01
   outer loop
     vertex  4.934095e+01  3.641010e+01  4.766043e+01
     vertex  4.843845e+01  3.900000e+01  4.640944e+01
     vertex  4.863002e+01  3.900000e+01  4.631973e+01
   endloop
 endfacet
 facet normal -5.355694e-01 -5.172256e-01 -6.675651e-01
   outer loop
     vertex  5.296657e+01  3.247672e+01  4.816421e+01
     vertex  5.116940e+01  3.654089e+01  4.645713e+01
     vertex  5.149912e+01  3.657229e+01  4.616828e+01
   endloop
 endfacet
 facet normal -5.355694e-01 -5.172256e-01 -6.675651e-01
   outer loop
     vertex  5.296657e+01  3.247672e+01  4.816421e+01
     vertex  5.149912e+01  3.657229e+01  4.616828e+01
     vertex  5.339234e+01  3.251726e+01  4.779121e+01
   endloop
 endfacet
 facet normal -6.597001e-01 -5.320999e-01 -5.307217e-01
   outer loop
     vertex  5.714628e+01  2.868520e+01  4.736286e+01
     vertex  5.523990e+01  3.274912e+01  4.565805e+01
     vertex  5.754992e+01  2.874640e+01  4.679977e+01
   endloop
 endfacet
 facet normal -6.374532e-01 -5.288850e-01 -5.602982e-01
   outer loop
     vertex  5.714628e+01  2.868520e+01  4.736286e+01
     vertex  5.456038e+01  3.265093e+01  4.656146e+01
     vertex  5.491056e+01  3.269918e+01  4.611750e+01
   endloop
 endfacet
 facet normal -6.597001e-01 -5.320999e-01 -5.307217e-01
   outer loop
     vertex  5.714628e+01  2.868520e+01  4.736286e+01
     vertex  5.491056e+01  3.269918e+01  4.611750e+01
     vertex  5.523990e+01  3.274912e+01  4.565805e+01
   endloop
 endfacet
 facet normal -7.492924e-01 -5.496338e-01 -3.694098e-01
   outer loop
     vertex  6.145011e+01  2.505489e+01  4.507834e+01
     vertex  5.915722e+01  2.907875e+01  4.374213e+01
     vertex  6.176309e+01  2.513721e+01  4.432104e+01
   endloop
 endfacet
 facet normal -7.492924e-01 -5.496338e-01 -3.694098e-01
   outer loop
     vertex  6.145011e+01  2.505489e+01  4.507834e+01
     vertex  5.889290e+01  2.900923e+01  4.438171e+01
     vertex  5.915722e+01  2.907875e+01  4.374213e+01
   endloop
 endfacet
 facet normal -7.343905e-01 -5.459566e-01 -4.032394e-01
   outer loop
     vertex  6.145011e+01  2.505489e+01  4.507834e+01
     vertex  5.859936e+01  2.894110e+01  4.500856e+01
     vertex  5.889290e+01  2.900923e+01  4.438171e+01
   endloop
 endfacet
 facet normal -7.996558e-01 -5.689093e-01 -1.920747e-01
   outer loop
     vertex  6.540182e+01  2.159097e+01  4.126312e+01
     vertex  6.278862e+01  2.556718e+01  4.036531e+01
     vertex  6.555391e+01  2.169247e+01  4.032929e+01
   endloop
 endfacet
 facet normal -7.996558e-01 -5.689093e-01 -1.920747e-01
   outer loop
     vertex  6.540182e+01  2.159097e+01  4.126312e+01
     vertex  6.265699e+01  2.547933e+01  4.117350e+01
     vertex  6.278862e+01  2.556718e+01  4.036531e+01
   endloop
 endfacet
 facet normal -3.264870e-01 -5.029677e-01 -8.002685e-01
   outer loop
     vertex  4.894468e+01  3.638956e+01  4.784935e+01
     vertex  4.804890e+01  3.900000e+01  4.657415e+01
     vertex  4.824470e+01  3.900000e+01  4.649427e+01
   endloop
 endfacet
 facet normal -3.464681e-01 -5.036998e-01 -7.913573e-01
   outer loop
     vertex  4.894468e+01  3.638956e+01  4.784935e+01
     vertex  4.824470e+01  3.900000e+01  4.649427e+01
     vertex  4.843845e+01  3.900000e+01  4.640944e+01
   endloop
 endfacet
 facet normal -3.504020e-01 -5.035566e-01 -7.897146e-01
   outer loop
     vertex  4.894468e+01  3.638956e+01  4.784935e+01
     vertex  4.843845e+01  3.900000e+01  4.640944e+01
     vertex  4.934095e+01  3.641010e+01  4.766043e+01
   endloop
 endfacet
 facet normal -5.071423e-01 -5.146414e-01 -6.913400e-01
   outer loop
     vertex  5.252404e+01  3.243832e+01  4.851741e+01
     vertex  5.116940e+01  3.654089e+01  4.645713e+01
     vertex  5.296657e+01  3.247672e+01  4.816421e+01
   endloop
 endfacet
 facet normal -5.071423e-01 -5.146414e-01 -6.913400e-01
   outer loop
     vertex  5.252404e+01  3.243832e+01  4.851741e+01
     vertex  5.082670e+01  3.651116e+01  4.673065e+01
     vertex  5.116940e+01  3.654089e+01  4.645713e+01
   endloop
 endfacet
 facet normal -6.374532e-01 -5.288850e-01 -5.602982e-01
   outer loop
     vertex  5.671709e+01  2.862605e+01  4.790697e+01
     vertex  5.456038e+01  3.265093e+01  4.656146e+01
     vertex  5.714628e+01  2.868520e+01  4.736286e+01
   endloop
 endfacet
 facet normal -7.343905e-01 -5.459566e-01 -4.032394e-01
   outer loop
     vertex  6.110254e+01  2.497421e+01  4.582057e+01
     vertex  5.859936e+01  2.894110e+01  4.500856e+01
     vertex  6.145011e+01  2.505489e+01  4.507834e+01
   endloop
 endfacet
 facet normal -7.928791e-01 -5.649624e-01 -2.283862e-01
   outer loop
     vertex  6.520682e+01  2.149032e+01  4.218904e+01
     vertex  6.265699e+01  2.547933e+01  4.117350e+01
     vertex  6.540182e+01  2.159097e+01  4.126312e+01
   endloop
 endfacet
 facet normal -7.928791e-01 -5.649624e-01 -2.283862e-01
   outer loop
     vertex  6.520682e+01  2.149032e+01  4.218904e+01
     vertex  6.248823e+01  2.539223e+01  4.197485e+01
     vertex  6.265699e+01  2.547933e+01  4.117350e+01
   endloop
 endfacet
 facet normal -7.844348e-01 -5.610532e-01 -2.643506e-01
   outer loop
     vertex  6.520682e+01  2.149032e+01  4.218904e+01
     vertex  6.228269e+01  2.530605e+01  4.276767e+01
     vertex  6.248823e+01  2.539223e+01  4.197485e+01
   endloop
 endfacet
 facet normal -3.165500e-01 -5.018455e-01 -8.049517e-01
   outer loop
     vertex  4.854012e+01  3.637101e+01  4.802002e+01
     vertex  4.804890e+01  3.900000e+01  4.657415e+01
     vertex  4.894468e+01  3.638956e+01  4.784935e+01
   endloop
 endfacet
 facet normal -2.859399e-01 -5.009287e-01 -8.168897e-01
   outer loop
     vertex  4.854012e+01  3.637101e+01  4.802002e+01
     vertex  4.765163e+01  3.900000e+01  4.671888e+01
     vertex  4.785117e+01  3.900000e+01  4.664904e+01
   endloop
 endfacet
 facet normal -3.063103e-01 -5.020395e-01 -8.087832e-01
   outer loop
     vertex  4.854012e+01  3.637101e+01  4.802002e+01
     vertex  4.785117e+01  3.900000e+01  4.664904e+01
     vertex  4.804890e+01  3.900000e+01  4.657415e+01
   endloop
 endfacet
 facet normal -4.471505e-01 -5.099087e-01 -7.348807e-01
   outer loop
     vertex  5.206569e+01  3.240217e+01  4.885007e+01
     vertex  5.010528e+01  3.645695e+01  4.722944e+01
     vertex  5.047174e+01  3.648316e+01  4.698827e+01
   endloop
 endfacet
 facet normal -4.776486e-01 -5.122007e-01 -7.137943e-01
   outer loop
     vertex  5.206569e+01  3.240217e+01  4.885007e+01
     vertex  5.047174e+01  3.648316e+01  4.698827e+01
     vertex  5.082670e+01  3.651116e+01  4.673065e+01
   endloop
 endfacet
 facet normal -4.776486e-01 -5.122007e-01 -7.137943e-01
   outer loop
     vertex  5.206569e+01  3.240217e+01  4.885007e+01
     vertex  5.082670e+01  3.651116e+01  4.673065e+01
     vertex  5.252404e+01  3.243832e+01  4.851741e+01
   endloop
 endfacet
 facet normal -6.138657e-01 -5.257838e-01 -5.888296e-01
   outer loop
     vertex  5.626327e+01  2.856910e+01  4.843095e+01
     vertex  5.456038e+01  3.265093e+01  4.656146e+01
     vertex  5.671709e+01  2.862605e+01  4.790697e+01
   endloop
 endfacet
 facet normal -6.138657e-01 -5.257838e-01 -5.888296e-01
   outer loop
     vertex  5.626327e+01  2.856910e+01  4.843095e+01
     vertex  5.419009e+01  3.260446e+01  4.698899e+01
     vertex  5.456038e+01  3.265093e+01  4.656146e+01
   endloop
 endfacet
 facet normal -7.179441e-01 -5.423572e-01 -4.363541e-01
   outer loop
     vertex  6.072111e+01  2.489534e+01  4.654619e+01
     vertex  5.859936e+01  2.894110e+01  4.500856e+01
     vertex  6.110254e+01  2.497421e+01  4.582057e+01
   endloop
 endfacet
 facet normal -7.179441e-01 -5.423572e-01 -4.363541e-01
   outer loop
     vertex  6.072111e+01  2.489534e+01  4.654619e+01
     vertex  5.827722e+01  2.887449e+01  4.562137e+01
     vertex  5.859936e+01  2.894110e+01  4.500856e+01
   endloop
 endfacet
 facet normal -7.844348e-01 -5.610532e-01 -2.643506e-01
   outer loop
     vertex  6.496933e+01  2.139075e+01  4.310510e+01
     vertex  6.228269e+01  2.530605e+01  4.276767e+01
     vertex  6.520682e+01  2.149032e+01  4.218904e+01
   endloop
 endfacet
 facet normal -8.098568e-01 -5.808931e-01 -8.182431e-02
   outer loop
     vertex  6.851691e+01  1.805004e+01  3.815632e+01
     vertex  6.572818e+01  2.189720e+01  3.844575e+01
     vertex  6.854167e+01  1.816667e+01  3.708333e+01
   endloop
 endfacet
 facet normal -2.652347e-01 -5.004627e-01 -8.241284e-01
   outer loop
     vertex  4.812811e+01  3.635449e+01  4.817206e+01
     vertex  4.745042e+01  3.900000e+01  4.678364e+01
     vertex  4.765163e+01  3.900000e+01  4.671888e+01
   endloop
 endfacet
 facet normal -2.819999e-01 -5.004265e-01 -8.185654e-01
   outer loop
     vertex  4.812811e+01  3.635449e+01  4.817206e+01
     vertex  4.765163e+01  3.900000e+01  4.671888e+01
     vertex  4.854012e+01  3.637101e+01  4.802002e+01
   endloop
 endfacet
 facet normal -4.471505e-01 -5.099087e-01 -7.348807e-01
   outer loop
     vertex  5.159248e+01  3.236832e+01  4.916149e+01
     vertex  5.010528e+01  3.645695e+01  4.722944e+01
     vertex  5.206569e+01  3.240217e+01  4.885007e+01
   endloop
 endfacet
 facet normal -5.889873e-01 -5.228027e-01 -6.162559e-01
   outer loop
     vertex  5.578576e+01  2.851445e+01  4.893369e+01
     vertex  5.380047e+01  3.255987e+01  4.739919e+01
     vertex  5.419009e+01  3.260446e+01  4.698899e+01
   endloop
 endfacet
 facet normal -5.889873e-01 -5.228027e-01 -6.162559e-01
   outer loop
     vertex  5.578576e+01  2.851445e+01  4.893369e+01
     vertex  5.419009e+01  3.260446e+01  4.698899e+01
     vertex  5.626327e+01  2.856910e+01  4.843095e+01
   endloop
 endfacet
 facet normal -5.628702e-01 -5.199479e-01 -6.425195e-01
   outer loop
     vertex  5.578576e+01  2.851445e+01  4.893369e+01
     vertex  5.339234e+01  3.251726e+01  4.779121e+01
     vertex  5.380047e+01  3.255987e+01  4.739919e+01
   endloop
 endfacet
 facet normal -6.999879e-01 -5.388430e-01 -4.686845e-01
   outer loop
     vertex  6.030661e+01  2.481844e+01  4.725365e+01
     vertex  5.792716e+01  2.880954e+01  4.621886e+01
     vertex  5.827722e+01  2.887449e+01  4.562137e+01
   endloop
 endfacet
 facet normal -6.999879e-01 -5.388430e-01 -4.686845e-01
   outer loop
     vertex  6.030661e+01  2.481844e+01  4.725365e+01
     vertex  5.827722e+01  2.887449e+01  4.562137e+01
     vertex  6.072111e+01  2.489534e+01  4.654619e+01
   endloop
 endfacet
 facet normal -7.743409e-01 -5.571900e-01 -2.998924e-01
   outer loop
     vertex  6.468984e+01  2.129246e+01  4.400937e+01
     vertex  6.228269e+01  2.530605e+01  4.276767e+01
     vertex  6.496933e+01  2.139075e+01  4.310510e+01
   endloop
 endfacet
 facet normal -7.626186e-01 -5.533809e-01 -3.349367e-01
   outer loop
     vertex  6.468984e+01  2.129246e+01  4.400937e+01
     vertex  6.176309e+01  2.513721e+01  4.432104e+01
     vertex  6.204081e+01  2.522098e+01  4.355028e+01
   endloop
 endfacet
 facet normal -7.743409e-01 -5.571900e-01 -2.998924e-01
   outer loop
     vertex  6.468984e+01  2.129246e+01  4.400937e+01
     vertex  6.204081e+01  2.522098e+01  4.355028e+01
     vertex  6.228269e+01  2.530605e+01  4.276767e+01
   endloop
 endfacet
 facet normal -8.081537e-01 -5.768830e-01 -1.187167e-01
   outer loop
     vertex  6.844270e+01  1.793365e+01  3.922705e+01
     vertex  6.572818e+01  2.189720e+01  3.844575e+01
     vertex  6.851691e+01  1.805004e+01  3.815632e+01
   endloop
 endfacet
 facet normal -8.081537e-01 -5.768830e-01 -1.187167e-01
   outer loop
     vertex  6.844270e+01  1.793365e+01  3.922705e+01
     vertex  6.566277e+01  2.179462e+01  3.938950e+01
     vertex  6.572818e+01  2.189720e+01  3.844575e+01
   endloop
 endfacet
 facet normal -2.233539e-01 -4.989733e-01 -8.373402e-01
   outer loop
     vertex  4.770952e+01  3.634002e+01  4.830516e+01
     vertex  4.704347e+01  3.900000e+01  4.689774e+01
     vertex  4.724766e+01  3.900000e+01  4.684327e+01
   endloop
 endfacet
 facet normal -2.444566e-01 -4.992838e-01 -8.312380e-01
   outer loop
     vertex  4.770952e+01  3.634002e+01  4.830516e+01
     vertex  4.724766e+01  3.900000e+01  4.684327e+01
     vertex  4.745042e+01  3.900000e+01  4.678364e+01
   endloop
 endfacet
 facet normal -2.468658e-01 -4.991552e-01 -8.306030e-01
   outer loop
     vertex  4.770952e+01  3.634002e+01  4.830516e+01
     vertex  4.745042e+01  3.900000e+01  4.678364e+01
     vertex  4.812811e+01  3.635449e+01  4.817206e+01
   endloop
 endfacet
 facet normal -4.157120e-01 -5.077702e-01 -7.545548e-01
   outer loop
     vertex  5.110540e+01  3.233685e+01  4.945102e+01
     vertex  5.010528e+01  3.645695e+01  4.722944e+01
     vertex  5.159248e+01  3.236832e+01  4.916149e+01
   endloop
 endfacet
 facet normal -4.157120e-01 -5.077702e-01 -7.545548e-01
   outer loop
     vertex  5.110540e+01  3.233685e+01  4.945102e+01
     vertex  4.972809e+01  3.643257e+01  4.745365e+01
     vertex  5.010528e+01  3.645695e+01  4.722944e+01
   endloop
 endfacet
 facet normal -5.628702e-01 -5.199479e-01 -6.425195e-01
   outer loop
     vertex  5.528556e+01  2.846223e+01  4.941414e+01
     vertex  5.339234e+01  3.251726e+01  4.779121e+01
     vertex  5.578576e+01  2.851445e+01  4.893369e+01
   endloop
 endfacet
 facet normal -6.805596e-01 -5.354215e-01 -5.001624e-01
   outer loop
     vertex  5.985993e+01  2.474368e+01  4.794148e+01
     vertex  5.754992e+01  2.874640e+01  4.679977e+01
     vertex  5.792716e+01  2.880954e+01  4.621886e+01
   endloop
 endfacet
 facet normal -6.805596e-01 -5.354215e-01 -5.001624e-01
   outer loop
     vertex  5.985993e+01  2.474368e+01  4.794148e+01
     vertex  5.792716e+01  2.880954e+01  4.621886e+01
     vertex  6.030661e+01  2.481844e+01  4.725365e+01
   endloop
 endfacet
 facet normal -7.626186e-01 -5.533809e-01 -3.349367e-01
   outer loop
     vertex  6.436895e+01  2.119566e+01  4.489995e+01
     vertex  6.176309e+01  2.513721e+01  4.432104e+01
     vertex  6.468984e+01  2.129246e+01  4.400937e+01
   endloop
 endfacet
 facet normal -8.047510e-01 -5.728856e-01 -1.554926e-01
   outer loop
     vertex  6.831919e+01  1.781776e+01  4.029327e+01
     vertex  6.566277e+01  2.179462e+01  3.938950e+01
     vertex  6.844270e+01  1.793365e+01  3.922705e+01
   endloop
 endfacet
 facet normal -8.047510e-01 -5.728856e-01 -1.554926e-01
   outer loop
     vertex  6.831919e+01  1.781776e+01  4.029327e+01
     vertex  6.555391e+01  2.169247e+01  4.032929e+01
     vertex  6.566277e+01  2.179462e+01  3.938950e+01
   endloop
 endfacet
 facet normal -7.996558e-01 -5.689093e-01 -1.920747e-01
   outer loop
     vertex  6.831919e+01  1.781776e+01  4.029327e+01
     vertex  6.540182e+01  2.159097e+01  4.126312e+01
     vertex  6.555391e+01  2.169247e+01  4.032929e+01
   endloop
 endfacet
 facet normal -1.807842e-01 -4.975748e-01 -8.483728e-01
   outer loop
     vertex  4.728523e+01  3.632764e+01  4.841905e+01
     vertex  4.663135e+01  3.900000e+01  4.699104e+01
     vertex  4.683799e+01  3.900000e+01  4.694700e+01
   endloop
 endfacet
 facet normal -2.021477e-01 -4.982629e-01 -8.431313e-01
   outer loop
     vertex  4.728523e+01  3.632764e+01  4.841905e+01
     vertex  4.683799e+01  3.900000e+01  4.694700e+01
     vertex  4.704347e+01  3.900000e+01  4.689774e+01
   endloop
 endfacet
 facet normal -2.112380e-01 -4.979280e-01 -8.410983e-01
   outer loop
     vertex  4.728523e+01  3.632764e+01  4.841905e+01
     vertex  4.704347e+01  3.900000e+01  4.689774e+01
     vertex  4.770952e+01  3.634002e+01  4.830516e+01
   endloop
 endfacet
 facet normal -3.833992e-01 -5.057897e-01 -7.727754e-01
   outer loop
     vertex  5.060549e+01  3.230782e+01  4.971804e+01
     vertex  4.934095e+01  3.641010e+01  4.766043e+01
     vertex  4.972809e+01  3.643257e+01  4.745365e+01
   endloop
 endfacet
 facet normal -3.833992e-01 -5.057897e-01 -7.727754e-01
   outer loop
     vertex  5.060549e+01  3.230782e+01  4.971804e+01
     vertex  4.972809e+01  3.643257e+01  4.745365e+01
     vertex  5.110540e+01  3.233685e+01  4.945102e+01
   endloop
 endfacet
 facet normal -5.355694e-01 -5.172256e-01 -6.675651e-01
   outer loop
     vertex  5.476374e+01  2.841254e+01  4.987129e+01
     vertex  5.339234e+01  3.251726e+01  4.779121e+01
     vertex  5.528556e+01  2.846223e+01  4.941414e+01
   endloop
 endfacet
 facet normal -5.355694e-01 -5.172256e-01 -6.675651e-01
   outer loop
     vertex  5.476374e+01  2.841254e+01  4.987129e+01
     vertex  5.296657e+01  3.247672e+01  4.816421e+01
     vertex  5.339234e+01  3.251726e+01  4.779121e+01
   endloop
 endfacet
 facet normal -6.597001e-01 -5.320999e-01 -5.307217e-01
   outer loop
     vertex  5.938199e+01  2.467121e+01  4.860823e+01
     vertex  5.754992e+01  2.874640e+01  4.679977e+01
     vertex  5.985993e+01  2.474368e+01  4.794148e+01
   endloop
 endfacet
 facet normal -6.597001e-01 -5.320999e-01 -5.307217e-01
   outer loop
     vertex  5.938199e+01  2.467121e+01  4.860823e+01
     vertex  5.714628e+01  2.868520e+01  4.736286e+01
     vertex  5.754992e+01  2.874640e+01  4.679977e+01
   endloop
 endfacet
 facet normal -6.374532e-01 -5.288850e-01 -5.602982e-01
   outer loop
     vertex  5.938199e+01  2.467121e+01  4.860823e+01
     vertex  5.671709e+01  2.862605e+01  4.790697e+01
     vertex  5.714628e+01  2.868520e+01  4.736286e+01
   endloop
 endfacet
 facet normal -7.492924e-01 -5.496338e-01 -3.694098e-01
   outer loop
     vertex  6.400732e+01  2.110055e+01  4.577497e+01
     vertex  6.145011e+01  2.505489e+01  4.507834e+01
     vertex  6.176309e+01  2.513721e+01  4.432104e+01
   endloop
 endfacet
 facet normal -7.492924e-01 -5.496338e-01 -3.694098e-01
   outer loop
     vertex  6.400732e+01  2.110055e+01  4.577497e+01
     vertex  6.176309e+01  2.513721e+01  4.432104e+01
     vertex  6.436895e+01  2.119566e+01  4.489995e+01
   endloop
 endfacet
 facet normal -7.996558e-01 -5.689093e-01 -1.920747e-01
   outer loop
     vertex  6.814664e+01  1.770260e+01  4.135274e+01
     vertex  6.540182e+01  2.159097e+01  4.126312e+01
     vertex  6.831919e+01  1.781776e+01  4.029327e+01
   endloop
 endfacet
 facet normal -1.592335e-01 -4.973349e-01 -8.528204e-01
   outer loop
     vertex  4.685614e+01  3.631738e+01  4.851348e+01
     vertex  4.642367e+01  3.900000e+01  4.702981e+01
     vertex  4.663135e+01  3.900000e+01  4.699104e+01
   endloop
 endfacet
 facet normal -1.751420e-01 -4.970046e-01 -8.498893e-01
   outer loop
     vertex  4.685614e+01  3.631738e+01  4.851348e+01
     vertex  4.663135e+01  3.900000e+01  4.699104e+01
     vertex  4.728523e+01  3.632764e+01  4.841905e+01
   endloop
 endfacet
 facet normal -3.502802e-01 -5.039714e-01 -7.895041e-01
   outer loop
     vertex  5.009378e+01  3.228131e+01  4.996199e+01
     vertex  4.894468e+01  3.638956e+01  4.784935e+01
     vertex  4.934095e+01  3.641010e+01  4.766043e+01
   endloop
 endfacet
 facet normal -3.502802e-01 -5.039714e-01 -7.895041e-01
   outer loop
     vertex  5.009378e+01  3.228131e+01  4.996199e+01
     vertex  4.934095e+01  3.641010e+01  4.766043e+01
     vertex  5.060549e+01  3.230782e+01  4.971804e+01
   endloop
 endfacet
 facet normal -5.071423e-01 -5.146414e-01 -6.913400e-01
   outer loop
     vertex  5.422138e+01  2.836549e+01  5.030417e+01
     vertex  5.296657e+01  3.247672e+01  4.816421e+01
     vertex  5.476374e+01  2.841254e+01  4.987129e+01
   endloop
 endfacet
 facet normal -5.071423e-01 -5.146414e-01 -6.913400e-01
   outer loop
     vertex  5.422138e+01  2.836549e+01  5.030417e+01
     vertex  5.252404e+01  3.243832e+01  4.851741e+01
     vertex  5.296657e+01  3.247672e+01  4.816421e+01
   endloop
 endfacet
 facet normal -6.374532e-01 -5.288850e-01 -5.602982e-01
   outer loop
     vertex  5.887381e+01  2.460118e+01  4.925249e+01
     vertex  5.671709e+01  2.862605e+01  4.790697e+01
     vertex  5.938199e+01  2.467121e+01  4.860823e+01
   endloop
 endfacet
 facet normal -7.343905e-01 -5.459566e-01 -4.032394e-01
   outer loop
     vertex  6.360572e+01  2.100733e+01  4.663259e+01
     vertex  6.110254e+01  2.497421e+01  4.582057e+01
     vertex  6.145011e+01  2.505489e+01  4.507834e+01
   endloop
 endfacet
 facet normal -7.343905e-01 -5.459566e-01 -4.032394e-01
   outer loop
     vertex  6.360572e+01  2.100733e+01  4.663259e+01
     vertex  6.145011e+01  2.505489e+01  4.507834e+01
     vertex  6.400732e+01  2.110055e+01  4.577497e+01
   endloop
 endfacet
 facet normal -7.844348e-01 -5.610532e-01 -2.643506e-01
   outer loop
     vertex  6.792541e+01  1.758842e+01  4.240323e+01
     vertex  6.496933e+01  2.139075e+01  4.310510e+01
     vertex  6.520682e+01  2.149032e+01  4.218904e+01
   endloop
 endfacet
 facet normal -7.928791e-01 -5.649624e-01 -2.283862e-01
   outer loop
     vertex  6.792541e+01  1.758842e+01  4.240323e+01
     vertex  6.520682e+01  2.149032e+01  4.218904e+01
     vertex  6.540182e+01  2.159097e+01  4.126312e+01
   endloop
 endfacet
 facet normal -7.928791e-01 -5.649624e-01 -2.283862e-01
   outer loop
     vertex  6.792541e+01  1.758842e+01  4.240323e+01
     vertex  6.540182e+01  2.159097e+01  4.126312e+01
     vertex  6.814664e+01  1.770260e+01  4.135274e+01
   endloop
 endfacet
 facet normal -1.158348e-01 -4.965025e-01 -8.602718e-01
   outer loop
     vertex  4.642315e+01  3.630925e+01  4.858825e+01
     vertex  4.600575e+01  3.900000e+01  4.709149e+01
     vertex  4.621510e+01  3.900000e+01  4.706330e+01
   endloop
 endfacet
 facet normal -1.376331e-01 -4.963987e-01 -8.571146e-01
   outer loop
     vertex  4.642315e+01  3.630925e+01  4.858825e+01
     vertex  4.621510e+01  3.900000e+01  4.706330e+01
     vertex  4.642367e+01  3.900000e+01  4.702981e+01
   endloop
 endfacet
 facet normal -1.386722e-01 -4.963259e-01 -8.569893e-01
   outer loop
     vertex  4.642315e+01  3.630925e+01  4.858825e+01
     vertex  4.642367e+01  3.900000e+01  4.702981e+01
     vertex  4.685614e+01  3.631738e+01  4.851348e+01
   endloop
 endfacet
 facet normal -3.164245e-01 -5.023190e-01 -8.047056e-01
   outer loop
     vertex  4.957137e+01  3.225735e+01  5.018237e+01
     vertex  4.894468e+01  3.638956e+01  4.784935e+01
     vertex  5.009378e+01  3.228131e+01  4.996199e+01
   endloop
 endfacet
 facet normal -3.164245e-01 -5.023190e-01 -8.047056e-01
   outer loop
     vertex  4.957137e+01  3.225735e+01  5.018237e+01
     vertex  4.854012e+01  3.637101e+01  4.802002e+01
     vertex  4.894468e+01  3.638956e+01  4.784935e+01
   endloop
 endfacet
 facet normal -4.776486e-01 -5.122007e-01 -7.137943e-01
   outer loop
     vertex  5.365963e+01  2.832117e+01  5.071187e+01
     vertex  5.206569e+01  3.240217e+01  4.885007e+01
     vertex  5.252404e+01  3.243832e+01  4.851741e+01
   endloop
 endfacet
 facet normal -4.776486e-01 -5.122007e-01 -7.137943e-01
   outer loop
     vertex  5.365963e+01  2.832117e+01  5.071187e+01
     vertex  5.252404e+01  3.243832e+01  4.851741e+01
     vertex  5.422138e+01  2.836549e+01  5.030417e+01
   endloop
 endfacet
 facet normal -6.138657e-01 -5.257838e-01 -5.888296e-01
   outer loop
     vertex  5.833645e+01  2.453374e+01  4.987291e+01
     vertex  5.626327e+01  2.856910e+01  4.843095e+01
     vertex  5.671709e+01  2.862605e+01  4.790697e+01
   endloop
 endfacet
 facet normal -6.138657e-01 -5.257838e-01 -5.888296e-01
   outer loop
     vertex  5.833645e+01  2.453374e+01  4.987291e+01
     vertex  5.671709e+01  2.862605e+01  4.790697e+01
     vertex  5.887381e+01  2.460118e+01  4.925249e+01
   endloop
 endfacet
 facet normal -7.179441e-01 -5.423572e-01 -4.363541e-01
   outer loop
     vertex  6.316499e+01  2.091620e+01  4.747100e+01
     vertex  6.110254e+01  2.497421e+01  4.582057e+01
     vertex  6.360572e+01  2.100733e+01  4.663259e+01
   endloop
 endfacet
 facet normal -7.179441e-01 -5.423572e-01 -4.363541e-01
   outer loop
     vertex  6.316499e+01  2.091620e+01  4.747100e+01
     vertex  6.072111e+01  2.489534e+01  4.654619e+01
     vertex  6.110254e+01  2.497421e+01  4.582057e+01
   endloop
 endfacet
 facet normal -7.844348e-01 -5.610532e-01 -2.643506e-01
   outer loop
     vertex  6.765597e+01  1.747545e+01  4.344253e+01
     vertex  6.496933e+01  2.139075e+01  4.310510e+01
     vertex  6.792541e+01  1.758842e+01  4.240323e+01
   endloop
 endfacet
 facet normal -8.098568e-01 -5.808931e-01 -8.182431e-02
   outer loop
     vertex  7.130564e+01  1.420287e+01  3.786689e+01
     vertex  6.851691e+01  1.805004e+01  3.815632e+01
     vertex  6.854167e+01  1.816667e+01  3.708333e+01
   endloop
 endfacet
 facet normal -8.098568e-01 -5.808931e-01 -8.182431e-02
   outer loop
     vertex  7.130564e+01  1.420287e+01  3.786689e+01
     vertex  6.854167e+01  1.816667e+01  3.708333e+01
     vertex  7.133333e+01  1.433333e+01  3.666667e+01
   endloop
 endfacet
 facet normal -7.207482e-02 -4.957675e-01 -8.654593e-01
   outer loop
     vertex  4.598716e+01  3.630327e+01  4.864320e+01
     vertex  4.558528e+01  3.900000e+01  4.713189e+01
     vertex  4.579577e+01  3.900000e+01  4.711436e+01
   endloop
 endfacet
 facet normal -9.399730e-02 -4.960406e-01 -8.631965e-01
   outer loop
     vertex  4.598716e+01  3.630327e+01  4.864320e+01
     vertex  4.579577e+01  3.900000e+01  4.711436e+01
     vertex  4.600575e+01  3.900000e+01  4.709149e+01
   endloop
 endfacet
 facet normal -1.019355e-01 -4.956097e-01 -8.625429e-01
   outer loop
     vertex  4.598716e+01  3.630327e+01  4.864320e+01
     vertex  4.600575e+01  3.900000e+01  4.709149e+01
     vertex  4.642315e+01  3.630925e+01  4.858825e+01
   endloop
 endfacet
 facet normal -2.819033e-01 -5.008361e-01 -8.183481e-01
   outer loop
     vertex  4.903934e+01  3.223601e+01  5.037870e+01
     vertex  4.812811e+01  3.635449e+01  4.817206e+01
     vertex  4.854012e+01  3.637101e+01  4.802002e+01
   endloop
 endfacet
 facet normal -2.819033e-01 -5.008361e-01 -8.183481e-01
   outer loop
     vertex  4.903934e+01  3.223601e+01  5.037870e+01
     vertex  4.854012e+01  3.637101e+01  4.802002e+01
     vertex  4.957137e+01  3.225735e+01  5.018237e+01
   endloop
 endfacet
 facet normal -4.471505e-01 -5.099087e-01 -7.348807e-01
   outer loop
     vertex  5.307967e+01  2.827969e+01  5.109355e+01
     vertex  5.206569e+01  3.240217e+01  4.885007e+01
     vertex  5.365963e+01  2.832117e+01  5.071187e+01
   endloop
 endfacet
 facet normal -4.157120e-01 -5.077702e-01 -7.545548e-01
   outer loop
     vertex  5.307967e+01  2.827969e+01  5.109355e+01
     vertex  5.110540e+01  3.233685e+01  4.945102e+01
     vertex  5.159248e+01  3.236832e+01  4.916149e+01
   endloop
 endfacet
 facet normal -4.471505e-01 -5.099087e-01 -7.348807e-01
   outer loop
     vertex  5.307967e+01  2.827969e+01  5.109355e+01
     vertex  5.159248e+01  3.236832e+01  4.916149e+01
     vertex  5.206569e+01  3.240217e+01  4.885007e+01
   endloop
 endfacet
 facet normal -5.889873e-01 -5.228027e-01 -6.162559e-01
   outer loop
     vertex  5.777105e+01  2.446904e+01  5.046819e+01
     vertex  5.626327e+01  2.856910e+01  4.843095e+01
     vertex  5.833645e+01  2.453374e+01  4.987291e+01
   endloop
 endfacet
 facet normal -5.889873e-01 -5.228027e-01 -6.162559e-01
   outer loop
     vertex  5.777105e+01  2.446904e+01  5.046819e+01
     vertex  5.578576e+01  2.851445e+01  4.893369e+01
     vertex  5.626327e+01  2.856910e+01  4.843095e+01
   endloop
 endfacet
 facet normal -5.628702e-01 -5.199479e-01 -6.425195e-01
   outer loop
     vertex  5.777105e+01  2.446904e+01  5.046819e+01
     vertex  5.528556e+01  2.846223e+01  4.941414e+01
     vertex  5.578576e+01  2.851445e+01  4.893369e+01
   endloop
 endfacet
 facet normal -6.999879e-01 -5.388430e-01 -4.686845e-01
   outer loop
     vertex  6.268607e+01  2.082734e+01  4.828844e+01
     vertex  6.072111e+01  2.489534e+01  4.654619e+01
     vertex  6.316499e+01  2.091620e+01  4.747100e+01
   endloop
 endfacet
 facet normal -6.999879e-01 -5.388430e-01 -4.686845e-01
   outer loop
     vertex  6.268607e+01  2.082734e+01  4.828844e+01
     vertex  6.030661e+01  2.481844e+01  4.725365e+01
     vertex  6.072111e+01  2.489534e+01  4.654619e+01
   endloop
 endfacet
 facet normal -7.743409e-01 -5.571900e-01 -2.998924e-01
   outer loop
     vertex  6.733888e+01  1.736394e+01  4.446846e+01
     vertex  6.468984e+01  2.129246e+01  4.400937e+01
     vertex  6.496933e+01  2.139075e+01  4.310510e+01
   endloop
 endfacet
 facet normal -7.743409e-01 -5.571900e-01 -2.998924e-01
   outer loop
     vertex  6.733888e+01  1.736394e+01  4.446846e+01
     vertex  6.496933e+01  2.139075e+01  4.310510e+01
     vertex  6.765597e+01  1.747545e+01  4.344253e+01
   endloop
 endfacet
 facet normal -8.081537e-01 -5.768830e-01 -1.187167e-01
   outer loop
     vertex  7.122263e+01  1.407269e+01  3.906459e+01
     vertex  6.844270e+01  1.793365e+01  3.922705e+01
     vertex  6.851691e+01  1.805004e+01  3.815632e+01
   endloop
 endfacet
 facet normal -8.081537e-01 -5.768830e-01 -1.187167e-01
   outer loop
     vertex  7.122263e+01  1.407269e+01  3.906459e+01
     vertex  6.851691e+01  1.805004e+01  3.815632e+01
     vertex  7.130564e+01  1.420287e+01  3.786689e+01
   endloop
 endfacet
 facet normal -2.807829e-02 -4.951312e-01 -8.683644e-01
   outer loop
     vertex  4.554910e+01  3.629947e+01  4.867823e+01
     vertex  4.516334e+01  3.900000e+01  4.715089e+01
     vertex  4.537443e+01  3.900000e+01  4.714407e+01
   endloop
 endfacet
 facet normal -5.008696e-02 -4.957808e-01 -8.670021e-01
   outer loop
     vertex  4.554910e+01  3.629947e+01  4.867823e+01
     vertex  4.537443e+01  3.900000e+01  4.714407e+01
     vertex  4.558528e+01  3.900000e+01  4.713189e+01
   endloop
 endfacet
 facet normal -6.497007e-02 -4.952044e-01 -8.663438e-01
   outer loop
     vertex  4.554910e+01  3.629947e+01  4.867823e+01
     vertex  4.558528e+01  3.900000e+01  4.713189e+01
     vertex  4.598716e+01  3.630327e+01  4.864320e+01
   endloop
 endfacet
 facet normal -2.467893e-01 -4.995258e-01 -8.304029e-01
   outer loop
     vertex  4.849881e+01  3.221733e+01  5.055058e+01
     vertex  4.812811e+01  3.635449e+01  4.817206e+01
     vertex  4.903934e+01  3.223601e+01  5.037870e+01
   endloop
 endfacet
 facet normal -2.467893e-01 -4.995258e-01 -8.304029e-01
   outer loop
     vertex  4.849881e+01  3.221733e+01  5.055058e+01
     vertex  4.770952e+01  3.634002e+01  4.830516e+01
     vertex  4.812811e+01  3.635449e+01  4.817206e+01
   endloop
 endfacet
 facet normal -4.157120e-01 -5.077702e-01 -7.545548e-01
   outer loop
     vertex  5.248271e+01  2.824112e+01  5.144838e+01
     vertex  5.110540e+01  3.233685e+01  4.945102e+01
     vertex  5.307967e+01  2.827969e+01  5.109355e+01
   endloop
 endfacet
 facet normal -5.628702e-01 -5.199479e-01 -6.425195e-01
   outer loop
     vertex  5.717879e+01  2.440720e+01  5.103707e+01
     vertex  5.528556e+01  2.846223e+01  4.941414e+01
     vertex  5.777105e+01  2.446904e+01  5.046819e+01
   endloop
 endfacet
 facet normal -6.805596e-01 -5.354215e-01 -5.001624e-01
   outer loop
     vertex  6.216994e+01  2.074096e+01  4.908320e+01
     vertex  5.985993e+01  2.474368e+01  4.794148e+01
     vertex  6.030661e+01  2.481844e+01  4.725365e+01
   endloop
 endfacet
 facet normal -6.805596e-01 -5.354215e-01 -5.001624e-01
   outer loop
     vertex  6.216994e+01  2.074096e+01  4.908320e+01
     vertex  6.030661e+01  2.481844e+01  4.725365e+01
     vertex  6.268607e+01  2.082734e+01  4.828844e+01
   endloop
 endfacet
 facet normal -7.626186e-01 -5.533809e-01 -3.349367e-01
   outer loop
     vertex  6.697481e+01  1.725411e+01  4.547886e+01
     vertex  6.468984e+01  2.129246e+01  4.400937e+01
     vertex  6.733888e+01  1.736394e+01  4.446846e+01
   endloop
 endfacet
 facet normal -7.626186e-01 -5.533809e-01 -3.349367e-01
   outer loop
     vertex  6.697481e+01  1.725411e+01  4.547886e+01
     vertex  6.436895e+01  2.119566e+01  4.489995e+01
     vertex  6.468984e+01  2.129246e+01  4.400937e+01
   endloop
 endfacet
 facet normal -7.492924e-01 -5.496338e-01 -3.694098e-01
   outer loop
     vertex  6.697481e+01  1.725411e+01  4.547886e+01
     vertex  6.400732e+01  2.110055e+01  4.577497e+01
     vertex  6.436895e+01  2.119566e+01  4.489995e+01
   endloop
 endfacet
 facet normal -8.047510e-01 -5.728856e-01 -1.554926e-01
   outer loop
     vertex  7.108448e+01  1.394305e+01  4.025725e+01
     vertex  6.844270e+01  1.793365e+01  3.922705e+01
     vertex  7.122263e+01  1.407269e+01  3.906459e+01
   endloop
 endfacet
 facet normal -8.047510e-01 -5.728856e-01 -1.554926e-01
   outer loop
     vertex  7.108448e+01  1.394305e+01  4.025725e+01
     vertex  6.831919e+01  1.781776e+01  4.029327e+01
     vertex  6.844270e+01  1.793365e+01  3.922705e+01
   endloop
 endfacet
 facet normal -2.786556e-02 -4.951112e-01 -8.683826e-01
   outer loop
     vertex  4.510988e+01  3.629783e+01  4.869326e+01
     vertex  4.516334e+01  3.900000e+01  4.715089e+01
     vertex  4.554910e+01  3.629947e+01  4.867823e+01
   endloop
 endfacet
 facet normal -6.027581e-03 -4.956206e-01 -8.685182e-01
   outer loop
     vertex  4.510988e+01  3.629783e+01  4.869326e+01
     vertex  4.495214e+01  3.900000e+01  4.715236e+01
     vertex  4.516334e+01  3.900000e+01  4.715089e+01
   endloop
 endfacet
 facet normal -1.750793e-01 -4.974336e-01 -8.496511e-01
   outer loop
     vertex  4.795093e+01  3.220134e+01  5.069764e+01
     vertex  4.685614e+01  3.631738e+01  4.851348e+01
     vertex  4.728523e+01  3.632764e+01  4.841905e+01
   endloop
 endfacet
 facet normal -2.111564e-01 -4.983909e-01 -8.408445e-01
   outer loop
     vertex  4.795093e+01  3.220134e+01  5.069764e+01
     vertex  4.728523e+01  3.632764e+01  4.841905e+01
     vertex  4.770952e+01  3.634002e+01  4.830516e+01
   endloop
 endfacet
 facet normal -2.111564e-01 -4.983909e-01 -8.408445e-01
   outer loop
     vertex  4.795093e+01  3.220134e+01  5.069764e+01
     vertex  4.770952e+01  3.634002e+01  4.830516e+01
     vertex  4.849881e+01  3.221733e+01  5.055058e+01
   endloop
 endfacet
 facet normal -3.833992e-01 -5.057897e-01 -7.727754e-01
   outer loop
     vertex  5.187002e+01  2.820555e+01  5.177564e+01
     vertex  5.060549e+01  3.230782e+01  4.971804e+01
     vertex  5.110540e+01  3.233685e+01  4.945102e+01
   endloop
 endfacet
 facet normal -3.502802e-01 -5.039714e-01 -7.895041e-01
   outer loop
     vertex  5.187002e+01  2.820555e+01  5.177564e+01
     vertex  5.009378e+01  3.228131e+01  4.996199e+01
     vertex  5.060549e+01  3.230782e+01  4.971804e+01
   endloop
 endfacet
 facet normal -3.833992e-01 -5.057897e-01 -7.727754e-01
   outer loop
     vertex  5.187002e+01  2.820555e+01  5.177564e+01
     vertex  5.110540e+01  3.233685e+01  4.945102e+01
     vertex  5.248271e+01  2.824112e+01  5.144838e+01
   endloop
 endfacet
 facet normal -5.355694e-01 -5.172256e-01 -6.675651e-01
   outer loop
     vertex  5.656091e+01  2.434837e+01  5.157836e+01
     vertex  5.528556e+01  2.846223e+01  4.941414e+01
     vertex  5.717879e+01  2.440720e+01  5.103707e+01
   endloop
 endfacet
 facet normal -5.355694e-01 -5.172256e-01 -6.675651e-01
   outer loop
     vertex  5.656091e+01  2.434837e+01  5.157836e+01
     vertex  5.476374e+01  2.841254e+01  4.987129e+01
     vertex  5.528556e+01  2.846223e+01  4.941414e+01
   endloop
 endfacet
 facet normal -6.597001e-01 -5.320999e-01 -5.307217e-01
   outer loop
     vertex  6.161771e+01  2.065722e+01  4.985359e+01
     vertex  5.985993e+01  2.474368e+01  4.794148e+01
     vertex  6.216994e+01  2.074096e+01  4.908320e+01
   endloop
 endfacet
 facet normal -6.374532e-01 -5.288850e-01 -5.602982e-01
   outer loop
     vertex  6.161771e+01  2.065722e+01  4.985359e+01
     vertex  5.887381e+01  2.460118e+01  4.925249e+01
     vertex  5.938199e+01  2.467121e+01  4.860823e+01
   endloop
 endfacet
 facet normal -6.597001e-01 -5.320999e-01 -5.307217e-01
   outer loop
     vertex  6.161771e+01  2.065722e+01  4.985359e+01
     vertex  5.938199e+01  2.467121e+01  4.860823e+01
     vertex  5.985993e+01  2.474368e+01  4.794148e+01
   endloop
 endfacet
 facet normal -7.492924e-01 -5.496338e-01 -3.694098e-01
   outer loop
     vertex  6.656453e+01  1.714620e+01  4.647160e+01
     vertex  6.400732e+01  2.110055e+01  4.577497e+01
     vertex  6.697481e+01  1.725411e+01  4.547886e+01
   endloop
 endfacet
 facet normal -7.996558e-01 -5.689093e-01 -1.920747e-01
   outer loop
     vertex  7.089146e+01  1.381424e+01  4.144235e+01
     vertex  6.831919e+01  1.781776e+01  4.029327e+01
     vertex  7.108448e+01  1.394305e+01  4.025725e+01
   endloop
 endfacet
 facet normal -7.996558e-01 -5.689093e-01 -1.920747e-01
   outer loop
     vertex  7.089146e+01  1.381424e+01  4.144235e+01
     vertex  6.814664e+01  1.770260e+01  4.135274e+01
     vertex  6.831919e+01  1.781776e+01  4.029327e+01
   endloop
 endfacet
 facet normal  9.291167e-03 -4.949334e-01 -8.688812e-01
   outer loop
     vertex  4.467043e+01  3.629838e+01  4.868825e+01
     vertex  4.495214e+01  3.900000e+01  4.715236e+01
     vertex  4.510988e+01  3.629783e+01  4.869326e+01
   endloop
 endfacet
 facet normal  3.805466e-02 -4.955603e-01 -8.677395e-01
   outer loop
     vertex  4.467043e+01  3.629838e+01  4.868825e+01
     vertex  4.452997e+01  3.900000e+01  4.713921e+01
     vertex  4.474098e+01  3.900000e+01  4.714846e+01
   endloop
 endfacet
 facet normal  1.602023e-02 -4.954213e-01 -8.685051e-01
   outer loop
     vertex  4.467043e+01  3.629838e+01  4.868825e+01
     vertex  4.474098e+01  3.900000e+01  4.714846e+01
     vertex  4.495214e+01  3.900000e+01  4.715236e+01
   endloop
 endfacet
 facet normal -1.750793e-01 -4.974336e-01 -8.496511e-01
   outer loop
     vertex  4.739685e+01  3.218809e+01  5.081958e+01
     vertex  4.685614e+01  3.631738e+01  4.851348e+01
     vertex  4.795093e+01  3.220134e+01  5.069764e+01
   endloop
 endfacet
 facet normal -3.502802e-01 -5.039714e-01 -7.895041e-01
   outer loop
     vertex  5.124289e+01  2.817305e+01  5.207463e+01
     vertex  5.009378e+01  3.228131e+01  4.996199e+01
     vertex  5.187002e+01  2.820555e+01  5.177564e+01
   endloop
 endfacet
 facet normal -5.071423e-01 -5.146414e-01 -6.913400e-01
   outer loop
     vertex  5.591872e+01  2.429265e+01  5.209092e+01
     vertex  5.422138e+01  2.836549e+01  5.030417e+01
     vertex  5.476374e+01  2.841254e+01  4.987129e+01
   endloop
 endfacet
 facet normal -5.071423e-01 -5.146414e-01 -6.913400e-01
   outer loop
     vertex  5.591872e+01  2.429265e+01  5.209092e+01
     vertex  5.476374e+01  2.841254e+01  4.987129e+01
     vertex  5.656091e+01  2.434837e+01  5.157836e+01
   endloop
 endfacet
 facet normal -6.374532e-01 -5.288850e-01 -5.602982e-01
   outer loop
     vertex  6.103053e+01  2.057630e+01  5.059800e+01
     vertex  5.887381e+01  2.460118e+01  4.925249e+01
     vertex  6.161771e+01  2.065722e+01  4.985359e+01
   endloop
 endfacet
 facet normal -7.343905e-01 -5.459566e-01 -4.032394e-01
   outer loop
     vertex  6.610890e+01  1.704044e+01  4.744460e+01
     vertex  6.400732e+01  2.110055e+01  4.577497e+01
     vertex  6.656453e+01  1.714620e+01  4.647160e+01
   endloop
 endfacet
 facet normal -7.343905e-01 -5.459566e-01 -4.032394e-01
   outer loop
     vertex  6.610890e+01  1.704044e+01  4.744460e+01
     vertex  6.360572e+01  2.100733e+01  4.663259e+01
     vertex  6.400732e+01  2.110055e+01  4.577497e+01
   endloop
 endfacet
 facet normal -7.928791e-01 -5.649624e-01 -2.283862e-01
   outer loop
     vertex  7.064400e+01  1.368651e+01  4.261742e+01
     vertex  6.814664e+01  1.770260e+01  4.135274e+01
     vertex  7.089146e+01  1.381424e+01  4.144235e+01
   endloop
 endfacet
 facet normal -7.928791e-01 -5.649624e-01 -2.283862e-01
   outer loop
     vertex  7.064400e+01  1.368651e+01  4.261742e+01
     vertex  6.792541e+01  1.758842e+01  4.240323e+01
     vertex  6.814664e+01  1.770260e+01  4.135274e+01
   endloop
 endfacet
 facet normal -7.844348e-01 -5.610532e-01 -2.643506e-01
   outer loop
     vertex  7.064400e+01  1.368651e+01  4.261742e+01
     vertex  6.765597e+01  1.747545e+01  4.344253e+01
     vertex  6.792541e+01  1.758842e+01  4.240323e+01
   endloop
 endfacet
 facet normal  8.203350e-02 -4.955996e-01 -8.646685e-01
   outer loop
     vertex  4.423167e+01  3.630110e+01  4.866322e+01
     vertex  4.410900e+01  3.900000e+01  4.710466e+01
     vertex  4.431927e+01  3.900000e+01  4.712461e+01
   endloop
 endfacet
 facet normal  6.005424e-02 -4.958372e-01 -8.663365e-01
   outer loop
     vertex  4.423167e+01  3.630110e+01  4.866322e+01
     vertex  4.431927e+01  3.900000e+01  4.712461e+01
     vertex  4.452997e+01  3.900000e+01  4.713921e+01
   endloop
 endfacet
 facet normal  4.643201e-02 -4.950560e-01 -8.676195e-01
   outer loop
     vertex  4.423167e+01  3.630110e+01  4.866322e+01
     vertex  4.452997e+01  3.900000e+01  4.713921e+01
     vertex  4.467043e+01  3.629838e+01  4.868825e+01
   endloop
 endfacet
 facet normal -1.386340e-01 -4.966561e-01 -8.568041e-01
   outer loop
     vertex  4.683772e+01  3.217759e+01  5.091613e+01
     vertex  4.642315e+01  3.630925e+01  4.858825e+01
     vertex  4.685614e+01  3.631738e+01  4.851348e+01
   endloop
 endfacet
 facet normal -1.386340e-01 -4.966561e-01 -8.568041e-01
   outer loop
     vertex  4.683772e+01  3.217759e+01  5.091613e+01
     vertex  4.685614e+01  3.631738e+01  4.851348e+01
     vertex  4.739685e+01  3.218809e+01  5.081958e+01
   endloop
 endfacet
 facet normal -1.018972e-01 -4.960600e-01 -8.622885e-01
   outer loop
     vertex  4.683772e+01  3.217759e+01  5.091613e+01
     vertex  4.598716e+01  3.630327e+01  4.864320e+01
     vertex  4.642315e+01  3.630925e+01  4.858825e+01
   endloop
 endfacet
 facet normal -3.164245e-01 -5.023190e-01 -8.047056e-01
   outer loop
     vertex  5.060262e+01  2.814369e+01  5.234472e+01
     vertex  5.009378e+01  3.228131e+01  4.996199e+01
     vertex  5.124289e+01  2.817305e+01  5.207463e+01
   endloop
 endfacet
 facet normal -3.164245e-01 -5.023190e-01 -8.047056e-01
   outer loop
     vertex  5.060262e+01  2.814369e+01  5.234472e+01
     vertex  4.957137e+01  3.225735e+01  5.018237e+01
     vertex  5.009378e+01  3.228131e+01  4.996199e+01
   endloop
 endfacet
 facet normal -4.776486e-01 -5.122007e-01 -7.137943e-01
   outer loop
     vertex  5.525357e+01  2.424018e+01  5.257367e+01
     vertex  5.365963e+01  2.832117e+01  5.071187e+01
     vertex  5.422138e+01  2.836549e+01  5.030417e+01
   endloop
 endfacet
 facet normal -4.776486e-01 -5.122007e-01 -7.137943e-01
   outer loop
     vertex  5.525357e+01  2.424018e+01  5.257367e+01
     vertex  5.422138e+01  2.836549e+01  5.030417e+01
     vertex  5.591872e+01  2.429265e+01  5.209092e+01
   endloop
 endfacet
 facet normal -6.138657e-01 -5.257838e-01 -5.888296e-01
   outer loop
     vertex  6.040964e+01  2.049838e+01  5.131487e+01
     vertex  5.833645e+01  2.453374e+01  4.987291e+01
     vertex  5.887381e+01  2.460118e+01  4.925249e+01
   endloop
 endfacet
 facet normal -6.138657e-01 -5.257838e-01 -5.888296e-01
   outer loop
     vertex  6.040964e+01  2.049838e+01  5.131487e+01
     vertex  5.887381e+01  2.460118e+01  4.925249e+01
     vertex  6.103053e+01  2.057630e+01  5.059800e+01
   endloop
 endfacet
 facet normal -7.179441e-01 -5.423572e-01 -4.363541e-01
   outer loop
     vertex  6.560888e+01  1.693705e+01  4.839581e+01
     vertex  6.360572e+01  2.100733e+01  4.663259e+01
     vertex  6.610890e+01  1.704044e+01  4.744460e+01
   endloop
 endfacet
 facet normal -7.179441e-01 -5.423572e-01 -4.363541e-01
   outer loop
     vertex  6.560888e+01  1.693705e+01  4.839581e+01
     vertex  6.316499e+01  2.091620e+01  4.747100e+01
     vertex  6.360572e+01  2.100733e+01  4.663259e+01
   endloop
 endfacet
 facet normal -7.844348e-01 -5.610532e-01 -2.643506e-01
   outer loop
     vertex  7.034260e+01  1.356015e+01  4.377997e+01
     vertex  6.765597e+01  1.747545e+01  4.344253e+01
     vertex  7.064400e+01  1.368651e+01  4.261742e+01
   endloop
 endfacet
 facet normal -8.098568e-01 -5.808931e-01 -8.182431e-02
   outer loop
     vertex  7.409437e+01  1.035571e+01  3.757746e+01
     vertex  7.133333e+01  1.433333e+01  3.666667e+01
     vertex  7.412500e+01  1.050000e+01  3.625000e+01
   endloop
 endfacet
 facet normal -8.098568e-01 -5.808931e-01 -8.182431e-02
   outer loop
     vertex  7.409437e+01  1.035571e+01  3.757746e+01
     vertex  7.130564e+01  1.420287e+01  3.786689e+01
     vertex  7.133333e+01  1.433333e+01  3.666667e+01
   endloop
 endfacet
 facet normal  1.038972e-01 -4.963523e-01 -8.618815e-01
   outer loop
     vertex  4.379453e+01  3.630599e+01  4.861821e+01
     vertex  4.389929e+01  3.900000e+01  4.707938e+01
     vertex  4.410900e+01  3.900000e+01  4.710466e+01
   endloop
 endfacet
 facet normal  8.346722e-02 -4.954911e-01 -8.645934e-01
   outer loop
     vertex  4.379453e+01  3.630599e+01  4.861821e+01
     vertex  4.410900e+01  3.900000e+01  4.710466e+01
     vertex  4.423167e+01  3.630110e+01  4.866322e+01
   endloop
 endfacet
 facet normal -1.018972e-01 -4.960600e-01 -8.622885e-01
   outer loop
     vertex  4.627472e+01  3.216988e+01  5.098709e+01
     vertex  4.598716e+01  3.630327e+01  4.864320e+01
     vertex  4.683772e+01  3.217759e+01  5.091613e+01
   endloop
 endfacet
 facet normal -2.819033e-01 -5.008361e-01 -8.183481e-01
   outer loop
     vertex  4.995057e+01  2.811754e+01  5.258534e+01
     vertex  4.903934e+01  3.223601e+01  5.037870e+01
     vertex  4.957137e+01  3.225735e+01  5.018237e+01
   endloop
 endfacet
 facet normal -2.467893e-01 -4.995258e-01 -8.304029e-01
   outer loop
     vertex  4.995057e+01  2.811754e+01  5.258534e+01
     vertex  4.849881e+01  3.221733e+01  5.055058e+01
     vertex  4.903934e+01  3.223601e+01  5.037870e+01
   endloop
 endfacet
 facet normal -2.819033e-01 -5.008361e-01 -8.183481e-01
   outer loop
     vertex  4.995057e+01  2.811754e+01  5.258534e+01
     vertex  4.957137e+01  3.225735e+01  5.018237e+01
     vertex  5.060262e+01  2.814369e+01  5.234472e+01
   endloop
 endfacet
 facet normal -4.471505e-01 -5.099087e-01 -7.348807e-01
   outer loop
     vertex  5.456686e+01  2.419106e+01  5.302560e+01
     vertex  5.307967e+01  2.827969e+01  5.109355e+01
     vertex  5.365963e+01  2.832117e+01  5.071187e+01
   endloop
 endfacet
 facet normal -4.471505e-01 -5.099087e-01 -7.348807e-01
   outer loop
     vertex  5.456686e+01  2.419106e+01  5.302560e+01
     vertex  5.365963e+01  2.832117e+01  5.071187e+01
     vertex  5.525357e+01  2.424018e+01  5.257367e+01
   endloop
 endfacet
 facet normal -5.889873e-01 -5.228027e-01 -6.162559e-01
   outer loop
     vertex  5.975634e+01  2.042362e+01  5.200269e+01
     vertex  5.833645e+01  2.453374e+01  4.987291e+01
     vertex  6.040964e+01  2.049838e+01  5.131487e+01
   endloop
 endfacet
 facet normal -5.889873e-01 -5.228027e-01 -6.162559e-01
   outer loop
     vertex  5.975634e+01  2.042362e+01  5.200269e+01
     vertex  5.777105e+01  2.446904e+01  5.046819e+01
     vertex  5.833645e+01  2.453374e+01  4.987291e+01
   endloop
 endfacet
 facet normal -5.628702e-01 -5.199479e-01 -6.425195e-01
   outer loop
     vertex  5.975634e+01  2.042362e+01  5.200269e+01
     vertex  5.717879e+01  2.440720e+01  5.103707e+01
     vertex  5.777105e+01  2.446904e+01  5.046819e+01
   endloop
 endfacet
 facet normal -6.999879e-01 -5.388430e-01 -4.686845e-01
   outer loop
     vertex  6.506552e+01  1.683624e+01  4.932323e+01
     vertex  6.316499e+01  2.091620e+01  4.747100e+01
     vertex  6.560888e+01  1.693705e+01  4.839581e+01
   endloop
 endfacet
 facet normal -6.999879e-01 -5.388430e-01 -4.686845e-01
   outer loop
     vertex  6.506552e+01  1.683624e+01  4.932323e+01
     vertex  6.268607e+01  2.082734e+01  4.828844e+01
     vertex  6.316499e+01  2.091620e+01  4.747100e+01
   endloop
 endfacet
 facet normal -7.743409e-01 -5.571900e-01 -2.998924e-01
   outer loop
     vertex  6.998792e+01  1.343541e+01  4.492755e+01
     vertex  6.733888e+01  1.736394e+01  4.446846e+01
     vertex  6.765597e+01  1.747545e+01  4.344253e+01
   endloop
 endfacet
 facet normal -7.743409e-01 -5.571900e-01 -2.998924e-01
   outer loop
     vertex  6.998792e+01  1.343541e+01  4.492755e+01
     vertex  6.765597e+01  1.747545e+01  4.344253e+01
     vertex  7.034260e+01  1.356015e+01  4.377997e+01
   endloop
 endfacet
 facet normal -8.081537e-01 -5.768830e-01 -1.187167e-01
   outer loop
     vertex  7.400256e+01  1.021172e+01  3.890213e+01
     vertex  7.130564e+01  1.420287e+01  3.786689e+01
     vertex  7.409437e+01  1.035571e+01  3.757746e+01
   endloop
 endfacet
 facet normal -8.081537e-01 -5.768830e-01 -1.187167e-01
   outer loop
     vertex  7.400256e+01  1.021172e+01  3.890213e+01
     vertex  7.122263e+01  1.407269e+01  3.906459e+01
     vertex  7.130564e+01  1.420287e+01  3.786689e+01
   endloop
 endfacet
 facet normal  1.474240e-01 -4.969655e-01 -8.551558e-01
   outer loop
     vertex  4.335992e+01  3.631304e+01  4.855333e+01
     vertex  4.348209e+01  3.900000e+01  4.701289e+01
     vertex  4.369028e+01  3.900000e+01  4.704878e+01
   endloop
 endfacet
 facet normal  1.257273e-01 -4.964132e-01 -8.589334e-01
   outer loop
     vertex  4.335992e+01  3.631304e+01  4.855333e+01
     vertex  4.369028e+01  3.900000e+01  4.704878e+01
     vertex  4.389929e+01  3.900000e+01  4.707938e+01
   endloop
 endfacet
 facet normal  1.203396e-01 -4.959131e-01 -8.599934e-01
   outer loop
     vertex  4.335992e+01  3.631304e+01  4.855333e+01
     vertex  4.389929e+01  3.900000e+01  4.707938e+01
     vertex  4.379453e+01  3.630599e+01  4.861821e+01
   endloop
 endfacet
 facet normal -6.494615e-02 -4.956465e-01 -8.660927e-01
   outer loop
     vertex  4.570905e+01  3.216496e+01  5.103233e+01
     vertex  4.554910e+01  3.629947e+01  4.867823e+01
     vertex  4.598716e+01  3.630327e+01  4.864320e+01
   endloop
 endfacet
 facet normal -6.494615e-02 -4.956465e-01 -8.660927e-01
   outer loop
     vertex  4.570905e+01  3.216496e+01  5.103233e+01
     vertex  4.598716e+01  3.630327e+01  4.864320e+01
     vertex  4.627472e+01  3.216988e+01  5.098709e+01
   endloop
 endfacet
 facet normal -2.785848e-02 -4.954165e-01 -8.682087e-01
   outer loop
     vertex  4.570905e+01  3.216496e+01  5.103233e+01
     vertex  4.510988e+01  3.629783e+01  4.869326e+01
     vertex  4.554910e+01  3.629947e+01  4.867823e+01
   endloop
 endfacet
 facet normal -2.467893e-01 -4.995258e-01 -8.304029e-01
   outer loop
     vertex  4.928811e+01  2.809464e+01  5.279600e+01
     vertex  4.849881e+01  3.221733e+01  5.055058e+01
     vertex  4.995057e+01  2.811754e+01  5.258534e+01
   endloop
 endfacet
 facet normal -4.157120e-01 -5.077702e-01 -7.545548e-01
   outer loop
     vertex  5.386003e+01  2.414539e+01  5.344575e+01
     vertex  5.248271e+01  2.824112e+01  5.144838e+01
     vertex  5.307967e+01  2.827969e+01  5.109355e+01
   endloop
 endfacet
 facet normal -4.157120e-01 -5.077702e-01 -7.545548e-01
   outer loop
     vertex  5.386003e+01  2.414539e+01  5.344575e+01
     vertex  5.307967e+01  2.827969e+01  5.109355e+01
     vertex  5.456686e+01  2.419106e+01  5.302560e+01
   endloop
 endfacet
 facet normal -5.628702e-01 -5.199479e-01 -6.425195e-01
   outer loop
     vertex  5.907201e+01  2.035217e+01  5.266001e+01
     vertex  5.717879e+01  2.440720e+01  5.103707e+01
     vertex  5.975634e+01  2.042362e+01  5.200269e+01
   endloop
 endfacet
 facet normal -6.805596e-01 -5.354215e-01 -5.001624e-01
   outer loop
     vertex  6.447995e+01  1.673823e+01  5.022491e+01
     vertex  6.268607e+01  2.082734e+01  4.828844e+01
     vertex  6.506552e+01  1.683624e+01  4.932323e+01
   endloop
 endfacet
 facet normal -6.805596e-01 -5.354215e-01 -5.001624e-01
   outer loop
     vertex  6.447995e+01  1.673823e+01  5.022491e+01
     vertex  6.216994e+01  2.074096e+01  4.908320e+01
     vertex  6.268607e+01  2.082734e+01  4.828844e+01
   endloop
 endfacet
 facet normal -7.626186e-01 -5.533809e-01 -3.349367e-01
   outer loop
     vertex  6.958068e+01  1.331256e+01  4.605777e+01
     vertex  6.733888e+01  1.736394e+01  4.446846e+01
     vertex  6.998792e+01  1.343541e+01  4.492755e+01
   endloop
 endfacet
 facet normal -7.626186e-01 -5.533809e-01 -3.349367e-01
   outer loop
     vertex  6.958068e+01  1.331256e+01  4.605777e+01
     vertex  6.697481e+01  1.725411e+01  4.547886e+01
     vertex  6.733888e+01  1.736394e+01  4.446846e+01
   endloop
 endfacet
 facet normal -8.047510e-01 -5.728856e-01 -1.554926e-01
   outer loop
     vertex  7.384976e+01  1.006834e+01  4.022123e+01
     vertex  7.122263e+01  1.407269e+01  3.906459e+01
     vertex  7.400256e+01  1.021172e+01  3.890213e+01
   endloop
 endfacet
 facet normal -8.047510e-01 -5.728856e-01 -1.554926e-01
   outer loop
     vertex  7.384976e+01  1.006834e+01  4.022123e+01
     vertex  7.108448e+01  1.394305e+01  4.025725e+01
     vertex  7.122263e+01  1.407269e+01  3.906459e+01
   endloop
 endfacet
 facet normal  1.905109e-01 -4.976749e-01 -8.461828e-01
   outer loop
     vertex  4.292877e+01  3.632224e+01  4.846871e+01
     vertex  4.306874e+01  3.900000e+01  4.692532e+01
     vertex  4.327487e+01  3.900000e+01  4.697173e+01
   endloop
 endfacet
 facet normal  1.690087e-01 -4.974997e-01 -8.508408e-01
   outer loop
     vertex  4.292877e+01  3.632224e+01  4.846871e+01
     vertex  4.327487e+01  3.900000e+01  4.697173e+01
     vertex  4.348209e+01  3.900000e+01  4.701289e+01
   endloop
 endfacet
 facet normal  1.569584e-01 -4.965604e-01 -8.536931e-01
   outer loop
     vertex  4.292877e+01  3.632224e+01  4.846871e+01
     vertex  4.348209e+01  3.900000e+01  4.701289e+01
     vertex  4.335992e+01  3.631304e+01  4.855333e+01
   endloop
 endfacet
 facet normal -2.785848e-02 -4.954165e-01 -8.682087e-01
   outer loop
     vertex  4.514188e+01  3.216286e+01  5.105173e+01
     vertex  4.510988e+01  3.629783e+01  4.869326e+01
     vertex  4.570905e+01  3.216496e+01  5.103233e+01
   endloop
 endfacet
 facet normal -2.111564e-01 -4.983909e-01 -8.408445e-01
   outer loop
     vertex  4.861663e+01  2.807505e+01  5.297623e+01
     vertex  4.795093e+01  3.220134e+01  5.069764e+01
     vertex  4.849881e+01  3.221733e+01  5.055058e+01
   endloop
 endfacet
 facet normal -2.111564e-01 -4.983909e-01 -8.408445e-01
   outer loop
     vertex  4.861663e+01  2.807505e+01  5.297623e+01
     vertex  4.849881e+01  3.221733e+01  5.055058e+01
     vertex  4.928811e+01  2.809464e+01  5.279600e+01
   endloop
 endfacet
 facet normal -3.833992e-01 -5.057897e-01 -7.727754e-01
   outer loop
     vertex  5.313456e+01  2.410327e+01  5.383325e+01
     vertex  5.187002e+01  2.820555e+01  5.177564e+01
     vertex  5.248271e+01  2.824112e+01  5.144838e+01
   endloop
 endfacet
 facet normal -3.833992e-01 -5.057897e-01 -7.727754e-01
   outer loop
     vertex  5.313456e+01  2.410327e+01  5.383325e+01
     vertex  5.248271e+01  2.824112e+01  5.144838e+01
     vertex  5.386003e+01  2.414539e+01  5.344575e+01
   endloop
 endfacet
 facet normal -5.355694e-01 -5.172256e-01 -6.675651e-01
   outer loop
     vertex  5.835808e+01  2.028419e+01  5.328544e+01
     vertex  5.656091e+01  2.434837e+01  5.157836e+01
     vertex  5.717879e+01  2.440720e+01  5.103707e+01
   endloop
 endfacet
 facet normal -5.355694e-01 -5.172256e-01 -6.675651e-01
   outer loop
     vertex  5.835808e+01  2.028419e+01  5.328544e+01
     vertex  5.717879e+01  2.440720e+01  5.103707e+01
     vertex  5.907201e+01  2.035217e+01  5.266001e+01
   endloop
 endfacet
 facet normal -6.597001e-01 -5.320999e-01 -5.307217e-01
   outer loop
     vertex  6.385343e+01  1.664323e+01  5.109895e+01
     vertex  6.161771e+01  2.065722e+01  4.985359e+01
     vertex  6.216994e+01  2.074096e+01  4.908320e+01
   endloop
 endfacet
 facet normal -6.597001e-01 -5.320999e-01 -5.307217e-01
   outer loop
     vertex  6.385343e+01  1.664323e+01  5.109895e+01
     vertex  6.216994e+01  2.074096e+01  4.908320e+01
     vertex  6.447995e+01  1.673823e+01  5.022491e+01
   endloop
 endfacet
 facet normal -7.492924e-01 -5.496338e-01 -3.694098e-01
   outer loop
     vertex  6.912174e+01  1.319186e+01  4.716824e+01
     vertex  6.697481e+01  1.725411e+01  4.547886e+01
     vertex  6.958068e+01  1.331256e+01  4.605777e+01
   endloop
 endfacet
 facet normal -7.492924e-01 -5.496338e-01 -3.694098e-01
   outer loop
     vertex  6.912174e+01  1.319186e+01  4.716824e+01
     vertex  6.656453e+01  1.714620e+01  4.647160e+01
     vertex  6.697481e+01  1.725411e+01  4.547886e+01
   endloop
 endfacet
 facet normal -7.996558e-01 -5.689093e-01 -1.920747e-01
   outer loop
     vertex  7.363628e+01  9.925873e+00  4.153197e+01
     vertex  7.108448e+01  1.394305e+01  4.025725e+01
     vertex  7.384976e+01  1.006834e+01  4.022123e+01
   endloop
 endfacet
 facet normal -7.996558e-01 -5.689093e-01 -1.920747e-01
   outer loop
     vertex  7.363628e+01  9.925873e+00  4.153197e+01
     vertex  7.089146e+01  1.381424e+01  4.144235e+01
     vertex  7.108448e+01  1.394305e+01  4.025725e+01
   endloop
 endfacet
 facet normal  2.117647e-01 -4.986809e-01 -8.405195e-01
   outer loop
     vertex  4.250197e+01  3.633357e+01  4.836452e+01
     vertex  4.286383e+01  3.900000e+01  4.687370e+01
     vertex  4.306874e+01  3.900000e+01  4.692532e+01
   endloop
 endfacet
 facet normal  1.932290e-01 -4.975156e-01 -8.456600e-01
   outer loop
     vertex  4.250197e+01  3.633357e+01  4.836452e+01
     vertex  4.306874e+01  3.900000e+01  4.692532e+01
     vertex  4.292877e+01  3.632224e+01  4.846871e+01
   endloop
 endfacet
 facet normal  9.287786e-03 -4.953705e-01 -8.686322e-01
   outer loop
     vertex  4.457442e+01  3.216356e+01  5.104526e+01
     vertex  4.467043e+01  3.629838e+01  4.868825e+01
     vertex  4.510988e+01  3.629783e+01  4.869326e+01
   endloop
 endfacet
 facet normal  9.287786e-03 -4.953705e-01 -8.686322e-01
   outer loop
     vertex  4.457442e+01  3.216356e+01  5.104526e+01
     vertex  4.510988e+01  3.629783e+01  4.869326e+01
     vertex  4.514188e+01  3.216286e+01  5.105173e+01
   endloop
 endfacet
 facet normal -1.750793e-01 -4.974336e-01 -8.496511e-01
   outer loop
     vertex  4.793755e+01  2.805880e+01  5.312567e+01
     vertex  4.795093e+01  3.220134e+01  5.069764e+01
     vertex  4.861663e+01  2.807505e+01  5.297623e+01
   endloop
 endfacet
 facet normal -1.750793e-01 -4.974336e-01 -8.496511e-01
   outer loop
     vertex  4.793755e+01  2.805880e+01  5.312567e+01
     vertex  4.739685e+01  3.218809e+01  5.081958e+01
     vertex  4.795093e+01  3.220134e+01  5.069764e+01
   endloop
 endfacet
 facet normal -3.502802e-01 -5.039714e-01 -7.895041e-01
   outer loop
     vertex  5.239199e+01  2.406479e+01  5.418727e+01
     vertex  5.124289e+01  2.817305e+01  5.207463e+01
     vertex  5.187002e+01  2.820555e+01  5.177564e+01
   endloop
 endfacet
 facet normal -3.502802e-01 -5.039714e-01 -7.895041e-01
   outer loop
     vertex  5.239199e+01  2.406479e+01  5.418727e+01
     vertex  5.187002e+01  2.820555e+01  5.177564e+01
     vertex  5.313456e+01  2.410327e+01  5.383325e+01
   endloop
 endfacet
 facet normal -5.071423e-01 -5.146414e-01 -6.913400e-01
   outer loop
     vertex  5.761606e+01  2.021982e+01  5.387768e+01
     vertex  5.656091e+01  2.434837e+01  5.157836e+01
     vertex  5.835808e+01  2.028419e+01  5.328544e+01
   endloop
 endfacet
 facet normal -5.071423e-01 -5.146414e-01 -6.913400e-01
   outer loop
     vertex  5.761606e+01  2.021982e+01  5.387768e+01
     vertex  5.591872e+01  2.429265e+01  5.209092e+01
     vertex  5.656091e+01  2.434837e+01  5.157836e+01
   endloop
 endfacet
 facet normal -6.374532e-01 -5.288850e-01 -5.602982e-01
   outer loop
     vertex  6.318725e+01  1.655143e+01  5.194352e+01
     vertex  6.103053e+01  2.057630e+01  5.059800e+01
     vertex  6.161771e+01  2.065722e+01  4.985359e+01
   endloop
 endfacet
 facet normal -6.138657e-01 -5.257838e-01 -5.888296e-01
   outer loop
     vertex  6.318725e+01  1.655143e+01  5.194352e+01
     vertex  6.040964e+01  2.049838e+01  5.131487e+01
     vertex  6.103053e+01  2.057630e+01  5.059800e+01
   endloop
 endfacet
 facet normal -6.374532e-01 -5.288850e-01 -5.602982e-01
   outer loop
     vertex  6.318725e+01  1.655143e+01  5.194352e+01
     vertex  6.161771e+01  2.065722e+01  4.985359e+01
     vertex  6.385343e+01  1.664323e+01  5.109895e+01
   endloop
 endfacet
 facet normal -7.343905e-01 -5.459566e-01 -4.032394e-01
   outer loop
     vertex  6.861208e+01  1.307356e+01  4.825662e+01
     vertex  6.610890e+01  1.704044e+01  4.744460e+01
     vertex  6.656453e+01  1.714620e+01  4.647160e+01
   endloop
 endfacet
 facet normal -7.343905e-01 -5.459566e-01 -4.032394e-01
   outer loop
     vertex  6.861208e+01  1.307356e+01  4.825662e+01
     vertex  6.656453e+01  1.714620e+01  4.647160e+01
     vertex  6.912174e+01  1.319186e+01  4.716824e+01
   endloop
 endfacet
 facet normal -7.928791e-01 -5.649624e-01 -2.283862e-01
   outer loop
     vertex  7.336259e+01  9.784608e+00  4.283161e+01
     vertex  7.089146e+01  1.381424e+01  4.144235e+01
     vertex  7.363628e+01  9.925873e+00  4.153197e+01
   endloop
 endfacet
 facet normal -7.928791e-01 -5.649624e-01 -2.283862e-01
   outer loop
     vertex  7.336259e+01  9.784608e+00  4.283161e+01
     vertex  7.064400e+01  1.368651e+01  4.261742e+01
     vertex  7.089146e+01  1.381424e+01  4.144235e+01
   endloop
 endfacet
 facet normal -7.844348e-01 -5.610532e-01 -2.643506e-01
   outer loop
     vertex  7.336259e+01  9.784608e+00  4.283161e+01
     vertex  7.034260e+01  1.356015e+01  4.377997e+01
     vertex  7.064400e+01  1.368651e+01  4.261742e+01
   endloop
 endfacet
 facet normal  2.291101e-01 -4.985337e-01 -8.360459e-01
   outer loop
     vertex  4.208042e+01  3.634699e+01  4.824100e+01
     vertex  4.286383e+01  3.900000e+01  4.687370e+01
     vertex  4.250197e+01  3.633357e+01  4.836452e+01
   endloop
 endfacet
 facet normal  2.538751e-01 -4.999542e-01 -8.280056e-01
   outer loop
     vertex  4.208042e+01  3.634699e+01  4.824100e+01
     vertex  4.245819e+01  3.900000e+01  4.675493e+01
     vertex  4.266027e+01  3.900000e+01  4.681688e+01
   endloop
 endfacet
 facet normal  2.329581e-01 -4.989832e-01 -8.347133e-01
   outer loop
     vertex  4.208042e+01  3.634699e+01  4.824100e+01
     vertex  4.266027e+01  3.900000e+01  4.681688e+01
     vertex  4.286383e+01  3.900000e+01  4.687370e+01
   endloop
 endfacet
 facet normal  8.344364e-02 -4.958304e-01 -8.644012e-01
   outer loop
     vertex  4.400785e+01  3.216707e+01  5.101293e+01
     vertex  4.379453e+01  3.630599e+01  4.861821e+01
     vertex  4.423167e+01  3.630110e+01  4.866322e+01
   endloop
 endfacet
 facet normal  4.641452e-02 -4.955085e-01 -8.673621e-01
   outer loop
     vertex  4.400785e+01  3.216707e+01  5.101293e+01
     vertex  4.467043e+01  3.629838e+01  4.868825e+01
     vertex  4.457442e+01  3.216356e+01  5.104526e+01
   endloop
 endfacet
 facet normal  4.641452e-02 -4.955085e-01 -8.673621e-01
   outer loop
     vertex  4.400785e+01  3.216707e+01  5.101293e+01
     vertex  4.423167e+01  3.630110e+01  4.866322e+01
     vertex  4.467043e+01  3.629838e+01  4.868825e+01
   endloop
 endfacet
 facet normal -1.386340e-01 -4.966561e-01 -8.568041e-01
   outer loop
     vertex  4.725229e+01  2.804594e+01  5.324401e+01
     vertex  4.739685e+01  3.218809e+01  5.081958e+01
     vertex  4.793755e+01  2.805880e+01  5.312567e+01
   endloop
 endfacet
 facet normal -1.386340e-01 -4.966561e-01 -8.568041e-01
   outer loop
     vertex  4.725229e+01  2.804594e+01  5.324401e+01
     vertex  4.683772e+01  3.217759e+01  5.091613e+01
     vertex  4.739685e+01  3.218809e+01  5.081958e+01
   endloop
 endfacet
 facet normal -1.018972e-01 -4.960600e-01 -8.622885e-01
   outer loop
     vertex  4.725229e+01  2.804594e+01  5.324401e+01
     vertex  4.627472e+01  3.216988e+01  5.098709e+01
     vertex  4.683772e+01  3.217759e+01  5.091613e+01
   endloop
 endfacet
 facet normal -3.164245e-01 -5.023190e-01 -8.047056e-01
   outer loop
     vertex  5.163387e+01  2.403003e+01  5.450707e+01
     vertex  5.060262e+01  2.814369e+01  5.234472e+01
     vertex  5.124289e+01  2.817305e+01  5.207463e+01
   endloop
 endfacet
 facet normal -3.164245e-01 -5.023190e-01 -8.047056e-01
   outer loop
     vertex  5.163387e+01  2.403003e+01  5.450707e+01
     vertex  5.124289e+01  2.817305e+01  5.207463e+01
     vertex  5.239199e+01  2.406479e+01  5.418727e+01
   endloop
 endfacet
 facet normal -4.776486e-01 -5.122007e-01 -7.137943e-01
   outer loop
     vertex  5.684752e+01  2.015919e+01  5.443547e+01
     vertex  5.591872e+01  2.429265e+01  5.209092e+01
     vertex  5.761606e+01  2.021982e+01  5.387768e+01
   endloop
 endfacet
 facet normal -4.776486e-01 -5.122007e-01 -7.137943e-01
   outer loop
     vertex  5.684752e+01  2.015919e+01  5.443547e+01
     vertex  5.525357e+01  2.424018e+01  5.257367e+01
     vertex  5.591872e+01  2.429265e+01  5.209092e+01
   endloop
 endfacet
 facet normal -6.138657e-01 -5.257838e-01 -5.888296e-01
   outer loop
     vertex  6.248282e+01  1.646303e+01  5.275683e+01
     vertex  6.040964e+01  2.049838e+01  5.131487e+01
     vertex  6.318725e+01  1.655143e+01  5.194352e+01
   endloop
 endfacet
 facet normal -7.179441e-01 -5.423572e-01 -4.363541e-01
   outer loop
     vertex  6.805276e+01  1.295790e+01  4.932063e+01
     vertex  6.560888e+01  1.693705e+01  4.839581e+01
     vertex  6.610890e+01  1.704044e+01  4.744460e+01
   endloop
 endfacet
 facet normal -7.179441e-01 -5.423572e-01 -4.363541e-01
   outer loop
     vertex  6.805276e+01  1.295790e+01  4.932063e+01
     vertex  6.610890e+01  1.704044e+01  4.744460e+01
     vertex  6.861208e+01  1.307356e+01  4.825662e+01
   endloop
 endfacet
 facet normal -7.844348e-01 -5.610532e-01 -2.643506e-01
   outer loop
     vertex  7.302924e+01  9.644848e+00  4.411740e+01
     vertex  7.034260e+01  1.356015e+01  4.377997e+01
     vertex  7.336259e+01  9.784608e+00  4.283161e+01
   endloop
 endfacet
 facet normal -8.081537e-01 -5.768830e-01 -1.187167e-01
   outer loop
     vertex  7.688311e+01  6.508547e+00  3.728804e+01
     vertex  7.400256e+01  1.021172e+01  3.890213e+01
     vertex  7.409437e+01  1.035571e+01  3.757746e+01
   endloop
 endfacet
 facet normal -8.098568e-01 -5.808931e-01 -8.182431e-02
   outer loop
     vertex  7.688311e+01  6.508547e+00  3.728804e+01
     vertex  7.409437e+01  1.035571e+01  3.757746e+01
     vertex  7.412500e+01  1.050000e+01  3.625000e+01
   endloop
 endfacet
 facet normal -8.098568e-01 -5.808931e-01 -8.182431e-02
   outer loop
     vertex  7.688311e+01  6.508547e+00  3.728804e+01
     vertex  7.412500e+01  1.050000e+01  3.625000e+01
     vertex  7.691667e+01  6.666667e+00  3.583333e+01
   endloop
 endfacet
 facet normal  2.952227e-01 -5.013161e-01 -8.133423e-01
   outer loop
     vertex  4.166501e+01  3.636249e+01  4.809839e+01
     vertex  4.205899e+01  3.900000e+01  4.661572e+01
     vertex  4.225772e+01  3.900000e+01  4.668786e+01
   endloop
 endfacet
 facet normal  2.746333e-01 -5.007232e-01 -8.208854e-01
   outer loop
     vertex  4.166501e+01  3.636249e+01  4.809839e+01
     vertex  4.225772e+01  3.900000e+01  4.668786e+01
     vertex  4.245819e+01  3.900000e+01  4.675493e+01
   endloop
 endfacet
 facet normal  2.645197e-01 -4.996895e-01 -8.248271e-01
   outer loop
     vertex  4.166501e+01  3.636249e+01  4.809839e+01
     vertex  4.245819e+01  3.900000e+01  4.675493e+01
     vertex  4.208042e+01  3.634699e+01  4.824100e+01
   endloop
 endfacet
 facet normal  8.344364e-02 -4.958304e-01 -8.644012e-01
   outer loop
     vertex  4.344337e+01  3.217339e+01  5.095482e+01
     vertex  4.379453e+01  3.630599e+01  4.861821e+01
     vertex  4.400785e+01  3.216707e+01  5.101293e+01
   endloop
 endfacet
 facet normal  1.202973e-01 -4.963353e-01 -8.597557e-01
   outer loop
     vertex  4.344337e+01  3.217339e+01  5.095482e+01
     vertex  4.335992e+01  3.631304e+01  4.855333e+01
     vertex  4.379453e+01  3.630599e+01  4.861821e+01
   endloop
 endfacet
 facet normal -1.018972e-01 -4.960600e-01 -8.622885e-01
   outer loop
     vertex  4.656229e+01  2.803649e+01  5.333098e+01
     vertex  4.627472e+01  3.216988e+01  5.098709e+01
     vertex  4.725229e+01  2.804594e+01  5.324401e+01
   endloop
 endfacet
 facet normal -2.819033e-01 -5.008361e-01 -8.183481e-01
   outer loop
     vertex  5.086180e+01  2.399906e+01  5.479199e+01
     vertex  5.060262e+01  2.814369e+01  5.234472e+01
     vertex  5.163387e+01  2.403003e+01  5.450707e+01
   endloop
 endfacet
 facet normal -2.819033e-01 -5.008361e-01 -8.183481e-01
   outer loop
     vertex  5.086180e+01  2.399906e+01  5.479199e+01
     vertex  4.995057e+01  2.811754e+01  5.258534e+01
     vertex  5.060262e+01  2.814369e+01  5.234472e+01
   endloop
 endfacet
 facet normal -4.471505e-01 -5.099087e-01 -7.348807e-01
   outer loop
     vertex  5.605405e+01  2.010243e+01  5.495765e+01
     vertex  5.525357e+01  2.424018e+01  5.257367e+01
     vertex  5.684752e+01  2.015919e+01  5.443547e+01
   endloop
 endfacet
 facet normal -4.471505e-01 -5.099087e-01 -7.348807e-01
   outer loop
     vertex  5.605405e+01  2.010243e+01  5.495765e+01
     vertex  5.456686e+01  2.419106e+01  5.302560e+01
     vertex  5.525357e+01  2.424018e+01  5.257367e+01
   endloop
 endfacet
 facet normal -5.889873e-01 -5.228027e-01 -6.162559e-01
   outer loop
     vertex  6.174163e+01  1.637820e+01  5.353719e+01
     vertex  5.975634e+01  2.042362e+01  5.200269e+01
     vertex  6.040964e+01  2.049838e+01  5.131487e+01
   endloop
 endfacet
 facet normal -5.628702e-01 -5.199479e-01 -6.425195e-01
   outer loop
     vertex  6.174163e+01  1.637820e+01  5.353719e+01
     vertex  5.907201e+01  2.035217e+01  5.266001e+01
     vertex  5.975634e+01  2.042362e+01  5.200269e+01
   endloop
 endfacet
 facet normal -5.889873e-01 -5.228027e-01 -6.162559e-01
   outer loop
     vertex  6.174163e+01  1.637820e+01  5.353719e+01
     vertex  6.040964e+01  2.049838e+01  5.131487e+01
     vertex  6.248282e+01  1.646303e+01  5.275683e+01
   endloop
 endfacet
 facet normal -6.999879e-01 -5.388430e-01 -4.686845e-01
   outer loop
     vertex  6.744497e+01  1.284514e+01  5.035802e+01
     vertex  6.506552e+01  1.683624e+01  4.932323e+01
     vertex  6.560888e+01  1.693705e+01  4.839581e+01
   endloop
 endfacet
 facet normal -6.999879e-01 -5.388430e-01 -4.686845e-01
   outer loop
     vertex  6.744497e+01  1.284514e+01  5.035802e+01
     vertex  6.560888e+01  1.693705e+01  4.839581e+01
     vertex  6.805276e+01  1.295790e+01  4.932063e+01
   endloop
 endfacet
 facet normal -7.743409e-01 -5.571900e-01 -2.998924e-01
   outer loop
     vertex  7.263695e+01  9.506886e+00  4.538665e+01
     vertex  6.998792e+01  1.343541e+01  4.492755e+01
     vertex  7.034260e+01  1.356015e+01  4.377997e+01
   endloop
 endfacet
 facet normal -7.743409e-01 -5.571900e-01 -2.998924e-01
   outer loop
     vertex  7.263695e+01  9.506886e+00  4.538665e+01
     vertex  7.034260e+01  1.356015e+01  4.377997e+01
     vertex  7.302924e+01  9.644848e+00  4.411740e+01
   endloop
 endfacet
 facet normal -8.081537e-01 -5.768830e-01 -1.187167e-01
   outer loop
     vertex  7.678249e+01  6.350760e+00  3.873968e+01
     vertex  7.400256e+01  1.021172e+01  3.890213e+01
     vertex  7.688311e+01  6.508547e+00  3.728804e+01
   endloop
 endfacet
 facet normal  2.993459e-01 -5.011439e-01 -8.119402e-01
   outer loop
     vertex  4.125662e+01  3.638004e+01  4.793699e+01
     vertex  4.205899e+01  3.900000e+01  4.661572e+01
     vertex  4.166501e+01  3.636249e+01  4.809839e+01
   endloop
 endfacet
 facet normal  3.154645e-01 -5.025493e-01 -8.049387e-01
   outer loop
     vertex  4.125662e+01  3.638004e+01  4.793699e+01
     vertex  4.186212e+01  3.900000e+01  4.653857e+01
     vertex  4.205899e+01  3.900000e+01  4.661572e+01
   endloop
 endfacet
 facet normal  1.202973e-01 -4.963353e-01 -8.597557e-01
   outer loop
     vertex  4.288216e+01  3.218250e+01  5.087104e+01
     vertex  4.335992e+01  3.631304e+01  4.855333e+01
     vertex  4.344337e+01  3.217339e+01  5.095482e+01
   endloop
 endfacet
 facet normal -6.494615e-02 -4.956465e-01 -8.660927e-01
   outer loop
     vertex  4.586900e+01  2.803046e+01  5.338642e+01
     vertex  4.570905e+01  3.216496e+01  5.103233e+01
     vertex  4.627472e+01  3.216988e+01  5.098709e+01
   endloop
 endfacet
 facet normal -2.785848e-02 -4.954165e-01 -8.682087e-01
   outer loop
     vertex  4.586900e+01  2.803046e+01  5.338642e+01
     vertex  4.514188e+01  3.216286e+01  5.105173e+01
     vertex  4.570905e+01  3.216496e+01  5.103233e+01
   endloop
 endfacet
 facet normal -6.494615e-02 -4.956465e-01 -8.660927e-01
   outer loop
     vertex  4.586900e+01  2.803046e+01  5.338642e+01
     vertex  4.627472e+01  3.216988e+01  5.098709e+01
     vertex  4.656229e+01  2.803649e+01  5.333098e+01
   endloop
 endfacet
 facet normal -2.467893e-01 -4.995258e-01 -8.304029e-01
   outer loop
     vertex  5.007740e+01  2.397195e+01  5.504141e+01
     vertex  4.995057e+01  2.811754e+01  5.258534e+01
     vertex  5.086180e+01  2.399906e+01  5.479199e+01
   endloop
 endfacet
 facet normal -2.467893e-01 -4.995258e-01 -8.304029e-01
   outer loop
     vertex  5.007740e+01  2.397195e+01  5.504141e+01
     vertex  4.928811e+01  2.809464e+01  5.279600e+01
     vertex  4.995057e+01  2.811754e+01  5.258534e+01
   endloop
 endfacet
 facet normal -4.157120e-01 -5.077702e-01 -7.545548e-01
   outer loop
     vertex  5.523734e+01  2.004966e+01  5.544312e+01
     vertex  5.386003e+01  2.414539e+01  5.344575e+01
     vertex  5.456686e+01  2.419106e+01  5.302560e+01
   endloop
 endfacet
 facet normal -4.157120e-01 -5.077702e-01 -7.545548e-01
   outer loop
     vertex  5.523734e+01  2.004966e+01  5.544312e+01
     vertex  5.456686e+01  2.419106e+01  5.302560e+01
     vertex  5.605405e+01  2.010243e+01  5.495765e+01
   endloop
 endfacet
 facet normal -5.628702e-01 -5.199479e-01 -6.425195e-01
   outer loop
     vertex  6.096523e+01  1.629714e+01  5.428294e+01
     vertex  5.907201e+01  2.035217e+01  5.266001e+01
     vertex  6.174163e+01  1.637820e+01  5.353719e+01
   endloop
 endfacet
 facet normal -6.805596e-01 -5.354215e-01 -5.001624e-01
   outer loop
     vertex  6.678997e+01  1.273551e+01  5.136663e+01
     vertex  6.506552e+01  1.683624e+01  4.932323e+01
     vertex  6.744497e+01  1.284514e+01  5.035802e+01
   endloop
 endfacet
 facet normal -6.805596e-01 -5.354215e-01 -5.001624e-01
   outer loop
     vertex  6.678997e+01  1.273551e+01  5.136663e+01
     vertex  6.447995e+01  1.673823e+01  5.022491e+01
     vertex  6.506552e+01  1.683624e+01  4.932323e+01
   endloop
 endfacet
 facet normal -7.626186e-01 -5.533809e-01 -3.349367e-01
   outer loop
     vertex  7.218654e+01  9.371013e+00  4.663668e+01
     vertex  6.998792e+01  1.343541e+01  4.492755e+01
     vertex  7.263695e+01  9.506886e+00  4.538665e+01
   endloop
 endfacet
 facet normal -7.626186e-01 -5.533809e-01 -3.349367e-01
   outer loop
     vertex  7.218654e+01  9.371013e+00  4.663668e+01
     vertex  6.958068e+01  1.331256e+01  4.605777e+01
     vertex  6.998792e+01  1.343541e+01  4.492755e+01
   endloop
 endfacet
 facet normal -8.047510e-01 -5.728856e-01 -1.554926e-01
   outer loop
     vertex  7.661504e+01  6.193637e+00  4.018521e+01
     vertex  7.384976e+01  1.006834e+01  4.022123e+01
     vertex  7.400256e+01  1.021172e+01  3.890213e+01
   endloop
 endfacet
 facet normal -8.047510e-01 -5.728856e-01 -1.554926e-01
   outer loop
     vertex  7.661504e+01  6.193637e+00  4.018521e+01
     vertex  7.400256e+01  1.021172e+01  3.890213e+01
     vertex  7.678249e+01  6.350760e+00  3.873968e+01
   endloop
 endfacet
 facet normal  3.335442e-01 -5.027516e-01 -7.974893e-01
   outer loop
     vertex  4.085610e+01  3.639958e+01  4.775715e+01
     vertex  4.186212e+01  3.900000e+01  4.653857e+01
     vertex  4.125662e+01  3.638004e+01  4.793699e+01
   endloop
 endfacet
 facet normal  3.553400e-01 -5.044575e-01 -7.869283e-01
   outer loop
     vertex  4.085610e+01  3.639958e+01  4.775715e+01
     vertex  4.147446e+01  3.900000e+01  4.636939e+01
     vertex  4.166723e+01  3.900000e+01  4.645644e+01
   endloop
 endfacet
 facet normal  3.356271e-01 -5.030572e-01 -7.964219e-01
   outer loop
     vertex  4.085610e+01  3.639958e+01  4.775715e+01
     vertex  4.166723e+01  3.900000e+01  4.645644e+01
     vertex  4.186212e+01  3.900000e+01  4.653857e+01
   endloop
 endfacet
 facet normal  1.568979e-01 -4.970223e-01 -8.534353e-01
   outer loop
     vertex  4.232541e+01  3.219437e+01  5.076177e+01
     vertex  4.292877e+01  3.632224e+01  4.846871e+01
     vertex  4.335992e+01  3.631304e+01  4.855333e+01
   endloop
 endfacet
 facet normal  1.568979e-01 -4.970223e-01 -8.534353e-01
   outer loop
     vertex  4.232541e+01  3.219437e+01  5.076177e+01
     vertex  4.335992e+01  3.631304e+01  4.855333e+01
     vertex  4.288216e+01  3.218250e+01  5.087104e+01
   endloop
 endfacet
 facet normal -2.785848e-02 -4.954165e-01 -8.682087e-01
   outer loop
     vertex  4.517389e+01  2.802788e+01  5.341020e+01
     vertex  4.514188e+01  3.216286e+01  5.105173e+01
     vertex  4.586900e+01  2.803046e+01  5.338642e+01
   endloop
 endfacet
 facet normal -2.111564e-01 -4.983909e-01 -8.408445e-01
   outer loop
     vertex  4.928233e+01  2.394875e+01  5.525482e+01
     vertex  4.861663e+01  2.807505e+01  5.297623e+01
     vertex  4.928811e+01  2.809464e+01  5.279600e+01
   endloop
 endfacet
 facet normal -1.750793e-01 -4.974336e-01 -8.496511e-01
   outer loop
     vertex  4.928233e+01  2.394875e+01  5.525482e+01
     vertex  4.793755e+01  2.805880e+01  5.312567e+01
     vertex  4.861663e+01  2.807505e+01  5.297623e+01
   endloop
 endfacet
 facet normal -2.111564e-01 -4.983909e-01 -8.408445e-01
   outer loop
     vertex  4.928233e+01  2.394875e+01  5.525482e+01
     vertex  4.928811e+01  2.809464e+01  5.279600e+01
     vertex  5.007740e+01  2.397195e+01  5.504141e+01
   endloop
 endfacet
 facet normal -3.833992e-01 -5.057897e-01 -7.727754e-01
   outer loop
     vertex  5.439910e+01  2.000099e+01  5.589085e+01
     vertex  5.313456e+01  2.410327e+01  5.383325e+01
     vertex  5.386003e+01  2.414539e+01  5.344575e+01
   endloop
 endfacet
 facet normal -3.833992e-01 -5.057897e-01 -7.727754e-01
   outer loop
     vertex  5.439910e+01  2.000099e+01  5.589085e+01
     vertex  5.386003e+01  2.414539e+01  5.344575e+01
     vertex  5.523734e+01  2.004966e+01  5.544312e+01
   endloop
 endfacet
 facet normal -3.502802e-01 -5.039714e-01 -7.895041e-01
   outer loop
     vertex  5.439910e+01  2.000099e+01  5.589085e+01
     vertex  5.239199e+01  2.406479e+01  5.418727e+01
     vertex  5.313456e+01  2.410327e+01  5.383325e+01
   endloop
 endfacet
 facet normal -5.355694e-01 -5.172256e-01 -6.675651e-01
   outer loop
     vertex  6.015525e+01  1.622002e+01  5.499252e+01
     vertex  5.907201e+01  2.035217e+01  5.266001e+01
     vertex  6.096523e+01  1.629714e+01  5.428294e+01
   endloop
 endfacet
 facet normal -5.355694e-01 -5.172256e-01 -6.675651e-01
   outer loop
     vertex  6.015525e+01  1.622002e+01  5.499252e+01
     vertex  5.835808e+01  2.028419e+01  5.328544e+01
     vertex  5.907201e+01  2.035217e+01  5.266001e+01
   endloop
 endfacet
 facet normal -6.597001e-01 -5.320999e-01 -5.307217e-01
   outer loop
     vertex  6.608914e+01  1.262924e+01  5.234431e+01
     vertex  6.447995e+01  1.673823e+01  5.022491e+01
     vertex  6.678997e+01  1.273551e+01  5.136663e+01
   endloop
 endfacet
 facet normal -6.374532e-01 -5.288850e-01 -5.602982e-01
   outer loop
     vertex  6.608914e+01  1.262924e+01  5.234431e+01
     vertex  6.318725e+01  1.655143e+01  5.194352e+01
     vertex  6.385343e+01  1.664323e+01  5.109895e+01
   endloop
 endfacet
 facet normal -6.597001e-01 -5.320999e-01 -5.307217e-01
   outer loop
     vertex  6.608914e+01  1.262924e+01  5.234431e+01
     vertex  6.385343e+01  1.664323e+01  5.109895e+01
     vertex  6.447995e+01  1.673823e+01  5.022491e+01
   endloop
 endfacet
 facet normal -7.343905e-01 -5.459566e-01 -4.032394e-01
   outer loop
     vertex  7.167895e+01  9.237514e+00  4.786487e+01
     vertex  6.861208e+01  1.307356e+01  4.825662e+01
     vertex  6.912174e+01  1.319186e+01  4.716824e+01
   endloop
 endfacet
 facet normal -7.492924e-01 -5.496338e-01 -3.694098e-01
   outer loop
     vertex  7.167895e+01  9.237514e+00  4.786487e+01
     vertex  6.912174e+01  1.319186e+01  4.716824e+01
     vertex  6.958068e+01  1.331256e+01  4.605777e+01
   endloop
 endfacet
 facet normal -7.492924e-01 -5.496338e-01 -3.694098e-01
   outer loop
     vertex  7.167895e+01  9.237514e+00  4.786487e+01
     vertex  6.958068e+01  1.331256e+01  4.605777e+01
     vertex  7.218654e+01  9.371013e+00  4.663668e+01
   endloop
 endfacet
 facet normal -7.996558e-01 -5.689093e-01 -1.920747e-01
   outer loop
     vertex  7.638111e+01  6.037509e+00  4.162159e+01
     vertex  7.363628e+01  9.925873e+00  4.153197e+01
     vertex  7.384976e+01  1.006834e+01  4.022123e+01
   endloop
 endfacet
 facet normal -7.996558e-01 -5.689093e-01 -1.920747e-01
   outer loop
     vertex  7.638111e+01  6.037509e+00  4.162159e+01
     vertex  7.384976e+01  1.006834e+01  4.022123e+01
     vertex  7.661504e+01  6.193637e+00  4.018521e+01
   endloop
 endfacet
 facet normal -7.928791e-01 -5.649624e-01 -2.283862e-01
   outer loop
     vertex  7.638111e+01  6.037509e+00  4.162159e+01
     vertex  7.336259e+01  9.784608e+00  4.283161e+01
     vertex  7.363628e+01  9.925873e+00  4.153197e+01
   endloop
 endfacet
 facet normal  3.941525e-01 -5.064431e-01 -7.669154e-01
   outer loop
     vertex  4.046429e+01  3.642110e+01  4.755925e+01
     vertex  4.109572e+01  3.900000e+01  4.618075e+01
     vertex  4.128391e+01  3.900000e+01  4.627747e+01
   endloop
 endfacet
 facet normal  3.748904e-01 -5.054220e-01 -7.771781e-01
   outer loop
     vertex  4.046429e+01  3.642110e+01  4.755925e+01
     vertex  4.128391e+01  3.900000e+01  4.627747e+01
     vertex  4.147446e+01  3.900000e+01  4.636939e+01
   endloop
 endfacet
 facet normal  3.670817e-01 -5.043875e-01 -7.815653e-01
   outer loop
     vertex  4.046429e+01  3.642110e+01  4.755925e+01
     vertex  4.147446e+01  3.900000e+01  4.636939e+01
     vertex  4.085610e+01  3.639958e+01  4.775715e+01
   endloop
 endfacet
 facet normal  1.931686e-01 -4.978899e-01 -8.454535e-01
   outer loop
     vertex  4.177428e+01  3.220900e+01  5.062723e+01
     vertex  4.292877e+01  3.632224e+01  4.846871e+01
     vertex  4.232541e+01  3.219437e+01  5.076177e+01
   endloop
 endfacet
 facet normal  1.931686e-01 -4.978899e-01 -8.454535e-01
   outer loop
     vertex  4.177428e+01  3.220900e+01  5.062723e+01
     vertex  4.250197e+01  3.633357e+01  4.836452e+01
     vertex  4.292877e+01  3.632224e+01  4.846871e+01
   endloop
 endfacet
 facet normal  9.287786e-03 -4.953705e-01 -8.686322e-01
   outer loop
     vertex  4.447842e+01  2.802874e+01  5.340227e+01
     vertex  4.457442e+01  3.216356e+01  5.104526e+01
     vertex  4.514188e+01  3.216286e+01  5.105173e+01
   endloop
 endfacet
 facet normal  9.287786e-03 -4.953705e-01 -8.686322e-01
   outer loop
     vertex  4.447842e+01  2.802874e+01  5.340227e+01
     vertex  4.514188e+01  3.216286e+01  5.105173e+01
     vertex  4.517389e+01  2.802788e+01  5.341020e+01
   endloop
 endfacet
 facet normal -1.750793e-01 -4.974336e-01 -8.496511e-01
   outer loop
     vertex  4.847825e+01  2.392952e+01  5.543177e+01
     vertex  4.793755e+01  2.805880e+01  5.312567e+01
     vertex  4.928233e+01  2.394875e+01  5.525482e+01
   endloop
 endfacet
 facet normal -3.164245e-01 -5.023190e-01 -8.047056e-01
   outer loop
     vertex  5.354109e+01  1.995653e+01  5.629991e+01
     vertex  5.163387e+01  2.403003e+01  5.450707e+01
     vertex  5.239199e+01  2.406479e+01  5.418727e+01
   endloop
 endfacet
 facet normal -3.502802e-01 -5.039714e-01 -7.895041e-01
   outer loop
     vertex  5.354109e+01  1.995653e+01  5.629991e+01
     vertex  5.239199e+01  2.406479e+01  5.418727e+01
     vertex  5.439910e+01  2.000099e+01  5.589085e+01
   endloop
 endfacet
 facet normal -4.776486e-01 -5.122007e-01 -7.137943e-01
   outer loop
     vertex  5.931341e+01  1.614698e+01  5.566443e+01
     vertex  5.684752e+01  2.015919e+01  5.443547e+01
     vertex  5.761606e+01  2.021982e+01  5.387768e+01
   endloop
 endfacet
 facet normal -5.071423e-01 -5.146414e-01 -6.913400e-01
   outer loop
     vertex  5.931341e+01  1.614698e+01  5.566443e+01
     vertex  5.835808e+01  2.028419e+01  5.328544e+01
     vertex  6.015525e+01  1.622002e+01  5.499252e+01
   endloop
 endfacet
 facet normal -5.071423e-01 -5.146414e-01 -6.913400e-01
   outer loop
     vertex  5.931341e+01  1.614698e+01  5.566443e+01
     vertex  5.761606e+01  2.021982e+01  5.387768e+01
     vertex  5.835808e+01  2.028419e+01  5.328544e+01
   endloop
 endfacet
 facet normal -6.374532e-01 -5.288850e-01 -5.602982e-01
   outer loop
     vertex  6.534397e+01  1.252655e+01  5.328903e+01
     vertex  6.318725e+01  1.655143e+01  5.194352e+01
     vertex  6.608914e+01  1.262924e+01  5.234431e+01
   endloop
 endfacet
 facet normal -7.343905e-01 -5.459566e-01 -4.032394e-01
   outer loop
     vertex  7.111526e+01  9.106670e+00  4.906863e+01
     vertex  6.861208e+01  1.307356e+01  4.825662e+01
     vertex  7.167895e+01  9.237514e+00  4.786487e+01
   endloop
 endfacet
 facet normal -7.928791e-01 -5.649624e-01 -2.283862e-01
   outer loop
     vertex  7.608117e+01  5.882704e+00  4.304579e+01
     vertex  7.336259e+01  9.784608e+00  4.283161e+01
     vertex  7.638111e+01  6.037509e+00  4.162159e+01
   endloop
 endfacet
 facet normal -7.844348e-01 -5.610532e-01 -2.643506e-01
   outer loop
     vertex  7.608117e+01  5.882704e+00  4.304579e+01
     vertex  7.302924e+01  9.644848e+00  4.411740e+01
     vertex  7.336259e+01  9.784608e+00  4.283161e+01
   endloop
 endfacet
 facet normal  4.317994e-01 -5.085009e-01 -7.449672e-01
   outer loop
     vertex  4.008202e+01  3.644453e+01  4.734369e+01
     vertex  4.072686e+01  3.900000e+01  4.597314e+01
     vertex  4.090999e+01  3.900000e+01  4.607928e+01
   endloop
 endfacet
 facet normal  4.130156e-01 -5.078606e-01 -7.559733e-01
   outer loop
     vertex  4.008202e+01  3.644453e+01  4.734369e+01
     vertex  4.090999e+01  3.900000e+01  4.607928e+01
     vertex  4.109572e+01  3.900000e+01  4.618075e+01
   endloop
 endfacet
 facet normal  3.998126e-01 -5.063078e-01 -7.640696e-01
   outer loop
     vertex  4.008202e+01  3.644453e+01  4.734369e+01
     vertex  4.109572e+01  3.900000e+01  4.618075e+01
     vertex  4.046429e+01  3.642110e+01  4.755925e+01
   endloop
 endfacet
 facet normal  2.290331e-01 -4.989363e-01 -8.358268e-01
   outer loop
     vertex  4.122993e+01  3.222633e+01  5.046772e+01
     vertex  4.250197e+01  3.633357e+01  4.836452e+01
     vertex  4.177428e+01  3.220900e+01  5.062723e+01
   endloop
 endfacet
 facet normal  2.290331e-01 -4.989363e-01 -8.358268e-01
   outer loop
     vertex  4.122993e+01  3.222633e+01  5.046772e+01
     vertex  4.208042e+01  3.634699e+01  4.824100e+01
     vertex  4.250197e+01  3.633357e+01  4.836452e+01
   endloop
 endfacet
 facet normal  4.641452e-02 -4.955085e-01 -8.673621e-01
   outer loop
     vertex  4.378403e+01  2.803304e+01  5.336265e+01
     vertex  4.457442e+01  3.216356e+01  5.104526e+01
     vertex  4.447842e+01  2.802874e+01  5.340227e+01
   endloop
 endfacet
 facet normal  4.641452e-02 -4.955085e-01 -8.673621e-01
   outer loop
     vertex  4.378403e+01  2.803304e+01  5.336265e+01
     vertex  4.400785e+01  3.216707e+01  5.101293e+01
     vertex  4.457442e+01  3.216356e+01  5.104526e+01
   endloop
 endfacet
 facet normal -1.386340e-01 -4.966561e-01 -8.568041e-01
   outer loop
     vertex  4.766685e+01  2.391429e+01  5.557189e+01
     vertex  4.725229e+01  2.804594e+01  5.324401e+01
     vertex  4.793755e+01  2.805880e+01  5.312567e+01
   endloop
 endfacet
 facet normal -1.018972e-01 -4.960600e-01 -8.622885e-01
   outer loop
     vertex  4.766685e+01  2.391429e+01  5.557189e+01
     vertex  4.656229e+01  2.803649e+01  5.333098e+01
     vertex  4.725229e+01  2.804594e+01  5.324401e+01
   endloop
 endfacet
 facet normal -1.386340e-01 -4.966561e-01 -8.568041e-01
   outer loop
     vertex  4.766685e+01  2.391429e+01  5.557189e+01
     vertex  4.793755e+01  2.805880e+01  5.312567e+01
     vertex  4.847825e+01  2.392952e+01  5.543177e+01
   endloop
 endfacet
 facet normal -3.164245e-01 -5.023190e-01 -8.047056e-01
   outer loop
     vertex  5.266512e+01  1.991637e+01  5.666943e+01
     vertex  5.163387e+01  2.403003e+01  5.450707e+01
     vertex  5.354109e+01  1.995653e+01  5.629991e+01
   endloop
 endfacet
 facet normal -4.776486e-01 -5.122007e-01 -7.137943e-01
   outer loop
     vertex  5.844146e+01  1.607819e+01  5.629727e+01
     vertex  5.684752e+01  2.015919e+01  5.443547e+01
     vertex  5.931341e+01  1.614698e+01  5.566443e+01
   endloop
 endfacet
 facet normal -6.138657e-01 -5.257838e-01 -5.888296e-01
   outer loop
     vertex  6.455601e+01  1.242767e+01  5.419879e+01
     vertex  6.248282e+01  1.646303e+01  5.275683e+01
     vertex  6.318725e+01  1.655143e+01  5.194352e+01
   endloop
 endfacet
 facet normal -6.138657e-01 -5.257838e-01 -5.888296e-01
   outer loop
     vertex  6.455601e+01  1.242767e+01  5.419879e+01
     vertex  6.318725e+01  1.655143e+01  5.194352e+01
     vertex  6.534397e+01  1.252655e+01  5.328903e+01
   endloop
 endfacet
 facet normal -7.179441e-01 -5.423572e-01 -4.363541e-01
   outer loop
     vertex  7.049665e+01  8.978757e+00  5.024544e+01
     vertex  6.805276e+01  1.295790e+01  4.932063e+01
     vertex  6.861208e+01  1.307356e+01  4.825662e+01
   endloop
 endfacet
 facet normal -7.179441e-01 -5.423572e-01 -4.363541e-01
   outer loop
     vertex  7.049665e+01  8.978757e+00  5.024544e+01
     vertex  6.861208e+01  1.307356e+01  4.825662e+01
     vertex  7.111526e+01  9.106670e+00  4.906863e+01
   endloop
 endfacet
 facet normal -7.844348e-01 -5.610532e-01 -2.643506e-01
   outer loop
     vertex  7.571588e+01  5.729547e+00  4.445483e+01
     vertex  7.302924e+01  9.644848e+00  4.411740e+01
     vertex  7.608117e+01  5.882704e+00  4.304579e+01
   endloop
 endfacet
 facet normal -8.088559e-01 -5.822682e-01 -8.195068e-02
   outer loop
     vertex  7.967184e+01  2.661383e+00  3.699861e+01
     vertex  7.970833e+01  2.833333e+00  3.541667e+01
     vertex  8.164910e+01  0.000000e+00  3.639238e+01
   endloop
 endfacet
 facet normal -8.060782e-01 -5.787698e-01 -1.235451e-01
   outer loop
     vertex  7.967184e+01  2.661383e+00  3.699861e+01
     vertex  8.152473e+01  0.000000e+00  3.737702e+01
     vertex  8.137438e+01  0.000000e+00  3.835796e+01
   endloop
 endfacet
 facet normal -8.095115e-01 -5.781319e-01 -1.022476e-01
   outer loop
     vertex  7.967184e+01  2.661383e+00  3.699861e+01
     vertex  8.164910e+01  0.000000e+00  3.639238e+01
     vertex  8.152473e+01  0.000000e+00  3.737702e+01
   endloop
 endfacet
 facet normal -8.098568e-01 -5.808931e-01 -8.182431e-02
   outer loop
     vertex  7.967184e+01  2.661383e+00  3.699861e+01
     vertex  7.688311e+01  6.508547e+00  3.728804e+01
     vertex  7.691667e+01  6.666667e+00  3.583333e+01
   endloop
 endfacet
 facet normal -8.098568e-01 -5.808931e-01 -8.182431e-02
   outer loop
     vertex  7.967184e+01  2.661383e+00  3.699861e+01
     vertex  7.691667e+01  6.666667e+00  3.583333e+01
     vertex  7.970833e+01  2.833333e+00  3.541667e+01
   endloop
 endfacet
 facet normal  4.499030e-01 -5.103678e-01 -7.328792e-01
   outer loop
     vertex  3.971009e+01  3.646982e+01  4.711094e+01
     vertex  4.054643e+01  3.900000e+01  4.586237e+01
     vertex  4.072686e+01  3.900000e+01  4.597314e+01
   endloop
 endfacet
 facet normal  4.316585e-01 -5.085069e-01 -7.450447e-01
   outer loop
     vertex  3.971009e+01  3.646982e+01  4.711094e+01
     vertex  4.072686e+01  3.900000e+01  4.597314e+01
     vertex  4.008202e+01  3.644453e+01  4.734369e+01
   endloop
 endfacet
 facet normal  2.644159e-01 -5.001592e-01 -8.245757e-01
   outer loop
     vertex  4.069351e+01  3.224635e+01  5.028357e+01
     vertex  4.208042e+01  3.634699e+01  4.824100e+01
     vertex  4.122993e+01  3.222633e+01  5.046772e+01
   endloop
 endfacet
 facet normal  2.644159e-01 -5.001592e-01 -8.245757e-01
   outer loop
     vertex  4.069351e+01  3.224635e+01  5.028357e+01
     vertex  4.166501e+01  3.636249e+01  4.809839e+01
     vertex  4.208042e+01  3.634699e+01  4.824100e+01
   endloop
 endfacet
 facet normal  8.344364e-02 -4.958304e-01 -8.644012e-01
   outer loop
     vertex  4.309221e+01  2.804079e+01  5.329143e+01
     vertex  4.344337e+01  3.217339e+01  5.095482e+01
     vertex  4.400785e+01  3.216707e+01  5.101293e+01
   endloop
 endfacet
 facet normal  8.344364e-02 -4.958304e-01 -8.644012e-01
   outer loop
     vertex  4.309221e+01  2.804079e+01  5.329143e+01
     vertex  4.400785e+01  3.216707e+01  5.101293e+01
     vertex  4.378403e+01  2.803304e+01  5.336265e+01
   endloop
 endfacet
 facet normal -1.018972e-01 -4.960600e-01 -8.622885e-01
   outer loop
     vertex  4.684985e+01  2.390309e+01  5.567487e+01
     vertex  4.656229e+01  2.803649e+01  5.333098e+01
     vertex  4.766685e+01  2.391429e+01  5.557189e+01
   endloop
 endfacet
 facet normal -2.819033e-01 -5.008361e-01 -8.183481e-01
   outer loop
     vertex  5.177303e+01  1.988058e+01  5.699863e+01
     vertex  5.163387e+01  2.403003e+01  5.450707e+01
     vertex  5.266512e+01  1.991637e+01  5.666943e+01
   endloop
 endfacet
 facet normal -2.819033e-01 -5.008361e-01 -8.183481e-01
   outer loop
     vertex  5.177303e+01  1.988058e+01  5.699863e+01
     vertex  5.086180e+01  2.399906e+01  5.479199e+01
     vertex  5.163387e+01  2.403003e+01  5.450707e+01
   endloop
 endfacet
 facet normal -4.471505e-01 -5.099087e-01 -7.348807e-01
   outer loop
     vertex  5.754124e+01  1.601380e+01  5.688971e+01
     vertex  5.605405e+01  2.010243e+01  5.495765e+01
     vertex  5.684752e+01  2.015919e+01  5.443547e+01
   endloop
 endfacet
 facet normal -4.471505e-01 -5.099087e-01 -7.348807e-01
   outer loop
     vertex  5.754124e+01  1.601380e+01  5.688971e+01
     vertex  5.684752e+01  2.015919e+01  5.443547e+01
     vertex  5.844146e+01  1.607819e+01  5.629727e+01
   endloop
 endfacet
 facet normal -5.628702e-01 -5.199479e-01 -6.425195e-01
   outer loop
     vertex  6.372692e+01  1.233279e+01  5.507169e+01
     vertex  6.096523e+01  1.629714e+01  5.428294e+01
     vertex  6.174163e+01  1.637820e+01  5.353719e+01
   endloop
 endfacet
 facet normal -5.889873e-01 -5.228027e-01 -6.162559e-01
   outer loop
     vertex  6.372692e+01  1.233279e+01  5.507169e+01
     vertex  6.174163e+01  1.637820e+01  5.353719e+01
     vertex  6.248282e+01  1.646303e+01  5.275683e+01
   endloop
 endfacet
 facet normal -5.889873e-01 -5.228027e-01 -6.162559e-01
   outer loop
     vertex  6.372692e+01  1.233279e+01  5.507169e+01
     vertex  6.248282e+01  1.646303e+01  5.275683e+01
     vertex  6.455601e+01  1.242767e+01  5.419879e+01
   endloop
 endfacet
 facet normal -6.999879e-01 -5.388430e-01 -4.686845e-01
   outer loop
     vertex  6.982442e+01  8.854042e+00  5.139281e+01
     vertex  6.744497e+01  1.284514e+01  5.035802e+01
     vertex  6.805276e+01  1.295790e+01  4.932063e+01
   endloop
 endfacet
 facet normal -6.999879e-01 -5.388430e-01 -4.686845e-01
   outer loop
     vertex  6.982442e+01  8.854042e+00  5.139281e+01
     vertex  6.805276e+01  1.295790e+01  4.932063e+01
     vertex  7.049665e+01  8.978757e+00  5.024544e+01
   endloop
 endfacet
 facet normal -7.626186e-01 -5.533809e-01 -3.349367e-01
   outer loop
     vertex  7.528599e+01  5.578362e+00  4.584574e+01
     vertex  7.218654e+01  9.371013e+00  4.663668e+01
     vertex  7.263695e+01  9.506886e+00  4.538665e+01
   endloop
 endfacet
 facet normal -7.743409e-01 -5.571900e-01 -2.998924e-01
   outer loop
     vertex  7.528599e+01  5.578362e+00  4.584574e+01
     vertex  7.263695e+01  9.506886e+00  4.538665e+01
     vertex  7.302924e+01  9.644848e+00  4.411740e+01
   endloop
 endfacet
 facet normal -7.743409e-01 -5.571900e-01 -2.998924e-01
   outer loop
     vertex  7.528599e+01  5.578362e+00  4.584574e+01
     vertex  7.302924e+01  9.644848e+00  4.411740e+01
     vertex  7.571588e+01  5.729547e+00  4.445483e+01
   endloop
 endfacet
 facet normal -8.001469e-01 -5.762753e-01 -1.663484e-01
   outer loop
     vertex  7.956243e+01  2.489795e+00  3.857722e+01
     vertex  8.119817e+01  0.000000e+00  3.933451e+01
     vertex  8.099620e+01  0.000000e+00  4.030597e+01
   endloop
 endfacet
 facet normal -8.060031e-01 -5.737642e-01 -1.454428e-01
   outer loop
     vertex  7.956243e+01  2.489795e+00  3.857722e+01
     vertex  8.137438e+01  0.000000e+00  3.835796e+01
     vertex  8.119817e+01  0.000000e+00  3.933451e+01
   endloop
 endfacet
 facet normal -8.077761e-01 -5.774053e-01 -1.187473e-01
   outer loop
     vertex  7.956243e+01  2.489795e+00  3.857722e+01
     vertex  7.967184e+01  2.661383e+00  3.699861e+01
     vertex  8.137438e+01  0.000000e+00  3.835796e+01
   endloop
 endfacet
 facet normal -8.081537e-01 -5.768830e-01 -1.187167e-01
   outer loop
     vertex  7.956243e+01  2.489795e+00  3.857722e+01
     vertex  7.678249e+01  6.350760e+00  3.873968e+01
     vertex  7.688311e+01  6.508547e+00  3.728804e+01
   endloop
 endfacet
 facet normal -8.081537e-01 -5.768830e-01 -1.187167e-01
   outer loop
     vertex  7.956243e+01  2.489795e+00  3.857722e+01
     vertex  7.688311e+01  6.508547e+00  3.728804e+01
     vertex  7.967184e+01  2.661383e+00  3.699861e+01
   endloop
 endfacet
 facet normal -8.047510e-01 -5.728856e-01 -1.554926e-01
   outer loop
     vertex  7.956243e+01  2.489795e+00  3.857722e+01
     vertex  7.661504e+01  6.193637e+00  4.018521e+01
     vertex  7.678249e+01  6.350760e+00  3.873968e+01
   endloop
 endfacet
 facet normal  4.854581e-01 -5.129378e-01 -7.079726e-01
   outer loop
     vertex  3.934929e+01  3.649694e+01  4.686149e+01
     vertex  4.019413e+01  3.900000e+01  4.562728e+01
     vertex  4.036881e+01  3.900000e+01  4.574706e+01
   endloop
 endfacet
 facet normal  4.679091e-01 -5.114717e-01 -7.207342e-01
   outer loop
     vertex  3.934929e+01  3.649694e+01  4.686149e+01
     vertex  4.036881e+01  3.900000e+01  4.574706e+01
     vertex  4.054643e+01  3.900000e+01  4.586237e+01
   endloop
 endfacet
 facet normal  4.627018e-01 -5.105731e-01 -7.247222e-01
   outer loop
     vertex  3.934929e+01  3.649694e+01  4.686149e+01
     vertex  4.054643e+01  3.900000e+01  4.586237e+01
     vertex  3.971009e+01  3.646982e+01  4.711094e+01
   endloop
 endfacet
 facet normal  3.334400e-01 -5.031242e-01 -7.972978e-01
   outer loop
     vertex  4.016615e+01  3.226900e+01  5.007516e+01
     vertex  4.085610e+01  3.639958e+01  4.775715e+01
     vertex  4.125662e+01  3.638004e+01  4.793699e+01
   endloop
 endfacet
 facet normal  2.992426e-01 -5.015562e-01 -8.117236e-01
   outer loop
     vertex  4.016615e+01  3.226900e+01  5.007516e+01
     vertex  4.125662e+01  3.638004e+01  4.793699e+01
     vertex  4.166501e+01  3.636249e+01  4.809839e+01
   endloop
 endfacet
 facet normal  2.992426e-01 -5.015562e-01 -8.117236e-01
   outer loop
     vertex  4.016615e+01  3.226900e+01  5.007516e+01
     vertex  4.166501e+01  3.636249e+01  4.809839e+01
     vertex  4.069351e+01  3.224635e+01  5.028357e+01
   endloop
 endfacet
 facet normal  1.202973e-01 -4.963353e-01 -8.597557e-01
   outer loop
     vertex  4.240440e+01  2.805195e+01  5.318875e+01
     vertex  4.288216e+01  3.218250e+01  5.087104e+01
     vertex  4.344337e+01  3.217339e+01  5.095482e+01
   endloop
 endfacet
 facet normal  1.202973e-01 -4.963353e-01 -8.597557e-01
   outer loop
     vertex  4.240440e+01  2.805195e+01  5.318875e+01
     vertex  4.344337e+01  3.217339e+01  5.095482e+01
     vertex  4.309221e+01  2.804079e+01  5.329143e+01
   endloop
 endfacet
 facet normal -6.494615e-02 -4.956465e-01 -8.660927e-01
   outer loop
     vertex  4.602896e+01  2.389596e+01  5.574051e+01
     vertex  4.656229e+01  2.803649e+01  5.333098e+01
     vertex  4.684985e+01  2.390309e+01  5.567487e+01
   endloop
 endfacet
 facet normal -6.494615e-02 -4.956465e-01 -8.660927e-01
   outer loop
     vertex  4.602896e+01  2.389596e+01  5.574051e+01
     vertex  4.586900e+01  2.803046e+01  5.338642e+01
     vertex  4.656229e+01  2.803649e+01  5.333098e+01
   endloop
 endfacet
 facet normal -2.785848e-02 -4.954165e-01 -8.682087e-01
   outer loop
     vertex  4.602896e+01  2.389596e+01  5.574051e+01
     vertex  4.517389e+01  2.802788e+01  5.341020e+01
     vertex  4.586900e+01  2.803046e+01  5.338642e+01
   endloop
 endfacet
 facet normal -2.467893e-01 -4.995258e-01 -8.304029e-01
   outer loop
     vertex  5.086670e+01  1.984926e+01  5.728683e+01
     vertex  5.007740e+01  2.397195e+01  5.504141e+01
     vertex  5.086180e+01  2.399906e+01  5.479199e+01
   endloop
 endfacet
 facet normal -2.467893e-01 -4.995258e-01 -8.304029e-01
   outer loop
     vertex  5.086670e+01  1.984926e+01  5.728683e+01
     vertex  5.086180e+01  2.399906e+01  5.479199e+01
     vertex  5.177303e+01  1.988058e+01  5.699863e+01
   endloop
 endfacet
 facet normal -4.157120e-01 -5.077702e-01 -7.545548e-01
   outer loop
     vertex  5.661465e+01  1.595393e+01  5.744049e+01
     vertex  5.605405e+01  2.010243e+01  5.495765e+01
     vertex  5.754124e+01  1.601380e+01  5.688971e+01
   endloop
 endfacet
 facet normal -4.157120e-01 -5.077702e-01 -7.545548e-01
   outer loop
     vertex  5.661465e+01  1.595393e+01  5.744049e+01
     vertex  5.523734e+01  2.004966e+01  5.544312e+01
     vertex  5.605405e+01  2.010243e+01  5.495765e+01
   endloop
 endfacet
 facet normal -5.628702e-01 -5.199479e-01 -6.425195e-01
   outer loop
     vertex  6.285845e+01  1.224212e+01  5.590587e+01
     vertex  6.096523e+01  1.629714e+01  5.428294e+01
     vertex  6.372692e+01  1.233279e+01  5.507169e+01
   endloop
 endfacet
 facet normal -6.805596e-01 -5.354215e-01 -5.001624e-01
   outer loop
     vertex  6.909998e+01  8.732789e+00  5.250834e+01
     vertex  6.678997e+01  1.273551e+01  5.136663e+01
     vertex  6.744497e+01  1.284514e+01  5.035802e+01
   endloop
 endfacet
 facet normal -6.805596e-01 -5.354215e-01 -5.001624e-01
   outer loop
     vertex  6.909998e+01  8.732789e+00  5.250834e+01
     vertex  6.744497e+01  1.284514e+01  5.035802e+01
     vertex  6.982442e+01  8.854042e+00  5.139281e+01
   endloop
 endfacet
 facet normal -7.626186e-01 -5.533809e-01 -3.349367e-01
   outer loop
     vertex  7.479240e+01  5.429465e+00  4.721559e+01
     vertex  7.218654e+01  9.371013e+00  4.663668e+01
     vertex  7.528599e+01  5.578362e+00  4.584574e+01
   endloop
 endfacet
 facet normal -8.055193e-01 -5.718123e-01 -1.554649e-01
   outer loop
     vertex  7.938033e+01  2.318929e+00  4.014919e+01
     vertex  7.956243e+01  2.489795e+00  3.857722e+01
     vertex  8.099620e+01  0.000000e+00  4.030597e+01
   endloop
 endfacet
 facet normal -7.997319e-01 -5.700103e-01 -1.884602e-01
   outer loop
     vertex  7.938033e+01  2.318929e+00  4.014919e+01
     vertex  8.099620e+01  0.000000e+00  4.030597e+01
     vertex  8.076864e+01  0.000000e+00  4.127165e+01
   endloop
 endfacet
 facet normal -8.047510e-01 -5.728856e-01 -1.554926e-01
   outer loop
     vertex  7.938033e+01  2.318929e+00  4.014919e+01
     vertex  7.661504e+01  6.193637e+00  4.018521e+01
     vertex  7.956243e+01  2.489795e+00  3.857722e+01
   endloop
 endfacet
 facet normal  4.927282e-01 -5.129147e-01 -7.029491e-01
   outer loop
     vertex  3.900038e+01  3.652581e+01  4.659585e+01
     vertex  4.019413e+01  3.900000e+01  4.562728e+01
     vertex  3.934929e+01  3.649694e+01  4.686149e+01
   endloop
 endfacet
 facet normal  5.195921e-01 -5.155645e-01 -6.813349e-01
   outer loop
     vertex  3.900038e+01  3.652581e+01  4.659585e+01
     vertex  3.985400e+01  3.900000e+01  4.537462e+01
     vertex  4.002249e+01  3.900000e+01  4.550311e+01
   endloop
 endfacet
 facet normal  5.026252e-01 -5.144803e-01 -6.947503e-01
   outer loop
     vertex  3.900038e+01  3.652581e+01  4.659585e+01
     vertex  4.002249e+01  3.900000e+01  4.550311e+01
     vertex  4.019413e+01  3.900000e+01  4.562728e+01
   endloop
 endfacet
 facet normal  3.669362e-01 -5.048600e-01 -7.813285e-01
   outer loop
     vertex  3.964896e+01  3.229425e+01  4.984293e+01
     vertex  4.046429e+01  3.642110e+01  4.755925e+01
     vertex  4.085610e+01  3.639958e+01  4.775715e+01
   endloop
 endfacet
 facet normal  3.334400e-01 -5.031242e-01 -7.972978e-01
   outer loop
     vertex  3.964896e+01  3.229425e+01  4.984293e+01
     vertex  4.085610e+01  3.639958e+01  4.775715e+01
     vertex  4.016615e+01  3.226900e+01  5.007516e+01
   endloop
 endfacet
 facet normal  1.568979e-01 -4.970223e-01 -8.534353e-01
   outer loop
     vertex  4.172205e+01  2.806650e+01  5.305482e+01
     vertex  4.288216e+01  3.218250e+01  5.087104e+01
     vertex  4.240440e+01  2.805195e+01  5.318875e+01
   endloop
 endfacet
 facet normal  1.568979e-01 -4.970223e-01 -8.534353e-01
   outer loop
     vertex  4.172205e+01  2.806650e+01  5.305482e+01
     vertex  4.232541e+01  3.219437e+01  5.076177e+01
     vertex  4.288216e+01  3.218250e+01  5.087104e+01
   endloop
 endfacet
 facet normal  9.287786e-03 -4.953705e-01 -8.686322e-01
   outer loop
     vertex  4.520590e+01  2.389290e+01  5.576867e+01
     vertex  4.447842e+01  2.802874e+01  5.340227e+01
     vertex  4.517389e+01  2.802788e+01  5.341020e+01
   endloop
 endfacet
 facet normal -2.785848e-02 -4.954165e-01 -8.682087e-01
   outer loop
     vertex  4.520590e+01  2.389290e+01  5.576867e+01
     vertex  4.517389e+01  2.802788e+01  5.341020e+01
     vertex  4.602896e+01  2.389596e+01  5.574051e+01
   endloop
 endfacet
 facet normal -2.111564e-01 -4.983909e-01 -8.408445e-01
   outer loop
     vertex  4.994803e+01  1.982245e+01  5.753342e+01
     vertex  5.007740e+01  2.397195e+01  5.504141e+01
     vertex  5.086670e+01  1.984926e+01  5.728683e+01
   endloop
 endfacet
 facet normal -2.111564e-01 -4.983909e-01 -8.408445e-01
   outer loop
     vertex  4.994803e+01  1.982245e+01  5.753342e+01
     vertex  4.928233e+01  2.394875e+01  5.525482e+01
     vertex  5.007740e+01  2.397195e+01  5.504141e+01
   endloop
 endfacet
 facet normal -3.502802e-01 -5.039714e-01 -7.895041e-01
   outer loop
     vertex  5.566364e+01  1.589872e+01  5.794846e+01
     vertex  5.354109e+01  1.995653e+01  5.629991e+01
     vertex  5.439910e+01  2.000099e+01  5.589085e+01
   endloop
 endfacet
 facet normal -3.833992e-01 -5.057897e-01 -7.727754e-01
   outer loop
     vertex  5.566364e+01  1.589872e+01  5.794846e+01
     vertex  5.523734e+01  2.004966e+01  5.544312e+01
     vertex  5.661465e+01  1.595393e+01  5.744049e+01
   endloop
 endfacet
 facet normal -3.833992e-01 -5.057897e-01 -7.727754e-01
   outer loop
     vertex  5.566364e+01  1.589872e+01  5.794846e+01
     vertex  5.439910e+01  2.000099e+01  5.589085e+01
     vertex  5.523734e+01  2.004966e+01  5.544312e+01
   endloop
 endfacet
 facet normal -5.355694e-01 -5.172256e-01 -6.675651e-01
   outer loop
     vertex  6.195243e+01  1.215584e+01  5.669960e+01
     vertex  6.096523e+01  1.629714e+01  5.428294e+01
     vertex  6.285845e+01  1.224212e+01  5.590587e+01
   endloop
 endfacet
 facet normal -5.355694e-01 -5.172256e-01 -6.675651e-01
   outer loop
     vertex  6.195243e+01  1.215584e+01  5.669960e+01
     vertex  6.015525e+01  1.622002e+01  5.499252e+01
     vertex  6.096523e+01  1.629714e+01  5.428294e+01
   endloop
 endfacet
 facet normal -6.597001e-01 -5.320999e-01 -5.307217e-01
   outer loop
     vertex  6.832486e+01  8.615252e+00  5.358968e+01
     vertex  6.608914e+01  1.262924e+01  5.234431e+01
     vertex  6.678997e+01  1.273551e+01  5.136663e+01
   endloop
 endfacet
 facet normal -6.374532e-01 -5.288850e-01 -5.602982e-01
   outer loop
     vertex  6.832486e+01  8.615252e+00  5.358968e+01
     vertex  6.534397e+01  1.252655e+01  5.328903e+01
     vertex  6.608914e+01  1.262924e+01  5.234431e+01
   endloop
 endfacet
 facet normal -6.597001e-01 -5.320999e-01 -5.307217e-01
   outer loop
     vertex  6.832486e+01  8.615252e+00  5.358968e+01
     vertex  6.678997e+01  1.273551e+01  5.136663e+01
     vertex  6.909998e+01  8.732789e+00  5.250834e+01
   endloop
 endfacet
 facet normal -7.492924e-01 -5.496338e-01 -3.694098e-01
   outer loop
     vertex  7.423616e+01  5.283170e+00  4.856150e+01
     vertex  7.167895e+01  9.237514e+00  4.786487e+01
     vertex  7.218654e+01  9.371013e+00  4.663668e+01
   endloop
 endfacet
 facet normal -7.343905e-01 -5.459566e-01 -4.032394e-01
   outer loop
     vertex  7.423616e+01  5.283170e+00  4.856150e+01
     vertex  7.111526e+01  9.106670e+00  4.906863e+01
     vertex  7.167895e+01  9.237514e+00  4.786487e+01
   endloop
 endfacet
 facet normal -7.492924e-01 -5.496338e-01 -3.694098e-01
   outer loop
     vertex  7.423616e+01  5.283170e+00  4.856150e+01
     vertex  7.218654e+01  9.371013e+00  4.663668e+01
     vertex  7.479240e+01  5.429465e+00  4.721559e+01
   endloop
 endfacet
 facet normal -7.996558e-01 -5.689093e-01 -1.920747e-01
   outer loop
     vertex  7.912593e+01  2.149144e+00  4.171120e+01
     vertex  7.638111e+01  6.037509e+00  4.162159e+01
     vertex  7.661504e+01  6.193637e+00  4.018521e+01
   endloop
 endfacet
 facet normal -7.905821e-01 -5.670860e-01 -2.310702e-01
   outer loop
     vertex  7.912593e+01  2.149144e+00  4.171120e+01
     vertex  8.051563e+01  0.000000e+00  4.223087e+01
     vertex  8.023736e+01  0.000000e+00  4.318293e+01
   endloop
 endfacet
 facet normal -7.970087e-01 -5.662008e-01 -2.102233e-01
   outer loop
     vertex  7.912593e+01  2.149144e+00  4.171120e+01
     vertex  8.076864e+01  0.000000e+00  4.127165e+01
     vertex  8.051563e+01  0.000000e+00  4.223087e+01
   endloop
 endfacet
 facet normal -7.982596e-01 -5.708716e-01 -1.920606e-01
   outer loop
     vertex  7.912593e+01  2.149144e+00  4.171120e+01
     vertex  7.938033e+01  2.318929e+00  4.014919e+01
     vertex  8.076864e+01  0.000000e+00  4.127165e+01
   endloop
 endfacet
 facet normal -7.996558e-01 -5.689093e-01 -1.920747e-01
   outer loop
     vertex  7.912593e+01  2.149144e+00  4.171120e+01
     vertex  7.661504e+01  6.193637e+00  4.018521e+01
     vertex  7.938033e+01  2.318929e+00  4.014919e+01
   endloop
 endfacet
 facet normal  5.358563e-01 -5.175410e-01 -6.670902e-01
   outer loop
     vertex  3.866408e+01  3.655639e+01  4.631458e+01
     vertex  3.968876e+01  3.900000e+01  4.524189e+01
     vertex  3.985400e+01  3.900000e+01  4.537462e+01
   endloop
 endfacet
 facet normal  5.216700e-01 -5.155152e-01 -6.797827e-01
   outer loop
     vertex  3.866408e+01  3.655639e+01  4.631458e+01
     vertex  3.985400e+01  3.900000e+01  4.537462e+01
     vertex  3.900038e+01  3.652581e+01  4.659585e+01
   endloop
 endfacet
 facet normal  3.669362e-01 -5.048600e-01 -7.813285e-01
   outer loop
     vertex  3.914302e+01  3.232202e+01  4.958738e+01
     vertex  4.046429e+01  3.642110e+01  4.755925e+01
     vertex  3.964896e+01  3.229425e+01  4.984293e+01
   endloop
 endfacet
 facet normal  1.931686e-01 -4.978899e-01 -8.454535e-01
   outer loop
     vertex  4.104659e+01  2.808443e+01  5.288994e+01
     vertex  4.232541e+01  3.219437e+01  5.076177e+01
     vertex  4.172205e+01  2.806650e+01  5.305482e+01
   endloop
 endfacet
 facet normal  2.290331e-01 -4.989363e-01 -8.358268e-01
   outer loop
     vertex  4.104659e+01  2.808443e+01  5.288994e+01
     vertex  4.122993e+01  3.222633e+01  5.046772e+01
     vertex  4.177428e+01  3.220900e+01  5.062723e+01
   endloop
 endfacet
 facet normal  1.931686e-01 -4.978899e-01 -8.454535e-01
   outer loop
     vertex  4.104659e+01  2.808443e+01  5.288994e+01
     vertex  4.177428e+01  3.220900e+01  5.062723e+01
     vertex  4.232541e+01  3.219437e+01  5.076177e+01
   endloop
 endfacet
 facet normal  9.287786e-03 -4.953705e-01 -8.686322e-01
   outer loop
     vertex  4.438241e+01  2.389392e+01  5.575928e+01
     vertex  4.447842e+01  2.802874e+01  5.340227e+01
     vertex  4.520590e+01  2.389290e+01  5.576867e+01
   endloop
 endfacet
 facet normal -1.750793e-01 -4.974336e-01 -8.496511e-01
   outer loop
     vertex  4.901895e+01  1.980023e+01  5.773787e+01
     vertex  4.847825e+01  2.392952e+01  5.543177e+01
     vertex  4.928233e+01  2.394875e+01  5.525482e+01
   endloop
 endfacet
 facet normal -1.750793e-01 -4.974336e-01 -8.496511e-01
   outer loop
     vertex  4.901895e+01  1.980023e+01  5.773787e+01
     vertex  4.928233e+01  2.394875e+01  5.525482e+01
     vertex  4.994803e+01  1.982245e+01  5.753342e+01
   endloop
 endfacet
 facet normal -3.502802e-01 -5.039714e-01 -7.895041e-01
   outer loop
     vertex  5.469019e+01  1.584827e+01  5.841254e+01
     vertex  5.354109e+01  1.995653e+01  5.629991e+01
     vertex  5.566364e+01  1.589872e+01  5.794846e+01
   endloop
 endfacet
 facet normal -5.071423e-01 -5.146414e-01 -6.913400e-01
   outer loop
     vertex  6.101075e+01  1.207415e+01  5.745119e+01
     vertex  5.931341e+01  1.614698e+01  5.566443e+01
     vertex  6.015525e+01  1.622002e+01  5.499252e+01
   endloop
 endfacet
 facet normal -5.071423e-01 -5.146414e-01 -6.913400e-01
   outer loop
     vertex  6.101075e+01  1.207415e+01  5.745119e+01
     vertex  6.015525e+01  1.622002e+01  5.499252e+01
     vertex  6.195243e+01  1.215584e+01  5.669960e+01
   endloop
 endfacet
 facet normal -6.374532e-01 -5.288850e-01 -5.602982e-01
   outer loop
     vertex  6.750068e+01  8.501680e+00  5.463455e+01
     vertex  6.534397e+01  1.252655e+01  5.328903e+01
     vertex  6.832486e+01  8.615252e+00  5.358968e+01
   endloop
 endfacet
 facet normal -7.343905e-01 -5.459566e-01 -4.032394e-01
   outer loop
     vertex  7.361844e+01  5.139785e+00  4.988065e+01
     vertex  7.111526e+01  9.106670e+00  4.906863e+01
     vertex  7.423616e+01  5.283170e+00  4.856150e+01
   endloop
 endfacet
 facet normal -7.928791e-01 -5.649624e-01 -2.283862e-01
   outer loop
     vertex  7.879976e+01  1.980799e+00  4.325998e+01
     vertex  7.638111e+01  6.037509e+00  4.162159e+01
     vertex  7.912593e+01  2.149144e+00  4.171120e+01
   endloop
 endfacet
 facet normal -7.921347e-01 -5.660224e-01 -2.283447e-01
   outer loop
     vertex  7.879976e+01  1.980799e+00  4.325998e+01
     vertex  7.912593e+01  2.149144e+00  4.171120e+01
     vertex  8.023736e+01  0.000000e+00  4.318293e+01
   endloop
 endfacet
 facet normal -7.876330e-01 -5.617953e-01 -2.530224e-01
   outer loop
     vertex  7.879976e+01  1.980799e+00  4.325998e+01
     vertex  8.023736e+01  0.000000e+00  4.318293e+01
     vertex  7.993403e+01  0.000000e+00  4.412717e+01
   endloop
 endfacet
 facet normal -7.928791e-01 -5.649624e-01 -2.283862e-01
   outer loop
     vertex  7.879976e+01  1.980799e+00  4.325998e+01
     vertex  7.608117e+01  5.882704e+00  4.304579e+01
     vertex  7.638111e+01  6.037509e+00  4.162159e+01
   endloop
 endfacet
 facet normal -7.844348e-01 -5.610532e-01 -2.643506e-01
   outer loop
     vertex  7.879976e+01  1.980799e+00  4.325998e+01
     vertex  7.571588e+01  5.729547e+00  4.445483e+01
     vertex  7.608117e+01  5.882704e+00  4.304579e+01
   endloop
 endfacet
 facet normal  5.675230e-01 -5.206473e-01 -6.378433e-01
   outer loop
     vertex  3.834110e+01  3.658859e+01  4.601829e+01
     vertex  3.936848e+01  3.900000e+01  4.496406e+01
     vertex  3.952689e+01  3.900000e+01  4.510501e+01
   endloop
 endfacet
 facet normal  5.520382e-01 -5.187105e-01 -6.528348e-01
   outer loop
     vertex  3.834110e+01  3.658859e+01  4.601829e+01
     vertex  3.952689e+01  3.900000e+01  4.510501e+01
     vertex  3.968876e+01  3.900000e+01  4.524189e+01
   endloop
 endfacet
 facet normal  5.495633e-01 -5.181431e-01 -6.553685e-01
   outer loop
     vertex  3.834110e+01  3.658859e+01  4.601829e+01
     vertex  3.968876e+01  3.900000e+01  4.524189e+01
     vertex  3.866408e+01  3.655639e+01  4.631458e+01
   endloop
 endfacet
 facet normal  3.996607e-01 -5.067599e-01 -7.638493e-01
   outer loop
     vertex  3.864939e+01  3.235228e+01  4.930903e+01
     vertex  4.008202e+01  3.644453e+01  4.734369e+01
     vertex  4.046429e+01  3.642110e+01  4.755925e+01
   endloop
 endfacet
 facet normal  3.996607e-01 -5.067599e-01 -7.638493e-01
   outer loop
     vertex  3.864939e+01  3.235228e+01  4.930903e+01
     vertex  4.046429e+01  3.642110e+01  4.755925e+01
     vertex  3.914302e+01  3.232202e+01  4.958738e+01
   endloop
 endfacet
 facet normal  2.290331e-01 -4.989363e-01 -8.358268e-01
   outer loop
     vertex  4.037945e+01  2.810568e+01  5.269445e+01
     vertex  4.122993e+01  3.222633e+01  5.046772e+01
     vertex  4.104659e+01  2.808443e+01  5.288994e+01
   endloop
 endfacet
 facet normal  4.641452e-02 -4.955085e-01 -8.673621e-01
   outer loop
     vertex  4.356022e+01  2.389902e+01  5.571237e+01
     vertex  4.378403e+01  2.803304e+01  5.336265e+01
     vertex  4.447842e+01  2.802874e+01  5.340227e+01
   endloop
 endfacet
 facet normal  8.344364e-02 -4.958304e-01 -8.644012e-01
   outer loop
     vertex  4.356022e+01  2.389902e+01  5.571237e+01
     vertex  4.309221e+01  2.804079e+01  5.329143e+01
     vertex  4.378403e+01  2.803304e+01  5.336265e+01
   endloop
 endfacet
 facet normal  4.641452e-02 -4.955085e-01 -8.673621e-01
   outer loop
     vertex  4.356022e+01  2.389902e+01  5.571237e+01
     vertex  4.447842e+01  2.802874e+01  5.340227e+01
     vertex  4.438241e+01  2.389392e+01  5.575928e+01
   endloop
 endfacet
 facet normal -1.018972e-01 -4.960600e-01 -8.622885e-01
   outer loop
     vertex  4.808142e+01  1.978263e+01  5.789977e+01
     vertex  4.684985e+01  2.390309e+01  5.567487e+01
     vertex  4.766685e+01  2.391429e+01  5.557189e+01
   endloop
 endfacet
 facet normal -1.386340e-01 -4.966561e-01 -8.568041e-01
   outer loop
     vertex  4.808142e+01  1.978263e+01  5.789977e+01
     vertex  4.847825e+01  2.392952e+01  5.543177e+01
     vertex  4.901895e+01  1.980023e+01  5.773787e+01
   endloop
 endfacet
 facet normal -1.386340e-01 -4.966561e-01 -8.568041e-01
   outer loop
     vertex  4.808142e+01  1.978263e+01  5.789977e+01
     vertex  4.766685e+01  2.391429e+01  5.557189e+01
     vertex  4.847825e+01  2.392952e+01  5.543177e+01
   endloop
 endfacet
 facet normal -3.164245e-01 -5.023190e-01 -8.047056e-01
   outer loop
     vertex  5.369637e+01  1.580271e+01  5.883178e+01
     vertex  5.354109e+01  1.995653e+01  5.629991e+01
     vertex  5.469019e+01  1.584827e+01  5.841254e+01
   endloop
 endfacet
 facet normal -3.164245e-01 -5.023190e-01 -8.047056e-01
   outer loop
     vertex  5.369637e+01  1.580271e+01  5.883178e+01
     vertex  5.266512e+01  1.991637e+01  5.666943e+01
     vertex  5.354109e+01  1.995653e+01  5.629991e+01
   endloop
 endfacet
 facet normal -4.776486e-01 -5.122007e-01 -7.137943e-01
   outer loop
     vertex  6.003540e+01  1.199720e+01  5.815908e+01
     vertex  5.844146e+01  1.607819e+01  5.629727e+01
     vertex  5.931341e+01  1.614698e+01  5.566443e+01
   endloop
 endfacet
 facet normal -4.776486e-01 -5.122007e-01 -7.137943e-01
   outer loop
     vertex  6.003540e+01  1.199720e+01  5.815908e+01
     vertex  5.931341e+01  1.614698e+01  5.566443e+01
     vertex  6.101075e+01  1.207415e+01  5.745119e+01
   endloop
 endfacet
 facet normal -6.138657e-01 -5.257838e-01 -5.888296e-01
   outer loop
     vertex  6.662919e+01  8.392309e+00  5.564076e+01
     vertex  6.534397e+01  1.252655e+01  5.328903e+01
     vertex  6.750068e+01  8.501680e+00  5.463455e+01
   endloop
 endfacet
 facet normal -6.138657e-01 -5.257838e-01 -5.888296e-01
   outer loop
     vertex  6.662919e+01  8.392309e+00  5.564076e+01
     vertex  6.455601e+01  1.242767e+01  5.419879e+01
     vertex  6.534397e+01  1.252655e+01  5.328903e+01
   endloop
 endfacet
 facet normal -7.179441e-01 -5.423572e-01 -4.363541e-01
   outer loop
     vertex  7.294053e+01  4.999610e+00  5.117025e+01
     vertex  7.111526e+01  9.106670e+00  4.906863e+01
     vertex  7.361844e+01  5.139785e+00  4.988065e+01
   endloop
 endfacet
 facet normal -7.179441e-01 -5.423572e-01 -4.363541e-01
   outer loop
     vertex  7.294053e+01  4.999610e+00  5.117025e+01
     vertex  7.049665e+01  8.978757e+00  5.024544e+01
     vertex  7.111526e+01  9.106670e+00  4.906863e+01
   endloop
 endfacet
 facet normal -7.825551e-01 -5.637626e-01 -2.641578e-01
   outer loop
     vertex  7.840252e+01  1.814247e+00  4.479226e+01
     vertex  7.879976e+01  1.980799e+00  4.325998e+01
     vertex  7.993403e+01  0.000000e+00  4.412717e+01
   endloop
 endfacet
 facet normal -7.753409e-01 -5.582995e-01 -2.952089e-01
   outer loop
     vertex  7.840252e+01  1.814247e+00  4.479226e+01
     vertex  7.960585e+01  0.000000e+00  4.506291e+01
     vertex  7.925306e+01  0.000000e+00  4.598949e+01
   endloop
 endfacet
 facet normal -7.820453e-01 -5.596234e-01 -2.742748e-01
   outer loop
     vertex  7.840252e+01  1.814247e+00  4.479226e+01
     vertex  7.993403e+01  0.000000e+00  4.412717e+01
     vertex  7.960585e+01  0.000000e+00  4.506291e+01
   endloop
 endfacet
 facet normal -7.844348e-01 -5.610532e-01 -2.643506e-01
   outer loop
     vertex  7.840252e+01  1.814247e+00  4.479226e+01
     vertex  7.571588e+01  5.729547e+00  4.445483e+01
     vertex  7.879976e+01  1.980799e+00  4.325998e+01
   endloop
 endfacet
 facet normal  5.975519e-01 -5.237922e-01 -6.071025e-01
   outer loop
     vertex  3.803213e+01  3.662236e+01  4.570758e+01
     vertex  3.906245e+01  3.900000e+01  4.467033e+01
     vertex  3.921364e+01  3.900000e+01  4.481914e+01
   endloop
 endfacet
 facet normal  5.827371e-01 -5.222376e-01 -6.226438e-01
   outer loop
     vertex  3.803213e+01  3.662236e+01  4.570758e+01
     vertex  3.921364e+01  3.900000e+01  4.481914e+01
     vertex  3.936848e+01  3.900000e+01  4.496406e+01
   endloop
 endfacet
 facet normal  5.763291e-01 -5.208516e-01 -6.297289e-01
   outer loop
     vertex  3.803213e+01  3.662236e+01  4.570758e+01
     vertex  3.936848e+01  3.900000e+01  4.496406e+01
     vertex  3.834110e+01  3.658859e+01  4.601829e+01
   endloop
 endfacet
 facet normal  4.315447e-01 -5.088200e-01 -7.448969e-01
   outer loop
     vertex  3.816912e+01  3.238495e+01  4.900848e+01
     vertex  3.971009e+01  3.646982e+01  4.711094e+01
     vertex  4.008202e+01  3.644453e+01  4.734369e+01
   endloop
 endfacet
 facet normal  4.315447e-01 -5.088200e-01 -7.448969e-01
   outer loop
     vertex  3.816912e+01  3.238495e+01  4.900848e+01
     vertex  4.008202e+01  3.644453e+01  4.734369e+01
     vertex  3.864939e+01  3.235228e+01  4.930903e+01
   endloop
 endfacet
 facet normal  4.625212e-01 -5.110358e-01 -7.245113e-01
   outer loop
     vertex  3.816912e+01  3.238495e+01  4.900848e+01
     vertex  3.934929e+01  3.649694e+01  4.686149e+01
     vertex  3.971009e+01  3.646982e+01  4.711094e+01
   endloop
 endfacet
 facet normal  2.644159e-01 -5.001592e-01 -8.245757e-01
   outer loop
     vertex  3.972202e+01  2.813021e+01  5.246875e+01
     vertex  4.069351e+01  3.224635e+01  5.028357e+01
     vertex  4.122993e+01  3.222633e+01  5.046772e+01
   endloop
 endfacet
 facet normal  2.644159e-01 -5.001592e-01 -8.245757e-01
   outer loop
     vertex  3.972202e+01  2.813021e+01  5.246875e+01
     vertex  4.122993e+01  3.222633e+01  5.046772e+01
     vertex  4.037945e+01  2.810568e+01  5.269445e+01
   endloop
 endfacet
 facet normal  8.344364e-02 -4.958304e-01 -8.644012e-01
   outer loop
     vertex  4.274105e+01  2.390818e+01  5.562804e+01
     vertex  4.309221e+01  2.804079e+01  5.329143e+01
     vertex  4.356022e+01  2.389902e+01  5.571237e+01
   endloop
 endfacet
 facet normal  1.202973e-01 -4.963353e-01 -8.597557e-01
   outer loop
     vertex  4.274105e+01  2.390818e+01  5.562804e+01
     vertex  4.240440e+01  2.805195e+01  5.318875e+01
     vertex  4.309221e+01  2.804079e+01  5.329143e+01
   endloop
 endfacet
 facet normal -1.018972e-01 -4.960600e-01 -8.622885e-01
   outer loop
     vertex  4.713742e+01  1.976970e+01  5.801876e+01
     vertex  4.684985e+01  2.390309e+01  5.567487e+01
     vertex  4.808142e+01  1.978263e+01  5.789977e+01
   endloop
 endfacet
 facet normal -2.819033e-01 -5.008361e-01 -8.183481e-01
   outer loop
     vertex  5.268426e+01  1.576211e+01  5.920527e+01
     vertex  5.266512e+01  1.991637e+01  5.666943e+01
     vertex  5.369637e+01  1.580271e+01  5.883178e+01
   endloop
 endfacet
 facet normal -2.819033e-01 -5.008361e-01 -8.183481e-01
   outer loop
     vertex  5.268426e+01  1.576211e+01  5.920527e+01
     vertex  5.177303e+01  1.988058e+01  5.699863e+01
     vertex  5.266512e+01  1.991637e+01  5.666943e+01
   endloop
 endfacet
 facet normal -4.471505e-01 -5.099087e-01 -7.348807e-01
   outer loop
     vertex  5.902843e+01  1.192517e+01  5.882176e+01
     vertex  5.844146e+01  1.607819e+01  5.629727e+01
     vertex  6.003540e+01  1.199720e+01  5.815908e+01
   endloop
 endfacet
 facet normal -4.471505e-01 -5.099087e-01 -7.348807e-01
   outer loop
     vertex  5.902843e+01  1.192517e+01  5.882176e+01
     vertex  5.754124e+01  1.601380e+01  5.688971e+01
     vertex  5.844146e+01  1.607819e+01  5.629727e+01
   endloop
 endfacet
 facet normal -5.889873e-01 -5.228027e-01 -6.162559e-01
   outer loop
     vertex  6.571221e+01  8.287371e+00  5.660618e+01
     vertex  6.455601e+01  1.242767e+01  5.419879e+01
     vertex  6.662919e+01  8.392309e+00  5.564076e+01
   endloop
 endfacet
 facet normal -5.889873e-01 -5.228027e-01 -6.162559e-01
   outer loop
     vertex  6.571221e+01  8.287371e+00  5.660618e+01
     vertex  6.372692e+01  1.233279e+01  5.507169e+01
     vertex  6.455601e+01  1.242767e+01  5.419879e+01
   endloop
 endfacet
 facet normal -6.999879e-01 -5.388430e-01 -4.686845e-01
   outer loop
     vertex  7.220387e+01  4.862942e+00  5.242760e+01
     vertex  6.982442e+01  8.854042e+00  5.139281e+01
     vertex  7.049665e+01  8.978757e+00  5.024544e+01
   endloop
 endfacet
 facet normal -6.999879e-01 -5.388430e-01 -4.686845e-01
   outer loop
     vertex  7.220387e+01  4.862942e+00  5.242760e+01
     vertex  7.049665e+01  8.978757e+00  5.024544e+01
     vertex  7.294053e+01  4.999610e+00  5.117025e+01
   endloop
 endfacet
 facet normal -7.743409e-01 -5.571900e-01 -2.998924e-01
   outer loop
     vertex  7.793502e+01  1.649837e+00  4.630483e+01
     vertex  7.528599e+01  5.578362e+00  4.584574e+01
     vertex  7.571588e+01  5.729547e+00  4.445483e+01
   endloop
 endfacet
 facet normal -7.599832e-01 -5.560655e-01 -3.364769e-01
   outer loop
     vertex  7.793502e+01  1.649837e+00  4.630483e+01
     vertex  7.887590e+01  0.000000e+00  4.690625e+01
     vertex  7.847465e+01  0.000000e+00  4.781253e+01
   endloop
 endfacet
 facet normal -7.696816e-01 -5.543683e-01 -3.166482e-01
   outer loop
     vertex  7.793502e+01  1.649837e+00  4.630483e+01
     vertex  7.925306e+01  0.000000e+00  4.598949e+01
     vertex  7.887590e+01  0.000000e+00  4.690625e+01
   endloop
 endfacet
 facet normal -7.743409e-01 -5.571900e-01 -2.998924e-01
   outer loop
     vertex  7.793502e+01  1.649837e+00  4.630483e+01
     vertex  7.571588e+01  5.729547e+00  4.445483e+01
     vertex  7.840252e+01  1.814247e+00  4.479226e+01
   endloop
 endfacet
 facet normal -7.626186e-01 -5.533809e-01 -3.349367e-01
   outer loop
     vertex  7.793502e+01  1.649837e+00  4.630483e+01
     vertex  7.479240e+01  5.429465e+00  4.721559e+01
     vertex  7.528599e+01  5.578362e+00  4.584574e+01
   endloop
 endfacet
 facet normal -7.725054e-01 -5.598793e-01 -2.996174e-01
   outer loop
     vertex  7.793502e+01  1.649837e+00  4.630483e+01
     vertex  7.840252e+01  1.814247e+00  4.479226e+01
     vertex  7.925306e+01  0.000000e+00  4.598949e+01
   endloop
 endfacet
 facet normal  6.258762e-01 -5.269685e-01 -5.749637e-01
   outer loop
     vertex  3.773781e+01  3.665763e+01  4.538312e+01
     vertex  3.877145e+01  3.900000e+01  4.436145e+01
     vertex  3.891502e+01  3.900000e+01  4.451774e+01
   endloop
 endfacet
 facet normal  6.117438e-01 -5.257983e-01 -5.910209e-01
   outer loop
     vertex  3.773781e+01  3.665763e+01  4.538312e+01
     vertex  3.891502e+01  3.900000e+01  4.451774e+01
     vertex  3.906245e+01  3.900000e+01  4.467033e+01
   endloop
 endfacet
 facet normal  6.018325e-01 -5.237950e-01 -6.028569e-01
   outer loop
     vertex  3.773781e+01  3.665763e+01  4.538312e+01
     vertex  3.906245e+01  3.900000e+01  4.467033e+01
     vertex  3.803213e+01  3.662236e+01  4.570758e+01
   endloop
 endfacet
 facet normal  4.625212e-01 -5.110358e-01 -7.245113e-01
   outer loop
     vertex  3.770322e+01  3.241996e+01  4.868635e+01
     vertex  3.934929e+01  3.649694e+01  4.686149e+01
     vertex  3.816912e+01  3.238495e+01  4.900848e+01
   endloop
 endfacet
 facet normal  2.992426e-01 -5.015562e-01 -8.117236e-01
   outer loop
     vertex  3.907569e+01  2.815797e+01  5.221332e+01
     vertex  4.069351e+01  3.224635e+01  5.028357e+01
     vertex  3.972202e+01  2.813021e+01  5.246875e+01
   endloop
 endfacet
 facet normal  2.992426e-01 -5.015562e-01 -8.117236e-01
   outer loop
     vertex  3.907569e+01  2.815797e+01  5.221332e+01
     vertex  4.016615e+01  3.226900e+01  5.007516e+01
     vertex  4.069351e+01  3.224635e+01  5.028357e+01
   endloop
 endfacet
 facet normal  1.202973e-01 -4.963353e-01 -8.597557e-01
   outer loop
     vertex  4.192664e+01  2.392140e+01  5.550646e+01
     vertex  4.240440e+01  2.805195e+01  5.318875e+01
     vertex  4.274105e+01  2.390818e+01  5.562804e+01
   endloop
 endfacet
 facet normal  1.568979e-01 -4.970223e-01 -8.534353e-01
   outer loop
     vertex  4.192664e+01  2.392140e+01  5.550646e+01
     vertex  4.172205e+01  2.806650e+01  5.305482e+01
     vertex  4.240440e+01  2.805195e+01  5.318875e+01
   endloop
 endfacet
 facet normal -2.785848e-02 -4.954165e-01 -8.682087e-01
   outer loop
     vertex  4.618891e+01  1.976146e+01  5.809461e+01
     vertex  4.520590e+01  2.389290e+01  5.576867e+01
     vertex  4.602896e+01  2.389596e+01  5.574051e+01
   endloop
 endfacet
 facet normal -6.494615e-02 -4.956465e-01 -8.660927e-01
   outer loop
     vertex  4.618891e+01  1.976146e+01  5.809461e+01
     vertex  4.602896e+01  2.389596e+01  5.574051e+01
     vertex  4.684985e+01  2.390309e+01  5.567487e+01
   endloop
 endfacet
 facet normal -6.494615e-02 -4.956465e-01 -8.660927e-01
   outer loop
     vertex  4.618891e+01  1.976146e+01  5.809461e+01
     vertex  4.684985e+01  2.390309e+01  5.567487e+01
     vertex  4.713742e+01  1.976970e+01  5.801876e+01
   endloop
 endfacet
 facet normal -2.467893e-01 -4.995258e-01 -8.304029e-01
   outer loop
     vertex  5.165599e+01  1.572657e+01  5.953225e+01
     vertex  5.086670e+01  1.984926e+01  5.728683e+01
     vertex  5.177303e+01  1.988058e+01  5.699863e+01
   endloop
 endfacet
 facet normal -2.467893e-01 -4.995258e-01 -8.304029e-01
   outer loop
     vertex  5.165599e+01  1.572657e+01  5.953225e+01
     vertex  5.177303e+01  1.988058e+01  5.699863e+01
     vertex  5.268426e+01  1.576211e+01  5.920527e+01
   endloop
 endfacet
 facet normal -4.157120e-01 -5.077702e-01 -7.545548e-01
   outer loop
     vertex  5.799196e+01  1.185820e+01  5.943786e+01
     vertex  5.661465e+01  1.595393e+01  5.744049e+01
     vertex  5.754124e+01  1.601380e+01  5.688971e+01
   endloop
 endfacet
 facet normal -4.157120e-01 -5.077702e-01 -7.545548e-01
   outer loop
     vertex  5.799196e+01  1.185820e+01  5.943786e+01
     vertex  5.754124e+01  1.601380e+01  5.688971e+01
     vertex  5.902843e+01  1.192517e+01  5.882176e+01
   endloop
 endfacet
 facet normal -5.628702e-01 -5.199479e-01 -6.425195e-01
   outer loop
     vertex  6.475167e+01  8.187087e+00  5.752880e+01
     vertex  6.285845e+01  1.224212e+01  5.590587e+01
     vertex  6.372692e+01  1.233279e+01  5.507169e+01
   endloop
 endfacet
 facet normal -5.628702e-01 -5.199479e-01 -6.425195e-01
   outer loop
     vertex  6.475167e+01  8.187087e+00  5.752880e+01
     vertex  6.372692e+01  1.233279e+01  5.507169e+01
     vertex  6.571221e+01  8.287371e+00  5.660618e+01
   endloop
 endfacet
 facet normal -6.805596e-01 -5.354215e-01 -5.001624e-01
   outer loop
     vertex  7.140999e+01  4.730066e+00  5.365006e+01
     vertex  6.909998e+01  8.732789e+00  5.250834e+01
     vertex  6.982442e+01  8.854042e+00  5.139281e+01
   endloop
 endfacet
 facet normal -6.805596e-01 -5.354215e-01 -5.001624e-01
   outer loop
     vertex  7.140999e+01  4.730066e+00  5.365006e+01
     vertex  6.982442e+01  8.854042e+00  5.139281e+01
     vertex  7.220387e+01  4.862942e+00  5.242760e+01
   endloop
 endfacet
 facet normal -7.543855e-01 -5.500788e-01 -3.582120e-01
   outer loop
     vertex  7.739826e+01  1.487917e+00  4.779450e+01
     vertex  7.847465e+01  0.000000e+00  4.781253e+01
     vertex  7.804960e+01  0.000000e+00  4.870769e+01
   endloop
 endfacet
 facet normal -7.615504e-01 -5.549775e-01 -3.347253e-01
   outer loop
     vertex  7.739826e+01  1.487917e+00  4.779450e+01
     vertex  7.793502e+01  1.649837e+00  4.630483e+01
     vertex  7.847465e+01  0.000000e+00  4.781253e+01
   endloop
 endfacet
 facet normal -7.626186e-01 -5.533809e-01 -3.349367e-01
   outer loop
     vertex  7.739826e+01  1.487917e+00  4.779450e+01
     vertex  7.479240e+01  5.429465e+00  4.721559e+01
     vertex  7.793502e+01  1.649837e+00  4.630483e+01
   endloop
 endfacet
 facet normal  6.260139e-01 -5.269652e-01 -5.748168e-01
   outer loop
     vertex  3.745877e+01  3.669432e+01  4.504559e+01
     vertex  3.877145e+01  3.900000e+01  4.436145e+01
     vertex  3.773781e+01  3.665763e+01  4.538312e+01
   endloop
 endfacet
 facet normal  6.389953e-01 -5.293852e-01 -5.580648e-01
   outer loop
     vertex  3.745877e+01  3.669432e+01  4.504559e+01
     vertex  3.863181e+01  3.900000e+01  4.420156e+01
     vertex  3.877145e+01  3.900000e+01  4.436145e+01
   endloop
 endfacet
 facet normal  4.925250e-01 -5.134028e-01 -7.027352e-01
   outer loop
     vertex  3.725266e+01  3.245725e+01  4.834333e+01
     vertex  3.900038e+01  3.652581e+01  4.659585e+01
     vertex  3.934929e+01  3.649694e+01  4.686149e+01
   endloop
 endfacet
 facet normal  4.925250e-01 -5.134028e-01 -7.027352e-01
   outer loop
     vertex  3.725266e+01  3.245725e+01  4.834333e+01
     vertex  3.934929e+01  3.649694e+01  4.686149e+01
     vertex  3.770322e+01  3.241996e+01  4.868635e+01
   endloop
 endfacet
 facet normal  3.334400e-01 -5.031242e-01 -7.972978e-01
   outer loop
     vertex  3.844182e+01  2.818891e+01  5.192871e+01
     vertex  3.964896e+01  3.229425e+01  4.984293e+01
     vertex  4.016615e+01  3.226900e+01  5.007516e+01
   endloop
 endfacet
 facet normal  3.334400e-01 -5.031242e-01 -7.972978e-01
   outer loop
     vertex  3.844182e+01  2.818891e+01  5.192871e+01
     vertex  4.016615e+01  3.226900e+01  5.007516e+01
     vertex  3.907569e+01  2.815797e+01  5.221332e+01
   endloop
 endfacet
 facet normal  1.568979e-01 -4.970223e-01 -8.534353e-01
   outer loop
     vertex  4.111869e+01  2.393864e+01  5.534788e+01
     vertex  4.172205e+01  2.806650e+01  5.305482e+01
     vertex  4.192664e+01  2.392140e+01  5.550646e+01
   endloop
 endfacet
 facet normal -2.785848e-02 -4.954165e-01 -8.682087e-01
   outer loop
     vertex  4.523791e+01  1.975792e+01  5.812714e+01
     vertex  4.520590e+01  2.389290e+01  5.576867e+01
     vertex  4.618891e+01  1.976146e+01  5.809461e+01
   endloop
 endfacet
 facet normal -2.111564e-01 -4.983909e-01 -8.408445e-01
   outer loop
     vertex  5.061373e+01  1.569616e+01  5.981201e+01
     vertex  5.086670e+01  1.984926e+01  5.728683e+01
     vertex  5.165599e+01  1.572657e+01  5.953225e+01
   endloop
 endfacet
 facet normal -2.111564e-01 -4.983909e-01 -8.408445e-01
   outer loop
     vertex  5.061373e+01  1.569616e+01  5.981201e+01
     vertex  4.994803e+01  1.982245e+01  5.753342e+01
     vertex  5.086670e+01  1.984926e+01  5.728683e+01
   endloop
 endfacet
 facet normal -3.833992e-01 -5.057897e-01 -7.727754e-01
   outer loop
     vertex  5.692817e+01  1.179644e+01  6.000606e+01
     vertex  5.566364e+01  1.589872e+01  5.794846e+01
     vertex  5.661465e+01  1.595393e+01  5.744049e+01
   endloop
 endfacet
 facet normal -3.833992e-01 -5.057897e-01 -7.727754e-01
   outer loop
     vertex  5.692817e+01  1.179644e+01  6.000606e+01
     vertex  5.661465e+01  1.595393e+01  5.744049e+01
     vertex  5.799196e+01  1.185820e+01  5.943786e+01
   endloop
 endfacet
 facet normal -5.071423e-01 -5.146414e-01 -6.913400e-01
   outer loop
     vertex  6.374960e+01  8.091666e+00  5.840667e+01
     vertex  6.101075e+01  1.207415e+01  5.745119e+01
     vertex  6.195243e+01  1.215584e+01  5.669960e+01
   endloop
 endfacet
 facet normal -5.355694e-01 -5.172256e-01 -6.675651e-01
   outer loop
     vertex  6.374960e+01  8.091666e+00  5.840667e+01
     vertex  6.285845e+01  1.224212e+01  5.590587e+01
     vertex  6.475167e+01  8.187087e+00  5.752880e+01
   endloop
 endfacet
 facet normal -5.355694e-01 -5.172256e-01 -6.675651e-01
   outer loop
     vertex  6.374960e+01  8.091666e+00  5.840667e+01
     vertex  6.195243e+01  1.215584e+01  5.669960e+01
     vertex  6.285845e+01  1.224212e+01  5.590587e+01
   endloop
 endfacet
 facet normal -6.374532e-01 -5.288850e-01 -5.602982e-01
   outer loop
     vertex  7.056057e+01  4.601264e+00  5.483504e+01
     vertex  6.750068e+01  8.501680e+00  5.463455e+01
     vertex  6.832486e+01  8.615252e+00  5.358968e+01
   endloop
 endfacet
 facet normal -6.597001e-01 -5.320999e-01 -5.307217e-01
   outer loop
     vertex  7.056057e+01  4.601264e+00  5.483504e+01
     vertex  6.832486e+01  8.615252e+00  5.358968e+01
     vertex  6.909998e+01  8.732789e+00  5.250834e+01
   endloop
 endfacet
 facet normal -6.597001e-01 -5.320999e-01 -5.307217e-01
   outer loop
     vertex  7.056057e+01  4.601264e+00  5.483504e+01
     vertex  6.909998e+01  8.732789e+00  5.250834e+01
     vertex  7.140999e+01  4.730066e+00  5.365006e+01
   endloop
 endfacet
 facet normal -7.492924e-01 -5.496338e-01 -3.694098e-01
   outer loop
     vertex  7.679337e+01  1.328826e+00  4.925814e+01
     vertex  7.479240e+01  5.429465e+00  4.721559e+01
     vertex  7.739826e+01  1.487917e+00  4.779450e+01
   endloop
 endfacet
 facet normal -7.468835e-01 -5.533011e-01 -3.688129e-01
   outer loop
     vertex  7.679337e+01  1.328826e+00  4.925814e+01
     vertex  7.739826e+01  1.487917e+00  4.779450e+01
     vertex  7.804960e+01  0.000000e+00  4.870769e+01
   endloop
 endfacet
 facet normal -7.359822e-01 -5.472084e-01 -3.986139e-01
   outer loop
     vertex  7.679337e+01  1.328826e+00  4.925814e+01
     vertex  7.760103e+01  0.000000e+00  4.959110e+01
     vertex  7.712928e+01  0.000000e+00  5.046212e+01
   endloop
 endfacet
 facet normal -7.457509e-01 -5.481480e-01 -3.786680e-01
   outer loop
     vertex  7.679337e+01  1.328826e+00  4.925814e+01
     vertex  7.804960e+01  0.000000e+00  4.870769e+01
     vertex  7.760103e+01  0.000000e+00  4.959110e+01
   endloop
 endfacet
 facet normal -7.492924e-01 -5.496338e-01 -3.694098e-01
   outer loop
     vertex  7.679337e+01  1.328826e+00  4.925814e+01
     vertex  7.423616e+01  5.283170e+00  4.856150e+01
     vertex  7.479240e+01  5.429465e+00  4.721559e+01
   endloop
 endfacet
 facet normal  6.490187e-01 -5.299907e-01 -5.457880e-01
   outer loop
     vertex  3.719558e+01  3.673235e+01  4.469569e+01
     vertex  3.863181e+01  3.900000e+01  4.420156e+01
     vertex  3.745877e+01  3.669432e+01  4.504559e+01
   endloop
 endfacet
 facet normal  6.644351e-01 -5.329911e-01 -5.238763e-01
   outer loop
     vertex  3.719558e+01  3.673235e+01  4.469569e+01
     vertex  3.836472e+01  3.900000e+01  4.387142e+01
     vertex  3.849621e+01  3.900000e+01  4.403819e+01
   endloop
 endfacet
 facet normal  6.520695e-01 -5.309279e-01 -5.412216e-01
   outer loop
     vertex  3.719558e+01  3.673235e+01  4.469569e+01
     vertex  3.849621e+01  3.900000e+01  4.403819e+01
     vertex  3.863181e+01  3.900000e+01  4.420156e+01
   endloop
 endfacet
 facet normal  5.214929e-01 -5.159159e-01 -6.796145e-01
   outer loop
     vertex  3.681839e+01  3.249672e+01  4.798014e+01
     vertex  3.900038e+01  3.652581e+01  4.659585e+01
     vertex  3.725266e+01  3.245725e+01  4.834333e+01
   endloop
 endfacet
 facet normal  5.214929e-01 -5.159159e-01 -6.796145e-01
   outer loop
     vertex  3.681839e+01  3.249672e+01  4.798014e+01
     vertex  3.866408e+01  3.655639e+01  4.631458e+01
     vertex  3.900038e+01  3.652581e+01  4.659585e+01
   endloop
 endfacet
 facet normal  3.669362e-01 -5.048600e-01 -7.813285e-01
   outer loop
     vertex  3.782174e+01  2.822295e+01  5.161551e+01
     vertex  3.914302e+01  3.232202e+01  4.958738e+01
     vertex  3.964896e+01  3.229425e+01  4.984293e+01
   endloop
 endfacet
 facet normal  3.669362e-01 -5.048600e-01 -7.813285e-01
   outer loop
     vertex  3.782174e+01  2.822295e+01  5.161551e+01
     vertex  3.964896e+01  3.229425e+01  4.984293e+01
     vertex  3.844182e+01  2.818891e+01  5.192871e+01
   endloop
 endfacet
 facet normal  2.290331e-01 -4.989363e-01 -8.358268e-01
   outer loop
     vertex  4.031890e+01  2.395986e+01  5.515265e+01
     vertex  4.037945e+01  2.810568e+01  5.269445e+01
     vertex  4.104659e+01  2.808443e+01  5.288994e+01
   endloop
 endfacet
 facet normal  1.931686e-01 -4.978899e-01 -8.454535e-01
   outer loop
     vertex  4.031890e+01  2.395986e+01  5.515265e+01
     vertex  4.172205e+01  2.806650e+01  5.305482e+01
     vertex  4.111869e+01  2.393864e+01  5.534788e+01
   endloop
 endfacet
 facet normal  1.931686e-01 -4.978899e-01 -8.454535e-01
   outer loop
     vertex  4.031890e+01  2.395986e+01  5.515265e+01
     vertex  4.104659e+01  2.808443e+01  5.288994e+01
     vertex  4.172205e+01  2.806650e+01  5.305482e+01
   endloop
 endfacet
 facet normal  9.287786e-03 -4.953705e-01 -8.686322e-01
   outer loop
     vertex  4.428640e+01  1.975910e+01  5.811630e+01
     vertex  4.520590e+01  2.389290e+01  5.576867e+01
     vertex  4.523791e+01  1.975792e+01  5.812714e+01
   endloop
 endfacet
 facet normal  9.287786e-03 -4.953705e-01 -8.686322e-01
   outer loop
     vertex  4.428640e+01  1.975910e+01  5.811630e+01
     vertex  4.438241e+01  2.389392e+01  5.575928e+01
     vertex  4.520590e+01  2.389290e+01  5.576867e+01
   endloop
 endfacet
 facet normal -1.750793e-01 -4.974336e-01 -8.496511e-01
   outer loop
     vertex  4.955965e+01  1.567094e+01  6.004397e+01
     vertex  4.994803e+01  1.982245e+01  5.753342e+01
     vertex  5.061373e+01  1.569616e+01  5.981201e+01
   endloop
 endfacet
 facet normal -1.750793e-01 -4.974336e-01 -8.496511e-01
   outer loop
     vertex  4.955965e+01  1.567094e+01  6.004397e+01
     vertex  4.901895e+01  1.980023e+01  5.773787e+01
     vertex  4.994803e+01  1.982245e+01  5.753342e+01
   endloop
 endfacet
 facet normal -1.386340e-01 -4.966561e-01 -8.568041e-01
   outer loop
     vertex  4.955965e+01  1.567094e+01  6.004397e+01
     vertex  4.808142e+01  1.978263e+01  5.789977e+01
     vertex  4.901895e+01  1.980023e+01  5.773787e+01
   endloop
 endfacet
 facet normal -3.502802e-01 -5.039714e-01 -7.895041e-01
   outer loop
     vertex  5.583930e+01  1.174002e+01  6.052518e+01
     vertex  5.469019e+01  1.584827e+01  5.841254e+01
     vertex  5.566364e+01  1.589872e+01  5.794846e+01
   endloop
 endfacet
 facet normal -3.502802e-01 -5.039714e-01 -7.895041e-01
   outer loop
     vertex  5.583930e+01  1.174002e+01  6.052518e+01
     vertex  5.566364e+01  1.589872e+01  5.794846e+01
     vertex  5.692817e+01  1.179644e+01  6.000606e+01
   endloop
 endfacet
 facet normal -5.071423e-01 -5.146414e-01 -6.913400e-01
   outer loop
     vertex  6.270809e+01  8.001310e+00  5.923795e+01
     vertex  6.101075e+01  1.207415e+01  5.745119e+01
     vertex  6.374960e+01  8.091666e+00  5.840667e+01
   endloop
 endfacet
 facet normal -6.374532e-01 -5.288850e-01 -5.602982e-01
   outer loop
     vertex  6.965740e+01  4.476805e+00  5.598006e+01
     vertex  6.750068e+01  8.501680e+00  5.463455e+01
     vertex  7.056057e+01  4.601264e+00  5.483504e+01
   endloop
 endfacet
 facet normal -7.343905e-01 -5.459566e-01 -4.032394e-01
   outer loop
     vertex  7.612162e+01  1.172899e+00  5.069266e+01
     vertex  7.361844e+01  5.139785e+00  4.988065e+01
     vertex  7.423616e+01  5.283170e+00  4.856150e+01
   endloop
 endfacet
 facet normal -7.319693e-01 -5.497292e-01 -4.025156e-01
   outer loop
     vertex  7.612162e+01  1.172899e+00  5.069266e+01
     vertex  7.679337e+01  1.328826e+00  4.925814e+01
     vertex  7.712928e+01  0.000000e+00  5.046212e+01
   endloop
 endfacet
 facet normal -7.142302e-01 -5.464131e-01 -4.373876e-01
   outer loop
     vertex  7.612162e+01  1.172899e+00  5.069266e+01
     vertex  7.663467e+01  0.000000e+00  5.132014e+01
     vertex  7.611757e+01  0.000000e+00  5.216454e+01
   endloop
 endfacet
 facet normal -7.276764e-01 -5.427087e-01 -4.194691e-01
   outer loop
     vertex  7.612162e+01  1.172899e+00  5.069266e+01
     vertex  7.712928e+01  0.000000e+00  5.046212e+01
     vertex  7.663467e+01  0.000000e+00  5.132014e+01
   endloop
 endfacet
 facet normal -7.343905e-01 -5.459566e-01 -4.032394e-01
   outer loop
     vertex  7.612162e+01  1.172899e+00  5.069266e+01
     vertex  7.423616e+01  5.283170e+00  4.856150e+01
     vertex  7.679337e+01  1.328826e+00  4.925814e+01
   endloop
 endfacet
 facet normal -7.179441e-01 -5.423572e-01 -4.363541e-01
   outer loop
     vertex  7.612162e+01  1.172899e+00  5.069266e+01
     vertex  7.294053e+01  4.999610e+00  5.117025e+01
     vertex  7.361844e+01  5.139785e+00  4.988065e+01
   endloop
 endfacet
 facet normal  6.706157e-01 -5.332107e-01 -5.157140e-01
   outer loop
     vertex  3.694881e+01  3.677165e+01  4.433417e+01
     vertex  3.836472e+01  3.900000e+01  4.387142e+01
     vertex  3.719558e+01  3.673235e+01  4.469569e+01
   endloop
 endfacet
 facet normal  6.880133e-01 -5.366082e-01 -4.885583e-01
   outer loop
     vertex  3.694881e+01  3.677165e+01  4.433417e+01
     vertex  3.811442e+01  3.900000e+01  4.352814e+01
     vertex  3.823743e+01  3.900000e+01  4.370137e+01
   endloop
 endfacet
 facet normal  6.763943e-01 -5.349281e-01 -5.063030e-01
   outer loop
     vertex  3.694881e+01  3.677165e+01  4.433417e+01
     vertex  3.823743e+01  3.900000e+01  4.370137e+01
     vertex  3.836472e+01  3.900000e+01  4.387142e+01
   endloop
 endfacet
 facet normal  5.493642e-01 -5.185699e-01 -6.551979e-01
   outer loop
     vertex  3.640133e+01  3.253831e+01  4.759753e+01
     vertex  3.866408e+01  3.655639e+01  4.631458e+01
     vertex  3.681839e+01  3.249672e+01  4.798014e+01
   endloop
 endfacet
 facet normal  5.493642e-01 -5.185699e-01 -6.551979e-01
   outer loop
     vertex  3.640133e+01  3.253831e+01  4.759753e+01
     vertex  3.834110e+01  3.658859e+01  4.601829e+01
     vertex  3.866408e+01  3.655639e+01  4.631458e+01
   endloop
 endfacet
 facet normal  5.760802e-01 -5.213591e-01 -6.295365e-01
   outer loop
     vertex  3.640133e+01  3.253831e+01  4.759753e+01
     vertex  3.803213e+01  3.662236e+01  4.570758e+01
     vertex  3.834110e+01  3.658859e+01  4.601829e+01
   endloop
 endfacet
 facet normal  4.315447e-01 -5.088200e-01 -7.448969e-01
   outer loop
     vertex  3.721676e+01  2.826003e+01  5.127437e+01
     vertex  3.816912e+01  3.238495e+01  4.900848e+01
     vertex  3.864939e+01  3.235228e+01  4.930903e+01
   endloop
 endfacet
 facet normal  3.996607e-01 -5.067599e-01 -7.638493e-01
   outer loop
     vertex  3.721676e+01  2.826003e+01  5.127437e+01
     vertex  3.864939e+01  3.235228e+01  4.930903e+01
     vertex  3.914302e+01  3.232202e+01  4.958738e+01
   endloop
 endfacet
 facet normal  3.996607e-01 -5.067599e-01 -7.638493e-01
   outer loop
     vertex  3.721676e+01  2.826003e+01  5.127437e+01
     vertex  3.914302e+01  3.232202e+01  4.958738e+01
     vertex  3.782174e+01  2.822295e+01  5.161551e+01
   endloop
 endfacet
 facet normal  2.290331e-01 -4.989363e-01 -8.358268e-01
   outer loop
     vertex  3.952896e+01  2.398502e+01  5.492117e+01
     vertex  4.037945e+01  2.810568e+01  5.269445e+01
     vertex  4.031890e+01  2.395986e+01  5.515265e+01
   endloop
 endfacet
 facet normal  4.641452e-02 -4.955085e-01 -8.673621e-01
   outer loop
     vertex  4.333640e+01  1.976499e+01  5.806209e+01
     vertex  4.438241e+01  2.389392e+01  5.575928e+01
     vertex  4.428640e+01  1.975910e+01  5.811630e+01
   endloop
 endfacet
 facet normal  4.641452e-02 -4.955085e-01 -8.673621e-01
   outer loop
     vertex  4.333640e+01  1.976499e+01  5.806209e+01
     vertex  4.356022e+01  2.389902e+01  5.571237e+01
     vertex  4.438241e+01  2.389392e+01  5.575928e+01
   endloop
 endfacet
 facet normal -1.386340e-01 -4.966561e-01 -8.568041e-01
   outer loop
     vertex  4.849599e+01  1.565098e+01  6.022765e+01
     vertex  4.808142e+01  1.978263e+01  5.789977e+01
     vertex  4.955965e+01  1.567094e+01  6.004397e+01
   endloop
 endfacet
 facet normal -3.164245e-01 -5.023190e-01 -8.047056e-01
   outer loop
     vertex  5.472762e+01  1.168904e+01  6.099413e+01
     vertex  5.369637e+01  1.580271e+01  5.883178e+01
     vertex  5.469019e+01  1.584827e+01  5.841254e+01
   endloop
 endfacet
 facet normal -3.164245e-01 -5.023190e-01 -8.047056e-01
   outer loop
     vertex  5.472762e+01  1.168904e+01  6.099413e+01
     vertex  5.469019e+01  1.584827e+01  5.841254e+01
     vertex  5.583930e+01  1.174002e+01  6.052518e+01
   endloop
 endfacet
 facet normal -4.776486e-01 -5.122007e-01 -7.137943e-01
   outer loop
     vertex  6.162934e+01  7.916209e+00  6.002088e+01
     vertex  6.003540e+01  1.199720e+01  5.815908e+01
     vertex  6.101075e+01  1.207415e+01  5.745119e+01
   endloop
 endfacet
 facet normal -4.776486e-01 -5.122007e-01 -7.137943e-01
   outer loop
     vertex  6.162934e+01  7.916209e+00  6.002088e+01
     vertex  6.101075e+01  1.207415e+01  5.745119e+01
     vertex  6.270809e+01  8.001310e+00  5.923795e+01
   endloop
 endfacet
 facet normal -4.471505e-01 -5.099087e-01 -7.348807e-01
   outer loop
     vertex  6.162934e+01  7.916209e+00  6.002088e+01
     vertex  5.902843e+01  1.192517e+01  5.882176e+01
     vertex  6.003540e+01  1.199720e+01  5.815908e+01
   endloop
 endfacet
 facet normal -6.138657e-01 -5.257838e-01 -5.888296e-01
   outer loop
     vertex  6.870237e+01  4.356951e+00  5.708272e+01
     vertex  6.750068e+01  8.501680e+00  5.463455e+01
     vertex  6.965740e+01  4.476805e+00  5.598006e+01
   endloop
 endfacet
 facet normal -6.138657e-01 -5.257838e-01 -5.888296e-01
   outer loop
     vertex  6.870237e+01  4.356951e+00  5.708272e+01
     vertex  6.662919e+01  8.392309e+00  5.564076e+01
     vertex  6.750068e+01  8.501680e+00  5.463455e+01
   endloop
 endfacet
 facet normal -7.064780e-01 -5.388097e-01 -4.588823e-01
   outer loop
     vertex  7.538442e+01  1.020464e+00  5.209507e+01
     vertex  7.611757e+01  0.000000e+00  5.216454e+01
     vertex  7.557833e+01  0.000000e+00  5.299474e+01
   endloop
 endfacet
 facet normal -7.179441e-01 -5.423572e-01 -4.363541e-01
   outer loop
     vertex  7.538442e+01  1.020464e+00  5.209507e+01
     vertex  7.294053e+01  4.999610e+00  5.117025e+01
     vertex  7.612162e+01  1.172899e+00  5.069266e+01
   endloop
 endfacet
 facet normal -7.165977e-01 -5.445141e-01 -4.358808e-01
   outer loop
     vertex  7.538442e+01  1.020464e+00  5.209507e+01
     vertex  7.612162e+01  1.172899e+00  5.069266e+01
     vertex  7.611757e+01  0.000000e+00  5.216454e+01
   endloop
 endfacet
 facet normal  6.907479e-01 -5.366290e-01 -4.846614e-01
   outer loop
     vertex  3.671896e+01  3.681213e+01  4.396177e+01
     vertex  3.811442e+01  3.900000e+01  4.352814e+01
     vertex  3.694881e+01  3.677165e+01  4.433417e+01
   endloop
 endfacet
 facet normal  7.096864e-01 -5.402287e-01 -4.522148e-01
   outer loop
     vertex  3.671896e+01  3.681213e+01  4.396177e+01
     vertex  3.788155e+01  3.900000e+01  4.317259e+01
     vertex  3.799577e+01  3.900000e+01  4.335184e+01
   endloop
 endfacet
 facet normal  6.988170e-01 -5.389340e-01 -4.703242e-01
   outer loop
     vertex  3.671896e+01  3.681213e+01  4.396177e+01
     vertex  3.799577e+01  3.900000e+01  4.335184e+01
     vertex  3.811442e+01  3.900000e+01  4.352814e+01
   endloop
 endfacet
 facet normal  6.015847e-01 -5.242778e-01 -6.026845e-01
   outer loop
     vertex  3.600236e+01  3.258192e+01  4.719631e+01
     vertex  3.773781e+01  3.665763e+01  4.538312e+01
     vertex  3.803213e+01  3.662236e+01  4.570758e+01
   endloop
 endfacet
 facet normal  5.760802e-01 -5.213591e-01 -6.295365e-01
   outer loop
     vertex  3.600236e+01  3.258192e+01  4.719631e+01
     vertex  3.803213e+01  3.662236e+01  4.570758e+01
     vertex  3.640133e+01  3.253831e+01  4.759753e+01
   endloop
 endfacet
 facet normal  4.315447e-01 -5.088200e-01 -7.448969e-01
   outer loop
     vertex  3.662815e+01  2.830007e+01  5.090601e+01
     vertex  3.816912e+01  3.238495e+01  4.900848e+01
     vertex  3.721676e+01  2.826003e+01  5.127437e+01
   endloop
 endfacet
 facet normal  2.644159e-01 -5.001592e-01 -8.245757e-01
   outer loop
     vertex  3.875052e+01  2.401407e+01  5.465393e+01
     vertex  3.972202e+01  2.813021e+01  5.246875e+01
     vertex  4.037945e+01  2.810568e+01  5.269445e+01
   endloop
 endfacet
 facet normal  2.644159e-01 -5.001592e-01 -8.245757e-01
   outer loop
     vertex  3.875052e+01  2.401407e+01  5.465393e+01
     vertex  4.037945e+01  2.810568e+01  5.269445e+01
     vertex  3.952896e+01  2.398502e+01  5.492117e+01
   endloop
 endfacet
 facet normal  8.344364e-02 -4.958304e-01 -8.644012e-01
   outer loop
     vertex  4.238989e+01  1.977558e+01  5.796465e+01
     vertex  4.356022e+01  2.389902e+01  5.571237e+01
     vertex  4.333640e+01  1.976499e+01  5.806209e+01
   endloop
 endfacet
 facet normal  8.344364e-02 -4.958304e-01 -8.644012e-01
   outer loop
     vertex  4.238989e+01  1.977558e+01  5.796465e+01
     vertex  4.274105e+01  2.390818e+01  5.562804e+01
     vertex  4.356022e+01  2.389902e+01  5.571237e+01
   endloop
 endfacet
 facet normal  1.202973e-01 -4.963353e-01 -8.597557e-01
   outer loop
     vertex  4.238989e+01  1.977558e+01  5.796465e+01
     vertex  4.192664e+01  2.392140e+01  5.550646e+01
     vertex  4.274105e+01  2.390818e+01  5.562804e+01
   endloop
 endfacet
 facet normal -1.018972e-01 -4.960600e-01 -8.622885e-01
   outer loop
     vertex  4.742498e+01  1.563631e+01  6.036266e+01
     vertex  4.713742e+01  1.976970e+01  5.801876e+01
     vertex  4.808142e+01  1.978263e+01  5.789977e+01
   endloop
 endfacet
 facet normal -1.018972e-01 -4.960600e-01 -8.622885e-01
   outer loop
     vertex  4.742498e+01  1.563631e+01  6.036266e+01
     vertex  4.808142e+01  1.978263e+01  5.789977e+01
     vertex  4.849599e+01  1.565098e+01  6.022765e+01
   endloop
 endfacet
 facet normal -2.819033e-01 -5.008361e-01 -8.183481e-01
   outer loop
     vertex  5.359550e+01  1.164363e+01  6.141192e+01
     vertex  5.268426e+01  1.576211e+01  5.920527e+01
     vertex  5.369637e+01  1.580271e+01  5.883178e+01
   endloop
 endfacet
 facet normal -2.467893e-01 -4.995258e-01 -8.304029e-01
   outer loop
     vertex  5.359550e+01  1.164363e+01  6.141192e+01
     vertex  5.165599e+01  1.572657e+01  5.953225e+01
     vertex  5.268426e+01  1.576211e+01  5.920527e+01
   endloop
 endfacet
 facet normal -2.819033e-01 -5.008361e-01 -8.183481e-01
   outer loop
     vertex  5.359550e+01  1.164363e+01  6.141192e+01
     vertex  5.369637e+01  1.580271e+01  5.883178e+01
     vertex  5.472762e+01  1.168904e+01  6.099413e+01
   endloop
 endfacet
 facet normal -4.471505e-01 -5.099087e-01 -7.348807e-01
   outer loop
     vertex  6.051563e+01  7.836542e+00  6.075382e+01
     vertex  5.902843e+01  1.192517e+01  5.882176e+01
     vertex  6.162934e+01  7.916209e+00  6.002088e+01
   endloop
 endfacet
 facet normal -5.889873e-01 -5.228027e-01 -6.162559e-01
   outer loop
     vertex  6.769750e+01  4.241955e+00  5.814068e+01
     vertex  6.662919e+01  8.392309e+00  5.564076e+01
     vertex  6.870237e+01  4.356951e+00  5.708272e+01
   endloop
 endfacet
 facet normal -5.889873e-01 -5.228027e-01 -6.162559e-01
   outer loop
     vertex  6.769750e+01  4.241955e+00  5.814068e+01
     vertex  6.571221e+01  8.287371e+00  5.660618e+01
     vertex  6.662919e+01  8.392309e+00  5.564076e+01
   endloop
 endfacet
 facet normal -6.818279e-01 -5.373832e-01 -4.963164e-01
   outer loop
     vertex  7.458332e+01  8.718413e-01  5.346239e+01
     vertex  7.501734e+01  0.000000e+00  5.381012e+01
     vertex  7.443500e+01  0.000000e+00  5.461012e+01
   endloop
 endfacet
 facet normal -6.951009e-01 -5.367775e-01 -4.782308e-01
   outer loop
     vertex  7.458332e+01  8.718413e-01  5.346239e+01
     vertex  7.557833e+01  0.000000e+00  5.299474e+01
     vertex  7.501734e+01  0.000000e+00  5.381012e+01
   endloop
 endfacet
 facet normal -6.966212e-01 -5.443691e-01 -4.673126e-01
   outer loop
     vertex  7.458332e+01  8.718413e-01  5.346239e+01
     vertex  7.538442e+01  1.020464e+00  5.209507e+01
     vertex  7.557833e+01  0.000000e+00  5.299474e+01
   endloop
 endfacet
 facet normal -6.999879e-01 -5.388430e-01 -4.686845e-01
   outer loop
     vertex  7.458332e+01  8.718413e-01  5.346239e+01
     vertex  7.220387e+01  4.862942e+00  5.242760e+01
     vertex  7.294053e+01  4.999610e+00  5.117025e+01
   endloop
 endfacet
 facet normal -6.999879e-01 -5.388430e-01 -4.686845e-01
   outer loop
     vertex  7.458332e+01  8.718413e-01  5.346239e+01
     vertex  7.294053e+01  4.999610e+00  5.117025e+01
     vertex  7.538442e+01  1.020464e+00  5.209507e+01
   endloop
 endfacet
 facet normal  7.192986e-01 -5.429381e-01 -4.333911e-01
   outer loop
     vertex  3.650654e+01  3.685370e+01  4.357930e+01
     vertex  3.777183e+01  3.900000e+01  4.299050e+01
     vertex  3.788155e+01  3.900000e+01  4.317259e+01
   endloop
 endfacet
 facet normal  7.093689e-01 -5.402363e-01 -4.527035e-01
   outer loop
     vertex  3.650654e+01  3.685370e+01  4.357930e+01
     vertex  3.788155e+01  3.900000e+01  4.317259e+01
     vertex  3.671896e+01  3.681213e+01  4.396177e+01
   endloop
 endfacet
 facet normal  6.015847e-01 -5.242778e-01 -6.026845e-01
   outer loop
     vertex  3.562230e+01  3.262746e+01  4.677734e+01
     vertex  3.773781e+01  3.665763e+01  4.538312e+01
     vertex  3.600236e+01  3.258192e+01  4.719631e+01
   endloop
 endfacet
 facet normal  4.625212e-01 -5.110358e-01 -7.245113e-01
   outer loop
     vertex  3.605714e+01  2.834298e+01  5.051122e+01
     vertex  3.770322e+01  3.241996e+01  4.868635e+01
     vertex  3.816912e+01  3.238495e+01  4.900848e+01
   endloop
 endfacet
 facet normal  4.625212e-01 -5.110358e-01 -7.245113e-01
   outer loop
     vertex  3.605714e+01  2.834298e+01  5.051122e+01
     vertex  3.816912e+01  3.238495e+01  4.900848e+01
     vertex  3.662815e+01  2.830007e+01  5.090601e+01
   endloop
 endfacet
 facet normal  2.992426e-01 -5.015562e-01 -8.117236e-01
   outer loop
     vertex  3.798523e+01  2.404694e+01  5.435149e+01
     vertex  3.972202e+01  2.813021e+01  5.246875e+01
     vertex  3.875052e+01  2.401407e+01  5.465393e+01
   endloop
 endfacet
 facet normal  2.992426e-01 -5.015562e-01 -8.117236e-01
   outer loop
     vertex  3.798523e+01  2.404694e+01  5.435149e+01
     vertex  3.907569e+01  2.815797e+01  5.221332e+01
     vertex  3.972202e+01  2.813021e+01  5.246875e+01
   endloop
 endfacet
 facet normal  3.334400e-01 -5.031242e-01 -7.972978e-01
   outer loop
     vertex  3.798523e+01  2.404694e+01  5.435149e+01
     vertex  3.844182e+01  2.818891e+01  5.192871e+01
     vertex  3.907569e+01  2.815797e+01  5.221332e+01
   endloop
 endfacet
 facet normal  1.202973e-01 -4.963353e-01 -8.597557e-01
   outer loop
     vertex  4.144888e+01  1.979085e+01  5.782417e+01
     vertex  4.192664e+01  2.392140e+01  5.550646e+01
     vertex  4.238989e+01  1.977558e+01  5.796465e+01
   endloop
 endfacet
 facet normal -2.785848e-02 -4.954165e-01 -8.682087e-01
   outer loop
     vertex  4.634887e+01  1.562695e+01  6.044870e+01
     vertex  4.523791e+01  1.975792e+01  5.812714e+01
     vertex  4.618891e+01  1.976146e+01  5.809461e+01
   endloop
 endfacet
 facet normal -6.494615e-02 -4.956465e-01 -8.660927e-01
   outer loop
     vertex  4.634887e+01  1.562695e+01  6.044870e+01
     vertex  4.618891e+01  1.976146e+01  5.809461e+01
     vertex  4.713742e+01  1.976970e+01  5.801876e+01
   endloop
 endfacet
 facet normal -6.494615e-02 -4.956465e-01 -8.660927e-01
   outer loop
     vertex  4.634887e+01  1.562695e+01  6.044870e+01
     vertex  4.713742e+01  1.976970e+01  5.801876e+01
     vertex  4.742498e+01  1.563631e+01  6.036266e+01
   endloop
 endfacet
 facet normal -2.467893e-01 -4.995258e-01 -8.304029e-01
   outer loop
     vertex  5.244529e+01  1.160388e+01  6.177766e+01
     vertex  5.165599e+01  1.572657e+01  5.953225e+01
     vertex  5.359550e+01  1.164363e+01  6.141192e+01
   endloop
 endfacet
 facet normal -4.157120e-01 -5.077702e-01 -7.545548e-01
   outer loop
     vertex  5.936928e+01  7.762476e+00  6.143522e+01
     vertex  5.902843e+01  1.192517e+01  5.882176e+01
     vertex  6.051563e+01  7.836542e+00  6.075382e+01
   endloop
 endfacet
 facet normal -4.157120e-01 -5.077702e-01 -7.545548e-01
   outer loop
     vertex  5.936928e+01  7.762476e+00  6.143522e+01
     vertex  5.799196e+01  1.185820e+01  5.943786e+01
     vertex  5.902843e+01  1.192517e+01  5.882176e+01
   endloop
 endfacet
 facet normal -5.628702e-01 -5.199479e-01 -6.425195e-01
   outer loop
     vertex  6.664489e+01  4.132058e+00  5.915174e+01
     vertex  6.475167e+01  8.187087e+00  5.752880e+01
     vertex  6.571221e+01  8.287371e+00  5.660618e+01
   endloop
 endfacet
 facet normal -5.628702e-01 -5.199479e-01 -6.425195e-01
   outer loop
     vertex  6.664489e+01  4.132058e+00  5.915174e+01
     vertex  6.571221e+01  8.287371e+00  5.660618e+01
     vertex  6.769750e+01  4.241955e+00  5.814068e+01
   endloop
 endfacet
 facet normal -6.805596e-01 -5.354215e-01 -5.001624e-01
   outer loop
     vertex  7.372000e+01  7.273437e-01  5.479177e+01
     vertex  7.140999e+01  4.730066e+00  5.365006e+01
     vertex  7.220387e+01  4.862942e+00  5.242760e+01
   endloop
 endfacet
 facet normal -6.715331e-01 -5.310968e-01 -5.167007e-01
   outer loop
     vertex  7.372000e+01  7.273437e-01  5.479177e+01
     vertex  7.443500e+01  0.000000e+00  5.461012e+01
     vertex  7.383173e+01  0.000000e+00  5.539417e+01
   endloop
 endfacet
 facet normal -6.771690e-01 -5.411614e-01 -4.985844e-01
   outer loop
     vertex  7.372000e+01  7.273437e-01  5.479177e+01
     vertex  7.458332e+01  8.718413e-01  5.346239e+01
     vertex  7.443500e+01  0.000000e+00  5.461012e+01
   endloop
 endfacet
 facet normal -6.805596e-01 -5.354215e-01 -5.001624e-01
   outer loop
     vertex  7.372000e+01  7.273437e-01  5.479177e+01
     vertex  7.220387e+01  4.862942e+00  5.242760e+01
     vertex  7.458332e+01  8.718413e-01  5.346239e+01
   endloop
 endfacet
 facet normal  7.266896e-01 -5.436211e-01 -4.199979e-01
   outer loop
     vertex  3.631197e+01  3.689628e+01  4.318754e+01
     vertex  3.777183e+01  3.900000e+01  4.299050e+01
     vertex  3.650654e+01  3.685370e+01  4.357930e+01
   endloop
 endfacet
 facet normal  7.378060e-01 -5.469325e-01 -3.956100e-01
   outer loop
     vertex  3.631197e+01  3.689628e+01  4.318754e+01
     vertex  3.756619e+01  3.900000e+01  4.261824e+01
     vertex  3.766669e+01  3.900000e+01  4.280567e+01
   endloop
 endfacet
 facet normal  7.289424e-01 -5.446863e-01 -4.146804e-01
   outer loop
     vertex  3.631197e+01  3.689628e+01  4.318754e+01
     vertex  3.766669e+01  3.900000e+01  4.280567e+01
     vertex  3.777183e+01  3.900000e+01  4.299050e+01
   endloop
 endfacet
 facet normal  6.258240e-01 -5.273198e-01 -5.746983e-01
   outer loop
     vertex  3.526197e+01  3.267484e+01  4.634148e+01
     vertex  3.773781e+01  3.665763e+01  4.538312e+01
     vertex  3.562230e+01  3.262746e+01  4.677734e+01
   endloop
 endfacet
 facet normal  6.487472e-01 -5.304787e-01 -5.456368e-01
   outer loop
     vertex  3.526197e+01  3.267484e+01  4.634148e+01
     vertex  3.719558e+01  3.673235e+01  4.469569e+01
     vertex  3.745877e+01  3.669432e+01  4.504559e+01
   endloop
 endfacet
 facet normal  6.258240e-01 -5.273198e-01 -5.746983e-01
   outer loop
     vertex  3.526197e+01  3.267484e+01  4.634148e+01
     vertex  3.745877e+01  3.669432e+01  4.504559e+01
     vertex  3.773781e+01  3.665763e+01  4.538312e+01
   endloop
 endfacet
 facet normal  4.925250e-01 -5.134028e-01 -7.027352e-01
   outer loop
     vertex  3.550494e+01  2.838868e+01  5.009082e+01
     vertex  3.770322e+01  3.241996e+01  4.868635e+01
     vertex  3.605714e+01  2.834298e+01  5.051122e+01
   endloop
 endfacet
 facet normal  4.925250e-01 -5.134028e-01 -7.027352e-01
   outer loop
     vertex  3.550494e+01  2.838868e+01  5.009082e+01
     vertex  3.725266e+01  3.245725e+01  4.834333e+01
     vertex  3.770322e+01  3.241996e+01  4.868635e+01
   endloop
 endfacet
 facet normal  3.669362e-01 -5.048600e-01 -7.813285e-01
   outer loop
     vertex  3.723468e+01  2.408357e+01  5.401449e+01
     vertex  3.782174e+01  2.822295e+01  5.161551e+01
     vertex  3.844182e+01  2.818891e+01  5.192871e+01
   endloop
 endfacet
 facet normal  3.334400e-01 -5.031242e-01 -7.972978e-01
   outer loop
     vertex  3.723468e+01  2.408357e+01  5.401449e+01
     vertex  3.844182e+01  2.818891e+01  5.192871e+01
     vertex  3.798523e+01  2.404694e+01  5.435149e+01
   endloop
 endfacet
 facet normal  1.568979e-01 -4.970223e-01 -8.534353e-01
   outer loop
     vertex  4.051533e+01  1.981077e+01  5.764094e+01
     vertex  4.111869e+01  2.393864e+01  5.534788e+01
     vertex  4.192664e+01  2.392140e+01  5.550646e+01
   endloop
 endfacet
 facet normal  1.568979e-01 -4.970223e-01 -8.534353e-01
   outer loop
     vertex  4.051533e+01  1.981077e+01  5.764094e+01
     vertex  4.192664e+01  2.392140e+01  5.550646e+01
     vertex  4.144888e+01  1.979085e+01  5.782417e+01
   endloop
 endfacet
 facet normal -2.785848e-02 -4.954165e-01 -8.682087e-01
   outer loop
     vertex  4.526991e+01  1.562294e+01  6.048561e+01
     vertex  4.523791e+01  1.975792e+01  5.812714e+01
     vertex  4.634887e+01  1.562695e+01  6.044870e+01
   endloop
 endfacet
 facet normal -1.750793e-01 -4.974336e-01 -8.496511e-01
   outer loop
     vertex  5.127943e+01  1.156986e+01  6.209060e+01
     vertex  4.955965e+01  1.567094e+01  6.004397e+01
     vertex  5.061373e+01  1.569616e+01  5.981201e+01
   endloop
 endfacet
 facet normal -2.111564e-01 -4.983909e-01 -8.408445e-01
   outer loop
     vertex  5.127943e+01  1.156986e+01  6.209060e+01
     vertex  5.061373e+01  1.569616e+01  5.981201e+01
     vertex  5.165599e+01  1.572657e+01  5.953225e+01
   endloop
 endfacet
 facet normal -2.111564e-01 -4.983909e-01 -8.408445e-01
   outer loop
     vertex  5.127943e+01  1.156986e+01  6.209060e+01
     vertex  5.165599e+01  1.572657e+01  5.953225e+01
     vertex  5.244529e+01  1.160388e+01  6.177766e+01
   endloop
 endfacet
 facet normal -3.833992e-01 -5.057897e-01 -7.727754e-01
   outer loop
     vertex  5.819271e+01  7.694167e+00  6.206367e+01
     vertex  5.692817e+01  1.179644e+01  6.000606e+01
     vertex  5.799196e+01  1.185820e+01  5.943786e+01
   endloop
 endfacet
 facet normal -3.502802e-01 -5.039714e-01 -7.895041e-01
   outer loop
     vertex  5.819271e+01  7.694167e+00  6.206367e+01
     vertex  5.583930e+01  1.174002e+01  6.052518e+01
     vertex  5.692817e+01  1.179644e+01  6.000606e+01
   endloop
 endfacet
 facet normal -3.833992e-01 -5.057897e-01 -7.727754e-01
   outer loop
     vertex  5.819271e+01  7.694167e+00  6.206367e+01
     vertex  5.799196e+01  1.185820e+01  5.943786e+01
     vertex  5.936928e+01  7.762476e+00  6.143522e+01
   endloop
 endfacet
 facet normal -5.352369e-01 -5.179565e-01 -6.672650e-01
   outer loop
     vertex  6.554677e+01  4.027491e+00  6.011375e+01
     vertex  6.664489e+01  4.132058e+00  5.915174e+01
     vertex  6.753562e+01  0.000000e+00  6.164472e+01
   endloop
 endfacet
 facet normal -4.985905e-01 -5.164639e-01 -6.961843e-01
   outer loop
     vertex  6.554677e+01  4.027491e+00  6.011375e+01
     vertex  6.674888e+01  0.000000e+00  6.224062e+01
     vertex  6.594668e+01  0.000000e+00  6.281514e+01
   endloop
 endfacet
 facet normal -5.174730e-01 -5.152386e-01 -6.831917e-01
   outer loop
     vertex  6.554677e+01  4.027491e+00  6.011375e+01
     vertex  6.753562e+01  0.000000e+00  6.164472e+01
     vertex  6.674888e+01  0.000000e+00  6.224062e+01
   endloop
 endfacet
 facet normal -5.355694e-01 -5.172256e-01 -6.675651e-01
   outer loop
     vertex  6.554677e+01  4.027491e+00  6.011375e+01
     vertex  6.475167e+01  8.187087e+00  5.752880e+01
     vertex  6.664489e+01  4.132058e+00  5.915174e+01
   endloop
 endfacet
 facet normal -5.355694e-01 -5.172256e-01 -6.675651e-01
   outer loop
     vertex  6.554677e+01  4.027491e+00  6.011375e+01
     vertex  6.374960e+01  8.091666e+00  5.840667e+01
     vertex  6.475167e+01  8.187087e+00  5.752880e+01
   endloop
 endfacet
 facet normal -6.597001e-01 -5.320999e-01 -5.307217e-01
   outer loop
     vertex  7.279629e+01  5.872751e-01  5.608040e+01
     vertex  7.056057e+01  4.601264e+00  5.483504e+01
     vertex  7.140999e+01  4.730066e+00  5.365006e+01
   endloop
 endfacet
 facet normal -6.444256e-01 -5.282635e-01 -5.528592e-01
   outer loop
     vertex  7.279629e+01  5.872751e-01  5.608040e+01
     vertex  7.320795e+01  0.000000e+00  5.616171e+01
     vertex  7.256411e+01  0.000000e+00  5.691219e+01
   endloop
 endfacet
 facet normal -6.562146e-01 -5.338205e-01 -5.333086e-01
   outer loop
     vertex  7.279629e+01  5.872751e-01  5.608040e+01
     vertex  7.383173e+01  0.000000e+00  5.539417e+01
     vertex  7.320795e+01  0.000000e+00  5.616171e+01
   endloop
 endfacet
 facet normal -6.597001e-01 -5.320999e-01 -5.307217e-01
   outer loop
     vertex  7.279629e+01  5.872751e-01  5.608040e+01
     vertex  7.140999e+01  4.730066e+00  5.365006e+01
     vertex  7.372000e+01  7.273437e-01  5.479177e+01
   endloop
 endfacet
 facet normal -6.374532e-01 -5.288850e-01 -5.602982e-01
   outer loop
     vertex  7.279629e+01  5.872751e-01  5.608040e+01
     vertex  6.965740e+01  4.476805e+00  5.598006e+01
     vertex  7.056057e+01  4.601264e+00  5.483504e+01
   endloop
 endfacet
 facet normal -6.559421e-01 -5.386753e-01 -5.287427e-01
   outer loop
     vertex  7.279629e+01  5.872751e-01  5.608040e+01
     vertex  7.372000e+01  7.273437e-01  5.479177e+01
     vertex  7.383173e+01  0.000000e+00  5.539417e+01
   endloop
 endfacet
 facet normal  7.424068e-01 -5.472129e-01 -3.865103e-01
   outer loop
     vertex  3.613568e+01  3.693978e+01  4.278733e+01
     vertex  3.756619e+01  3.900000e+01  4.261824e+01
     vertex  3.631197e+01  3.689628e+01  4.318754e+01
   endloop
 endfacet
 facet normal  7.543126e-01 -5.509093e-01 -3.570875e-01
   outer loop
     vertex  3.613568e+01  3.693978e+01  4.278733e+01
     vertex  3.737937e+01  3.900000e+01  4.223602e+01
     vertex  3.747040e+01  3.900000e+01  4.242832e+01
   endloop
 endfacet
 facet normal  7.462398e-01 -5.490445e-01 -3.763990e-01
   outer loop
     vertex  3.613568e+01  3.693978e+01  4.278733e+01
     vertex  3.747040e+01  3.900000e+01  4.242832e+01
     vertex  3.756619e+01  3.900000e+01  4.261824e+01
   endloop
 endfacet
 facet normal  6.487472e-01 -5.304787e-01 -5.456368e-01
   outer loop
     vertex  3.492212e+01  3.272395e+01  4.588965e+01
     vertex  3.719558e+01  3.673235e+01  4.469569e+01
     vertex  3.526197e+01  3.267484e+01  4.634148e+01
   endloop
 endfacet
 facet normal  6.703061e-01 -5.337478e-01 -5.155610e-01
   outer loop
     vertex  3.492212e+01  3.272395e+01  4.588965e+01
     vertex  3.694881e+01  3.677165e+01  4.433417e+01
     vertex  3.719558e+01  3.673235e+01  4.469569e+01
   endloop
 endfacet
 facet normal  5.214929e-01 -5.159159e-01 -6.796145e-01
   outer loop
     vertex  3.497271e+01  2.843706e+01  4.964569e+01
     vertex  3.681839e+01  3.249672e+01  4.798014e+01
     vertex  3.725266e+01  3.245725e+01  4.834333e+01
   endloop
 endfacet
 facet normal  5.214929e-01 -5.159159e-01 -6.796145e-01
   outer loop
     vertex  3.497271e+01  2.843706e+01  4.964569e+01
     vertex  3.725266e+01  3.245725e+01  4.834333e+01
     vertex  3.550494e+01  2.838868e+01  5.009082e+01
   endloop
 endfacet
 facet normal  3.669362e-01 -5.048600e-01 -7.813285e-01
   outer loop
     vertex  3.650047e+01  2.412388e+01  5.364363e+01
     vertex  3.782174e+01  2.822295e+01  5.161551e+01
     vertex  3.723468e+01  2.408357e+01  5.401449e+01
   endloop
 endfacet
 facet normal  1.931686e-01 -4.978899e-01 -8.454535e-01
   outer loop
     vertex  3.959121e+01  1.983529e+01  5.741536e+01
     vertex  4.031890e+01  2.395986e+01  5.515265e+01
     vertex  4.111869e+01  2.393864e+01  5.534788e+01
   endloop
 endfacet
 facet normal  1.931686e-01 -4.978899e-01 -8.454535e-01
   outer loop
     vertex  3.959121e+01  1.983529e+01  5.741536e+01
     vertex  4.111869e+01  2.393864e+01  5.534788e+01
     vertex  4.051533e+01  1.981077e+01  5.764094e+01
   endloop
 endfacet
 facet normal  2.290331e-01 -4.989363e-01 -8.358268e-01
   outer loop
     vertex  3.959121e+01  1.983529e+01  5.741536e+01
     vertex  3.952896e+01  2.398502e+01  5.492117e+01
     vertex  4.031890e+01  2.395986e+01  5.515265e+01
   endloop
 endfacet
 facet normal  9.287786e-03 -4.953705e-01 -8.686322e-01
   outer loop
     vertex  4.419040e+01  1.562428e+01  6.047331e+01
     vertex  4.428640e+01  1.975910e+01  5.811630e+01
     vertex  4.523791e+01  1.975792e+01  5.812714e+01
   endloop
 endfacet
 facet normal  9.287786e-03 -4.953705e-01 -8.686322e-01
   outer loop
     vertex  4.419040e+01  1.562428e+01  6.047331e+01
     vertex  4.523791e+01  1.975792e+01  5.812714e+01
     vertex  4.526991e+01  1.562294e+01  6.048561e+01
   endloop
 endfacet
 facet normal -1.750793e-01 -4.974336e-01 -8.496511e-01
   outer loop
     vertex  5.010036e+01  1.154166e+01  6.235007e+01
     vertex  4.955965e+01  1.567094e+01  6.004397e+01
     vertex  5.127943e+01  1.156986e+01  6.209060e+01
   endloop
 endfacet
 facet normal -3.502802e-01 -5.039714e-01 -7.895041e-01
   outer loop
     vertex  5.698840e+01  7.631759e+00  6.263782e+01
     vertex  5.583930e+01  1.174002e+01  6.052518e+01
     vertex  5.819271e+01  7.694167e+00  6.206367e+01
   endloop
 endfacet
 facet normal -4.810194e-01 -5.128031e-01 -7.110931e-01
   outer loop
     vertex  6.440543e+01  3.928474e+00  6.102470e+01
     vertex  6.594668e+01  0.000000e+00  6.281514e+01
     vertex  6.512957e+01  0.000000e+00  6.336787e+01
   endloop
 endfacet
 facet normal -5.073286e-01 -5.142072e-01 -6.915263e-01
   outer loop
     vertex  6.440543e+01  3.928474e+00  6.102470e+01
     vertex  6.554677e+01  4.027491e+00  6.011375e+01
     vertex  6.594668e+01  0.000000e+00  6.281514e+01
   endloop
 endfacet
 facet normal -5.071423e-01 -5.146414e-01 -6.913400e-01
   outer loop
     vertex  6.440543e+01  3.928474e+00  6.102470e+01
     vertex  6.270809e+01  8.001310e+00  5.923795e+01
     vertex  6.374960e+01  8.091666e+00  5.840667e+01
   endloop
 endfacet
 facet normal -5.071423e-01 -5.146414e-01 -6.913400e-01
   outer loop
     vertex  6.440543e+01  3.928474e+00  6.102470e+01
     vertex  6.374960e+01  8.091666e+00  5.840667e+01
     vertex  6.554677e+01  4.027491e+00  6.011375e+01
   endloop
 endfacet
 facet normal -6.127983e-01 -5.310571e-01 -5.851979e-01
   outer loop
     vertex  7.181412e+01  4.519300e-01  5.732558e+01
     vertex  7.190066e+01  0.000000e+00  5.764507e+01
     vertex  7.121808e+01  0.000000e+00  5.835985e+01
   endloop
 endfacet
 facet normal -6.318255e-01 -5.390606e-01 -5.569652e-01
   outer loop
     vertex  7.181412e+01  4.519300e-01  5.732558e+01
     vertex  7.279629e+01  5.872751e-01  5.608040e+01
     vertex  7.256411e+01  0.000000e+00  5.691219e+01
   endloop
 endfacet
 facet normal -6.310910e-01 -5.247324e-01 -5.712968e-01
   outer loop
     vertex  7.181412e+01  4.519300e-01  5.732558e+01
     vertex  7.256411e+01  0.000000e+00  5.691219e+01
     vertex  7.190066e+01  0.000000e+00  5.764507e+01
   endloop
 endfacet
 facet normal -6.374532e-01 -5.288850e-01 -5.602982e-01
   outer loop
     vertex  7.181412e+01  4.519300e-01  5.732558e+01
     vertex  6.965740e+01  4.476805e+00  5.598006e+01
     vertex  7.279629e+01  5.872751e-01  5.608040e+01
   endloop
 endfacet
 facet normal  7.565092e-01 -5.509617e-01 -3.523280e-01
   outer loop
     vertex  3.597803e+01  3.698411e+01  4.237950e+01
     vertex  3.737937e+01  3.900000e+01  4.223602e+01
     vertex  3.613568e+01  3.693978e+01  4.278733e+01
   endloop
 endfacet
 facet normal  7.687979e-01 -5.548606e-01 -3.179300e-01
   outer loop
     vertex  3.597803e+01  3.698411e+01  4.237950e+01
     vertex  3.721183e+01  3.900000e+01  4.184481e+01
     vertex  3.729316e+01  3.900000e+01  4.204148e+01
   endloop
 endfacet
 facet normal  7.615109e-01 -5.533797e-01 -3.374494e-01
   outer loop
     vertex  3.597803e+01  3.698411e+01  4.237950e+01
     vertex  3.729316e+01  3.900000e+01  4.204148e+01
     vertex  3.737937e+01  3.900000e+01  4.223602e+01
   endloop
 endfacet
 facet normal  6.703061e-01 -5.337478e-01 -5.155610e-01
   outer loop
     vertex  3.460346e+01  3.277469e+01  4.542281e+01
     vertex  3.694881e+01  3.677165e+01  4.433417e+01
     vertex  3.492212e+01  3.272395e+01  4.588965e+01
   endloop
 endfacet
 facet normal  5.493642e-01 -5.185699e-01 -6.551979e-01
   outer loop
     vertex  3.446157e+01  2.848803e+01  4.917677e+01
     vertex  3.681839e+01  3.249672e+01  4.798014e+01
     vertex  3.497271e+01  2.843706e+01  4.964569e+01
   endloop
 endfacet
 facet normal  5.493642e-01 -5.185699e-01 -6.551979e-01
   outer loop
     vertex  3.446157e+01  2.848803e+01  4.917677e+01
     vertex  3.640133e+01  3.253831e+01  4.759753e+01
     vertex  3.681839e+01  3.249672e+01  4.798014e+01
   endloop
 endfacet
 facet normal  5.760802e-01 -5.213591e-01 -6.295365e-01
   outer loop
     vertex  3.446157e+01  2.848803e+01  4.917677e+01
     vertex  3.600236e+01  3.258192e+01  4.719631e+01
     vertex  3.640133e+01  3.253831e+01  4.759753e+01
   endloop
 endfacet
 facet normal  3.996607e-01 -5.067599e-01 -7.638493e-01
   outer loop
     vertex  3.578413e+01  2.416779e+01  5.323970e+01
     vertex  3.721676e+01  2.826003e+01  5.127437e+01
     vertex  3.782174e+01  2.822295e+01  5.161551e+01
   endloop
 endfacet
 facet normal  3.996607e-01 -5.067599e-01 -7.638493e-01
   outer loop
     vertex  3.578413e+01  2.416779e+01  5.323970e+01
     vertex  3.782174e+01  2.822295e+01  5.161551e+01
     vertex  3.650047e+01  2.412388e+01  5.364363e+01
   endloop
 endfacet
 facet normal  2.290331e-01 -4.989363e-01 -8.358268e-01
   outer loop
     vertex  3.867847e+01  1.986436e+01  5.714790e+01
     vertex  3.952896e+01  2.398502e+01  5.492117e+01
     vertex  3.959121e+01  1.983529e+01  5.741536e+01
   endloop
 endfacet
 facet normal  4.641452e-02 -4.955085e-01 -8.673621e-01
   outer loop
     vertex  4.311258e+01  1.563096e+01  6.041181e+01
     vertex  4.428640e+01  1.975910e+01  5.811630e+01
     vertex  4.419040e+01  1.562428e+01  6.047331e+01
   endloop
 endfacet
 facet normal  4.641452e-02 -4.955085e-01 -8.673621e-01
   outer loop
     vertex  4.311258e+01  1.563096e+01  6.041181e+01
     vertex  4.333640e+01  1.976499e+01  5.806209e+01
     vertex  4.428640e+01  1.975910e+01  5.811630e+01
   endloop
 endfacet
 facet normal -1.018972e-01 -4.960600e-01 -8.622885e-01
   outer loop
     vertex  4.891056e+01  1.151933e+01  6.255553e+01
     vertex  4.742498e+01  1.563631e+01  6.036266e+01
     vertex  4.849599e+01  1.565098e+01  6.022765e+01
   endloop
 endfacet
 facet normal -1.386340e-01 -4.966561e-01 -8.568041e-01
   outer loop
     vertex  4.891056e+01  1.151933e+01  6.255553e+01
     vertex  4.849599e+01  1.565098e+01  6.022765e+01
     vertex  4.955965e+01  1.567094e+01  6.004397e+01
   endloop
 endfacet
 facet normal -1.386340e-01 -4.966561e-01 -8.568041e-01
   outer loop
     vertex  4.891056e+01  1.151933e+01  6.255553e+01
     vertex  4.955965e+01  1.567094e+01  6.004397e+01
     vertex  5.010036e+01  1.154166e+01  6.235007e+01
   endloop
 endfacet
 facet normal -3.164245e-01 -5.023190e-01 -8.047056e-01
   outer loop
     vertex  5.575888e+01  7.575382e+00  6.315648e+01
     vertex  5.583930e+01  1.174002e+01  6.052518e+01
     vertex  5.698840e+01  7.631759e+00  6.263782e+01
   endloop
 endfacet
 facet normal -2.819033e-01 -5.008361e-01 -8.183481e-01
   outer loop
     vertex  5.575888e+01  7.575382e+00  6.315648e+01
     vertex  5.359550e+01  1.164363e+01  6.141192e+01
     vertex  5.472762e+01  1.168904e+01  6.099413e+01
   endloop
 endfacet
 facet normal -3.164245e-01 -5.023190e-01 -8.047056e-01
   outer loop
     vertex  5.575888e+01  7.575382e+00  6.315648e+01
     vertex  5.472762e+01  1.168904e+01  6.099413e+01
     vertex  5.583930e+01  1.174002e+01  6.052518e+01
   endloop
 endfacet
 facet normal -4.776486e-01 -5.122007e-01 -7.137943e-01
   outer loop
     vertex  6.322329e+01  3.835216e+00  6.188268e+01
     vertex  6.270809e+01  8.001310e+00  5.923795e+01
     vertex  6.440543e+01  3.928474e+00  6.102470e+01
   endloop
 endfacet
 facet normal -4.427527e-01 -5.112417e-01 -7.366152e-01
   outer loop
     vertex  6.322329e+01  3.835216e+00  6.188268e+01
     vertex  6.429815e+01  0.000000e+00  6.389841e+01
     vertex  6.345301e+01  0.000000e+00  6.440640e+01
   endloop
 endfacet
 facet normal -4.771690e-01 -5.133873e-01 -7.132624e-01
   outer loop
     vertex  6.322329e+01  3.835216e+00  6.188268e+01
     vertex  6.440543e+01  3.928474e+00  6.102470e+01
     vertex  6.512957e+01  0.000000e+00  6.336787e+01
   endloop
 endfacet
 facet normal -4.625261e-01 -5.105866e-01 -7.248248e-01
   outer loop
     vertex  6.322329e+01  3.835216e+00  6.188268e+01
     vertex  6.512957e+01  0.000000e+00  6.336787e+01
     vertex  6.429815e+01  0.000000e+00  6.389841e+01
   endloop
 endfacet
 facet normal -4.776486e-01 -5.122007e-01 -7.137943e-01
   outer loop
     vertex  6.322329e+01  3.835216e+00  6.188268e+01
     vertex  6.162934e+01  7.916209e+00  6.002088e+01
     vertex  6.270809e+01  8.001310e+00  5.923795e+01
   endloop
 endfacet
 facet normal -6.138657e-01 -5.257838e-01 -5.888296e-01
   outer loop
     vertex  7.077556e+01  3.215931e-01  5.852468e+01
     vertex  6.965740e+01  4.476805e+00  5.598006e+01
     vertex  7.181412e+01  4.519300e-01  5.732558e+01
   endloop
 endfacet
 facet normal -6.026063e-01 -5.180900e-01 -6.069995e-01
   outer loop
     vertex  7.077556e+01  3.215931e-01  5.852468e+01
     vertex  7.121808e+01  0.000000e+00  5.835985e+01
     vertex  7.051685e+01  0.000000e+00  5.905600e+01
   endloop
 endfacet
 facet normal -6.138657e-01 -5.257838e-01 -5.888296e-01
   outer loop
     vertex  7.077556e+01  3.215931e-01  5.852468e+01
     vertex  6.870237e+01  4.356951e+00  5.708272e+01
     vertex  6.965740e+01  4.476805e+00  5.598006e+01
   endloop
 endfacet
 facet normal -6.080008e-01 -5.368146e-01 -5.849489e-01
   outer loop
     vertex  7.077556e+01  3.215931e-01  5.852468e+01
     vertex  7.181412e+01  4.519300e-01  5.732558e+01
     vertex  7.121808e+01  0.000000e+00  5.835985e+01
   endloop
 endfacet
 facet normal  7.689655e-01 -5.548572e-01 -3.175305e-01
   outer loop
     vertex  3.583935e+01  3.702918e+01  4.196492e+01
     vertex  3.721183e+01  3.900000e+01  4.184481e+01
     vertex  3.597803e+01  3.698411e+01  4.237950e+01
   endloop
 endfacet
 facet normal  7.747392e-01 -5.576840e-01 -2.979390e-01
   outer loop
     vertex  3.583935e+01  3.702918e+01  4.196492e+01
     vertex  3.713542e+01  3.900000e+01  4.164614e+01
     vertex  3.721183e+01  3.900000e+01  4.184481e+01
   endloop
 endfacet
 facet normal  6.904553e-01 -5.371203e-01 -4.845342e-01
   outer loop
     vertex  3.430666e+01  3.282696e+01  4.494194e+01
     vertex  3.671896e+01  3.681213e+01  4.396177e+01
     vertex  3.694881e+01  3.677165e+01  4.433417e+01
   endloop
 endfacet
 facet normal  6.904553e-01 -5.371203e-01 -4.845342e-01
   outer loop
     vertex  3.430666e+01  3.282696e+01  4.494194e+01
     vertex  3.694881e+01  3.677165e+01  4.433417e+01
     vertex  3.460346e+01  3.277469e+01  4.542281e+01
   endloop
 endfacet
 facet normal  7.091524e-01 -5.405890e-01 -4.526216e-01
   outer loop
     vertex  3.430666e+01  3.282696e+01  4.494194e+01
     vertex  3.650654e+01  3.685370e+01  4.357930e+01
     vertex  3.671896e+01  3.681213e+01  4.396177e+01
   endloop
 endfacet
 facet normal  5.760802e-01 -5.213591e-01 -6.295365e-01
   outer loop
     vertex  3.397259e+01  2.854148e+01  4.868504e+01
     vertex  3.600236e+01  3.258192e+01  4.719631e+01
     vertex  3.446157e+01  2.848803e+01  4.917677e+01
   endloop
 endfacet
 facet normal  4.315447e-01 -5.088200e-01 -7.448969e-01
   outer loop
     vertex  3.508718e+01  2.421519e+01  5.280355e+01
     vertex  3.662815e+01  2.830007e+01  5.090601e+01
     vertex  3.721676e+01  2.826003e+01  5.127437e+01
   endloop
 endfacet
 facet normal  4.315447e-01 -5.088200e-01 -7.448969e-01
   outer loop
     vertex  3.508718e+01  2.421519e+01  5.280355e+01
     vertex  3.721676e+01  2.826003e+01  5.127437e+01
     vertex  3.578413e+01  2.416779e+01  5.323970e+01
   endloop
 endfacet
 facet normal  2.644159e-01 -5.001592e-01 -8.245757e-01
   outer loop
     vertex  3.777902e+01  1.989792e+01  5.683911e+01
     vertex  3.952896e+01  2.398502e+01  5.492117e+01
     vertex  3.867847e+01  1.986436e+01  5.714790e+01
   endloop
 endfacet
 facet normal  2.644159e-01 -5.001592e-01 -8.245757e-01
   outer loop
     vertex  3.777902e+01  1.989792e+01  5.683911e+01
     vertex  3.875052e+01  2.401407e+01  5.465393e+01
     vertex  3.952896e+01  2.398502e+01  5.492117e+01
   endloop
 endfacet
 facet normal  8.344364e-02 -4.958304e-01 -8.644012e-01
   outer loop
     vertex  4.203874e+01  1.564298e+01  6.030126e+01
     vertex  4.238989e+01  1.977558e+01  5.796465e+01
     vertex  4.333640e+01  1.976499e+01  5.806209e+01
   endloop
 endfacet
 facet normal  8.344364e-02 -4.958304e-01 -8.644012e-01
   outer loop
     vertex  4.203874e+01  1.564298e+01  6.030126e+01
     vertex  4.333640e+01  1.976499e+01  5.806209e+01
     vertex  4.311258e+01  1.563096e+01  6.041181e+01
   endloop
 endfacet
 facet normal -1.018972e-01 -4.960600e-01 -8.622885e-01
   outer loop
     vertex  4.771254e+01  1.150291e+01  6.270655e+01
     vertex  4.742498e+01  1.563631e+01  6.036266e+01
     vertex  4.891056e+01  1.151933e+01  6.255553e+01
   endloop
 endfacet
 facet normal -2.819033e-01 -5.008361e-01 -8.183481e-01
   outer loop
     vertex  5.450673e+01  7.525157e+00  6.361856e+01
     vertex  5.359550e+01  1.164363e+01  6.141192e+01
     vertex  5.575888e+01  7.575382e+00  6.315648e+01
   endloop
 endfacet
 facet normal -4.471505e-01 -5.099087e-01 -7.348807e-01
   outer loop
     vertex  6.200282e+01  3.747913e+00  6.268587e+01
     vertex  6.051563e+01  7.836542e+00  6.075382e+01
     vertex  6.162934e+01  7.916209e+00  6.002088e+01
   endloop
 endfacet
 facet normal -4.237583e-01 -5.081697e-01 -7.497949e-01
   outer loop
     vertex  6.200282e+01  3.747913e+00  6.268587e+01
     vertex  6.345301e+01  0.000000e+00  6.440640e+01
     vertex  6.259474e+01  0.000000e+00  6.489147e+01
   endloop
 endfacet
 facet normal -4.470212e-01 -5.102513e-01 -7.347215e-01
   outer loop
     vertex  6.200282e+01  3.747913e+00  6.268587e+01
     vertex  6.322329e+01  3.835216e+00  6.188268e+01
     vertex  6.345301e+01  0.000000e+00  6.440640e+01
   endloop
 endfacet
 facet normal -4.471505e-01 -5.099087e-01 -7.348807e-01
   outer loop
     vertex  6.200282e+01  3.747913e+00  6.268587e+01
     vertex  6.162934e+01  7.916209e+00  6.002088e+01
     vertex  6.322329e+01  3.835216e+00  6.188268e+01
   endloop
 endfacet
 facet normal -5.889873e-01 -5.228027e-01 -6.162559e-01
   outer loop
     vertex  6.968279e+01  1.965383e-01  5.967518e+01
     vertex  6.769750e+01  4.241955e+00  5.814068e+01
     vertex  6.870237e+01  4.356951e+00  5.708272e+01
   endloop
 endfacet
 facet normal -5.889873e-01 -5.228027e-01 -6.162559e-01
   outer loop
     vertex  6.968279e+01  1.965383e-01  5.967518e+01
     vertex  6.870237e+01  4.356951e+00  5.708272e+01
     vertex  7.077556e+01  3.215931e-01  5.852468e+01
   endloop
 endfacet
 facet normal -5.687652e-01 -5.195797e-01 -6.376073e-01
   outer loop
     vertex  6.968279e+01  1.965383e-01  5.967518e+01
     vertex  6.979747e+01  0.000000e+00  5.973304e+01
     vertex  6.906045e+01  0.000000e+00  6.039048e+01
   endloop
 endfacet
 facet normal -5.839733e-01 -5.234148e-01 -6.204935e-01
   outer loop
     vertex  6.968279e+01  1.965383e-01  5.967518e+01
     vertex  7.051685e+01  0.000000e+00  5.905600e+01
     vertex  6.979747e+01  0.000000e+00  5.973304e+01
   endloop
 endfacet
 facet normal -5.798787e-01 -5.405626e-01 -6.095349e-01
   outer loop
     vertex  6.968279e+01  1.965383e-01  5.967518e+01
     vertex  7.077556e+01  3.215931e-01  5.852468e+01
     vertex  7.051685e+01  0.000000e+00  5.905600e+01
   endloop
 endfacet
 facet normal  8.099498e-01 -5.783866e-01 -9.721224e-02
   outer loop
     vertex  3.821012e+01  4.114984e+01  3.973815e+01
     vertex  3.808521e+01  4.093091e+01  4.000000e+01
     vertex  3.742708e+01  4.000930e+01  4.000000e+01
   endloop
 endfacet
 facet normal  8.097342e-01 -5.786360e-01 -9.752362e-02
   outer loop
     vertex  3.821012e+01  4.114984e+01  3.973815e+01
     vertex  3.868654e+01  4.177240e+01  4.000000e+01
     vertex  3.808521e+01  4.093091e+01  4.000000e+01
   endloop
 endfacet
 facet normal  8.095978e-01 -5.790223e-01 -9.635696e-02
   outer loop
     vertex  3.821012e+01  4.114984e+01  3.973815e+01
     vertex  3.923601e+01  4.254068e+01  4.000000e+01
     vertex  3.868654e+01  4.177240e+01  4.000000e+01
   endloop
 endfacet
 facet normal  7.799620e-01 -5.585769e-01 -2.822253e-01
   outer loop
     vertex  3.571993e+01  3.707488e+01  4.154445e+01
     vertex  3.713542e+01  3.900000e+01  4.164614e+01
     vertex  3.583935e+01  3.702918e+01  4.196492e+01
   endloop
 endfacet
 facet normal  7.859145e-01 -5.619500e-01 -2.579741e-01
   outer loop
     vertex  3.571993e+01  3.707488e+01  4.154445e+01
     vertex  3.699759e+01  3.900000e+01  4.124329e+01
     vertex  3.706400e+01  3.900000e+01  4.144559e+01
   endloop
 endfacet
 facet normal  7.808309e-01 -5.594340e-01 -2.780947e-01
   outer loop
     vertex  3.571993e+01  3.707488e+01  4.154445e+01
     vertex  3.706400e+01  3.900000e+01  4.144559e+01
     vertex  3.713542e+01  3.900000e+01  4.164614e+01
   endloop
 endfacet
 facet normal  7.091524e-01 -5.405890e-01 -4.526216e-01
   outer loop
     vertex  3.403235e+01  3.288065e+01  4.444805e+01
     vertex  3.650654e+01  3.685370e+01  4.357930e+01
     vertex  3.430666e+01  3.282696e+01  4.494194e+01
   endloop
 endfacet
 facet normal  6.015847e-01 -5.242778e-01 -6.026845e-01
   outer loop
     vertex  3.350680e+01  2.859730e+01  4.817155e+01
     vertex  3.600236e+01  3.258192e+01  4.719631e+01
     vertex  3.397259e+01  2.854148e+01  4.868504e+01
   endloop
 endfacet
 facet normal  6.015847e-01 -5.242778e-01 -6.026845e-01
   outer loop
     vertex  3.350680e+01  2.859730e+01  4.817155e+01
     vertex  3.562230e+01  3.262746e+01  4.677734e+01
     vertex  3.600236e+01  3.258192e+01  4.719631e+01
   endloop
 endfacet
 facet normal  4.625212e-01 -5.110358e-01 -7.245113e-01
   outer loop
     vertex  3.441107e+01  2.426600e+01  5.233609e+01
     vertex  3.605714e+01  2.834298e+01  5.051122e+01
     vertex  3.662815e+01  2.830007e+01  5.090601e+01
   endloop
 endfacet
 facet normal  4.625212e-01 -5.110358e-01 -7.245113e-01
   outer loop
     vertex  3.441107e+01  2.426600e+01  5.233609e+01
     vertex  3.662815e+01  2.830007e+01  5.090601e+01
     vertex  3.508718e+01  2.421519e+01  5.280355e+01
   endloop
 endfacet
 facet normal  3.334400e-01 -5.031242e-01 -7.972978e-01
   outer loop
     vertex  3.689476e+01  1.993591e+01  5.648966e+01
     vertex  3.723468e+01  2.408357e+01  5.401449e+01
     vertex  3.798523e+01  2.404694e+01  5.435149e+01
   endloop
 endfacet
 facet normal  2.992426e-01 -5.015562e-01 -8.117236e-01
   outer loop
     vertex  3.689476e+01  1.993591e+01  5.648966e+01
     vertex  3.798523e+01  2.404694e+01  5.435149e+01
     vertex  3.875052e+01  2.401407e+01  5.465393e+01
   endloop
 endfacet
 facet normal  2.992426e-01 -5.015562e-01 -8.117236e-01
   outer loop
     vertex  3.689476e+01  1.993591e+01  5.648966e+01
     vertex  3.875052e+01  2.401407e+01  5.465393e+01
     vertex  3.777902e+01  1.989792e+01  5.683911e+01
   endloop
 endfacet
 facet normal  1.202973e-01 -4.963353e-01 -8.597557e-01
   outer loop
     vertex  4.097112e+01  1.566030e+01  6.014187e+01
     vertex  4.238989e+01  1.977558e+01  5.796465e+01
     vertex  4.203874e+01  1.564298e+01  6.030126e+01
   endloop
 endfacet
 facet normal  1.202973e-01 -4.963353e-01 -8.597557e-01
   outer loop
     vertex  4.097112e+01  1.566030e+01  6.014187e+01
     vertex  4.144888e+01  1.979085e+01  5.782417e+01
     vertex  4.238989e+01  1.977558e+01  5.796465e+01
   endloop
 endfacet
 facet normal -6.494615e-02 -4.956465e-01 -8.660927e-01
   outer loop
     vertex  4.650882e+01  1.149245e+01  6.280280e+01
     vertex  4.742498e+01  1.563631e+01  6.036266e+01
     vertex  4.771254e+01  1.150291e+01  6.270655e+01
   endloop
 endfacet
 facet normal -2.785848e-02 -4.954165e-01 -8.682087e-01
   outer loop
     vertex  4.650882e+01  1.149245e+01  6.280280e+01
     vertex  4.526991e+01  1.562294e+01  6.048561e+01
     vertex  4.634887e+01  1.562695e+01  6.044870e+01
   endloop
 endfacet
 facet normal -6.494615e-02 -4.956465e-01 -8.660927e-01
   outer loop
     vertex  4.650882e+01  1.149245e+01  6.280280e+01
     vertex  4.634887e+01  1.562695e+01  6.044870e+01
     vertex  4.742498e+01  1.563631e+01  6.036266e+01
   endloop
 endfacet
 facet normal -2.467893e-01 -4.995258e-01 -8.304029e-01
   outer loop
     vertex  5.323458e+01  7.481187e+00  6.402308e+01
     vertex  5.359550e+01  1.164363e+01  6.141192e+01
     vertex  5.450673e+01  7.525157e+00  6.361856e+01
   endloop
 endfacet
 facet normal -2.467893e-01 -4.995258e-01 -8.304029e-01
   outer loop
     vertex  5.323458e+01  7.481187e+00  6.402308e+01
     vertex  5.244529e+01  1.160388e+01  6.177766e+01
     vertex  5.359550e+01  1.164363e+01  6.141192e+01
   endloop
 endfacet
 facet normal -3.833625e-01 -5.066760e-01 -7.722128e-01
   outer loop
     vertex  6.074659e+01  3.666747e+00  6.343259e+01
     vertex  6.172395e+01  0.000000e+00  6.535326e+01
     vertex  6.084127e+01  0.000000e+00  6.579147e+01
   endloop
 endfacet
 facet normal -4.039357e-01 -5.066407e-01 -7.616766e-01
   outer loop
     vertex  6.074659e+01  3.666747e+00  6.343259e+01
     vertex  6.259474e+01  0.000000e+00  6.489147e+01
     vertex  6.172395e+01  0.000000e+00  6.535326e+01
   endloop
 endfacet
 facet normal -3.833992e-01 -5.057897e-01 -7.727754e-01
   outer loop
     vertex  6.074659e+01  3.666747e+00  6.343259e+01
     vertex  5.819271e+01  7.694167e+00  6.206367e+01
     vertex  5.936928e+01  7.762476e+00  6.143522e+01
   endloop
 endfacet
 facet normal -4.157120e-01 -5.077702e-01 -7.545548e-01
   outer loop
     vertex  6.074659e+01  3.666747e+00  6.343259e+01
     vertex  6.051563e+01  7.836542e+00  6.075382e+01
     vertex  6.200282e+01  3.747913e+00  6.268587e+01
   endloop
 endfacet
 facet normal -4.152065e-01 -5.092120e-01 -7.538612e-01
   outer loop
     vertex  6.074659e+01  3.666747e+00  6.343259e+01
     vertex  6.200282e+01  3.747913e+00  6.268587e+01
     vertex  6.259474e+01  0.000000e+00  6.489147e+01
   endloop
 endfacet
 facet normal -4.157120e-01 -5.077702e-01 -7.545548e-01
   outer loop
     vertex  6.074659e+01  3.666747e+00  6.343259e+01
     vertex  5.936928e+01  7.762476e+00  6.143522e+01
     vertex  6.051563e+01  7.836542e+00  6.075382e+01
   endloop
 endfacet
 facet normal -5.430752e-01 -5.594124e-01 -6.262005e-01
   outer loop
     vertex  6.853812e+01  7.702881e-02  6.077467e+01
     vertex  6.968279e+01  1.965383e-01  5.967518e+01
     vertex  6.906045e+01  0.000000e+00  6.039048e+01
   endloop
 endfacet
 facet normal -5.378451e-01 -5.174767e-01 -6.655378e-01
   outer loop
     vertex  6.853812e+01  7.702881e-02  6.077467e+01
     vertex  6.753562e+01  0.000000e+00  6.164472e+01
     vertex  6.664489e+01  4.132058e+00  5.915174e+01
   endloop
 endfacet
 facet normal -5.153201e-01 -5.656051e-01 -6.438448e-01
   outer loop
     vertex  6.853812e+01  7.702881e-02  6.077467e+01
     vertex  6.830632e+01  0.000000e+00  6.102786e+01
     vertex  6.753562e+01  0.000000e+00  6.164472e+01
   endloop
 endfacet
 facet normal -5.612920e-01 -4.938735e-01 -6.641086e-01
   outer loop
     vertex  6.853812e+01  7.702881e-02  6.077467e+01
     vertex  6.906045e+01  0.000000e+00  6.039048e+01
     vertex  6.830632e+01  0.000000e+00  6.102786e+01
   endloop
 endfacet
 facet normal -5.628702e-01 -5.199479e-01 -6.425195e-01
   outer loop
     vertex  6.853812e+01  7.702881e-02  6.077467e+01
     vertex  6.769750e+01  4.241955e+00  5.814068e+01
     vertex  6.968279e+01  1.965383e-01  5.967518e+01
   endloop
 endfacet
 facet normal -5.628702e-01 -5.199479e-01 -6.425195e-01
   outer loop
     vertex  6.853812e+01  7.702881e-02  6.077467e+01
     vertex  6.664489e+01  4.132058e+00  5.915174e+01
     vertex  6.769750e+01  4.241955e+00  5.814068e+01
   endloop
 endfacet
 facet normal  8.160508e-01 -5.745957e-01 -6.245606e-02
   outer loop
     vertex  3.821012e+01  4.118349e+01  3.942852e+01
     vertex  3.821012e+01  4.114984e+01  3.973815e+01
     vertex  3.742708e+01  4.000930e+01  4.000000e+01
   endloop
 endfacet
 facet normal  8.088139e-01 -5.846213e-01 -6.354579e-02
   outer loop
     vertex  3.821012e+01  4.118349e+01  3.942852e+01
     vertex  3.923601e+01  4.254068e+01  4.000000e+01
     vertex  3.821012e+01  4.114984e+01  3.973815e+01
   endloop
 endfacet
 facet normal  8.114804e-01 -5.791425e-01 -7.806045e-02
   outer loop
     vertex  3.821012e+01  4.118349e+01  3.942852e+01
     vertex  3.742708e+01  4.000930e+01  4.000000e+01
     vertex  3.670676e+01  3.900000e+01  4.000000e+01
   endloop
 endfacet
 facet normal  8.106941e-01 -5.803876e-01 -7.697562e-02
   outer loop
     vertex  3.821012e+01  4.118349e+01  3.942852e+01
     vertex  3.973815e+01  4.324207e+01  4.000000e+01
     vertex  3.923601e+01  4.254068e+01  4.000000e+01
   endloop
 endfacet
 facet normal  7.892917e-01 -5.623886e-01 -2.464502e-01
   outer loop
     vertex  3.562004e+01  3.712112e+01  4.111898e+01
     vertex  3.699759e+01  3.900000e+01  4.124329e+01
     vertex  3.571993e+01  3.707488e+01  4.154445e+01
   endloop
 endfacet
 facet normal  7.950320e-01 -5.661698e-01 -2.176599e-01
   outer loop
     vertex  3.562004e+01  3.712112e+01  4.111898e+01
     vertex  3.688002e+01  3.900000e+01  4.083396e+01
     vertex  3.693625e+01  3.900000e+01  4.103937e+01
   endloop
 endfacet
 facet normal  7.907546e-01 -5.640294e-01 -2.378613e-01
   outer loop
     vertex  3.562004e+01  3.712112e+01  4.111898e+01
     vertex  3.693625e+01  3.900000e+01  4.103937e+01
     vertex  3.699759e+01  3.900000e+01  4.124329e+01
   endloop
 endfacet
 facet normal  7.263582e-01 -5.441467e-01 -4.198905e-01
   outer loop
     vertex  3.378111e+01  3.293563e+01  4.394217e+01
     vertex  3.650654e+01  3.685370e+01  4.357930e+01
     vertex  3.403235e+01  3.288065e+01  4.444805e+01
   endloop
 endfacet
 facet normal  7.263582e-01 -5.441467e-01 -4.198905e-01
   outer loop
     vertex  3.378111e+01  3.293563e+01  4.394217e+01
     vertex  3.631197e+01  3.689628e+01  4.318754e+01
     vertex  3.650654e+01  3.685370e+01  4.357930e+01
   endloop
 endfacet
 facet normal  6.258240e-01 -5.273198e-01 -5.746983e-01
   outer loop
     vertex  3.306518e+01  2.865536e+01  4.763737e+01
     vertex  3.526197e+01  3.267484e+01  4.634148e+01
     vertex  3.562230e+01  3.262746e+01  4.677734e+01
   endloop
 endfacet
 facet normal  6.258240e-01 -5.273198e-01 -5.746983e-01
   outer loop
     vertex  3.306518e+01  2.865536e+01  4.763737e+01
     vertex  3.562230e+01  3.262746e+01  4.677734e+01
     vertex  3.350680e+01  2.859730e+01  4.817155e+01
   endloop
 endfacet
 facet normal  4.925250e-01 -5.134028e-01 -7.027352e-01
   outer loop
     vertex  3.375723e+01  2.432011e+01  5.183830e+01
     vertex  3.550494e+01  2.838868e+01  5.009082e+01
     vertex  3.605714e+01  2.834298e+01  5.051122e+01
   endloop
 endfacet
 facet normal  4.925250e-01 -5.134028e-01 -7.027352e-01
   outer loop
     vertex  3.375723e+01  2.432011e+01  5.183830e+01
     vertex  3.605714e+01  2.834298e+01  5.051122e+01
     vertex  3.441107e+01  2.426600e+01  5.233609e+01
   endloop
 endfacet
 facet normal  3.334400e-01 -5.031242e-01 -7.972978e-01
   outer loop
     vertex  3.602755e+01  1.997823e+01  5.610027e+01
     vertex  3.723468e+01  2.408357e+01  5.401449e+01
     vertex  3.689476e+01  1.993591e+01  5.648966e+01
   endloop
 endfacet
 facet normal  1.568979e-01 -4.970223e-01 -8.534353e-01
   outer loop
     vertex  3.991197e+01  1.568290e+01  5.993400e+01
     vertex  4.144888e+01  1.979085e+01  5.782417e+01
     vertex  4.097112e+01  1.566030e+01  6.014187e+01
   endloop
 endfacet
 facet normal  1.568979e-01 -4.970223e-01 -8.534353e-01
   outer loop
     vertex  3.991197e+01  1.568290e+01  5.993400e+01
     vertex  4.051533e+01  1.981077e+01  5.764094e+01
     vertex  4.144888e+01  1.979085e+01  5.782417e+01
   endloop
 endfacet
 facet normal -2.785848e-02 -4.954165e-01 -8.682087e-01
   outer loop
     vertex  4.530192e+01  1.148796e+01  6.284408e+01
     vertex  4.526991e+01  1.562294e+01  6.048561e+01
     vertex  4.650882e+01  1.149245e+01  6.280280e+01
   endloop
 endfacet
 facet normal -1.750793e-01 -4.974336e-01 -8.496511e-01
   outer loop
     vertex  5.194512e+01  7.443566e+00  6.436919e+01
     vertex  5.010036e+01  1.154166e+01  6.235007e+01
     vertex  5.127943e+01  1.156986e+01  6.209060e+01
   endloop
 endfacet
 facet normal -2.111564e-01 -4.983909e-01 -8.408445e-01
   outer loop
     vertex  5.194512e+01  7.443566e+00  6.436919e+01
     vertex  5.127943e+01  1.156986e+01  6.209060e+01
     vertex  5.244529e+01  1.160388e+01  6.177766e+01
   endloop
 endfacet
 facet normal -2.111564e-01 -4.983909e-01 -8.408445e-01
   outer loop
     vertex  5.194512e+01  7.443566e+00  6.436919e+01
     vertex  5.244529e+01  1.160388e+01  6.177766e+01
     vertex  5.323458e+01  7.481187e+00  6.402308e+01
   endloop
 endfacet
 facet normal -3.631153e-01 -5.042407e-01 -7.835104e-01
   outer loop
     vertex  5.945725e+01  3.591891e+00  6.412127e+01
     vertex  6.084127e+01  0.000000e+00  6.579147e+01
     vertex  5.994733e+01  0.000000e+00  6.620576e+01
   endloop
 endfacet
 facet normal -3.830955e-01 -5.067310e-01 -7.723092e-01
   outer loop
     vertex  5.945725e+01  3.591891e+00  6.412127e+01
     vertex  6.074659e+01  3.666747e+00  6.343259e+01
     vertex  6.084127e+01  0.000000e+00  6.579147e+01
   endloop
 endfacet
 facet normal -3.833992e-01 -5.057897e-01 -7.727754e-01
   outer loop
     vertex  5.945725e+01  3.591891e+00  6.412127e+01
     vertex  5.819271e+01  7.694167e+00  6.206367e+01
     vertex  6.074659e+01  3.666747e+00  6.343259e+01
   endloop
 endfacet
 facet normal  8.062496e-01 -5.909584e-01 -2.701396e-02
   outer loop
     vertex  3.822440e+01  4.121711e+01  3.911921e+01
     vertex  3.973815e+01  4.324207e+01  4.000000e+01
     vertex  3.821012e+01  4.118349e+01  3.942852e+01
   endloop
 endfacet
 facet normal  8.097204e-01 -5.852754e-01 -4.249103e-02
   outer loop
     vertex  3.822440e+01  4.121711e+01  3.911921e+01
     vertex  4.101343e+01  4.503538e+01  3.967447e+01
     vertex  4.019706e+01  4.388232e+01  4.000000e+01
   endloop
 endfacet
 facet normal  8.114353e-01 -5.816163e-01 -5.740405e-02
   outer loop
     vertex  3.822440e+01  4.121711e+01  3.911921e+01
     vertex  4.019706e+01  4.388232e+01  4.000000e+01
     vertex  3.973815e+01  4.324207e+01  4.000000e+01
   endloop
 endfacet
 facet normal  7.969135e-01 -5.663125e-01 -2.102833e-01
   outer loop
     vertex  3.553987e+01  3.716782e+01  4.068941e+01
     vertex  3.688002e+01  3.900000e+01  4.083396e+01
     vertex  3.562004e+01  3.712112e+01  4.111898e+01
   endloop
 endfacet
 facet normal  8.020925e-01 -5.703359e-01 -1.771001e-01
   outer loop
     vertex  3.553987e+01  3.716782e+01  4.068941e+01
     vertex  3.678299e+01  3.900000e+01  4.041918e+01
     vertex  3.682892e+01  3.900000e+01  4.062718e+01
   endloop
 endfacet
 facet normal  7.986092e-01 -5.685730e-01 -1.973524e-01
   outer loop
     vertex  3.553987e+01  3.716782e+01  4.068941e+01
     vertex  3.682892e+01  3.900000e+01  4.062718e+01
     vertex  3.688002e+01  3.900000e+01  4.083396e+01
   endloop
 endfacet
 facet normal  7.420365e-01 -5.477860e-01 -3.864095e-01
   outer loop
     vertex  3.355346e+01  3.299181e+01  4.342538e+01
     vertex  3.613568e+01  3.693978e+01  4.278733e+01
     vertex  3.631197e+01  3.689628e+01  4.318754e+01
   endloop
 endfacet
 facet normal  7.420365e-01 -5.477860e-01 -3.864095e-01
   outer loop
     vertex  3.355346e+01  3.299181e+01  4.342538e+01
     vertex  3.631197e+01  3.689628e+01  4.318754e+01
     vertex  3.378111e+01  3.293563e+01  4.394217e+01
   endloop
 endfacet
 facet normal  6.487472e-01 -5.304787e-01 -5.456368e-01
   outer loop
     vertex  3.264866e+01  2.871555e+01  4.708362e+01
     vertex  3.526197e+01  3.267484e+01  4.634148e+01
     vertex  3.306518e+01  2.865536e+01  4.763737e+01
   endloop
 endfacet
 facet normal  6.487472e-01 -5.304787e-01 -5.456368e-01
   outer loop
     vertex  3.264866e+01  2.871555e+01  4.708362e+01
     vertex  3.492212e+01  3.272395e+01  4.588965e+01
     vertex  3.526197e+01  3.267484e+01  4.634148e+01
   endloop
 endfacet
 facet normal  5.214929e-01 -5.159159e-01 -6.796145e-01
   outer loop
     vertex  3.312703e+01  2.437740e+01  5.131124e+01
     vertex  3.497271e+01  2.843706e+01  4.964569e+01
     vertex  3.550494e+01  2.838868e+01  5.009082e+01
   endloop
 endfacet
 facet normal  5.214929e-01 -5.159159e-01 -6.796145e-01
   outer loop
     vertex  3.312703e+01  2.437740e+01  5.131124e+01
     vertex  3.550494e+01  2.838868e+01  5.009082e+01
     vertex  3.375723e+01  2.432011e+01  5.183830e+01
   endloop
 endfacet
 facet normal  3.669362e-01 -5.048600e-01 -7.813285e-01
   outer loop
     vertex  3.517920e+01  2.002481e+01  5.567176e+01
     vertex  3.723468e+01  2.408357e+01  5.401449e+01
     vertex  3.602755e+01  1.997823e+01  5.610027e+01
   endloop
 endfacet
 facet normal  3.669362e-01 -5.048600e-01 -7.813285e-01
   outer loop
     vertex  3.517920e+01  2.002481e+01  5.567176e+01
     vertex  3.650047e+01  2.412388e+01  5.364363e+01
     vertex  3.723468e+01  2.408357e+01  5.401449e+01
   endloop
 endfacet
 facet normal  1.931686e-01 -4.978899e-01 -8.454535e-01
   outer loop
     vertex  3.886353e+01  1.571072e+01  5.967807e+01
     vertex  4.051533e+01  1.981077e+01  5.764094e+01
     vertex  3.991197e+01  1.568290e+01  5.993400e+01
   endloop
 endfacet
 facet normal  1.931686e-01 -4.978899e-01 -8.454535e-01
   outer loop
     vertex  3.886353e+01  1.571072e+01  5.967807e+01
     vertex  3.959121e+01  1.983529e+01  5.741536e+01
     vertex  4.051533e+01  1.981077e+01  5.764094e+01
   endloop
 endfacet
 facet normal  2.290331e-01 -4.989363e-01 -8.358268e-01
   outer loop
     vertex  3.886353e+01  1.571072e+01  5.967807e+01
     vertex  3.867847e+01  1.986436e+01  5.714790e+01
     vertex  3.959121e+01  1.983529e+01  5.741536e+01
   endloop
 endfacet
 facet normal  9.287786e-03 -4.953705e-01 -8.686322e-01
   outer loop
     vertex  4.409439e+01  1.148946e+01  6.283032e+01
     vertex  4.419040e+01  1.562428e+01  6.047331e+01
     vertex  4.526991e+01  1.562294e+01  6.048561e+01
   endloop
 endfacet
 facet normal  9.287786e-03 -4.953705e-01 -8.686322e-01
   outer loop
     vertex  4.409439e+01  1.148946e+01  6.283032e+01
     vertex  4.526991e+01  1.562294e+01  6.048561e+01
     vertex  4.530192e+01  1.148796e+01  6.284408e+01
   endloop
 endfacet
 facet normal -1.750793e-01 -4.974336e-01 -8.496511e-01
   outer loop
     vertex  5.064106e+01  7.412373e+00  6.465617e+01
     vertex  5.010036e+01  1.154166e+01  6.235007e+01
     vertex  5.194512e+01  7.443566e+00  6.436919e+01
   endloop
 endfacet
 facet normal -3.208703e-01 -5.028099e-01 -8.026359e-01
   outer loop
     vertex  5.813750e+01  3.523501e+00  6.475046e+01
     vertex  5.904275e+01  0.000000e+00  6.659586e+01
     vertex  5.812818e+01  0.000000e+00  6.696148e+01
   endloop
 endfacet
 facet normal -3.421500e-01 -5.034393e-01 -7.933992e-01
   outer loop
     vertex  5.813750e+01  3.523501e+00  6.475046e+01
     vertex  5.994733e+01  0.000000e+00  6.620576e+01
     vertex  5.904275e+01  0.000000e+00  6.659586e+01
   endloop
 endfacet
 facet normal -3.502802e-01 -5.039714e-01 -7.895041e-01
   outer loop
     vertex  5.813750e+01  3.523501e+00  6.475046e+01
     vertex  5.819271e+01  7.694167e+00  6.206367e+01
     vertex  5.945725e+01  3.591891e+00  6.412127e+01
   endloop
 endfacet
 facet normal -3.164245e-01 -5.023190e-01 -8.047056e-01
   outer loop
     vertex  5.813750e+01  3.523501e+00  6.475046e+01
     vertex  5.575888e+01  7.575382e+00  6.315648e+01
     vertex  5.698840e+01  7.631759e+00  6.263782e+01
   endloop
 endfacet
 facet normal -3.498400e-01 -5.054662e-01 -7.887432e-01
   outer loop
     vertex  5.813750e+01  3.523501e+00  6.475046e+01
     vertex  5.945725e+01  3.591891e+00  6.412127e+01
     vertex  5.994733e+01  0.000000e+00  6.620576e+01
   endloop
 endfacet
 facet normal -3.502802e-01 -5.039714e-01 -7.895041e-01
   outer loop
     vertex  5.813750e+01  3.523501e+00  6.475046e+01
     vertex  5.698840e+01  7.631759e+00  6.263782e+01
     vertex  5.819271e+01  7.694167e+00  6.206367e+01
   endloop
 endfacet
 facet normal  8.063821e-01 -5.912401e-01  1.352727e-02
   outer loop
     vertex  3.825293e+01  4.125063e+01  3.881088e+01
     vertex  4.102386e+01  4.504714e+01  3.956633e+01
     vertex  4.101343e+01  4.503538e+01  3.967447e+01
   endloop
 endfacet
 facet normal  8.038699e-01 -5.937527e-01  3.536874e-02
   outer loop
     vertex  3.825293e+01  4.125063e+01  3.881088e+01
     vertex  4.103726e+01  4.505886e+01  3.945852e+01
     vertex  4.102386e+01  4.504714e+01  3.956633e+01
   endloop
 endfacet
 facet normal  8.067499e-01 -5.908010e-01  1.042722e-02
   outer loop
     vertex  3.825293e+01  4.125063e+01  3.881088e+01
     vertex  4.101343e+01  4.503538e+01  3.967447e+01
     vertex  3.822440e+01  4.121711e+01  3.911921e+01
   endloop
 endfacet
 facet normal  8.028111e-01 -5.703379e-01 -1.738075e-01
   outer loop
     vertex  3.547959e+01  3.721486e+01  4.025663e+01
     vertex  3.678299e+01  3.900000e+01  4.041918e+01
     vertex  3.553987e+01  3.716782e+01  4.068941e+01
   endloop
 endfacet
 facet normal  8.071021e-01 -5.744407e-01 -1.363969e-01
   outer loop
     vertex  3.547959e+01  3.721486e+01  4.025663e+01
     vertex  3.670676e+01  3.900000e+01  4.000000e+01
     vertex  3.674226e+01  3.900000e+01  4.021007e+01
   endloop
 endfacet
 facet normal  8.043995e-01 -5.730579e-01 -1.566718e-01
   outer loop
     vertex  3.547959e+01  3.721486e+01  4.025663e+01
     vertex  3.674226e+01  3.900000e+01  4.021007e+01
     vertex  3.678299e+01  3.900000e+01  4.041918e+01
   endloop
 endfacet
 facet normal  7.561543e-01 -5.514991e-01 -3.522492e-01
   outer loop
     vertex  3.334989e+01  3.304905e+01  4.289875e+01
     vertex  3.613568e+01  3.693978e+01  4.278733e+01
     vertex  3.355346e+01  3.299181e+01  4.342538e+01
   endloop
 endfacet
 facet normal  7.561543e-01 -5.514991e-01 -3.522492e-01
   outer loop
     vertex  3.334989e+01  3.304905e+01  4.289875e+01
     vertex  3.597803e+01  3.698411e+01  4.237950e+01
     vertex  3.613568e+01  3.693978e+01  4.278733e+01
   endloop
 endfacet
 facet normal  7.686818e-01 -5.552782e-01 -3.174813e-01
   outer loop
     vertex  3.334989e+01  3.304905e+01  4.289875e+01
     vertex  3.583935e+01  3.702918e+01  4.196492e+01
     vertex  3.597803e+01  3.698411e+01  4.237950e+01
   endloop
 endfacet
 facet normal  6.703061e-01 -5.337478e-01 -5.155610e-01
   outer loop
     vertex  3.225811e+01  2.877774e+01  4.651146e+01
     vertex  3.460346e+01  3.277469e+01  4.542281e+01
     vertex  3.492212e+01  3.272395e+01  4.588965e+01
   endloop
 endfacet
 facet normal  6.703061e-01 -5.337478e-01 -5.155610e-01
   outer loop
     vertex  3.225811e+01  2.877774e+01  4.651146e+01
     vertex  3.492212e+01  3.272395e+01  4.588965e+01
     vertex  3.264866e+01  2.871555e+01  4.708362e+01
   endloop
 endfacet
 facet normal  5.493642e-01 -5.185699e-01 -6.551979e-01
   outer loop
     vertex  3.252180e+01  2.443775e+01  5.075601e+01
     vertex  3.446157e+01  2.848803e+01  4.917677e+01
     vertex  3.497271e+01  2.843706e+01  4.964569e+01
   endloop
 endfacet
 facet normal  5.493642e-01 -5.185699e-01 -6.551979e-01
   outer loop
     vertex  3.252180e+01  2.443775e+01  5.075601e+01
     vertex  3.497271e+01  2.843706e+01  4.964569e+01
     vertex  3.312703e+01  2.437740e+01  5.131124e+01
   endloop
 endfacet
 facet normal  3.996607e-01 -5.067599e-01 -7.638493e-01
   outer loop
     vertex  3.435151e+01  2.007554e+01  5.520504e+01
     vertex  3.578413e+01  2.416779e+01  5.323970e+01
     vertex  3.650047e+01  2.412388e+01  5.364363e+01
   endloop
 endfacet
 facet normal  3.996607e-01 -5.067599e-01 -7.638493e-01
   outer loop
     vertex  3.435151e+01  2.007554e+01  5.520504e+01
     vertex  3.650047e+01  2.412388e+01  5.364363e+01
     vertex  3.517920e+01  2.002481e+01  5.567176e+01
   endloop
 endfacet
 facet normal  2.644159e-01 -5.001592e-01 -8.245757e-01
   outer loop
     vertex  3.782799e+01  1.574370e+01  5.937462e+01
     vertex  3.777902e+01  1.989792e+01  5.683911e+01
     vertex  3.867847e+01  1.986436e+01  5.714790e+01
   endloop
 endfacet
 facet normal  2.290331e-01 -4.989363e-01 -8.358268e-01
   outer loop
     vertex  3.782799e+01  1.574370e+01  5.937462e+01
     vertex  3.867847e+01  1.986436e+01  5.714790e+01
     vertex  3.886353e+01  1.571072e+01  5.967807e+01
   endloop
 endfacet
 facet normal  8.344364e-02 -4.958304e-01 -8.644012e-01
   outer loop
     vertex  4.288876e+01  1.149693e+01  6.276153e+01
     vertex  4.203874e+01  1.564298e+01  6.030126e+01
     vertex  4.311258e+01  1.563096e+01  6.041181e+01
   endloop
 endfacet
 facet normal  4.641452e-02 -4.955085e-01 -8.673621e-01
   outer loop
     vertex  4.288876e+01  1.149693e+01  6.276153e+01
     vertex  4.311258e+01  1.563096e+01  6.041181e+01
     vertex  4.419040e+01  1.562428e+01  6.047331e+01
   endloop
 endfacet
 facet normal  4.641452e-02 -4.955085e-01 -8.673621e-01
   outer loop
     vertex  4.288876e+01  1.149693e+01  6.276153e+01
     vertex  4.419040e+01  1.562428e+01  6.047331e+01
     vertex  4.409439e+01  1.148946e+01  6.283032e+01
   endloop
 endfacet
 facet normal -1.386340e-01 -4.966561e-01 -8.568041e-01
   outer loop
     vertex  4.932513e+01  7.387673e+00  6.488341e+01
     vertex  4.891056e+01  1.151933e+01  6.255553e+01
     vertex  5.010036e+01  1.154166e+01  6.235007e+01
   endloop
 endfacet
 facet normal -1.386340e-01 -4.966561e-01 -8.568041e-01
   outer loop
     vertex  4.932513e+01  7.387673e+00  6.488341e+01
     vertex  5.010036e+01  1.154166e+01  6.235007e+01
     vertex  5.064106e+01  7.412373e+00  6.465617e+01
   endloop
 endfacet
 facet normal -1.018972e-01 -4.960600e-01 -8.622885e-01
   outer loop
     vertex  4.932513e+01  7.387673e+00  6.488341e+01
     vertex  4.771254e+01  1.150291e+01  6.270655e+01
     vertex  4.891056e+01  1.151933e+01  6.255553e+01
   endloop
 endfacet
 facet normal -2.773948e-01 -5.024166e-01 -8.189198e-01
   outer loop
     vertex  5.679013e+01  3.461721e+00  6.531884e+01
     vertex  5.720428e+01  0.000000e+00  6.730236e+01
     vertex  5.627169e+01  0.000000e+00  6.761825e+01
   endloop
 endfacet
 facet normal -2.995596e-01 -5.010553e-01 -8.119160e-01
   outer loop
     vertex  5.679013e+01  3.461721e+00  6.531884e+01
     vertex  5.812818e+01  0.000000e+00  6.696148e+01
     vertex  5.720428e+01  0.000000e+00  6.730236e+01
   endloop
 endfacet
 facet normal -3.164245e-01 -5.023190e-01 -8.047056e-01
   outer loop
     vertex  5.679013e+01  3.461721e+00  6.531884e+01
     vertex  5.575888e+01  7.575382e+00  6.315648e+01
     vertex  5.813750e+01  3.523501e+00  6.475046e+01
   endloop
 endfacet
 facet normal -3.160637e-01 -5.036774e-01 -8.039980e-01
   outer loop
     vertex  5.679013e+01  3.461721e+00  6.531884e+01
     vertex  5.813750e+01  3.523501e+00  6.475046e+01
     vertex  5.812818e+01  0.000000e+00  6.696148e+01
   endloop
 endfacet
 facet normal  8.008694e-01 -5.961044e-01  5.716461e-02
   outer loop
     vertex  3.829564e+01  4.128397e+01  3.850417e+01
     vertex  4.105361e+01  4.507053e+01  3.935112e+01
     vertex  4.103726e+01  4.505886e+01  3.945852e+01
   endloop
 endfacet
 facet normal  7.973205e-01 -5.983784e-01  7.888752e-02
   outer loop
     vertex  3.829564e+01  4.128397e+01  3.850417e+01
     vertex  4.107291e+01  4.508215e+01  3.924420e+01
     vertex  4.105361e+01  4.507053e+01  3.935112e+01
   endloop
 endfacet
 facet normal  8.025181e-01 -5.947637e-01  4.712519e-02
   outer loop
     vertex  3.829564e+01  4.128397e+01  3.850417e+01
     vertex  4.103726e+01  4.505886e+01  3.945852e+01
     vertex  3.825293e+01  4.125063e+01  3.881088e+01
   endloop
 endfacet
 facet normal  8.069727e-01 -5.744537e-01 -1.371060e-01
   outer loop
     vertex  3.543933e+01  3.726215e+01  3.982157e+01
     vertex  3.670676e+01  3.900000e+01  4.000000e+01
     vertex  3.547959e+01  3.721486e+01  4.025663e+01
   endloop
 endfacet
 facet normal  7.686818e-01 -5.552782e-01 -3.174813e-01
   outer loop
     vertex  3.317081e+01  3.310724e+01  4.236340e+01
     vertex  3.583935e+01  3.702918e+01  4.196492e+01
     vertex  3.334989e+01  3.304905e+01  4.289875e+01
   endloop
 endfacet
 facet normal  6.904553e-01 -5.371203e-01 -4.845342e-01
   outer loop
     vertex  3.189436e+01  2.884180e+01  4.592211e+01
     vertex  3.460346e+01  3.277469e+01  4.542281e+01
     vertex  3.225811e+01  2.877774e+01  4.651146e+01
   endloop
 endfacet
 facet normal  6.904553e-01 -5.371203e-01 -4.845342e-01
   outer loop
     vertex  3.189436e+01  2.884180e+01  4.592211e+01
     vertex  3.430666e+01  3.282696e+01  4.494194e+01
     vertex  3.460346e+01  3.277469e+01  4.542281e+01
   endloop
 endfacet
 facet normal  5.760802e-01 -5.213591e-01 -6.295365e-01
   outer loop
     vertex  3.194282e+01  2.450104e+01  5.017377e+01
     vertex  3.397259e+01  2.854148e+01  4.868504e+01
     vertex  3.446157e+01  2.848803e+01  4.917677e+01
   endloop
 endfacet
 facet normal  5.760802e-01 -5.213591e-01 -6.295365e-01
   outer loop
     vertex  3.194282e+01  2.450104e+01  5.017377e+01
     vertex  3.446157e+01  2.848803e+01  4.917677e+01
     vertex  3.252180e+01  2.443775e+01  5.075601e+01
   endloop
 endfacet
 facet normal  6.015847e-01 -5.242778e-01 -6.026845e-01
   outer loop
     vertex  3.194282e+01  2.450104e+01  5.017377e+01
     vertex  3.350680e+01  2.859730e+01  4.817155e+01
     vertex  3.397259e+01  2.854148e+01  4.868504e+01
   endloop
 endfacet
 facet normal  4.315447e-01 -5.088200e-01 -7.448969e-01
   outer loop
     vertex  3.354621e+01  2.013032e+01  5.470109e+01
     vertex  3.508718e+01  2.421519e+01  5.280355e+01
     vertex  3.578413e+01  2.416779e+01  5.323970e+01
   endloop
 endfacet
 facet normal  4.315447e-01 -5.088200e-01 -7.448969e-01
   outer loop
     vertex  3.354621e+01  2.013032e+01  5.470109e+01
     vertex  3.578413e+01  2.416779e+01  5.323970e+01
     vertex  3.435151e+01  2.007554e+01  5.520504e+01
   endloop
 endfacet
 facet normal  2.644159e-01 -5.001592e-01 -8.245757e-01
   outer loop
     vertex  3.680753e+01  1.578178e+01  5.902429e+01
     vertex  3.777902e+01  1.989792e+01  5.683911e+01
     vertex  3.782799e+01  1.574370e+01  5.937462e+01
   endloop
 endfacet
 facet normal  2.992426e-01 -5.015562e-01 -8.117236e-01
   outer loop
     vertex  3.680753e+01  1.578178e+01  5.902429e+01
     vertex  3.689476e+01  1.993591e+01  5.648966e+01
     vertex  3.777902e+01  1.989792e+01  5.683911e+01
   endloop
 endfacet
 facet normal  8.344364e-02 -4.958304e-01 -8.644012e-01
   outer loop
     vertex  4.168758e+01  1.151038e+01  6.263787e+01
     vertex  4.203874e+01  1.564298e+01  6.030126e+01
     vertex  4.288876e+01  1.149693e+01  6.276153e+01
   endloop
 endfacet
 facet normal -1.018972e-01 -4.960600e-01 -8.622885e-01
   outer loop
     vertex  4.800011e+01  7.369518e+00  6.505044e+01
     vertex  4.771254e+01  1.150291e+01  6.270655e+01
     vertex  4.932513e+01  7.387673e+00  6.488341e+01
   endloop
 endfacet
 facet normal -2.557642e-01 -4.996828e-01 -8.275879e-01
   outer loop
     vertex  5.541796e+01  3.406681e+00  6.582520e+01
     vertex  5.627169e+01  0.000000e+00  6.761825e+01
     vertex  5.533109e+01  0.000000e+00  6.790894e+01
   endloop
 endfacet
 facet normal -2.818092e-01 -5.012351e-01 -8.181363e-01
   outer loop
     vertex  5.541796e+01  3.406681e+00  6.582520e+01
     vertex  5.679013e+01  3.461721e+00  6.531884e+01
     vertex  5.627169e+01  0.000000e+00  6.761825e+01
   endloop
 endfacet
 facet normal -2.467893e-01 -4.995258e-01 -8.304029e-01
   outer loop
     vertex  5.541796e+01  3.406681e+00  6.582520e+01
     vertex  5.323458e+01  7.481187e+00  6.402308e+01
     vertex  5.450673e+01  7.525157e+00  6.361856e+01
   endloop
 endfacet
 facet normal -2.819033e-01 -5.008361e-01 -8.183481e-01
   outer loop
     vertex  5.541796e+01  3.406681e+00  6.582520e+01
     vertex  5.450673e+01  7.525157e+00  6.361856e+01
     vertex  5.575888e+01  7.575382e+00  6.315648e+01
   endloop
 endfacet
 facet normal -2.819033e-01 -5.008361e-01 -8.183481e-01
   outer loop
     vertex  5.541796e+01  3.406681e+00  6.582520e+01
     vertex  5.575888e+01  7.575382e+00  6.315648e+01
     vertex  5.679013e+01  3.461721e+00  6.531884e+01
   endloop
 endfacet
 facet normal  7.930190e-01 -6.008581e-01  1.004512e-01
   outer loop
     vertex  3.835246e+01  4.131706e+01  3.819973e+01
     vertex  4.109514e+01  4.509371e+01  3.913784e+01
     vertex  4.107291e+01  4.508215e+01  3.924420e+01
   endloop
 endfacet
 facet normal  7.965682e-01 -5.987430e-01  8.358238e-02
   outer loop
     vertex  3.835246e+01  4.131706e+01  3.819973e+01
     vertex  4.107291e+01  4.508215e+01  3.924420e+01
     vertex  3.829564e+01  4.128397e+01  3.850417e+01
   endloop
 endfacet
 facet normal  8.087529e-01 -5.795282e-01 -1.003284e-01
   outer loop
     vertex  3.541919e+01  3.730959e+01  3.938512e+01
     vertex  3.670676e+01  3.900000e+01  4.000000e+01
     vertex  3.543933e+01  3.726215e+01  3.982157e+01
   endloop
 endfacet
 facet normal  7.795928e-01 -5.591154e-01 -2.821790e-01
   outer loop
     vertex  3.301661e+01  3.316626e+01  4.182045e+01
     vertex  3.571993e+01  3.707488e+01  4.154445e+01
     vertex  3.583935e+01  3.702918e+01  4.196492e+01
   endloop
 endfacet
 facet normal  7.795928e-01 -5.591154e-01 -2.821790e-01
   outer loop
     vertex  3.301661e+01  3.316626e+01  4.182045e+01
     vertex  3.583935e+01  3.702918e+01  4.196492e+01
     vertex  3.317081e+01  3.310724e+01  4.236340e+01
   endloop
 endfacet
 facet normal  7.888643e-01 -5.630026e-01 -2.464166e-01
   outer loop
     vertex  3.301661e+01  3.316626e+01  4.182045e+01
     vertex  3.562004e+01  3.712112e+01  4.111898e+01
     vertex  3.571993e+01  3.707488e+01  4.154445e+01
   endloop
 endfacet
 facet normal  7.091524e-01 -5.405890e-01 -4.526216e-01
   outer loop
     vertex  3.155817e+01  2.890759e+01  4.531680e+01
     vertex  3.403235e+01  3.288065e+01  4.444805e+01
     vertex  3.430666e+01  3.282696e+01  4.494194e+01
   endloop
 endfacet
 facet normal  7.091524e-01 -5.405890e-01 -4.526216e-01
   outer loop
     vertex  3.155817e+01  2.890759e+01  4.531680e+01
     vertex  3.430666e+01  3.282696e+01  4.494194e+01
     vertex  3.189436e+01  2.884180e+01  4.592211e+01
   endloop
 endfacet
 facet normal  6.015847e-01 -5.242778e-01 -6.026845e-01
   outer loop
     vertex  3.139129e+01  2.456713e+01  4.956576e+01
     vertex  3.350680e+01  2.859730e+01  4.817155e+01
     vertex  3.194282e+01  2.450104e+01  5.017377e+01
   endloop
 endfacet
 facet normal  4.625212e-01 -5.110358e-01 -7.245113e-01
   outer loop
     vertex  3.276499e+01  2.018903e+01  5.416096e+01
     vertex  3.508718e+01  2.421519e+01  5.280355e+01
     vertex  3.354621e+01  2.013032e+01  5.470109e+01
   endloop
 endfacet
 facet normal  4.625212e-01 -5.110358e-01 -7.245113e-01
   outer loop
     vertex  3.276499e+01  2.018903e+01  5.416096e+01
     vertex  3.441107e+01  2.426600e+01  5.233609e+01
     vertex  3.508718e+01  2.421519e+01  5.280355e+01
   endloop
 endfacet
 facet normal  2.992426e-01 -5.015562e-01 -8.117236e-01
   outer loop
     vertex  3.580430e+01  1.582487e+01  5.862783e+01
     vertex  3.689476e+01  1.993591e+01  5.648966e+01
     vertex  3.680753e+01  1.578178e+01  5.902429e+01
   endloop
 endfacet
 facet normal  1.202973e-01 -4.963353e-01 -8.597557e-01
   outer loop
     vertex  4.049336e+01  1.152976e+01  6.245958e+01
     vertex  4.203874e+01  1.564298e+01  6.030126e+01
     vertex  4.168758e+01  1.151038e+01  6.263787e+01
   endloop
 endfacet
 facet normal  1.202973e-01 -4.963353e-01 -8.597557e-01
   outer loop
     vertex  4.049336e+01  1.152976e+01  6.245958e+01
     vertex  4.097112e+01  1.566030e+01  6.014187e+01
     vertex  4.203874e+01  1.564298e+01  6.030126e+01
   endloop
 endfacet
 facet normal -6.494615e-02 -4.956465e-01 -8.660927e-01
   outer loop
     vertex  4.666877e+01  7.357947e+00  6.515689e+01
     vertex  4.771254e+01  1.150291e+01  6.270655e+01
     vertex  4.800011e+01  7.369518e+00  6.505044e+01
   endloop
 endfacet
 facet normal -6.494615e-02 -4.956465e-01 -8.660927e-01
   outer loop
     vertex  4.666877e+01  7.357947e+00  6.515689e+01
     vertex  4.650882e+01  1.149245e+01  6.280280e+01
     vertex  4.771254e+01  1.150291e+01  6.270655e+01
   endloop
 endfacet
 facet normal -2.785848e-02 -4.954165e-01 -8.682087e-01
   outer loop
     vertex  4.666877e+01  7.357947e+00  6.515689e+01
     vertex  4.530192e+01  1.148796e+01  6.284408e+01
     vertex  4.650882e+01  1.149245e+01  6.280280e+01
   endloop
 endfacet
 facet normal -2.109740e-01 -4.993831e-01 -8.403014e-01
   outer loop
     vertex  5.402388e+01  3.358497e+00  6.626850e+01
     vertex  5.438314e+01  0.000000e+00  6.817422e+01
     vertex  5.342851e+01  0.000000e+00  6.841390e+01
   endloop
 endfacet
 facet normal -2.335962e-01 -4.986455e-01 -8.347368e-01
   outer loop
     vertex  5.402388e+01  3.358497e+00  6.626850e+01
     vertex  5.533109e+01  0.000000e+00  6.790894e+01
     vertex  5.438314e+01  0.000000e+00  6.817422e+01
   endloop
 endfacet
 facet normal -2.464607e-01 -5.011154e-01 -8.295423e-01
   outer loop
     vertex  5.402388e+01  3.358497e+00  6.626850e+01
     vertex  5.541796e+01  3.406681e+00  6.582520e+01
     vertex  5.533109e+01  0.000000e+00  6.790894e+01
   endloop
 endfacet
 facet normal -2.467893e-01 -4.995258e-01 -8.304029e-01
   outer loop
     vertex  5.402388e+01  3.358497e+00  6.626850e+01
     vertex  5.323458e+01  7.481187e+00  6.402308e+01
     vertex  5.541796e+01  3.406681e+00  6.582520e+01
   endloop
 endfacet
 facet normal  7.883536e-01 -6.030096e-01  1.219756e-01
   outer loop
     vertex  3.842326e+01  4.134983e+01  3.789821e+01
     vertex  4.112029e+01  4.510520e+01  3.903212e+01
     vertex  4.109514e+01  4.509371e+01  3.913784e+01
   endloop
 endfacet
 facet normal  7.828532e-01 -6.054880e-01  1.432663e-01
   outer loop
     vertex  3.842326e+01  4.134983e+01  3.789821e+01
     vertex  4.114833e+01  4.511662e+01  3.892713e+01
     vertex  4.112029e+01  4.510520e+01  3.903212e+01
   endloop
 endfacet
 facet normal  7.889440e-01 -6.026874e-01  1.197298e-01
   outer loop
     vertex  3.842326e+01  4.134983e+01  3.789821e+01
     vertex  4.109514e+01  4.509371e+01  3.913784e+01
     vertex  3.835246e+01  4.131706e+01  3.819973e+01
   endloop
 endfacet
 facet normal  8.049799e-01 -5.898279e-01 -6.411173e-02
   outer loop
     vertex  3.541919e+01  3.735708e+01  3.894821e+01
     vertex  3.670676e+01  3.900000e+01  4.000000e+01
     vertex  3.541919e+01  3.730959e+01  3.938512e+01
   endloop
 endfacet
 facet normal  8.092180e-01 -5.869134e-01 -2.643725e-02
   outer loop
     vertex  3.541919e+01  3.735708e+01  3.894821e+01
     vertex  3.822440e+01  4.121711e+01  3.911921e+01
     vertex  3.821012e+01  4.118349e+01  3.942852e+01
   endloop
 endfacet
 facet normal  8.100439e-01 -5.801016e-01 -8.550377e-02
   outer loop
     vertex  3.541919e+01  3.735708e+01  3.894821e+01
     vertex  3.821012e+01  4.118349e+01  3.942852e+01
     vertex  3.670676e+01  3.900000e+01  4.000000e+01
   endloop
 endfacet
 facet normal  7.964769e-01 -5.669317e-01 -2.102691e-01
   outer loop
     vertex  3.288761e+01  3.322597e+01  4.127104e+01
     vertex  3.553987e+01  3.716782e+01  4.068941e+01
     vertex  3.562004e+01  3.712112e+01  4.111898e+01
   endloop
 endfacet
 facet normal  7.888643e-01 -5.630026e-01 -2.464166e-01
   outer loop
     vertex  3.288761e+01  3.322597e+01  4.127104e+01
     vertex  3.562004e+01  3.712112e+01  4.111898e+01
     vertex  3.301661e+01  3.316626e+01  4.182045e+01
   endloop
 endfacet
 facet normal  7.263582e-01 -5.441467e-01 -4.198905e-01
   outer loop
     vertex  3.125025e+01  2.897498e+01  4.469681e+01
     vertex  3.378111e+01  3.293563e+01  4.394217e+01
     vertex  3.403235e+01  3.288065e+01  4.444805e+01
   endloop
 endfacet
 facet normal  7.420365e-01 -5.477860e-01 -3.864095e-01
   outer loop
     vertex  3.125025e+01  2.897498e+01  4.469681e+01
     vertex  3.355346e+01  3.299181e+01  4.342538e+01
     vertex  3.378111e+01  3.293563e+01  4.394217e+01
   endloop
 endfacet
 facet normal  7.263582e-01 -5.441467e-01 -4.198905e-01
   outer loop
     vertex  3.125025e+01  2.897498e+01  4.469681e+01
     vertex  3.403235e+01  3.288065e+01  4.444805e+01
     vertex  3.155817e+01  2.890759e+01  4.531680e+01
   endloop
 endfacet
 facet normal  6.258240e-01 -5.273198e-01 -5.746983e-01
   outer loop
     vertex  3.086838e+01  2.463588e+01  4.893325e+01
     vertex  3.306518e+01  2.865536e+01  4.763737e+01
     vertex  3.350680e+01  2.859730e+01  4.817155e+01
   endloop
 endfacet
 facet normal  6.258240e-01 -5.273198e-01 -5.746983e-01
   outer loop
     vertex  3.086838e+01  2.463588e+01  4.893325e+01
     vertex  3.350680e+01  2.859730e+01  4.817155e+01
     vertex  3.139129e+01  2.456713e+01  4.956576e+01
   endloop
 endfacet
 facet normal  4.925250e-01 -5.134028e-01 -7.027352e-01
   outer loop
     vertex  3.200951e+01  2.025154e+01  5.358579e+01
     vertex  3.375723e+01  2.432011e+01  5.183830e+01
     vertex  3.441107e+01  2.426600e+01  5.233609e+01
   endloop
 endfacet
 facet normal  5.214929e-01 -5.159159e-01 -6.796145e-01
   outer loop
     vertex  3.200951e+01  2.025154e+01  5.358579e+01
     vertex  3.312703e+01  2.437740e+01  5.131124e+01
     vertex  3.375723e+01  2.432011e+01  5.183830e+01
   endloop
 endfacet
 facet normal  4.925250e-01 -5.134028e-01 -7.027352e-01
   outer loop
     vertex  3.200951e+01  2.025154e+01  5.358579e+01
     vertex  3.441107e+01  2.426600e+01  5.233609e+01
     vertex  3.276499e+01  2.018903e+01  5.416096e+01
   endloop
 endfacet
 facet normal  3.334400e-01 -5.031242e-01 -7.972978e-01
   outer loop
     vertex  3.482041e+01  1.587289e+01  5.818605e+01
     vertex  3.602755e+01  1.997823e+01  5.610027e+01
     vertex  3.689476e+01  1.993591e+01  5.648966e+01
   endloop
 endfacet
 facet normal  3.334400e-01 -5.031242e-01 -7.972978e-01
   outer loop
     vertex  3.482041e+01  1.587289e+01  5.818605e+01
     vertex  3.689476e+01  1.993591e+01  5.648966e+01
     vertex  3.580430e+01  1.582487e+01  5.862783e+01
   endloop
 endfacet
 facet normal  1.568979e-01 -4.970223e-01 -8.534353e-01
   outer loop
     vertex  3.930861e+01  1.155503e+01  6.222706e+01
     vertex  3.991197e+01  1.568290e+01  5.993400e+01
     vertex  4.097112e+01  1.566030e+01  6.014187e+01
   endloop
 endfacet
 facet normal  1.568979e-01 -4.970223e-01 -8.534353e-01
   outer loop
     vertex  3.930861e+01  1.155503e+01  6.222706e+01
     vertex  4.097112e+01  1.566030e+01  6.014187e+01
     vertex  4.049336e+01  1.152976e+01  6.245958e+01
   endloop
 endfacet
 facet normal -2.785848e-02 -4.954165e-01 -8.682087e-01
   outer loop
     vertex  4.533393e+01  7.352983e+00  6.520255e+01
     vertex  4.530192e+01  1.148796e+01  6.284408e+01
     vertex  4.666877e+01  7.357947e+00  6.515689e+01
   endloop
 endfacet
 facet normal -1.885655e-01 -4.973280e-01 -8.468223e-01
   outer loop
     vertex  5.261082e+01  3.317270e+00  6.664779e+01
     vertex  5.342851e+01  0.000000e+00  6.841390e+01
     vertex  5.246790e+01  0.000000e+00  6.862780e+01
   endloop
 endfacet
 facet normal -2.109815e-01 -4.993813e-01 -8.403006e-01
   outer loop
     vertex  5.261082e+01  3.317270e+00  6.664779e+01
     vertex  5.402388e+01  3.358497e+00  6.626850e+01
     vertex  5.342851e+01  0.000000e+00  6.841390e+01
   endloop
 endfacet
 facet normal -2.111564e-01 -4.983909e-01 -8.408445e-01
   outer loop
     vertex  5.261082e+01  3.317270e+00  6.664779e+01
     vertex  5.194512e+01  7.443566e+00  6.436919e+01
     vertex  5.323458e+01  7.481187e+00  6.402308e+01
   endloop
 endfacet
 facet normal -2.111564e-01 -4.983909e-01 -8.408445e-01
   outer loop
     vertex  5.261082e+01  3.317270e+00  6.664779e+01
     vertex  5.323458e+01  7.481187e+00  6.402308e+01
     vertex  5.402388e+01  3.358497e+00  6.626850e+01
   endloop
 endfacet
 facet normal -1.750793e-01 -4.974336e-01 -8.496511e-01
   outer loop
     vertex  5.261082e+01  3.317270e+00  6.664779e+01
     vertex  5.064106e+01  7.412373e+00  6.465617e+01
     vertex  5.194512e+01  7.443566e+00  6.436919e+01
   endloop
 endfacet
 facet normal  7.769076e-01 -6.077566e-01  1.644582e-01
   outer loop
     vertex  3.850789e+01  4.138222e+01  3.760022e+01
     vertex  4.117925e+01  4.512794e+01  3.882294e+01
     vertex  4.114833e+01  4.511662e+01  3.892713e+01
   endloop
 endfacet
 facet normal  7.704001e-01 -6.099812e-01  1.854902e-01
   outer loop
     vertex  3.850789e+01  4.138222e+01  3.760022e+01
     vertex  4.121301e+01  4.513917e+01  3.871963e+01
     vertex  4.117925e+01  4.512794e+01  3.882294e+01
   endloop
 endfacet
 facet normal  7.796931e-01 -6.065450e-01  1.555053e-01
   outer loop
     vertex  3.850789e+01  4.138222e+01  3.760022e+01
     vertex  4.114833e+01  4.511662e+01  3.892713e+01
     vertex  3.842326e+01  4.134983e+01  3.789821e+01
   endloop
 endfacet
 facet normal  8.092180e-01 -5.869134e-01 -2.643725e-02
   outer loop
     vertex  3.543933e+01  3.740452e+01  3.851177e+01
     vertex  3.822440e+01  4.121711e+01  3.911921e+01
     vertex  3.541919e+01  3.735708e+01  3.894821e+01
   endloop
 endfacet
 facet normal  8.024144e-01 -5.708943e-01 -1.738127e-01
   outer loop
     vertex  3.278409e+01  3.328627e+01  4.071633e+01
     vertex  3.547959e+01  3.721486e+01  4.025663e+01
     vertex  3.553987e+01  3.716782e+01  4.068941e+01
   endloop
 endfacet
 facet normal  7.964769e-01 -5.669317e-01 -2.102691e-01
   outer loop
     vertex  3.278409e+01  3.328627e+01  4.071633e+01
     vertex  3.553987e+01  3.716782e+01  4.068941e+01
     vertex  3.288761e+01  3.322597e+01  4.127104e+01
   endloop
 endfacet
 facet normal  7.420365e-01 -5.477860e-01 -3.864095e-01
   outer loop
     vertex  3.097125e+01  2.904383e+01  4.406343e+01
     vertex  3.355346e+01  3.299181e+01  4.342538e+01
     vertex  3.125025e+01  2.897498e+01  4.469681e+01
   endloop
 endfacet
 facet normal  6.487472e-01 -5.304787e-01 -5.456368e-01
   outer loop
     vertex  3.037519e+01  2.470715e+01  4.827758e+01
     vertex  3.306518e+01  2.865536e+01  4.763737e+01
     vertex  3.086838e+01  2.463588e+01  4.893325e+01
   endloop
 endfacet
 facet normal  6.487472e-01 -5.304787e-01 -5.456368e-01
   outer loop
     vertex  3.037519e+01  2.470715e+01  4.827758e+01
     vertex  3.264866e+01  2.871555e+01  4.708362e+01
     vertex  3.306518e+01  2.865536e+01  4.763737e+01
   endloop
 endfacet
 facet normal  5.214929e-01 -5.159159e-01 -6.796145e-01
   outer loop
     vertex  3.128135e+01  2.031774e+01  5.297679e+01
     vertex  3.312703e+01  2.437740e+01  5.131124e+01
     vertex  3.200951e+01  2.025154e+01  5.358579e+01
   endloop
 endfacet
 facet normal  3.669362e-01 -5.048600e-01 -7.813285e-01
   outer loop
     vertex  3.385793e+01  1.592574e+01  5.769989e+01
     vertex  3.602755e+01  1.997823e+01  5.610027e+01
     vertex  3.482041e+01  1.587289e+01  5.818605e+01
   endloop
 endfacet
 facet normal  3.669362e-01 -5.048600e-01 -7.813285e-01
   outer loop
     vertex  3.385793e+01  1.592574e+01  5.769989e+01
     vertex  3.517920e+01  2.002481e+01  5.567176e+01
     vertex  3.602755e+01  1.997823e+01  5.610027e+01
   endloop
 endfacet
 facet normal  1.931686e-01 -4.978899e-01 -8.454535e-01
   outer loop
     vertex  3.813584e+01  1.158615e+01  6.194078e+01
     vertex  3.886353e+01  1.571072e+01  5.967807e+01
     vertex  3.991197e+01  1.568290e+01  5.993400e+01
   endloop
 endfacet
 facet normal  1.931686e-01 -4.978899e-01 -8.454535e-01
   outer loop
     vertex  3.813584e+01  1.158615e+01  6.194078e+01
     vertex  3.991197e+01  1.568290e+01  5.993400e+01
     vertex  3.930861e+01  1.155503e+01  6.222706e+01
   endloop
 endfacet
 facet normal  2.290331e-01 -4.989363e-01 -8.358268e-01
   outer loop
     vertex  3.813584e+01  1.158615e+01  6.194078e+01
     vertex  3.782799e+01  1.574370e+01  5.937462e+01
     vertex  3.886353e+01  1.571072e+01  5.967807e+01
   endloop
 endfacet
 facet normal  9.287786e-03 -4.953705e-01 -8.686322e-01
   outer loop
     vertex  4.399838e+01  7.354638e+00  6.518733e+01
     vertex  4.530192e+01  1.148796e+01  6.284408e+01
     vertex  4.533393e+01  7.352983e+00  6.520255e+01
   endloop
 endfacet
 facet normal  9.287786e-03 -4.953705e-01 -8.686322e-01
   outer loop
     vertex  4.399838e+01  7.354638e+00  6.518733e+01
     vertex  4.409439e+01  1.148946e+01  6.283032e+01
     vertex  4.530192e+01  1.148796e+01  6.284408e+01
   endloop
 endfacet
 facet normal -1.427876e-01 -4.971122e-01 -8.558570e-01
   outer loop
     vertex  5.118176e+01  3.283086e+00  6.696227e+01
     vertex  5.150197e+01  0.000000e+00  6.881578e+01
     vertex  5.053141e+01  0.000000e+00  6.897771e+01
   endloop
 endfacet
 facet normal -1.657605e-01 -4.970348e-01 -8.517511e-01
   outer loop
     vertex  5.118176e+01  3.283086e+00  6.696227e+01
     vertex  5.246790e+01  0.000000e+00  6.862780e+01
     vertex  5.150197e+01  0.000000e+00  6.881578e+01
   endloop
 endfacet
 facet normal -1.748404e-01 -4.990657e-01 -8.487428e-01
   outer loop
     vertex  5.118176e+01  3.283086e+00  6.696227e+01
     vertex  5.261082e+01  3.317270e+00  6.664779e+01
     vertex  5.246790e+01  0.000000e+00  6.862780e+01
   endloop
 endfacet
 facet normal -1.750793e-01 -4.974336e-01 -8.496511e-01
   outer loop
     vertex  5.118176e+01  3.283086e+00  6.696227e+01
     vertex  5.064106e+01  7.412373e+00  6.465617e+01
     vertex  5.261082e+01  3.317270e+00  6.664779e+01
   endloop
 endfacet
 facet normal  7.631950e-01 -6.123589e-01  2.062764e-01
   outer loop
     vertex  3.860617e+01  4.141416e+01  3.730641e+01
     vertex  4.124960e+01  4.515030e+01  3.861727e+01
     vertex  4.121301e+01  4.513917e+01  3.871963e+01
   endloop
 endfacet
 facet normal  7.687727e-01 -6.103939e-01  1.908082e-01
   outer loop
     vertex  3.860617e+01  4.141416e+01  3.730641e+01
     vertex  4.121301e+01  4.513917e+01  3.871963e+01
     vertex  3.850789e+01  4.138222e+01  3.760022e+01
   endloop
 endfacet
 facet normal  8.024144e-01 -5.949061e-01  4.709527e-02
   outer loop
     vertex  3.547959e+01  3.745181e+01  3.807670e+01
     vertex  3.829564e+01  4.128397e+01  3.850417e+01
     vertex  3.825293e+01  4.125063e+01  3.881088e+01
   endloop
 endfacet
 facet normal  8.066644e-01 -5.909182e-01  1.040657e-02
   outer loop
     vertex  3.547959e+01  3.745181e+01  3.807670e+01
     vertex  3.822440e+01  4.121711e+01  3.911921e+01
     vertex  3.543933e+01  3.740452e+01  3.851177e+01
   endloop
 endfacet
 facet normal  8.066644e-01 -5.909182e-01  1.040657e-02
   outer loop
     vertex  3.547959e+01  3.745181e+01  3.807670e+01
     vertex  3.825293e+01  4.125063e+01  3.881088e+01
     vertex  3.822440e+01  4.121711e+01  3.911921e+01
   endloop
 endfacet
 facet normal  8.024144e-01 -5.708943e-01 -1.738127e-01
   outer loop
     vertex  3.270625e+01  3.334701e+01  4.015748e+01
     vertex  3.547959e+01  3.721486e+01  4.025663e+01
     vertex  3.278409e+01  3.328627e+01  4.071633e+01
   endloop
 endfacet
 facet normal  7.561543e-01 -5.514991e-01 -3.522492e-01
   outer loop
     vertex  3.072175e+01  2.911399e+01  4.341800e+01
     vertex  3.334989e+01  3.304905e+01  4.289875e+01
     vertex  3.355346e+01  3.299181e+01  4.342538e+01
   endloop
 endfacet
 facet normal  7.561543e-01 -5.514991e-01 -3.522492e-01
   outer loop
     vertex  3.072175e+01  2.911399e+01  4.341800e+01
     vertex  3.355346e+01  3.299181e+01  4.342538e+01
     vertex  3.097125e+01  2.904383e+01  4.406343e+01
   endloop
 endfacet
 facet normal  6.703061e-01 -5.337478e-01 -5.155610e-01
   outer loop
     vertex  2.991276e+01  2.478078e+01  4.760011e+01
     vertex  3.225811e+01  2.877774e+01  4.651146e+01
     vertex  3.264866e+01  2.871555e+01  4.708362e+01
   endloop
 endfacet
 facet normal  6.703061e-01 -5.337478e-01 -5.155610e-01
   outer loop
     vertex  2.991276e+01  2.478078e+01  4.760011e+01
     vertex  3.264866e+01  2.871555e+01  4.708362e+01
     vertex  3.037519e+01  2.470715e+01  4.827758e+01
   endloop
 endfacet
 facet normal  5.493642e-01 -5.185699e-01 -6.551979e-01
   outer loop
     vertex  3.058204e+01  2.038747e+01  5.233525e+01
     vertex  3.252180e+01  2.443775e+01  5.075601e+01
     vertex  3.312703e+01  2.437740e+01  5.131124e+01
   endloop
 endfacet
 facet normal  5.493642e-01 -5.185699e-01 -6.551979e-01
   outer loop
     vertex  3.058204e+01  2.038747e+01  5.233525e+01
     vertex  3.312703e+01  2.437740e+01  5.131124e+01
     vertex  3.128135e+01  2.031774e+01  5.297679e+01
   endloop
 endfacet
 facet normal  3.996607e-01 -5.067599e-01 -7.638493e-01
   outer loop
     vertex  3.291888e+01  1.598329e+01  5.717038e+01
     vertex  3.517920e+01  2.002481e+01  5.567176e+01
     vertex  3.385793e+01  1.592574e+01  5.769989e+01
   endloop
 endfacet
 facet normal  4.315447e-01 -5.088200e-01 -7.448969e-01
   outer loop
     vertex  3.291888e+01  1.598329e+01  5.717038e+01
     vertex  3.354621e+01  2.013032e+01  5.470109e+01
     vertex  3.435151e+01  2.007554e+01  5.520504e+01
   endloop
 endfacet
 facet normal  3.996607e-01 -5.067599e-01 -7.638493e-01
   outer loop
     vertex  3.291888e+01  1.598329e+01  5.717038e+01
     vertex  3.435151e+01  2.007554e+01  5.520504e+01
     vertex  3.517920e+01  2.002481e+01  5.567176e+01
   endloop
 endfacet
 facet normal  2.290331e-01 -4.989363e-01 -8.358268e-01
   outer loop
     vertex  3.697750e+01  1.162304e+01  6.160135e+01
     vertex  3.782799e+01  1.574370e+01  5.937462e+01
     vertex  3.813584e+01  1.158615e+01  6.194078e+01
   endloop
 endfacet
 facet normal  4.641452e-02 -4.955085e-01 -8.673621e-01
   outer loop
     vertex  4.266495e+01  7.362908e+00  6.511125e+01
     vertex  4.409439e+01  1.148946e+01  6.283032e+01
     vertex  4.399838e+01  7.354638e+00  6.518733e+01
   endloop
 endfacet
 facet normal  4.641452e-02 -4.955085e-01 -8.673621e-01
   outer loop
     vertex  4.266495e+01  7.362908e+00  6.511125e+01
     vertex  4.288876e+01  1.149693e+01  6.276153e+01
     vertex  4.409439e+01  1.148946e+01  6.283032e+01
   endloop
 endfacet
 facet normal -1.198222e-01 -4.957715e-01 -8.601473e-01
   outer loop
     vertex  4.973970e+01  3.256019e+00  6.721129e+01
     vertex  5.053141e+01  0.000000e+00  6.897771e+01
     vertex  4.955692e+01  0.000000e+00  6.911346e+01
   endloop
 endfacet
 facet normal -1.386340e-01 -4.966561e-01 -8.568041e-01
   outer loop
     vertex  4.973970e+01  3.256019e+00  6.721129e+01
     vertex  5.064106e+01  7.412373e+00  6.465617e+01
     vertex  5.118176e+01  3.283086e+00  6.696227e+01
   endloop
 endfacet
 facet normal -1.018972e-01 -4.960600e-01 -8.622885e-01
   outer loop
     vertex  4.973970e+01  3.256019e+00  6.721129e+01
     vertex  4.800011e+01  7.369518e+00  6.505044e+01
     vertex  4.932513e+01  7.387673e+00  6.488341e+01
   endloop
 endfacet
 facet normal -1.384711e-01 -4.980633e-01 -8.560133e-01
   outer loop
     vertex  4.973970e+01  3.256019e+00  6.721129e+01
     vertex  5.118176e+01  3.283086e+00  6.696227e+01
     vertex  5.053141e+01  0.000000e+00  6.897771e+01
   endloop
 endfacet
 facet normal -1.386340e-01 -4.966561e-01 -8.568041e-01
   outer loop
     vertex  4.973970e+01  3.256019e+00  6.721129e+01
     vertex  4.932513e+01  7.387673e+00  6.488341e+01
     vertex  5.064106e+01  7.412373e+00  6.465617e+01
   endloop
 endfacet
 facet normal  7.556393e-01 -6.144034e-01  2.269753e-01
   outer loop
     vertex  3.871789e+01  4.144557e+01  3.701739e+01
     vertex  4.128899e+01  4.516131e+01  3.851595e+01
     vertex  4.124960e+01  4.515030e+01  3.861727e+01
   endloop
 endfacet
 facet normal  7.472544e-01 -6.168038e-01  2.473135e-01
   outer loop
     vertex  3.871789e+01  4.144557e+01  3.701739e+01
     vertex  4.133115e+01  4.517220e+01  3.841573e+01
     vertex  4.128899e+01  4.516131e+01  3.851595e+01
   endloop
 endfacet
 facet normal  7.562264e-01 -6.141981e-01  2.255709e-01
   outer loop
     vertex  3.871789e+01  4.144557e+01  3.701739e+01
     vertex  4.124960e+01  4.515030e+01  3.861727e+01
     vertex  3.860617e+01  4.141416e+01  3.730641e+01
   endloop
 endfacet
 facet normal  8.024144e-01 -5.949061e-01  4.709527e-02
   outer loop
     vertex  3.553987e+01  3.749885e+01  3.764392e+01
     vertex  3.829564e+01  4.128397e+01  3.850417e+01
     vertex  3.547959e+01  3.745181e+01  3.807670e+01
   endloop
 endfacet
 facet normal  8.066644e-01 -5.748822e-01 -1.371240e-01
   outer loop
     vertex  3.265427e+01  3.340808e+01  3.959567e+01
     vertex  3.543933e+01  3.726215e+01  3.982157e+01
     vertex  3.547959e+01  3.721486e+01  4.025663e+01
   endloop
 endfacet
 facet normal  8.066644e-01 -5.748822e-01 -1.371240e-01
   outer loop
     vertex  3.265427e+01  3.340808e+01  3.959567e+01
     vertex  3.547959e+01  3.721486e+01  4.025663e+01
     vertex  3.270625e+01  3.334701e+01  4.015748e+01
   endloop
 endfacet
 facet normal  8.092180e-01 -5.788870e-01 -1.002802e-01
   outer loop
     vertex  3.265427e+01  3.340808e+01  3.959567e+01
     vertex  3.541919e+01  3.730959e+01  3.938512e+01
     vertex  3.543933e+01  3.726215e+01  3.982157e+01
   endloop
 endfacet
 facet normal  7.686818e-01 -5.552782e-01 -3.174813e-01
   outer loop
     vertex  3.050227e+01  2.918530e+01  4.276187e+01
     vertex  3.317081e+01  3.310724e+01  4.236340e+01
     vertex  3.334989e+01  3.304905e+01  4.289875e+01
   endloop
 endfacet
 facet normal  7.686818e-01 -5.552782e-01 -3.174813e-01
   outer loop
     vertex  3.050227e+01  2.918530e+01  4.276187e+01
     vertex  3.334989e+01  3.304905e+01  4.289875e+01
     vertex  3.072175e+01  2.911399e+01  4.341800e+01
   endloop
 endfacet
 facet normal  6.904553e-01 -5.371203e-01 -4.845342e-01
   outer loop
     vertex  2.948206e+01  2.485664e+01  4.690228e+01
     vertex  3.189436e+01  2.884180e+01  4.592211e+01
     vertex  3.225811e+01  2.877774e+01  4.651146e+01
   endloop
 endfacet
 facet normal  7.091524e-01 -5.405890e-01 -4.526216e-01
   outer loop
     vertex  2.948206e+01  2.485664e+01  4.690228e+01
     vertex  3.155817e+01  2.890759e+01  4.531680e+01
     vertex  3.189436e+01  2.884180e+01  4.592211e+01
   endloop
 endfacet
 facet normal  6.904553e-01 -5.371203e-01 -4.845342e-01
   outer loop
     vertex  2.948206e+01  2.485664e+01  4.690228e+01
     vertex  3.225811e+01  2.877774e+01  4.651146e+01
     vertex  2.991276e+01  2.478078e+01  4.760011e+01
   endloop
 endfacet
 facet normal  5.760802e-01 -5.213591e-01 -6.295365e-01
   outer loop
     vertex  2.991305e+01  2.046060e+01  5.166250e+01
     vertex  3.194282e+01  2.450104e+01  5.017377e+01
     vertex  3.252180e+01  2.443775e+01  5.075601e+01
   endloop
 endfacet
 facet normal  6.015847e-01 -5.242778e-01 -6.026845e-01
   outer loop
     vertex  2.991305e+01  2.046060e+01  5.166250e+01
     vertex  3.139129e+01  2.456713e+01  4.956576e+01
     vertex  3.194282e+01  2.450104e+01  5.017377e+01
   endloop
 endfacet
 facet normal  5.760802e-01 -5.213591e-01 -6.295365e-01
   outer loop
     vertex  2.991305e+01  2.046060e+01  5.166250e+01
     vertex  3.252180e+01  2.443775e+01  5.075601e+01
     vertex  3.058204e+01  2.038747e+01  5.233525e+01
   endloop
 endfacet
 facet normal  4.315447e-01 -5.088200e-01 -7.448969e-01
   outer loop
     vertex  3.200523e+01  1.604544e+01  5.659862e+01
     vertex  3.354621e+01  2.013032e+01  5.470109e+01
     vertex  3.291888e+01  1.598329e+01  5.717038e+01
   endloop
 endfacet
 facet normal  2.644159e-01 -5.001592e-01 -8.245757e-01
   outer loop
     vertex  3.583603e+01  1.166564e+01  6.120948e+01
     vertex  3.680753e+01  1.578178e+01  5.902429e+01
     vertex  3.782799e+01  1.574370e+01  5.937462e+01
   endloop
 endfacet
 facet normal  2.644159e-01 -5.001592e-01 -8.245757e-01
   outer loop
     vertex  3.583603e+01  1.166564e+01  6.120948e+01
     vertex  3.782799e+01  1.574370e+01  5.937462e+01
     vertex  3.697750e+01  1.162304e+01  6.160135e+01
   endloop
 endfacet
 facet normal  8.344364e-02 -4.958304e-01 -8.644012e-01
   outer loop
     vertex  4.133642e+01  7.377774e+00  6.497448e+01
     vertex  4.288876e+01  1.149693e+01  6.276153e+01
     vertex  4.266495e+01  7.362908e+00  6.511125e+01
   endloop
 endfacet
 facet normal  8.344364e-02 -4.958304e-01 -8.644012e-01
   outer loop
     vertex  4.133642e+01  7.377774e+00  6.497448e+01
     vertex  4.168758e+01  1.151038e+01  6.263787e+01
     vertex  4.288876e+01  1.149693e+01  6.276153e+01
   endloop
 endfacet
 facet normal  1.202973e-01 -4.963353e-01 -8.597557e-01
   outer loop
     vertex  4.133642e+01  7.377774e+00  6.497448e+01
     vertex  4.049336e+01  1.152976e+01  6.245958e+01
     vertex  4.168758e+01  1.151038e+01  6.263787e+01
   endloop
 endfacet
 facet normal -1.017709e-01 -4.975445e-01 -8.614477e-01
   outer loop
     vertex  4.828767e+01  3.236124e+00  6.739433e+01
     vertex  4.973970e+01  3.256019e+00  6.721129e+01
     vertex  4.955692e+01  0.000000e+00  6.911346e+01
   endloop
 endfacet
 facet normal -7.339374e-02 -4.956318e-01 -8.654262e-01
   outer loop
     vertex  4.828767e+01  3.236124e+00  6.739433e+01
     vertex  4.857919e+01  0.000000e+00  6.922294e+01
     vertex  4.759892e+01  0.000000e+00  6.930607e+01
   endloop
 endfacet
 facet normal -9.661122e-02 -4.962366e-01 -8.627952e-01
   outer loop
     vertex  4.828767e+01  3.236124e+00  6.739433e+01
     vertex  4.955692e+01  0.000000e+00  6.911346e+01
     vertex  4.857919e+01  0.000000e+00  6.922294e+01
   endloop
 endfacet
 facet normal -1.018972e-01 -4.960600e-01 -8.622885e-01
   outer loop
     vertex  4.828767e+01  3.236124e+00  6.739433e+01
     vertex  4.800011e+01  7.369518e+00  6.505044e+01
     vertex  4.973970e+01  3.256019e+00  6.721129e+01
   endloop
 endfacet
 facet normal  7.384735e-01 -6.189469e-01  2.675101e-01
   outer loop
     vertex  3.884283e+01  4.147640e+01  3.673376e+01
     vertex  4.137605e+01  4.518297e+01  3.831669e+01
     vertex  4.133115e+01  4.517220e+01  3.841573e+01
   endloop
 endfacet
 facet normal  7.291301e-01 -6.210789e-01  2.874548e-01
   outer loop
     vertex  3.884283e+01  4.147640e+01  3.673376e+01
     vertex  4.142365e+01  4.519360e+01  3.821891e+01
     vertex  4.137605e+01  4.518297e+01  3.831669e+01
   endloop
 endfacet
 facet normal  7.421310e-01 -6.178772e-01  2.597486e-01
   outer loop
     vertex  3.884283e+01  4.147640e+01  3.673376e+01
     vertex  4.133115e+01  4.517220e+01  3.841573e+01
     vertex  3.871789e+01  4.144557e+01  3.701739e+01
   endloop
 endfacet
 facet normal  7.964769e-01 -5.988687e-01  8.355167e-02
   outer loop
     vertex  3.562004e+01  3.754554e+01  3.721435e+01
     vertex  3.829564e+01  4.128397e+01  3.850417e+01
     vertex  3.553987e+01  3.749885e+01  3.764392e+01
   endloop
 endfacet
 facet normal  7.964769e-01 -5.988687e-01  8.355167e-02
   outer loop
     vertex  3.562004e+01  3.754554e+01  3.721435e+01
     vertex  3.835246e+01  4.131706e+01  3.819973e+01
     vertex  3.829564e+01  4.128397e+01  3.850417e+01
   endloop
 endfacet
 facet normal  7.888643e-01 -6.027978e-01  1.196991e-01
   outer loop
     vertex  3.562004e+01  3.754554e+01  3.721435e+01
     vertex  3.842326e+01  4.134983e+01  3.789821e+01
     vertex  3.835246e+01  4.131706e+01  3.819973e+01
   endloop
 endfacet
 facet normal  8.092180e-01 -5.788870e-01 -1.002802e-01
   outer loop
     vertex  3.262825e+01  3.346934e+01  3.903209e+01
     vertex  3.541919e+01  3.730959e+01  3.938512e+01
     vertex  3.265427e+01  3.340808e+01  3.959567e+01
   endloop
 endfacet
 facet normal  7.795928e-01 -5.591154e-01 -2.821790e-01
   outer loop
     vertex  3.031329e+01  2.925763e+01  4.209644e+01
     vertex  3.301661e+01  3.316626e+01  4.182045e+01
     vertex  3.317081e+01  3.310724e+01  4.236340e+01
   endloop
 endfacet
 facet normal  7.795928e-01 -5.591154e-01 -2.821790e-01
   outer loop
     vertex  3.031329e+01  2.925763e+01  4.209644e+01
     vertex  3.317081e+01  3.310724e+01  4.236340e+01
     vertex  3.050227e+01  2.918530e+01  4.276187e+01
   endloop
 endfacet
 facet normal  7.091524e-01 -5.405890e-01 -4.526216e-01
   outer loop
     vertex  2.908399e+01  2.493454e+01  4.618555e+01
     vertex  3.155817e+01  2.890759e+01  4.531680e+01
     vertex  2.948206e+01  2.485664e+01  4.690228e+01
   endloop
 endfacet
 facet normal  6.015847e-01 -5.242778e-01 -6.026845e-01
   outer loop
     vertex  2.927578e+01  2.053696e+01  5.095998e+01
     vertex  3.139129e+01  2.456713e+01  4.956576e+01
     vertex  2.991305e+01  2.046060e+01  5.166250e+01
   endloop
 endfacet
 facet normal  4.625212e-01 -5.110358e-01 -7.245113e-01
   outer loop
     vertex  3.111892e+01  1.611205e+01  5.598582e+01
     vertex  3.354621e+01  2.013032e+01  5.470109e+01
     vertex  3.200523e+01  1.604544e+01  5.659862e+01
   endloop
 endfacet
 facet normal  4.625212e-01 -5.110358e-01 -7.245113e-01
   outer loop
     vertex  3.111892e+01  1.611205e+01  5.598582e+01
     vertex  3.276499e+01  2.018903e+01  5.416096e+01
     vertex  3.354621e+01  2.013032e+01  5.470109e+01
   endloop
 endfacet
 facet normal  4.925250e-01 -5.134028e-01 -7.027352e-01
   outer loop
     vertex  3.111892e+01  1.611205e+01  5.598582e+01
     vertex  3.200951e+01  2.025154e+01  5.358579e+01
     vertex  3.276499e+01  2.018903e+01  5.416096e+01
   endloop
 endfacet
 facet normal  2.992426e-01 -5.015562e-01 -8.117236e-01
   outer loop
     vertex  3.471384e+01  1.171384e+01  6.076599e+01
     vertex  3.580430e+01  1.582487e+01  5.862783e+01
     vertex  3.680753e+01  1.578178e+01  5.902429e+01
   endloop
 endfacet
 facet normal  2.992426e-01 -5.015562e-01 -8.117236e-01
   outer loop
     vertex  3.471384e+01  1.171384e+01  6.076599e+01
     vertex  3.680753e+01  1.578178e+01  5.902429e+01
     vertex  3.583603e+01  1.166564e+01  6.120948e+01
   endloop
 endfacet
 facet normal  3.334400e-01 -5.031242e-01 -7.972978e-01
   outer loop
     vertex  3.471384e+01  1.171384e+01  6.076599e+01
     vertex  3.482041e+01  1.587289e+01  5.818605e+01
     vertex  3.580430e+01  1.582487e+01  5.862783e+01
   endloop
 endfacet
 facet normal  1.202973e-01 -4.963353e-01 -8.597557e-01
   outer loop
     vertex  4.001559e+01  7.399207e+00  6.477729e+01
     vertex  4.049336e+01  1.152976e+01  6.245958e+01
     vertex  4.133642e+01  7.377774e+00  6.497448e+01
   endloop
 endfacet
 facet normal -5.010260e-02 -4.950301e-01 -8.674300e-01
   outer loop
     vertex  4.682873e+01  3.223444e+00  6.751098e+01
     vertex  4.759892e+01  0.000000e+00  6.930607e+01
     vertex  4.661679e+01  0.000000e+00  6.936280e+01
   endloop
 endfacet
 facet normal -6.485705e-02 -4.972896e-01 -8.651570e-01
   outer loop
     vertex  4.682873e+01  3.223444e+00  6.751098e+01
     vertex  4.828767e+01  3.236124e+00  6.739433e+01
     vertex  4.759892e+01  0.000000e+00  6.930607e+01
   endloop
 endfacet
 facet normal -2.785848e-02 -4.954165e-01 -8.682087e-01
   outer loop
     vertex  4.682873e+01  3.223444e+00  6.751098e+01
     vertex  4.533393e+01  7.352983e+00  6.520255e+01
     vertex  4.666877e+01  7.357947e+00  6.515689e+01
   endloop
 endfacet
 facet normal -6.494615e-02 -4.956465e-01 -8.660927e-01
   outer loop
     vertex  4.682873e+01  3.223444e+00  6.751098e+01
     vertex  4.800011e+01  7.369518e+00  6.505044e+01
     vertex  4.828767e+01  3.236124e+00  6.739433e+01
   endloop
 endfacet
 facet normal -6.494615e-02 -4.956465e-01 -8.660927e-01
   outer loop
     vertex  4.682873e+01  3.223444e+00  6.751098e+01
     vertex  4.666877e+01  7.357947e+00  6.515689e+01
     vertex  4.800011e+01  7.369518e+00  6.505044e+01
   endloop
 endfacet
 facet normal  7.191546e-01 -6.233130e-01  3.070793e-01
   outer loop
     vertex  3.898072e+01  4.150658e+01  3.645612e+01
     vertex  4.147393e+01  4.520408e+01  3.812246e+01
     vertex  4.142365e+01  4.519360e+01  3.821891e+01
   endloop
 endfacet
 facet normal  7.264464e-01 -6.215234e-01  2.932310e-01
   outer loop
     vertex  3.898072e+01  4.150658e+01  3.645612e+01
     vertex  4.142365e+01  4.519360e+01  3.821891e+01
     vertex  3.884283e+01  4.147640e+01  3.673376e+01
   endloop
 endfacet
 facet normal  7.888643e-01 -6.027978e-01  1.196991e-01
   outer loop
     vertex  3.571993e+01  3.759179e+01  3.678888e+01
     vertex  3.842326e+01  4.134983e+01  3.789821e+01
     vertex  3.562004e+01  3.754554e+01  3.721435e+01
   endloop
 endfacet
 facet normal  7.795928e-01 -6.066850e-01  1.554616e-01
   outer loop
     vertex  3.571993e+01  3.759179e+01  3.678888e+01
     vertex  3.850789e+01  4.138222e+01  3.760022e+01
     vertex  3.842326e+01  4.134983e+01  3.789821e+01
   endloop
 endfacet
 facet normal  8.100698e-01 -5.829002e-01 -6.335872e-02
   outer loop
     vertex  3.262825e+01  3.353066e+01  3.846791e+01
     vertex  3.541919e+01  3.730959e+01  3.938512e+01
     vertex  3.262825e+01  3.346934e+01  3.903209e+01
   endloop
 endfacet
 facet normal  8.092180e-01 -5.869134e-01 -2.643725e-02
   outer loop
     vertex  3.262825e+01  3.353066e+01  3.846791e+01
     vertex  3.543933e+01  3.740452e+01  3.851177e+01
     vertex  3.541919e+01  3.735708e+01  3.894821e+01
   endloop
 endfacet
 facet normal  8.100698e-01 -5.829002e-01 -6.335872e-02
   outer loop
     vertex  3.262825e+01  3.353066e+01  3.846791e+01
     vertex  3.541919e+01  3.735708e+01  3.894821e+01
     vertex  3.541919e+01  3.730959e+01  3.938512e+01
   endloop
 endfacet
 facet normal  7.964769e-01 -5.669317e-01 -2.102691e-01
   outer loop
     vertex  3.015519e+01  2.933082e+01  4.142309e+01
     vertex  3.278409e+01  3.328627e+01  4.071633e+01
     vertex  3.288761e+01  3.322597e+01  4.127104e+01
   endloop
 endfacet
 facet normal  7.888643e-01 -5.630026e-01 -2.464166e-01
   outer loop
     vertex  3.015519e+01  2.933082e+01  4.142309e+01
     vertex  3.301661e+01  3.316626e+01  4.182045e+01
     vertex  3.031329e+01  2.925763e+01  4.209644e+01
   endloop
 endfacet
 facet normal  7.888643e-01 -5.630026e-01 -2.464166e-01
   outer loop
     vertex  3.015519e+01  2.933082e+01  4.142309e+01
     vertex  3.288761e+01  3.322597e+01  4.127104e+01
     vertex  3.301661e+01  3.316626e+01  4.182045e+01
   endloop
 endfacet
 facet normal  7.263582e-01 -5.441467e-01 -4.198905e-01
   outer loop
     vertex  2.871939e+01  2.501434e+01  4.545144e+01
     vertex  3.125025e+01  2.897498e+01  4.469681e+01
     vertex  3.155817e+01  2.890759e+01  4.531680e+01
   endloop
 endfacet
 facet normal  7.263582e-01 -5.441467e-01 -4.198905e-01
   outer loop
     vertex  2.871939e+01  2.501434e+01  4.545144e+01
     vertex  3.155817e+01  2.890759e+01  4.531680e+01
     vertex  2.908399e+01  2.493454e+01  4.618555e+01
   endloop
 endfacet
 facet normal  6.258240e-01 -5.273198e-01 -5.746983e-01
   outer loop
     vertex  2.867159e+01  2.061640e+01  5.022914e+01
     vertex  3.086838e+01  2.463588e+01  4.893325e+01
     vertex  3.139129e+01  2.456713e+01  4.956576e+01
   endloop
 endfacet
 facet normal  6.258240e-01 -5.273198e-01 -5.746983e-01
   outer loop
     vertex  2.867159e+01  2.061640e+01  5.022914e+01
     vertex  3.139129e+01  2.456713e+01  4.956576e+01
     vertex  2.927578e+01  2.053696e+01  5.095998e+01
   endloop
 endfacet
 facet normal  4.925250e-01 -5.134028e-01 -7.027352e-01
   outer loop
     vertex  3.026179e+01  1.618298e+01  5.533327e+01
     vertex  3.200951e+01  2.025154e+01  5.358579e+01
     vertex  3.111892e+01  1.611205e+01  5.598582e+01
   endloop
 endfacet
 facet normal  3.334400e-01 -5.031242e-01 -7.972978e-01
   outer loop
     vertex  3.361327e+01  1.176755e+01  6.027183e+01
     vertex  3.482041e+01  1.587289e+01  5.818605e+01
     vertex  3.471384e+01  1.171384e+01  6.076599e+01
   endloop
 endfacet
 facet normal  1.568979e-01 -4.970223e-01 -8.534353e-01
   outer loop
     vertex  3.870525e+01  7.427161e+00  6.452012e+01
     vertex  3.930861e+01  1.155503e+01  6.222706e+01
     vertex  4.049336e+01  1.152976e+01  6.245958e+01
   endloop
 endfacet
 facet normal  1.931686e-01 -4.978899e-01 -8.454535e-01
   outer loop
     vertex  3.870525e+01  7.427161e+00  6.452012e+01
     vertex  3.813584e+01  1.158615e+01  6.194078e+01
     vertex  3.930861e+01  1.155503e+01  6.222706e+01
   endloop
 endfacet
 facet normal  1.568979e-01 -4.970223e-01 -8.534353e-01
   outer loop
     vertex  3.870525e+01  7.427161e+00  6.452012e+01
     vertex  4.049336e+01  1.152976e+01  6.245958e+01
     vertex  4.001559e+01  7.399207e+00  6.477729e+01
   endloop
 endfacet
 facet normal -3.367305e-03 -4.949617e-01 -8.689083e-01
   outer loop
     vertex  4.536594e+01  3.218005e+00  6.756103e+01
     vertex  4.563352e+01  0.000000e+00  6.939308e+01
     vertex  4.464979e+01  0.000000e+00  6.939689e+01
   endloop
 endfacet
 facet normal -2.672341e-02 -4.962536e-01 -8.677662e-01
   outer loop
     vertex  4.536594e+01  3.218005e+00  6.756103e+01
     vertex  4.661679e+01  0.000000e+00  6.936280e+01
     vertex  4.563352e+01  0.000000e+00  6.939308e+01
   endloop
 endfacet
 facet normal -2.783178e-02 -4.965651e-01 -8.675531e-01
   outer loop
     vertex  4.536594e+01  3.218005e+00  6.756103e+01
     vertex  4.682873e+01  3.223444e+00  6.751098e+01
     vertex  4.661679e+01  0.000000e+00  6.936280e+01
   endloop
 endfacet
 facet normal -2.785848e-02 -4.954165e-01 -8.682087e-01
   outer loop
     vertex  4.536594e+01  3.218005e+00  6.756103e+01
     vertex  4.533393e+01  7.352983e+00  6.520255e+01
     vertex  4.682873e+01  3.223444e+00  6.751098e+01
   endloop
 endfacet
 facet normal  7.088481e-01 -6.252087e-01  3.265707e-01
   outer loop
     vertex  3.913127e+01  4.153604e+01  3.618506e+01
     vertex  4.152683e+01  4.521441e+01  3.802741e+01
     vertex  4.147393e+01  4.520408e+01  3.812246e+01
   endloop
 endfacet
 facet normal  6.977367e-01 -6.274896e-01  3.455725e-01
   outer loop
     vertex  3.913127e+01  4.153604e+01  3.618506e+01
     vertex  4.158232e+01  4.522458e+01  3.793383e+01
     vertex  4.152683e+01  4.521441e+01  3.802741e+01
   endloop
 endfacet
 facet normal  7.092158e-01 -6.251157e-01  3.259498e-01
   outer loop
     vertex  3.913127e+01  4.153604e+01  3.618506e+01
     vertex  4.147393e+01  4.520408e+01  3.812246e+01
     vertex  3.898072e+01  4.150658e+01  3.645612e+01
   endloop
 endfacet
 facet normal  7.795928e-01 -6.066850e-01  1.554616e-01
   outer loop
     vertex  3.583935e+01  3.763749e+01  3.636841e+01
     vertex  3.850789e+01  4.138222e+01  3.760022e+01
     vertex  3.571993e+01  3.759179e+01  3.678888e+01
   endloop
 endfacet
 facet normal  8.092180e-01 -5.869134e-01 -2.643725e-02
   outer loop
     vertex  3.265427e+01  3.359192e+01  3.790433e+01
     vertex  3.543933e+01  3.740452e+01  3.851177e+01
     vertex  3.262825e+01  3.353066e+01  3.846791e+01
   endloop
 endfacet
 facet normal  7.964769e-01 -5.669317e-01 -2.102691e-01
   outer loop
     vertex  3.002831e+01  2.940472e+01  4.074324e+01
     vertex  3.278409e+01  3.328627e+01  4.071633e+01
     vertex  3.015519e+01  2.933082e+01  4.142309e+01
   endloop
 endfacet
 facet normal  7.420365e-01 -5.477860e-01 -3.864095e-01
   outer loop
     vertex  2.838903e+01  2.509585e+01  4.470147e+01
     vertex  3.125025e+01  2.897498e+01  4.469681e+01
     vertex  2.871939e+01  2.501434e+01  4.545144e+01
   endloop
 endfacet
 facet normal  7.420365e-01 -5.477860e-01 -3.864095e-01
   outer loop
     vertex  2.838903e+01  2.509585e+01  4.470147e+01
     vertex  3.097125e+01  2.904383e+01  4.406343e+01
     vertex  3.125025e+01  2.897498e+01  4.469681e+01
   endloop
 endfacet
 facet normal  6.487472e-01 -5.304787e-01 -5.456368e-01
   outer loop
     vertex  2.810173e+01  2.069875e+01  4.947154e+01
     vertex  3.086838e+01  2.463588e+01  4.893325e+01
     vertex  2.867159e+01  2.061640e+01  5.022914e+01
   endloop
 endfacet
 facet normal  6.487472e-01 -5.304787e-01 -5.456368e-01
   outer loop
     vertex  2.810173e+01  2.069875e+01  4.947154e+01
     vertex  3.037519e+01  2.470715e+01  4.827758e+01
     vertex  3.086838e+01  2.463588e+01  4.893325e+01
   endloop
 endfacet
 facet normal  5.214929e-01 -5.159159e-01 -6.796145e-01
   outer loop
     vertex  2.943567e+01  1.625808e+01  5.464234e+01
     vertex  3.128135e+01  2.031774e+01  5.297679e+01
     vertex  3.200951e+01  2.025154e+01  5.358579e+01
   endloop
 endfacet
 facet normal  5.214929e-01 -5.159159e-01 -6.796145e-01
   outer loop
     vertex  2.943567e+01  1.625808e+01  5.464234e+01
     vertex  3.200951e+01  2.025154e+01  5.358579e+01
     vertex  3.026179e+01  1.618298e+01  5.533327e+01
   endloop
 endfacet
 facet normal  3.669362e-01 -5.048600e-01 -7.813285e-01
   outer loop
     vertex  3.253665e+01  1.182666e+01  5.972802e+01
     vertex  3.482041e+01  1.587289e+01  5.818605e+01
     vertex  3.361327e+01  1.176755e+01  6.027183e+01
   endloop
 endfacet
 facet normal  3.669362e-01 -5.048600e-01 -7.813285e-01
   outer loop
     vertex  3.253665e+01  1.182666e+01  5.972802e+01
     vertex  3.385793e+01  1.592574e+01  5.769989e+01
     vertex  3.482041e+01  1.587289e+01  5.818605e+01
   endloop
 endfacet
 facet normal  1.931686e-01 -4.978899e-01 -8.454535e-01
   outer loop
     vertex  3.740815e+01  7.461578e+00  6.420349e+01
     vertex  3.813584e+01  1.158615e+01  6.194078e+01
     vertex  3.870525e+01  7.427161e+00  6.452012e+01
   endloop
 endfacet
 facet normal  2.001206e-02 -4.951109e-01 -8.685993e-01
   outer loop
     vertex  4.390238e+01  3.219818e+00  6.754434e+01
     vertex  4.464979e+01  0.000000e+00  6.939689e+01
     vertex  4.366632e+01  0.000000e+00  6.937423e+01
   endloop
 endfacet
 facet normal  9.274647e-03 -4.970651e-01 -8.676637e-01
   outer loop
     vertex  4.390238e+01  3.219818e+00  6.754434e+01
     vertex  4.536594e+01  3.218005e+00  6.756103e+01
     vertex  4.464979e+01  0.000000e+00  6.939689e+01
   endloop
 endfacet
 facet normal  9.287786e-03 -4.953705e-01 -8.686322e-01
   outer loop
     vertex  4.390238e+01  3.219818e+00  6.754434e+01
     vertex  4.533393e+01  7.352983e+00  6.520255e+01
     vertex  4.536594e+01  3.218005e+00  6.756103e+01
   endloop
 endfacet
 facet normal  9.287786e-03 -4.953705e-01 -8.686322e-01
   outer loop
     vertex  4.390238e+01  3.219818e+00  6.754434e+01
     vertex  4.399838e+01  7.354638e+00  6.518733e+01
     vertex  4.533393e+01  7.352983e+00  6.520255e+01
   endloop
 endfacet
 facet normal  4.334971e-02 -4.960372e-01 -8.672185e-01
   outer loop
     vertex  4.390238e+01  3.219818e+00  6.754434e+01
     vertex  4.366632e+01  0.000000e+00  6.937423e+01
     vertex  4.268379e+01  0.000000e+00  6.932512e+01
   endloop
 endfacet
 facet normal  6.862827e-01 -6.294665e-01  3.644008e-01
   outer loop
     vertex  3.929415e+01  4.156473e+01  3.592115e+01
     vertex  4.164037e+01  4.523459e+01  3.784180e+01
     vertex  4.158232e+01  4.522458e+01  3.793383e+01
   endloop
 endfacet
 facet normal  6.742796e-01 -6.314651e-01  3.828823e-01
   outer loop
     vertex  3.929415e+01  4.156473e+01  3.592115e+01
     vertex  4.170092e+01  4.524442e+01  3.775137e+01
     vertex  4.164037e+01  4.523459e+01  3.784180e+01
   endloop
 endfacet
 facet normal  6.905420e-01 -6.285461e-01  3.578848e-01
   outer loop
     vertex  3.929415e+01  4.156473e+01  3.592115e+01
     vertex  4.158232e+01  4.522458e+01  3.793383e+01
     vertex  3.913127e+01  4.153604e+01  3.618506e+01
   endloop
 endfacet
 facet normal  7.686818e-01 -6.105222e-01  1.907639e-01
   outer loop
     vertex  3.597803e+01  3.768255e+01  3.595383e+01
     vertex  3.850789e+01  4.138222e+01  3.760022e+01
     vertex  3.583935e+01  3.763749e+01  3.636841e+01
   endloop
 endfacet
 facet normal  7.561543e-01 -6.143013e-01  2.255318e-01
   outer loop
     vertex  3.597803e+01  3.768255e+01  3.595383e+01
     vertex  3.871789e+01  4.144557e+01  3.701739e+01
     vertex  3.860617e+01  4.141416e+01  3.730641e+01
   endloop
 endfacet
 facet normal  7.686818e-01 -6.105222e-01  1.907639e-01
   outer loop
     vertex  3.597803e+01  3.768255e+01  3.595383e+01
     vertex  3.860617e+01  4.141416e+01  3.730641e+01
     vertex  3.850789e+01  4.138222e+01  3.760022e+01
   endloop
 endfacet
 facet normal  8.066644e-01 -5.909182e-01  1.040657e-02
   outer loop
     vertex  3.270625e+01  3.365299e+01  3.734252e+01
     vertex  3.543933e+01  3.740452e+01  3.851177e+01
     vertex  3.265427e+01  3.359192e+01  3.790433e+01
   endloop
 endfacet
 facet normal  8.024144e-01 -5.949061e-01  4.709527e-02
   outer loop
     vertex  3.270625e+01  3.365299e+01  3.734252e+01
     vertex  3.553987e+01  3.749885e+01  3.764392e+01
     vertex  3.547959e+01  3.745181e+01  3.807670e+01
   endloop
 endfacet
 facet normal  8.066644e-01 -5.909182e-01  1.040657e-02
   outer loop
     vertex  3.270625e+01  3.365299e+01  3.734252e+01
     vertex  3.547959e+01  3.745181e+01  3.807670e+01
     vertex  3.543933e+01  3.740452e+01  3.851177e+01
   endloop
 endfacet
 facet normal  8.024144e-01 -5.708943e-01 -1.738127e-01
   outer loop
     vertex  2.993292e+01  2.947917e+01  4.005832e+01
     vertex  3.278409e+01  3.328627e+01  4.071633e+01
     vertex  3.002831e+01  2.940472e+01  4.074324e+01
   endloop
 endfacet
 facet normal  8.024144e-01 -5.708943e-01 -1.738127e-01
   outer loop
     vertex  2.993292e+01  2.947917e+01  4.005832e+01
     vertex  3.270625e+01  3.334701e+01  4.015748e+01
     vertex  3.278409e+01  3.328627e+01  4.071633e+01
   endloop
 endfacet
 facet normal  8.066644e-01 -5.748822e-01 -1.371240e-01
   outer loop
     vertex  2.993292e+01  2.947917e+01  4.005832e+01
     vertex  3.265427e+01  3.340808e+01  3.959567e+01
     vertex  3.270625e+01  3.334701e+01  4.015748e+01
   endloop
 endfacet
 facet normal  7.561543e-01 -5.514991e-01 -3.522492e-01
   outer loop
     vertex  2.809361e+01  2.517892e+01  4.393724e+01
     vertex  3.097125e+01  2.904383e+01  4.406343e+01
     vertex  2.838903e+01  2.509585e+01  4.470147e+01
   endloop
 endfacet
 facet normal  7.561543e-01 -5.514991e-01 -3.522492e-01
   outer loop
     vertex  2.809361e+01  2.517892e+01  4.393724e+01
     vertex  3.072175e+01  2.911399e+01  4.341800e+01
     vertex  3.097125e+01  2.904383e+01  4.406343e+01
   endloop
 endfacet
 facet normal  6.703061e-01 -5.337478e-01 -5.155610e-01
   outer loop
     vertex  2.756741e+01  2.078383e+01  4.868876e+01
     vertex  2.991276e+01  2.478078e+01  4.760011e+01
     vertex  3.037519e+01  2.470715e+01  4.827758e+01
   endloop
 endfacet
 facet normal  6.703061e-01 -5.337478e-01 -5.155610e-01
   outer loop
     vertex  2.756741e+01  2.078383e+01  4.868876e+01
     vertex  3.037519e+01  2.470715e+01  4.827758e+01
     vertex  2.810173e+01  2.069875e+01  4.947154e+01
   endloop
 endfacet
 facet normal  5.493642e-01 -5.185699e-01 -6.551979e-01
   outer loop
     vertex  2.864227e+01  1.633719e+01  5.391449e+01
     vertex  3.058204e+01  2.038747e+01  5.233525e+01
     vertex  3.128135e+01  2.031774e+01  5.297679e+01
   endloop
 endfacet
 facet normal  5.760802e-01 -5.213591e-01 -6.295365e-01
   outer loop
     vertex  2.864227e+01  1.633719e+01  5.391449e+01
     vertex  2.991305e+01  2.046060e+01  5.166250e+01
     vertex  3.058204e+01  2.038747e+01  5.233525e+01
   endloop
 endfacet
 facet normal  5.493642e-01 -5.185699e-01 -6.551979e-01
   outer loop
     vertex  2.864227e+01  1.633719e+01  5.391449e+01
     vertex  3.128135e+01  2.031774e+01  5.297679e+01
     vertex  2.943567e+01  1.625808e+01  5.464234e+01
   endloop
 endfacet
 facet normal  3.996607e-01 -5.067599e-01 -7.638493e-01
   outer loop
     vertex  3.148625e+01  1.189105e+01  5.913572e+01
     vertex  3.385793e+01  1.592574e+01  5.769989e+01
     vertex  3.253665e+01  1.182666e+01  5.972802e+01
   endloop
 endfacet
 facet normal  3.996607e-01 -5.067599e-01 -7.638493e-01
   outer loop
     vertex  3.148625e+01  1.189105e+01  5.913572e+01
     vertex  3.291888e+01  1.598329e+01  5.717038e+01
     vertex  3.385793e+01  1.592574e+01  5.769989e+01
   endloop
 endfacet
 facet normal  2.290331e-01 -4.989363e-01 -8.358268e-01
   outer loop
     vertex  3.612701e+01  7.502384e+00  6.382807e+01
     vertex  3.697750e+01  1.162304e+01  6.160135e+01
     vertex  3.813584e+01  1.158615e+01  6.194078e+01
   endloop
 endfacet
 facet normal  2.290331e-01 -4.989363e-01 -8.358268e-01
   outer loop
     vertex  3.612701e+01  7.502384e+00  6.382807e+01
     vertex  3.813584e+01  1.158615e+01  6.194078e+01
     vertex  3.740815e+01  7.461578e+00  6.420349e+01
   endloop
 endfacet
 facet normal  2.644159e-01 -5.001592e-01 -8.245757e-01
   outer loop
     vertex  3.612701e+01  7.502384e+00  6.382807e+01
     vertex  3.583603e+01  1.166564e+01  6.120948e+01
     vertex  3.697750e+01  1.162304e+01  6.160135e+01
   endloop
 endfacet
 facet normal  8.344364e-02 -4.958304e-01 -8.644012e-01
   outer loop
     vertex  4.244113e+01  3.228880e+00  6.746097e+01
     vertex  4.133642e+01  7.377774e+00  6.497448e+01
     vertex  4.266495e+01  7.362908e+00  6.511125e+01
   endloop
 endfacet
 facet normal  4.641452e-02 -4.955085e-01 -8.673621e-01
   outer loop
     vertex  4.244113e+01  3.228880e+00  6.746097e+01
     vertex  4.266495e+01  7.362908e+00  6.511125e+01
     vertex  4.399838e+01  7.354638e+00  6.518733e+01
   endloop
 endfacet
 facet normal  4.641452e-02 -4.955085e-01 -8.673621e-01
   outer loop
     vertex  4.244113e+01  3.228880e+00  6.746097e+01
     vertex  4.399838e+01  7.354638e+00  6.518733e+01
     vertex  4.390238e+01  3.219818e+00  6.754434e+01
   endloop
 endfacet
 facet normal  4.636302e-02 -4.968378e-01 -8.666041e-01
   outer loop
     vertex  4.244113e+01  3.228880e+00  6.746097e+01
     vertex  4.390238e+01  3.219818e+00  6.754434e+01
     vertex  4.268379e+01  0.000000e+00  6.932512e+01
   endloop
 endfacet
 facet normal  6.670753e-02 -4.951126e-01 -8.662642e-01
   outer loop
     vertex  4.244113e+01  3.228880e+00  6.746097e+01
     vertex  4.268379e+01  0.000000e+00  6.932512e+01
     vertex  4.170291e+01  0.000000e+00  6.924959e+01
   endloop
 endfacet
 facet normal  6.617179e-01 -6.335161e-01  4.009823e-01
   outer loop
     vertex  3.946904e+01  4.159258e+01  3.566494e+01
     vertex  4.176393e+01  4.525406e+01  3.766263e+01
     vertex  4.170092e+01  4.524442e+01  3.775137e+01
   endloop
 endfacet
 facet normal  6.488485e-01 -6.352281e-01  4.189043e-01
   outer loop
     vertex  3.946904e+01  4.159258e+01  3.566494e+01
     vertex  4.182936e+01  4.526352e+01  3.757562e+01
     vertex  4.176393e+01  4.525406e+01  3.766263e+01
   endloop
 endfacet
 facet normal  6.703891e-01 -6.319208e-01  3.889145e-01
   outer loop
     vertex  3.946904e+01  4.159258e+01  3.566494e+01
     vertex  4.170092e+01  4.524442e+01  3.775137e+01
     vertex  3.929415e+01  4.156473e+01  3.592115e+01
   endloop
 endfacet
 facet normal  7.561543e-01 -6.143013e-01  2.255318e-01
   outer loop
     vertex  3.613568e+01  3.772688e+01  3.554600e+01
     vertex  3.871789e+01  4.144557e+01  3.701739e+01
     vertex  3.597803e+01  3.768255e+01  3.595383e+01
   endloop
 endfacet
 facet normal  8.024144e-01 -5.949061e-01  4.709527e-02
   outer loop
     vertex  3.278409e+01  3.371373e+01  3.678367e+01
     vertex  3.553987e+01  3.749885e+01  3.764392e+01
     vertex  3.270625e+01  3.365299e+01  3.734252e+01
   endloop
 endfacet
 facet normal  8.092180e-01 -5.788870e-01 -1.002802e-01
   outer loop
     vertex  2.986921e+01  2.955401e+01  3.936978e+01
     vertex  3.262825e+01  3.346934e+01  3.903209e+01
     vertex  3.265427e+01  3.340808e+01  3.959567e+01
   endloop
 endfacet
 facet normal  8.066644e-01 -5.748822e-01 -1.371240e-01
   outer loop
     vertex  2.986921e+01  2.955401e+01  3.936978e+01
     vertex  3.265427e+01  3.340808e+01  3.959567e+01
     vertex  2.993292e+01  2.947917e+01  4.005832e+01
   endloop
 endfacet
 facet normal  7.686818e-01 -5.552782e-01 -3.174813e-01
   outer loop
     vertex  2.783374e+01  2.526337e+01  4.316035e+01
     vertex  3.072175e+01  2.911399e+01  4.341800e+01
     vertex  2.809361e+01  2.517892e+01  4.393724e+01
   endloop
 endfacet
 facet normal  7.686818e-01 -5.552782e-01 -3.174813e-01
   outer loop
     vertex  2.783374e+01  2.526337e+01  4.316035e+01
     vertex  3.050227e+01  2.918530e+01  4.276187e+01
     vertex  3.072175e+01  2.911399e+01  4.341800e+01
   endloop
 endfacet
 facet normal  6.904553e-01 -5.371203e-01 -4.845342e-01
   outer loop
     vertex  2.706976e+01  2.087147e+01  4.788245e+01
     vertex  2.948206e+01  2.485664e+01  4.690228e+01
     vertex  2.991276e+01  2.478078e+01  4.760011e+01
   endloop
 endfacet
 facet normal  6.904553e-01 -5.371203e-01 -4.845342e-01
   outer loop
     vertex  2.706976e+01  2.087147e+01  4.788245e+01
     vertex  2.991276e+01  2.478078e+01  4.760011e+01
     vertex  2.756741e+01  2.078383e+01  4.868876e+01
   endloop
 endfacet
 facet normal  7.091524e-01 -5.405890e-01 -4.526216e-01
   outer loop
     vertex  2.706976e+01  2.087147e+01  4.788245e+01
     vertex  2.908399e+01  2.493454e+01  4.618555e+01
     vertex  2.948206e+01  2.485664e+01  4.690228e+01
   endloop
 endfacet
 facet normal  5.760802e-01 -5.213591e-01 -6.295365e-01
   outer loop
     vertex  2.788327e+01  1.642016e+01  5.315124e+01
     vertex  2.991305e+01  2.046060e+01  5.166250e+01
     vertex  2.864227e+01  1.633719e+01  5.391449e+01
   endloop
 endfacet
 facet normal  6.015847e-01 -5.242778e-01 -6.026845e-01
   outer loop
     vertex  2.788327e+01  1.642016e+01  5.315124e+01
     vertex  2.927578e+01  2.053696e+01  5.095998e+01
     vertex  2.991305e+01  2.046060e+01  5.166250e+01
   endloop
 endfacet
 facet normal  4.315447e-01 -5.088200e-01 -7.448969e-01
   outer loop
     vertex  3.046426e+01  1.196056e+01  5.849616e+01
     vertex  3.291888e+01  1.598329e+01  5.717038e+01
     vertex  3.148625e+01  1.189105e+01  5.913572e+01
   endloop
 endfacet
 facet normal  4.315447e-01 -5.088200e-01 -7.448969e-01
   outer loop
     vertex  3.046426e+01  1.196056e+01  5.849616e+01
     vertex  3.200523e+01  1.604544e+01  5.659862e+01
     vertex  3.291888e+01  1.598329e+01  5.717038e+01
   endloop
 endfacet
 facet normal  2.644159e-01 -5.001592e-01 -8.245757e-01
   outer loop
     vertex  3.486453e+01  7.549494e+00  6.339466e+01
     vertex  3.583603e+01  1.166564e+01  6.120948e+01
     vertex  3.612701e+01  7.502384e+00  6.382807e+01
   endloop
 endfacet
 facet normal  8.344364e-02 -4.958304e-01 -8.644012e-01
   outer loop
     vertex  4.098526e+01  3.245172e+00  6.731108e+01
     vertex  4.133642e+01  7.377774e+00  6.497448e+01
     vertex  4.244113e+01  3.228880e+00  6.746097e+01
   endloop
 endfacet
 facet normal  8.333489e-02 -4.973910e-01 -8.635146e-01
   outer loop
     vertex  4.098526e+01  3.245172e+00  6.731108e+01
     vertex  4.244113e+01  3.228880e+00  6.746097e+01
     vertex  4.170291e+01  0.000000e+00  6.924959e+01
   endloop
 endfacet
 facet normal  1.202973e-01 -4.963353e-01 -8.597557e-01
   outer loop
     vertex  4.098526e+01  3.245172e+00  6.731108e+01
     vertex  4.001559e+01  7.399207e+00  6.477729e+01
     vertex  4.133642e+01  7.377774e+00  6.497448e+01
   endloop
 endfacet
 facet normal  1.131184e-01 -4.962506e-01 -8.607785e-01
   outer loop
     vertex  4.098526e+01  3.245172e+00  6.731108e+01
     vertex  4.072437e+01  0.000000e+00  6.914769e+01
     vertex  3.974888e+01  0.000000e+00  6.901949e+01
   endloop
 endfacet
 facet normal  8.993597e-02 -4.960101e-01 -8.636466e-01
   outer loop
     vertex  4.098526e+01  3.245172e+00  6.731108e+01
     vertex  4.170291e+01  0.000000e+00  6.924959e+01
     vertex  4.072437e+01  0.000000e+00  6.914769e+01
   endloop
 endfacet
 facet normal  6.352226e-01 -6.373463e-01  4.362132e-01
   outer loop
     vertex  3.965556e+01  4.161953e+01  3.541697e+01
     vertex  4.189715e+01  4.527278e+01  3.749043e+01
     vertex  4.182936e+01  4.526352e+01  3.757562e+01
   endloop
 endfacet
 facet normal  6.488018e-01 -6.352324e-01  4.189702e-01
   outer loop
     vertex  3.965556e+01  4.161953e+01  3.541697e+01
     vertex  4.182936e+01  4.526352e+01  3.757562e+01
     vertex  3.946904e+01  4.159258e+01  3.566494e+01
   endloop
 endfacet
 facet normal  7.263582e-01 -6.216536e-01  2.931730e-01
   outer loop
     vertex  3.631197e+01  3.777038e+01  3.514579e+01
     vertex  3.898072e+01  4.150658e+01  3.645612e+01
     vertex  3.884283e+01  4.147640e+01  3.673376e+01
   endloop
 endfacet
 facet normal  7.420365e-01 -6.180144e-01  2.596921e-01
   outer loop
     vertex  3.631197e+01  3.777038e+01  3.514579e+01
     vertex  3.871789e+01  4.144557e+01  3.701739e+01
     vertex  3.613568e+01  3.772688e+01  3.554600e+01
   endloop
 endfacet
 facet normal  7.420365e-01 -6.180144e-01  2.596921e-01
   outer loop
     vertex  3.631197e+01  3.777038e+01  3.514579e+01
     vertex  3.884283e+01  4.147640e+01  3.673376e+01
     vertex  3.871789e+01  4.144557e+01  3.701739e+01
   endloop
 endfacet
 facet normal  7.888643e-01 -6.027978e-01  1.196991e-01
   outer loop
     vertex  3.288761e+01  3.377403e+01  3.622896e+01
     vertex  3.571993e+01  3.759179e+01  3.678888e+01
     vertex  3.562004e+01  3.754554e+01  3.721435e+01
   endloop
 endfacet
 facet normal  7.964769e-01 -5.988687e-01  8.355167e-02
   outer loop
     vertex  3.288761e+01  3.377403e+01  3.622896e+01
     vertex  3.562004e+01  3.754554e+01  3.721435e+01
     vertex  3.553987e+01  3.749885e+01  3.764392e+01
   endloop
 endfacet
 facet normal  7.964769e-01 -5.988687e-01  8.355167e-02
   outer loop
     vertex  3.288761e+01  3.377403e+01  3.622896e+01
     vertex  3.553987e+01  3.749885e+01  3.764392e+01
     vertex  3.278409e+01  3.371373e+01  3.678367e+01
   endloop
 endfacet
 facet normal  8.092180e-01 -5.788870e-01 -1.002802e-01
   outer loop
     vertex  2.983732e+01  2.962909e+01  3.867906e+01
     vertex  3.262825e+01  3.346934e+01  3.903209e+01
     vertex  2.986921e+01  2.955401e+01  3.936978e+01
   endloop
 endfacet
 facet normal  7.795928e-01 -5.591154e-01 -2.821790e-01
   outer loop
     vertex  2.760996e+01  2.534901e+01  4.237243e+01
     vertex  3.050227e+01  2.918530e+01  4.276187e+01
     vertex  2.783374e+01  2.526337e+01  4.316035e+01
   endloop
 endfacet
 facet normal  7.795928e-01 -5.591154e-01 -2.821790e-01
   outer loop
     vertex  2.760996e+01  2.534901e+01  4.237243e+01
     vertex  3.031329e+01  2.925763e+01  4.209644e+01
     vertex  3.050227e+01  2.918530e+01  4.276187e+01
   endloop
 endfacet
 facet normal  7.091524e-01 -5.405890e-01 -4.526216e-01
   outer loop
     vertex  2.660981e+01  2.096149e+01  4.705431e+01
     vertex  2.908399e+01  2.493454e+01  4.618555e+01
     vertex  2.706976e+01  2.087147e+01  4.788245e+01
   endloop
 endfacet
 facet normal  6.015847e-01 -5.242778e-01 -6.026845e-01
   outer loop
     vertex  2.716028e+01  1.650679e+01  5.235419e+01
     vertex  2.927578e+01  2.053696e+01  5.095998e+01
     vertex  2.788327e+01  1.642016e+01  5.315124e+01
   endloop
 endfacet
 facet normal  4.625212e-01 -5.110358e-01 -7.245113e-01
   outer loop
     vertex  2.947284e+01  1.203507e+01  5.781069e+01
     vertex  3.111892e+01  1.611205e+01  5.598582e+01
     vertex  3.200523e+01  1.604544e+01  5.659862e+01
   endloop
 endfacet
 facet normal  4.625212e-01 -5.110358e-01 -7.245113e-01
   outer loop
     vertex  2.947284e+01  1.203507e+01  5.781069e+01
     vertex  3.200523e+01  1.604544e+01  5.659862e+01
     vertex  3.046426e+01  1.196056e+01  5.849616e+01
   endloop
 endfacet
 facet normal  2.992426e-01 -5.015562e-01 -8.117236e-01
   outer loop
     vertex  3.362337e+01  7.602809e+00  6.290416e+01
     vertex  3.583603e+01  1.166564e+01  6.120948e+01
     vertex  3.486453e+01  7.549494e+00  6.339466e+01
   endloop
 endfacet
 facet normal  2.992426e-01 -5.015562e-01 -8.117236e-01
   outer loop
     vertex  3.362337e+01  7.602809e+00  6.290416e+01
     vertex  3.471384e+01  1.171384e+01  6.076599e+01
     vertex  3.583603e+01  1.166564e+01  6.120948e+01
   endloop
 endfacet
 facet normal  3.334400e-01 -5.031242e-01 -7.972978e-01
   outer loop
     vertex  3.362337e+01  7.602809e+00  6.290416e+01
     vertex  3.361327e+01  1.176755e+01  6.027183e+01
     vertex  3.471384e+01  1.171384e+01  6.076599e+01
   endloop
 endfacet
 facet normal  1.201384e-01 -4.979167e-01 -8.588630e-01
   outer loop
     vertex  3.953783e+01  3.268659e+00  6.709500e+01
     vertex  4.098526e+01  3.245172e+00  6.731108e+01
     vertex  3.974888e+01  0.000000e+00  6.901949e+01
   endloop
 endfacet
 facet normal  1.202973e-01 -4.963353e-01 -8.597557e-01
   outer loop
     vertex  3.953783e+01  3.268659e+00  6.709500e+01
     vertex  4.001559e+01  7.399207e+00  6.477729e+01
     vertex  4.098526e+01  3.245172e+00  6.731108e+01
   endloop
 endfacet
 facet normal  1.362453e-01 -4.960848e-01 -8.575180e-01
   outer loop
     vertex  3.953783e+01  3.268659e+00  6.709500e+01
     vertex  3.974888e+01  0.000000e+00  6.901949e+01
     vertex  3.877712e+01  0.000000e+00  6.886510e+01
   endloop
 endfacet
 facet normal  6.213071e-01 -6.391193e-01  4.533255e-01
   outer loop
     vertex  3.985332e+01  4.164553e+01  3.517776e+01
     vertex  4.196726e+01  4.528184e+01  3.740711e+01
     vertex  4.189715e+01  4.527278e+01  3.749043e+01
   endloop
 endfacet
 facet normal  6.068705e-01 -6.409466e-01  4.699953e-01
   outer loop
     vertex  3.985332e+01  4.164553e+01  3.517776e+01
     vertex  4.203964e+01  4.529068e+01  3.732572e+01
     vertex  4.196726e+01  4.528184e+01  3.740711e+01
   endloop
 endfacet
 facet normal  6.259012e-01 -6.383501e-01  4.480589e-01
   outer loop
     vertex  3.985332e+01  4.164553e+01  3.517776e+01
     vertex  4.189715e+01  4.527278e+01  3.749043e+01
     vertex  3.965556e+01  4.161953e+01  3.541697e+01
   endloop
 endfacet
 facet normal  7.263582e-01 -6.216536e-01  2.931730e-01
   outer loop
     vertex  3.650654e+01  3.781297e+01  3.475404e+01
     vertex  3.898072e+01  4.150658e+01  3.645612e+01
     vertex  3.631197e+01  3.777038e+01  3.514579e+01
   endloop
 endfacet
 facet normal  7.888643e-01 -6.027978e-01  1.196991e-01
   outer loop
     vertex  3.301661e+01  3.383374e+01  3.567955e+01
     vertex  3.571993e+01  3.759179e+01  3.678888e+01
     vertex  3.288761e+01  3.377403e+01  3.622896e+01
   endloop
 endfacet
 facet normal  8.100698e-01 -5.829002e-01 -6.335872e-02
   outer loop
     vertex  2.983732e+01  2.970425e+01  3.798761e+01
     vertex  3.262825e+01  3.353066e+01  3.846791e+01
     vertex  3.262825e+01  3.346934e+01  3.903209e+01
   endloop
 endfacet
 facet normal  8.100698e-01 -5.829002e-01 -6.335872e-02
   outer loop
     vertex  2.983732e+01  2.970425e+01  3.798761e+01
     vertex  3.262825e+01  3.346934e+01  3.903209e+01
     vertex  2.983732e+01  2.962909e+01  3.867906e+01
   endloop
 endfacet
 facet normal  7.888643e-01 -5.630026e-01 -2.464166e-01
   outer loop
     vertex  2.742277e+01  2.543567e+01  4.157514e+01
     vertex  3.031329e+01  2.925763e+01  4.209644e+01
     vertex  2.760996e+01  2.534901e+01  4.237243e+01
   endloop
 endfacet
 facet normal  7.888643e-01 -5.630026e-01 -2.464166e-01
   outer loop
     vertex  2.742277e+01  2.543567e+01  4.157514e+01
     vertex  3.015519e+01  2.933082e+01  4.142309e+01
     vertex  3.031329e+01  2.925763e+01  4.209644e+01
   endloop
 endfacet
 facet normal  7.964769e-01 -5.669317e-01 -2.102691e-01
   outer loop
     vertex  2.742277e+01  2.543567e+01  4.157514e+01
     vertex  3.002831e+01  2.940472e+01  4.074324e+01
     vertex  3.015519e+01  2.933082e+01  4.142309e+01
   endloop
 endfacet
 facet normal  7.263582e-01 -5.441467e-01 -4.198905e-01
   outer loop
     vertex  2.618853e+01  2.105369e+01  4.620607e+01
     vertex  2.871939e+01  2.501434e+01  4.545144e+01
     vertex  2.908399e+01  2.493454e+01  4.618555e+01
   endloop
 endfacet
 facet normal  7.263582e-01 -5.441467e-01 -4.198905e-01
   outer loop
     vertex  2.618853e+01  2.105369e+01  4.620607e+01
     vertex  2.908399e+01  2.493454e+01  4.618555e+01
     vertex  2.660981e+01  2.096149e+01  4.705431e+01
   endloop
 endfacet
 facet normal  6.258240e-01 -5.273198e-01 -5.746983e-01
   outer loop
     vertex  2.647479e+01  1.659692e+01  5.152503e+01
     vertex  2.867159e+01  2.061640e+01  5.022914e+01
     vertex  2.927578e+01  2.053696e+01  5.095998e+01
   endloop
 endfacet
 facet normal  6.487472e-01 -5.304787e-01 -5.456368e-01
   outer loop
     vertex  2.647479e+01  1.659692e+01  5.152503e+01
     vertex  2.810173e+01  2.069875e+01  4.947154e+01
     vertex  2.867159e+01  2.061640e+01  5.022914e+01
   endloop
 endfacet
 facet normal  6.258240e-01 -5.273198e-01 -5.746983e-01
   outer loop
     vertex  2.647479e+01  1.659692e+01  5.152503e+01
     vertex  2.927578e+01  2.053696e+01  5.095998e+01
     vertex  2.716028e+01  1.650679e+01  5.235419e+01
   endloop
 endfacet
 facet normal  4.925250e-01 -5.134028e-01 -7.027352e-01
   outer loop
     vertex  2.851408e+01  1.211441e+01  5.708076e+01
     vertex  3.026179e+01  1.618298e+01  5.533327e+01
     vertex  3.111892e+01  1.611205e+01  5.598582e+01
   endloop
 endfacet
 facet normal  4.925250e-01 -5.134028e-01 -7.027352e-01
   outer loop
     vertex  2.851408e+01  1.211441e+01  5.708076e+01
     vertex  3.111892e+01  1.611205e+01  5.598582e+01
     vertex  2.947284e+01  1.203507e+01  5.781069e+01
   endloop
 endfacet
 facet normal  3.334400e-01 -5.031242e-01 -7.972978e-01
   outer loop
     vertex  3.240613e+01  7.662217e+00  6.235761e+01
     vertex  3.361327e+01  1.176755e+01  6.027183e+01
     vertex  3.362337e+01  7.602809e+00  6.290416e+01
   endloop
 endfacet
 facet normal  1.567349e-01 -4.982658e-01 -8.527399e-01
   outer loop
     vertex  3.810189e+01  3.299293e+00  6.681317e+01
     vertex  3.953783e+01  3.268659e+00  6.709500e+01
     vertex  3.877712e+01  0.000000e+00  6.886510e+01
   endloop
 endfacet
 facet normal  1.568979e-01 -4.970223e-01 -8.534353e-01
   outer loop
     vertex  3.810189e+01  3.299293e+00  6.681317e+01
     vertex  3.870525e+01  7.427161e+00  6.452012e+01
     vertex  4.001559e+01  7.399207e+00  6.477729e+01
   endloop
 endfacet
 facet normal  1.568979e-01 -4.970223e-01 -8.534353e-01
   outer loop
     vertex  3.810189e+01  3.299293e+00  6.681317e+01
     vertex  4.001559e+01  7.399207e+00  6.477729e+01
     vertex  3.953783e+01  3.268659e+00  6.709500e+01
   endloop
 endfacet
 facet normal  1.820076e-01 -4.972801e-01 -8.482840e-01
   outer loop
     vertex  3.810189e+01  3.299293e+00  6.681317e+01
     vertex  3.780979e+01  0.000000e+00  6.868461e+01
     vertex  3.684757e+01  0.000000e+00  6.847815e+01
   endloop
 endfacet
 facet normal  1.590866e-01 -4.977141e-01 -8.526266e-01
   outer loop
     vertex  3.810189e+01  3.299293e+00  6.681317e+01
     vertex  3.877712e+01  0.000000e+00  6.886510e+01
     vertex  3.780979e+01  0.000000e+00  6.868461e+01
   endloop
 endfacet
 facet normal  5.919548e-01 -6.427781e-01  4.862363e-01
   outer loop
     vertex  4.006190e+01  4.167053e+01  3.494781e+01
     vertex  4.211422e+01  4.529931e+01  3.724633e+01
     vertex  4.203964e+01  4.529068e+01  3.732572e+01
   endloop
 endfacet
 facet normal  5.767408e-01 -6.443067e-01  5.022340e-01
   outer loop
     vertex  4.006190e+01  4.167053e+01  3.494781e+01
     vertex  4.219096e+01  4.530772e+01  3.716900e+01
     vertex  4.211422e+01  4.529931e+01  3.724633e+01
   endloop
 endfacet
 facet normal  6.016605e-01 -6.413897e-01  4.760503e-01
   outer loop
     vertex  4.006190e+01  4.167053e+01  3.494781e+01
     vertex  4.203964e+01  4.529068e+01  3.732572e+01
     vertex  3.985332e+01  4.164553e+01  3.517776e+01
   endloop
 endfacet
 facet normal  7.091524e-01 -6.252114e-01  3.259042e-01
   outer loop
     vertex  3.671896e+01  3.785454e+01  3.437156e+01
     vertex  3.898072e+01  4.150658e+01  3.645612e+01
     vertex  3.650654e+01  3.781297e+01  3.475404e+01
   endloop
 endfacet
 facet normal  7.091524e-01 -6.252114e-01  3.259042e-01
   outer loop
     vertex  3.671896e+01  3.785454e+01  3.437156e+01
     vertex  3.913127e+01  4.153604e+01  3.618506e+01
     vertex  3.898072e+01  4.150658e+01  3.645612e+01
   endloop
 endfacet
 facet normal  7.686818e-01 -6.105222e-01  1.907639e-01
   outer loop
     vertex  3.317081e+01  3.389276e+01  3.513660e+01
     vertex  3.597803e+01  3.768255e+01  3.595383e+01
     vertex  3.583935e+01  3.763749e+01  3.636841e+01
   endloop
 endfacet
 facet normal  7.795928e-01 -6.066850e-01  1.554616e-01
   outer loop
     vertex  3.317081e+01  3.389276e+01  3.513660e+01
     vertex  3.571993e+01  3.759179e+01  3.678888e+01
     vertex  3.301661e+01  3.383374e+01  3.567955e+01
   endloop
 endfacet
 facet normal  7.795928e-01 -6.066850e-01  1.554616e-01
   outer loop
     vertex  3.317081e+01  3.389276e+01  3.513660e+01
     vertex  3.583935e+01  3.763749e+01  3.636841e+01
     vertex  3.571993e+01  3.759179e+01  3.678888e+01
   endloop
 endfacet
 facet normal  8.092180e-01 -5.869134e-01 -2.643725e-02
   outer loop
     vertex  2.986921e+01  2.977932e+01  3.729689e+01
     vertex  3.265427e+01  3.359192e+01  3.790433e+01
     vertex  3.262825e+01  3.353066e+01  3.846791e+01
   endloop
 endfacet
 facet normal  8.092180e-01 -5.869134e-01 -2.643725e-02
   outer loop
     vertex  2.986921e+01  2.977932e+01  3.729689e+01
     vertex  3.262825e+01  3.353066e+01  3.846791e+01
     vertex  2.983732e+01  2.970425e+01  3.798761e+01
   endloop
 endfacet
 facet normal  7.964769e-01 -5.669317e-01 -2.102691e-01
   outer loop
     vertex  2.727253e+01  2.552317e+01  4.077016e+01
     vertex  3.002831e+01  2.940472e+01  4.074324e+01
     vertex  2.742277e+01  2.543567e+01  4.157514e+01
   endloop
 endfacet
 facet normal  7.420365e-01 -5.477860e-01 -3.864095e-01
   outer loop
     vertex  2.580682e+01  2.114788e+01  4.533952e+01
     vertex  2.838903e+01  2.509585e+01  4.470147e+01
     vertex  2.871939e+01  2.501434e+01  4.545144e+01
   endloop
 endfacet
 facet normal  7.420365e-01 -5.477860e-01 -3.864095e-01
   outer loop
     vertex  2.580682e+01  2.114788e+01  4.533952e+01
     vertex  2.871939e+01  2.501434e+01  4.545144e+01
     vertex  2.618853e+01  2.105369e+01  4.620607e+01
   endloop
 endfacet
 facet normal  6.487472e-01 -5.304787e-01 -5.456368e-01
   outer loop
     vertex  2.582827e+01  1.669034e+01  5.066550e+01
     vertex  2.810173e+01  2.069875e+01  4.947154e+01
     vertex  2.647479e+01  1.659692e+01  5.152503e+01
   endloop
 endfacet
 facet normal  6.703061e-01 -5.337478e-01 -5.155610e-01
   outer loop
     vertex  2.582827e+01  1.669034e+01  5.066550e+01
     vertex  2.756741e+01  2.078383e+01  4.868876e+01
     vertex  2.810173e+01  2.069875e+01  4.947154e+01
   endloop
 endfacet
 facet normal  5.214929e-01 -5.159159e-01 -6.796145e-01
   outer loop
     vertex  2.758998e+01  1.219842e+01  5.630790e+01
     vertex  3.026179e+01  1.618298e+01  5.533327e+01
     vertex  2.851408e+01  1.211441e+01  5.708076e+01
   endloop
 endfacet
 facet normal  5.214929e-01 -5.159159e-01 -6.796145e-01
   outer loop
     vertex  2.758998e+01  1.219842e+01  5.630790e+01
     vertex  2.943567e+01  1.625808e+01  5.464234e+01
     vertex  3.026179e+01  1.618298e+01  5.533327e+01
   endloop
 endfacet
 facet normal  3.996607e-01 -5.067599e-01 -7.638493e-01
   outer loop
     vertex  3.121538e+01  7.727592e+00  6.175615e+01
     vertex  3.148625e+01  1.189105e+01  5.913572e+01
     vertex  3.253665e+01  1.182666e+01  5.972802e+01
   endloop
 endfacet
 facet normal  3.669362e-01 -5.048600e-01 -7.813285e-01
   outer loop
     vertex  3.121538e+01  7.727592e+00  6.175615e+01
     vertex  3.253665e+01  1.182666e+01  5.972802e+01
     vertex  3.361327e+01  1.176755e+01  6.027183e+01
   endloop
 endfacet
 facet normal  3.669362e-01 -5.048600e-01 -7.813285e-01
   outer loop
     vertex  3.121538e+01  7.727592e+00  6.175615e+01
     vertex  3.361327e+01  1.176755e+01  6.027183e+01
     vertex  3.240613e+01  7.662217e+00  6.235761e+01
   endloop
 endfacet
 facet normal  1.931686e-01 -4.978899e-01 -8.454535e-01
   outer loop
     vertex  3.668046e+01  3.337008e+00  6.646620e+01
     vertex  3.870525e+01  7.427161e+00  6.452012e+01
     vertex  3.810189e+01  3.299293e+00  6.681317e+01
   endloop
 endfacet
 facet normal  2.290331e-01 -4.989363e-01 -8.358268e-01
   outer loop
     vertex  3.668046e+01  3.337008e+00  6.646620e+01
     vertex  3.612701e+01  7.502384e+00  6.382807e+01
     vertex  3.740815e+01  7.461578e+00  6.420349e+01
   endloop
 endfacet
 facet normal  1.929028e-01 -4.995346e-01 -8.445434e-01
   outer loop
     vertex  3.668046e+01  3.337008e+00  6.646620e+01
     vertex  3.810189e+01  3.299293e+00  6.681317e+01
     vertex  3.684757e+01  0.000000e+00  6.847815e+01
   endloop
 endfacet
 facet normal  2.046672e-01 -4.978682e-01 -8.427566e-01
   outer loop
     vertex  3.668046e+01  3.337008e+00  6.646620e+01
     vertex  3.684757e+01  0.000000e+00  6.847815e+01
     vertex  3.589115e+01  0.000000e+00  6.824588e+01
   endloop
 endfacet
 facet normal  1.931686e-01 -4.978899e-01 -8.454535e-01
   outer loop
     vertex  3.668046e+01  3.337008e+00  6.646620e+01
     vertex  3.740815e+01  7.461578e+00  6.420349e+01
     vertex  3.870525e+01  7.427161e+00  6.452012e+01
   endloop
 endfacet
 facet normal  5.608765e-01 -6.461906e-01  5.175474e-01
   outer loop
     vertex  4.028087e+01  4.169446e+01  3.472762e+01
     vertex  4.226979e+01  4.531589e+01  3.709377e+01
     vertex  4.219096e+01  4.530772e+01  3.716900e+01
   endloop
 endfacet
 facet normal  5.761324e-01 -6.443460e-01  5.028814e-01
   outer loop
     vertex  4.028087e+01  4.169446e+01  3.472762e+01
     vertex  4.219096e+01  4.530772e+01  3.716900e+01
     vertex  4.006190e+01  4.167053e+01  3.494781e+01
   endloop
 endfacet
 facet normal  6.904553e-01 -6.286801e-01  3.578167e-01
   outer loop
     vertex  3.694881e+01  3.789502e+01  3.399917e+01
     vertex  3.929415e+01  4.156473e+01  3.592115e+01
     vertex  3.913127e+01  4.153604e+01  3.618506e+01
   endloop
 endfacet
 facet normal  6.904553e-01 -6.286801e-01  3.578167e-01
   outer loop
     vertex  3.694881e+01  3.789502e+01  3.399917e+01
     vertex  3.913127e+01  4.153604e+01  3.618506e+01
     vertex  3.671896e+01  3.785454e+01  3.437156e+01
   endloop
 endfacet
 facet normal  7.686818e-01 -6.105222e-01  1.907639e-01
   outer loop
     vertex  3.334989e+01  3.395095e+01  3.460125e+01
     vertex  3.597803e+01  3.768255e+01  3.595383e+01
     vertex  3.317081e+01  3.389276e+01  3.513660e+01
   endloop
 endfacet
 facet normal  7.561543e-01 -6.143013e-01  2.255318e-01
   outer loop
     vertex  3.334989e+01  3.395095e+01  3.460125e+01
     vertex  3.613568e+01  3.772688e+01  3.554600e+01
     vertex  3.597803e+01  3.768255e+01  3.595383e+01
   endloop
 endfacet
 facet normal  8.066644e-01 -5.909182e-01  1.040657e-02
   outer loop
     vertex  2.993292e+01  2.985417e+01  3.660834e+01
     vertex  3.265427e+01  3.359192e+01  3.790433e+01
     vertex  2.986921e+01  2.977932e+01  3.729689e+01
   endloop
 endfacet
 facet normal  8.024144e-01 -5.949061e-01  4.709527e-02
   outer loop
     vertex  2.993292e+01  2.985417e+01  3.660834e+01
     vertex  3.278409e+01  3.371373e+01  3.678367e+01
     vertex  3.270625e+01  3.365299e+01  3.734252e+01
   endloop
 endfacet
 facet normal  8.066644e-01 -5.909182e-01  1.040657e-02
   outer loop
     vertex  2.993292e+01  2.985417e+01  3.660834e+01
     vertex  3.270625e+01  3.365299e+01  3.734252e+01
     vertex  3.265427e+01  3.359192e+01  3.790433e+01
   endloop
 endfacet
 facet normal  8.024144e-01 -5.708943e-01 -1.738127e-01
   outer loop
     vertex  2.715958e+01  2.561132e+01  3.995917e+01
     vertex  2.993292e+01  2.947917e+01  4.005832e+01
     vertex  3.002831e+01  2.940472e+01  4.074324e+01
   endloop
 endfacet
 facet normal  8.024144e-01 -5.708943e-01 -1.738127e-01
   outer loop
     vertex  2.715958e+01  2.561132e+01  3.995917e+01
     vertex  3.002831e+01  2.940472e+01  4.074324e+01
     vertex  2.727253e+01  2.552317e+01  4.077016e+01
   endloop
 endfacet
 facet normal  7.686818e-01 -5.552782e-01 -3.174813e-01
   outer loop
     vertex  2.546547e+01  2.124386e+01  4.445649e+01
     vertex  2.783374e+01  2.526337e+01  4.316035e+01
     vertex  2.809361e+01  2.517892e+01  4.393724e+01
   endloop
 endfacet
 facet normal  7.561543e-01 -5.514991e-01 -3.522492e-01
   outer loop
     vertex  2.546547e+01  2.124386e+01  4.445649e+01
     vertex  2.809361e+01  2.517892e+01  4.393724e+01
     vertex  2.838903e+01  2.509585e+01  4.470147e+01
   endloop
 endfacet
 facet normal  7.561543e-01 -5.514991e-01 -3.522492e-01
   outer loop
     vertex  2.546547e+01  2.124386e+01  4.445649e+01
     vertex  2.838903e+01  2.509585e+01  4.470147e+01
     vertex  2.580682e+01  2.114788e+01  4.533952e+01
   endloop
 endfacet
 facet normal  6.703061e-01 -5.337478e-01 -5.155610e-01
   outer loop
     vertex  2.522207e+01  1.678688e+01  4.977741e+01
     vertex  2.756741e+01  2.078383e+01  4.868876e+01
     vertex  2.582827e+01  1.669034e+01  5.066550e+01
   endloop
 endfacet
 facet normal  5.493642e-01 -5.185699e-01 -6.551979e-01
   outer loop
     vertex  2.670250e+01  1.228691e+01  5.549373e+01
     vertex  2.864227e+01  1.633719e+01  5.391449e+01
     vertex  2.943567e+01  1.625808e+01  5.464234e+01
   endloop
 endfacet
 facet normal  5.493642e-01 -5.185699e-01 -6.551979e-01
   outer loop
     vertex  2.670250e+01  1.228691e+01  5.549373e+01
     vertex  2.943567e+01  1.625808e+01  5.464234e+01
     vertex  2.758998e+01  1.219842e+01  5.630790e+01
   endloop
 endfacet
 facet normal  3.996607e-01 -5.067599e-01 -7.638493e-01
   outer loop
     vertex  3.005362e+01  7.798799e+00  6.110105e+01
     vertex  3.148625e+01  1.189105e+01  5.913572e+01
     vertex  3.121538e+01  7.727592e+00  6.175615e+01
   endloop
 endfacet
 facet normal  2.288898e-01 -4.996844e-01 -8.354191e-01
   outer loop
     vertex  3.527652e+01  3.381725e+00  6.605480e+01
     vertex  3.668046e+01  3.337008e+00  6.646620e+01
     vertex  3.589115e+01  0.000000e+00  6.824588e+01
   endloop
 endfacet
 facet normal  2.290331e-01 -4.989363e-01 -8.358268e-01
   outer loop
     vertex  3.527652e+01  3.381725e+00  6.605480e+01
     vertex  3.612701e+01  7.502384e+00  6.382807e+01
     vertex  3.668046e+01  3.337008e+00  6.646620e+01
   endloop
 endfacet
 facet normal  2.494454e-01 -4.991198e-01 -8.298532e-01
   outer loop
     vertex  3.527652e+01  3.381725e+00  6.605480e+01
     vertex  3.494121e+01  0.000000e+00  6.798796e+01
     vertex  3.399842e+01  0.000000e+00  6.770457e+01
   endloop
 endfacet
 facet normal  2.268928e-01 -5.002002e-01 -8.356551e-01
   outer loop
     vertex  3.527652e+01  3.381725e+00  6.605480e+01
     vertex  3.589115e+01  0.000000e+00  6.824588e+01
     vertex  3.494121e+01  0.000000e+00  6.798796e+01
   endloop
 endfacet
 facet normal  5.494306e-01 -6.471040e-01  5.285665e-01
   outer loop
     vertex  4.050976e+01  4.171729e+01  3.451764e+01
     vertex  4.226979e+01  4.531589e+01  3.709377e+01
     vertex  4.028087e+01  4.169446e+01  3.472762e+01
   endloop
 endfacet
 facet normal  5.447565e-01 -6.477253e-01  5.326277e-01
   outer loop
     vertex  4.050976e+01  4.171729e+01  3.451764e+01
     vertex  4.235066e+01  4.532383e+01  3.702072e+01
     vertex  4.226979e+01  4.531589e+01  3.709377e+01
   endloop
 endfacet
 facet normal  5.281587e-01 -6.493472e-01  5.471715e-01
   outer loop
     vertex  4.050976e+01  4.171729e+01  3.451764e+01
     vertex  4.243350e+01  4.533153e+01  3.694989e+01
     vertex  4.235066e+01  4.532383e+01  3.702072e+01
   endloop
 endfacet
 facet normal  6.703061e-01 -6.320526e-01  3.888435e-01
   outer loop
     vertex  3.719558e+01  3.793431e+01  3.363764e+01
     vertex  3.946904e+01  4.159258e+01  3.566494e+01
     vertex  3.929415e+01  4.156473e+01  3.592115e+01
   endloop
 endfacet
 facet normal  6.703061e-01 -6.320526e-01  3.888435e-01
   outer loop
     vertex  3.719558e+01  3.793431e+01  3.363764e+01
     vertex  3.929415e+01  4.156473e+01  3.592115e+01
     vertex  3.694881e+01  3.789502e+01  3.399917e+01
   endloop
 endfacet
 facet normal  7.561543e-01 -6.143013e-01  2.255318e-01
   outer loop
     vertex  3.355346e+01  3.400819e+01  3.407462e+01
     vertex  3.613568e+01  3.772688e+01  3.554600e+01
     vertex  3.334989e+01  3.395095e+01  3.460125e+01
   endloop
 endfacet
 facet normal  7.964769e-01 -5.988687e-01  8.355167e-02
   outer loop
     vertex  3.002831e+01  2.992861e+01  3.592343e+01
     vertex  3.288761e+01  3.377403e+01  3.622896e+01
     vertex  3.278409e+01  3.371373e+01  3.678367e+01
   endloop
 endfacet
 facet normal  8.024144e-01 -5.949061e-01  4.709527e-02
   outer loop
     vertex  3.002831e+01  2.992861e+01  3.592343e+01
     vertex  3.278409e+01  3.371373e+01  3.678367e+01
     vertex  2.993292e+01  2.985417e+01  3.660834e+01
   endloop
 endfacet
 facet normal  8.066644e-01 -5.748822e-01 -1.371240e-01
   outer loop
     vertex  2.708414e+01  2.569994e+01  3.914389e+01
     vertex  2.986921e+01  2.955401e+01  3.936978e+01
     vertex  2.993292e+01  2.947917e+01  4.005832e+01
   endloop
 endfacet
 facet normal  8.092180e-01 -5.788870e-01 -1.002802e-01
   outer loop
     vertex  2.708414e+01  2.569994e+01  3.914389e+01
     vertex  2.983732e+01  2.962909e+01  3.867906e+01
     vertex  2.986921e+01  2.955401e+01  3.936978e+01
   endloop
 endfacet
 facet normal  8.066644e-01 -5.748822e-01 -1.371240e-01
   outer loop
     vertex  2.708414e+01  2.569994e+01  3.914389e+01
     vertex  2.993292e+01  2.947917e+01  4.005832e+01
     vertex  2.715958e+01  2.561132e+01  3.995917e+01
   endloop
 endfacet
 facet normal  7.686818e-01 -5.552782e-01 -3.174813e-01
   outer loop
     vertex  2.516520e+01  2.134143e+01  4.355883e+01
     vertex  2.783374e+01  2.526337e+01  4.316035e+01
     vertex  2.546547e+01  2.124386e+01  4.445649e+01
   endloop
 endfacet
 facet normal  6.904553e-01 -5.371203e-01 -4.845342e-01
   outer loop
     vertex  2.465745e+01  1.688631e+01  4.886262e+01
     vertex  2.706976e+01  2.087147e+01  4.788245e+01
     vertex  2.756741e+01  2.078383e+01  4.868876e+01
   endloop
 endfacet
 facet normal  6.904553e-01 -5.371203e-01 -4.845342e-01
   outer loop
     vertex  2.465745e+01  1.688631e+01  4.886262e+01
     vertex  2.756741e+01  2.078383e+01  4.868876e+01
     vertex  2.522207e+01  1.678688e+01  4.977741e+01
   endloop
 endfacet
 facet normal  5.760802e-01 -5.213591e-01 -6.295365e-01
   outer loop
     vertex  2.585350e+01  1.237971e+01  5.463997e+01
     vertex  2.864227e+01  1.633719e+01  5.391449e+01
     vertex  2.670250e+01  1.228691e+01  5.549373e+01
   endloop
 endfacet
 facet normal  5.760802e-01 -5.213591e-01 -6.295365e-01
   outer loop
     vertex  2.585350e+01  1.237971e+01  5.463997e+01
     vertex  2.788327e+01  1.642016e+01  5.315124e+01
     vertex  2.864227e+01  1.633719e+01  5.391449e+01
   endloop
 endfacet
 facet normal  4.315447e-01 -5.088200e-01 -7.448969e-01
   outer loop
     vertex  2.892329e+01  7.875685e+00  6.039369e+01
     vertex  3.148625e+01  1.189105e+01  5.913572e+01
     vertex  3.005362e+01  7.798799e+00  6.110105e+01
   endloop
 endfacet
 facet normal  4.315447e-01 -5.088200e-01 -7.448969e-01
   outer loop
     vertex  2.892329e+01  7.875685e+00  6.039369e+01
     vertex  3.046426e+01  1.196056e+01  5.849616e+01
     vertex  3.148625e+01  1.189105e+01  5.913572e+01
   endloop
 endfacet
 facet normal  2.640793e-01 -5.016782e-01 -8.237604e-01
   outer loop
     vertex  3.389304e+01  3.433351e+00  6.557984e+01
     vertex  3.527652e+01  3.381725e+00  6.605480e+01
     vertex  3.399842e+01  0.000000e+00  6.770457e+01
   endloop
 endfacet
 facet normal  2.644159e-01 -5.001592e-01 -8.245757e-01
   outer loop
     vertex  3.389304e+01  3.433351e+00  6.557984e+01
     vertex  3.612701e+01  7.502384e+00  6.382807e+01
     vertex  3.527652e+01  3.381725e+00  6.605480e+01
   endloop
 endfacet
 facet normal  2.932003e-01 -5.014154e-01 -8.140124e-01
   outer loop
     vertex  3.389304e+01  3.433351e+00  6.557984e+01
     vertex  3.306346e+01  0.000000e+00  6.739591e+01
     vertex  3.213699e+01  0.000000e+00  6.706220e+01
   endloop
 endfacet
 facet normal  2.714094e-01 -5.004428e-01 -8.221277e-01
   outer loop
     vertex  3.389304e+01  3.433351e+00  6.557984e+01
     vertex  3.399842e+01  0.000000e+00  6.770457e+01
     vertex  3.306346e+01  0.000000e+00  6.739591e+01
   endloop
 endfacet
 facet normal  2.644159e-01 -5.001592e-01 -8.245757e-01
   outer loop
     vertex  3.389304e+01  3.433351e+00  6.557984e+01
     vertex  3.486453e+01  7.549494e+00  6.339466e+01
     vertex  3.612701e+01  7.502384e+00  6.382807e+01
   endloop
 endfacet
 facet normal  5.215595e-01 -6.497511e-01  5.529912e-01
   outer loop
     vertex  4.074809e+01  4.173895e+01  3.431831e+01
     vertex  4.243350e+01  4.533153e+01  3.694989e+01
     vertex  4.050976e+01  4.171729e+01  3.451764e+01
   endloop
 endfacet
 facet normal  5.111645e-01 -6.509265e-01  5.612535e-01
   outer loop
     vertex  4.074809e+01  4.173895e+01  3.431831e+01
     vertex  4.251826e+01  4.533899e+01  3.688133e+01
     vertex  4.243350e+01  4.533153e+01  3.694989e+01
   endloop
 endfacet
 facet normal  4.938928e-01 -6.522388e-01  5.750256e-01
   outer loop
     vertex  4.074809e+01  4.173895e+01  3.431831e+01
     vertex  4.260488e+01  4.534618e+01  3.681511e+01
     vertex  4.251826e+01  4.533899e+01  3.688133e+01
   endloop
 endfacet
 facet normal  6.487472e-01 -6.353217e-01  4.189193e-01
   outer loop
     vertex  3.745877e+01  3.797235e+01  3.328774e+01
     vertex  3.965556e+01  4.161953e+01  3.541697e+01
     vertex  3.946904e+01  4.159258e+01  3.566494e+01
   endloop
 endfacet
 facet normal  6.487472e-01 -6.353217e-01  4.189193e-01
   outer loop
     vertex  3.745877e+01  3.797235e+01  3.328774e+01
     vertex  3.946904e+01  4.159258e+01  3.566494e+01
     vertex  3.719558e+01  3.793431e+01  3.363764e+01
   endloop
 endfacet
 facet normal  6.258240e-01 -6.384806e-01  4.479809e-01
   outer loop
     vertex  3.745877e+01  3.797235e+01  3.328774e+01
     vertex  3.985332e+01  4.164553e+01  3.517776e+01
     vertex  3.965556e+01  4.161953e+01  3.541697e+01
   endloop
 endfacet
 facet normal  7.420365e-01 -6.180144e-01  2.596921e-01
   outer loop
     vertex  3.378111e+01  3.406437e+01  3.355783e+01
     vertex  3.613568e+01  3.772688e+01  3.554600e+01
     vertex  3.355346e+01  3.400819e+01  3.407462e+01
   endloop
 endfacet
 facet normal  7.263582e-01 -6.216536e-01  2.931730e-01
   outer loop
     vertex  3.378111e+01  3.406437e+01  3.355783e+01
     vertex  3.650654e+01  3.781297e+01  3.475404e+01
     vertex  3.631197e+01  3.777038e+01  3.514579e+01
   endloop
 endfacet
 facet normal  7.420365e-01 -6.180144e-01  2.596921e-01
   outer loop
     vertex  3.378111e+01  3.406437e+01  3.355783e+01
     vertex  3.631197e+01  3.777038e+01  3.514579e+01
     vertex  3.613568e+01  3.772688e+01  3.554600e+01
   endloop
 endfacet
 facet normal  7.964769e-01 -5.988687e-01  8.355167e-02
   outer loop
     vertex  3.015519e+01  3.000251e+01  3.524358e+01
     vertex  3.288761e+01  3.377403e+01  3.622896e+01
     vertex  3.002831e+01  2.992861e+01  3.592343e+01
   endloop
 endfacet
 facet normal  8.092180e-01 -5.788870e-01 -1.002802e-01
   outer loop
     vertex  2.704639e+01  2.578884e+01  3.832603e+01
     vertex  2.983732e+01  2.962909e+01  3.867906e+01
     vertex  2.708414e+01  2.569994e+01  3.914389e+01
   endloop
 endfacet
 facet normal  7.795928e-01 -5.591154e-01 -2.821790e-01
   outer loop
     vertex  2.490664e+01  2.144039e+01  4.264842e+01
     vertex  2.783374e+01  2.526337e+01  4.316035e+01
     vertex  2.516520e+01  2.134143e+01  4.355883e+01
   endloop
 endfacet
 facet normal  7.795928e-01 -5.591154e-01 -2.821790e-01
   outer loop
     vertex  2.490664e+01  2.144039e+01  4.264842e+01
     vertex  2.760996e+01  2.534901e+01  4.237243e+01
     vertex  2.783374e+01  2.526337e+01  4.316035e+01
   endloop
 endfacet
 facet normal  7.888643e-01 -5.630026e-01 -2.464166e-01
   outer loop
     vertex  2.490664e+01  2.144039e+01  4.264842e+01
     vertex  2.742277e+01  2.543567e+01  4.157514e+01
     vertex  2.760996e+01  2.534901e+01  4.237243e+01
   endloop
 endfacet
 facet normal  7.091524e-01 -5.405890e-01 -4.526216e-01
   outer loop
     vertex  2.413562e+01  1.698844e+01  4.792306e+01
     vertex  2.660981e+01  2.096149e+01  4.705431e+01
     vertex  2.706976e+01  2.087147e+01  4.788245e+01
   endloop
 endfacet
 facet normal  7.091524e-01 -5.405890e-01 -4.526216e-01
   outer loop
     vertex  2.413562e+01  1.698844e+01  4.792306e+01
     vertex  2.706976e+01  2.087147e+01  4.788245e+01
     vertex  2.465745e+01  1.688631e+01  4.886262e+01
   endloop
 endfacet
 facet normal  6.015847e-01 -5.242778e-01 -6.026845e-01
   outer loop
     vertex  2.504477e+01  1.247662e+01  5.374840e+01
     vertex  2.788327e+01  1.642016e+01  5.315124e+01
     vertex  2.585350e+01  1.237971e+01  5.463997e+01
   endloop
 endfacet
 facet normal  6.015847e-01 -5.242778e-01 -6.026845e-01
   outer loop
     vertex  2.504477e+01  1.247662e+01  5.374840e+01
     vertex  2.716028e+01  1.650679e+01  5.235419e+01
     vertex  2.788327e+01  1.642016e+01  5.315124e+01
   endloop
 endfacet
 facet normal  4.625212e-01 -5.110358e-01 -7.245113e-01
   outer loop
     vertex  2.782677e+01  7.958091e+00  5.963556e+01
     vertex  2.947284e+01  1.203507e+01  5.781069e+01
     vertex  3.046426e+01  1.196056e+01  5.849616e+01
   endloop
 endfacet
 facet normal  4.625212e-01 -5.110358e-01 -7.245113e-01
   outer loop
     vertex  2.782677e+01  7.958091e+00  5.963556e+01
     vertex  3.046426e+01  1.196056e+01  5.849616e+01
     vertex  2.892329e+01  7.875685e+00  6.039369e+01
   endloop
 endfacet
 facet normal  3.334400e-01 -5.031242e-01 -7.972978e-01
   outer loop
     vertex  3.253291e+01  3.491776e+00  6.504233e+01
     vertex  3.240613e+01  7.662217e+00  6.235761e+01
     vertex  3.362337e+01  7.602809e+00  6.290416e+01
   endloop
 endfacet
 facet normal  2.992426e-01 -5.015562e-01 -8.117236e-01
   outer loop
     vertex  3.253291e+01  3.491776e+00  6.504233e+01
     vertex  3.486453e+01  7.549494e+00  6.339466e+01
     vertex  3.389304e+01  3.433351e+00  6.557984e+01
   endloop
 endfacet
 facet normal  2.988794e-01 -5.030030e-01 -8.109618e-01
   outer loop
     vertex  3.253291e+01  3.491776e+00  6.504233e+01
     vertex  3.389304e+01  3.433351e+00  6.557984e+01
     vertex  3.213699e+01  0.000000e+00  6.706220e+01
   endloop
 endfacet
 facet normal  2.992426e-01 -5.015562e-01 -8.117236e-01
   outer loop
     vertex  3.253291e+01  3.491776e+00  6.504233e+01
     vertex  3.362337e+01  7.602809e+00  6.290416e+01
     vertex  3.486453e+01  7.549494e+00  6.339466e+01
   endloop
 endfacet
 facet normal  3.148783e-01 -5.017529e-01 -8.056648e-01
   outer loop
     vertex  3.253291e+01  3.491776e+00  6.504233e+01
     vertex  3.213699e+01  0.000000e+00  6.706220e+01
     vertex  3.121966e+01  0.000000e+00  6.670368e+01
   endloop
 endfacet
 facet normal  4.925725e-01 -6.522969e-01  5.760912e-01
   outer loop
     vertex  4.099537e+01  4.175942e+01  3.413005e+01
     vertex  4.260488e+01  4.534618e+01  3.681511e+01
     vertex  4.074809e+01  4.173895e+01  3.431831e+01
   endloop
 endfacet
 facet normal  4.760832e-01 -6.538576e-01  5.880604e-01
   outer loop
     vertex  4.099537e+01  4.175942e+01  3.413005e+01
     vertex  4.269328e+01  4.535312e+01  3.675126e+01
     vertex  4.260488e+01  4.534618e+01  3.681511e+01
   endloop
 endfacet
 facet normal  6.258240e-01 -6.384806e-01  4.479809e-01
   outer loop
     vertex  3.773781e+01  3.800904e+01  3.295021e+01
     vertex  3.985332e+01  4.164553e+01  3.517776e+01
     vertex  3.745877e+01  3.797235e+01  3.328774e+01
   endloop
 endfacet
 facet normal  7.263582e-01 -6.216536e-01  2.931730e-01
   outer loop
     vertex  3.403235e+01  3.411935e+01  3.305195e+01
     vertex  3.650654e+01  3.781297e+01  3.475404e+01
     vertex  3.378111e+01  3.406437e+01  3.355783e+01
   endloop
 endfacet
 facet normal  7.888643e-01 -6.027978e-01  1.196991e-01
   outer loop
     vertex  3.031329e+01  3.007570e+01  3.457023e+01
     vertex  3.301661e+01  3.383374e+01  3.567955e+01
     vertex  3.288761e+01  3.377403e+01  3.622896e+01
   endloop
 endfacet
 facet normal  7.888643e-01 -6.027978e-01  1.196991e-01
   outer loop
     vertex  3.031329e+01  3.007570e+01  3.457023e+01
     vertex  3.288761e+01  3.377403e+01  3.622896e+01
     vertex  3.015519e+01  3.000251e+01  3.524358e+01
   endloop
 endfacet
 facet normal  8.092180e-01 -5.869134e-01 -2.643725e-02
   outer loop
     vertex  2.704639e+01  2.587783e+01  3.750731e+01
     vertex  2.986921e+01  2.977932e+01  3.729689e+01
     vertex  2.983732e+01  2.970425e+01  3.798761e+01
   endloop
 endfacet
 facet normal  8.100698e-01 -5.829002e-01 -6.335872e-02
   outer loop
     vertex  2.704639e+01  2.587783e+01  3.750731e+01
     vertex  2.983732e+01  2.970425e+01  3.798761e+01
     vertex  2.983732e+01  2.962909e+01  3.867906e+01
   endloop
 endfacet
 facet normal  8.100698e-01 -5.829002e-01 -6.335872e-02
   outer loop
     vertex  2.704639e+01  2.587783e+01  3.750731e+01
     vertex  2.983732e+01  2.962909e+01  3.867906e+01
     vertex  2.704639e+01  2.578884e+01  3.832603e+01
   endloop
 endfacet
 facet normal  7.888643e-01 -5.630026e-01 -2.464166e-01
   outer loop
     vertex  2.469034e+01  2.154052e+01  4.172719e+01
     vertex  2.742277e+01  2.543567e+01  4.157514e+01
     vertex  2.490664e+01  2.144039e+01  4.264842e+01
   endloop
 endfacet
 facet normal  7.964769e-01 -5.669317e-01 -2.102691e-01
   outer loop
     vertex  2.469034e+01  2.154052e+01  4.172719e+01
     vertex  2.727253e+01  2.552317e+01  4.077016e+01
     vertex  2.742277e+01  2.543567e+01  4.157514e+01
   endloop
 endfacet
 facet normal  7.263582e-01 -5.441467e-01 -4.198905e-01
   outer loop
     vertex  2.365767e+01  1.709304e+01  4.696070e+01
     vertex  2.660981e+01  2.096149e+01  4.705431e+01
     vertex  2.413562e+01  1.698844e+01  4.792306e+01
   endloop
 endfacet
 facet normal  7.263582e-01 -5.441467e-01 -4.198905e-01
   outer loop
     vertex  2.365767e+01  1.709304e+01  4.696070e+01
     vertex  2.618853e+01  2.105369e+01  4.620607e+01
     vertex  2.660981e+01  2.096149e+01  4.705431e+01
   endloop
 endfacet
 facet normal  7.420365e-01 -5.477860e-01 -3.864095e-01
   outer loop
     vertex  2.365767e+01  1.709304e+01  4.696070e+01
     vertex  2.580682e+01  2.114788e+01  4.533952e+01
     vertex  2.618853e+01  2.105369e+01  4.620607e+01
   endloop
 endfacet
 facet normal  6.258240e-01 -5.273198e-01 -5.746983e-01
   outer loop
     vertex  2.427800e+01  1.257744e+01  5.282092e+01
     vertex  2.647479e+01  1.659692e+01  5.152503e+01
     vertex  2.716028e+01  1.650679e+01  5.235419e+01
   endloop
 endfacet
 facet normal  6.258240e-01 -5.273198e-01 -5.746983e-01
   outer loop
     vertex  2.427800e+01  1.257744e+01  5.282092e+01
     vertex  2.716028e+01  1.650679e+01  5.235419e+01
     vertex  2.504477e+01  1.247662e+01  5.374840e+01
   endloop
 endfacet
 facet normal  4.925250e-01 -5.134028e-01 -7.027352e-01
   outer loop
     vertex  2.676636e+01  8.045843e+00  5.882825e+01
     vertex  2.947284e+01  1.203507e+01  5.781069e+01
     vertex  2.782677e+01  7.958091e+00  5.963556e+01
   endloop
 endfacet
 facet normal  4.925250e-01 -5.134028e-01 -7.027352e-01
   outer loop
     vertex  2.676636e+01  8.045843e+00  5.882825e+01
     vertex  2.851408e+01  1.211441e+01  5.708076e+01
     vertex  2.947284e+01  1.203507e+01  5.781069e+01
   endloop
 endfacet
 facet normal  3.331022e-01 -5.043304e-01 -7.966767e-01
   outer loop
     vertex  3.119900e+01  3.556878e+00  6.444339e+01
     vertex  3.253291e+01  3.491776e+00  6.504233e+01
     vertex  3.121966e+01  0.000000e+00  6.670368e+01
   endloop
 endfacet
 facet normal  3.334400e-01 -5.031242e-01 -7.972978e-01
   outer loop
     vertex  3.119900e+01  3.556878e+00  6.444339e+01
     vertex  3.240613e+01  7.662217e+00  6.235761e+01
     vertex  3.253291e+01  3.491776e+00  6.504233e+01
   endloop
 endfacet
 facet normal  3.570923e-01 -5.040680e-01 -7.863844e-01
   outer loop
     vertex  3.119900e+01  3.556878e+00  6.444339e+01
     vertex  3.031214e+01  0.000000e+00  6.632061e+01
     vertex  2.941507e+01  0.000000e+00  6.591325e+01
   endloop
 endfacet
 facet normal  3.359300e-01 -5.037803e-01 -7.958369e-01
   outer loop
     vertex  3.119900e+01  3.556878e+00  6.444339e+01
     vertex  3.121966e+01  0.000000e+00  6.670368e+01
     vertex  3.031214e+01  0.000000e+00  6.632061e+01
   endloop
 endfacet
 facet normal  4.625755e-01 -6.546422e-01  5.978858e-01
   outer loop
     vertex  4.125107e+01  4.177863e+01  3.395326e+01
     vertex  4.269328e+01  4.535312e+01  3.675126e+01
     vertex  4.099537e+01  4.175942e+01  3.413005e+01
   endloop
 endfacet
 facet normal  4.580565e-01 -6.551238e-01  6.008303e-01
   outer loop
     vertex  4.125107e+01  4.177863e+01  3.395326e+01
     vertex  4.278340e+01  4.535980e+01  3.668983e+01
     vertex  4.269328e+01  4.535312e+01  3.675126e+01
   endloop
 endfacet
 facet normal  4.396104e-01 -6.565104e-01  6.129737e-01
   outer loop
     vertex  4.125107e+01  4.177863e+01  3.395326e+01
     vertex  4.287518e+01  4.536621e+01  3.663087e+01
     vertex  4.278340e+01  4.535980e+01  3.668983e+01
   endloop
 endfacet
 facet normal  6.015847e-01 -6.415226e-01  4.759671e-01
   outer loop
     vertex  3.803213e+01  3.804430e+01  3.262575e+01
     vertex  3.985332e+01  4.164553e+01  3.517776e+01
     vertex  3.773781e+01  3.800904e+01  3.295021e+01
   endloop
 endfacet
 facet normal  6.015847e-01 -6.415226e-01  4.759671e-01
   outer loop
     vertex  3.803213e+01  3.804430e+01  3.262575e+01
     vertex  4.006190e+01  4.167053e+01  3.494781e+01
     vertex  3.985332e+01  4.164553e+01  3.517776e+01
   endloop
 endfacet
 facet normal  6.904553e-01 -6.286801e-01  3.578167e-01
   outer loop
     vertex  3.430666e+01  3.417304e+01  3.255806e+01
     vertex  3.694881e+01  3.789502e+01  3.399917e+01
     vertex  3.671896e+01  3.785454e+01  3.437156e+01
   endloop
 endfacet
 facet normal  7.091524e-01 -6.252114e-01  3.259042e-01
   outer loop
     vertex  3.430666e+01  3.417304e+01  3.255806e+01
     vertex  3.671896e+01  3.785454e+01  3.437156e+01
     vertex  3.650654e+01  3.781297e+01  3.475404e+01
   endloop
 endfacet
 facet normal  7.091524e-01 -6.252114e-01  3.259042e-01
   outer loop
     vertex  3.430666e+01  3.417304e+01  3.255806e+01
     vertex  3.650654e+01  3.781297e+01  3.475404e+01
     vertex  3.403235e+01  3.411935e+01  3.305195e+01
   endloop
 endfacet
 facet normal  7.795928e-01 -6.066850e-01  1.554616e-01
   outer loop
     vertex  3.050227e+01  3.014803e+01  3.390479e+01
     vertex  3.301661e+01  3.383374e+01  3.567955e+01
     vertex  3.031329e+01  3.007570e+01  3.457023e+01
   endloop
 endfacet
 facet normal  7.795928e-01 -6.066850e-01  1.554616e-01
   outer loop
     vertex  3.050227e+01  3.014803e+01  3.390479e+01
     vertex  3.317081e+01  3.389276e+01  3.513660e+01
     vertex  3.301661e+01  3.383374e+01  3.567955e+01
   endloop
 endfacet
 facet normal  8.092180e-01 -5.869134e-01 -2.643725e-02
   outer loop
     vertex  2.708414e+01  2.596673e+01  3.668944e+01
     vertex  2.986921e+01  2.977932e+01  3.729689e+01
     vertex  2.704639e+01  2.587783e+01  3.750731e+01
   endloop
 endfacet
 facet normal  7.964769e-01 -5.669317e-01 -2.102691e-01
   outer loop
     vertex  2.451675e+01  2.164162e+01  4.079707e+01
     vertex  2.727253e+01  2.552317e+01  4.077016e+01
     vertex  2.469034e+01  2.154052e+01  4.172719e+01
   endloop
 endfacet
 facet normal  7.420365e-01 -5.477860e-01 -3.864095e-01
   outer loop
     vertex  2.322460e+01  1.719990e+01  4.597757e+01
     vertex  2.580682e+01  2.114788e+01  4.533952e+01
     vertex  2.365767e+01  1.709304e+01  4.696070e+01
   endloop
 endfacet
 facet normal  6.487472e-01 -5.304787e-01 -5.456368e-01
   outer loop
     vertex  2.355481e+01  1.268194e+01  5.185946e+01
     vertex  2.582827e+01  1.669034e+01  5.066550e+01
     vertex  2.647479e+01  1.659692e+01  5.152503e+01
   endloop
 endfacet
 facet normal  6.487472e-01 -5.304787e-01 -5.456368e-01
   outer loop
     vertex  2.355481e+01  1.268194e+01  5.185946e+01
     vertex  2.647479e+01  1.659692e+01  5.152503e+01
     vertex  2.427800e+01  1.257744e+01  5.282092e+01
   endloop
 endfacet
 facet normal  5.214929e-01 -5.159159e-01 -6.796145e-01
   outer loop
     vertex  2.574430e+01  8.138756e+00  5.797345e+01
     vertex  2.851408e+01  1.211441e+01  5.708076e+01
     vertex  2.676636e+01  8.045843e+00  5.882825e+01
   endloop
 endfacet
 facet normal  5.214929e-01 -5.159159e-01 -6.796145e-01
   outer loop
     vertex  2.574430e+01  8.138756e+00  5.797345e+01
     vertex  2.758998e+01  1.219842e+01  5.630790e+01
     vertex  2.851408e+01  1.211441e+01  5.708076e+01
   endloop
 endfacet
 facet normal  3.669362e-01 -5.048600e-01 -7.813285e-01
   outer loop
     vertex  2.989411e+01  3.628520e+00  6.378428e+01
     vertex  3.121538e+01  7.727592e+00  6.175615e+01
     vertex  3.240613e+01  7.662217e+00  6.235761e+01
   endloop
 endfacet
 facet normal  3.664704e-01 -5.063689e-01 -7.805703e-01
   outer loop
     vertex  2.989411e+01  3.628520e+00  6.378428e+01
     vertex  3.119900e+01  3.556878e+00  6.444339e+01
     vertex  2.941507e+01  0.000000e+00  6.591325e+01
   endloop
 endfacet
 facet normal  3.669362e-01 -5.048600e-01 -7.813285e-01
   outer loop
     vertex  2.989411e+01  3.628520e+00  6.378428e+01
     vertex  3.240613e+01  7.662217e+00  6.235761e+01
     vertex  3.119900e+01  3.556878e+00  6.444339e+01
   endloop
 endfacet
 facet normal  3.777777e-01 -5.051530e-01 -7.759539e-01
   outer loop
     vertex  2.989411e+01  3.628520e+00  6.378428e+01
     vertex  2.941507e+01  0.000000e+00  6.591325e+01
     vertex  2.852908e+01  0.000000e+00  6.548190e+01
   endloop
 endfacet
 facet normal  4.208517e-01 -6.578094e-01  6.246364e-01
   outer loop
     vertex  4.151465e+01  4.179656e+01  3.378831e+01
     vertex  4.296854e+01  4.537234e+01  3.657443e+01
     vertex  4.287518e+01  4.536621e+01  3.663087e+01
   endloop
 endfacet
 facet normal  4.018479e-01 -6.588773e-01  6.359237e-01
   outer loop
     vertex  4.151465e+01  4.179656e+01  3.378831e+01
     vertex  4.306342e+01  4.537820e+01  3.652054e+01
     vertex  4.296854e+01  4.537234e+01  3.657443e+01
   endloop
 endfacet
 facet normal  4.316003e-01 -6.568467e-01  6.182828e-01
   outer loop
     vertex  4.151465e+01  4.179656e+01  3.378831e+01
     vertex  4.287518e+01  4.536621e+01  3.663087e+01
     vertex  4.125107e+01  4.177863e+01  3.395326e+01
   endloop
 endfacet
 facet normal  5.760802e-01 -6.444413e-01  5.028191e-01
   outer loop
     vertex  3.834110e+01  3.807807e+01  3.231505e+01
     vertex  4.028087e+01  4.169446e+01  3.472762e+01
     vertex  4.006190e+01  4.167053e+01  3.494781e+01
   endloop
 endfacet
 facet normal  5.760802e-01 -6.444413e-01  5.028191e-01
   outer loop
     vertex  3.834110e+01  3.807807e+01  3.231505e+01
     vertex  4.006190e+01  4.167053e+01  3.494781e+01
     vertex  3.803213e+01  3.804430e+01  3.262575e+01
   endloop
 endfacet
 facet normal  6.904553e-01 -6.286801e-01  3.578167e-01
   outer loop
     vertex  3.460346e+01  3.422531e+01  3.207719e+01
     vertex  3.694881e+01  3.789502e+01  3.399917e+01
     vertex  3.430666e+01  3.417304e+01  3.255806e+01
   endloop
 endfacet
 facet normal  7.686818e-01 -6.105222e-01  1.907639e-01
   outer loop
     vertex  3.072175e+01  3.021935e+01  3.324867e+01
     vertex  3.317081e+01  3.389276e+01  3.513660e+01
     vertex  3.050227e+01  3.014803e+01  3.390479e+01
   endloop
 endfacet
 facet normal  7.561543e-01 -6.143013e-01  2.255318e-01
   outer loop
     vertex  3.072175e+01  3.021935e+01  3.324867e+01
     vertex  3.355346e+01  3.400819e+01  3.407462e+01
     vertex  3.334989e+01  3.395095e+01  3.460125e+01
   endloop
 endfacet
 facet normal  7.686818e-01 -6.105222e-01  1.907639e-01
   outer loop
     vertex  3.072175e+01  3.021935e+01  3.324867e+01
     vertex  3.334989e+01  3.395095e+01  3.460125e+01
     vertex  3.317081e+01  3.389276e+01  3.513660e+01
   endloop
 endfacet
 facet normal  8.024144e-01 -5.949061e-01  4.709527e-02
   outer loop
     vertex  2.715958e+01  2.605534e+01  3.587416e+01
     vertex  3.002831e+01  2.992861e+01  3.592343e+01
     vertex  2.993292e+01  2.985417e+01  3.660834e+01
   endloop
 endfacet
 facet normal  8.066644e-01 -5.909182e-01  1.040657e-02
   outer loop
     vertex  2.715958e+01  2.605534e+01  3.587416e+01
     vertex  2.986921e+01  2.977932e+01  3.729689e+01
     vertex  2.708414e+01  2.596673e+01  3.668944e+01
   endloop
 endfacet
 facet normal  8.066644e-01 -5.909182e-01  1.040657e-02
   outer loop
     vertex  2.715958e+01  2.605534e+01  3.587416e+01
     vertex  2.993292e+01  2.985417e+01  3.660834e+01
     vertex  2.986921e+01  2.977932e+01  3.729689e+01
   endloop
 endfacet
 facet normal  8.024144e-01 -5.708943e-01 -1.738127e-01
   outer loop
     vertex  2.438624e+01  2.174348e+01  3.986002e+01
     vertex  2.715958e+01  2.561132e+01  3.995917e+01
     vertex  2.727253e+01  2.552317e+01  4.077016e+01
   endloop
 endfacet
 facet normal  8.024144e-01 -5.708943e-01 -1.738127e-01
   outer loop
     vertex  2.438624e+01  2.174348e+01  3.986002e+01
     vertex  2.727253e+01  2.552317e+01  4.077016e+01
     vertex  2.451675e+01  2.164162e+01  4.079707e+01
   endloop
 endfacet
 facet normal  7.561543e-01 -5.514991e-01 -3.522492e-01
   outer loop
     vertex  2.283733e+01  1.730880e+01  4.497574e+01
     vertex  2.546547e+01  2.124386e+01  4.445649e+01
     vertex  2.580682e+01  2.114788e+01  4.533952e+01
   endloop
 endfacet
 facet normal  7.561543e-01 -5.514991e-01 -3.522492e-01
   outer loop
     vertex  2.283733e+01  1.730880e+01  4.497574e+01
     vertex  2.580682e+01  2.114788e+01  4.533952e+01
     vertex  2.322460e+01  1.719990e+01  4.597757e+01
   endloop
 endfacet
 facet normal  6.703061e-01 -5.337478e-01 -5.155610e-01
   outer loop
     vertex  2.287672e+01  1.278992e+01  5.086606e+01
     vertex  2.582827e+01  1.669034e+01  5.066550e+01
     vertex  2.355481e+01  1.268194e+01  5.185946e+01
   endloop
 endfacet
 facet normal  6.703061e-01 -5.337478e-01 -5.155610e-01
   outer loop
     vertex  2.287672e+01  1.278992e+01  5.086606e+01
     vertex  2.522207e+01  1.678688e+01  4.977741e+01
     vertex  2.582827e+01  1.669034e+01  5.066550e+01
   endloop
 endfacet
 facet normal  5.493642e-01 -5.185699e-01 -6.551979e-01
   outer loop
     vertex  2.476274e+01  8.236634e+00  5.707297e+01
     vertex  2.758998e+01  1.219842e+01  5.630790e+01
     vertex  2.574430e+01  8.138756e+00  5.797345e+01
   endloop
 endfacet
 facet normal  5.760802e-01 -5.213591e-01 -6.295365e-01
   outer loop
     vertex  2.476274e+01  8.236634e+00  5.707297e+01
     vertex  2.585350e+01  1.237971e+01  5.463997e+01
     vertex  2.670250e+01  1.228691e+01  5.549373e+01
   endloop
 endfacet
 facet normal  5.493642e-01 -5.185699e-01 -6.551979e-01
   outer loop
     vertex  2.476274e+01  8.236634e+00  5.707297e+01
     vertex  2.670250e+01  1.228691e+01  5.549373e+01
     vertex  2.758998e+01  1.219842e+01  5.630790e+01
   endloop
 endfacet
 facet normal  3.996607e-01 -5.067599e-01 -7.638493e-01
   outer loop
     vertex  2.862099e+01  3.706552e+00  6.306639e+01
     vertex  3.121538e+01  7.727592e+00  6.175615e+01
     vertex  2.989411e+01  3.628520e+00  6.378428e+01
   endloop
 endfacet
 facet normal  3.996607e-01 -5.067599e-01 -7.638493e-01
   outer loop
     vertex  2.862099e+01  3.706552e+00  6.306639e+01
     vertex  3.005362e+01  7.798799e+00  6.110105e+01
     vertex  3.121538e+01  7.727592e+00  6.175615e+01
   endloop
 endfacet
 facet normal  3.994217e-01 -5.074701e-01 -7.635027e-01
   outer loop
     vertex  2.862099e+01  3.706552e+00  6.306639e+01
     vertex  2.989411e+01  3.628520e+00  6.378428e+01
     vertex  2.852908e+01  0.000000e+00  6.548190e+01
   endloop
 endfacet
 facet normal  4.181542e-01 -5.074877e-01 -7.533945e-01
   outer loop
     vertex  2.862099e+01  3.706552e+00  6.306639e+01
     vertex  2.765480e+01  0.000000e+00  6.502687e+01
     vertex  2.679286e+01  0.000000e+00  6.454847e+01
   endloop
 endfacet
 facet normal  3.977156e-01 -5.078454e-01 -7.641436e-01
   outer loop
     vertex  2.862099e+01  3.706552e+00  6.306639e+01
     vertex  2.852908e+01  0.000000e+00  6.548190e+01
     vertex  2.765480e+01  0.000000e+00  6.502687e+01
   endloop
 endfacet
 facet normal  3.824221e-01 -6.602048e-01  6.464387e-01
   outer loop
     vertex  4.178556e+01  4.181317e+01  3.363555e+01
     vertex  4.315974e+01  4.538378e+01  3.646926e+01
     vertex  4.306342e+01  4.537820e+01  3.652054e+01
   endloop
 endfacet
 facet normal  3.997015e-01 -6.589347e-01  6.372157e-01
   outer loop
     vertex  4.178556e+01  4.181317e+01  3.363555e+01
     vertex  4.306342e+01  4.537820e+01  3.652054e+01
     vertex  4.151465e+01  4.179656e+01  3.378831e+01
   endloop
 endfacet
 facet normal  5.493642e-01 -6.472305e-01  5.284804e-01
   outer loop
     vertex  3.866408e+01  3.811028e+01  3.201875e+01
     vertex  4.028087e+01  4.169446e+01  3.472762e+01
     vertex  3.834110e+01  3.807807e+01  3.231505e+01
   endloop
 endfacet
 facet normal  5.493642e-01 -6.472305e-01  5.284804e-01
   outer loop
     vertex  3.866408e+01  3.811028e+01  3.201875e+01
     vertex  4.050976e+01  4.171729e+01  3.451764e+01
     vertex  4.028087e+01  4.169446e+01  3.472762e+01
   endloop
 endfacet
 facet normal  5.214929e-01 -6.498845e-01  5.528971e-01
   outer loop
     vertex  3.866408e+01  3.811028e+01  3.201875e+01
     vertex  4.074809e+01  4.173895e+01  3.431831e+01
     vertex  4.050976e+01  4.171729e+01  3.451764e+01
   endloop
 endfacet
 facet normal  6.703061e-01 -6.320526e-01  3.888435e-01
   outer loop
     vertex  3.492212e+01  3.427605e+01  3.161035e+01
     vertex  3.694881e+01  3.789502e+01  3.399917e+01
     vertex  3.460346e+01  3.422531e+01  3.207719e+01
   endloop
 endfacet
 facet normal  6.703061e-01 -6.320526e-01  3.888435e-01
   outer loop
     vertex  3.492212e+01  3.427605e+01  3.161035e+01
     vertex  3.719558e+01  3.793431e+01  3.363764e+01
     vertex  3.694881e+01  3.789502e+01  3.399917e+01
   endloop
 endfacet
 facet normal  6.487472e-01 -6.353217e-01  4.189193e-01
   outer loop
     vertex  3.492212e+01  3.427605e+01  3.161035e+01
     vertex  3.745877e+01  3.797235e+01  3.328774e+01
     vertex  3.719558e+01  3.793431e+01  3.363764e+01
   endloop
 endfacet
 facet normal  7.561543e-01 -6.143013e-01  2.255318e-01
   outer loop
     vertex  3.097125e+01  3.028950e+01  3.260324e+01
     vertex  3.355346e+01  3.400819e+01  3.407462e+01
     vertex  3.072175e+01  3.021935e+01  3.324867e+01
   endloop
 endfacet
 facet normal  8.024144e-01 -5.949061e-01  4.709527e-02
   outer loop
     vertex  2.727253e+01  2.614350e+01  3.506318e+01
     vertex  3.002831e+01  2.992861e+01  3.592343e+01
     vertex  2.715958e+01  2.605534e+01  3.587416e+01
   endloop
 endfacet
 facet normal  8.066644e-01 -5.748822e-01 -1.371240e-01
   outer loop
     vertex  2.429908e+01  2.184587e+01  3.891800e+01
     vertex  2.715958e+01  2.561132e+01  3.995917e+01
     vertex  2.438624e+01  2.174348e+01  3.986002e+01
   endloop
 endfacet
 facet normal  8.066644e-01 -5.748822e-01 -1.371240e-01
   outer loop
     vertex  2.429908e+01  2.184587e+01  3.891800e+01
     vertex  2.708414e+01  2.569994e+01  3.914389e+01
     vertex  2.715958e+01  2.561132e+01  3.995917e+01
   endloop
 endfacet
 facet normal  8.092180e-01 -5.788870e-01 -1.002802e-01
   outer loop
     vertex  2.429908e+01  2.184587e+01  3.891800e+01
     vertex  2.704639e+01  2.578884e+01  3.832603e+01
     vertex  2.708414e+01  2.569994e+01  3.914389e+01
   endloop
 endfacet
 facet normal  7.686818e-01 -5.552782e-01 -3.174813e-01
   outer loop
     vertex  2.249666e+01  1.741950e+01  4.395730e+01
     vertex  2.546547e+01  2.124386e+01  4.445649e+01
     vertex  2.283733e+01  1.730880e+01  4.497574e+01
   endloop
 endfacet
 facet normal  7.686818e-01 -5.552782e-01 -3.174813e-01
   outer loop
     vertex  2.249666e+01  1.741950e+01  4.395730e+01
     vertex  2.516520e+01  2.134143e+01  4.355883e+01
     vertex  2.546547e+01  2.124386e+01  4.445649e+01
   endloop
 endfacet
 facet normal  6.904553e-01 -5.371203e-01 -4.845342e-01
   outer loop
     vertex  2.224515e+01  1.290115e+01  4.984279e+01
     vertex  2.522207e+01  1.678688e+01  4.977741e+01
     vertex  2.287672e+01  1.278992e+01  5.086606e+01
   endloop
 endfacet
 facet normal  6.904553e-01 -5.371203e-01 -4.845342e-01
   outer loop
     vertex  2.224515e+01  1.290115e+01  4.984279e+01
     vertex  2.465745e+01  1.688631e+01  4.886262e+01
     vertex  2.522207e+01  1.678688e+01  4.977741e+01
   endloop
 endfacet
 facet normal  7.091524e-01 -5.405890e-01 -4.526216e-01
   outer loop
     vertex  2.224515e+01  1.290115e+01  4.984279e+01
     vertex  2.413562e+01  1.698844e+01  4.792306e+01
     vertex  2.465745e+01  1.688631e+01  4.886262e+01
   endloop
 endfacet
 facet normal  6.015847e-01 -5.242778e-01 -6.026845e-01
   outer loop
     vertex  2.382373e+01  8.339272e+00  5.612870e+01
     vertex  2.504477e+01  1.247662e+01  5.374840e+01
     vertex  2.585350e+01  1.237971e+01  5.463997e+01
   endloop
 endfacet
 facet normal  5.760802e-01 -5.213591e-01 -6.295365e-01
   outer loop
     vertex  2.382373e+01  8.339272e+00  5.612870e+01
     vertex  2.585350e+01  1.237971e+01  5.463997e+01
     vertex  2.476274e+01  8.236634e+00  5.707297e+01
   endloop
 endfacet
 facet normal  4.315447e-01 -5.088200e-01 -7.448969e-01
   outer loop
     vertex  2.738232e+01  3.790808e+00  6.229123e+01
     vertex  3.005362e+01  7.798799e+00  6.110105e+01
     vertex  2.862099e+01  3.706552e+00  6.306639e+01
   endloop
 endfacet
 facet normal  4.315447e-01 -5.088200e-01 -7.448969e-01
   outer loop
     vertex  2.738232e+01  3.790808e+00  6.229123e+01
     vertex  2.892329e+01  7.875685e+00  6.039369e+01
     vertex  3.005362e+01  7.798799e+00  6.110105e+01
   endloop
 endfacet
 facet normal  4.376471e-01 -5.092859e-01 -7.410080e-01
   outer loop
     vertex  2.738232e+01  3.790808e+00  6.229123e+01
     vertex  2.679286e+01  0.000000e+00  6.454847e+01
     vertex  2.594388e+01  0.000000e+00  6.404705e+01
   endloop
 endfacet
 facet normal  4.310460e-01 -5.101892e-01 -7.442488e-01
   outer loop
     vertex  2.738232e+01  3.790808e+00  6.229123e+01
     vertex  2.862099e+01  3.706552e+00  6.306639e+01
     vertex  2.679286e+01  0.000000e+00  6.454847e+01
   endloop
 endfacet
 facet normal  3.669780e-01 -6.608226e-01  6.547066e-01
   outer loop
     vertex  4.206323e+01  4.182841e+01  3.349529e+01
     vertex  4.315974e+01  4.538378e+01  3.646926e+01
     vertex  4.178556e+01  4.181317e+01  3.363555e+01
   endloop
 endfacet
 facet normal  3.628217e-01 -6.611768e-01  6.566625e-01
   outer loop
     vertex  4.206323e+01  4.182841e+01  3.349529e+01
     vertex  4.325744e+01  4.538907e+01  3.642060e+01
     vertex  4.315974e+01  4.538378e+01  3.646926e+01
   endloop
 endfacet
 facet normal  3.428751e-01 -6.623033e-01  6.661765e-01
   outer loop
     vertex  4.206323e+01  4.182841e+01  3.349529e+01
     vertex  4.335643e+01  4.539406e+01  3.637462e+01
     vertex  4.325744e+01  4.538907e+01  3.642060e+01
   endloop
 endfacet
 facet normal  5.214929e-01 -6.498845e-01  5.528971e-01
   outer loop
     vertex  3.900038e+01  3.814085e+01  3.173749e+01
     vertex  4.074809e+01  4.173895e+01  3.431831e+01
     vertex  3.866408e+01  3.811028e+01  3.201875e+01
   endloop
 endfacet
 facet normal  6.487472e-01 -6.353217e-01  4.189193e-01
   outer loop
     vertex  3.526197e+01  3.432516e+01  3.115852e+01
     vertex  3.745877e+01  3.797235e+01  3.328774e+01
     vertex  3.492212e+01  3.427605e+01  3.161035e+01
   endloop
 endfacet
 facet normal  7.420365e-01 -6.180144e-01  2.596921e-01
   outer loop
     vertex  3.125025e+01  3.035835e+01  3.196986e+01
     vertex  3.355346e+01  3.400819e+01  3.407462e+01
     vertex  3.097125e+01  3.028950e+01  3.260324e+01
   endloop
 endfacet
 facet normal  7.420365e-01 -6.180144e-01  2.596921e-01
   outer loop
     vertex  3.125025e+01  3.035835e+01  3.196986e+01
     vertex  3.378111e+01  3.406437e+01  3.355783e+01
     vertex  3.355346e+01  3.400819e+01  3.407462e+01
   endloop
 endfacet
 facet normal  7.263582e-01 -6.216536e-01  2.931730e-01
   outer loop
     vertex  3.125025e+01  3.035835e+01  3.196986e+01
     vertex  3.403235e+01  3.411935e+01  3.305195e+01
     vertex  3.378111e+01  3.406437e+01  3.355783e+01
   endloop
 endfacet
 facet normal  7.888643e-01 -6.027978e-01  1.196991e-01
   outer loop
     vertex  2.742277e+01  2.623099e+01  3.425819e+01
     vertex  3.031329e+01  3.007570e+01  3.457023e+01
     vertex  3.015519e+01  3.000251e+01  3.524358e+01
   endloop
 endfacet
 facet normal  7.964769e-01 -5.988687e-01  8.355167e-02
   outer loop
     vertex  2.742277e+01  2.623099e+01  3.425819e+01
     vertex  3.015519e+01  3.000251e+01  3.524358e+01
     vertex  3.002831e+01  2.992861e+01  3.592343e+01
   endloop
 endfacet
 facet normal  7.964769e-01 -5.988687e-01  8.355167e-02
   outer loop
     vertex  2.742277e+01  2.623099e+01  3.425819e+01
     vertex  3.002831e+01  2.992861e+01  3.592343e+01
     vertex  2.727253e+01  2.614350e+01  3.506318e+01
   endloop
 endfacet
 facet normal  8.092180e-01 -5.788870e-01 -1.002802e-01
   outer loop
     vertex  2.425546e+01  2.194859e+01  3.797300e+01
     vertex  2.704639e+01  2.578884e+01  3.832603e+01
     vertex  2.429908e+01  2.184587e+01  3.891800e+01
   endloop
 endfacet
 facet normal  7.795928e-01 -5.591154e-01 -2.821790e-01
   outer loop
     vertex  2.220332e+01  1.753177e+01  4.292442e+01
     vertex  2.516520e+01  2.134143e+01  4.355883e+01
     vertex  2.249666e+01  1.741950e+01  4.395730e+01
   endloop
 endfacet
 facet normal  7.795928e-01 -5.591154e-01 -2.821790e-01
   outer loop
     vertex  2.220332e+01  1.753177e+01  4.292442e+01
     vertex  2.490664e+01  2.144039e+01  4.264842e+01
     vertex  2.516520e+01  2.134143e+01  4.355883e+01
   endloop
 endfacet
 facet normal  7.091524e-01 -5.405890e-01 -4.526216e-01
   outer loop
     vertex  2.166144e+01  1.301538e+01  4.879181e+01
     vertex  2.413562e+01  1.698844e+01  4.792306e+01
     vertex  2.224515e+01  1.290115e+01  4.984279e+01
   endloop
 endfacet
 facet normal  6.015847e-01 -5.242778e-01 -6.026845e-01
   outer loop
     vertex  2.292926e+01  8.446454e+00  5.514262e+01
     vertex  2.504477e+01  1.247662e+01  5.374840e+01
     vertex  2.382373e+01  8.339272e+00  5.612870e+01
   endloop
 endfacet
 facet normal  4.625074e-01 -5.110709e-01 -7.244952e-01
   outer loop
     vertex  2.618069e+01  3.881113e+00  6.146043e+01
     vertex  2.738232e+01  3.790808e+00  6.229123e+01
     vertex  2.594388e+01  0.000000e+00  6.404705e+01
   endloop
 endfacet
 facet normal  4.625212e-01 -5.110358e-01 -7.245113e-01
   outer loop
     vertex  2.618069e+01  3.881113e+00  6.146043e+01
     vertex  2.892329e+01  7.875685e+00  6.039369e+01
     vertex  2.738232e+01  3.790808e+00  6.229123e+01
   endloop
 endfacet
 facet normal  4.625212e-01 -5.110358e-01 -7.245113e-01
   outer loop
     vertex  2.618069e+01  3.881113e+00  6.146043e+01
     vertex  2.782677e+01  7.958091e+00  5.963556e+01
     vertex  2.892329e+01  7.875685e+00  6.039369e+01
   endloop
 endfacet
 facet normal  4.759079e-01 -5.116416e-01 -7.153562e-01
   outer loop
     vertex  2.618069e+01  3.881113e+00  6.146043e+01
     vertex  2.510844e+01  0.000000e+00  6.352296e+01
     vertex  2.428716e+01  0.000000e+00  6.297658e+01
   endloop
 endfacet
 facet normal  4.562869e-01 -5.125976e-01 -7.273555e-01
   outer loop
     vertex  2.618069e+01  3.881113e+00  6.146043e+01
     vertex  2.594388e+01  0.000000e+00  6.404705e+01
     vertex  2.510844e+01  0.000000e+00  6.352296e+01
   endloop
 endfacet
 facet normal  3.226984e-01 -6.632985e-01  6.752043e-01
   outer loop
     vertex  4.234708e+01  4.184226e+01  3.336784e+01
     vertex  4.345666e+01  4.539877e+01  3.633134e+01
     vertex  4.335643e+01  4.539406e+01  3.637462e+01
   endloop
 endfacet
 facet normal  3.023209e-01 -6.640988e-01  6.837944e-01
   outer loop
     vertex  4.234708e+01  4.184226e+01  3.336784e+01
     vertex  4.355803e+01  4.540317e+01  3.629080e+01
     vertex  4.345666e+01  4.539877e+01  3.633134e+01
   endloop
 endfacet
 facet normal  3.334831e-01 -6.625425e-01  6.706910e-01
   outer loop
     vertex  4.234708e+01  4.184226e+01  3.336784e+01
     vertex  4.335643e+01  4.539406e+01  3.637462e+01
     vertex  4.206323e+01  4.182841e+01  3.349529e+01
   endloop
 endfacet
 facet normal  4.925250e-01 -6.523976e-01  5.760178e-01
   outer loop
     vertex  3.934929e+01  3.816973e+01  3.147185e+01
     vertex  4.074809e+01  4.173895e+01  3.431831e+01
     vertex  3.900038e+01  3.814085e+01  3.173749e+01
   endloop
 endfacet
 facet normal  4.625212e-01 -6.547646e-01  5.977938e-01
   outer loop
     vertex  3.934929e+01  3.816973e+01  3.147185e+01
     vertex  4.125107e+01  4.177863e+01  3.395326e+01
     vertex  4.099537e+01  4.175942e+01  3.413005e+01
   endloop
 endfacet
 facet normal  4.925250e-01 -6.523976e-01  5.760178e-01
   outer loop
     vertex  3.934929e+01  3.816973e+01  3.147185e+01
     vertex  4.099537e+01  4.175942e+01  3.413005e+01
     vertex  4.074809e+01  4.173895e+01  3.431831e+01
   endloop
 endfacet
 facet normal  6.258240e-01 -6.384806e-01  4.479809e-01
   outer loop
     vertex  3.562230e+01  3.437254e+01  3.072266e+01
     vertex  3.773781e+01  3.800904e+01  3.295021e+01
     vertex  3.745877e+01  3.797235e+01  3.328774e+01
   endloop
 endfacet
 facet normal  6.015847e-01 -6.415226e-01  4.759671e-01
   outer loop
     vertex  3.562230e+01  3.437254e+01  3.072266e+01
     vertex  3.803213e+01  3.804430e+01  3.262575e+01
     vertex  3.773781e+01  3.800904e+01  3.295021e+01
   endloop
 endfacet
 facet normal  6.258240e-01 -6.384806e-01  4.479809e-01
   outer loop
     vertex  3.562230e+01  3.437254e+01  3.072266e+01
     vertex  3.745877e+01  3.797235e+01  3.328774e+01
     vertex  3.526197e+01  3.432516e+01  3.115852e+01
   endloop
 endfacet
 facet normal  7.263582e-01 -6.216536e-01  2.931730e-01
   outer loop
     vertex  3.155817e+01  3.042574e+01  3.134986e+01
     vertex  3.403235e+01  3.411935e+01  3.305195e+01
     vertex  3.125025e+01  3.035835e+01  3.196986e+01
   endloop
 endfacet
 facet normal  7.091524e-01 -6.252114e-01  3.259042e-01
   outer loop
     vertex  3.155817e+01  3.042574e+01  3.134986e+01
     vertex  3.430666e+01  3.417304e+01  3.255806e+01
     vertex  3.403235e+01  3.411935e+01  3.305195e+01
   endloop
 endfacet
 facet normal  7.888643e-01 -6.027978e-01  1.196991e-01
   outer loop
     vertex  2.760996e+01  2.631766e+01  3.346090e+01
     vertex  3.031329e+01  3.007570e+01  3.457023e+01
     vertex  2.742277e+01  2.623099e+01  3.425819e+01
   endloop
 endfacet
 facet normal  8.100698e-01 -5.829002e-01 -6.335872e-02
   outer loop
     vertex  2.425546e+01  2.205141e+01  3.702700e+01
     vertex  2.704639e+01  2.587783e+01  3.750731e+01
     vertex  2.704639e+01  2.578884e+01  3.832603e+01
   endloop
 endfacet
 facet normal  8.100698e-01 -5.829002e-01 -6.335872e-02
   outer loop
     vertex  2.425546e+01  2.205141e+01  3.702700e+01
     vertex  2.704639e+01  2.578884e+01  3.832603e+01
     vertex  2.425546e+01  2.194859e+01  3.797300e+01
   endloop
 endfacet
 facet normal  8.092180e-01 -5.869134e-01 -2.643725e-02
   outer loop
     vertex  2.425546e+01  2.205141e+01  3.702700e+01
     vertex  2.708414e+01  2.596673e+01  3.668944e+01
     vertex  2.704639e+01  2.587783e+01  3.750731e+01
   endloop
 endfacet
 facet normal  7.888643e-01 -5.630026e-01 -2.464166e-01
   outer loop
     vertex  2.195792e+01  1.764537e+01  4.187924e+01
     vertex  2.469034e+01  2.154052e+01  4.172719e+01
     vertex  2.490664e+01  2.144039e+01  4.264842e+01
   endloop
 endfacet
 facet normal  7.964769e-01 -5.669317e-01 -2.102691e-01
   outer loop
     vertex  2.195792e+01  1.764537e+01  4.187924e+01
     vertex  2.451675e+01  2.164162e+01  4.079707e+01
     vertex  2.469034e+01  2.154052e+01  4.172719e+01
   endloop
 endfacet
 facet normal  7.888643e-01 -5.630026e-01 -2.464166e-01
   outer loop
     vertex  2.195792e+01  1.764537e+01  4.187924e+01
     vertex  2.490664e+01  2.144039e+01  4.264842e+01
     vertex  2.220332e+01  1.753177e+01  4.292442e+01
   endloop
 endfacet
 facet normal  7.263582e-01 -5.441467e-01 -4.198905e-01
   outer loop
     vertex  2.112681e+01  1.313239e+01  4.771533e+01
     vertex  2.413562e+01  1.698844e+01  4.792306e+01
     vertex  2.166144e+01  1.301538e+01  4.879181e+01
   endloop
 endfacet
 facet normal  7.263582e-01 -5.441467e-01 -4.198905e-01
   outer loop
     vertex  2.112681e+01  1.313239e+01  4.771533e+01
     vertex  2.365767e+01  1.709304e+01  4.696070e+01
     vertex  2.413562e+01  1.698844e+01  4.792306e+01
   endloop
 endfacet
 facet normal  6.258240e-01 -5.273198e-01 -5.746983e-01
   outer loop
     vertex  2.208120e+01  8.557955e+00  5.411681e+01
     vertex  2.504477e+01  1.247662e+01  5.374840e+01
     vertex  2.292926e+01  8.446454e+00  5.514262e+01
   endloop
 endfacet
 facet normal  6.487472e-01 -5.304787e-01 -5.456368e-01
   outer loop
     vertex  2.208120e+01  8.557955e+00  5.411681e+01
     vertex  2.355481e+01  1.268194e+01  5.185946e+01
     vertex  2.427800e+01  1.257744e+01  5.282092e+01
   endloop
 endfacet
 facet normal  6.258240e-01 -5.273198e-01 -5.746983e-01
   outer loop
     vertex  2.208120e+01  8.557955e+00  5.411681e+01
     vertex  2.427800e+01  1.257744e+01  5.282092e+01
     vertex  2.504477e+01  1.247662e+01  5.374840e+01
   endloop
 endfacet
 facet normal  4.925250e-01 -5.134028e-01 -7.027352e-01
   outer loop
     vertex  2.501865e+01  3.977276e+00  6.057573e+01
     vertex  2.782677e+01  7.958091e+00  5.963556e+01
     vertex  2.618069e+01  3.881113e+00  6.146043e+01
   endloop
 endfacet
 facet normal  4.920955e-01 -5.144323e-01 -7.022830e-01
   outer loop
     vertex  2.501865e+01  3.977276e+00  6.057573e+01
     vertex  2.618069e+01  3.881113e+00  6.146043e+01
     vertex  2.428716e+01  0.000000e+00  6.297658e+01
   endloop
 endfacet
 facet normal  4.940270e-01 -5.141106e-01 -7.011616e-01
   outer loop
     vertex  2.501865e+01  3.977276e+00  6.057573e+01
     vertex  2.428716e+01  0.000000e+00  6.297658e+01
     vertex  2.348060e+01  0.000000e+00  6.240830e+01
   endloop
 endfacet
 facet normal  4.925250e-01 -5.134028e-01 -7.027352e-01
   outer loop
     vertex  2.501865e+01  3.977276e+00  6.057573e+01
     vertex  2.676636e+01  8.045843e+00  5.882825e+01
     vertex  2.782677e+01  7.958091e+00  5.963556e+01
   endloop
 endfacet
 facet normal  2.816378e-01 -6.651138e-01  6.915951e-01
   outer loop
     vertex  4.263651e+01  4.185470e+01  3.325346e+01
     vertex  4.366048e+01  4.540728e+01  3.625303e+01
     vertex  4.355803e+01  4.540317e+01  3.629080e+01
   endloop
 endfacet
 facet normal  2.992746e-01 -6.641339e-01  6.850992e-01
   outer loop
     vertex  4.263651e+01  4.185470e+01  3.325346e+01
     vertex  4.355803e+01  4.540317e+01  3.629080e+01
     vertex  4.234708e+01  4.184226e+01  3.336784e+01
   endloop
 endfacet
 facet normal  4.625212e-01 -6.547646e-01  5.977938e-01
   outer loop
     vertex  3.971009e+01  3.819684e+01  3.122239e+01
     vertex  4.125107e+01  4.177863e+01  3.395326e+01
     vertex  3.934929e+01  3.816973e+01  3.147185e+01
   endloop
 endfacet
 facet normal  6.015847e-01 -6.415226e-01  4.759671e-01
   outer loop
     vertex  3.600236e+01  3.441808e+01  3.030369e+01
     vertex  3.803213e+01  3.804430e+01  3.262575e+01
     vertex  3.562230e+01  3.437254e+01  3.072266e+01
   endloop
 endfacet
 facet normal  5.760802e-01 -6.444413e-01  5.028191e-01
   outer loop
     vertex  3.600236e+01  3.441808e+01  3.030369e+01
     vertex  3.834110e+01  3.807807e+01  3.231505e+01
     vertex  3.803213e+01  3.804430e+01  3.262575e+01
   endloop
 endfacet
 facet normal  7.091524e-01 -6.252114e-01  3.259042e-01
   outer loop
     vertex  3.189436e+01  3.049153e+01  3.074455e+01
     vertex  3.430666e+01  3.417304e+01  3.255806e+01
     vertex  3.155817e+01  3.042574e+01  3.134986e+01
   endloop
 endfacet
 facet normal  7.795928e-01 -6.066850e-01  1.554616e-01
   outer loop
     vertex  2.783374e+01  2.640330e+01  3.267298e+01
     vertex  3.050227e+01  3.014803e+01  3.390479e+01
     vertex  3.031329e+01  3.007570e+01  3.457023e+01
   endloop
 endfacet
 facet normal  7.686818e-01 -6.105222e-01  1.907639e-01
   outer loop
     vertex  2.783374e+01  2.640330e+01  3.267298e+01
     vertex  3.072175e+01  3.021935e+01  3.324867e+01
     vertex  3.050227e+01  3.014803e+01  3.390479e+01
   endloop
 endfacet
 facet normal  7.795928e-01 -6.066850e-01  1.554616e-01
   outer loop
     vertex  2.783374e+01  2.640330e+01  3.267298e+01
     vertex  3.031329e+01  3.007570e+01  3.457023e+01
     vertex  2.760996e+01  2.631766e+01  3.346090e+01
   endloop
 endfacet
 facet normal  8.092180e-01 -5.869134e-01 -2.643725e-02
   outer loop
     vertex  2.429908e+01  2.215413e+01  3.608200e+01
     vertex  2.708414e+01  2.596673e+01  3.668944e+01
     vertex  2.425546e+01  2.205141e+01  3.702700e+01
   endloop
 endfacet
 facet normal  7.964769e-01 -5.669317e-01 -2.102691e-01
   outer loop
     vertex  2.176098e+01  1.776007e+01  4.082399e+01
     vertex  2.451675e+01  2.164162e+01  4.079707e+01
     vertex  2.195792e+01  1.764537e+01  4.187924e+01
   endloop
 endfacet
 facet normal  7.420365e-01 -5.477860e-01 -3.864095e-01
   outer loop
     vertex  2.064239e+01  1.325193e+01  4.661562e+01
     vertex  2.365767e+01  1.709304e+01  4.696070e+01
     vertex  2.112681e+01  1.313239e+01  4.771533e+01
   endloop
 endfacet
 facet normal  7.420365e-01 -5.477860e-01 -3.864095e-01
   outer loop
     vertex  2.064239e+01  1.325193e+01  4.661562e+01
     vertex  2.322460e+01  1.719990e+01  4.597757e+01
     vertex  2.365767e+01  1.709304e+01  4.696070e+01
   endloop
 endfacet
 facet normal  6.487472e-01 -5.304787e-01 -5.456368e-01
   outer loop
     vertex  2.128135e+01  8.673541e+00  5.305343e+01
     vertex  2.355481e+01  1.268194e+01  5.185946e+01
     vertex  2.208120e+01  8.557955e+00  5.411681e+01
   endloop
 endfacet
 facet normal  5.214929e-01 -5.159159e-01 -6.796145e-01
   outer loop
     vertex  2.389862e+01  4.079094e+00  5.963900e+01
     vertex  2.574430e+01  8.138756e+00  5.797345e+01
     vertex  2.676636e+01  8.045843e+00  5.882825e+01
   endloop
 endfacet
 facet normal  5.214929e-01 -5.159159e-01 -6.796145e-01
   outer loop
     vertex  2.389862e+01  4.079094e+00  5.963900e+01
     vertex  2.676636e+01  8.045843e+00  5.882825e+01
     vertex  2.501865e+01  3.977276e+00  6.057573e+01
   endloop
 endfacet
 facet normal  5.299154e-01 -5.164893e-01 -6.726280e-01
   outer loop
     vertex  2.389862e+01  4.079094e+00  5.963900e+01
     vertex  2.268935e+01  0.000000e+00  6.181851e+01
     vertex  2.191397e+01  0.000000e+00  6.120765e+01
   endloop
 endfacet
 facet normal  5.112034e-01 -5.179928e-01 -6.858240e-01
   outer loop
     vertex  2.389862e+01  4.079094e+00  5.963900e+01
     vertex  2.348060e+01  0.000000e+00  6.240830e+01
     vertex  2.268935e+01  0.000000e+00  6.181851e+01
   endloop
 endfacet
 facet normal  5.218530e-01 -5.151007e-01 -6.799564e-01
   outer loop
     vertex  2.389862e+01  4.079094e+00  5.963900e+01
     vertex  2.501865e+01  3.977276e+00  6.057573e+01
     vertex  2.348060e+01  0.000000e+00  6.240830e+01
   endloop
 endfacet
 facet normal  2.608257e-01 -6.657712e-01  6.990842e-01
   outer loop
     vertex  4.293091e+01  4.186568e+01  3.315240e+01
     vertex  4.376393e+01  4.541108e+01  3.621805e+01
     vertex  4.366048e+01  4.540728e+01  3.625303e+01
   endloop
 endfacet
 facet normal  2.397546e-01 -6.666180e-01  7.057891e-01
   outer loop
     vertex  4.293091e+01  4.186568e+01  3.315240e+01
     vertex  4.386830e+01  4.541458e+01  3.618590e+01
     vertex  4.376393e+01  4.541108e+01  3.621805e+01
   endloop
 endfacet
 facet normal  2.644449e-01 -6.655282e-01  6.979550e-01
   outer loop
     vertex  4.293091e+01  4.186568e+01  3.315240e+01
     vertex  4.366048e+01  4.540728e+01  3.625303e+01
     vertex  4.263651e+01  4.185470e+01  3.325346e+01
   endloop
 endfacet
 facet normal  4.315447e-01 -6.569804e-01  6.181795e-01
   outer loop
     vertex  4.008202e+01  3.822214e+01  3.098964e+01
     vertex  4.151465e+01  4.179656e+01  3.378831e+01
     vertex  4.125107e+01  4.177863e+01  3.395326e+01
   endloop
 endfacet
 facet normal  4.315447e-01 -6.569804e-01  6.181795e-01
   outer loop
     vertex  4.008202e+01  3.822214e+01  3.098964e+01
     vertex  4.125107e+01  4.177863e+01  3.395326e+01
     vertex  3.971009e+01  3.819684e+01  3.122239e+01
   endloop
 endfacet
 facet normal  5.760802e-01 -6.444413e-01  5.028191e-01
   outer loop
     vertex  3.640133e+01  3.446169e+01  2.990247e+01
     vertex  3.834110e+01  3.807807e+01  3.231505e+01
     vertex  3.600236e+01  3.441808e+01  3.030369e+01
   endloop
 endfacet
 facet normal  6.703061e-01 -6.320526e-01  3.888435e-01
   outer loop
     vertex  3.225811e+01  3.055559e+01  3.015520e+01
     vertex  3.492212e+01  3.427605e+01  3.161035e+01
     vertex  3.460346e+01  3.422531e+01  3.207719e+01
   endloop
 endfacet
 facet normal  6.904553e-01 -6.286801e-01  3.578167e-01
   outer loop
     vertex  3.225811e+01  3.055559e+01  3.015520e+01
     vertex  3.460346e+01  3.422531e+01  3.207719e+01
     vertex  3.430666e+01  3.417304e+01  3.255806e+01
   endloop
 endfacet
 facet normal  6.904553e-01 -6.286801e-01  3.578167e-01
   outer loop
     vertex  3.225811e+01  3.055559e+01  3.015520e+01
     vertex  3.430666e+01  3.417304e+01  3.255806e+01
     vertex  3.189436e+01  3.049153e+01  3.074455e+01
   endloop
 endfacet
 facet normal  7.686818e-01 -6.105222e-01  1.907639e-01
   outer loop
     vertex  2.809361e+01  2.648774e+01  3.189609e+01
     vertex  3.072175e+01  3.021935e+01  3.324867e+01
     vertex  2.783374e+01  2.640330e+01  3.267298e+01
   endloop
 endfacet
 facet normal  8.024144e-01 -5.949061e-01  4.709527e-02
   outer loop
     vertex  2.438624e+01  2.225652e+01  3.513998e+01
     vertex  2.727253e+01  2.614350e+01  3.506318e+01
     vertex  2.715958e+01  2.605534e+01  3.587416e+01
   endloop
 endfacet
 facet normal  8.066644e-01 -5.909182e-01  1.040657e-02
   outer loop
     vertex  2.438624e+01  2.225652e+01  3.513998e+01
     vertex  2.715958e+01  2.605534e+01  3.587416e+01
     vertex  2.708414e+01  2.596673e+01  3.668944e+01
   endloop
 endfacet
 facet normal  8.066644e-01 -5.909182e-01  1.040657e-02
   outer loop
     vertex  2.438624e+01  2.225652e+01  3.513998e+01
     vertex  2.708414e+01  2.596673e+01  3.668944e+01
     vertex  2.429908e+01  2.215413e+01  3.608200e+01
   endloop
 endfacet
 facet normal  8.024144e-01 -5.708943e-01 -1.738127e-01
   outer loop
     vertex  2.161291e+01  1.787563e+01  3.976086e+01
     vertex  2.438624e+01  2.174348e+01  3.986002e+01
     vertex  2.451675e+01  2.164162e+01  4.079707e+01
   endloop
 endfacet
 facet normal  8.024144e-01 -5.708943e-01 -1.738127e-01
   outer loop
     vertex  2.161291e+01  1.787563e+01  3.976086e+01
     vertex  2.451675e+01  2.164162e+01  4.079707e+01
     vertex  2.176098e+01  1.776007e+01  4.082399e+01
   endloop
 endfacet
 facet normal  7.561543e-01 -5.514991e-01 -3.522492e-01
   outer loop
     vertex  2.020919e+01  1.337373e+01  4.549498e+01
     vertex  2.283733e+01  1.730880e+01  4.497574e+01
     vertex  2.322460e+01  1.719990e+01  4.597757e+01
   endloop
 endfacet
 facet normal  7.561543e-01 -5.514991e-01 -3.522492e-01
   outer loop
     vertex  2.020919e+01  1.337373e+01  4.549498e+01
     vertex  2.322460e+01  1.719990e+01  4.597757e+01
     vertex  2.064239e+01  1.325193e+01  4.661562e+01
   endloop
 endfacet
 facet normal  6.703061e-01 -5.337478e-01 -5.155610e-01
   outer loop
     vertex  2.053137e+01  8.792967e+00  5.195471e+01
     vertex  2.287672e+01  1.278992e+01  5.086606e+01
     vertex  2.355481e+01  1.268194e+01  5.185946e+01
   endloop
 endfacet
 facet normal  6.703061e-01 -5.337478e-01 -5.155610e-01
   outer loop
     vertex  2.053137e+01  8.792967e+00  5.195471e+01
     vertex  2.355481e+01  1.268194e+01  5.185946e+01
     vertex  2.128135e+01  8.673541e+00  5.305343e+01
   endloop
 endfacet
 facet normal  5.760802e-01 -5.213591e-01 -6.295365e-01
   outer loop
     vertex  2.282297e+01  4.186354e+00  5.865221e+01
     vertex  2.382373e+01  8.339272e+00  5.612870e+01
     vertex  2.476274e+01  8.236634e+00  5.707297e+01
   endloop
 endfacet
 facet normal  5.493642e-01 -5.185699e-01 -6.551979e-01
   outer loop
     vertex  2.282297e+01  4.186354e+00  5.865221e+01
     vertex  2.476274e+01  8.236634e+00  5.707297e+01
     vertex  2.574430e+01  8.138756e+00  5.797345e+01
   endloop
 endfacet
 facet normal  5.493642e-01 -5.185699e-01 -6.551979e-01
   outer loop
     vertex  2.282297e+01  4.186354e+00  5.865221e+01
     vertex  2.574430e+01  8.138756e+00  5.797345e+01
     vertex  2.389862e+01  4.079094e+00  5.963900e+01
   endloop
 endfacet
 facet normal  2.185326e-01 -6.672913e-01  7.120154e-01
   outer loop
     vertex  4.322965e+01  4.187520e+01  3.306485e+01
     vertex  4.397352e+01  4.541776e+01  3.615659e+01
     vertex  4.386830e+01  4.541458e+01  3.618590e+01
   endloop
 endfacet
 facet normal  1.971657e-01 -6.678065e-01  7.177466e-01
   outer loop
     vertex  4.322965e+01  4.187520e+01  3.306485e+01
     vertex  4.407951e+01  4.542064e+01  3.613015e+01
     vertex  4.397352e+01  4.541776e+01  3.615659e+01
   endloop
 endfacet
 facet normal  2.290627e-01 -6.667308e-01  7.092251e-01
   outer loop
     vertex  4.322965e+01  4.187520e+01  3.306485e+01
     vertex  4.386830e+01  4.541458e+01  3.618590e+01
     vertex  4.293091e+01  4.186568e+01  3.315240e+01
   endloop
 endfacet
 facet normal  3.996607e-01 -6.590405e-01  6.371318e-01
   outer loop
     vertex  4.046429e+01  3.824557e+01  3.077409e+01
     vertex  4.151465e+01  4.179656e+01  3.378831e+01
     vertex  4.008202e+01  3.822214e+01  3.098964e+01
   endloop
 endfacet
 facet normal  3.996607e-01 -6.590405e-01  6.371318e-01
   outer loop
     vertex  4.046429e+01  3.824557e+01  3.077409e+01
     vertex  4.178556e+01  4.181317e+01  3.363555e+01
     vertex  4.151465e+01  4.179656e+01  3.378831e+01
   endloop
 endfacet
 facet normal  5.493642e-01 -6.472305e-01  5.284804e-01
   outer loop
     vertex  3.681839e+01  3.450328e+01  2.951986e+01
     vertex  3.866408e+01  3.811028e+01  3.201875e+01
     vertex  3.834110e+01  3.807807e+01  3.231505e+01
   endloop
 endfacet
 facet normal  5.493642e-01 -6.472305e-01  5.284804e-01
   outer loop
     vertex  3.681839e+01  3.450328e+01  2.951986e+01
     vertex  3.834110e+01  3.807807e+01  3.231505e+01
     vertex  3.640133e+01  3.446169e+01  2.990247e+01
   endloop
 endfacet
 facet normal  6.703061e-01 -6.320526e-01  3.888435e-01
   outer loop
     vertex  3.264866e+01  3.061778e+01  2.958305e+01
     vertex  3.492212e+01  3.427605e+01  3.161035e+01
     vertex  3.225811e+01  3.055559e+01  3.015520e+01
   endloop
 endfacet
 facet normal  7.561543e-01 -6.143013e-01  2.255318e-01
   outer loop
     vertex  2.838903e+01  2.657081e+01  3.113186e+01
     vertex  3.097125e+01  3.028950e+01  3.260324e+01
     vertex  3.072175e+01  3.021935e+01  3.324867e+01
   endloop
 endfacet
 facet normal  7.561543e-01 -6.143013e-01  2.255318e-01
   outer loop
     vertex  2.838903e+01  2.657081e+01  3.113186e+01
     vertex  3.072175e+01  3.021935e+01  3.324867e+01
     vertex  2.809361e+01  2.648774e+01  3.189609e+01
   endloop
 endfacet
 facet normal  8.024144e-01 -5.949061e-01  4.709527e-02
   outer loop
     vertex  2.451675e+01  2.235838e+01  3.420293e+01
     vertex  2.727253e+01  2.614350e+01  3.506318e+01
     vertex  2.438624e+01  2.225652e+01  3.513998e+01
   endloop
 endfacet
 facet normal  8.066644e-01 -5.748822e-01 -1.371240e-01
   outer loop
     vertex  2.151402e+01  1.799180e+01  3.869211e+01
     vertex  2.429908e+01  2.184587e+01  3.891800e+01
     vertex  2.438624e+01  2.174348e+01  3.986002e+01
   endloop
 endfacet
 facet normal  8.066644e-01 -5.748822e-01 -1.371240e-01
   outer loop
     vertex  2.151402e+01  1.799180e+01  3.869211e+01
     vertex  2.438624e+01  2.174348e+01  3.986002e+01
     vertex  2.161291e+01  1.787563e+01  3.976086e+01
   endloop
 endfacet
 facet normal  8.092180e-01 -5.788870e-01 -1.002802e-01
   outer loop
     vertex  2.151402e+01  1.799180e+01  3.869211e+01
     vertex  2.425546e+01  2.194859e+01  3.797300e+01
     vertex  2.429908e+01  2.184587e+01  3.891800e+01
   endloop
 endfacet
 facet normal  7.686818e-01 -5.552782e-01 -3.174813e-01
   outer loop
     vertex  1.982812e+01  1.349756e+01  4.435578e+01
     vertex  2.283733e+01  1.730880e+01  4.497574e+01
     vertex  2.020919e+01  1.337373e+01  4.549498e+01
   endloop
 endfacet
 facet normal  7.686818e-01 -5.552782e-01 -3.174813e-01
   outer loop
     vertex  1.982812e+01  1.349756e+01  4.435578e+01
     vertex  2.249666e+01  1.741950e+01  4.395730e+01
     vertex  2.283733e+01  1.730880e+01  4.497574e+01
   endloop
 endfacet
 facet normal  6.904553e-01 -5.371203e-01 -4.845342e-01
   outer loop
     vertex  1.983285e+01  8.915983e+00  5.082296e+01
     vertex  2.224515e+01  1.290115e+01  4.984279e+01
     vertex  2.287672e+01  1.278992e+01  5.086606e+01
   endloop
 endfacet
 facet normal  7.091524e-01 -5.405890e-01 -4.526216e-01
   outer loop
     vertex  1.983285e+01  8.915983e+00  5.082296e+01
     vertex  2.166144e+01  1.301538e+01  4.879181e+01
     vertex  2.224515e+01  1.290115e+01  4.984279e+01
   endloop
 endfacet
 facet normal  6.904553e-01 -5.371203e-01 -4.845342e-01
   outer loop
     vertex  1.983285e+01  8.915983e+00  5.082296e+01
     vertex  2.287672e+01  1.278992e+01  5.086606e+01
     vertex  2.053137e+01  8.792967e+00  5.195471e+01
   endloop
 endfacet
 facet normal  5.760802e-01 -5.213591e-01 -6.295365e-01
   outer loop
     vertex  2.179396e+01  4.298830e+00  5.761743e+01
     vertex  2.382373e+01  8.339272e+00  5.612870e+01
     vertex  2.282297e+01  4.186354e+00  5.865221e+01
   endloop
 endfacet
 facet normal  1.931901e-01 -6.677960e-01  7.188366e-01
   outer loop
     vertex  4.353213e+01  4.188322e+01  3.299102e+01
     vertex  4.407951e+01  4.542064e+01  3.613015e+01
     vertex  4.322965e+01  4.187520e+01  3.306485e+01
   endloop
 endfacet
 facet normal  1.756073e-01 -6.684934e-01  7.226885e-01
   outer loop
     vertex  4.353213e+01  4.188322e+01  3.299102e+01
     vertex  4.418618e+01  4.542320e+01  3.610660e+01
     vertex  4.407951e+01  4.542064e+01  3.613015e+01
   endloop
 endfacet
 facet normal  3.669362e-01 -6.609404e-01  6.546111e-01
   outer loop
     vertex  4.085610e+01  3.826708e+01  3.057618e+01
     vertex  4.178556e+01  4.181317e+01  3.363555e+01
     vertex  4.046429e+01  3.824557e+01  3.077409e+01
   endloop
 endfacet
 facet normal  3.669362e-01 -6.609404e-01  6.546111e-01
   outer loop
     vertex  4.085610e+01  3.826708e+01  3.057618e+01
     vertex  4.206323e+01  4.182841e+01  3.349529e+01
     vertex  4.178556e+01  4.181317e+01  3.363555e+01
   endloop
 endfacet
 facet normal  4.925250e-01 -6.523976e-01  5.760178e-01
   outer loop
     vertex  3.725266e+01  3.454275e+01  2.915667e+01
     vertex  3.934929e+01  3.816973e+01  3.147185e+01
     vertex  3.900038e+01  3.814085e+01  3.173749e+01
   endloop
 endfacet
 facet normal  5.214929e-01 -6.498845e-01  5.528971e-01
   outer loop
     vertex  3.725266e+01  3.454275e+01  2.915667e+01
     vertex  3.900038e+01  3.814085e+01  3.173749e+01
     vertex  3.866408e+01  3.811028e+01  3.201875e+01
   endloop
 endfacet
 facet normal  5.214929e-01 -6.498845e-01  5.528971e-01
   outer loop
     vertex  3.725266e+01  3.454275e+01  2.915667e+01
     vertex  3.866408e+01  3.811028e+01  3.201875e+01
     vertex  3.681839e+01  3.450328e+01  2.951986e+01
   endloop
 endfacet
 facet normal  6.258240e-01 -6.384806e-01  4.479809e-01
   outer loop
     vertex  3.306518e+01  3.067797e+01  2.902930e+01
     vertex  3.562230e+01  3.437254e+01  3.072266e+01
     vertex  3.526197e+01  3.432516e+01  3.115852e+01
   endloop
 endfacet
 facet normal  6.487472e-01 -6.353217e-01  4.189193e-01
   outer loop
     vertex  3.306518e+01  3.067797e+01  2.902930e+01
     vertex  3.492212e+01  3.427605e+01  3.161035e+01
     vertex  3.264866e+01  3.061778e+01  2.958305e+01
   endloop
 endfacet
 facet normal  6.487472e-01 -6.353217e-01  4.189193e-01
   outer loop
     vertex  3.306518e+01  3.067797e+01  2.902930e+01
     vertex  3.526197e+01  3.432516e+01  3.115852e+01
     vertex  3.492212e+01  3.427605e+01  3.161035e+01
   endloop
 endfacet
 facet normal  7.420365e-01 -6.180144e-01  2.596921e-01
   outer loop
     vertex  2.871939e+01  2.665233e+01  3.038190e+01
     vertex  3.125025e+01  3.035835e+01  3.196986e+01
     vertex  3.097125e+01  3.028950e+01  3.260324e+01
   endloop
 endfacet
 facet normal  7.420365e-01 -6.180144e-01  2.596921e-01
   outer loop
     vertex  2.871939e+01  2.665233e+01  3.038190e+01
     vertex  3.097125e+01  3.028950e+01  3.260324e+01
     vertex  2.838903e+01  2.657081e+01  3.113186e+01
   endloop
 endfacet
 facet normal  7.263582e-01 -6.216536e-01  2.931730e-01
   outer loop
     vertex  2.871939e+01  2.665233e+01  3.038190e+01
     vertex  3.155817e+01  3.042574e+01  3.134986e+01
     vertex  3.125025e+01  3.035835e+01  3.196986e+01
   endloop
 endfacet
 facet normal  7.888643e-01 -6.027978e-01  1.196991e-01
   outer loop
     vertex  2.469034e+01  2.245948e+01  3.327281e+01
     vertex  2.760996e+01  2.631766e+01  3.346090e+01
     vertex  2.742277e+01  2.623099e+01  3.425819e+01
   endloop
 endfacet
 facet normal  7.964769e-01 -5.988687e-01  8.355167e-02
   outer loop
     vertex  2.469034e+01  2.245948e+01  3.327281e+01
     vertex  2.742277e+01  2.623099e+01  3.425819e+01
     vertex  2.727253e+01  2.614350e+01  3.506318e+01
   endloop
 endfacet
 facet normal  7.964769e-01 -5.988687e-01  8.355167e-02
   outer loop
     vertex  2.469034e+01  2.245948e+01  3.327281e+01
     vertex  2.727253e+01  2.614350e+01  3.506318e+01
     vertex  2.451675e+01  2.235838e+01  3.420293e+01
   endloop
 endfacet
 facet normal  8.092180e-01 -5.788870e-01 -1.002802e-01
   outer loop
     vertex  2.146452e+01  1.810834e+01  3.761997e+01
     vertex  2.425546e+01  2.194859e+01  3.797300e+01
     vertex  2.151402e+01  1.799180e+01  3.869211e+01
   endloop
 endfacet
 facet normal  7.795928e-01 -5.591154e-01 -2.821790e-01
   outer loop
     vertex  1.949999e+01  1.362314e+01  4.320041e+01
     vertex  2.249666e+01  1.741950e+01  4.395730e+01
     vertex  1.982812e+01  1.349756e+01  4.435578e+01
   endloop
 endfacet
 facet normal  7.795928e-01 -5.591154e-01 -2.821790e-01
   outer loop
     vertex  1.949999e+01  1.362314e+01  4.320041e+01
     vertex  2.220332e+01  1.753177e+01  4.292442e+01
     vertex  2.249666e+01  1.741950e+01  4.395730e+01
   endloop
 endfacet
 facet normal  7.091524e-01 -5.405890e-01 -4.526216e-01
   outer loop
     vertex  1.918726e+01  9.042330e+00  4.966056e+01
     vertex  2.166144e+01  1.301538e+01  4.879181e+01
     vertex  1.983285e+01  8.915983e+00  5.082296e+01
   endloop
 endfacet
 facet normal  6.015847e-01 -5.242778e-01 -6.026845e-01
   outer loop
     vertex  2.081375e+01  4.416286e+00  5.653683e+01
     vertex  2.382373e+01  8.339272e+00  5.612870e+01
     vertex  2.179396e+01  4.298830e+00  5.761743e+01
   endloop
 endfacet
 facet normal  6.015847e-01 -5.242778e-01 -6.026845e-01
   outer loop
     vertex  2.081375e+01  4.416286e+00  5.653683e+01
     vertex  2.292926e+01  8.446454e+00  5.514262e+01
     vertex  2.382373e+01  8.339272e+00  5.612870e+01
   endloop
 endfacet
 facet normal  6.258240e-01 -5.273198e-01 -5.746983e-01
   outer loop
     vertex  2.081375e+01  4.416286e+00  5.653683e+01
     vertex  2.208120e+01  8.557955e+00  5.411681e+01
     vertex  2.292926e+01  8.446454e+00  5.514262e+01
   endloop
 endfacet
 facet normal  1.539680e-01 -6.688210e-01  7.273048e-01
   outer loop
     vertex  4.383769e+01  4.188974e+01  3.293105e+01
     vertex  4.429345e+01  4.542544e+01  3.608595e+01
     vertex  4.418618e+01  4.542320e+01  3.610660e+01
   endloop
 endfacet
 facet normal  1.321697e-01 -6.693744e-01  7.310740e-01
   outer loop
     vertex  4.383769e+01  4.188974e+01  3.293105e+01
     vertex  4.440126e+01  4.542737e+01  3.606822e+01
     vertex  4.429345e+01  4.542544e+01  3.608595e+01
   endloop
 endfacet
 facet normal  1.569144e-01 -6.686702e-01  7.268136e-01
   outer loop
     vertex  4.383769e+01  4.188974e+01  3.293105e+01
     vertex  4.418618e+01  4.542320e+01  3.610660e+01
     vertex  4.353213e+01  4.188322e+01  3.299102e+01
   endloop
 endfacet
 facet normal  3.334400e-01 -6.626762e-01  6.705804e-01
   outer loop
     vertex  4.125662e+01  3.828663e+01  3.039634e+01
     vertex  4.234708e+01  4.184226e+01  3.336784e+01
     vertex  4.206323e+01  4.182841e+01  3.349529e+01
   endloop
 endfacet
 facet normal  3.334400e-01 -6.626762e-01  6.705804e-01
   outer loop
     vertex  4.125662e+01  3.828663e+01  3.039634e+01
     vertex  4.206323e+01  4.182841e+01  3.349529e+01
     vertex  4.085610e+01  3.826708e+01  3.057618e+01
   endloop
 endfacet
 facet normal  4.925250e-01 -6.523976e-01  5.760178e-01
   outer loop
     vertex  3.770322e+01  3.458004e+01  2.881365e+01
     vertex  3.934929e+01  3.816973e+01  3.147185e+01
     vertex  3.725266e+01  3.454275e+01  2.915667e+01
   endloop
 endfacet
 facet normal  6.258240e-01 -6.384806e-01  4.479809e-01
   outer loop
     vertex  3.350680e+01  3.073604e+01  2.849512e+01
     vertex  3.562230e+01  3.437254e+01  3.072266e+01
     vertex  3.306518e+01  3.067797e+01  2.902930e+01
   endloop
 endfacet
 facet normal  7.263582e-01 -6.216536e-01  2.931730e-01
   outer loop
     vertex  2.908399e+01  2.673213e+01  2.964778e+01
     vertex  3.155817e+01  3.042574e+01  3.134986e+01
     vertex  2.871939e+01  2.665233e+01  3.038190e+01
   endloop
 endfacet
 facet normal  7.888643e-01 -6.027978e-01  1.196991e-01
   outer loop
     vertex  2.490664e+01  2.255961e+01  3.235158e+01
     vertex  2.760996e+01  2.631766e+01  3.346090e+01
     vertex  2.469034e+01  2.245948e+01  3.327281e+01
   endloop
 endfacet
 facet normal  8.100698e-01 -5.829002e-01 -6.335872e-02
   outer loop
     vertex  2.146452e+01  1.822500e+01  3.654670e+01
     vertex  2.425546e+01  2.205141e+01  3.702700e+01
     vertex  2.425546e+01  2.194859e+01  3.797300e+01
   endloop
 endfacet
 facet normal  8.100698e-01 -5.829002e-01 -6.335872e-02
   outer loop
     vertex  2.146452e+01  1.822500e+01  3.654670e+01
     vertex  2.425546e+01  2.194859e+01  3.797300e+01
     vertex  2.146452e+01  1.810834e+01  3.761997e+01
   endloop
 endfacet
 facet normal  8.092180e-01 -5.869134e-01 -2.643725e-02
   outer loop
     vertex  2.146452e+01  1.822500e+01  3.654670e+01
     vertex  2.429908e+01  2.215413e+01  3.608200e+01
     vertex  2.425546e+01  2.205141e+01  3.702700e+01
   endloop
 endfacet
 facet normal  7.888643e-01 -5.630026e-01 -2.464166e-01
   outer loop
     vertex  1.922549e+01  1.375022e+01  4.203130e+01
     vertex  2.195792e+01  1.764537e+01  4.187924e+01
     vertex  2.220332e+01  1.753177e+01  4.292442e+01
   endloop
 endfacet
 facet normal  7.888643e-01 -5.630026e-01 -2.464166e-01
   outer loop
     vertex  1.922549e+01  1.375022e+01  4.203130e+01
     vertex  2.220332e+01  1.753177e+01  4.292442e+01
     vertex  1.949999e+01  1.362314e+01  4.320041e+01
   endloop
 endfacet
 facet normal  7.964769e-01 -5.669317e-01 -2.102691e-01
   outer loop
     vertex  1.922549e+01  1.375022e+01  4.203130e+01
     vertex  2.176098e+01  1.776007e+01  4.082399e+01
     vertex  2.195792e+01  1.764537e+01  4.187924e+01
   endloop
 endfacet
 facet normal  7.263582e-01 -5.441467e-01 -4.198905e-01
   outer loop
     vertex  1.859595e+01  9.171743e+00  4.846996e+01
     vertex  2.166144e+01  1.301538e+01  4.879181e+01
     vertex  1.918726e+01  9.042330e+00  4.966056e+01
   endloop
 endfacet
 facet normal  7.263582e-01 -5.441467e-01 -4.198905e-01
   outer loop
     vertex  1.859595e+01  9.171743e+00  4.846996e+01
     vertex  2.112681e+01  1.313239e+01  4.771533e+01
     vertex  2.166144e+01  1.301538e+01  4.879181e+01
   endloop
 endfacet
 facet normal  6.258240e-01 -5.273198e-01 -5.746983e-01
   outer loop
     vertex  1.988441e+01  4.538475e+00  5.541270e+01
     vertex  2.208120e+01  8.557955e+00  5.411681e+01
     vertex  2.081375e+01  4.416286e+00  5.653683e+01
   endloop
 endfacet
 facet normal  1.102945e-01 -6.697132e-01  7.343836e-01
   outer loop
     vertex  4.414569e+01  4.189474e+01  3.288507e+01
     vertex  4.450951e+01  4.542897e+01  3.605343e+01
     vertex  4.440126e+01  4.542737e+01  3.606822e+01
   endloop
 endfacet
 facet normal  8.834097e-02 -6.699316e-01  7.371482e-01
   outer loop
     vertex  4.414569e+01  4.189474e+01  3.288507e+01
     vertex  4.461813e+01  4.543026e+01  3.604159e+01
     vertex  4.450951e+01  4.542897e+01  3.605343e+01
   endloop
 endfacet
 facet normal  1.203128e-01 -6.693325e-01  7.331568e-01
   outer loop
     vertex  4.414569e+01  4.189474e+01  3.288507e+01
     vertex  4.440126e+01  4.542737e+01  3.606822e+01
     vertex  4.383769e+01  4.188974e+01  3.293105e+01
   endloop
 endfacet
 facet normal  2.992426e-01 -6.642442e-01  6.850062e-01
   outer loop
     vertex  4.166501e+01  3.830417e+01  3.023495e+01
     vertex  4.263651e+01  4.185470e+01  3.325346e+01
     vertex  4.234708e+01  4.184226e+01  3.336784e+01
   endloop
 endfacet
 facet normal  2.992426e-01 -6.642442e-01  6.850062e-01
   outer loop
     vertex  4.166501e+01  3.830417e+01  3.023495e+01
     vertex  4.234708e+01  4.184226e+01  3.336784e+01
     vertex  4.125662e+01  3.828663e+01  3.039634e+01
   endloop
 endfacet
 facet normal  4.625212e-01 -6.547646e-01  5.977938e-01
   outer loop
     vertex  3.816912e+01  3.461505e+01  2.849152e+01
     vertex  3.934929e+01  3.816973e+01  3.147185e+01
     vertex  3.770322e+01  3.458004e+01  2.881365e+01
   endloop
 endfacet
 facet normal  4.625212e-01 -6.547646e-01  5.977938e-01
   outer loop
     vertex  3.816912e+01  3.461505e+01  2.849152e+01
     vertex  3.971009e+01  3.819684e+01  3.122239e+01
     vertex  3.934929e+01  3.816973e+01  3.147185e+01
   endloop
 endfacet
 facet normal  4.315447e-01 -6.569804e-01  6.181795e-01
   outer loop
     vertex  3.816912e+01  3.461505e+01  2.849152e+01
     vertex  4.008202e+01  3.822214e+01  3.098964e+01
     vertex  3.971009e+01  3.819684e+01  3.122239e+01
   endloop
 endfacet
 facet normal  6.015847e-01 -6.415226e-01  4.759671e-01
   outer loop
     vertex  3.397259e+01  3.079185e+01  2.798162e+01
     vertex  3.600236e+01  3.441808e+01  3.030369e+01
     vertex  3.562230e+01  3.437254e+01  3.072266e+01
   endloop
 endfacet
 facet normal  6.015847e-01 -6.415226e-01  4.759671e-01
   outer loop
     vertex  3.397259e+01  3.079185e+01  2.798162e+01
     vertex  3.562230e+01  3.437254e+01  3.072266e+01
     vertex  3.350680e+01  3.073604e+01  2.849512e+01
   endloop
 endfacet
 facet normal  5.760802e-01 -6.444413e-01  5.028191e-01
   outer loop
     vertex  3.397259e+01  3.079185e+01  2.798162e+01
     vertex  3.640133e+01  3.446169e+01  2.990247e+01
     vertex  3.600236e+01  3.441808e+01  3.030369e+01
   endloop
 endfacet
 facet normal  7.091524e-01 -6.252114e-01  3.259042e-01
   outer loop
     vertex  2.948206e+01  2.681003e+01  2.893105e+01
     vertex  3.155817e+01  3.042574e+01  3.134986e+01
     vertex  2.908399e+01  2.673213e+01  2.964778e+01
   endloop
 endfacet
 facet normal  7.091524e-01 -6.252114e-01  3.259042e-01
   outer loop
     vertex  2.948206e+01  2.681003e+01  2.893105e+01
     vertex  3.189436e+01  3.049153e+01  3.074455e+01
     vertex  3.155817e+01  3.042574e+01  3.134986e+01
   endloop
 endfacet
 facet normal  6.904553e-01 -6.286801e-01  3.578167e-01
   outer loop
     vertex  2.948206e+01  2.681003e+01  2.893105e+01
     vertex  3.225811e+01  3.055559e+01  3.015520e+01
     vertex  3.189436e+01  3.049153e+01  3.074455e+01
   endloop
 endfacet
 facet normal  7.795928e-01 -6.066850e-01  1.554616e-01
   outer loop
     vertex  2.516520e+01  2.265857e+01  3.144117e+01
     vertex  2.783374e+01  2.640330e+01  3.267298e+01
     vertex  2.760996e+01  2.631766e+01  3.346090e+01
   endloop
 endfacet
 facet normal  7.795928e-01 -6.066850e-01  1.554616e-01
   outer loop
     vertex  2.516520e+01  2.265857e+01  3.144117e+01
     vertex  2.760996e+01  2.631766e+01  3.346090e+01
     vertex  2.490664e+01  2.255961e+01  3.235158e+01
   endloop
 endfacet
 facet normal  7.686818e-01 -6.105222e-01  1.907639e-01
   outer loop
     vertex  2.516520e+01  2.265857e+01  3.144117e+01
     vertex  2.809361e+01  2.648774e+01  3.189609e+01
     vertex  2.783374e+01  2.640330e+01  3.267298e+01
   endloop
 endfacet
 facet normal  8.066644e-01 -5.909182e-01  1.040657e-02
   outer loop
     vertex  2.151402e+01  1.834153e+01  3.547456e+01
     vertex  2.438624e+01  2.225652e+01  3.513998e+01
     vertex  2.429908e+01  2.215413e+01  3.608200e+01
   endloop
 endfacet
 facet normal  8.092180e-01 -5.869134e-01 -2.643725e-02
   outer loop
     vertex  2.151402e+01  1.834153e+01  3.547456e+01
     vertex  2.429908e+01  2.215413e+01  3.608200e+01
     vertex  2.146452e+01  1.822500e+01  3.654670e+01
   endloop
 endfacet
 facet normal  7.964769e-01 -5.669317e-01 -2.102691e-01
   outer loop
     vertex  1.900520e+01  1.387853e+01  4.085090e+01
     vertex  2.176098e+01  1.776007e+01  4.082399e+01
     vertex  1.922549e+01  1.375022e+01  4.203130e+01
   endloop
 endfacet
 facet normal  7.420365e-01 -5.477860e-01 -3.864095e-01
   outer loop
     vertex  1.806017e+01  9.303949e+00  4.725367e+01
     vertex  2.064239e+01  1.325193e+01  4.661562e+01
     vertex  2.112681e+01  1.313239e+01  4.771533e+01
   endloop
 endfacet
 facet normal  7.420365e-01 -5.477860e-01 -3.864095e-01
   outer loop
     vertex  1.806017e+01  9.303949e+00  4.725367e+01
     vertex  2.112681e+01  1.313239e+01  4.771533e+01
     vertex  1.859595e+01  9.171743e+00  4.846996e+01
   endloop
 endfacet
 facet normal  6.487472e-01 -5.304787e-01 -5.456368e-01
   outer loop
     vertex  1.900788e+01  4.665139e+00  5.424739e+01
     vertex  2.208120e+01  8.557955e+00  5.411681e+01
     vertex  1.988441e+01  4.538475e+00  5.541270e+01
   endloop
 endfacet
 facet normal  6.703061e-01 -5.337478e-01 -5.155610e-01
   outer loop
     vertex  1.900788e+01  4.665139e+00  5.424739e+01
     vertex  2.053137e+01  8.792967e+00  5.195471e+01
     vertex  2.128135e+01  8.673541e+00  5.305343e+01
   endloop
 endfacet
 facet normal  6.487472e-01 -5.304787e-01 -5.456368e-01
   outer loop
     vertex  1.900788e+01  4.665139e+00  5.424739e+01
     vertex  2.128135e+01  8.673541e+00  5.305343e+01
     vertex  2.208120e+01  8.557955e+00  5.411681e+01
   endloop
 endfacet
 facet normal  6.630568e-02 -6.702804e-01  7.391398e-01
   outer loop
     vertex  4.445549e+01  4.189821e+01  3.285317e+01
     vertex  4.472703e+01  4.543123e+01  3.603269e+01
     vertex  4.461813e+01  4.543026e+01  3.604159e+01
   endloop
 endfacet
 facet normal  8.345326e-02 -6.698517e-01  7.377901e-01
   outer loop
     vertex  4.445549e+01  4.189821e+01  3.285317e+01
     vertex  4.461813e+01  4.543026e+01  3.604159e+01
     vertex  4.414569e+01  4.189474e+01  3.288507e+01
   endloop
 endfacet
 facet normal  2.644159e-01 -6.656412e-01  6.978582e-01
   outer loop
     vertex  4.208042e+01  3.831967e+01  3.009234e+01
     vertex  4.263651e+01  4.185470e+01  3.325346e+01
     vertex  4.166501e+01  3.830417e+01  3.023495e+01
   endloop
 endfacet
 facet normal  2.644159e-01 -6.656412e-01  6.978582e-01
   outer loop
     vertex  4.208042e+01  3.831967e+01  3.009234e+01
     vertex  4.293091e+01  4.186568e+01  3.315240e+01
     vertex  4.263651e+01  4.185470e+01  3.325346e+01
   endloop
 endfacet
 facet normal  4.315447e-01 -6.569804e-01  6.181795e-01
   outer loop
     vertex  3.864939e+01  3.464772e+01  2.819097e+01
     vertex  4.008202e+01  3.822214e+01  3.098964e+01
     vertex  3.816912e+01  3.461505e+01  2.849152e+01
   endloop
 endfacet
 facet normal  5.760802e-01 -6.444413e-01  5.028191e-01
   outer loop
     vertex  3.446157e+01  3.084530e+01  2.748990e+01
     vertex  3.640133e+01  3.446169e+01  2.990247e+01
     vertex  3.397259e+01  3.079185e+01  2.798162e+01
   endloop
 endfacet
 facet normal  5.493642e-01 -6.472305e-01  5.284804e-01
   outer loop
     vertex  3.446157e+01  3.084530e+01  2.748990e+01
     vertex  3.681839e+01  3.450328e+01  2.951986e+01
     vertex  3.640133e+01  3.446169e+01  2.990247e+01
   endloop
 endfacet
 facet normal  6.904553e-01 -6.286801e-01  3.578167e-01
   outer loop
     vertex  2.991276e+01  2.688588e+01  2.823322e+01
     vertex  3.225811e+01  3.055559e+01  3.015520e+01
     vertex  2.948206e+01  2.681003e+01  2.893105e+01
   endloop
 endfacet
 facet normal  7.686818e-01 -6.105222e-01  1.907639e-01
   outer loop
     vertex  2.546547e+01  2.275614e+01  3.054351e+01
     vertex  2.809361e+01  2.648774e+01  3.189609e+01
     vertex  2.516520e+01  2.265857e+01  3.144117e+01
   endloop
 endfacet
 facet normal  8.066644e-01 -5.909182e-01  1.040657e-02
   outer loop
     vertex  2.161291e+01  1.845770e+01  3.440581e+01
     vertex  2.438624e+01  2.225652e+01  3.513998e+01
     vertex  2.151402e+01  1.834153e+01  3.547456e+01
   endloop
 endfacet
 facet normal  8.024144e-01 -5.708943e-01 -1.738127e-01
   outer loop
     vertex  1.883957e+01  1.400779e+01  3.966171e+01
     vertex  2.161291e+01  1.787563e+01  3.976086e+01
     vertex  2.176098e+01  1.776007e+01  4.082399e+01
   endloop
 endfacet
 facet normal  8.024144e-01 -5.708943e-01 -1.738127e-01
   outer loop
     vertex  1.883957e+01  1.400779e+01  3.966171e+01
     vertex  2.176098e+01  1.776007e+01  4.082399e+01
     vertex  1.900520e+01  1.387853e+01  4.085090e+01
   endloop
 endfacet
 facet normal  7.561543e-01 -5.514991e-01 -3.522492e-01
   outer loop
     vertex  1.758105e+01  9.438671e+00  4.601423e+01
     vertex  2.020919e+01  1.337373e+01  4.549498e+01
     vertex  2.064239e+01  1.325193e+01  4.661562e+01
   endloop
 endfacet
 facet normal  7.561543e-01 -5.514991e-01 -3.522492e-01
   outer loop
     vertex  1.758105e+01  9.438671e+00  4.601423e+01
     vertex  2.064239e+01  1.325193e+01  4.661562e+01
     vertex  1.806017e+01  9.303949e+00  4.725367e+01
   endloop
 endfacet
 facet normal  6.703061e-01 -5.337478e-01 -5.155610e-01
   outer loop
     vertex  1.818602e+01  4.796012e+00  5.304335e+01
     vertex  2.053137e+01  8.792967e+00  5.195471e+01
     vertex  1.900788e+01  4.665139e+00  5.424739e+01
   endloop
 endfacet
 facet normal  5.505330e-01 -5.192367e-01 -6.536870e-01
   outer loop
     vertex  2.088321e+01  1.360744e-01  6.023145e+01
     vertex  2.389862e+01  4.079094e+00  5.963900e+01
     vertex  2.191397e+01  0.000000e+00  6.120765e+01
   endloop
 endfacet
 facet normal  5.696046e-01 -5.049487e-01 -6.485194e-01
   outer loop
     vertex  2.088321e+01  1.360744e-01  6.023145e+01
     vertex  2.115502e+01  0.000000e+00  6.057613e+01
     vertex  2.041302e+01  0.000000e+00  5.992442e+01
   endloop
 endfacet
 facet normal  5.314903e-01 -5.563401e-01 -6.387517e-01
   outer loop
     vertex  2.088321e+01  1.360744e-01  6.023145e+01
     vertex  2.191397e+01  0.000000e+00  6.120765e+01
     vertex  2.115502e+01  0.000000e+00  6.057613e+01
   endloop
 endfacet
 facet normal  5.493642e-01 -5.185699e-01 -6.551979e-01
   outer loop
     vertex  2.088321e+01  1.360744e-01  6.023145e+01
     vertex  2.282297e+01  4.186354e+00  5.865221e+01
     vertex  2.389862e+01  4.079094e+00  5.963900e+01
   endloop
 endfacet
 facet normal  4.641915e-02 -6.701894e-01  7.407371e-01
   outer loop
     vertex  4.476643e+01  4.190013e+01  3.283543e+01
     vertex  4.472703e+01  4.543123e+01  3.603269e+01
     vertex  4.445549e+01  4.189821e+01  3.285317e+01
   endloop
 endfacet
 facet normal  4.423882e-02 -6.702692e-01  7.407983e-01
   outer loop
     vertex  4.476643e+01  4.190013e+01  3.283543e+01
     vertex  4.483614e+01  4.543187e+01  3.602676e+01
     vertex  4.472703e+01  4.543123e+01  3.603269e+01
   endloop
 endfacet
 facet normal  2.212434e-02 -6.705213e-01  7.415603e-01
   outer loop
     vertex  4.476643e+01  4.190013e+01  3.283543e+01
     vertex  4.494537e+01  4.543220e+01  3.602379e+01
     vertex  4.483614e+01  4.543187e+01  3.602676e+01
   endloop
 endfacet
 facet normal  2.290331e-01 -6.668641e-01  7.091094e-01
   outer loop
     vertex  4.250197e+01  3.833310e+01  2.996881e+01
     vertex  4.322965e+01  4.187520e+01  3.306485e+01
     vertex  4.293091e+01  4.186568e+01  3.315240e+01
   endloop
 endfacet
 facet normal  2.290331e-01 -6.668641e-01  7.091094e-01
   outer loop
     vertex  4.250197e+01  3.833310e+01  2.996881e+01
     vertex  4.293091e+01  4.186568e+01  3.315240e+01
     vertex  4.208042e+01  3.831967e+01  3.009234e+01
   endloop
 endfacet
 facet normal  3.669362e-01 -6.609404e-01  6.546111e-01
   outer loop
     vertex  3.914302e+01  3.467798e+01  2.791262e+01
     vertex  4.085610e+01  3.826708e+01  3.057618e+01
     vertex  4.046429e+01  3.824557e+01  3.077409e+01
   endloop
 endfacet
 facet normal  3.996607e-01 -6.590405e-01  6.371318e-01
   outer loop
     vertex  3.914302e+01  3.467798e+01  2.791262e+01
     vertex  4.008202e+01  3.822214e+01  3.098964e+01
     vertex  3.864939e+01  3.464772e+01  2.819097e+01
   endloop
 endfacet
 facet normal  3.996607e-01 -6.590405e-01  6.371318e-01
   outer loop
     vertex  3.914302e+01  3.467798e+01  2.791262e+01
     vertex  4.046429e+01  3.824557e+01  3.077409e+01
     vertex  4.008202e+01  3.822214e+01  3.098964e+01
   endloop
 endfacet
 facet normal  5.493642e-01 -6.472305e-01  5.284804e-01
   outer loop
     vertex  3.497271e+01  3.089627e+01  2.702098e+01
     vertex  3.681839e+01  3.450328e+01  2.951986e+01
     vertex  3.446157e+01  3.084530e+01  2.748990e+01
   endloop
 endfacet
 facet normal  6.703061e-01 -6.320526e-01  3.888435e-01
   outer loop
     vertex  3.037519e+01  2.695952e+01  2.755576e+01
     vertex  3.264866e+01  3.061778e+01  2.958305e+01
     vertex  3.225811e+01  3.055559e+01  3.015520e+01
   endloop
 endfacet
 facet normal  6.703061e-01 -6.320526e-01  3.888435e-01
   outer loop
     vertex  3.037519e+01  2.695952e+01  2.755576e+01
     vertex  3.225811e+01  3.055559e+01  3.015520e+01
     vertex  2.991276e+01  2.688588e+01  2.823322e+01
   endloop
 endfacet
 facet normal  6.487472e-01 -6.353217e-01  4.189193e-01
   outer loop
     vertex  3.037519e+01  2.695952e+01  2.755576e+01
     vertex  3.306518e+01  3.067797e+01  2.902930e+01
     vertex  3.264866e+01  3.061778e+01  2.958305e+01
   endloop
 endfacet
 facet normal  7.561543e-01 -6.143013e-01  2.255318e-01
   outer loop
     vertex  2.580682e+01  2.285212e+01  2.966048e+01
     vertex  2.838903e+01  2.657081e+01  3.113186e+01
     vertex  2.809361e+01  2.648774e+01  3.189609e+01
   endloop
 endfacet
 facet normal  7.561543e-01 -6.143013e-01  2.255318e-01
   outer loop
     vertex  2.580682e+01  2.285212e+01  2.966048e+01
     vertex  2.809361e+01  2.648774e+01  3.189609e+01
     vertex  2.546547e+01  2.275614e+01  3.054351e+01
   endloop
 endfacet
 facet normal  8.024144e-01 -5.949061e-01  4.709527e-02
   outer loop
     vertex  2.176098e+01  1.857326e+01  3.334268e+01
     vertex  2.451675e+01  2.235838e+01  3.420293e+01
     vertex  2.438624e+01  2.225652e+01  3.513998e+01
   endloop
 endfacet
 facet normal  8.024144e-01 -5.949061e-01  4.709527e-02
   outer loop
     vertex  2.176098e+01  1.857326e+01  3.334268e+01
     vertex  2.438624e+01  2.225652e+01  3.513998e+01
     vertex  2.161291e+01  1.845770e+01  3.440581e+01
   endloop
 endfacet
 facet normal  8.092180e-01 -5.788870e-01 -1.002802e-01
   outer loop
     vertex  1.872895e+01  1.413773e+01  3.846621e+01
     vertex  2.146452e+01  1.810834e+01  3.761997e+01
     vertex  2.151402e+01  1.799180e+01  3.869211e+01
   endloop
 endfacet
 facet normal  8.066644e-01 -5.748822e-01 -1.371240e-01
   outer loop
     vertex  1.872895e+01  1.413773e+01  3.846621e+01
     vertex  2.161291e+01  1.787563e+01  3.976086e+01
     vertex  1.883957e+01  1.400779e+01  3.966171e+01
   endloop
 endfacet
 facet normal  8.066644e-01 -5.748822e-01 -1.371240e-01
   outer loop
     vertex  1.872895e+01  1.413773e+01  3.846621e+01
     vertex  2.151402e+01  1.799180e+01  3.869211e+01
     vertex  2.161291e+01  1.787563e+01  3.976086e+01
   endloop
 endfacet
 facet normal  7.686818e-01 -5.552782e-01 -3.174813e-01
   outer loop
     vertex  1.715958e+01  9.575624e+00  4.475426e+01
     vertex  1.982812e+01  1.349756e+01  4.435578e+01
     vertex  2.020919e+01  1.337373e+01  4.549498e+01
   endloop
 endfacet
 facet normal  7.686818e-01 -5.552782e-01 -3.174813e-01
   outer loop
     vertex  1.715958e+01  9.575624e+00  4.475426e+01
     vertex  2.020919e+01  1.337373e+01  4.549498e+01
     vertex  1.758105e+01  9.438671e+00  4.601423e+01
   endloop
 endfacet
 facet normal  6.904553e-01 -5.371203e-01 -4.845342e-01
   outer loop
     vertex  1.742055e+01  4.930820e+00  5.180313e+01
     vertex  1.983285e+01  8.915983e+00  5.082296e+01
     vertex  2.053137e+01  8.792967e+00  5.195471e+01
   endloop
 endfacet
 facet normal  6.904553e-01 -5.371203e-01 -4.845342e-01
   outer loop
     vertex  1.742055e+01  4.930820e+00  5.180313e+01
     vertex  2.053137e+01  8.792967e+00  5.195471e+01
     vertex  1.818602e+01  4.796012e+00  5.304335e+01
   endloop
 endfacet
 facet normal  7.091524e-01 -5.405890e-01 -4.526216e-01
   outer loop
     vertex  1.742055e+01  4.930820e+00  5.180313e+01
     vertex  1.918726e+01  9.042330e+00  4.966056e+01
     vertex  1.983285e+01  8.915983e+00  5.082296e+01
   endloop
 endfacet
 facet normal  5.760802e-01 -5.213591e-01 -6.295365e-01
   outer loop
     vertex  1.976419e+01  2.583887e-01  5.910616e+01
     vertex  2.282297e+01  4.186354e+00  5.865221e+01
     vertex  2.088321e+01  1.360744e-01  6.023145e+01
   endloop
 endfacet
 facet normal  5.760802e-01 -5.213591e-01 -6.295365e-01
   outer loop
     vertex  1.976419e+01  2.583887e-01  5.910616e+01
     vertex  2.179396e+01  4.298830e+00  5.761743e+01
     vertex  2.282297e+01  4.186354e+00  5.865221e+01
   endloop
 endfacet
 facet normal  5.965033e-01 -5.214331e-01 -6.101568e-01
   outer loop
     vertex  1.976419e+01  2.583887e-01  5.910616e+01
     vertex  1.968850e+01  0.000000e+00  5.925298e+01
     vertex  1.898200e+01  0.000000e+00  5.856228e+01
   endloop
 endfacet
 facet normal  5.787744e-01 -5.244010e-01 -6.245188e-01
   outer loop
     vertex  1.976419e+01  2.583887e-01  5.910616e+01
     vertex  2.041302e+01  0.000000e+00  5.992442e+01
     vertex  1.968850e+01  0.000000e+00  5.925298e+01
   endloop
 endfacet
 facet normal  5.627929e-01 -5.476162e-01 -6.191774e-01
   outer loop
     vertex  1.976419e+01  2.583887e-01  5.910616e+01
     vertex  2.088321e+01  1.360744e-01  6.023145e+01
     vertex  2.041302e+01  0.000000e+00  5.992442e+01
   endloop
 endfacet
 facet normal  9.288979e-03 -6.702983e-01  7.420336e-01
   outer loop
     vertex  4.507787e+01  4.190052e+01  3.283188e+01
     vertex  4.494537e+01  4.543220e+01  3.602379e+01
     vertex  4.476643e+01  4.190013e+01  3.283543e+01
   endloop
 endfacet
 facet normal  0.000000e+00 -6.705191e-01  7.418923e-01
   outer loop
     vertex  4.507787e+01  4.190052e+01  3.283188e+01
     vertex  4.505463e+01  4.543220e+01  3.602379e+01
     vertex  4.494537e+01  4.543220e+01  3.602379e+01
   endloop
 endfacet
 facet normal -2.212620e-02 -6.704350e-01  7.416382e-01
   outer loop
     vertex  4.507787e+01  4.190052e+01  3.283188e+01
     vertex  4.516386e+01  4.543187e+01  3.602676e+01
     vertex  4.505463e+01  4.543220e+01  3.602379e+01
   endloop
 endfacet
 facet normal  1.568979e-01 -6.687781e-01  7.267179e-01
   outer loop
     vertex  4.292877e+01  3.834442e+01  2.986463e+01
     vertex  4.383769e+01  4.188974e+01  3.293105e+01
     vertex  4.353213e+01  4.188322e+01  3.299102e+01
   endloop
 endfacet
 facet normal  1.931686e-01 -6.679105e-01  7.187360e-01
   outer loop
     vertex  4.292877e+01  3.834442e+01  2.986463e+01
     vertex  4.353213e+01  4.188322e+01  3.299102e+01
     vertex  4.322965e+01  4.187520e+01  3.306485e+01
   endloop
 endfacet
 facet normal  1.931686e-01 -6.679105e-01  7.187360e-01
   outer loop
     vertex  4.292877e+01  3.834442e+01  2.986463e+01
     vertex  4.322965e+01  4.187520e+01  3.306485e+01
     vertex  4.250197e+01  3.833310e+01  2.996881e+01
   endloop
 endfacet
 facet normal  3.669362e-01 -6.609404e-01  6.546111e-01
   outer loop
     vertex  3.964896e+01  3.470575e+01  2.765707e+01
     vertex  4.085610e+01  3.826708e+01  3.057618e+01
     vertex  3.914302e+01  3.467798e+01  2.791262e+01
   endloop
 endfacet
 facet normal  5.214929e-01 -6.498845e-01  5.528971e-01
   outer loop
     vertex  3.550494e+01  3.094465e+01  2.657585e+01
     vertex  3.725266e+01  3.454275e+01  2.915667e+01
     vertex  3.681839e+01  3.450328e+01  2.951986e+01
   endloop
 endfacet
 facet normal  5.214929e-01 -6.498845e-01  5.528971e-01
   outer loop
     vertex  3.550494e+01  3.094465e+01  2.657585e+01
     vertex  3.681839e+01  3.450328e+01  2.951986e+01
     vertex  3.497271e+01  3.089627e+01  2.702098e+01
   endloop
 endfacet
 facet normal  4.925250e-01 -6.523976e-01  5.760178e-01
   outer loop
     vertex  3.550494e+01  3.094465e+01  2.657585e+01
     vertex  3.770322e+01  3.458004e+01  2.881365e+01
     vertex  3.725266e+01  3.454275e+01  2.915667e+01
   endloop
 endfacet
 facet normal  6.487472e-01 -6.353217e-01  4.189193e-01
   outer loop
     vertex  3.086838e+01  2.703079e+01  2.690008e+01
     vertex  3.306518e+01  3.067797e+01  2.902930e+01
     vertex  3.037519e+01  2.695952e+01  2.755576e+01
   endloop
 endfacet
 facet normal  7.420365e-01 -6.180144e-01  2.596921e-01
   outer loop
     vertex  2.618853e+01  2.294631e+01  2.879393e+01
     vertex  2.871939e+01  2.665233e+01  3.038190e+01
     vertex  2.838903e+01  2.657081e+01  3.113186e+01
   endloop
 endfacet
 facet normal  7.420365e-01 -6.180144e-01  2.596921e-01
   outer loop
     vertex  2.618853e+01  2.294631e+01  2.879393e+01
     vertex  2.838903e+01  2.657081e+01  3.113186e+01
     vertex  2.580682e+01  2.285212e+01  2.966048e+01
   endloop
 endfacet
 facet normal  7.263582e-01 -6.216536e-01  2.931730e-01
   outer loop
     vertex  2.618853e+01  2.294631e+01  2.879393e+01
     vertex  2.908399e+01  2.673213e+01  2.964778e+01
     vertex  2.871939e+01  2.665233e+01  3.038190e+01
   endloop
 endfacet
 facet normal  7.964769e-01 -5.988687e-01  8.355167e-02
   outer loop
     vertex  2.195792e+01  1.868796e+01  3.228742e+01
     vertex  2.451675e+01  2.235838e+01  3.420293e+01
     vertex  2.176098e+01  1.857326e+01  3.334268e+01
   endloop
 endfacet
 facet normal  7.964769e-01 -5.988687e-01  8.355167e-02
   outer loop
     vertex  2.195792e+01  1.868796e+01  3.228742e+01
     vertex  2.469034e+01  2.245948e+01  3.327281e+01
     vertex  2.451675e+01  2.235838e+01  3.420293e+01
   endloop
 endfacet
 facet normal  8.092180e-01 -5.788870e-01 -1.002802e-01
   outer loop
     vertex  1.867359e+01  1.426809e+01  3.726694e+01
     vertex  2.146452e+01  1.810834e+01  3.761997e+01
     vertex  1.872895e+01  1.413773e+01  3.846621e+01
   endloop
 endfacet
 facet normal  7.795928e-01 -5.591154e-01 -2.821790e-01
   outer loop
     vertex  1.679667e+01  9.714522e+00  4.347640e+01
     vertex  1.982812e+01  1.349756e+01  4.435578e+01
     vertex  1.715958e+01  9.575624e+00  4.475426e+01
   endloop
 endfacet
 facet normal  7.795928e-01 -5.591154e-01 -2.821790e-01
   outer loop
     vertex  1.679667e+01  9.714522e+00  4.347640e+01
     vertex  1.949999e+01  1.362314e+01  4.320041e+01
     vertex  1.982812e+01  1.349756e+01  4.435578e+01
   endloop
 endfacet
 facet normal  7.091524e-01 -5.405890e-01 -4.526216e-01
   outer loop
     vertex  1.671308e+01  5.069277e+00  5.052931e+01
     vertex  1.918726e+01  9.042330e+00  4.966056e+01
     vertex  1.742055e+01  4.930820e+00  5.180313e+01
   endloop
 endfacet
 facet normal  6.015847e-01 -5.242778e-01 -6.026845e-01
   outer loop
     vertex  1.869825e+01  3.861182e-01  5.793105e+01
     vertex  2.081375e+01  4.416286e+00  5.653683e+01
     vertex  2.179396e+01  4.298830e+00  5.761743e+01
   endloop
 endfacet
 facet normal  5.934309e-01 -5.398629e-01 -5.969823e-01
   outer loop
     vertex  1.869825e+01  3.861182e-01  5.793105e+01
     vertex  1.976419e+01  2.583887e-01  5.910616e+01
     vertex  1.898200e+01  0.000000e+00  5.856228e+01
   endloop
 endfacet
 facet normal  6.258240e-01 -5.273198e-01 -5.746983e-01
   outer loop
     vertex  1.869825e+01  3.861182e-01  5.793105e+01
     vertex  1.988441e+01  4.538475e+00  5.541270e+01
     vertex  2.081375e+01  4.416286e+00  5.653683e+01
   endloop
 endfacet
 facet normal  6.015847e-01 -5.242778e-01 -6.026845e-01
   outer loop
     vertex  1.869825e+01  3.861182e-01  5.793105e+01
     vertex  2.179396e+01  4.298830e+00  5.761743e+01
     vertex  1.976419e+01  2.583887e-01  5.910616e+01
   endloop
 endfacet
 facet normal  6.127066e-01 -5.211042e-01 -5.941726e-01
   outer loop
     vertex  1.869825e+01  3.861182e-01  5.793105e+01
     vertex  1.898200e+01  0.000000e+00  5.856228e+01
     vertex  1.829399e+01  0.000000e+00  5.785282e+01
   endloop
 endfacet
 facet normal -4.423138e-02 -6.704417e-01  7.406426e-01
   outer loop
     vertex  4.538914e+01  4.189936e+01  3.284253e+01
     vertex  4.527297e+01  4.543123e+01  3.603269e+01
     vertex  4.516386e+01  4.543187e+01  3.602676e+01
   endloop
 endfacet
 facet normal -2.786179e-02 -6.702620e-01  7.416014e-01
   outer loop
     vertex  4.538914e+01  4.189936e+01  3.284253e+01
     vertex  4.516386e+01  4.543187e+01  3.602676e+01
     vertex  4.507787e+01  4.190052e+01  3.283188e+01
   endloop
 endfacet
 facet normal  1.568979e-01 -6.687781e-01  7.267179e-01
   outer loop
     vertex  4.335992e+01  3.835362e+01  2.978000e+01
     vertex  4.383769e+01  4.188974e+01  3.293105e+01
     vertex  4.292877e+01  3.834442e+01  2.986463e+01
   endloop
 endfacet
 facet normal  2.992426e-01 -6.642442e-01  6.850062e-01
   outer loop
     vertex  4.016615e+01  3.473100e+01  2.742484e+01
     vertex  4.166501e+01  3.830417e+01  3.023495e+01
     vertex  4.125662e+01  3.828663e+01  3.039634e+01
   endloop
 endfacet
 facet normal  3.334400e-01 -6.626762e-01  6.705804e-01
   outer loop
     vertex  4.016615e+01  3.473100e+01  2.742484e+01
     vertex  4.125662e+01  3.828663e+01  3.039634e+01
     vertex  4.085610e+01  3.826708e+01  3.057618e+01
   endloop
 endfacet
 facet normal  3.334400e-01 -6.626762e-01  6.705804e-01
   outer loop
     vertex  4.016615e+01  3.473100e+01  2.742484e+01
     vertex  4.085610e+01  3.826708e+01  3.057618e+01
     vertex  3.964896e+01  3.470575e+01  2.765707e+01
   endloop
 endfacet
 facet normal  4.925250e-01 -6.523976e-01  5.760178e-01
   outer loop
     vertex  3.605714e+01  3.099035e+01  2.615545e+01
     vertex  3.770322e+01  3.458004e+01  2.881365e+01
     vertex  3.550494e+01  3.094465e+01  2.657585e+01
   endloop
 endfacet
 facet normal  6.015847e-01 -6.415226e-01  4.759671e-01
   outer loop
     vertex  3.139129e+01  2.709954e+01  2.626757e+01
     vertex  3.397259e+01  3.079185e+01  2.798162e+01
     vertex  3.350680e+01  3.073604e+01  2.849512e+01
   endloop
 endfacet
 facet normal  6.258240e-01 -6.384806e-01  4.479809e-01
   outer loop
     vertex  3.139129e+01  2.709954e+01  2.626757e+01
     vertex  3.350680e+01  3.073604e+01  2.849512e+01
     vertex  3.306518e+01  3.067797e+01  2.902930e+01
   endloop
 endfacet
 facet normal  6.258240e-01 -6.384806e-01  4.479809e-01
   outer loop
     vertex  3.139129e+01  2.709954e+01  2.626757e+01
     vertex  3.306518e+01  3.067797e+01  2.902930e+01
     vertex  3.086838e+01  2.703079e+01  2.690008e+01
   endloop
 endfacet
 facet normal  7.263582e-01 -6.216536e-01  2.931730e-01
   outer loop
     vertex  2.660981e+01  2.303851e+01  2.794569e+01
     vertex  2.908399e+01  2.673213e+01  2.964778e+01
     vertex  2.618853e+01  2.294631e+01  2.879393e+01
   endloop
 endfacet
 facet normal  7.795928e-01 -6.066850e-01  1.554616e-01
   outer loop
     vertex  2.220332e+01  1.880157e+01  3.124225e+01
     vertex  2.516520e+01  2.265857e+01  3.144117e+01
     vertex  2.490664e+01  2.255961e+01  3.235158e+01
   endloop
 endfacet
 facet normal  7.888643e-01 -6.027978e-01  1.196991e-01
   outer loop
     vertex  2.220332e+01  1.880157e+01  3.124225e+01
     vertex  2.469034e+01  2.245948e+01  3.327281e+01
     vertex  2.195792e+01  1.868796e+01  3.228742e+01
   endloop
 endfacet
 facet normal  7.888643e-01 -6.027978e-01  1.196991e-01
   outer loop
     vertex  2.220332e+01  1.880157e+01  3.124225e+01
     vertex  2.490664e+01  2.255961e+01  3.235158e+01
     vertex  2.469034e+01  2.245948e+01  3.327281e+01
   endloop
 endfacet
 facet normal  8.092180e-01 -5.869134e-01 -2.643725e-02
   outer loop
     vertex  1.867359e+01  1.439858e+01  3.606640e+01
     vertex  2.151402e+01  1.834153e+01  3.547456e+01
     vertex  2.146452e+01  1.822500e+01  3.654670e+01
   endloop
 endfacet
 facet normal  8.100698e-01 -5.829002e-01 -6.335872e-02
   outer loop
     vertex  1.867359e+01  1.439858e+01  3.606640e+01
     vertex  2.146452e+01  1.822500e+01  3.654670e+01
     vertex  2.146452e+01  1.810834e+01  3.761997e+01
   endloop
 endfacet
 facet normal  8.100698e-01 -5.829002e-01 -6.335872e-02
   outer loop
     vertex  1.867359e+01  1.439858e+01  3.606640e+01
     vertex  2.146452e+01  1.810834e+01  3.761997e+01
     vertex  1.867359e+01  1.426809e+01  3.726694e+01
   endloop
 endfacet
 facet normal  7.888643e-01 -5.630026e-01 -2.464166e-01
   outer loop
     vertex  1.649307e+01  9.855071e+00  4.218335e+01
     vertex  1.922549e+01  1.375022e+01  4.203130e+01
     vertex  1.949999e+01  1.362314e+01  4.320041e+01
   endloop
 endfacet
 facet normal  7.888643e-01 -5.630026e-01 -2.464166e-01
   outer loop
     vertex  1.649307e+01  9.855071e+00  4.218335e+01
     vertex  1.949999e+01  1.362314e+01  4.320041e+01
     vertex  1.679667e+01  9.714522e+00  4.347640e+01
   endloop
 endfacet
 facet normal  7.964769e-01 -5.669317e-01 -2.102691e-01
   outer loop
     vertex  1.649307e+01  9.855071e+00  4.218335e+01
     vertex  1.900520e+01  1.387853e+01  4.085090e+01
     vertex  1.922549e+01  1.375022e+01  4.203130e+01
   endloop
 endfacet
 facet normal  7.263582e-01 -5.441467e-01 -4.198905e-01
   outer loop
     vertex  1.606509e+01  5.211095e+00  4.922460e+01
     vertex  1.918726e+01  9.042330e+00  4.966056e+01
     vertex  1.671308e+01  5.069277e+00  5.052931e+01
   endloop
 endfacet
 facet normal  7.263582e-01 -5.441467e-01 -4.198905e-01
   outer loop
     vertex  1.606509e+01  5.211095e+00  4.922460e+01
     vertex  1.859595e+01  9.171743e+00  4.846996e+01
     vertex  1.918726e+01  9.042330e+00  4.966056e+01
   endloop
 endfacet
 facet normal  6.216855e-01 -5.349750e-01 -5.721091e-01
   outer loop
     vertex  1.768762e+01  5.189941e-01  5.670859e+01
     vertex  1.869825e+01  3.861182e-01  5.793105e+01
     vertex  1.829399e+01  0.000000e+00  5.785282e+01
   endloop
 endfacet
 facet normal  6.258240e-01 -5.273198e-01 -5.746983e-01
   outer loop
     vertex  1.768762e+01  5.189941e-01  5.670859e+01
     vertex  1.988441e+01  4.538475e+00  5.541270e+01
     vertex  1.869825e+01  3.861182e-01  5.793105e+01
   endloop
 endfacet
 facet normal  6.413048e-01 -5.258267e-01 -5.587795e-01
   outer loop
     vertex  1.768762e+01  5.189941e-01  5.670859e+01
     vertex  1.762498e+01  0.000000e+00  5.712509e+01
     vertex  1.697545e+01  0.000000e+00  5.637963e+01
   endloop
 endfacet
 facet normal  6.223216e-01 -5.342339e-01 -5.721100e-01
   outer loop
     vertex  1.768762e+01  5.189941e-01  5.670859e+01
     vertex  1.829399e+01  0.000000e+00  5.785282e+01
     vertex  1.762498e+01  0.000000e+00  5.712509e+01
   endloop
 endfacet
 facet normal -6.495227e-02 -6.700572e-01  7.394623e-01
   outer loop
     vertex  4.569960e+01  4.189666e+01  3.286735e+01
     vertex  4.527297e+01  4.543123e+01  3.603269e+01
     vertex  4.538914e+01  4.189936e+01  3.284253e+01
   endloop
 endfacet
 facet normal -6.631811e-02 -6.700883e-01  7.393129e-01
   outer loop
     vertex  4.569960e+01  4.189666e+01  3.286735e+01
     vertex  4.538187e+01  4.543026e+01  3.604159e+01
     vertex  4.527297e+01  4.543123e+01  3.603269e+01
   endloop
 endfacet
 facet normal -8.833185e-02 -6.700376e-01  7.370530e-01
   outer loop
     vertex  4.569960e+01  4.189666e+01  3.286735e+01
     vertex  4.549049e+01  4.542897e+01  3.605343e+01
     vertex  4.538187e+01  4.543026e+01  3.604159e+01
   endloop
 endfacet
 facet normal  1.202973e-01 -6.694651e-01  7.330382e-01
   outer loop
     vertex  4.379453e+01  3.836068e+01  2.971512e+01
     vertex  4.414569e+01  4.189474e+01  3.288507e+01
     vertex  4.383769e+01  4.188974e+01  3.293105e+01
   endloop
 endfacet
 facet normal  8.344364e-02 -6.699700e-01  7.376838e-01
   outer loop
     vertex  4.379453e+01  3.836068e+01  2.971512e+01
     vertex  4.445549e+01  4.189821e+01  3.285317e+01
     vertex  4.414569e+01  4.189474e+01  3.288507e+01
   endloop
 endfacet
 facet normal  1.202973e-01 -6.694651e-01  7.330382e-01
   outer loop
     vertex  4.379453e+01  3.836068e+01  2.971512e+01
     vertex  4.383769e+01  4.188974e+01  3.293105e+01
     vertex  4.335992e+01  3.835362e+01  2.978000e+01
   endloop
 endfacet
 facet normal  2.992426e-01 -6.642442e-01  6.850062e-01
   outer loop
     vertex  4.069351e+01  3.475365e+01  2.721643e+01
     vertex  4.166501e+01  3.830417e+01  3.023495e+01
     vertex  4.016615e+01  3.473100e+01  2.742484e+01
   endloop
 endfacet
 facet normal  4.625212e-01 -6.547646e-01  5.977938e-01
   outer loop
     vertex  3.662815e+01  3.103326e+01  2.576065e+01
     vertex  3.816912e+01  3.461505e+01  2.849152e+01
     vertex  3.770322e+01  3.458004e+01  2.881365e+01
   endloop
 endfacet
 facet normal  4.625212e-01 -6.547646e-01  5.977938e-01
   outer loop
     vertex  3.662815e+01  3.103326e+01  2.576065e+01
     vertex  3.770322e+01  3.458004e+01  2.881365e+01
     vertex  3.605714e+01  3.099035e+01  2.615545e+01
   endloop
 endfacet
 facet normal  6.015847e-01 -6.415226e-01  4.759671e-01
   outer loop
     vertex  3.194282e+01  2.716563e+01  2.565956e+01
     vertex  3.397259e+01  3.079185e+01  2.798162e+01
     vertex  3.139129e+01  2.709954e+01  2.626757e+01
   endloop
 endfacet
 facet normal  5.760802e-01 -6.444413e-01  5.028191e-01
   outer loop
     vertex  3.194282e+01  2.716563e+01  2.565956e+01
     vertex  3.446157e+01  3.084530e+01  2.748990e+01
     vertex  3.397259e+01  3.079185e+01  2.798162e+01
   endloop
 endfacet
 facet normal  7.091524e-01 -6.252114e-01  3.259042e-01
   outer loop
     vertex  2.706976e+01  2.312853e+01  2.711755e+01
     vertex  2.948206e+01  2.681003e+01  2.893105e+01
     vertex  2.908399e+01  2.673213e+01  2.964778e+01
   endloop
 endfacet
 facet normal  7.091524e-01 -6.252114e-01  3.259042e-01
   outer loop
     vertex  2.706976e+01  2.312853e+01  2.711755e+01
     vertex  2.908399e+01  2.673213e+01  2.964778e+01
     vertex  2.660981e+01  2.303851e+01  2.794569e+01
   endloop
 endfacet
 facet normal  6.904553e-01 -6.286801e-01  3.578167e-01
   outer loop
     vertex  2.706976e+01  2.312853e+01  2.711755e+01
     vertex  2.991276e+01  2.688588e+01  2.823322e+01
     vertex  2.948206e+01  2.681003e+01  2.893105e+01
   endloop
 endfacet
 facet normal  7.795928e-01 -6.066850e-01  1.554616e-01
   outer loop
     vertex  2.249666e+01  1.891384e+01  3.020936e+01
     vertex  2.516520e+01  2.265857e+01  3.144117e+01
     vertex  2.220332e+01  1.880157e+01  3.124225e+01
   endloop
 endfacet
 facet normal  8.092180e-01 -5.869134e-01 -2.643725e-02
   outer loop
     vertex  1.872895e+01  1.452894e+01  3.486712e+01
     vertex  2.151402e+01  1.834153e+01  3.547456e+01
     vertex  1.867359e+01  1.439858e+01  3.606640e+01
   endloop
 endfacet
 facet normal  7.964769e-01 -5.669317e-01 -2.102691e-01
   outer loop
     vertex  1.624942e+01  9.996976e+00  4.087782e+01
     vertex  1.900520e+01  1.387853e+01  4.085090e+01
     vertex  1.649307e+01  9.855071e+00  4.218335e+01
   endloop
 endfacet
 facet normal  7.420365e-01 -5.477860e-01 -3.864095e-01
   outer loop
     vertex  1.547796e+01  5.355973e+00  4.789172e+01
     vertex  1.806017e+01  9.303949e+00  4.725367e+01
     vertex  1.859595e+01  9.171743e+00  4.846996e+01
   endloop
 endfacet
 facet normal  7.420365e-01 -5.477860e-01 -3.864095e-01
   outer loop
     vertex  1.547796e+01  5.355973e+00  4.789172e+01
     vertex  1.859595e+01  9.171743e+00  4.846996e+01
     vertex  1.606509e+01  5.211095e+00  4.922460e+01
   endloop
 endfacet
 facet normal  6.487472e-01 -5.304787e-01 -5.456368e-01
   outer loop
     vertex  1.673442e+01  6.567372e-01  5.544135e+01
     vertex  1.988441e+01  4.538475e+00  5.541270e+01
     vertex  1.768762e+01  5.189941e-01  5.670859e+01
   endloop
 endfacet
 facet normal  6.487472e-01 -5.304787e-01 -5.456368e-01
   outer loop
     vertex  1.673442e+01  6.567372e-01  5.544135e+01
     vertex  1.900788e+01  4.665139e+00  5.424739e+01
     vertex  1.988441e+01  4.538475e+00  5.541270e+01
   endloop
 endfacet
 facet normal  6.663435e-01 -5.335384e-01 -5.208868e-01
   outer loop
     vertex  1.673442e+01  6.567372e-01  5.544135e+01
     vertex  1.634584e+01  0.000000e+00  5.561695e+01
     vertex  1.573662e+01  0.000000e+00  5.483760e+01
   endloop
 endfacet
 facet normal  6.535128e-01 -5.309197e-01 -5.394861e-01
   outer loop
     vertex  1.673442e+01  6.567372e-01  5.544135e+01
     vertex  1.697545e+01  0.000000e+00  5.637963e+01
     vertex  1.634584e+01  0.000000e+00  5.561695e+01
   endloop
 endfacet
 facet normal  6.437771e-01 -5.393106e-01 -5.428583e-01
   outer loop
     vertex  1.673442e+01  6.567372e-01  5.544135e+01
     vertex  1.768762e+01  5.189941e-01  5.670859e+01
     vertex  1.697545e+01  0.000000e+00  5.637963e+01
   endloop
 endfacet
 facet normal -1.019102e-01 -6.696101e-01  7.356879e-01
   outer loop
     vertex  4.600858e+01  4.189243e+01  3.290630e+01
     vertex  4.549049e+01  4.542897e+01  3.605343e+01
     vertex  4.569960e+01  4.189666e+01  3.286735e+01
   endloop
 endfacet
 facet normal -1.102966e-01 -6.696936e-01  7.344012e-01
   outer loop
     vertex  4.600858e+01  4.189243e+01  3.290630e+01
     vertex  4.559874e+01  4.542737e+01  3.606822e+01
     vertex  4.549049e+01  4.542897e+01  3.605343e+01
   endloop
 endfacet
 facet normal -1.321783e-01 -6.693076e-01  7.311335e-01
   outer loop
     vertex  4.600858e+01  4.189243e+01  3.290630e+01
     vertex  4.570655e+01  4.542544e+01  3.608595e+01
     vertex  4.559874e+01  4.542737e+01  3.606822e+01
   endloop
 endfacet
 facet normal  8.344364e-02 -6.699700e-01  7.376838e-01
   outer loop
     vertex  4.423167e+01  3.836557e+01  2.967012e+01
     vertex  4.445549e+01  4.189821e+01  3.285317e+01
     vertex  4.379453e+01  3.836068e+01  2.971512e+01
   endloop
 endfacet
 facet normal  2.644159e-01 -6.656412e-01  6.978582e-01
   outer loop
     vertex  4.122993e+01  3.477367e+01  2.703228e+01
     vertex  4.166501e+01  3.830417e+01  3.023495e+01
     vertex  4.069351e+01  3.475365e+01  2.721643e+01
   endloop
 endfacet
 facet normal  2.644159e-01 -6.656412e-01  6.978582e-01
   outer loop
     vertex  4.122993e+01  3.477367e+01  2.703228e+01
     vertex  4.208042e+01  3.831967e+01  3.009234e+01
     vertex  4.166501e+01  3.830417e+01  3.023495e+01
   endloop
 endfacet
 facet normal  4.315447e-01 -6.569804e-01  6.181795e-01
   outer loop
     vertex  3.721676e+01  3.107330e+01  2.539230e+01
     vertex  3.864939e+01  3.464772e+01  2.819097e+01
     vertex  3.816912e+01  3.461505e+01  2.849152e+01
   endloop
 endfacet
 facet normal  4.315447e-01 -6.569804e-01  6.181795e-01
   outer loop
     vertex  3.721676e+01  3.107330e+01  2.539230e+01
     vertex  3.816912e+01  3.461505e+01  2.849152e+01
     vertex  3.662815e+01  3.103326e+01  2.576065e+01
   endloop
 endfacet
 facet normal  5.760802e-01 -6.444413e-01  5.028191e-01
   outer loop
     vertex  3.252180e+01  2.722891e+01  2.507733e+01
     vertex  3.446157e+01  3.084530e+01  2.748990e+01
     vertex  3.194282e+01  2.716563e+01  2.565956e+01
   endloop
 endfacet
 facet normal  6.904553e-01 -6.286801e-01  3.578167e-01
   outer loop
     vertex  2.756741e+01  2.321617e+01  2.631124e+01
     vertex  2.991276e+01  2.688588e+01  2.823322e+01
     vertex  2.706976e+01  2.312853e+01  2.711755e+01
   endloop
 endfacet
 facet normal  7.686818e-01 -6.105222e-01  1.907639e-01
   outer loop
     vertex  2.283733e+01  1.902454e+01  2.919093e+01
     vertex  2.516520e+01  2.265857e+01  3.144117e+01
     vertex  2.249666e+01  1.891384e+01  3.020936e+01
   endloop
 endfacet
 facet normal  7.686818e-01 -6.105222e-01  1.907639e-01
   outer loop
     vertex  2.283733e+01  1.902454e+01  2.919093e+01
     vertex  2.546547e+01  2.275614e+01  3.054351e+01
     vertex  2.516520e+01  2.265857e+01  3.144117e+01
   endloop
 endfacet
 facet normal  8.024144e-01 -5.949061e-01  4.709527e-02
   outer loop
     vertex  1.883957e+01  1.465888e+01  3.367163e+01
     vertex  2.176098e+01  1.857326e+01  3.334268e+01
     vertex  2.161291e+01  1.845770e+01  3.440581e+01
   endloop
 endfacet
 facet normal  8.066644e-01 -5.909182e-01  1.040657e-02
   outer loop
     vertex  1.883957e+01  1.465888e+01  3.367163e+01
     vertex  2.151402e+01  1.834153e+01  3.547456e+01
     vertex  1.872895e+01  1.452894e+01  3.486712e+01
   endloop
 endfacet
 facet normal  8.066644e-01 -5.909182e-01  1.040657e-02
   outer loop
     vertex  1.883957e+01  1.465888e+01  3.367163e+01
     vertex  2.161291e+01  1.845770e+01  3.440581e+01
     vertex  2.151402e+01  1.834153e+01  3.547456e+01
   endloop
 endfacet
 facet normal  8.024144e-01 -5.708943e-01 -1.738127e-01
   outer loop
     vertex  1.606623e+01  1.013994e+01  3.956255e+01
     vertex  1.900520e+01  1.387853e+01  4.085090e+01
     vertex  1.624942e+01  9.996976e+00  4.087782e+01
   endloop
 endfacet
 facet normal  8.024144e-01 -5.708943e-01 -1.738127e-01
   outer loop
     vertex  1.606623e+01  1.013994e+01  3.956255e+01
     vertex  1.883957e+01  1.400779e+01  3.966171e+01
     vertex  1.900520e+01  1.387853e+01  4.085090e+01
   endloop
 endfacet
 facet normal  7.686818e-01 -5.552782e-01 -3.174813e-01
   outer loop
     vertex  1.495291e+01  5.503608e+00  4.653348e+01
     vertex  1.715958e+01  9.575624e+00  4.475426e+01
     vertex  1.758105e+01  9.438671e+00  4.601423e+01
   endloop
 endfacet
 facet normal  7.561543e-01 -5.514991e-01 -3.522492e-01
   outer loop
     vertex  1.495291e+01  5.503608e+00  4.653348e+01
     vertex  1.806017e+01  9.303949e+00  4.725367e+01
     vertex  1.547796e+01  5.355973e+00  4.789172e+01
   endloop
 endfacet
 facet normal  7.561543e-01 -5.514991e-01 -3.522492e-01
   outer loop
     vertex  1.495291e+01  5.503608e+00  4.653348e+01
     vertex  1.758105e+01  9.438671e+00  4.601423e+01
     vertex  1.806017e+01  9.303949e+00  4.725367e+01
   endloop
 endfacet
 facet normal  6.664589e-01 -5.403630e-01 -5.136540e-01
   outer loop
     vertex  1.584067e+01  7.990577e-01  5.413200e+01
     vertex  1.673442e+01  6.567372e-01  5.544135e+01
     vertex  1.573662e+01  0.000000e+00  5.483760e+01
   endloop
 endfacet
 facet normal  6.802725e-01 -5.329325e-01 -5.032021e-01
   outer loop
     vertex  1.584067e+01  7.990577e-01  5.413200e+01
     vertex  1.573662e+01  0.000000e+00  5.483760e+01
     vertex  1.514821e+01  0.000000e+00  5.404213e+01
   endloop
 endfacet
 facet normal  6.703061e-01 -5.337478e-01 -5.155610e-01
   outer loop
     vertex  1.584067e+01  7.990577e-01  5.413200e+01
     vertex  1.818602e+01  4.796012e+00  5.304335e+01
     vertex  1.900788e+01  4.665139e+00  5.424739e+01
   endloop
 endfacet
 facet normal  6.703061e-01 -5.337478e-01 -5.155610e-01
   outer loop
     vertex  1.584067e+01  7.990577e-01  5.413200e+01
     vertex  1.900788e+01  4.665139e+00  5.424739e+01
     vertex  1.673442e+01  6.567372e-01  5.544135e+01
   endloop
 endfacet
 facet normal -1.539450e-01 -6.689742e-01  7.271688e-01
   outer loop
     vertex  4.631544e+01  4.188667e+01  3.295929e+01
     vertex  4.581382e+01  4.542320e+01  3.610660e+01
     vertex  4.570655e+01  4.542544e+01  3.608595e+01
   endloop
 endfacet
 facet normal -1.386509e-01 -6.690192e-01  7.301981e-01
   outer loop
     vertex  4.631544e+01  4.188667e+01  3.295929e+01
     vertex  4.570655e+01  4.542544e+01  3.608595e+01
     vertex  4.600858e+01  4.189243e+01  3.290630e+01
   endloop
 endfacet
 facet normal  4.641452e-02 -6.702919e-01  7.406447e-01
   outer loop
     vertex  4.467043e+01  3.836829e+01  2.964508e+01
     vertex  4.445549e+01  4.189821e+01  3.285317e+01
     vertex  4.423167e+01  3.836557e+01  2.967012e+01
   endloop
 endfacet
 facet normal  4.641452e-02 -6.702919e-01  7.406447e-01
   outer loop
     vertex  4.467043e+01  3.836829e+01  2.964508e+01
     vertex  4.476643e+01  4.190013e+01  3.283543e+01
     vertex  4.445549e+01  4.189821e+01  3.285317e+01
   endloop
 endfacet
 facet normal  1.931686e-01 -6.679105e-01  7.187360e-01
   outer loop
     vertex  4.177428e+01  3.479100e+01  2.687277e+01
     vertex  4.292877e+01  3.834442e+01  2.986463e+01
     vertex  4.250197e+01  3.833310e+01  2.996881e+01
   endloop
 endfacet
 facet normal  2.290331e-01 -6.668641e-01  7.091094e-01
   outer loop
     vertex  4.177428e+01  3.479100e+01  2.687277e+01
     vertex  4.250197e+01  3.833310e+01  2.996881e+01
     vertex  4.208042e+01  3.831967e+01  3.009234e+01
   endloop
 endfacet
 facet normal  2.290331e-01 -6.668641e-01  7.091094e-01
   outer loop
     vertex  4.177428e+01  3.479100e+01  2.687277e+01
     vertex  4.208042e+01  3.831967e+01  3.009234e+01
     vertex  4.122993e+01  3.477367e+01  2.703228e+01
   endloop
 endfacet
 facet normal  3.996607e-01 -6.590405e-01  6.371318e-01
   outer loop
     vertex  3.782174e+01  3.111038e+01  2.505116e+01
     vertex  3.864939e+01  3.464772e+01  2.819097e+01
     vertex  3.721676e+01  3.107330e+01  2.539230e+01
   endloop
 endfacet
 facet normal  3.996607e-01 -6.590405e-01  6.371318e-01
   outer loop
     vertex  3.782174e+01  3.111038e+01  2.505116e+01
     vertex  3.914302e+01  3.467798e+01  2.791262e+01
     vertex  3.864939e+01  3.464772e+01  2.819097e+01
   endloop
 endfacet
 facet normal  5.493642e-01 -6.472305e-01  5.284804e-01
   outer loop
     vertex  3.312703e+01  2.728927e+01  2.452209e+01
     vertex  3.497271e+01  3.089627e+01  2.702098e+01
     vertex  3.446157e+01  3.084530e+01  2.748990e+01
   endloop
 endfacet
 facet normal  5.493642e-01 -6.472305e-01  5.284804e-01
   outer loop
     vertex  3.312703e+01  2.728927e+01  2.452209e+01
     vertex  3.446157e+01  3.084530e+01  2.748990e+01
     vertex  3.252180e+01  2.722891e+01  2.507733e+01
   endloop
 endfacet
 facet normal  6.703061e-01 -6.320526e-01  3.888435e-01
   outer loop
     vertex  2.810173e+01  2.330125e+01  2.552846e+01
     vertex  3.037519e+01  2.695952e+01  2.755576e+01
     vertex  2.991276e+01  2.688588e+01  2.823322e+01
   endloop
 endfacet
 facet normal  6.703061e-01 -6.320526e-01  3.888435e-01
   outer loop
     vertex  2.810173e+01  2.330125e+01  2.552846e+01
     vertex  2.991276e+01  2.688588e+01  2.823322e+01
     vertex  2.756741e+01  2.321617e+01  2.631124e+01
   endloop
 endfacet
 facet normal  6.487472e-01 -6.353217e-01  4.189193e-01
   outer loop
     vertex  2.810173e+01  2.330125e+01  2.552846e+01
     vertex  3.086838e+01  2.703079e+01  2.690008e+01
     vertex  3.037519e+01  2.695952e+01  2.755576e+01
   endloop
 endfacet
 facet normal  7.420365e-01 -6.180144e-01  2.596921e-01
   outer loop
     vertex  2.322460e+01  1.913343e+01  2.818910e+01
     vertex  2.618853e+01  2.294631e+01  2.879393e+01
     vertex  2.580682e+01  2.285212e+01  2.966048e+01
   endloop
 endfacet
 facet normal  7.561543e-01 -6.143013e-01  2.255318e-01
   outer loop
     vertex  2.322460e+01  1.913343e+01  2.818910e+01
     vertex  2.546547e+01  2.275614e+01  3.054351e+01
     vertex  2.283733e+01  1.902454e+01  2.919093e+01
   endloop
 endfacet
 facet normal  7.561543e-01 -6.143013e-01  2.255318e-01
   outer loop
     vertex  2.322460e+01  1.913343e+01  2.818910e+01
     vertex  2.580682e+01  2.285212e+01  2.966048e+01
     vertex  2.546547e+01  2.275614e+01  3.054351e+01
   endloop
 endfacet
 facet normal  8.024144e-01 -5.949061e-01  4.709527e-02
   outer loop
     vertex  1.900520e+01  1.478814e+01  3.248243e+01
     vertex  2.176098e+01  1.857326e+01  3.334268e+01
     vertex  1.883957e+01  1.465888e+01  3.367163e+01
   endloop
 endfacet
 facet normal  8.066644e-01 -5.748822e-01 -1.371240e-01
   outer loop
     vertex  1.594389e+01  1.028366e+01  3.824032e+01
     vertex  1.872895e+01  1.413773e+01  3.846621e+01
     vertex  1.883957e+01  1.400779e+01  3.966171e+01
   endloop
 endfacet
 facet normal  8.066644e-01 -5.748822e-01 -1.371240e-01
   outer loop
     vertex  1.594389e+01  1.028366e+01  3.824032e+01
     vertex  1.883957e+01  1.400779e+01  3.966171e+01
     vertex  1.606623e+01  1.013994e+01  3.956255e+01
   endloop
 endfacet
 facet normal  8.092180e-01 -5.788870e-01 -1.002802e-01
   outer loop
     vertex  1.594389e+01  1.028366e+01  3.824032e+01
     vertex  1.867359e+01  1.426809e+01  3.726694e+01
     vertex  1.872895e+01  1.413773e+01  3.846621e+01
   endloop
 endfacet
 facet normal  7.686818e-01 -5.552782e-01 -3.174813e-01
   outer loop
     vertex  1.449105e+01  5.653688e+00  4.515274e+01
     vertex  1.715958e+01  9.575624e+00  4.475426e+01
     vertex  1.495291e+01  5.503608e+00  4.653348e+01
   endloop
 endfacet
 facet normal  7.091524e-01 -5.405890e-01 -4.526216e-01
   outer loop
     vertex  1.500825e+01  9.456562e-01  5.278330e+01
     vertex  1.671308e+01  5.069277e+00  5.052931e+01
     vertex  1.742055e+01  4.930820e+00  5.180313e+01
   endloop
 endfacet
 facet normal  6.904553e-01 -5.371203e-01 -4.845342e-01
   outer loop
     vertex  1.500825e+01  9.456562e-01  5.278330e+01
     vertex  1.818602e+01  4.796012e+00  5.304335e+01
     vertex  1.584067e+01  7.990577e-01  5.413200e+01
   endloop
 endfacet
 facet normal  6.904553e-01 -5.371203e-01 -4.845342e-01
   outer loop
     vertex  1.500825e+01  9.456562e-01  5.278330e+01
     vertex  1.742055e+01  4.930820e+00  5.180313e+01
     vertex  1.818602e+01  4.796012e+00  5.304335e+01
   endloop
 endfacet
 facet normal  6.877458e-01 -5.416413e-01 -4.833533e-01
   outer loop
     vertex  1.500825e+01  9.456562e-01  5.278330e+01
     vertex  1.584067e+01  7.990577e-01  5.413200e+01
     vertex  1.514821e+01  0.000000e+00  5.404213e+01
   endloop
 endfacet
 facet normal  7.034673e-01 -5.378298e-01 -4.646212e-01
   outer loop
     vertex  1.500825e+01  9.456562e-01  5.278330e+01
     vertex  1.458103e+01  0.000000e+00  5.323112e+01
     vertex  1.403549e+01  0.000000e+00  5.240513e+01
   endloop
 endfacet
 facet normal  6.897222e-01 -5.400173e-01 -4.823531e-01
   outer loop
     vertex  1.500825e+01  9.456562e-01  5.278330e+01
     vertex  1.514821e+01  0.000000e+00  5.404213e+01
     vertex  1.458103e+01  0.000000e+00  5.323112e+01
   endloop
 endfacet
 facet normal -1.750947e-01 -6.682762e-01  7.230137e-01
   outer loop
     vertex  4.661954e+01  4.187940e+01  3.302621e+01
     vertex  4.581382e+01  4.542320e+01  3.610660e+01
     vertex  4.631544e+01  4.188667e+01  3.295929e+01
   endloop
 endfacet
 facet normal -1.756436e-01 -6.682812e-01  7.228759e-01
   outer loop
     vertex  4.661954e+01  4.187940e+01  3.302621e+01
     vertex  4.592049e+01  4.542064e+01  3.613015e+01
     vertex  4.581382e+01  4.542320e+01  3.610660e+01
   endloop
 endfacet
 facet normal -1.971415e-01 -6.679323e-01  7.176362e-01
   outer loop
     vertex  4.661954e+01  4.187940e+01  3.302621e+01
     vertex  4.602648e+01  4.541776e+01  3.615659e+01
     vertex  4.592049e+01  4.542064e+01  3.613015e+01
   endloop
 endfacet
 facet normal  9.287786e-03 -6.704299e-01  7.419147e-01
   outer loop
     vertex  4.510988e+01  3.836883e+01  2.964008e+01
     vertex  4.476643e+01  4.190013e+01  3.283543e+01
     vertex  4.467043e+01  3.836829e+01  2.964508e+01
   endloop
 endfacet
 facet normal  9.287786e-03 -6.704299e-01  7.419147e-01
   outer loop
     vertex  4.510988e+01  3.836883e+01  2.964008e+01
     vertex  4.507787e+01  4.190052e+01  3.283188e+01
     vertex  4.476643e+01  4.190013e+01  3.283543e+01
   endloop
 endfacet
 facet normal  1.931686e-01 -6.679105e-01  7.187360e-01
   outer loop
     vertex  4.232541e+01  3.480563e+01  2.673823e+01
     vertex  4.292877e+01  3.834442e+01  2.986463e+01
     vertex  4.177428e+01  3.479100e+01  2.687277e+01
   endloop
 endfacet
 facet normal  3.334400e-01 -6.626762e-01  6.705804e-01
   outer loop
     vertex  3.844182e+01  3.114443e+01  2.473796e+01
     vertex  4.016615e+01  3.473100e+01  2.742484e+01
     vertex  3.964896e+01  3.470575e+01  2.765707e+01
   endloop
 endfacet
 facet normal  3.669362e-01 -6.609404e-01  6.546111e-01
   outer loop
     vertex  3.844182e+01  3.114443e+01  2.473796e+01
     vertex  3.914302e+01  3.467798e+01  2.791262e+01
     vertex  3.782174e+01  3.111038e+01  2.505116e+01
   endloop
 endfacet
 facet normal  3.669362e-01 -6.609404e-01  6.546111e-01
   outer loop
     vertex  3.844182e+01  3.114443e+01  2.473796e+01
     vertex  3.964896e+01  3.470575e+01  2.765707e+01
     vertex  3.914302e+01  3.467798e+01  2.791262e+01
   endloop
 endfacet
 facet normal  5.214929e-01 -6.498845e-01  5.528971e-01
   outer loop
     vertex  3.375723e+01  2.734655e+01  2.399503e+01
     vertex  3.550494e+01  3.094465e+01  2.657585e+01
     vertex  3.497271e+01  3.089627e+01  2.702098e+01
   endloop
 endfacet
 facet normal  5.214929e-01 -6.498845e-01  5.528971e-01
   outer loop
     vertex  3.375723e+01  2.734655e+01  2.399503e+01
     vertex  3.497271e+01  3.089627e+01  2.702098e+01
     vertex  3.312703e+01  2.728927e+01  2.452209e+01
   endloop
 endfacet
 facet normal  4.925250e-01 -6.523976e-01  5.760178e-01
   outer loop
     vertex  3.375723e+01  2.734655e+01  2.399503e+01
     vertex  3.605714e+01  3.099035e+01  2.615545e+01
     vertex  3.550494e+01  3.094465e+01  2.657585e+01
   endloop
 endfacet
 facet normal  6.487472e-01 -6.353217e-01  4.189193e-01
   outer loop
     vertex  2.867159e+01  2.338360e+01  2.477086e+01
     vertex  3.086838e+01  2.703079e+01  2.690008e+01
     vertex  2.810173e+01  2.330125e+01  2.552846e+01
   endloop
 endfacet
 facet normal  7.420365e-01 -6.180144e-01  2.596921e-01
   outer loop
     vertex  2.365767e+01  1.924029e+01  2.720597e+01
     vertex  2.618853e+01  2.294631e+01  2.879393e+01
     vertex  2.322460e+01  1.913343e+01  2.818910e+01
   endloop
 endfacet
 facet normal  7.964769e-01 -5.988687e-01  8.355167e-02
   outer loop
     vertex  1.922549e+01  1.491645e+01  3.130204e+01
     vertex  2.176098e+01  1.857326e+01  3.334268e+01
     vertex  1.900520e+01  1.478814e+01  3.248243e+01
   endloop
 endfacet
 facet normal  7.888643e-01 -6.027978e-01  1.196991e-01
   outer loop
     vertex  1.922549e+01  1.491645e+01  3.130204e+01
     vertex  2.220332e+01  1.880157e+01  3.124225e+01
     vertex  2.195792e+01  1.868796e+01  3.228742e+01
   endloop
 endfacet
 facet normal  7.964769e-01 -5.988687e-01  8.355167e-02
   outer loop
     vertex  1.922549e+01  1.491645e+01  3.130204e+01
     vertex  2.195792e+01  1.868796e+01  3.228742e+01
     vertex  2.176098e+01  1.857326e+01  3.334268e+01
   endloop
 endfacet
 facet normal  8.092180e-01 -5.788870e-01 -1.002802e-01
   outer loop
     vertex  1.588266e+01  1.042784e+01  3.691391e+01
     vertex  1.867359e+01  1.426809e+01  3.726694e+01
     vertex  1.594389e+01  1.028366e+01  3.824032e+01
   endloop
 endfacet
 facet normal  7.795928e-01 -5.591154e-01 -2.821790e-01
   outer loop
     vertex  1.409335e+01  5.805899e+00  4.375239e+01
     vertex  1.679667e+01  9.714522e+00  4.347640e+01
     vertex  1.715958e+01  9.575624e+00  4.475426e+01
   endloop
 endfacet
 facet normal  7.888643e-01 -5.630026e-01 -2.464166e-01
   outer loop
     vertex  1.409335e+01  5.805899e+00  4.375239e+01
     vertex  1.649307e+01  9.855071e+00  4.218335e+01
     vertex  1.679667e+01  9.714522e+00  4.347640e+01
   endloop
 endfacet
 facet normal  7.795928e-01 -5.591154e-01 -2.821790e-01
   outer loop
     vertex  1.409335e+01  5.805899e+00  4.375239e+01
     vertex  1.715958e+01  9.575624e+00  4.475426e+01
     vertex  1.449105e+01  5.653688e+00  4.515274e+01
   endloop
 endfacet
 facet normal  7.091524e-01 -5.405890e-01 -4.526216e-01
   outer loop
     vertex  1.423889e+01  1.096225e+00  5.139807e+01
     vertex  1.671308e+01  5.069277e+00  5.052931e+01
     vertex  1.500825e+01  9.456562e-01  5.278330e+01
   endloop
 endfacet
 facet normal  7.138475e-01 -5.409854e-01 -4.446983e-01
   outer loop
     vertex  1.423889e+01  1.096225e+00  5.139807e+01
     vertex  1.403549e+01  0.000000e+00  5.240513e+01
     vertex  1.351197e+01  0.000000e+00  5.156476e+01
   endloop
 endfacet
 facet normal  7.059917e-01 -5.457047e-01 -4.514222e-01
   outer loop
     vertex  1.423889e+01  1.096225e+00  5.139807e+01
     vertex  1.500825e+01  9.456562e-01  5.278330e+01
     vertex  1.403549e+01  0.000000e+00  5.240513e+01
   endloop
 endfacet
 facet normal -2.185410e-01 -6.672519e-01  7.120497e-01
   outer loop
     vertex  4.692022e+01  4.187062e+01  3.310692e+01
     vertex  4.613170e+01  4.541458e+01  3.618590e+01
     vertex  4.602648e+01  4.541776e+01  3.615659e+01
   endloop
 endfacet
 facet normal -2.397656e-01 -6.665707e-01  7.058299e-01
   outer loop
     vertex  4.692022e+01  4.187062e+01  3.310692e+01
     vertex  4.623607e+01  4.541108e+01  3.621805e+01
     vertex  4.613170e+01  4.541458e+01  3.618590e+01
   endloop
 endfacet
 facet normal -2.111828e-01 -6.672808e-01  7.142396e-01
   outer loop
     vertex  4.692022e+01  4.187062e+01  3.310692e+01
     vertex  4.602648e+01  4.541776e+01  3.615659e+01
     vertex  4.661954e+01  4.187940e+01  3.302621e+01
   endloop
 endfacet
 facet normal -2.785848e-02 -6.703839e-01  7.414913e-01
   outer loop
     vertex  4.554910e+01  3.836720e+01  2.965510e+01
     vertex  4.538914e+01  4.189936e+01  3.284253e+01
     vertex  4.507787e+01  4.190052e+01  3.283188e+01
   endloop
 endfacet
 facet normal -2.785848e-02 -6.703839e-01  7.414913e-01
   outer loop
     vertex  4.554910e+01  3.836720e+01  2.965510e+01
     vertex  4.507787e+01  4.190052e+01  3.283188e+01
     vertex  4.510988e+01  3.836883e+01  2.964008e+01
   endloop
 endfacet
 facet normal  1.568979e-01 -6.687781e-01  7.267179e-01
   outer loop
     vertex  4.288216e+01  3.481750e+01  2.662896e+01
     vertex  4.335992e+01  3.835362e+01  2.978000e+01
     vertex  4.292877e+01  3.834442e+01  2.986463e+01
   endloop
 endfacet
 facet normal  1.568979e-01 -6.687781e-01  7.267179e-01
   outer loop
     vertex  4.288216e+01  3.481750e+01  2.662896e+01
     vertex  4.292877e+01  3.834442e+01  2.986463e+01
     vertex  4.232541e+01  3.480563e+01  2.673823e+01
   endloop
 endfacet
 facet normal  1.202973e-01 -6.694651e-01  7.330382e-01
   outer loop
     vertex  4.288216e+01  3.481750e+01  2.662896e+01
     vertex  4.379453e+01  3.836068e+01  2.971512e+01
     vertex  4.335992e+01  3.835362e+01  2.978000e+01
   endloop
 endfacet
 facet normal  3.334400e-01 -6.626762e-01  6.705804e-01
   outer loop
     vertex  3.907569e+01  3.117536e+01  2.445334e+01
     vertex  4.016615e+01  3.473100e+01  2.742484e+01
     vertex  3.844182e+01  3.114443e+01  2.473796e+01
   endloop
 endfacet
 facet normal  4.925250e-01 -6.523976e-01  5.760178e-01
   outer loop
     vertex  3.441107e+01  2.740066e+01  2.349724e+01
     vertex  3.605714e+01  3.099035e+01  2.615545e+01
     vertex  3.375723e+01  2.734655e+01  2.399503e+01
   endloop
 endfacet
 facet normal  6.258240e-01 -6.384806e-01  4.479809e-01
   outer loop
     vertex  2.927578e+01  2.346304e+01  2.404002e+01
     vertex  3.139129e+01  2.709954e+01  2.626757e+01
     vertex  3.086838e+01  2.703079e+01  2.690008e+01
   endloop
 endfacet
 facet normal  6.015847e-01 -6.415226e-01  4.759671e-01
   outer loop
     vertex  2.927578e+01  2.346304e+01  2.404002e+01
     vertex  3.194282e+01  2.716563e+01  2.565956e+01
     vertex  3.139129e+01  2.709954e+01  2.626757e+01
   endloop
 endfacet
 facet normal  6.258240e-01 -6.384806e-01  4.479809e-01
   outer loop
     vertex  2.927578e+01  2.346304e+01  2.404002e+01
     vertex  3.086838e+01  2.703079e+01  2.690008e+01
     vertex  2.867159e+01  2.338360e+01  2.477086e+01
   endloop
 endfacet
 facet normal  7.091524e-01 -6.252114e-01  3.259042e-01
   outer loop
     vertex  2.413562e+01  1.934490e+01  2.624361e+01
     vertex  2.706976e+01  2.312853e+01  2.711755e+01
     vertex  2.660981e+01  2.303851e+01  2.794569e+01
   endloop
 endfacet
 facet normal  7.263582e-01 -6.216536e-01  2.931730e-01
   outer loop
     vertex  2.413562e+01  1.934490e+01  2.624361e+01
     vertex  2.618853e+01  2.294631e+01  2.879393e+01
     vertex  2.365767e+01  1.924029e+01  2.720597e+01
   endloop
 endfacet
 facet normal  7.263582e-01 -6.216536e-01  2.931730e-01
   outer loop
     vertex  2.413562e+01  1.934490e+01  2.624361e+01
     vertex  2.660981e+01  2.303851e+01  2.794569e+01
     vertex  2.618853e+01  2.294631e+01  2.879393e+01
   endloop
 endfacet
 facet normal  7.888643e-01 -6.027978e-01  1.196991e-01
   outer loop
     vertex  1.949999e+01  1.504352e+01  3.013292e+01
     vertex  2.220332e+01  1.880157e+01  3.124225e+01
     vertex  1.922549e+01  1.491645e+01  3.130204e+01
   endloop
 endfacet
 facet normal  8.092180e-01 -5.869134e-01 -2.643725e-02
   outer loop
     vertex  1.588266e+01  1.057216e+01  3.558609e+01
     vertex  1.872895e+01  1.452894e+01  3.486712e+01
     vertex  1.867359e+01  1.439858e+01  3.606640e+01
   endloop
 endfacet
 facet normal  8.100698e-01 -5.829002e-01 -6.335872e-02
   outer loop
     vertex  1.588266e+01  1.057216e+01  3.558609e+01
     vertex  1.867359e+01  1.426809e+01  3.726694e+01
     vertex  1.588266e+01  1.042784e+01  3.691391e+01
   endloop
 endfacet
 facet normal  8.100698e-01 -5.829002e-01 -6.335872e-02
   outer loop
     vertex  1.588266e+01  1.057216e+01  3.558609e+01
     vertex  1.867359e+01  1.439858e+01  3.606640e+01
     vertex  1.867359e+01  1.426809e+01  3.726694e+01
   endloop
 endfacet
 facet normal  7.888643e-01 -5.630026e-01 -2.464166e-01
   outer loop
     vertex  1.376065e+01  5.959920e+00  4.233540e+01
     vertex  1.649307e+01  9.855071e+00  4.218335e+01
     vertex  1.409335e+01  5.805899e+00  4.375239e+01
   endloop
 endfacet
 facet normal  7.964769e-01 -5.669317e-01 -2.102691e-01
   outer loop
     vertex  1.376065e+01  5.959920e+00  4.233540e+01
     vertex  1.624942e+01  9.996976e+00  4.087782e+01
     vertex  1.649307e+01  9.855071e+00  4.218335e+01
   endloop
 endfacet
 facet normal  7.263582e-01 -5.441467e-01 -4.198905e-01
   outer loop
     vertex  1.353423e+01  1.250446e+00  4.997923e+01
     vertex  1.671308e+01  5.069277e+00  5.052931e+01
     vertex  1.423889e+01  1.096225e+00  5.139807e+01
   endloop
 endfacet
 facet normal  7.257648e-01 -5.450863e-01 -4.196979e-01
   outer loop
     vertex  1.353423e+01  1.250446e+00  4.997923e+01
     vertex  1.423889e+01  1.096225e+00  5.139807e+01
     vertex  1.351197e+01  0.000000e+00  5.156476e+01
   endloop
 endfacet
 facet normal  7.345225e-01 -5.443876e-01 -4.051158e-01
   outer loop
     vertex  1.353423e+01  1.250446e+00  4.997923e+01
     vertex  1.301085e+01  0.000000e+00  5.071060e+01
     vertex  1.253248e+01  0.000000e+00  4.984326e+01
   endloop
 endfacet
 facet normal  7.208644e-01 -5.490842e-01 -4.229197e-01
   outer loop
     vertex  1.353423e+01  1.250446e+00  4.997923e+01
     vertex  1.351197e+01  0.000000e+00  5.156476e+01
     vertex  1.301085e+01  0.000000e+00  5.071060e+01
   endloop
 endfacet
 facet normal  7.263582e-01 -5.441467e-01 -4.198905e-01
   outer loop
     vertex  1.353423e+01  1.250446e+00  4.997923e+01
     vertex  1.606509e+01  5.211095e+00  4.922460e+01
     vertex  1.671308e+01  5.069277e+00  5.052931e+01
   endloop
 endfacet
 facet normal -2.468200e-01 -6.661465e-01  7.037959e-01
   outer loop
     vertex  4.721688e+01  4.186037e+01  3.320125e+01
     vertex  4.623607e+01  4.541108e+01  3.621805e+01
     vertex  4.692022e+01  4.187062e+01  3.310692e+01
   endloop
 endfacet
 facet normal -2.607917e-01 -6.659051e-01  6.989693e-01
   outer loop
     vertex  4.721688e+01  4.186037e+01  3.320125e+01
     vertex  4.633952e+01  4.540728e+01  3.625303e+01
     vertex  4.623607e+01  4.541108e+01  3.621805e+01
   endloop
 endfacet
 facet normal -2.816981e-01 -6.648931e-01  6.917827e-01
   outer loop
     vertex  4.721688e+01  4.186037e+01  3.320125e+01
     vertex  4.644197e+01  4.540317e+01  3.629080e+01
     vertex  4.633952e+01  4.540728e+01  3.625303e+01
   endloop
 endfacet
 facet normal -1.018972e-01 -6.697404e-01  7.355710e-01
   outer loop
     vertex  4.598716e+01  3.836339e+01  2.969013e+01
     vertex  4.600858e+01  4.189243e+01  3.290630e+01
     vertex  4.569960e+01  4.189666e+01  3.286735e+01
   endloop
 endfacet
 facet normal -6.494615e-02 -6.701539e-01  7.393753e-01
   outer loop
     vertex  4.598716e+01  3.836339e+01  2.969013e+01
     vertex  4.538914e+01  4.189936e+01  3.284253e+01
     vertex  4.554910e+01  3.836720e+01  2.965510e+01
   endloop
 endfacet
 facet normal -6.494615e-02 -6.701539e-01  7.393753e-01
   outer loop
     vertex  4.598716e+01  3.836339e+01  2.969013e+01
     vertex  4.569960e+01  4.189666e+01  3.286735e+01
     vertex  4.538914e+01  4.189936e+01  3.284253e+01
   endloop
 endfacet
 facet normal  1.202973e-01 -6.694651e-01  7.330382e-01
   outer loop
     vertex  4.344337e+01  3.482661e+01  2.654518e+01
     vertex  4.379453e+01  3.836068e+01  2.971512e+01
     vertex  4.288216e+01  3.481750e+01  2.662896e+01
   endloop
 endfacet
 facet normal  2.992426e-01 -6.642442e-01  6.850062e-01
   outer loop
     vertex  3.972202e+01  3.120312e+01  2.419792e+01
     vertex  4.016615e+01  3.473100e+01  2.742484e+01
     vertex  3.907569e+01  3.117536e+01  2.445334e+01
   endloop
 endfacet
 facet normal  2.644159e-01 -6.656412e-01  6.978582e-01
   outer loop
     vertex  3.972202e+01  3.120312e+01  2.419792e+01
     vertex  4.122993e+01  3.477367e+01  2.703228e+01
     vertex  4.069351e+01  3.475365e+01  2.721643e+01
   endloop
 endfacet
 facet normal  2.992426e-01 -6.642442e-01  6.850062e-01
   outer loop
     vertex  3.972202e+01  3.120312e+01  2.419792e+01
     vertex  4.069351e+01  3.475365e+01  2.721643e+01
     vertex  4.016615e+01  3.473100e+01  2.742484e+01
   endloop
 endfacet
 facet normal  4.625212e-01 -6.547646e-01  5.977938e-01
   outer loop
     vertex  3.508718e+01  2.745147e+01  2.302978e+01
     vertex  3.605714e+01  3.099035e+01  2.615545e+01
     vertex  3.441107e+01  2.740066e+01  2.349724e+01
   endloop
 endfacet
 facet normal  4.315447e-01 -6.569804e-01  6.181795e-01
   outer loop
     vertex  3.508718e+01  2.745147e+01  2.302978e+01
     vertex  3.721676e+01  3.107330e+01  2.539230e+01
     vertex  3.662815e+01  3.103326e+01  2.576065e+01
   endloop
 endfacet
 facet normal  4.625212e-01 -6.547646e-01  5.977938e-01
   outer loop
     vertex  3.508718e+01  2.745147e+01  2.302978e+01
     vertex  3.662815e+01  3.103326e+01  2.576065e+01
     vertex  3.605714e+01  3.099035e+01  2.615545e+01
   endloop
 endfacet
 facet normal  5.760802e-01 -6.444413e-01  5.028191e-01
   outer loop
     vertex  2.991305e+01  2.353940e+01  2.333750e+01
     vertex  3.252180e+01  2.722891e+01  2.507733e+01
     vertex  3.194282e+01  2.716563e+01  2.565956e+01
   endloop
 endfacet
 facet normal  6.015847e-01 -6.415226e-01  4.759671e-01
   outer loop
     vertex  2.991305e+01  2.353940e+01  2.333750e+01
     vertex  3.194282e+01  2.716563e+01  2.565956e+01
     vertex  2.927578e+01  2.346304e+01  2.404002e+01
   endloop
 endfacet
 facet normal  6.904553e-01 -6.286801e-01  3.578167e-01
   outer loop
     vertex  2.465745e+01  1.944702e+01  2.530405e+01
     vertex  2.756741e+01  2.321617e+01  2.631124e+01
     vertex  2.706976e+01  2.312853e+01  2.711755e+01
   endloop
 endfacet
 facet normal  7.091524e-01 -6.252114e-01  3.259042e-01
   outer loop
     vertex  2.465745e+01  1.944702e+01  2.530405e+01
     vertex  2.706976e+01  2.312853e+01  2.711755e+01
     vertex  2.413562e+01  1.934490e+01  2.624361e+01
   endloop
 endfacet
 facet normal  7.795928e-01 -6.066850e-01  1.554616e-01
   outer loop
     vertex  1.982812e+01  1.516911e+01  2.897755e+01
     vertex  2.249666e+01  1.891384e+01  3.020936e+01
     vertex  2.220332e+01  1.880157e+01  3.124225e+01
   endloop
 endfacet
 facet normal  7.686818e-01 -6.105222e-01  1.907639e-01
   outer loop
     vertex  1.982812e+01  1.516911e+01  2.897755e+01
     vertex  2.283733e+01  1.902454e+01  2.919093e+01
     vertex  2.249666e+01  1.891384e+01  3.020936e+01
   endloop
 endfacet
 facet normal  7.795928e-01 -6.066850e-01  1.554616e-01
   outer loop
     vertex  1.982812e+01  1.516911e+01  2.897755e+01
     vertex  2.220332e+01  1.880157e+01  3.124225e+01
     vertex  1.949999e+01  1.504352e+01  3.013292e+01
   endloop
 endfacet
 facet normal  8.092180e-01 -5.869134e-01 -2.643725e-02
   outer loop
     vertex  1.594389e+01  1.071634e+01  3.425968e+01
     vertex  1.872895e+01  1.452894e+01  3.486712e+01
     vertex  1.588266e+01  1.057216e+01  3.558609e+01
   endloop
 endfacet
 facet normal  7.964769e-01 -5.669317e-01 -2.102691e-01
   outer loop
     vertex  1.349364e+01  6.115428e+00  4.090473e+01
     vertex  1.624942e+01  9.996976e+00  4.087782e+01
     vertex  1.376065e+01  5.959920e+00  4.233540e+01
   endloop
 endfacet
 facet normal  7.420365e-01 -5.477860e-01 -3.864095e-01
   outer loop
     vertex  1.289574e+01  1.407997e+00  4.852976e+01
     vertex  1.606509e+01  5.211095e+00  4.922460e+01
     vertex  1.353423e+01  1.250446e+00  4.997923e+01
   endloop
 endfacet
 facet normal  7.420365e-01 -5.477860e-01 -3.864095e-01
   outer loop
     vertex  1.289574e+01  1.407997e+00  4.852976e+01
     vertex  1.547796e+01  5.355973e+00  4.789172e+01
     vertex  1.606509e+01  5.211095e+00  4.922460e+01
   endloop
 endfacet
 facet normal  7.400232e-01 -5.508882e-01 -3.858599e-01
   outer loop
     vertex  1.289574e+01  1.407997e+00  4.852976e+01
     vertex  1.353423e+01  1.250446e+00  4.997923e+01
     vertex  1.253248e+01  0.000000e+00  4.984326e+01
   endloop
 endfacet
 facet normal  7.520560e-01 -5.493550e-01 -3.641714e-01
   outer loop
     vertex  1.289574e+01  1.407997e+00  4.852976e+01
     vertex  1.207720e+01  0.000000e+00  4.896335e+01
     vertex  1.164534e+01  0.000000e+00  4.807151e+01
   endloop
 endfacet
 facet normal  7.419956e-01 -5.495882e-01 -3.839209e-01
   outer loop
     vertex  1.289574e+01  1.407997e+00  4.852976e+01
     vertex  1.253248e+01  0.000000e+00  4.984326e+01
     vertex  1.207720e+01  0.000000e+00  4.896335e+01
   endloop
 endfacet
 facet normal -2.819275e-01 -6.648761e-01  6.917057e-01
   outer loop
     vertex  4.750887e+01  4.184866e+01  3.330900e+01
     vertex  4.644197e+01  4.540317e+01  3.629080e+01
     vertex  4.721688e+01  4.186037e+01  3.320125e+01
   endloop
 endfacet
 facet normal -3.022781e-01 -6.642448e-01  6.836716e-01
   outer loop
     vertex  4.750887e+01  4.184866e+01  3.330900e+01
     vertex  4.654334e+01  4.539877e+01  3.633134e+01
     vertex  4.644197e+01  4.540317e+01  3.629080e+01
   endloop
 endfacet
 facet normal -1.018972e-01 -6.697404e-01  7.355710e-01
   outer loop
     vertex  4.642315e+01  3.835742e+01  2.974509e+01
     vertex  4.600858e+01  4.189243e+01  3.290630e+01
     vertex  4.598716e+01  3.836339e+01  2.969013e+01
   endloop
 endfacet
 facet normal  8.344364e-02 -6.699700e-01  7.376838e-01
   outer loop
     vertex  4.400785e+01  3.483293e+01  2.648707e+01
     vertex  4.379453e+01  3.836068e+01  2.971512e+01
     vertex  4.344337e+01  3.482661e+01  2.654518e+01
   endloop
 endfacet
 facet normal  8.344364e-02 -6.699700e-01  7.376838e-01
   outer loop
     vertex  4.400785e+01  3.483293e+01  2.648707e+01
     vertex  4.423167e+01  3.836557e+01  2.967012e+01
     vertex  4.379453e+01  3.836068e+01  2.971512e+01
   endloop
 endfacet
 facet normal  4.641452e-02 -6.702919e-01  7.406447e-01
   outer loop
     vertex  4.400785e+01  3.483293e+01  2.648707e+01
     vertex  4.467043e+01  3.836829e+01  2.964508e+01
     vertex  4.423167e+01  3.836557e+01  2.967012e+01
   endloop
 endfacet
 facet normal  2.644159e-01 -6.656412e-01  6.978582e-01
   outer loop
     vertex  4.037945e+01  3.122766e+01  2.397222e+01
     vertex  4.122993e+01  3.477367e+01  2.703228e+01
     vertex  3.972202e+01  3.120312e+01  2.419792e+01
   endloop
 endfacet
 facet normal  4.315447e-01 -6.569804e-01  6.181795e-01
   outer loop
     vertex  3.578413e+01  2.749888e+01  2.259363e+01
     vertex  3.721676e+01  3.107330e+01  2.539230e+01
     vertex  3.508718e+01  2.745147e+01  2.302978e+01
   endloop
 endfacet
 facet normal  5.760802e-01 -6.444413e-01  5.028191e-01
   outer loop
     vertex  3.058204e+01  2.361253e+01  2.266475e+01
     vertex  3.252180e+01  2.722891e+01  2.507733e+01
     vertex  2.991305e+01  2.353940e+01  2.333750e+01
   endloop
 endfacet
 facet normal  6.904553e-01 -6.286801e-01  3.578167e-01
   outer loop
     vertex  2.522207e+01  1.954646e+01  2.438926e+01
     vertex  2.756741e+01  2.321617e+01  2.631124e+01
     vertex  2.465745e+01  1.944702e+01  2.530405e+01
   endloop
 endfacet
 facet normal  7.561543e-01 -6.143013e-01  2.255318e-01
   outer loop
     vertex  2.020919e+01  1.529293e+01  2.783835e+01
     vertex  2.322460e+01  1.913343e+01  2.818910e+01
     vertex  2.283733e+01  1.902454e+01  2.919093e+01
   endloop
 endfacet
 facet normal  7.686818e-01 -6.105222e-01  1.907639e-01
   outer loop
     vertex  2.020919e+01  1.529293e+01  2.783835e+01
     vertex  2.283733e+01  1.902454e+01  2.919093e+01
     vertex  1.982812e+01  1.516911e+01  2.897755e+01
   endloop
 endfacet
 facet normal  8.066644e-01 -5.909182e-01  1.040657e-02
   outer loop
     vertex  1.606623e+01  1.086006e+01  3.293745e+01
     vertex  1.883957e+01  1.465888e+01  3.367163e+01
     vertex  1.872895e+01  1.452894e+01  3.486712e+01
   endloop
 endfacet
 facet normal  8.066644e-01 -5.909182e-01  1.040657e-02
   outer loop
     vertex  1.606623e+01  1.086006e+01  3.293745e+01
     vertex  1.872895e+01  1.452894e+01  3.486712e+01
     vertex  1.594389e+01  1.071634e+01  3.425968e+01
   endloop
 endfacet
 facet normal  8.024144e-01 -5.949061e-01  4.709527e-02
   outer loop
     vertex  1.606623e+01  1.086006e+01  3.293745e+01
     vertex  1.900520e+01  1.478814e+01  3.248243e+01
     vertex  1.883957e+01  1.465888e+01  3.367163e+01
   endloop
 endfacet
 facet normal  8.024144e-01 -5.708943e-01 -1.738127e-01
   outer loop
     vertex  1.329289e+01  6.272094e+00  3.946340e+01
     vertex  1.606623e+01  1.013994e+01  3.956255e+01
     vertex  1.624942e+01  9.996976e+00  4.087782e+01
   endloop
 endfacet
 facet normal  8.024144e-01 -5.708943e-01 -1.738127e-01
   outer loop
     vertex  1.329289e+01  6.272094e+00  3.946340e+01
     vertex  1.624942e+01  9.996976e+00  4.087782e+01
     vertex  1.349364e+01  6.115428e+00  4.090473e+01
   endloop
 endfacet
 facet normal  7.561543e-01 -5.514991e-01 -3.522492e-01
   outer loop
     vertex  1.232477e+01  1.568545e+00  4.705272e+01
     vertex  1.495291e+01  5.503608e+00  4.653348e+01
     vertex  1.547796e+01  5.355973e+00  4.789172e+01
   endloop
 endfacet
 facet normal  7.561543e-01 -5.514991e-01 -3.522492e-01
   outer loop
     vertex  1.232477e+01  1.568545e+00  4.705272e+01
     vertex  1.547796e+01  5.355973e+00  4.789172e+01
     vertex  1.289574e+01  1.407997e+00  4.852976e+01
   endloop
 endfacet
 facet normal  7.597858e-01 -5.521187e-01 -3.433518e-01
   outer loop
     vertex  1.232477e+01  1.568545e+00  4.705272e+01
     vertex  1.164534e+01  0.000000e+00  4.807151e+01
     vertex  1.123720e+01  0.000000e+00  4.716837e+01
   endloop
 endfacet
 facet normal  7.538391e-01 -5.549867e-01 -3.517333e-01
   outer loop
     vertex  1.232477e+01  1.568545e+00  4.705272e+01
     vertex  1.289574e+01  1.407997e+00  4.852976e+01
     vertex  1.164534e+01  0.000000e+00  4.807151e+01
   endloop
 endfacet
 facet normal -3.164634e-01 -6.633545e-01  6.780942e-01
   outer loop
     vertex  4.779558e+01  4.183551e+01  3.342995e+01
     vertex  4.654334e+01  4.539877e+01  3.633134e+01
     vertex  4.750887e+01  4.184866e+01  3.330900e+01
   endloop
 endfacet
 facet normal -3.227169e-01 -6.632393e-01  6.752537e-01
   outer loop
     vertex  4.779558e+01  4.183551e+01  3.342995e+01
     vertex  4.664357e+01  4.539406e+01  3.637462e+01
     vertex  4.654334e+01  4.539877e+01  3.633134e+01
   endloop
 endfacet
 facet normal -3.428843e-01 -6.622756e-01  6.661992e-01
   outer loop
     vertex  4.779558e+01  4.183551e+01  3.342995e+01
     vertex  4.674256e+01  4.538907e+01  3.642060e+01
     vertex  4.664357e+01  4.539406e+01  3.637462e+01
   endloop
 endfacet
 facet normal -1.386340e-01 -6.691443e-01  7.300867e-01
   outer loop
     vertex  4.685614e+01  3.834929e+01  2.981986e+01
     vertex  4.631544e+01  4.188667e+01  3.295929e+01
     vertex  4.600858e+01  4.189243e+01  3.290630e+01
   endloop
 endfacet
 facet normal -1.386340e-01 -6.691443e-01  7.300867e-01
   outer loop
     vertex  4.685614e+01  3.834929e+01  2.981986e+01
     vertex  4.600858e+01  4.189243e+01  3.290630e+01
     vertex  4.642315e+01  3.835742e+01  2.974509e+01
   endloop
 endfacet
 facet normal  4.641452e-02 -6.702919e-01  7.406447e-01
   outer loop
     vertex  4.457442e+01  3.483644e+01  2.645474e+01
     vertex  4.467043e+01  3.836829e+01  2.964508e+01
     vertex  4.400785e+01  3.483293e+01  2.648707e+01
   endloop
 endfacet
 facet normal  2.290331e-01 -6.668641e-01  7.091094e-01
   outer loop
     vertex  4.104659e+01  3.124891e+01  2.377673e+01
     vertex  4.177428e+01  3.479100e+01  2.687277e+01
     vertex  4.122993e+01  3.477367e+01  2.703228e+01
   endloop
 endfacet
 facet normal  1.931686e-01 -6.679105e-01  7.187360e-01
   outer loop
     vertex  4.104659e+01  3.124891e+01  2.377673e+01
     vertex  4.232541e+01  3.480563e+01  2.673823e+01
     vertex  4.177428e+01  3.479100e+01  2.687277e+01
   endloop
 endfacet
 facet normal  2.290331e-01 -6.668641e-01  7.091094e-01
   outer loop
     vertex  4.104659e+01  3.124891e+01  2.377673e+01
     vertex  4.122993e+01  3.477367e+01  2.703228e+01
     vertex  4.037945e+01  3.122766e+01  2.397222e+01
   endloop
 endfacet
 facet normal  3.996607e-01 -6.590405e-01  6.371318e-01
   outer loop
     vertex  3.650047e+01  2.754279e+01  2.218970e+01
     vertex  3.782174e+01  3.111038e+01  2.505116e+01
     vertex  3.721676e+01  3.107330e+01  2.539230e+01
   endloop
 endfacet
 facet normal  3.996607e-01 -6.590405e-01  6.371318e-01
   outer loop
     vertex  3.650047e+01  2.754279e+01  2.218970e+01
     vertex  3.721676e+01  3.107330e+01  2.539230e+01
     vertex  3.578413e+01  2.749888e+01  2.259363e+01
   endloop
 endfacet
 facet normal  3.669362e-01 -6.609404e-01  6.546111e-01
   outer loop
     vertex  3.650047e+01  2.754279e+01  2.218970e+01
     vertex  3.844182e+01  3.114443e+01  2.473796e+01
     vertex  3.782174e+01  3.111038e+01  2.505116e+01
   endloop
 endfacet
 facet normal  5.493642e-01 -6.472305e-01  5.284804e-01
   outer loop
     vertex  3.128135e+01  2.368226e+01  2.202321e+01
     vertex  3.312703e+01  2.728927e+01  2.452209e+01
     vertex  3.252180e+01  2.722891e+01  2.507733e+01
   endloop
 endfacet
 facet normal  5.493642e-01 -6.472305e-01  5.284804e-01
   outer loop
     vertex  3.128135e+01  2.368226e+01  2.202321e+01
     vertex  3.252180e+01  2.722891e+01  2.507733e+01
     vertex  3.058204e+01  2.361253e+01  2.266475e+01
   endloop
 endfacet
 facet normal  6.487472e-01 -6.353217e-01  4.189193e-01
   outer loop
     vertex  2.582827e+01  1.964299e+01  2.350116e+01
     vertex  2.867159e+01  2.338360e+01  2.477086e+01
     vertex  2.810173e+01  2.330125e+01  2.552846e+01
   endloop
 endfacet
 facet normal  6.703061e-01 -6.320526e-01  3.888435e-01
   outer loop
     vertex  2.582827e+01  1.964299e+01  2.350116e+01
     vertex  2.810173e+01  2.330125e+01  2.552846e+01
     vertex  2.756741e+01  2.321617e+01  2.631124e+01
   endloop
 endfacet
 facet normal  6.703061e-01 -6.320526e-01  3.888435e-01
   outer loop
     vertex  2.582827e+01  1.964299e+01  2.350116e+01
     vertex  2.756741e+01  2.321617e+01  2.631124e+01
     vertex  2.522207e+01  1.954646e+01  2.438926e+01
   endloop
 endfacet
 facet normal  7.561543e-01 -6.143013e-01  2.255318e-01
   outer loop
     vertex  2.064239e+01  1.541474e+01  2.671771e+01
     vertex  2.322460e+01  1.913343e+01  2.818910e+01
     vertex  2.020919e+01  1.529293e+01  2.783835e+01
   endloop
 endfacet
 facet normal  8.024144e-01 -5.949061e-01  4.709527e-02
   outer loop
     vertex  1.624942e+01  1.100302e+01  3.162218e+01
     vertex  1.900520e+01  1.478814e+01  3.248243e+01
     vertex  1.606623e+01  1.086006e+01  3.293745e+01
   endloop
 endfacet
 facet normal  8.066644e-01 -5.748822e-01 -1.371240e-01
   outer loop
     vertex  1.315883e+01  6.429591e+00  3.801443e+01
     vertex  1.594389e+01  1.028366e+01  3.824032e+01
     vertex  1.606623e+01  1.013994e+01  3.956255e+01
   endloop
 endfacet
 facet normal  8.092180e-01 -5.788870e-01 -1.002802e-01
   outer loop
     vertex  1.315883e+01  6.429591e+00  3.801443e+01
     vertex  1.588266e+01  1.042784e+01  3.691391e+01
     vertex  1.594389e+01  1.028366e+01  3.824032e+01
   endloop
 endfacet
 facet normal  8.066644e-01 -5.748822e-01 -1.371240e-01
   outer loop
     vertex  1.315883e+01  6.429591e+00  3.801443e+01
     vertex  1.606623e+01  1.013994e+01  3.956255e+01
     vertex  1.329289e+01  6.272094e+00  3.946340e+01
   endloop
 endfacet
 facet normal  7.681785e-01 -5.560240e-01 -3.173941e-01
   outer loop
     vertex  1.182251e+01  1.731752e+00  4.555121e+01
     vertex  1.232477e+01  1.568545e+00  4.705272e+01
     vertex  1.123720e+01  0.000000e+00  4.716837e+01
   endloop
 endfacet
 facet normal  7.744644e-01 -5.560623e-01 -3.016613e-01
   outer loop
     vertex  1.182251e+01  1.731752e+00  4.555121e+01
     vertex  1.085308e+01  0.000000e+00  4.625456e+01
     vertex  1.049324e+01  0.000000e+00  4.533075e+01
   endloop
 endfacet
 facet normal  7.646379e-01 -5.585862e-01 -3.214192e-01
   outer loop
     vertex  1.182251e+01  1.731752e+00  4.555121e+01
     vertex  1.123720e+01  0.000000e+00  4.716837e+01
     vertex  1.085308e+01  0.000000e+00  4.625456e+01
   endloop
 endfacet
 facet normal  7.686818e-01 -5.552782e-01 -3.174813e-01
   outer loop
     vertex  1.182251e+01  1.731752e+00  4.555121e+01
     vertex  1.495291e+01  5.503608e+00  4.653348e+01
     vertex  1.232477e+01  1.568545e+00  4.705272e+01
   endloop
 endfacet
 facet normal  7.686818e-01 -5.552782e-01 -3.174813e-01
   outer loop
     vertex  1.182251e+01  1.731752e+00  4.555121e+01
     vertex  1.449105e+01  5.653688e+00  4.515274e+01
     vertex  1.495291e+01  5.503608e+00  4.653348e+01
   endloop
 endfacet
 facet normal -3.503244e-01 -6.616984e-01  6.628937e-01
   outer loop
     vertex  4.807641e+01  4.182096e+01  3.356384e+01
     vertex  4.674256e+01  4.538907e+01  3.642060e+01
     vertex  4.779558e+01  4.183551e+01  3.342995e+01
   endloop
 endfacet
 facet normal -3.627814e-01 -6.612915e-01  6.565692e-01
   outer loop
     vertex  4.807641e+01  4.182096e+01  3.356384e+01
     vertex  4.684026e+01  4.538378e+01  3.646926e+01
     vertex  4.674256e+01  4.538907e+01  3.642060e+01
   endloop
 endfacet
 facet normal -3.824967e-01 -6.600028e-01  6.466008e-01
   outer loop
     vertex  4.807641e+01  4.182096e+01  3.356384e+01
     vertex  4.693658e+01  4.537820e+01  3.652054e+01
     vertex  4.684026e+01  4.538378e+01  3.646926e+01
   endloop
 endfacet
 facet normal -1.750793e-01 -6.683668e-01  7.229337e-01
   outer loop
     vertex  4.728523e+01  3.833903e+01  2.991429e+01
     vertex  4.631544e+01  4.188667e+01  3.295929e+01
     vertex  4.685614e+01  3.834929e+01  2.981986e+01
   endloop
 endfacet
 facet normal -1.750793e-01 -6.683668e-01  7.229337e-01
   outer loop
     vertex  4.728523e+01  3.833903e+01  2.991429e+01
     vertex  4.661954e+01  4.187940e+01  3.302621e+01
     vertex  4.631544e+01  4.188667e+01  3.295929e+01
   endloop
 endfacet
 facet normal  9.287786e-03 -6.704299e-01  7.419147e-01
   outer loop
     vertex  4.514188e+01  3.483714e+01  2.644827e+01
     vertex  4.467043e+01  3.836829e+01  2.964508e+01
     vertex  4.457442e+01  3.483644e+01  2.645474e+01
   endloop
 endfacet
 facet normal  9.287786e-03 -6.704299e-01  7.419147e-01
   outer loop
     vertex  4.514188e+01  3.483714e+01  2.644827e+01
     vertex  4.510988e+01  3.836883e+01  2.964008e+01
     vertex  4.467043e+01  3.836829e+01  2.964508e+01
   endloop
 endfacet
 facet normal  1.931686e-01 -6.679105e-01  7.187360e-01
   outer loop
     vertex  4.172205e+01  3.126683e+01  2.361184e+01
     vertex  4.232541e+01  3.480563e+01  2.673823e+01
     vertex  4.104659e+01  3.124891e+01  2.377673e+01
   endloop
 endfacet
 facet normal  3.669362e-01 -6.609404e-01  6.546111e-01
   outer loop
     vertex  3.723468e+01  2.758310e+01  2.181884e+01
     vertex  3.844182e+01  3.114443e+01  2.473796e+01
     vertex  3.650047e+01  2.754279e+01  2.218970e+01
   endloop
 endfacet
 facet normal  4.925250e-01 -6.523976e-01  5.760178e-01
   outer loop
     vertex  3.200951e+01  2.374846e+01  2.141421e+01
     vertex  3.441107e+01  2.740066e+01  2.349724e+01
     vertex  3.375723e+01  2.734655e+01  2.399503e+01
   endloop
 endfacet
 facet normal  5.214929e-01 -6.498845e-01  5.528971e-01
   outer loop
     vertex  3.200951e+01  2.374846e+01  2.141421e+01
     vertex  3.312703e+01  2.728927e+01  2.452209e+01
     vertex  3.128135e+01  2.368226e+01  2.202321e+01
   endloop
 endfacet
 facet normal  5.214929e-01 -6.498845e-01  5.528971e-01
   outer loop
     vertex  3.200951e+01  2.374846e+01  2.141421e+01
     vertex  3.375723e+01  2.734655e+01  2.399503e+01
     vertex  3.312703e+01  2.728927e+01  2.452209e+01
   endloop
 endfacet
 facet normal  6.487472e-01 -6.353217e-01  4.189193e-01
   outer loop
     vertex  2.647479e+01  1.973642e+01  2.264163e+01
     vertex  2.867159e+01  2.338360e+01  2.477086e+01
     vertex  2.582827e+01  1.964299e+01  2.350116e+01
   endloop
 endfacet
 facet normal  7.420365e-01 -6.180144e-01  2.596921e-01
   outer loop
     vertex  2.112681e+01  1.553428e+01  2.561800e+01
     vertex  2.365767e+01  1.924029e+01  2.720597e+01
     vertex  2.322460e+01  1.913343e+01  2.818910e+01
   endloop
 endfacet
 facet normal  7.263582e-01 -6.216536e-01  2.931730e-01
   outer loop
     vertex  2.112681e+01  1.553428e+01  2.561800e+01
     vertex  2.413562e+01  1.934490e+01  2.624361e+01
     vertex  2.365767e+01  1.924029e+01  2.720597e+01
   endloop
 endfacet
 facet normal  7.420365e-01 -6.180144e-01  2.596921e-01
   outer loop
     vertex  2.112681e+01  1.553428e+01  2.561800e+01
     vertex  2.322460e+01  1.913343e+01  2.818910e+01
     vertex  2.064239e+01  1.541474e+01  2.671771e+01
   endloop
 endfacet
 facet normal  7.964769e-01 -5.988687e-01  8.355167e-02
   outer loop
     vertex  1.649307e+01  1.114493e+01  3.031665e+01
     vertex  1.922549e+01  1.491645e+01  3.130204e+01
     vertex  1.900520e+01  1.478814e+01  3.248243e+01
   endloop
 endfacet
 facet normal  7.888643e-01 -6.027978e-01  1.196991e-01
   outer loop
     vertex  1.649307e+01  1.114493e+01  3.031665e+01
     vertex  1.949999e+01  1.504352e+01  3.013292e+01
     vertex  1.922549e+01  1.491645e+01  3.130204e+01
   endloop
 endfacet
 facet normal  7.964769e-01 -5.988687e-01  8.355167e-02
   outer loop
     vertex  1.649307e+01  1.114493e+01  3.031665e+01
     vertex  1.900520e+01  1.478814e+01  3.248243e+01
     vertex  1.624942e+01  1.100302e+01  3.162218e+01
   endloop
 endfacet
 facet normal  8.092180e-01 -5.788870e-01 -1.002802e-01
   outer loop
     vertex  1.309172e+01  6.587586e+00  3.656088e+01
     vertex  1.588266e+01  1.042784e+01  3.691391e+01
     vertex  1.315883e+01  6.429591e+00  3.801443e+01
   endloop
 endfacet
 facet normal  7.795928e-01 -5.591154e-01 -2.821790e-01
   outer loop
     vertex  1.139002e+01  1.897277e+00  4.402839e+01
     vertex  1.409335e+01  5.805899e+00  4.375239e+01
     vertex  1.449105e+01  5.653688e+00  4.515274e+01
   endloop
 endfacet
 facet normal  7.780675e-01 -5.613327e-01 -2.819868e-01
   outer loop
     vertex  1.139002e+01  1.897277e+00  4.402839e+01
     vertex  1.182251e+01  1.731752e+00  4.555121e+01
     vertex  1.049324e+01  0.000000e+00  4.533075e+01
   endloop
 endfacet
 facet normal  7.795928e-01 -5.591154e-01 -2.821790e-01
   outer loop
     vertex  1.139002e+01  1.897277e+00  4.402839e+01
     vertex  1.449105e+01  5.653688e+00  4.515274e+01
     vertex  1.182251e+01  1.731752e+00  4.555121e+01
   endloop
 endfacet
 facet normal  7.862013e-01 -5.609871e-01 -2.591930e-01
   outer loop
     vertex  1.139002e+01  1.897277e+00  4.402839e+01
     vertex  1.015795e+01  0.000000e+00  4.439758e+01
     vertex  9.847442e+00  0.000000e+00  4.345572e+01
   endloop
 endfacet
 facet normal  7.793257e-01 -5.605739e-01 -2.800150e-01
   outer loop
     vertex  1.139002e+01  1.897277e+00  4.402839e+01
     vertex  1.049324e+01  0.000000e+00  4.533075e+01
     vertex  1.015795e+01  0.000000e+00  4.439758e+01
   endloop
 endfacet
 facet normal -3.834345e-01 -6.599155e-01  6.461343e-01
   outer loop
     vertex  4.835078e+01  4.180503e+01  3.371038e+01
     vertex  4.693658e+01  4.537820e+01  3.652054e+01
     vertex  4.807641e+01  4.182096e+01  3.356384e+01
   endloop
 endfacet
 facet normal -4.017834e-01 -6.590438e-01  6.357919e-01
   outer loop
     vertex  4.835078e+01  4.180503e+01  3.371038e+01
     vertex  4.703146e+01  4.537234e+01  3.657443e+01
     vertex  4.693658e+01  4.537820e+01  3.652054e+01
   endloop
 endfacet
 facet normal -2.467893e-01 -6.662746e-01  7.036855e-01
   outer loop
     vertex  4.770952e+01  3.832665e+01  3.002817e+01
     vertex  4.721688e+01  4.186037e+01  3.320125e+01
     vertex  4.692022e+01  4.187062e+01  3.310692e+01
   endloop
 endfacet
 facet normal -2.111564e-01 -6.674095e-01  7.141271e-01
   outer loop
     vertex  4.770952e+01  3.832665e+01  3.002817e+01
     vertex  4.692022e+01  4.187062e+01  3.310692e+01
     vertex  4.661954e+01  4.187940e+01  3.302621e+01
   endloop
 endfacet
 facet normal -2.111564e-01 -6.674095e-01  7.141271e-01
   outer loop
     vertex  4.770952e+01  3.832665e+01  3.002817e+01
     vertex  4.661954e+01  4.187940e+01  3.302621e+01
     vertex  4.728523e+01  3.833903e+01  2.991429e+01
   endloop
 endfacet
 facet normal -6.494615e-02 -6.701539e-01  7.393753e-01
   outer loop
     vertex  4.570905e+01  3.483504e+01  2.646767e+01
     vertex  4.598716e+01  3.836339e+01  2.969013e+01
     vertex  4.554910e+01  3.836720e+01  2.965510e+01
   endloop
 endfacet
 facet normal -2.785848e-02 -6.703839e-01  7.414913e-01
   outer loop
     vertex  4.570905e+01  3.483504e+01  2.646767e+01
     vertex  4.510988e+01  3.836883e+01  2.964008e+01
     vertex  4.514188e+01  3.483714e+01  2.644827e+01
   endloop
 endfacet
 facet normal -2.785848e-02 -6.703839e-01  7.414913e-01
   outer loop
     vertex  4.570905e+01  3.483504e+01  2.646767e+01
     vertex  4.554910e+01  3.836720e+01  2.965510e+01
     vertex  4.510988e+01  3.836883e+01  2.964008e+01
   endloop
 endfacet
 facet normal  1.202973e-01 -6.694651e-01  7.330382e-01
   outer loop
     vertex  4.240440e+01  3.128139e+01  2.347792e+01
     vertex  4.344337e+01  3.482661e+01  2.654518e+01
     vertex  4.288216e+01  3.481750e+01  2.662896e+01
   endloop
 endfacet
 facet normal  1.568979e-01 -6.687781e-01  7.267179e-01
   outer loop
     vertex  4.240440e+01  3.128139e+01  2.347792e+01
     vertex  4.288216e+01  3.481750e+01  2.662896e+01
     vertex  4.232541e+01  3.480563e+01  2.673823e+01
   endloop
 endfacet
 facet normal  1.568979e-01 -6.687781e-01  7.267179e-01
   outer loop
     vertex  4.240440e+01  3.128139e+01  2.347792e+01
     vertex  4.232541e+01  3.480563e+01  2.673823e+01
     vertex  4.172205e+01  3.126683e+01  2.361184e+01
   endloop
 endfacet
 facet normal  3.334400e-01 -6.626762e-01  6.705804e-01
   outer loop
     vertex  3.798523e+01  2.761973e+01  2.148184e+01
     vertex  3.907569e+01  3.117536e+01  2.445334e+01
     vertex  3.844182e+01  3.114443e+01  2.473796e+01
   endloop
 endfacet
 facet normal  3.334400e-01 -6.626762e-01  6.705804e-01
   outer loop
     vertex  3.798523e+01  2.761973e+01  2.148184e+01
     vertex  3.844182e+01  3.114443e+01  2.473796e+01
     vertex  3.723468e+01  2.758310e+01  2.181884e+01
   endloop
 endfacet
 facet normal  2.992426e-01 -6.642442e-01  6.850062e-01
   outer loop
     vertex  3.798523e+01  2.761973e+01  2.148184e+01
     vertex  3.972202e+01  3.120312e+01  2.419792e+01
     vertex  3.907569e+01  3.117536e+01  2.445334e+01
   endloop
 endfacet
 facet normal  4.925250e-01 -6.523976e-01  5.760178e-01
   outer loop
     vertex  3.276499e+01  2.381097e+01  2.083904e+01
     vertex  3.441107e+01  2.740066e+01  2.349724e+01
     vertex  3.200951e+01  2.374846e+01  2.141421e+01
   endloop
 endfacet
 facet normal  6.258240e-01 -6.384806e-01  4.479809e-01
   outer loop
     vertex  2.716028e+01  1.982654e+01  2.181248e+01
     vertex  2.867159e+01  2.338360e+01  2.477086e+01
     vertex  2.647479e+01  1.973642e+01  2.264163e+01
   endloop
 endfacet
 facet normal  6.015847e-01 -6.415226e-01  4.759671e-01
   outer loop
     vertex  2.716028e+01  1.982654e+01  2.181248e+01
     vertex  2.991305e+01  2.353940e+01  2.333750e+01
     vertex  2.927578e+01  2.346304e+01  2.404002e+01
   endloop
 endfacet
 facet normal  6.258240e-01 -6.384806e-01  4.479809e-01
   outer loop
     vertex  2.716028e+01  1.982654e+01  2.181248e+01
     vertex  2.927578e+01  2.346304e+01  2.404002e+01
     vertex  2.867159e+01  2.338360e+01  2.477086e+01
   endloop
 endfacet
 facet normal  7.263582e-01 -6.216536e-01  2.931730e-01
   outer loop
     vertex  2.166144e+01  1.565128e+01  2.454152e+01
     vertex  2.413562e+01  1.934490e+01  2.624361e+01
     vertex  2.112681e+01  1.553428e+01  2.561800e+01
   endloop
 endfacet
 facet normal  7.888643e-01 -6.027978e-01  1.196991e-01
   outer loop
     vertex  1.679667e+01  1.128548e+01  2.902360e+01
     vertex  1.949999e+01  1.504352e+01  3.013292e+01
     vertex  1.649307e+01  1.114493e+01  3.031665e+01
   endloop
 endfacet
 facet normal  8.100698e-01 -5.829002e-01 -6.335872e-02
   outer loop
     vertex  1.309172e+01  6.745747e+00  3.510579e+01
     vertex  1.588266e+01  1.057216e+01  3.558609e+01
     vertex  1.588266e+01  1.042784e+01  3.691391e+01
   endloop
 endfacet
 facet normal  8.092180e-01 -5.869134e-01 -2.643725e-02
   outer loop
     vertex  1.309172e+01  6.745747e+00  3.510579e+01
     vertex  1.594389e+01  1.071634e+01  3.425968e+01
     vertex  1.588266e+01  1.057216e+01  3.558609e+01
   endloop
 endfacet
 facet normal  8.100698e-01 -5.829002e-01 -6.335872e-02
   outer loop
     vertex  1.309172e+01  6.745747e+00  3.510579e+01
     vertex  1.588266e+01  1.042784e+01  3.691391e+01
     vertex  1.309172e+01  6.587586e+00  3.656088e+01
   endloop
 endfacet
 facet normal  7.888643e-01 -5.630026e-01 -2.464166e-01
   outer loop
     vertex  1.102822e+01  2.064770e+00  4.248745e+01
     vertex  1.376065e+01  5.959920e+00  4.233540e+01
     vertex  1.409335e+01  5.805899e+00  4.375239e+01
   endloop
 endfacet
 facet normal  7.909504e-01 -5.638069e-01 -2.377378e-01
   outer loop
     vertex  1.102822e+01  2.064770e+00  4.248745e+01
     vertex  9.847442e+00  0.000000e+00  4.345572e+01
     vertex  9.561934e+00  0.000000e+00  4.250584e+01
   endloop
 endfacet
 facet normal  7.870599e-01 -5.655848e-01 -2.462735e-01
   outer loop
     vertex  1.102822e+01  2.064770e+00  4.248745e+01
     vertex  1.139002e+01  1.897277e+00  4.402839e+01
     vertex  9.847442e+00  0.000000e+00  4.345572e+01
   endloop
 endfacet
 facet normal  7.888643e-01 -5.630026e-01 -2.464166e-01
   outer loop
     vertex  1.102822e+01  2.064770e+00  4.248745e+01
     vertex  1.409335e+01  5.805899e+00  4.375239e+01
     vertex  1.139002e+01  1.897277e+00  4.402839e+01
   endloop
 endfacet
 facet normal -4.208839e-01 -6.577301e-01  6.246983e-01
   outer loop
     vertex  4.861809e+01  4.178776e+01  3.386928e+01
     vertex  4.712482e+01  4.536621e+01  3.663087e+01
     vertex  4.703146e+01  4.537234e+01  3.657443e+01
   endloop
 endfacet
 facet normal -4.396138e-01 -6.565025e-01  6.129798e-01
   outer loop
     vertex  4.861809e+01  4.178776e+01  3.386928e+01
     vertex  4.721660e+01  4.535980e+01  3.668983e+01
     vertex  4.712482e+01  4.536621e+01  3.663087e+01
   endloop
 endfacet
 facet normal -4.157619e-01 -6.579056e-01  6.279350e-01
   outer loop
     vertex  4.861809e+01  4.178776e+01  3.386928e+01
     vertex  4.703146e+01  4.537234e+01  3.657443e+01
     vertex  4.835078e+01  4.180503e+01  3.371038e+01
   endloop
 endfacet
 facet normal -2.467893e-01 -6.662746e-01  7.036855e-01
   outer loop
     vertex  4.812811e+01  3.831218e+01  3.016127e+01
     vertex  4.721688e+01  4.186037e+01  3.320125e+01
     vertex  4.770952e+01  3.832665e+01  3.002817e+01
   endloop
 endfacet
 facet normal -6.494615e-02 -6.701539e-01  7.393753e-01
   outer loop
     vertex  4.627472e+01  3.483012e+01  2.651291e+01
     vertex  4.598716e+01  3.836339e+01  2.969013e+01
     vertex  4.570905e+01  3.483504e+01  2.646767e+01
   endloop
 endfacet
 facet normal  1.202973e-01 -6.694651e-01  7.330382e-01
   outer loop
     vertex  4.309221e+01  3.129255e+01  2.337524e+01
     vertex  4.344337e+01  3.482661e+01  2.654518e+01
     vertex  4.240440e+01  3.128139e+01  2.347792e+01
   endloop
 endfacet
 facet normal  2.992426e-01 -6.642442e-01  6.850062e-01
   outer loop
     vertex  3.875052e+01  2.765260e+01  2.117940e+01
     vertex  3.972202e+01  3.120312e+01  2.419792e+01
     vertex  3.798523e+01  2.761973e+01  2.148184e+01
   endloop
 endfacet
 facet normal  4.625212e-01 -6.547646e-01  5.977938e-01
   outer loop
     vertex  3.354621e+01  2.386968e+01  2.029891e+01
     vertex  3.508718e+01  2.745147e+01  2.302978e+01
     vertex  3.441107e+01  2.740066e+01  2.349724e+01
   endloop
 endfacet
 facet normal  4.315447e-01 -6.569804e-01  6.181795e-01
   outer loop
     vertex  3.354621e+01  2.386968e+01  2.029891e+01
     vertex  3.578413e+01  2.749888e+01  2.259363e+01
     vertex  3.508718e+01  2.745147e+01  2.302978e+01
   endloop
 endfacet
 facet normal  4.625212e-01 -6.547646e-01  5.977938e-01
   outer loop
     vertex  3.354621e+01  2.386968e+01  2.029891e+01
     vertex  3.441107e+01  2.740066e+01  2.349724e+01
     vertex  3.276499e+01  2.381097e+01  2.083904e+01
   endloop
 endfacet
 facet normal  5.760802e-01 -6.444413e-01  5.028191e-01
   outer loop
     vertex  2.788327e+01  1.991318e+01  2.101543e+01
     vertex  3.058204e+01  2.361253e+01  2.266475e+01
     vertex  2.991305e+01  2.353940e+01  2.333750e+01
   endloop
 endfacet
 facet normal  6.015847e-01 -6.415226e-01  4.759671e-01
   outer loop
     vertex  2.788327e+01  1.991318e+01  2.101543e+01
     vertex  2.991305e+01  2.353940e+01  2.333750e+01
     vertex  2.716028e+01  1.982654e+01  2.181248e+01
   endloop
 endfacet
 facet normal  7.091524e-01 -6.252114e-01  3.259042e-01
   outer loop
     vertex  2.224515e+01  1.576552e+01  2.349054e+01
     vertex  2.413562e+01  1.934490e+01  2.624361e+01
     vertex  2.166144e+01  1.565128e+01  2.454152e+01
   endloop
 endfacet
 facet normal  7.091524e-01 -6.252114e-01  3.259042e-01
   outer loop
     vertex  2.224515e+01  1.576552e+01  2.349054e+01
     vertex  2.465745e+01  1.944702e+01  2.530405e+01
     vertex  2.413562e+01  1.934490e+01  2.624361e+01
   endloop
 endfacet
 facet normal  6.904553e-01 -6.286801e-01  3.578167e-01
   outer loop
     vertex  2.224515e+01  1.576552e+01  2.349054e+01
     vertex  2.522207e+01  1.954646e+01  2.438926e+01
     vertex  2.465745e+01  1.944702e+01  2.530405e+01
   endloop
 endfacet
 facet normal  7.795928e-01 -6.066850e-01  1.554616e-01
   outer loop
     vertex  1.715958e+01  1.142438e+01  2.774574e+01
     vertex  1.982812e+01  1.516911e+01  2.897755e+01
     vertex  1.949999e+01  1.504352e+01  3.013292e+01
   endloop
 endfacet
 facet normal  7.795928e-01 -6.066850e-01  1.554616e-01
   outer loop
     vertex  1.715958e+01  1.142438e+01  2.774574e+01
     vertex  1.949999e+01  1.504352e+01  3.013292e+01
     vertex  1.679667e+01  1.128548e+01  2.902360e+01
   endloop
 endfacet
 facet normal  7.686818e-01 -6.105222e-01  1.907639e-01
   outer loop
     vertex  1.715958e+01  1.142438e+01  2.774574e+01
     vertex  2.020919e+01  1.529293e+01  2.783835e+01
     vertex  1.982812e+01  1.516911e+01  2.897755e+01
   endloop
 endfacet
 facet normal  8.092180e-01 -5.869134e-01 -2.643725e-02
   outer loop
     vertex  1.315883e+01  6.903742e+00  3.365224e+01
     vertex  1.594389e+01  1.071634e+01  3.425968e+01
     vertex  1.309172e+01  6.745747e+00  3.510579e+01
   endloop
 endfacet
 facet normal  7.964769e-01 -5.669317e-01 -2.102691e-01
   outer loop
     vertex  1.073786e+01  2.233879e+00  4.093165e+01
     vertex  1.376065e+01  5.959920e+00  4.233540e+01
     vertex  1.102822e+01  2.064770e+00  4.248745e+01
   endloop
 endfacet
 facet normal  7.962158e-01 -5.673014e-01 -2.102606e-01
   outer loop
     vertex  1.073786e+01  2.233879e+00  4.093165e+01
     vertex  1.102822e+01  2.064770e+00  4.248745e+01
     vertex  9.561934e+00  0.000000e+00  4.250584e+01
   endloop
 endfacet
 facet normal  8.024144e-01 -5.708943e-01 -1.738127e-01
   outer loop
     vertex  1.073786e+01  2.233879e+00  4.093165e+01
     vertex  1.329289e+01  6.272094e+00  3.946340e+01
     vertex  1.349364e+01  6.115428e+00  4.090473e+01
   endloop
 endfacet
 facet normal  7.964769e-01 -5.669317e-01 -2.102691e-01
   outer loop
     vertex  1.073786e+01  2.233879e+00  4.093165e+01
     vertex  1.349364e+01  6.115428e+00  4.090473e+01
     vertex  1.376065e+01  5.959920e+00  4.233540e+01
   endloop
 endfacet
 facet normal  7.996577e-01 -5.679497e-01 -1.948863e-01
   outer loop
     vertex  1.073786e+01  2.233879e+00  4.093165e+01
     vertex  9.301632e+00  0.000000e+00  4.154861e+01
     vertex  9.066721e+00  0.000000e+00  4.058472e+01
   endloop
 endfacet
 facet normal  7.931706e-01 -5.695246e-01 -2.156902e-01
   outer loop
     vertex  1.073786e+01  2.233879e+00  4.093165e+01
     vertex  9.561934e+00  0.000000e+00  4.250584e+01
     vertex  9.301632e+00  0.000000e+00  4.154861e+01
   endloop
 endfacet
 facet normal -4.472077e-01 -6.557587e-01  6.082646e-01
   outer loop
     vertex  4.887780e+01  4.176918e+01  3.404020e+01
     vertex  4.721660e+01  4.535980e+01  3.668983e+01
     vertex  4.861809e+01  4.178776e+01  3.386928e+01
   endloop
 endfacet
 facet normal -4.580145e-01 -6.552193e-01  6.007582e-01
   outer loop
     vertex  4.887780e+01  4.176918e+01  3.404020e+01
     vertex  4.730672e+01  4.535312e+01  3.675126e+01
     vertex  4.721660e+01  4.535980e+01  3.668983e+01
   endloop
 endfacet
 facet normal -4.761670e-01 -6.536743e-01  5.881963e-01
   outer loop
     vertex  4.887780e+01  4.176918e+01  3.404020e+01
     vertex  4.739512e+01  4.534618e+01  3.681511e+01
     vertex  4.730672e+01  4.535312e+01  3.675126e+01
   endloop
 endfacet
 facet normal -2.819033e-01 -6.649643e-01  6.916307e-01
   outer loop
     vertex  4.854012e+01  3.829565e+01  3.031332e+01
     vertex  4.750887e+01  4.184866e+01  3.330900e+01
     vertex  4.721688e+01  4.186037e+01  3.320125e+01
   endloop
 endfacet
 facet normal -2.819033e-01 -6.649643e-01  6.916307e-01
   outer loop
     vertex  4.854012e+01  3.829565e+01  3.031332e+01
     vertex  4.721688e+01  4.186037e+01  3.320125e+01
     vertex  4.812811e+01  3.831218e+01  3.016127e+01
   endloop
 endfacet
 facet normal -1.018972e-01 -6.697404e-01  7.355710e-01
   outer loop
     vertex  4.683772e+01  3.482241e+01  2.658387e+01
     vertex  4.598716e+01  3.836339e+01  2.969013e+01
     vertex  4.627472e+01  3.483012e+01  2.651291e+01
   endloop
 endfacet
 facet normal -1.018972e-01 -6.697404e-01  7.355710e-01
   outer loop
     vertex  4.683772e+01  3.482241e+01  2.658387e+01
     vertex  4.642315e+01  3.835742e+01  2.974509e+01
     vertex  4.598716e+01  3.836339e+01  2.969013e+01
   endloop
 endfacet
 facet normal  8.344364e-02 -6.699700e-01  7.376838e-01
   outer loop
     vertex  4.378403e+01  3.130029e+01  2.330401e+01
     vertex  4.400785e+01  3.483293e+01  2.648707e+01
     vertex  4.344337e+01  3.482661e+01  2.654518e+01
   endloop
 endfacet
 facet normal  8.344364e-02 -6.699700e-01  7.376838e-01
   outer loop
     vertex  4.378403e+01  3.130029e+01  2.330401e+01
     vertex  4.344337e+01  3.482661e+01  2.654518e+01
     vertex  4.309221e+01  3.129255e+01  2.337524e+01
   endloop
 endfacet
 facet normal  2.644159e-01 -6.656412e-01  6.978582e-01
   outer loop
     vertex  3.952896e+01  2.768165e+01  2.091216e+01
     vertex  3.972202e+01  3.120312e+01  2.419792e+01
     vertex  3.875052e+01  2.765260e+01  2.117940e+01
   endloop
 endfacet
 facet normal  2.644159e-01 -6.656412e-01  6.978582e-01
   outer loop
     vertex  3.952896e+01  2.768165e+01  2.091216e+01
     vertex  4.037945e+01  3.122766e+01  2.397222e+01
     vertex  3.972202e+01  3.120312e+01  2.419792e+01
   endloop
 endfacet
 facet normal  4.315447e-01 -6.569804e-01  6.181795e-01
   outer loop
     vertex  3.435151e+01  2.392446e+01  1.979496e+01
     vertex  3.578413e+01  2.749888e+01  2.259363e+01
     vertex  3.354621e+01  2.386968e+01  2.029891e+01
   endloop
 endfacet
 facet normal  5.760802e-01 -6.444413e-01  5.028191e-01
   outer loop
     vertex  2.864227e+01  1.999614e+01  2.025218e+01
     vertex  3.058204e+01  2.361253e+01  2.266475e+01
     vertex  2.788327e+01  1.991318e+01  2.101543e+01
   endloop
 endfacet
 facet normal  6.904553e-01 -6.286801e-01  3.578167e-01
   outer loop
     vertex  2.287672e+01  1.587675e+01  2.246728e+01
     vertex  2.522207e+01  1.954646e+01  2.438926e+01
     vertex  2.224515e+01  1.576552e+01  2.349054e+01
   endloop
 endfacet
 facet normal  7.561543e-01 -6.143013e-01  2.255318e-01
   outer loop
     vertex  1.758105e+01  1.156133e+01  2.648577e+01
     vertex  2.064239e+01  1.541474e+01  2.671771e+01
     vertex  2.020919e+01  1.529293e+01  2.783835e+01
   endloop
 endfacet
 facet normal  7.686818e-01 -6.105222e-01  1.907639e-01
   outer loop
     vertex  1.758105e+01  1.156133e+01  2.648577e+01
     vertex  2.020919e+01  1.529293e+01  2.783835e+01
     vertex  1.715958e+01  1.142438e+01  2.774574e+01
   endloop
 endfacet
 facet normal  8.066644e-01 -5.909182e-01  1.040657e-02
   outer loop
     vertex  1.329289e+01  7.061239e+00  3.220327e+01
     vertex  1.606623e+01  1.086006e+01  3.293745e+01
     vertex  1.594389e+01  1.071634e+01  3.425968e+01
   endloop
 endfacet
 facet normal  8.066644e-01 -5.909182e-01  1.040657e-02
   outer loop
     vertex  1.329289e+01  7.061239e+00  3.220327e+01
     vertex  1.594389e+01  1.071634e+01  3.425968e+01
     vertex  1.315883e+01  6.903742e+00  3.365224e+01
   endloop
 endfacet
 facet normal  8.024144e-01 -5.949061e-01  4.709527e-02
   outer loop
     vertex  1.329289e+01  7.061239e+00  3.220327e+01
     vertex  1.624942e+01  1.100302e+01  3.162218e+01
     vertex  1.606623e+01  1.086006e+01  3.293745e+01
   endloop
 endfacet
 facet normal  8.013020e-01 -5.724503e-01 -1.738269e-01
   outer loop
     vertex  1.051956e+01  2.404249e+00  3.936424e+01
     vertex  1.073786e+01  2.233879e+00  4.093165e+01
     vertex  9.066721e+00  0.000000e+00  4.058472e+01
   endloop
 endfacet
 facet normal  8.055700e-01 -5.727488e-01 -1.517095e-01
   outer loop
     vertex  1.051956e+01  2.404249e+00  3.936424e+01
     vertex  8.857367e+00  0.000000e+00  3.961486e+01
     vertex  8.673720e+00  0.000000e+00  3.863970e+01
   endloop
 endfacet
 facet normal  8.016216e-01 -5.722422e-01 -1.730365e-01
   outer loop
     vertex  1.051956e+01  2.404249e+00  3.936424e+01
     vertex  9.066721e+00  0.000000e+00  4.058472e+01
     vertex  8.857367e+00  0.000000e+00  3.961486e+01
   endloop
 endfacet
 facet normal  8.024144e-01 -5.708943e-01 -1.738127e-01
   outer loop
     vertex  1.051956e+01  2.404249e+00  3.936424e+01
     vertex  1.329289e+01  6.272094e+00  3.946340e+01
     vertex  1.073786e+01  2.233879e+00  4.093165e+01
   endloop
 endfacet
 facet normal -4.938040e-01 -6.524264e-01  5.748891e-01
   outer loop
     vertex  4.912935e+01  4.174934e+01  3.422277e+01
     vertex  4.748174e+01  4.533899e+01  3.688133e+01
     vertex  4.739512e+01  4.534618e+01  3.681511e+01
   endloop
 endfacet
 facet normal -4.776953e-01 -6.534979e-01  5.871522e-01
   outer loop
     vertex  4.912935e+01  4.174934e+01  3.422277e+01
     vertex  4.739512e+01  4.534618e+01  3.681511e+01
     vertex  4.887780e+01  4.176918e+01  3.404020e+01
   endloop
 endfacet
 facet normal -3.502802e-01 -6.618290e-01  6.627866e-01
   outer loop
     vertex  4.894468e+01  3.827710e+01  3.048398e+01
     vertex  4.807641e+01  4.182096e+01  3.356384e+01
     vertex  4.779558e+01  4.183551e+01  3.342995e+01
   endloop
 endfacet
 facet normal -3.164245e-01 -6.634814e-01  6.779882e-01
   outer loop
     vertex  4.894468e+01  3.827710e+01  3.048398e+01
     vertex  4.750887e+01  4.184866e+01  3.330900e+01
     vertex  4.854012e+01  3.829565e+01  3.031332e+01
   endloop
 endfacet
 facet normal -3.164245e-01 -6.634814e-01  6.779882e-01
   outer loop
     vertex  4.894468e+01  3.827710e+01  3.048398e+01
     vertex  4.779558e+01  4.183551e+01  3.342995e+01
     vertex  4.750887e+01  4.184866e+01  3.330900e+01
   endloop
 endfacet
 facet normal -1.386340e-01 -6.691443e-01  7.300867e-01
   outer loop
     vertex  4.739685e+01  3.481191e+01  2.668042e+01
     vertex  4.642315e+01  3.835742e+01  2.974509e+01
     vertex  4.683772e+01  3.482241e+01  2.658387e+01
   endloop
 endfacet
 facet normal -1.386340e-01 -6.691443e-01  7.300867e-01
   outer loop
     vertex  4.739685e+01  3.481191e+01  2.668042e+01
     vertex  4.685614e+01  3.834929e+01  2.981986e+01
     vertex  4.642315e+01  3.835742e+01  2.974509e+01
   endloop
 endfacet
 facet normal -1.750793e-01 -6.683668e-01  7.229337e-01
   outer loop
     vertex  4.739685e+01  3.481191e+01  2.668042e+01
     vertex  4.728523e+01  3.833903e+01  2.991429e+01
     vertex  4.685614e+01  3.834929e+01  2.981986e+01
   endloop
 endfacet
 facet normal  4.641452e-02 -6.702919e-01  7.406447e-01
   outer loop
     vertex  4.447842e+01  3.130459e+01  2.326439e+01
     vertex  4.457442e+01  3.483644e+01  2.645474e+01
     vertex  4.400785e+01  3.483293e+01  2.648707e+01
   endloop
 endfacet
 facet normal  4.641452e-02 -6.702919e-01  7.406447e-01
   outer loop
     vertex  4.447842e+01  3.130459e+01  2.326439e+01
     vertex  4.400785e+01  3.483293e+01  2.648707e+01
     vertex  4.378403e+01  3.130029e+01  2.330401e+01
   endloop
 endfacet
 facet normal  1.931686e-01 -6.679105e-01  7.187360e-01
   outer loop
     vertex  4.031890e+01  2.770681e+01  2.068068e+01
     vertex  4.172205e+01  3.126683e+01  2.361184e+01
     vertex  4.104659e+01  3.124891e+01  2.377673e+01
   endloop
 endfacet
 facet normal  2.290331e-01 -6.668641e-01  7.091094e-01
   outer loop
     vertex  4.031890e+01  2.770681e+01  2.068068e+01
     vertex  4.037945e+01  3.122766e+01  2.397222e+01
     vertex  3.952896e+01  2.768165e+01  2.091216e+01
   endloop
 endfacet
 facet normal  2.290331e-01 -6.668641e-01  7.091094e-01
   outer loop
     vertex  4.031890e+01  2.770681e+01  2.068068e+01
     vertex  4.104659e+01  3.124891e+01  2.377673e+01
     vertex  4.037945e+01  3.122766e+01  2.397222e+01
   endloop
 endfacet
 facet normal  3.996607e-01 -6.590405e-01  6.371318e-01
   outer loop
     vertex  3.517920e+01  2.397519e+01  1.932824e+01
     vertex  3.578413e+01  2.749888e+01  2.259363e+01
     vertex  3.435151e+01  2.392446e+01  1.979496e+01
   endloop
 endfacet
 facet normal  3.669362e-01 -6.609404e-01  6.546111e-01
   outer loop
     vertex  3.517920e+01  2.397519e+01  1.932824e+01
     vertex  3.723468e+01  2.758310e+01  2.181884e+01
     vertex  3.650047e+01  2.754279e+01  2.218970e+01
   endloop
 endfacet
 facet normal  3.996607e-01 -6.590405e-01  6.371318e-01
   outer loop
     vertex  3.517920e+01  2.397519e+01  1.932824e+01
     vertex  3.650047e+01  2.754279e+01  2.218970e+01
     vertex  3.578413e+01  2.749888e+01  2.259363e+01
   endloop
 endfacet
 facet normal  5.493642e-01 -6.472305e-01  5.284804e-01
   outer loop
     vertex  2.943567e+01  2.007525e+01  1.952432e+01
     vertex  3.128135e+01  2.368226e+01  2.202321e+01
     vertex  3.058204e+01  2.361253e+01  2.266475e+01
   endloop
 endfacet
 facet normal  5.214929e-01 -6.498845e-01  5.528971e-01
   outer loop
     vertex  2.943567e+01  2.007525e+01  1.952432e+01
     vertex  3.200951e+01  2.374846e+01  2.141421e+01
     vertex  3.128135e+01  2.368226e+01  2.202321e+01
   endloop
 endfacet
 facet normal  5.493642e-01 -6.472305e-01  5.284804e-01
   outer loop
     vertex  2.943567e+01  2.007525e+01  1.952432e+01
     vertex  3.058204e+01  2.361253e+01  2.266475e+01
     vertex  2.864227e+01  1.999614e+01  2.025218e+01
   endloop
 endfacet
 facet normal  6.703061e-01 -6.320526e-01  3.888435e-01
   outer loop
     vertex  2.355481e+01  1.598472e+01  2.147387e+01
     vertex  2.582827e+01  1.964299e+01  2.350116e+01
     vertex  2.522207e+01  1.954646e+01  2.438926e+01
   endloop
 endfacet
 facet normal  6.487472e-01 -6.353217e-01  4.189193e-01
   outer loop
     vertex  2.355481e+01  1.598472e+01  2.147387e+01
     vertex  2.647479e+01  1.973642e+01  2.264163e+01
     vertex  2.582827e+01  1.964299e+01  2.350116e+01
   endloop
 endfacet
 facet normal  6.703061e-01 -6.320526e-01  3.888435e-01
   outer loop
     vertex  2.355481e+01  1.598472e+01  2.147387e+01
     vertex  2.522207e+01  1.954646e+01  2.438926e+01
     vertex  2.287672e+01  1.587675e+01  2.246728e+01
   endloop
 endfacet
 facet normal  7.561543e-01 -6.143013e-01  2.255318e-01
   outer loop
     vertex  1.806017e+01  1.169605e+01  2.524633e+01
     vertex  2.064239e+01  1.541474e+01  2.671771e+01
     vertex  1.758105e+01  1.156133e+01  2.648577e+01
   endloop
 endfacet
 facet normal  8.024144e-01 -5.949061e-01  4.709527e-02
   outer loop
     vertex  1.349364e+01  7.217906e+00  3.076193e+01
     vertex  1.624942e+01  1.100302e+01  3.162218e+01
     vertex  1.329289e+01  7.061239e+00  3.220327e+01
   endloop
 endfacet
 facet normal  8.092180e-01 -5.788870e-01 -1.002802e-01
   outer loop
     vertex  1.037376e+01  2.575521e+00  3.778854e+01
     vertex  1.309172e+01  6.587586e+00  3.656088e+01
     vertex  1.315883e+01  6.429591e+00  3.801443e+01
   endloop
 endfacet
 facet normal  8.071991e-01 -5.757823e-01 -1.300165e-01
   outer loop
     vertex  1.037376e+01  2.575521e+00  3.778854e+01
     vertex  8.673720e+00  0.000000e+00  3.863970e+01
     vertex  8.515911e+00  0.000000e+00  3.765995e+01
   endloop
 endfacet
 facet normal  8.052354e-01 -5.768624e-01 -1.372070e-01
   outer loop
     vertex  1.037376e+01  2.575521e+00  3.778854e+01
     vertex  1.051956e+01  2.404249e+00  3.936424e+01
     vertex  8.673720e+00  0.000000e+00  3.863970e+01
   endloop
 endfacet
 facet normal  8.066644e-01 -5.748822e-01 -1.371240e-01
   outer loop
     vertex  1.037376e+01  2.575521e+00  3.778854e+01
     vertex  1.315883e+01  6.429591e+00  3.801443e+01
     vertex  1.329289e+01  6.272094e+00  3.946340e+01
   endloop
 endfacet
 facet normal  8.066644e-01 -5.748822e-01 -1.371240e-01
   outer loop
     vertex  1.037376e+01  2.575521e+00  3.778854e+01
     vertex  1.329289e+01  6.272094e+00  3.946340e+01
     vertex  1.051956e+01  2.404249e+00  3.936424e+01
   endloop
 endfacet
 facet normal -5.112134e-01 -6.508267e-01  5.613248e-01
   outer loop
     vertex  4.937222e+01  4.172827e+01  3.441661e+01
     vertex  4.756650e+01  4.533153e+01  3.694989e+01
     vertex  4.748174e+01  4.533899e+01  3.688133e+01
   endloop
 endfacet
 facet normal -5.281527e-01 -6.493592e-01  5.471631e-01
   outer loop
     vertex  4.937222e+01  4.172827e+01  3.441661e+01
     vertex  4.764934e+01  4.532383e+01  3.702072e+01
     vertex  4.756650e+01  4.533153e+01  3.694989e+01
   endloop
 endfacet
 facet normal -5.072015e-01 -6.510370e-01  5.647101e-01
   outer loop
     vertex  4.937222e+01  4.172827e+01  3.441661e+01
     vertex  4.748174e+01  4.533899e+01  3.688133e+01
     vertex  4.912935e+01  4.174934e+01  3.422277e+01
   endloop
 endfacet
 facet normal -3.502802e-01 -6.618290e-01  6.627866e-01
   outer loop
     vertex  4.934095e+01  3.825657e+01  3.067290e+01
     vertex  4.807641e+01  4.182096e+01  3.356384e+01
     vertex  4.894468e+01  3.827710e+01  3.048398e+01
   endloop
 endfacet
 facet normal -1.750793e-01 -6.683668e-01  7.229337e-01
   outer loop
     vertex  4.795093e+01  3.479866e+01  2.680236e+01
     vertex  4.728523e+01  3.833903e+01  2.991429e+01
     vertex  4.739685e+01  3.481191e+01  2.668042e+01
   endloop
 endfacet
 facet normal  9.287786e-03 -6.704299e-01  7.419147e-01
   outer loop
     vertex  4.517389e+01  3.130546e+01  2.325647e+01
     vertex  4.514188e+01  3.483714e+01  2.644827e+01
     vertex  4.457442e+01  3.483644e+01  2.645474e+01
   endloop
 endfacet
 facet normal  9.287786e-03 -6.704299e-01  7.419147e-01
   outer loop
     vertex  4.517389e+01  3.130546e+01  2.325647e+01
     vertex  4.457442e+01  3.483644e+01  2.645474e+01
     vertex  4.447842e+01  3.130459e+01  2.326439e+01
   endloop
 endfacet
 facet normal  1.931686e-01 -6.679105e-01  7.187360e-01
   outer loop
     vertex  4.111869e+01  2.772803e+01  2.048545e+01
     vertex  4.172205e+01  3.126683e+01  2.361184e+01
     vertex  4.031890e+01  2.770681e+01  2.068068e+01
   endloop
 endfacet
 facet normal  3.669362e-01 -6.609404e-01  6.546111e-01
   outer loop
     vertex  3.602755e+01  2.402177e+01  1.889973e+01
     vertex  3.723468e+01  2.758310e+01  2.181884e+01
     vertex  3.517920e+01  2.397519e+01  1.932824e+01
   endloop
 endfacet
 facet normal  5.214929e-01 -6.498845e-01  5.528971e-01
   outer loop
     vertex  3.026179e+01  2.015036e+01  1.883339e+01
     vertex  3.200951e+01  2.374846e+01  2.141421e+01
     vertex  2.943567e+01  2.007525e+01  1.952432e+01
   endloop
 endfacet
 facet normal  6.487472e-01 -6.353217e-01  4.189193e-01
   outer loop
     vertex  2.427800e+01  1.608923e+01  2.051241e+01
     vertex  2.647479e+01  1.973642e+01  2.264163e+01
     vertex  2.355481e+01  1.598472e+01  2.147387e+01
   endloop
 endfacet
 facet normal  7.263582e-01 -6.216536e-01  2.931730e-01
   outer loop
     vertex  1.859595e+01  1.182826e+01  2.403004e+01
     vertex  2.166144e+01  1.565128e+01  2.454152e+01
     vertex  2.112681e+01  1.553428e+01  2.561800e+01
   endloop
 endfacet
 facet normal  7.420365e-01 -6.180144e-01  2.596921e-01
   outer loop
     vertex  1.859595e+01  1.182826e+01  2.403004e+01
     vertex  2.064239e+01  1.541474e+01  2.671771e+01
     vertex  1.806017e+01  1.169605e+01  2.524633e+01
   endloop
 endfacet
 facet normal  7.420365e-01 -6.180144e-01  2.596921e-01
   outer loop
     vertex  1.859595e+01  1.182826e+01  2.403004e+01
     vertex  2.112681e+01  1.553428e+01  2.561800e+01
     vertex  2.064239e+01  1.541474e+01  2.671771e+01
   endloop
 endfacet
 facet normal  7.964769e-01 -5.988687e-01  8.355167e-02
   outer loop
     vertex  1.376065e+01  7.373413e+00  2.933127e+01
     vertex  1.624942e+01  1.100302e+01  3.162218e+01
     vertex  1.349364e+01  7.217906e+00  3.076193e+01
   endloop
 endfacet
 facet normal  7.888643e-01 -6.027978e-01  1.196991e-01
   outer loop
     vertex  1.376065e+01  7.373413e+00  2.933127e+01
     vertex  1.679667e+01  1.128548e+01  2.902360e+01
     vertex  1.649307e+01  1.114493e+01  3.031665e+01
   endloop
 endfacet
 facet normal  7.964769e-01 -5.988687e-01  8.355167e-02
   outer loop
     vertex  1.376065e+01  7.373413e+00  2.933127e+01
     vertex  1.649307e+01  1.114493e+01  3.031665e+01
     vertex  1.624942e+01  1.100302e+01  3.162218e+01
   endloop
 endfacet
 facet normal  8.100178e-01 -5.799372e-01 -8.685563e-02
   outer loop
     vertex  1.030079e+01  2.747336e+00  3.620785e+01
     vertex  8.384051e+00  0.000000e+00  3.667630e+01
     vertex  8.278235e+00  0.000000e+00  3.568946e+01
   endloop
 endfacet
 facet normal  8.065739e-01 -5.811609e-01 -1.081227e-01
   outer loop
     vertex  1.030079e+01  2.747336e+00  3.620785e+01
     vertex  8.515911e+00  0.000000e+00  3.765995e+01
     vertex  8.384051e+00  0.000000e+00  3.667630e+01
   endloop
 endfacet
 facet normal  8.092180e-01 -5.788870e-01 -1.002802e-01
   outer loop
     vertex  1.030079e+01  2.747336e+00  3.620785e+01
     vertex  1.309172e+01  6.587586e+00  3.656088e+01
     vertex  1.037376e+01  2.575521e+00  3.778854e+01
   endloop
 endfacet
 facet normal  8.092957e-01 -5.787797e-01 -1.002721e-01
   outer loop
     vertex  1.030079e+01  2.747336e+00  3.620785e+01
     vertex  1.037376e+01  2.575521e+00  3.778854e+01
     vertex  8.515911e+00  0.000000e+00  3.765995e+01
   endloop
 endfacet
 facet normal -5.447169e-01 -6.478014e-01  5.325756e-01
   outer loop
     vertex  4.960590e+01  4.170602e+01  3.462132e+01
     vertex  4.773021e+01  4.531589e+01  3.709377e+01
     vertex  4.764934e+01  4.532383e+01  3.702072e+01
   endloop
 endfacet
 facet normal -5.609644e-01 -6.460260e-01  5.176575e-01
   outer loop
     vertex  4.960590e+01  4.170602e+01  3.462132e+01
     vertex  4.780904e+01  4.530772e+01  3.716900e+01
     vertex  4.773021e+01  4.531589e+01  3.709377e+01
   endloop
 endfacet
 facet normal -5.356384e-01 -6.484398e-01  5.409411e-01
   outer loop
     vertex  4.960590e+01  4.170602e+01  3.462132e+01
     vertex  4.764934e+01  4.532383e+01  3.702072e+01
     vertex  4.937222e+01  4.172827e+01  3.441661e+01
   endloop
 endfacet
 facet normal -3.833992e-01 -6.600107e-01  6.460580e-01
   outer loop
     vertex  4.972809e+01  3.823409e+01  3.087968e+01
     vertex  4.835078e+01  4.180503e+01  3.371038e+01
     vertex  4.807641e+01  4.182096e+01  3.356384e+01
   endloop
 endfacet
 facet normal -3.833992e-01 -6.600107e-01  6.460580e-01
   outer loop
     vertex  4.972809e+01  3.823409e+01  3.087968e+01
     vertex  4.807641e+01  4.182096e+01  3.356384e+01
     vertex  4.934095e+01  3.825657e+01  3.067290e+01
   endloop
 endfacet
 facet normal -2.111564e-01 -6.674095e-01  7.141271e-01
   outer loop
     vertex  4.849881e+01  3.478267e+01  2.694942e+01
     vertex  4.728523e+01  3.833903e+01  2.991429e+01
     vertex  4.795093e+01  3.479866e+01  2.680236e+01
   endloop
 endfacet
 facet normal -2.111564e-01 -6.674095e-01  7.141271e-01
   outer loop
     vertex  4.849881e+01  3.478267e+01  2.694942e+01
     vertex  4.770952e+01  3.832665e+01  3.002817e+01
     vertex  4.728523e+01  3.833903e+01  2.991429e+01
   endloop
 endfacet
 facet normal -2.785848e-02 -6.703839e-01  7.414913e-01
   outer loop
     vertex  4.586900e+01  3.130287e+01  2.328025e+01
     vertex  4.514188e+01  3.483714e+01  2.644827e+01
     vertex  4.517389e+01  3.130546e+01  2.325647e+01
   endloop
 endfacet
 facet normal -2.785848e-02 -6.703839e-01  7.414913e-01
   outer loop
     vertex  4.586900e+01  3.130287e+01  2.328025e+01
     vertex  4.570905e+01  3.483504e+01  2.646767e+01
     vertex  4.514188e+01  3.483714e+01  2.644827e+01
   endloop
 endfacet
 facet normal  1.568979e-01 -6.687781e-01  7.267179e-01
   outer loop
     vertex  4.192664e+01  2.774527e+01  2.032688e+01
     vertex  4.240440e+01  3.128139e+01  2.347792e+01
     vertex  4.172205e+01  3.126683e+01  2.361184e+01
   endloop
 endfacet
 facet normal  1.568979e-01 -6.687781e-01  7.267179e-01
   outer loop
     vertex  4.192664e+01  2.774527e+01  2.032688e+01
     vertex  4.172205e+01  3.126683e+01  2.361184e+01
     vertex  4.111869e+01  2.772803e+01  2.048545e+01
   endloop
 endfacet
 facet normal  1.202973e-01 -6.694651e-01  7.330382e-01
   outer loop
     vertex  4.192664e+01  2.774527e+01  2.032688e+01
     vertex  4.309221e+01  3.129255e+01  2.337524e+01
     vertex  4.240440e+01  3.128139e+01  2.347792e+01
   endloop
 endfacet
 facet normal  2.992426e-01 -6.642442e-01  6.850062e-01
   outer loop
     vertex  3.689476e+01  2.406409e+01  1.851034e+01
     vertex  3.875052e+01  2.765260e+01  2.117940e+01
     vertex  3.798523e+01  2.761973e+01  2.148184e+01
   endloop
 endfacet
 facet normal  3.334400e-01 -6.626762e-01  6.705804e-01
   outer loop
     vertex  3.689476e+01  2.406409e+01  1.851034e+01
     vertex  3.723468e+01  2.758310e+01  2.181884e+01
     vertex  3.602755e+01  2.402177e+01  1.889973e+01
   endloop
 endfacet
 facet normal  3.334400e-01 -6.626762e-01  6.705804e-01
   outer loop
     vertex  3.689476e+01  2.406409e+01  1.851034e+01
     vertex  3.798523e+01  2.761973e+01  2.148184e+01
     vertex  3.723468e+01  2.758310e+01  2.181884e+01
   endloop
 endfacet
 facet normal  4.925250e-01 -6.523976e-01  5.760178e-01
   outer loop
     vertex  3.111892e+01  2.022129e+01  1.818084e+01
     vertex  3.200951e+01  2.374846e+01  2.141421e+01
     vertex  3.026179e+01  2.015036e+01  1.883339e+01
   endloop
 endfacet
 facet normal  4.925250e-01 -6.523976e-01  5.760178e-01
   outer loop
     vertex  3.111892e+01  2.022129e+01  1.818084e+01
     vertex  3.276499e+01  2.381097e+01  2.083904e+01
     vertex  3.200951e+01  2.374846e+01  2.141421e+01
   endloop
 endfacet
 facet normal  4.625212e-01 -6.547646e-01  5.977938e-01
   outer loop
     vertex  3.111892e+01  2.022129e+01  1.818084e+01
     vertex  3.354621e+01  2.386968e+01  2.029891e+01
     vertex  3.276499e+01  2.381097e+01  2.083904e+01
   endloop
 endfacet
 facet normal  6.258240e-01 -6.384806e-01  4.479809e-01
   outer loop
     vertex  2.504477e+01  1.619004e+01  1.958493e+01
     vertex  2.716028e+01  1.982654e+01  2.181248e+01
     vertex  2.647479e+01  1.973642e+01  2.264163e+01
   endloop
 endfacet
 facet normal  6.258240e-01 -6.384806e-01  4.479809e-01
   outer loop
     vertex  2.504477e+01  1.619004e+01  1.958493e+01
     vertex  2.647479e+01  1.973642e+01  2.264163e+01
     vertex  2.427800e+01  1.608923e+01  2.051241e+01
   endloop
 endfacet
 facet normal  6.015847e-01 -6.415226e-01  4.759671e-01
   outer loop
     vertex  2.504477e+01  1.619004e+01  1.958493e+01
     vertex  2.788327e+01  1.991318e+01  2.101543e+01
     vertex  2.716028e+01  1.982654e+01  2.181248e+01
   endloop
 endfacet
 facet normal  7.263582e-01 -6.216536e-01  2.931730e-01
   outer loop
     vertex  1.918726e+01  1.195767e+01  2.283944e+01
     vertex  2.166144e+01  1.565128e+01  2.454152e+01
     vertex  1.859595e+01  1.182826e+01  2.403004e+01
   endloop
 endfacet
 facet normal  7.888643e-01 -6.027978e-01  1.196991e-01
   outer loop
     vertex  1.409335e+01  7.527434e+00  2.791427e+01
     vertex  1.679667e+01  1.128548e+01  2.902360e+01
     vertex  1.376065e+01  7.373413e+00  2.933127e+01
   endloop
 endfacet
 facet normal  8.100698e-01 -5.829002e-01 -6.335872e-02
   outer loop
     vertex  1.030079e+01  2.919331e+00  3.462549e+01
     vertex  1.309172e+01  6.745747e+00  3.510579e+01
     vertex  1.309172e+01  6.587586e+00  3.656088e+01
   endloop
 endfacet
 facet normal  8.092180e-01 -5.869134e-01 -2.643725e-02
   outer loop
     vertex  1.030079e+01  2.919331e+00  3.462549e+01
     vertex  1.315883e+01  6.903742e+00  3.365224e+01
     vertex  1.309172e+01  6.745747e+00  3.510579e+01
   endloop
 endfacet
 facet normal  8.101823e-01 -5.845430e-01 -4.375068e-02
   outer loop
     vertex  1.030079e+01  2.919331e+00  3.462549e+01
     vertex  8.198537e+00  0.000000e+00  3.470012e+01
     vertex  8.145015e+00  0.000000e+00  3.370898e+01
   endloop
 endfacet
 facet normal  8.089743e-01 -5.842206e-01 -6.516791e-02
   outer loop
     vertex  1.030079e+01  2.919331e+00  3.462549e+01
     vertex  8.278235e+00  0.000000e+00  3.568946e+01
     vertex  8.198537e+00  0.000000e+00  3.470012e+01
   endloop
 endfacet
 facet normal  8.100698e-01 -5.829002e-01 -6.335872e-02
   outer loop
     vertex  1.030079e+01  2.919331e+00  3.462549e+01
     vertex  1.309172e+01  6.587586e+00  3.656088e+01
     vertex  1.030079e+01  2.747336e+00  3.620785e+01
   endloop
 endfacet
 facet normal  8.093634e-01 -5.838692e-01 -6.346404e-02
   outer loop
     vertex  1.030079e+01  2.919331e+00  3.462549e+01
     vertex  1.030079e+01  2.747336e+00  3.620785e+01
     vertex  8.278235e+00  0.000000e+00  3.568946e+01
   endloop
 endfacet
 facet normal -5.629282e-01 -6.457443e-01  5.158742e-01
   outer loop
     vertex  4.982989e+01  4.168263e+01  3.483647e+01
     vertex  4.780904e+01  4.530772e+01  3.716900e+01
     vertex  4.960590e+01  4.170602e+01  3.462132e+01
   endloop
 endfacet
 facet normal -5.766261e-01 -6.445157e-01  5.020974e-01
   outer loop
     vertex  4.982989e+01  4.168263e+01  3.483647e+01
     vertex  4.788578e+01  4.529931e+01  3.724633e+01
     vertex  4.780904e+01  4.530772e+01  3.716900e+01
   endloop
 endfacet
 facet normal -4.471505e-01 -6.558917e-01  6.081632e-01
   outer loop
     vertex  5.010528e+01  3.820972e+01  3.110389e+01
     vertex  4.887780e+01  4.176918e+01  3.404020e+01
     vertex  4.861809e+01  4.178776e+01  3.386928e+01
   endloop
 endfacet
 facet normal -4.157120e-01 -6.580302e-01  6.278374e-01
   outer loop
     vertex  5.010528e+01  3.820972e+01  3.110389e+01
     vertex  4.861809e+01  4.178776e+01  3.386928e+01
     vertex  4.835078e+01  4.180503e+01  3.371038e+01
   endloop
 endfacet
 facet normal -4.157120e-01 -6.580302e-01  6.278374e-01
   outer loop
     vertex  5.010528e+01  3.820972e+01  3.110389e+01
     vertex  4.835078e+01  4.180503e+01  3.371038e+01
     vertex  4.972809e+01  3.823409e+01  3.087968e+01
   endloop
 endfacet
 facet normal -2.467893e-01 -6.662746e-01  7.036855e-01
   outer loop
     vertex  4.903934e+01  3.476399e+01  2.712130e+01
     vertex  4.812811e+01  3.831218e+01  3.016127e+01
     vertex  4.770952e+01  3.832665e+01  3.002817e+01
   endloop
 endfacet
 facet normal -2.467893e-01 -6.662746e-01  7.036855e-01
   outer loop
     vertex  4.903934e+01  3.476399e+01  2.712130e+01
     vertex  4.770952e+01  3.832665e+01  3.002817e+01
     vertex  4.849881e+01  3.478267e+01  2.694942e+01
   endloop
 endfacet
 facet normal -6.494615e-02 -6.701539e-01  7.393753e-01
   outer loop
     vertex  4.656229e+01  3.129685e+01  2.333568e+01
     vertex  4.627472e+01  3.483012e+01  2.651291e+01
     vertex  4.570905e+01  3.483504e+01  2.646767e+01
   endloop
 endfacet
 facet normal -6.494615e-02 -6.701539e-01  7.393753e-01
   outer loop
     vertex  4.656229e+01  3.129685e+01  2.333568e+01
     vertex  4.570905e+01  3.483504e+01  2.646767e+01
     vertex  4.586900e+01  3.130287e+01  2.328025e+01
   endloop
 endfacet
 facet normal  1.202973e-01 -6.694651e-01  7.330382e-01
   outer loop
     vertex  4.274105e+01  2.775848e+01  2.020529e+01
     vertex  4.309221e+01  3.129255e+01  2.337524e+01
     vertex  4.192664e+01  2.774527e+01  2.032688e+01
   endloop
 endfacet
 facet normal  2.992426e-01 -6.642442e-01  6.850062e-01
   outer loop
     vertex  3.777902e+01  2.410208e+01  1.816089e+01
     vertex  3.875052e+01  2.765260e+01  2.117940e+01
     vertex  3.689476e+01  2.406409e+01  1.851034e+01
   endloop
 endfacet
 facet normal  4.625212e-01 -6.547646e-01  5.977938e-01
   outer loop
     vertex  3.200523e+01  2.028789e+01  1.756804e+01
     vertex  3.354621e+01  2.386968e+01  2.029891e+01
     vertex  3.111892e+01  2.022129e+01  1.818084e+01
   endloop
 endfacet
 facet normal  5.760802e-01 -6.444413e-01  5.028191e-01
   outer loop
     vertex  2.585350e+01  1.628695e+01  1.869337e+01
     vertex  2.864227e+01  1.999614e+01  2.025218e+01
     vertex  2.788327e+01  1.991318e+01  2.101543e+01
   endloop
 endfacet
 facet normal  6.015847e-01 -6.415226e-01  4.759671e-01
   outer loop
     vertex  2.585350e+01  1.628695e+01  1.869337e+01
     vertex  2.788327e+01  1.991318e+01  2.101543e+01
     vertex  2.504477e+01  1.619004e+01  1.958493e+01
   endloop
 endfacet
 facet normal  7.091524e-01 -6.252114e-01  3.259042e-01
   outer loop
     vertex  1.983285e+01  1.208402e+01  2.167704e+01
     vertex  2.224515e+01  1.576552e+01  2.349054e+01
     vertex  2.166144e+01  1.565128e+01  2.454152e+01
   endloop
 endfacet
 facet normal  6.904553e-01 -6.286801e-01  3.578167e-01
   outer loop
     vertex  1.983285e+01  1.208402e+01  2.167704e+01
     vertex  2.287672e+01  1.587675e+01  2.246728e+01
     vertex  2.224515e+01  1.576552e+01  2.349054e+01
   endloop
 endfacet
 facet normal  7.091524e-01 -6.252114e-01  3.259042e-01
   outer loop
     vertex  1.983285e+01  1.208402e+01  2.167704e+01
     vertex  2.166144e+01  1.565128e+01  2.454152e+01
     vertex  1.918726e+01  1.195767e+01  2.283944e+01
   endloop
 endfacet
 facet normal  7.795928e-01 -6.066850e-01  1.554616e-01
   outer loop
     vertex  1.449105e+01  7.679645e+00  2.651393e+01
     vertex  1.715958e+01  1.142438e+01  2.774574e+01
     vertex  1.679667e+01  1.128548e+01  2.902360e+01
   endloop
 endfacet
 facet normal  7.686818e-01 -6.105222e-01  1.907639e-01
   outer loop
     vertex  1.449105e+01  7.679645e+00  2.651393e+01
     vertex  1.758105e+01  1.156133e+01  2.648577e+01
     vertex  1.715958e+01  1.142438e+01  2.774574e+01
   endloop
 endfacet
 facet normal  7.795928e-01 -6.066850e-01  1.554616e-01
   outer loop
     vertex  1.449105e+01  7.679645e+00  2.651393e+01
     vertex  1.679667e+01  1.128548e+01  2.902360e+01
     vertex  1.409335e+01  7.527434e+00  2.791427e+01
   endloop
 endfacet
 facet normal  8.081321e-01 -5.883981e-01 -2.664875e-02
   outer loop
     vertex  1.037376e+01  3.091145e+00  3.304479e+01
     vertex  1.030079e+01  2.919331e+00  3.462549e+01
     vertex  8.145015e+00  0.000000e+00  3.370898e+01
   endloop
 endfacet
 facet normal  8.086696e-01 -5.878419e-01 -2.225695e-02
   outer loop
     vertex  1.037376e+01  3.091145e+00  3.304479e+01
     vertex  8.145015e+00  0.000000e+00  3.370898e+01
     vertex  8.117706e+00  0.000000e+00  3.271676e+01
   endloop
 endfacet
 facet normal  8.092180e-01 -5.869134e-01 -2.643725e-02
   outer loop
     vertex  1.037376e+01  3.091145e+00  3.304479e+01
     vertex  1.315883e+01  6.903742e+00  3.365224e+01
     vertex  1.030079e+01  2.919331e+00  3.462549e+01
   endloop
 endfacet
 facet normal -5.890539e-01 -6.428787e-01  4.896147e-01
   outer loop
     vertex  5.004372e+01  4.165816e+01  3.506160e+01
     vertex  4.788578e+01  4.529931e+01  3.724633e+01
     vertex  4.982989e+01  4.168263e+01  3.483647e+01
   endloop
 endfacet
 facet normal -5.920228e-01 -6.426573e-01  4.863133e-01
   outer loop
     vertex  5.004372e+01  4.165816e+01  3.506160e+01
     vertex  4.796036e+01  4.529068e+01  3.732572e+01
     vertex  4.788578e+01  4.529931e+01  3.724633e+01
   endloop
 endfacet
 facet normal -6.068520e-01 -6.409789e-01  4.699752e-01
   outer loop
     vertex  5.004372e+01  4.165816e+01  3.506160e+01
     vertex  4.803274e+01  4.528184e+01  3.740711e+01
     vertex  4.796036e+01  4.529068e+01  3.732572e+01
   endloop
 endfacet
 facet normal -4.471505e-01 -6.558917e-01  6.081632e-01
   outer loop
     vertex  5.047174e+01  3.818351e+01  3.134506e+01
     vertex  4.887780e+01  4.176918e+01  3.404020e+01
     vertex  5.010528e+01  3.820972e+01  3.110389e+01
   endloop
 endfacet
 facet normal -2.819033e-01 -6.649643e-01  6.916307e-01
   outer loop
     vertex  4.957137e+01  3.474265e+01  2.731763e+01
     vertex  4.812811e+01  3.831218e+01  3.016127e+01
     vertex  4.903934e+01  3.476399e+01  2.712130e+01
   endloop
 endfacet
 facet normal -2.819033e-01 -6.649643e-01  6.916307e-01
   outer loop
     vertex  4.957137e+01  3.474265e+01  2.731763e+01
     vertex  4.854012e+01  3.829565e+01  3.031332e+01
     vertex  4.812811e+01  3.831218e+01  3.016127e+01
   endloop
 endfacet
 facet normal -3.164245e-01 -6.634814e-01  6.779882e-01
   outer loop
     vertex  4.957137e+01  3.474265e+01  2.731763e+01
     vertex  4.894468e+01  3.827710e+01  3.048398e+01
     vertex  4.854012e+01  3.829565e+01  3.031332e+01
   endloop
 endfacet
 facet normal -1.018972e-01 -6.697404e-01  7.355710e-01
   outer loop
     vertex  4.725229e+01  3.128739e+01  2.342266e+01
     vertex  4.627472e+01  3.483012e+01  2.651291e+01
     vertex  4.656229e+01  3.129685e+01  2.333568e+01
   endloop
 endfacet
 facet normal -1.018972e-01 -6.697404e-01  7.355710e-01
   outer loop
     vertex  4.725229e+01  3.128739e+01  2.342266e+01
     vertex  4.683772e+01  3.482241e+01  2.658387e+01
     vertex  4.627472e+01  3.483012e+01  2.651291e+01
   endloop
 endfacet
 facet normal -1.386340e-01 -6.691443e-01  7.300867e-01
   outer loop
     vertex  4.725229e+01  3.128739e+01  2.342266e+01
     vertex  4.739685e+01  3.481191e+01  2.668042e+01
     vertex  4.683772e+01  3.482241e+01  2.658387e+01
   endloop
 endfacet
 facet normal  8.344364e-02 -6.699700e-01  7.376838e-01
   outer loop
     vertex  4.356022e+01  2.776765e+01  2.012096e+01
     vertex  4.378403e+01  3.130029e+01  2.330401e+01
     vertex  4.309221e+01  3.129255e+01  2.337524e+01
   endloop
 endfacet
 facet normal  4.641452e-02 -6.702919e-01  7.406447e-01
   outer loop
     vertex  4.356022e+01  2.776765e+01  2.012096e+01
     vertex  4.447842e+01  3.130459e+01  2.326439e+01
     vertex  4.378403e+01  3.130029e+01  2.330401e+01
   endloop
 endfacet
 facet normal  8.344364e-02 -6.699700e-01  7.376838e-01
   outer loop
     vertex  4.356022e+01  2.776765e+01  2.012096e+01
     vertex  4.309221e+01  3.129255e+01  2.337524e+01
     vertex  4.274105e+01  2.775848e+01  2.020529e+01
   endloop
 endfacet
 facet normal  2.644159e-01 -6.656412e-01  6.978582e-01
   outer loop
     vertex  3.867847e+01  2.413564e+01  1.785210e+01
     vertex  3.875052e+01  2.765260e+01  2.117940e+01
     vertex  3.777902e+01  2.410208e+01  1.816089e+01
   endloop
 endfacet
 facet normal  2.644159e-01 -6.656412e-01  6.978582e-01
   outer loop
     vertex  3.867847e+01  2.413564e+01  1.785210e+01
     vertex  3.952896e+01  2.768165e+01  2.091216e+01
     vertex  3.875052e+01  2.765260e+01  2.117940e+01
   endloop
 endfacet
 facet normal  4.315447e-01 -6.569804e-01  6.181795e-01
   outer loop
     vertex  3.291888e+01  2.035004e+01  1.699629e+01
     vertex  3.354621e+01  2.386968e+01  2.029891e+01
     vertex  3.200523e+01  2.028789e+01  1.756804e+01
   endloop
 endfacet
 facet normal  3.996607e-01 -6.590405e-01  6.371318e-01
   outer loop
     vertex  3.291888e+01  2.035004e+01  1.699629e+01
     vertex  3.517920e+01  2.397519e+01  1.932824e+01
     vertex  3.435151e+01  2.392446e+01  1.979496e+01
   endloop
 endfacet
 facet normal  4.315447e-01 -6.569804e-01  6.181795e-01
   outer loop
     vertex  3.291888e+01  2.035004e+01  1.699629e+01
     vertex  3.435151e+01  2.392446e+01  1.979496e+01
     vertex  3.354621e+01  2.386968e+01  2.029891e+01
   endloop
 endfacet
 facet normal  5.760802e-01 -6.444413e-01  5.028191e-01
   outer loop
     vertex  2.670250e+01  1.637975e+01  1.783961e+01
     vertex  2.864227e+01  1.999614e+01  2.025218e+01
     vertex  2.585350e+01  1.628695e+01  1.869337e+01
   endloop
 endfacet
 facet normal  6.904553e-01 -6.286801e-01  3.578167e-01
   outer loop
     vertex  2.053137e+01  1.220703e+01  2.054529e+01
     vertex  2.287672e+01  1.587675e+01  2.246728e+01
     vertex  1.983285e+01  1.208402e+01  2.167704e+01
   endloop
 endfacet
 facet normal  7.561543e-01 -6.143013e-01  2.255318e-01
   outer loop
     vertex  1.495291e+01  7.829726e+00  2.513319e+01
     vertex  1.806017e+01  1.169605e+01  2.524633e+01
     vertex  1.758105e+01  1.156133e+01  2.648577e+01
   endloop
 endfacet
 facet normal  7.686818e-01 -6.105222e-01  1.907639e-01
   outer loop
     vertex  1.495291e+01  7.829726e+00  2.513319e+01
     vertex  1.758105e+01  1.156133e+01  2.648577e+01
     vertex  1.449105e+01  7.679645e+00  2.651393e+01
   endloop
 endfacet
 facet normal  8.024144e-01 -5.949061e-01  4.709527e-02
   outer loop
     vertex  1.051956e+01  3.262418e+00  3.146909e+01
     vertex  1.349364e+01  7.217906e+00  3.076193e+01
     vertex  1.329289e+01  7.061239e+00  3.220327e+01
   endloop
 endfacet
 facet normal  8.066644e-01 -5.909182e-01  1.040657e-02
   outer loop
     vertex  1.051956e+01  3.262418e+00  3.146909e+01
     vertex  1.315883e+01  6.903742e+00  3.365224e+01
     vertex  1.037376e+01  3.091145e+00  3.304479e+01
   endloop
 endfacet
 facet normal  8.071693e-01 -5.902262e-01  1.052851e-02
   outer loop
     vertex  1.051956e+01  3.262418e+00  3.146909e+01
     vertex  1.037376e+01  3.091145e+00  3.304479e+01
     vertex  8.117706e+00  0.000000e+00  3.271676e+01
   endloop
 endfacet
 facet normal  8.057629e-01 -5.918858e-01  2.042877e-02
   outer loop
     vertex  1.051956e+01  3.262418e+00  3.146909e+01
     vertex  8.116630e+00  0.000000e+00  3.172415e+01
     vertex  8.141788e+00  0.000000e+00  3.073187e+01
   endloop
 endfacet
 facet normal  8.051360e-01 -5.930895e-01 -8.727872e-04
   outer loop
     vertex  1.051956e+01  3.262418e+00  3.146909e+01
     vertex  8.117706e+00  0.000000e+00  3.271676e+01
     vertex  8.116630e+00  0.000000e+00  3.172415e+01
   endloop
 endfacet
 facet normal  8.066644e-01 -5.909182e-01  1.040657e-02
   outer loop
     vertex  1.051956e+01  3.262418e+00  3.146909e+01
     vertex  1.329289e+01  7.061239e+00  3.220327e+01
     vertex  1.315883e+01  6.903742e+00  3.365224e+01
   endloop
 endfacet
 facet normal -6.139452e-01 -6.398799e-01  4.621958e-01
   outer loop
     vertex  5.024694e+01  4.163266e+01  3.529624e+01
     vertex  4.803274e+01  4.528184e+01  3.740711e+01
     vertex  5.004372e+01  4.165816e+01  3.506160e+01
   endloop
 endfacet
 facet normal -6.212738e-01 -6.391759e-01  4.532913e-01
   outer loop
     vertex  5.024694e+01  4.163266e+01  3.529624e+01
     vertex  4.810285e+01  4.527278e+01  3.749043e+01
     vertex  4.803274e+01  4.528184e+01  3.740711e+01
   endloop
 endfacet
 facet normal -6.353100e-01 -6.372006e-01  4.362987e-01
   outer loop
     vertex  5.024694e+01  4.163266e+01  3.529624e+01
     vertex  4.817064e+01  4.526352e+01  3.757562e+01
     vertex  4.810285e+01  4.527278e+01  3.749043e+01
   endloop
 endfacet
 facet normal -4.776486e-01 -6.535997e-01  5.870768e-01
   outer loop
     vertex  5.082670e+01  3.815551e+01  3.160268e+01
     vertex  4.912935e+01  4.174934e+01  3.422277e+01
     vertex  4.887780e+01  4.176918e+01  3.404020e+01
   endloop
 endfacet
 facet normal -4.776486e-01 -6.535997e-01  5.870768e-01
   outer loop
     vertex  5.082670e+01  3.815551e+01  3.160268e+01
     vertex  4.887780e+01  4.176918e+01  3.404020e+01
     vertex  5.047174e+01  3.818351e+01  3.134506e+01
   endloop
 endfacet
 facet normal -3.164245e-01 -6.634814e-01  6.779882e-01
   outer loop
     vertex  5.009378e+01  3.471869e+01  2.753801e+01
     vertex  4.894468e+01  3.827710e+01  3.048398e+01
     vertex  4.957137e+01  3.474265e+01  2.731763e+01
   endloop
 endfacet
 facet normal -1.386340e-01 -6.691443e-01  7.300867e-01
   outer loop
     vertex  4.793755e+01  3.127453e+01  2.354099e+01
     vertex  4.739685e+01  3.481191e+01  2.668042e+01
     vertex  4.725229e+01  3.128739e+01  2.342266e+01
   endloop
 endfacet
 facet normal  4.641452e-02 -6.702919e-01  7.406447e-01
   outer loop
     vertex  4.438241e+01  2.777275e+01  2.007405e+01
     vertex  4.447842e+01  3.130459e+01  2.326439e+01
     vertex  4.356022e+01  2.776765e+01  2.012096e+01
   endloop
 endfacet
 facet normal  2.290331e-01 -6.668641e-01  7.091094e-01
   outer loop
     vertex  3.959121e+01  2.416471e+01  1.758464e+01
     vertex  3.952896e+01  2.768165e+01  2.091216e+01
     vertex  3.867847e+01  2.413564e+01  1.785210e+01
   endloop
 endfacet
 facet normal  1.931686e-01 -6.679105e-01  7.187360e-01
   outer loop
     vertex  3.959121e+01  2.416471e+01  1.758464e+01
     vertex  4.111869e+01  2.772803e+01  2.048545e+01
     vertex  4.031890e+01  2.770681e+01  2.068068e+01
   endloop
 endfacet
 facet normal  2.290331e-01 -6.668641e-01  7.091094e-01
   outer loop
     vertex  3.959121e+01  2.416471e+01  1.758464e+01
     vertex  4.031890e+01  2.770681e+01  2.068068e+01
     vertex  3.952896e+01  2.768165e+01  2.091216e+01
   endloop
 endfacet
 facet normal  3.996607e-01 -6.590405e-01  6.371318e-01
   outer loop
     vertex  3.385793e+01  2.040760e+01  1.646677e+01
     vertex  3.517920e+01  2.397519e+01  1.932824e+01
     vertex  3.291888e+01  2.035004e+01  1.699629e+01
   endloop
 endfacet
 facet normal  5.493642e-01 -6.472305e-01  5.284804e-01
   outer loop
     vertex  2.758998e+01  1.646825e+01  1.702544e+01
     vertex  2.864227e+01  1.999614e+01  2.025218e+01
     vertex  2.670250e+01  1.637975e+01  1.783961e+01
   endloop
 endfacet
 facet normal  5.493642e-01 -6.472305e-01  5.284804e-01
   outer loop
     vertex  2.758998e+01  1.646825e+01  1.702544e+01
     vertex  2.943567e+01  2.007525e+01  1.952432e+01
     vertex  2.864227e+01  1.999614e+01  2.025218e+01
   endloop
 endfacet
 facet normal  6.487472e-01 -6.353217e-01  4.189193e-01
   outer loop
     vertex  2.128135e+01  1.232646e+01  1.944657e+01
     vertex  2.427800e+01  1.608923e+01  2.051241e+01
     vertex  2.355481e+01  1.598472e+01  2.147387e+01
   endloop
 endfacet
 facet normal  6.703061e-01 -6.320526e-01  3.888435e-01
   outer loop
     vertex  2.128135e+01  1.232646e+01  1.944657e+01
     vertex  2.355481e+01  1.598472e+01  2.147387e+01
     vertex  2.287672e+01  1.587675e+01  2.246728e+01
   endloop
 endfacet
 facet normal  6.703061e-01 -6.320526e-01  3.888435e-01
   outer loop
     vertex  2.128135e+01  1.232646e+01  1.944657e+01
     vertex  2.287672e+01  1.587675e+01  2.246728e+01
     vertex  2.053137e+01  1.220703e+01  2.054529e+01
   endloop
 endfacet
 facet normal  7.561543e-01 -6.143013e-01  2.255318e-01
   outer loop
     vertex  1.547796e+01  7.977360e+00  2.377495e+01
     vertex  1.806017e+01  1.169605e+01  2.524633e+01
     vertex  1.495291e+01  7.829726e+00  2.513319e+01
   endloop
 endfacet
 facet normal  8.024144e-01 -5.949061e-01  4.709527e-02
   outer loop
     vertex  1.073786e+01  3.432788e+00  2.990169e+01
     vertex  1.349364e+01  7.217906e+00  3.076193e+01
     vertex  1.051956e+01  3.262418e+00  3.146909e+01
   endloop
 endfacet
 facet normal  8.021533e-01 -5.952639e-01  4.702001e-02
   outer loop
     vertex  1.073786e+01  3.432788e+00  2.990169e+01
     vertex  1.051956e+01  3.262418e+00  3.146909e+01
     vertex  8.141788e+00  0.000000e+00  3.073187e+01
   endloop
 endfacet
 facet normal  8.003527e-01 -5.962389e-01  6.272702e-02
   outer loop
     vertex  1.073786e+01  3.432788e+00  2.990169e+01
     vertex  8.193161e+00  0.000000e+00  2.974062e+01
     vertex  8.270714e+00  0.000000e+00  2.875111e+01
   endloop
 endfacet
 facet normal  8.017175e-01 -5.962571e-01  4.155045e-02
   outer loop
     vertex  1.073786e+01  3.432788e+00  2.990169e+01
     vertex  8.141788e+00  0.000000e+00  3.073187e+01
     vertex  8.193161e+00  0.000000e+00  2.974062e+01
   endloop
 endfacet
 facet normal -6.375220e-01 -6.368011e-01  4.336474e-01
   outer loop
     vertex  5.043913e+01  4.160617e+01  3.553989e+01
     vertex  4.817064e+01  4.526352e+01  3.757562e+01
     vertex  5.024694e+01  4.163266e+01  3.529624e+01
   endloop
 endfacet
 facet normal -7.521369e-14  9.941445e-01  1.080592e-01
   outer loop
     vertex  1.716342e+01  1.715221e+00  1.001996e+01
     vertex  1.855705e+01  1.873277e+00  8.565847e+00
     vertex  1.785038e+01  1.795264e+00  9.283574e+00
   endloop
 endfacet
 facet normal -7.016579e-14  9.941445e-01  1.080592e-01
   outer loop
     vertex  2.002743e+01  2.022994e+00  7.188455e+00
     vertex  1.928290e+01  1.949206e+00  7.867305e+00
     vertex  1.855705e+01  1.873277e+00  8.565847e+00
   endloop
 endfacet
 facet normal  4.644067e-14  9.941445e-01  1.080592e-01
   outer loop
     vertex  1.585058e+01  1.549284e+00  1.154659e+01
     vertex  1.716342e+01  1.715221e+00  1.001996e+01
     vertex  1.649666e+01  1.633208e+00  1.077448e+01
   endloop
 endfacet
 facet normal  1.818233e-14  9.941445e-01  1.080592e-01
   outer loop
     vertex  1.585058e+01  1.549284e+00  1.154659e+01
     vertex  1.855705e+01  1.873277e+00  8.565847e+00
     vertex  1.716342e+01  1.715221e+00  1.001996e+01
   endloop
 endfacet
 facet normal  9.086217e-14  9.941445e-01  1.080592e-01
   outer loop
     vertex  1.462236e+01  1.375948e+00  1.314128e+01
     vertex  1.585058e+01  1.549284e+00  1.154659e+01
     vertex  1.522566e+01  1.463510e+00  1.233571e+01
   endloop
 endfacet
 facet normal  1.750997e-14  9.941445e-01  1.080592e-01
   outer loop
     vertex  2.318116e+01  2.295695e+00  4.679604e+00
     vertex  2.079007e+01  2.094588e+00  6.529790e+00
     vertex  2.002743e+01  2.022994e+00  7.188455e+00
   endloop
 endfacet
 facet normal -7.001447e-14  9.941445e-01  1.080592e-01
   outer loop
     vertex  2.318116e+01  2.295695e+00  4.679604e+00
     vertex  2.157029e+01  2.163936e+00  5.891786e+00
     vertex  2.079007e+01  2.094588e+00  6.529790e+00
   endloop
 endfacet
 facet normal  7.723285e-14  9.941445e-01  1.080592e-01
   outer loop
     vertex  2.318116e+01  2.295695e+00  4.679604e+00
     vertex  2.236751e+01  2.230988e+00  5.274909e+00
     vertex  2.157029e+01  2.163936e+00  5.891786e+00
   endloop
 endfacet
 facet normal  1.374524e-14  9.941445e-01  1.080592e-01
   outer loop
     vertex  2.401064e+01  2.358010e+00  4.106305e+00
     vertex  2.318116e+01  2.295695e+00  4.679604e+00
     vertex  2.002743e+01  2.022994e+00  7.188455e+00
   endloop
 endfacet
 facet normal  1.211496e-13  9.941445e-01  1.080592e-01
   outer loop
     vertex  1.348230e+01  1.195715e+00  1.479942e+01
     vertex  1.462236e+01  1.375948e+00  1.314128e+01
     vertex  1.404109e+01  1.286661e+00  1.396272e+01
   endloop
 endfacet
 facet normal -5.050647e-15  9.941445e-01  1.080592e-01
   outer loop
     vertex  1.348230e+01  1.195715e+00  1.479942e+01
     vertex  1.585058e+01  1.549284e+00  1.154659e+01
     vertex  1.462236e+01  1.375948e+00  1.314128e+01
   endloop
 endfacet
 facet normal -1.780734e-14  9.941445e-01  1.080592e-01
   outer loop
     vertex  2.571469e+01  2.475286e+00  3.027370e+00
     vertex  2.401064e+01  2.358010e+00  4.106305e+00
     vertex  2.002743e+01  2.022994e+00  7.188455e+00
   endloop
 endfacet
 facet normal -5.073138e-14  9.941445e-01  1.080592e-01
   outer loop
     vertex  2.571469e+01  2.475286e+00  3.027370e+00
     vertex  2.485535e+01  2.417888e+00  3.555427e+00
     vertex  2.401064e+01  2.358010e+00  4.106305e+00
   endloop
 endfacet
 facet normal  1.801772e-15  9.941445e-01  1.080592e-01
   outer loop
     vertex  2.571469e+01  2.475286e+00  3.027370e+00
     vertex  2.002743e+01  2.022994e+00  7.188455e+00
     vertex  1.855705e+01  1.873277e+00  8.565847e+00
   endloop
 endfacet
 facet normal  5.148857e-14  9.941445e-01  1.080592e-01
   outer loop
     vertex  1.194470e+01  9.135853e-01  1.739502e+01
     vertex  1.294638e+01  1.103175e+00  1.565079e+01
     vertex  1.243372e+01  1.009109e+00  1.651619e+01
   endloop
 endfacet
 facet normal -5.183763e-14  9.941445e-01  1.080592e-01
   outer loop
     vertex  1.194470e+01  9.135853e-01  1.739502e+01
     vertex  1.348230e+01  1.195715e+00  1.479942e+01
     vertex  1.294638e+01  1.103175e+00  1.565079e+01
   endloop
 endfacet
 facet normal -4.038319e-14  9.941445e-01  1.080592e-01
   outer loop
     vertex  2.837413e+01  2.632188e+00  1.583873e+00
     vertex  2.747471e+01  2.582474e+00  2.041235e+00
     vertex  2.658802e+01  2.530161e+00  2.522517e+00
   endloop
 endfacet
 facet normal -3.533529e-14  9.941445e-01  1.080592e-01
   outer loop
     vertex  1.103897e+01  7.184409e-01  1.919034e+01
     vertex  1.194470e+01  9.135853e-01  1.739502e+01
     vertex  1.147967e+01  8.166723e-01  1.828661e+01
   endloop
 endfacet
 facet normal  2.354251e-15  9.941445e-01  1.080592e-01
   outer loop
     vertex  3.020849e+01  2.723672e+00  7.422201e-01
     vertex  2.571469e+01  2.475286e+00  3.027370e+00
     vertex  1.855705e+01  1.873277e+00  8.565847e+00
   endloop
 endfacet
 facet normal -3.497573e-14  9.941445e-01  1.080592e-01
   outer loop
     vertex  3.020849e+01  2.723672e+00  7.422201e-01
     vertex  2.837413e+01  2.632188e+00  1.583873e+00
     vertex  2.658802e+01  2.530161e+00  2.522517e+00
   endloop
 endfacet
 facet normal -9.904660e-15  9.941445e-01  1.080592e-01
   outer loop
     vertex  3.020849e+01  2.723672e+00  7.422201e-01
     vertex  2.658802e+01  2.530161e+00  2.522517e+00
     vertex  2.571469e+01  2.475286e+00  3.027370e+00
   endloop
 endfacet
 facet normal -3.028739e-14  9.941445e-01  1.080592e-01
   outer loop
     vertex  3.020849e+01  2.723672e+00  7.422201e-01
     vertex  2.928561e+01  2.679265e+00  1.150764e+00
     vertex  2.837413e+01  2.632188e+00  1.583873e+00
   endloop
 endfacet
 facet normal  5.211016e-16  9.941445e-01  1.080592e-01
   outer loop
     vertex  3.020849e+01  2.723672e+00  7.422201e-01
     vertex  1.855705e+01  1.873277e+00  8.565847e+00
     vertex  1.585058e+01  1.549284e+00  1.154659e+01
   endloop
 endfacet
 facet normal  7.268974e-14  9.941445e-01  1.080592e-01
   outer loop
     vertex  1.023180e+01  5.183088e-01  2.103156e+01
     vertex  1.103897e+01  7.184409e-01  1.919034e+01
     vertex  1.062291e+01  6.189623e-01  2.010555e+01
   endloop
 endfacet
 facet normal -9.818163e-14  9.941445e-01  1.080592e-01
   outer loop
     vertex  3.208579e+01  2.804348e+00  0.000000e+00
     vertex  3.114211e+01  2.765376e+00  3.585394e-01
     vertex  3.020849e+01  2.723672e+00  7.422201e-01
   endloop
 endfacet
 facet normal -1.726381e-13  9.941445e-01  1.080592e-01
   outer loop
     vertex  8.922273e+00  1.054175e-01  2.483016e+01
     vertex  9.525557e+00  3.137697e-01  2.291332e+01
     vertex  9.210928e+00  2.100327e-01  2.386770e+01
   endloop
 endfacet
 facet normal -1.211789e-14  9.941445e-01  1.080592e-01
   outer loop
     vertex  8.922273e+00  1.054175e-01  2.483016e+01
     vertex  9.865931e+00  4.165533e-01  2.196771e+01
     vertex  9.525557e+00  3.137697e-01  2.291332e+01
   endloop
 endfacet
 facet normal -1.885689e-14  9.941445e-01  1.080592e-01
   outer loop
     vertex  8.922273e+00  1.054175e-01  2.483016e+01
     vertex  1.023180e+01  5.183088e-01  2.103156e+01
     vertex  9.865931e+00  4.165533e-01  2.196771e+01
   endloop
 endfacet
 facet normal  2.224437e-14  9.941445e-01  1.080592e-01
   outer loop
     vertex  8.922273e+00  1.054175e-01  2.483016e+01
     vertex  1.103897e+01  7.184409e-01  1.919034e+01
     vertex  1.023180e+01  5.183088e-01  2.103156e+01
   endloop
 endfacet
 facet normal  7.155342e-15  9.941445e-01  1.080592e-01
   outer loop
     vertex  8.659802e+00 -1.676437e-14  2.580000e+01
     vertex  1.585058e+01  1.549284e+00  1.154659e+01
     vertex  1.348230e+01  1.195715e+00  1.479942e+01
   endloop
 endfacet
 facet normal -6.425727e-15  9.941445e-01  1.080592e-01
   outer loop
     vertex  8.659802e+00 -1.676437e-14  2.580000e+01
     vertex  1.348230e+01  1.195715e+00  1.479942e+01
     vertex  1.194470e+01  9.135853e-01  1.739502e+01
   endloop
 endfacet
 facet normal -3.603545e-15  9.941445e-01  1.080592e-01
   outer loop
     vertex  8.659802e+00 -1.676437e-14  2.580000e+01
     vertex  1.194470e+01  9.135853e-01  1.739502e+01
     vertex  1.103897e+01  7.184409e-01  1.919034e+01
   endloop
 endfacet
 facet normal -8.345898e-16  9.941445e-01  1.080592e-01
   outer loop
     vertex  8.659802e+00 -1.676437e-14  2.580000e+01
     vertex  3.020849e+01  2.723672e+00  7.422201e-01
     vertex  1.585058e+01  1.549284e+00  1.154659e+01
   endloop
 endfacet
 facet normal  1.820162e-15  9.941445e-01  1.080592e-01
   outer loop
     vertex  8.659802e+00 -1.676437e-14  2.580000e+01
     vertex  3.208579e+01  2.804348e+00  0.000000e+00
     vertex  3.020849e+01  2.723672e+00  7.422201e-01
   endloop
 endfacet
 facet normal  1.927668e-15  9.941445e-01  1.080592e-01
   outer loop
     vertex  8.659802e+00 -1.676437e-14  2.580000e+01
     vertex  1.103897e+01  7.184409e-01  1.919034e+01
     vertex  8.922273e+00  1.054175e-01  2.483016e+01
   endloop
 endfacet
 facet normal -3.713433e-18  9.941445e-01  1.080592e-01
   outer loop
     vertex  6.071439e+01  2.679265e+00  1.150764e+00
     vertex  5.791421e+01  2.804348e+00 -7.105427e-15
     vertex  3.208579e+01  2.804348e+00  0.000000e+00
   endloop
 endfacet
 facet normal -1.077146e-14  9.941445e-01  1.080592e-01
   outer loop
     vertex  6.071439e+01  2.679265e+00  1.150764e+00
     vertex  5.885789e+01  2.765376e+00  3.585394e-01
     vertex  5.791421e+01  2.804348e+00 -7.105427e-15
   endloop
 endfacet
 facet normal  1.373028e-13  9.941445e-01  1.080592e-01
   outer loop
     vertex  6.071439e+01  2.679265e+00  1.150764e+00
     vertex  5.979151e+01  2.723672e+00  7.422201e-01
     vertex  5.885789e+01  2.765376e+00  3.585394e-01
   endloop
 endfacet
 facet normal -1.006807e-16  9.941445e-01  1.080592e-01
   outer loop
     vertex  6.252529e+01  2.582474e+00  2.041235e+00
     vertex  3.208579e+01  2.804348e+00  0.000000e+00
     vertex  8.659802e+00 -1.676437e-14  2.580000e+01
   endloop
 endfacet
 facet normal  3.508290e-14  9.941445e-01  1.080592e-01
   outer loop
     vertex  6.252529e+01  2.582474e+00  2.041235e+00
     vertex  6.162587e+01  2.632188e+00  1.583873e+00
     vertex  6.071439e+01  2.679265e+00  1.150764e+00
   endloop
 endfacet
 facet normal -1.461630e-16  9.941445e-01  1.080592e-01
   outer loop
     vertex  6.252529e+01  2.582474e+00  2.041235e+00
     vertex  6.071439e+01  2.679265e+00  1.150764e+00
     vertex  3.208579e+01  2.804348e+00  0.000000e+00
   endloop
 endfacet
 facet normal  9.515289e-14  9.941445e-01  1.080592e-01
   outer loop
     vertex  6.428531e+01  2.475286e+00  3.027370e+00
     vertex  6.341198e+01  2.530161e+00  2.522517e+00
     vertex  6.252529e+01  2.582474e+00  2.041235e+00
   endloop
 endfacet
 facet normal  1.569896e-13  9.941445e-01  1.080592e-01
   outer loop
     vertex  6.598936e+01  2.358010e+00  4.106305e+00
     vertex  6.514465e+01  2.417888e+00  3.555427e+00
     vertex  6.428531e+01  2.475286e+00  3.027370e+00
   endloop
 endfacet
 facet normal  2.032886e-14  9.941445e-01  1.080592e-01
   outer loop
     vertex  6.598936e+01  2.358010e+00  4.106305e+00
     vertex  6.428531e+01  2.475286e+00  3.027370e+00
     vertex  6.252529e+01  2.582474e+00  2.041235e+00
   endloop
 endfacet
 facet normal -4.184214e-14  9.941445e-01  1.080592e-01
   outer loop
     vertex  6.681884e+01  2.295695e+00  4.679604e+00
     vertex  6.598936e+01  2.358010e+00  4.106305e+00
     vertex  6.252529e+01  2.582474e+00  2.041235e+00
   endloop
 endfacet
 facet normal  6.058944e-15  9.941445e-01  1.080592e-01
   outer loop
     vertex  6.920993e+01  2.094588e+00  6.529790e+00
     vertex  6.763249e+01  2.230988e+00  5.274909e+00
     vertex  6.681884e+01  2.295695e+00  4.679604e+00
   endloop
 endfacet
 facet normal -1.766765e-13  9.941445e-01  1.080592e-01
   outer loop
     vertex  6.920993e+01  2.094588e+00  6.529790e+00
     vertex  6.842971e+01  2.163936e+00  5.891786e+00
     vertex  6.763249e+01  2.230988e+00  5.274909e+00
   endloop
 endfacet
 facet normal -2.340275e-14  9.941445e-01  1.080592e-01
   outer loop
     vertex  6.997257e+01  2.022994e+00  7.188455e+00
     vertex  6.920993e+01  2.094588e+00  6.529790e+00
     vertex  6.681884e+01  2.295695e+00  4.679604e+00
   endloop
 endfacet
 facet normal  7.474640e-15  9.941445e-01  1.080592e-01
   outer loop
     vertex  6.997257e+01  2.022994e+00  7.188455e+00
     vertex  6.681884e+01  2.295695e+00  4.679604e+00
     vertex  6.252529e+01  2.582474e+00  2.041235e+00
   endloop
 endfacet
 facet normal -7.578447e-15  9.941445e-01  1.080592e-01
   outer loop
     vertex  7.071710e+01  1.949206e+00  7.867305e+00
     vertex  6.997257e+01  2.022994e+00  7.188455e+00
     vertex  6.252529e+01  2.582474e+00  2.041235e+00
   endloop
 endfacet
 facet normal -4.593588e-14  9.941445e-01  1.080592e-01
   outer loop
     vertex  7.214962e+01  1.795264e+00  9.283574e+00
     vertex  7.144295e+01  1.873277e+00  8.565847e+00
     vertex  7.071710e+01  1.949206e+00  7.867305e+00
   endloop
 endfacet
 facet normal -4.712512e-14  9.941445e-01  1.080592e-01
   outer loop
     vertex  7.414942e+01  1.549284e+00  1.154659e+01
     vertex  7.283658e+01  1.715221e+00  1.001996e+01
     vertex  7.214962e+01  1.795264e+00  9.283574e+00
   endloop
 endfacet
 facet normal -5.754604e-14  9.941445e-01  1.080592e-01
   outer loop
     vertex  7.414942e+01  1.549284e+00  1.154659e+01
     vertex  7.350334e+01  1.633208e+00  1.077448e+01
     vertex  7.283658e+01  1.715221e+00  1.001996e+01
   endloop
 endfacet
 facet normal  1.871633e-15  9.941445e-01  1.080592e-01
   outer loop
     vertex  7.414942e+01  1.549284e+00  1.154659e+01
     vertex  7.071710e+01  1.949206e+00  7.867305e+00
     vertex  6.252529e+01  2.582474e+00  2.041235e+00
   endloop
 endfacet
 facet normal -1.347410e-15  9.941445e-01  1.080592e-01
   outer loop
     vertex  7.414942e+01  1.549284e+00  1.154659e+01
     vertex  7.214962e+01  1.795264e+00  9.283574e+00
     vertex  7.071710e+01  1.949206e+00  7.867305e+00
   endloop
 endfacet
 facet normal  8.637754e-15  9.941445e-01  1.080592e-01
   outer loop
     vertex  7.477434e+01  1.463510e+00  1.233571e+01
     vertex  7.414942e+01  1.549284e+00  1.154659e+01
     vertex  6.252529e+01  2.582474e+00  2.041235e+00
   endloop
 endfacet
 facet normal  8.076638e-14  9.941445e-01  1.080592e-01
   outer loop
     vertex  7.595891e+01  1.286661e+00  1.396272e+01
     vertex  7.537764e+01  1.375948e+00  1.314128e+01
     vertex  7.477434e+01  1.463510e+00  1.233571e+01
   endloop
 endfacet
 facet normal  1.476536e-18  9.941445e-01  1.080592e-01
   outer loop
     vertex  7.805530e+01  9.135853e-01  1.739502e+01
     vertex  6.252529e+01  2.582474e+00  2.041235e+00
     vertex  8.659802e+00 -1.676437e-14  2.580000e+01
   endloop
 endfacet
 facet normal -1.279575e-14  9.941445e-01  1.080592e-01
   outer loop
     vertex  7.805530e+01  9.135853e-01  1.739502e+01
     vertex  7.651770e+01  1.195715e+00  1.479942e+01
     vertex  7.595891e+01  1.286661e+00  1.396272e+01
   endloop
 endfacet
 facet normal  4.712512e-14  9.941445e-01  1.080592e-01
   outer loop
     vertex  7.805530e+01  9.135853e-01  1.739502e+01
     vertex  7.705362e+01  1.103175e+00  1.565079e+01
     vertex  7.651770e+01  1.195715e+00  1.479942e+01
   endloop
 endfacet
 facet normal -6.360352e-14  9.941445e-01  1.080592e-01
   outer loop
     vertex  7.805530e+01  9.135853e-01  1.739502e+01
     vertex  7.756628e+01  1.009109e+00  1.651619e+01
     vertex  7.705362e+01  1.103175e+00  1.565079e+01
   endloop
 endfacet
 facet normal  1.252633e-15  9.941445e-01  1.080592e-01
   outer loop
     vertex  7.805530e+01  9.135853e-01  1.739502e+01
     vertex  7.477434e+01  1.463510e+00  1.233571e+01
     vertex  6.252529e+01  2.582474e+00  2.041235e+00
   endloop
 endfacet
 facet normal -2.527769e-14  9.941445e-01  1.080592e-01
   outer loop
     vertex  7.805530e+01  9.135853e-01  1.739502e+01
     vertex  7.595891e+01  1.286661e+00  1.396272e+01
     vertex  7.477434e+01  1.463510e+00  1.233571e+01
   endloop
 endfacet
 facet normal  4.847155e-14  9.941445e-01  1.080592e-01
   outer loop
     vertex  7.937709e+01  6.189623e-01  2.010555e+01
     vertex  7.852033e+01  8.166723e-01  1.828661e+01
     vertex  7.805530e+01  9.135853e-01  1.739502e+01
   endloop
 endfacet
 facet normal  7.571848e-14  9.941445e-01  1.080592e-01
   outer loop
     vertex  7.937709e+01  6.189623e-01  2.010555e+01
     vertex  7.896103e+01  7.184409e-01  1.919034e+01
     vertex  7.852033e+01  8.166723e-01  1.828661e+01
   endloop
 endfacet
 facet normal -1.158772e-14  9.941445e-01  1.080592e-01
   outer loop
     vertex  8.013407e+01  4.165533e-01  2.196771e+01
     vertex  7.937709e+01  6.189623e-01  2.010555e+01
     vertex  7.805530e+01  9.135853e-01  1.739502e+01
   endloop
 endfacet
 facet normal -4.139277e-14  9.941445e-01  1.080592e-01
   outer loop
     vertex  8.013407e+01  4.165533e-01  2.196771e+01
     vertex  7.976820e+01  5.183088e-01  2.103156e+01
     vertex  7.937709e+01  6.189623e-01  2.010555e+01
   endloop
 endfacet
 facet normal -9.438719e-15  9.941445e-01  1.080592e-01
   outer loop
     vertex  8.047444e+01  3.137697e-01  2.291332e+01
     vertex  8.013407e+01  4.165533e-01  2.196771e+01
     vertex  7.805530e+01  9.135853e-01  1.739502e+01
   endloop
 endfacet
 facet normal -1.350103e-15  9.941445e-01  1.080592e-01
   outer loop
     vertex  8.107773e+01  1.054175e-01  2.483016e+01
     vertex  8.047444e+01  3.137697e-01  2.291332e+01
     vertex  7.805530e+01  9.135853e-01  1.739502e+01
   endloop
 endfacet
 facet normal  1.453795e-13  9.941445e-01  1.080592e-01
   outer loop
     vertex  8.107773e+01  1.054175e-01  2.483016e+01
     vertex  8.078907e+01  2.100327e-01  2.386770e+01
     vertex  8.047444e+01  3.137697e-01  2.291332e+01
   endloop
 endfacet
 facet normal -1.430676e-14  9.941445e-01  1.080592e-01
   outer loop
     vertex  8.134020e+01 -1.521006e-14  2.580000e+01
     vertex  8.107773e+01  1.054175e-01  2.483016e+01
     vertex  7.805530e+01  9.135853e-01  1.739502e+01
   endloop
 endfacet
 facet normal -1.320519e-19  9.941445e-01  1.080592e-01
   outer loop
     vertex  8.134020e+01 -1.521006e-14  2.580000e+01
     vertex  7.805530e+01  9.135853e-01  1.739502e+01
     vertex  8.659802e+00 -1.676437e-14  2.580000e+01
   endloop
 endfacet
 facet normal  0.000000e+00  1.000000e+00  0.000000e+00
   outer loop
     vertex  3.674226e+01  3.900000e+01  4.021007e+01
     vertex  3.670676e+01  3.900000e+01  4.000000e+01
     vertex  4.000000e+00  3.900000e+01  4.000000e+01
   endloop
 endfacet
 facet normal  0.000000e+00  1.000000e+00  0.000000e+00
   outer loop
     vertex  3.678299e+01  3.900000e+01  4.041918e+01
     vertex  3.674226e+01  3.900000e+01  4.021007e+01
     vertex  4.000000e+00  3.900000e+01  4.000000e+01
   endloop
 endfacet
 facet normal  0.000000e+00  1.000000e+00  0.000000e+00
   outer loop
     vertex  3.682892e+01  3.900000e+01  4.062718e+01
     vertex  3.678299e+01  3.900000e+01  4.041918e+01
     vertex  4.000000e+00  3.900000e+01  4.000000e+01
   endloop
 endfacet
 facet normal  0.000000e+00  1.000000e+00  0.000000e+00
   outer loop
     vertex  3.688002e+01  3.900000e+01  4.083396e+01
     vertex  3.682892e+01  3.900000e+01  4.062718e+01
     vertex  4.000000e+00  3.900000e+01  4.000000e+01
   endloop
 endfacet
 facet normal  0.000000e+00  1.000000e+00  0.000000e+00
   outer loop
     vertex  3.693625e+01  3.900000e+01  4.103937e+01
     vertex  3.688002e+01  3.900000e+01  4.083396e+01
     vertex  4.000000e+00  3.900000e+01  4.000000e+01
   endloop
 endfacet
 facet normal  0.000000e+00  1.000000e+00  0.000000e+00
   outer loop
     vertex  3.699759e+01  3.900000e+01  4.124329e+01
     vertex  3.693625e+01  3.900000e+01  4.103937e+01
     vertex  4.000000e+00  3.900000e+01  4.000000e+01
   endloop
 endfacet
 facet normal  0.000000e+00  1.000000e+00  0.000000e+00
   outer loop
     vertex  3.706400e+01  3.900000e+01  4.144559e+01
     vertex  3.699759e+01  3.900000e+01  4.124329e+01
     vertex  4.000000e+00  3.900000e+01  4.000000e+01
   endloop
 endfacet
 facet normal  0.000000e+00  1.000000e+00  0.000000e+00
   outer loop
     vertex  3.713542e+01  3.900000e+01  4.164614e+01
     vertex  3.706400e+01  3.900000e+01  4.144559e+01
     vertex  4.000000e+00  3.900000e+01  4.000000e+01
   endloop
 endfacet
 facet normal  0.000000e+00  1.000000e+00  0.000000e+00
   outer loop
     vertex  3.721183e+01  3.900000e+01  4.184481e+01
     vertex  3.713542e+01  3.900000e+01  4.164614e+01
     vertex  4.000000e+00  3.900000e+01  4.000000e+01
   endloop
 endfacet
 facet normal  0.000000e+00  1.000000e+00  0.000000e+00
   outer loop
     vertex  3.729316e+01  3.900000e+01  4.204148e+01
     vertex  3.721183e+01  3.900000e+01  4.184481e+01
     vertex  4.000000e+00  3.900000e+01  4.000000e+01
   endloop
 endfacet
 facet normal  0.000000e+00  1.000000e+00  0.000000e+00
   outer loop
     vertex  3.737937e+01  3.900000e+01  4.223602e+01
     vertex  3.729316e+01  3.900000e+01  4.204148e+01
     vertex  4.000000e+00  3.900000e+01  4.000000e+01
   endloop
 endfacet
 facet normal  0.000000e+00  1.000000e+00  0.000000e+00
   outer loop
     vertex  3.747040e+01  3.900000e+01  4.242832e+01
     vertex  3.737937e+01  3.900000e+01  4.223602e+01
     vertex  4.000000e+00  3.900000e+01  4.000000e+01
   endloop
 endfacet
 facet normal  0.000000e+00  1.000000e+00  0.000000e+00
   outer loop
     vertex  3.756619e+01  3.900000e+01  4.261824e+01
     vertex  3.747040e+01  3.900000e+01  4.242832e+01
     vertex  4.000000e+00  3.900000e+01  4.000000e+01
   endloop
 endfacet
 facet normal  0.000000e+00  1.000000e+00  0.000000e+00
   outer loop
     vertex  3.766669e+01  3.900000e+01  4.280567e+01
     vertex  3.756619e+01  3.900000e+01  4.261824e+01
     vertex  4.000000e+00  3.900000e+01  4.000000e+01
   endloop
 endfacet
 facet normal  0.000000e+00  1.000000e+00  0.000000e+00
   outer loop
     vertex  3.777183e+01  3.900000e+01  4.299050e+01
     vertex  3.766669e+01  3.900000e+01  4.280567e+01
     vertex  4.000000e+00  3.900000e+01  4.000000e+01
   endloop
 endfacet
 facet normal  0.000000e+00  1.000000e+00  0.000000e+00
   outer loop
     vertex  3.788155e+01  3.900000e+01  4.317259e+01
     vertex  3.777183e+01  3.900000e+01  4.299050e+01
     vertex  4.000000e+00  3.900000e+01  4.000000e+01
   endloop
 endfacet
 facet normal  0.000000e+00  1.000000e+00  0.000000e+00
   outer loop
     vertex  3.799577e+01  3.900000e+01  4.335184e+01
     vertex  4.000000e+00  3.900000e+01  4.000000e+01
     vertex  4.000000e+00  3.900000e+01  7.000000e+01
   endloop
 endfacet
 facet normal  0.000000e+00  1.000000e+00  0.000000e+00
   outer loop
     vertex  3.799577e+01  3.900000e+01  4.335184e+01
     vertex  3.788155e+01  3.900000e+01  4.317259e+01
     vertex  4.000000e+00  3.900000e+01  4.000000e+01
   endloop
 endfacet
 facet normal  0.000000e+00  1.000000e+00  0.000000e+00
   outer loop
     vertex  3.811442e+01  3.900000e+01  4.352814e+01
     vertex  3.799577e+01  3.900000e+01  4.335184e+01
     vertex  4.000000e+00  3.900000e+01  7.000000e+01
   endloop
 endfacet
 facet normal  0.000000e+00  1.000000e+00  0.000000e+00
   outer loop
     vertex  3.823743e+01  3.900000e+01  4.370137e+01
     vertex  3.811442e+01  3.900000e+01  4.352814e+01
     vertex  4.000000e+00  3.900000e+01  7.000000e+01
   endloop
 endfacet
 facet normal  0.000000e+00  1.000000e+00  0.000000e+00
   outer loop
     vertex  3.836472e+01  3.900000e+01  4.387142e+01
     vertex  3.823743e+01  3.900000e+01  4.370137e+01
     vertex  4.000000e+00  3.900000e+01  7.000000e+01
   endloop
 endfacet
 facet normal  0.000000e+00  1.000000e+00  0.000000e+00
   outer loop
     vertex  3.849621e+01  3.900000e+01  4.403819e+01
     vertex  3.836472e+01  3.900000e+01  4.387142e+01
     vertex  4.000000e+00  3.900000e+01  7.000000e+01
   endloop
 endfacet
 facet normal  0.000000e+00  1.000000e+00  0.000000e+00
   outer loop
     vertex  3.863181e+01  3.900000e+01  4.420156e+01
     vertex  3.849621e+01  3.900000e+01  4.403819e+01
     vertex  4.000000e+00  3.900000e+01  7.000000e+01
   endloop
 endfacet
 facet normal  0.000000e+00  1.000000e+00  0.000000e+00
   outer loop
     vertex  3.877145e+01  3.900000e+01  4.436145e+01
     vertex  3.863181e+01  3.900000e+01  4.420156e+01
     vertex  4.000000e+00  3.900000e+01  7.000000e+01
   endloop
 endfacet
 facet normal  0.000000e+00  1.000000e+00  0.000000e+00
   outer loop
     vertex  3.891502e+01  3.900000e+01  4.451774e+01
     vertex  3.877145e+01  3.900000e+01  4.436145e+01
     vertex  4.000000e+00  3.900000e+01  7.000000e+01
   endloop
 endfacet
 facet normal  0.000000e+00  1.000000e+00  0.000000e+00
   outer loop
     vertex  3.906245e+01  3.900000e+01  4.467033e+01
     vertex  3.891502e+01  3.900000e+01  4.451774e+01
     vertex  4.000000e+00  3.900000e+01  7.000000e+01
   endloop
 endfacet
 facet normal  0.000000e+00  1.000000e+00  0.000000e+00
   outer loop
     vertex  3.921364e+01  3.900000e+01  4.481914e+01
     vertex  3.906245e+01  3.900000e+01  4.467033e+01
     vertex  4.000000e+00  3.900000e+01  7.000000e+01
   endloop
 endfacet
 facet normal  0.000000e+00  1.000000e+00  0.000000e+00
   outer loop
     vertex  3.936848e+01  3.900000e+01  4.496406e+01
     vertex  3.921364e+01  3.900000e+01  4.481914e+01
     vertex  4.000000e+00  3.900000e+01  7.000000e+01
   endloop
 endfacet
 facet normal  0.000000e+00  1.000000e+00  0.000000e+00
   outer loop
     vertex  3.952689e+01  3.900000e+01  4.510501e+01
     vertex  3.936848e+01  3.900000e+01  4.496406e+01
     vertex  4.000000e+00  3.900000e+01  7.000000e+01
   endloop
 endfacet
 facet normal  0.000000e+00  1.000000e+00  0.000000e+00
   outer loop
     vertex  3.968876e+01  3.900000e+01  4.524189e+01
     vertex  3.952689e+01  3.900000e+01  4.510501e+01
     vertex  4.000000e+00  3.900000e+01  7.000000e+01
   endloop
 endfacet
 facet normal  0.000000e+00  1.000000e+00  0.000000e+00
   outer loop
     vertex  3.985400e+01  3.900000e+01  4.537462e+01
     vertex  3.968876e+01  3.900000e+01  4.524189e+01
     vertex  4.000000e+00  3.900000e+01  7.000000e+01
   endloop
 endfacet
 facet normal  0.000000e+00  1.000000e+00  0.000000e+00
   outer loop
     vertex  4.002249e+01  3.900000e+01  4.550311e+01
     vertex  3.985400e+01  3.900000e+01  4.537462e+01
     vertex  4.000000e+00  3.900000e+01  7.000000e+01
   endloop
 endfacet
 facet normal  0.000000e+00  1.000000e+00  0.000000e+00
   outer loop
     vertex  4.019413e+01  3.900000e+01  4.562728e+01
     vertex  4.002249e+01  3.900000e+01  4.550311e+01
     vertex  4.000000e+00  3.900000e+01  7.000000e+01
   endloop
 endfacet
 facet normal  0.000000e+00  1.000000e+00  0.000000e+00
   outer loop
     vertex  4.036881e+01  3.900000e+01  4.574706e+01
     vertex  4.019413e+01  3.900000e+01  4.562728e+01
     vertex  4.000000e+00  3.900000e+01  7.000000e+01
   endloop
 endfacet
 facet normal  0.000000e+00  1.000000e+00  0.000000e+00
   outer loop
     vertex  4.054643e+01  3.900000e+01  4.586237e+01
     vertex  4.036881e+01  3.900000e+01  4.574706e+01
     vertex  4.000000e+00  3.900000e+01  7.000000e+01
   endloop
 endfacet
 facet normal  0.000000e+00  1.000000e+00  0.000000e+00
   outer loop
     vertex  4.072686e+01  3.900000e+01  4.597314e+01
     vertex  4.054643e+01  3.900000e+01  4.586237e+01
     vertex  4.000000e+00  3.900000e+01  7.000000e+01
   endloop
 endfacet
 facet normal  0.000000e+00  1.000000e+00  0.000000e+00
   outer loop
     vertex  4.090999e+01  3.900000e+01  4.607928e+01
     vertex  4.072686e+01  3.900000e+01  4.597314e+01
     vertex  4.000000e+00  3.900000e+01  7.000000e+01
   endloop
 endfacet
 facet normal  0.000000e+00  1.000000e+00  0.000000e+00
   outer loop
     vertex  4.109572e+01  3.900000e+01  4.618075e+01
     vertex  4.090999e+01  3.900000e+01  4.607928e+01
     vertex  4.000000e+00  3.900000e+01  7.000000e+01
   endloop
 endfacet
 facet normal  0.000000e+00  1.000000e+00  0.000000e+00
   outer loop
     vertex  4.128391e+01  3.900000e+01  4.627747e+01
     vertex  4.109572e+01  3.900000e+01  4.618075e+01
     vertex  4.000000e+00  3.900000e+01  7.000000e+01
   endloop
 endfacet
 facet normal  0.000000e+00  1.000000e+00  0.000000e+00
   outer loop
     vertex  4.147446e+01  3.900000e+01  4.636939e+01
     vertex  4.128391e+01  3.900000e+01  4.627747e+01
     vertex  4.000000e+00  3.900000e+01  7.000000e+01
   endloop
 endfacet
 facet normal  0.000000e+00  1.000000e+00  0.000000e+00
   outer loop
     vertex  4.166723e+01  3.900000e+01  4.645644e+01
     vertex  4.147446e+01  3.900000e+01  4.636939e+01
     vertex  4.000000e+00  3.900000e+01  7.000000e+01
   endloop
 endfacet
 facet normal  0.000000e+00  1.000000e+00  0.000000e+00
   outer loop
     vertex  4.186212e+01  3.900000e+01  4.653857e+01
     vertex  4.166723e+01  3.900000e+01  4.645644e+01
     vertex  4.000000e+00  3.900000e+01  7.000000e+01
   endloop
 endfacet
 facet normal  0.000000e+00  1.000000e+00  0.000000e+00
   outer loop
     vertex  4.205899e+01  3.900000e+01  4.661572e+01
     vertex  4.186212e+01  3.900000e+01  4.653857e+01
     vertex  4.000000e+00  3.900000e+01  7.000000e+01
   endloop
 endfacet
 facet normal  0.000000e+00  1.000000e+00  0.000000e+00
   outer loop
     vertex  4.225772e+01  3.900000e+01  4.668786e+01
     vertex  4.205899e+01  3.900000e+01  4.661572e+01
     vertex  4.000000e+00  3.900000e+01  7.000000e+01
   endloop
 endfacet
 facet normal  0.000000e+00  1.000000e+00  0.000000e+00
   outer loop
     vertex  4.245819e+01  3.900000e+01  4.675493e+01
     vertex  4.225772e+01  3.900000e+01  4.668786e+01
     vertex  4.000000e+00  3.900000e+01  7.000000e+01
   endloop
 endfacet
 facet normal  0.000000e+00  1.000000e+00  0.000000e+00
   outer loop
     vertex  4.266027e+01  3.900000e+01  4.681688e+01
     vertex  4.245819e+01  3.900000e+01  4.675493e+01
     vertex  4.000000e+00  3.900000e+01  7.000000e+01
   endloop
 endfacet
 facet normal  0.000000e+00  1.000000e+00  0.000000e+00
   outer loop
     vertex  4.286383e+01  3.900000e+01  4.687370e+01
     vertex  4.266027e+01  3.900000e+01  4.681688e+01
     vertex  4.000000e+00  3.900000e+01  7.000000e+01
   endloop
 endfacet
 facet normal  0.000000e+00  1.000000e+00  0.000000e+00
   outer loop
     vertex  4.306874e+01  3.900000e+01  4.692532e+01
     vertex  4.286383e+01  3.900000e+01  4.687370e+01
     vertex  4.000000e+00  3.900000e+01  7.000000e+01
   endloop
 endfacet
 facet normal  0.000000e+00  1.000000e+00  0.000000e+00
   outer loop
     vertex  4.327487e+01  3.900000e+01  4.697173e+01
     vertex  4.306874e+01  3.900000e+01  4.692532e+01
     vertex  4.000000e+00  3.900000e+01  7.000000e+01
   endloop
 endfacet
 facet normal  0.000000e+00  1.000000e+00  0.000000e+00
   outer loop
     vertex  4.348209e+01  3.900000e+01  4.701289e+01
     vertex  4.327487e+01  3.900000e+01  4.697173e+01
     vertex  4.000000e+00  3.900000e+01  7.000000e+01
   endloop
 endfacet
 facet normal  0.000000e+00  1.000000e+00  0.000000e+00
   outer loop
     vertex  4.369028e+01  3.900000e+01  4.704878e+01
     vertex  4.348209e+01  3.900000e+01  4.701289e+01
     vertex  4.000000e+00  3.900000e+01  7.000000e+01
   endloop
 endfacet
 facet normal  0.000000e+00  1.000000e+00  0.000000e+00
   outer loop
     vertex  4.389929e+01  3.900000e+01  4.707938e+01
     vertex  4.369028e+01  3.900000e+01  4.704878e+01
     vertex  4.000000e+00  3.900000e+01  7.000000e+01
   endloop
 endfacet
 facet normal  0.000000e+00  1.000000e+00  0.000000e+00
   outer loop
     vertex  4.410900e+01  3.900000e+01  4.710466e+01
     vertex  4.389929e+01  3.900000e+01  4.707938e+01
     vertex  4.000000e+00  3.900000e+01  7.000000e+01
   endloop
 endfacet
 facet normal  0.000000e+00  1.000000e+00  0.000000e+00
   outer loop
     vertex  4.431927e+01  3.900000e+01  4.712461e+01
     vertex  4.410900e+01  3.900000e+01  4.710466e+01
     vertex  4.000000e+00  3.900000e+01  7.000000e+01
   endloop
 endfacet
 facet normal  0.000000e+00  1.000000e+00  0.000000e+00
   outer loop
     vertex  4.452997e+01  3.900000e+01  4.713921e+01
     vertex  4.431927e+01  3.900000e+01  4.712461e+01
     vertex  4.000000e+00  3.900000e+01  7.000000e+01
   endloop
 endfacet
 facet normal  0.000000e+00  1.000000e+00  0.000000e+00
   outer loop
     vertex  4.474098e+01  3.900000e+01  4.714846e+01
     vertex  4.452997e+01  3.900000e+01  4.713921e+01
     vertex  4.000000e+00  3.900000e+01  7.000000e+01
   endloop
 endfacet
 facet normal  0.000000e+00  1.000000e+00  0.000000e+00
   outer loop
     vertex  4.495214e+01  3.900000e+01  4.715236e+01
     vertex  4.474098e+01  3.900000e+01  4.714846e+01
     vertex  4.000000e+00  3.900000e+01  7.000000e+01
   endloop
 endfacet
 facet normal  0.000000e+00  1.000000e+00  0.000000e+00
   outer loop
     vertex  8.600000e+01  3.900000e+01  4.000000e+01
     vertex  5.217901e+01  3.900000e+01  4.307336e+01
     vertex  5.206724e+01  3.900000e+01  4.325418e+01
   endloop
 endfacet
 facet normal  0.000000e+00  1.000000e+00  0.000000e+00
   outer loop
     vertex  8.600000e+01  3.900000e+01  4.000000e+01
     vertex  5.228623e+01  3.900000e+01  4.288976e+01
     vertex  5.217901e+01  3.900000e+01  4.307336e+01
   endloop
 endfacet
 facet normal  0.000000e+00  1.000000e+00  0.000000e+00
   outer loop
     vertex  8.600000e+01  3.900000e+01  4.000000e+01
     vertex  5.238884e+01  3.900000e+01  4.270350e+01
     vertex  5.228623e+01  3.900000e+01  4.288976e+01
   endloop
 endfacet
 facet normal  0.000000e+00  1.000000e+00  0.000000e+00
   outer loop
     vertex  8.600000e+01  3.900000e+01  4.000000e+01
     vertex  5.248678e+01  3.900000e+01  4.251469e+01
     vertex  5.238884e+01  3.900000e+01  4.270350e+01
   endloop
 endfacet
 facet normal  0.000000e+00  1.000000e+00  0.000000e+00
   outer loop
     vertex  8.600000e+01  3.900000e+01  4.000000e+01
     vertex  5.257997e+01  3.900000e+01  4.232346e+01
     vertex  5.248678e+01  3.900000e+01  4.251469e+01
   endloop
 endfacet
 facet normal  0.000000e+00  1.000000e+00  0.000000e+00
   outer loop
     vertex  8.600000e+01  3.900000e+01  4.000000e+01
     vertex  5.266838e+01  3.900000e+01  4.212992e+01
     vertex  5.257997e+01  3.900000e+01  4.232346e+01
   endloop
 endfacet
 facet normal  0.000000e+00  1.000000e+00  0.000000e+00
   outer loop
     vertex  8.600000e+01  3.900000e+01  4.000000e+01
     vertex  5.275192e+01  3.900000e+01  4.193420e+01
     vertex  5.266838e+01  3.900000e+01  4.212992e+01
   endloop
 endfacet
 facet normal  0.000000e+00  1.000000e+00  0.000000e+00
   outer loop
     vertex  8.600000e+01  3.900000e+01  4.000000e+01
     vertex  5.283057e+01  3.900000e+01  4.173642e+01
     vertex  5.275192e+01  3.900000e+01  4.193420e+01
   endloop
 endfacet
 facet normal  0.000000e+00  1.000000e+00  0.000000e+00
   outer loop
     vertex  8.600000e+01  3.900000e+01  4.000000e+01
     vertex  5.290425e+01  3.900000e+01  4.153670e+01
     vertex  5.283057e+01  3.900000e+01  4.173642e+01
   endloop
 endfacet
 facet normal  0.000000e+00  1.000000e+00  0.000000e+00
   outer loop
     vertex  8.600000e+01  3.900000e+01  4.000000e+01
     vertex  5.297294e+01  3.900000e+01  4.133518e+01
     vertex  5.290425e+01  3.900000e+01  4.153670e+01
   endloop
 endfacet
 facet normal  0.000000e+00  1.000000e+00  0.000000e+00
   outer loop
     vertex  8.600000e+01  3.900000e+01  4.000000e+01
     vertex  5.303658e+01  3.900000e+01  4.113198e+01
     vertex  5.297294e+01  3.900000e+01  4.133518e+01
   endloop
 endfacet
 facet normal  0.000000e+00  1.000000e+00  0.000000e+00
   outer loop
     vertex  8.600000e+01  3.900000e+01  4.000000e+01
     vertex  5.309513e+01  3.900000e+01  4.092723e+01
     vertex  5.303658e+01  3.900000e+01  4.113198e+01
   endloop
 endfacet
 facet normal  0.000000e+00  1.000000e+00  0.000000e+00
   outer loop
     vertex  8.600000e+01  3.900000e+01  4.000000e+01
     vertex  5.314856e+01  3.900000e+01  4.072105e+01
     vertex  5.309513e+01  3.900000e+01  4.092723e+01
   endloop
 endfacet
 facet normal  0.000000e+00  1.000000e+00  0.000000e+00
   outer loop
     vertex  8.600000e+01  3.900000e+01  4.000000e+01
     vertex  5.319684e+01  3.900000e+01  4.051359e+01
     vertex  5.314856e+01  3.900000e+01  4.072105e+01
   endloop
 endfacet
 facet normal  0.000000e+00  1.000000e+00  0.000000e+00
   outer loop
     vertex  8.600000e+01  3.900000e+01  4.000000e+01
     vertex  5.323992e+01  3.900000e+01  4.030497e+01
     vertex  5.319684e+01  3.900000e+01  4.051359e+01
   endloop
 endfacet
 facet normal  0.000000e+00  1.000000e+00  0.000000e+00
   outer loop
     vertex  8.600000e+01  3.900000e+01  4.000000e+01
     vertex  5.326796e+01  3.900000e+01  4.015273e+01
     vertex  5.323992e+01  3.900000e+01  4.030497e+01
   endloop
 endfacet
 facet normal  0.000000e+00  1.000000e+00  0.000000e+00
   outer loop
     vertex  8.600000e+01  3.900000e+01  4.000000e+01
     vertex  5.329324e+01  3.900000e+01  4.000000e+01
     vertex  5.326796e+01  3.900000e+01  4.015273e+01
   endloop
 endfacet
 facet normal  0.000000e+00  1.000000e+00  0.000000e+00
   outer loop
     vertex  8.600000e+01  3.900000e+01  7.000000e+01
     vertex  5.206724e+01  3.900000e+01  4.325418e+01
     vertex  5.195100e+01  3.900000e+01  4.343211e+01
   endloop
 endfacet
 facet normal  0.000000e+00  1.000000e+00  0.000000e+00
   outer loop
     vertex  8.600000e+01  3.900000e+01  7.000000e+01
     vertex  4.495214e+01  3.900000e+01  4.715236e+01
     vertex  4.000000e+00  3.900000e+01  7.000000e+01
   endloop
 endfacet
 facet normal  0.000000e+00  1.000000e+00  0.000000e+00
   outer loop
     vertex  8.600000e+01  3.900000e+01  7.000000e+01
     vertex  8.600000e+01  3.900000e+01  4.000000e+01
     vertex  5.206724e+01  3.900000e+01  4.325418e+01
   endloop
 endfacet
 facet normal  0.000000e+00  1.000000e+00  0.000000e+00
   outer loop
     vertex  8.600000e+01  3.900000e+01  7.000000e+01
     vertex  4.516334e+01  3.900000e+01  4.715089e+01
     vertex  4.495214e+01  3.900000e+01  4.715236e+01
   endloop
 endfacet
 facet normal  0.000000e+00  1.000000e+00  0.000000e+00
   outer loop
     vertex  8.600000e+01  3.900000e+01  7.000000e+01
     vertex  4.537443e+01  3.900000e+01  4.714407e+01
     vertex  4.516334e+01  3.900000e+01  4.715089e+01
   endloop
 endfacet
 facet normal  0.000000e+00  1.000000e+00  0.000000e+00
   outer loop
     vertex  8.600000e+01  3.900000e+01  7.000000e+01
     vertex  4.558528e+01  3.900000e+01  4.713189e+01
     vertex  4.537443e+01  3.900000e+01  4.714407e+01
   endloop
 endfacet
 facet normal  0.000000e+00  1.000000e+00  0.000000e+00
   outer loop
     vertex  8.600000e+01  3.900000e+01  7.000000e+01
     vertex  4.579577e+01  3.900000e+01  4.711436e+01
     vertex  4.558528e+01  3.900000e+01  4.713189e+01
   endloop
 endfacet
 facet normal  0.000000e+00  1.000000e+00  0.000000e+00
   outer loop
     vertex  8.600000e+01  3.900000e+01  7.000000e+01
     vertex  4.600575e+01  3.900000e+01  4.709149e+01
     vertex  4.579577e+01  3.900000e+01  4.711436e+01
   endloop
 endfacet
 facet normal  0.000000e+00  1.000000e+00  0.000000e+00
   outer loop
     vertex  8.600000e+01  3.900000e+01  7.000000e+01
     vertex  4.621510e+01  3.900000e+01  4.706330e+01
     vertex  4.600575e+01  3.900000e+01  4.709149e+01
   endloop
 endfacet
 facet normal  0.000000e+00  1.000000e+00  0.000000e+00
   outer loop
     vertex  8.600000e+01  3.900000e+01  7.000000e+01
     vertex  4.642367e+01  3.900000e+01  4.702981e+01
     vertex  4.621510e+01  3.900000e+01  4.706330e+01
   endloop
 endfacet
 facet normal  0.000000e+00  1.000000e+00  0.000000e+00
   outer loop
     vertex  8.600000e+01  3.900000e+01  7.000000e+01
     vertex  4.663135e+01  3.900000e+01  4.699104e+01
     vertex  4.642367e+01  3.900000e+01  4.702981e+01
   endloop
 endfacet
 facet normal  0.000000e+00  1.000000e+00  0.000000e+00
   outer loop
     vertex  8.600000e+01  3.900000e+01  7.000000e+01
     vertex  4.683799e+01  3.900000e+01  4.694700e+01
     vertex  4.663135e+01  3.900000e+01  4.699104e+01
   endloop
 endfacet
 facet normal  0.000000e+00  1.000000e+00  0.000000e+00
   outer loop
     vertex  8.600000e+01  3.900000e+01  7.000000e+01
     vertex  4.704347e+01  3.900000e+01  4.689774e+01
     vertex  4.683799e+01  3.900000e+01  4.694700e+01
   endloop
 endfacet
 facet normal  0.000000e+00  1.000000e+00  0.000000e+00
   outer loop
     vertex  8.600000e+01  3.900000e+01  7.000000e+01
     vertex  4.724766e+01  3.900000e+01  4.684327e+01
     vertex  4.704347e+01  3.900000e+01  4.689774e+01
   endloop
 endfacet
 facet normal  0.000000e+00  1.000000e+00  0.000000e+00
   outer loop
     vertex  8.600000e+01  3.900000e+01  7.000000e+01
     vertex  4.745042e+01  3.900000e+01  4.678364e+01
     vertex  4.724766e+01  3.900000e+01  4.684327e+01
   endloop
 endfacet
 facet normal  0.000000e+00  1.000000e+00  0.000000e+00
   outer loop
     vertex  8.600000e+01  3.900000e+01  7.000000e+01
     vertex  4.765163e+01  3.900000e+01  4.671888e+01
     vertex  4.745042e+01  3.900000e+01  4.678364e+01
   endloop
 endfacet
 facet normal  0.000000e+00  1.000000e+00  0.000000e+00
   outer loop
     vertex  8.600000e+01  3.900000e+01  7.000000e+01
     vertex  4.785117e+01  3.900000e+01  4.664904e+01
     vertex  4.765163e+01  3.900000e+01  4.671888e+01
   endloop
 endfacet
 facet normal  0.000000e+00  1.000000e+00  0.000000e+00
   outer loop
     vertex  8.600000e+01  3.900000e+01  7.000000e+01
     vertex  4.804890e+01  3.900000e+01  4.657415e+01
     vertex  4.785117e+01  3.900000e+01  4.664904e+01
   endloop
 endfacet
 facet normal  0.000000e+00  1.000000e+00  0.000000e+00
   outer loop
     vertex  8.600000e+01  3.900000e+01  7.000000e+01
     vertex  4.824470e+01  3.900000e+01  4.649427e+01
     vertex  4.804890e+01  3.900000e+01  4.657415e+01
   endloop
 endfacet
 facet normal  0.000000e+00  1.000000e+00  0.000000e+00
   outer loop
     vertex  8.600000e+01  3.900000e+01  7.000000e+01
     vertex  4.843845e+01  3.900000e+01  4.640944e+01
     vertex  4.824470e+01  3.900000e+01  4.649427e+01
   endloop
 endfacet
 facet normal  0.000000e+00  1.000000e+00  0.000000e+00
   outer loop
     vertex  8.600000e+01  3.900000e+01  7.000000e+01
     vertex  4.863002e+01  3.900000e+01  4.631973e+01
     vertex  4.843845e+01  3.900000e+01  4.640944e+01
   endloop
 endfacet
 facet normal  0.000000e+00  1.000000e+00  0.000000e+00
   outer loop
     vertex  8.600000e+01  3.900000e+01  7.000000e+01
     vertex  4.881930e+01  3.900000e+01  4.622518e+01
     vertex  4.863002e+01  3.900000e+01  4.631973e+01
   endloop
 endfacet
 facet normal  0.000000e+00  1.000000e+00  0.000000e+00
   outer loop
     vertex  8.600000e+01  3.900000e+01  7.000000e+01
     vertex  4.900615e+01  3.900000e+01  4.612585e+01
     vertex  4.881930e+01  3.900000e+01  4.622518e+01
   endloop
 endfacet
 facet normal  0.000000e+00  1.000000e+00  0.000000e+00
   outer loop
     vertex  8.600000e+01  3.900000e+01  7.000000e+01
     vertex  4.919048e+01  3.900000e+01  4.602182e+01
     vertex  4.900615e+01  3.900000e+01  4.612585e+01
   endloop
 endfacet
 facet normal  0.000000e+00  1.000000e+00  0.000000e+00
   outer loop
     vertex  8.600000e+01  3.900000e+01  7.000000e+01
     vertex  4.937215e+01  3.900000e+01  4.591314e+01
     vertex  4.919048e+01  3.900000e+01  4.602182e+01
   endloop
 endfacet
 facet normal  0.000000e+00  1.000000e+00  0.000000e+00
   outer loop
     vertex  8.600000e+01  3.900000e+01  7.000000e+01
     vertex  4.955105e+01  3.900000e+01  4.579988e+01
     vertex  4.937215e+01  3.900000e+01  4.591314e+01
   endloop
 endfacet
 facet normal  0.000000e+00  1.000000e+00  0.000000e+00
   outer loop
     vertex  8.600000e+01  3.900000e+01  7.000000e+01
     vertex  4.972708e+01  3.900000e+01  4.568212e+01
     vertex  4.955105e+01  3.900000e+01  4.579988e+01
   endloop
 endfacet
 facet normal  0.000000e+00  1.000000e+00  0.000000e+00
   outer loop
     vertex  8.600000e+01  3.900000e+01  7.000000e+01
     vertex  4.990011e+01  3.900000e+01  4.555992e+01
     vertex  4.972708e+01  3.900000e+01  4.568212e+01
   endloop
 endfacet
 facet normal  0.000000e+00  1.000000e+00  0.000000e+00
   outer loop
     vertex  8.600000e+01  3.900000e+01  7.000000e+01
     vertex  5.007004e+01  3.900000e+01  4.543338e+01
     vertex  4.990011e+01  3.900000e+01  4.555992e+01
   endloop
 endfacet
 facet normal  0.000000e+00  1.000000e+00  0.000000e+00
   outer loop
     vertex  8.600000e+01  3.900000e+01  7.000000e+01
     vertex  5.023676e+01  3.900000e+01  4.530256e+01
     vertex  5.007004e+01  3.900000e+01  4.543338e+01
   endloop
 endfacet
 facet normal  0.000000e+00  1.000000e+00  0.000000e+00
   outer loop
     vertex  8.600000e+01  3.900000e+01  7.000000e+01
     vertex  5.040017e+01  3.900000e+01  4.516755e+01
     vertex  5.023676e+01  3.900000e+01  4.530256e+01
   endloop
 endfacet
 facet normal  0.000000e+00  1.000000e+00  0.000000e+00
   outer loop
     vertex  8.600000e+01  3.900000e+01  7.000000e+01
     vertex  5.056016e+01  3.900000e+01  4.502843e+01
     vertex  5.040017e+01  3.900000e+01  4.516755e+01
   endloop
 endfacet
 facet normal  0.000000e+00  1.000000e+00  0.000000e+00
   outer loop
     vertex  8.600000e+01  3.900000e+01  7.000000e+01
     vertex  5.071664e+01  3.900000e+01  4.488530e+01
     vertex  5.056016e+01  3.900000e+01  4.502843e+01
   endloop
 endfacet
 facet normal  0.000000e+00  1.000000e+00  0.000000e+00
   outer loop
     vertex  8.600000e+01  3.900000e+01  7.000000e+01
     vertex  5.086949e+01  3.900000e+01  4.473825e+01
     vertex  5.071664e+01  3.900000e+01  4.488530e+01
   endloop
 endfacet
 facet normal  0.000000e+00  1.000000e+00  0.000000e+00
   outer loop
     vertex  8.600000e+01  3.900000e+01  7.000000e+01
     vertex  5.101863e+01  3.900000e+01  4.458736e+01
     vertex  5.086949e+01  3.900000e+01  4.473825e+01
   endloop
 endfacet
 facet normal  0.000000e+00  1.000000e+00  0.000000e+00
   outer loop
     vertex  8.600000e+01  3.900000e+01  7.000000e+01
     vertex  5.116397e+01  3.900000e+01  4.443273e+01
     vertex  5.101863e+01  3.900000e+01  4.458736e+01
   endloop
 endfacet
 facet normal  0.000000e+00  1.000000e+00  0.000000e+00
   outer loop
     vertex  8.600000e+01  3.900000e+01  7.000000e+01
     vertex  5.130540e+01  3.900000e+01  4.427446e+01
     vertex  5.116397e+01  3.900000e+01  4.443273e+01
   endloop
 endfacet
 facet normal  0.000000e+00  1.000000e+00  0.000000e+00
   outer loop
     vertex  8.600000e+01  3.900000e+01  7.000000e+01
     vertex  5.144284e+01  3.900000e+01  4.411266e+01
     vertex  5.130540e+01  3.900000e+01  4.427446e+01
   endloop
 endfacet
 facet normal  0.000000e+00  1.000000e+00  0.000000e+00
   outer loop
     vertex  8.600000e+01  3.900000e+01  7.000000e+01
     vertex  5.157620e+01  3.900000e+01  4.394741e+01
     vertex  5.144284e+01  3.900000e+01  4.411266e+01
   endloop
 endfacet
 facet normal  0.000000e+00  1.000000e+00  0.000000e+00
   outer loop
     vertex  8.600000e+01  3.900000e+01  7.000000e+01
     vertex  5.170541e+01  3.900000e+01  4.377883e+01
     vertex  5.157620e+01  3.900000e+01  4.394741e+01
   endloop
 endfacet
 facet normal  0.000000e+00  1.000000e+00  0.000000e+00
   outer loop
     vertex  8.600000e+01  3.900000e+01  7.000000e+01
     vertex  5.183037e+01  3.900000e+01  4.360703e+01
     vertex  5.170541e+01  3.900000e+01  4.377883e+01
   endloop
 endfacet
 facet normal  0.000000e+00  1.000000e+00  0.000000e+00
   outer loop
     vertex  8.600000e+01  3.900000e+01  7.000000e+01
     vertex  5.195100e+01  3.900000e+01  4.343211e+01
     vertex  5.183037e+01  3.900000e+01  4.360703e+01
   endloop
 endfacet
 facet normal -1.000000e+00  0.000000e+00  0.000000e+00
   outer loop
     vertex  8.600000e+01  3.900000e+01  7.000000e+01
     vertex  8.600000e+01  5.100000e+01  4.000000e+01
     vertex  8.600000e+01  3.900000e+01  4.000000e+01
   endloop
 endfacet
 facet normal -1.000000e+00  0.000000e+00  0.000000e+00
   outer loop
     vertex  8.600000e+01  3.900000e+01  7.000000e+01
     vertex  8.600000e+01  5.100000e+01  7.000000e+01
     vertex  8.600000e+01  5.100000e+01  4.000000e+01
   endloop
 endfacet
 facet normal  0.000000e+00 -1.000000e+00  0.000000e+00
   outer loop
     vertex  8.600000e+01  5.100000e+01  4.000000e+01
     vertex  4.000000e+00  5.100000e+01  7.000000e+01
     vertex  4.000000e+00  5.100000e+01  4.000000e+01
   endloop
 endfacet
 facet normal -0.000000e+00 -1.000000e+00 -0.000000e+00
   outer loop
     vertex  8.600000e+01  5.100000e+01  7.000000e+01
     vertex  4.000000e+00  5.100000e+01  7.000000e+01
     vertex  8.600000e+01  5.100000e+01  4.000000e+01
   endloop
 endfacet
 facet normal  1.000000e+00  0.000000e+00  0.000000e+00
   outer loop
     vertex  4.000000e+00  3.900000e+01  7.000000e+01
     vertex  4.000000e+00  3.900000e+01  4.000000e+01
     vertex  4.000000e+00  5.100000e+01  4.000000e+01
   endloop
 endfacet
 facet normal  1.000000e+00 -0.000000e+00  0.000000e+00
   outer loop
     vertex  4.000000e+00  3.900000e+01  7.000000e+01
     vertex  4.000000e+00  5.100000e+01  4.000000e+01
     vertex  4.000000e+00  5.100000e+01  7.000000e+01
   endloop
 endfacet
 facet normal  2.312463e-12 -9.941445e-01 -1.080592e-01
   outer loop
     vertex  4.196726e+01  4.528184e+01  3.740711e+01
     vertex  4.203964e+01  4.529068e+01  3.732572e+01
     vertex  4.211422e+01  4.529931e+01  3.724633e+01
   endloop
 endfacet
 facet normal  4.087831e-13 -9.941445e-01 -1.080592e-01
   outer loop
     vertex  4.196726e+01  4.528184e+01  3.740711e+01
     vertex  4.211422e+01  4.529931e+01  3.724633e+01
     vertex  4.219096e+01  4.530772e+01  3.716900e+01
   endloop
 endfacet
 facet normal  1.887603e-12 -9.941445e-01 -1.080592e-01
   outer loop
     vertex  4.182936e+01  4.526352e+01  3.757562e+01
     vertex  4.189715e+01  4.527278e+01  3.749043e+01
     vertex  4.196726e+01  4.528184e+01  3.740711e+01
   endloop
 endfacet
 facet normal -2.830785e-13 -9.941445e-01 -1.080592e-01
   outer loop
     vertex  4.182936e+01  4.526352e+01  3.757562e+01
     vertex  4.196726e+01  4.528184e+01  3.740711e+01
     vertex  4.219096e+01  4.530772e+01  3.716900e+01
   endloop
 endfacet
 facet normal  1.914863e-13 -9.941445e-01 -1.080592e-01
   outer loop
     vertex  4.260488e+01  4.534618e+01  3.681511e+01
     vertex  4.243350e+01  4.533153e+01  3.694989e+01
     vertex  4.251826e+01  4.533899e+01  3.688133e+01
   endloop
 endfacet
 facet normal -1.954091e-12 -9.941445e-01 -1.080592e-01
   outer loop
     vertex  4.170092e+01  4.524442e+01  3.775137e+01
     vertex  4.176393e+01  4.525406e+01  3.766263e+01
     vertex  4.182936e+01  4.526352e+01  3.757562e+01
   endloop
 endfacet
 facet normal  7.718995e-13 -9.941445e-01 -1.080592e-01
   outer loop
     vertex  4.287518e+01  4.536621e+01  3.663087e+01
     vertex  4.260488e+01  4.534618e+01  3.681511e+01
     vertex  4.269328e+01  4.535312e+01  3.675126e+01
   endloop
 endfacet
 facet normal  1.163545e-14 -9.941445e-01 -1.080592e-01
   outer loop
     vertex  4.287518e+01  4.536621e+01  3.663087e+01
     vertex  4.269328e+01  4.535312e+01  3.675126e+01
     vertex  4.278340e+01  4.535980e+01  3.668983e+01
   endloop
 endfacet
 facet normal  1.458088e-12 -9.941445e-01 -1.080592e-01
   outer loop
     vertex  4.152683e+01  4.521441e+01  3.802741e+01
     vertex  4.158232e+01  4.522458e+01  3.793383e+01
     vertex  4.164037e+01  4.523459e+01  3.784180e+01
   endloop
 endfacet
 facet normal -8.858445e-13 -9.941445e-01 -1.080592e-01
   outer loop
     vertex  4.152683e+01  4.521441e+01  3.802741e+01
     vertex  4.164037e+01  4.523459e+01  3.784180e+01
     vertex  4.170092e+01  4.524442e+01  3.775137e+01
   endloop
 endfacet
 facet normal  1.388941e-12 -9.941445e-01 -1.080592e-01
   outer loop
     vertex  4.306342e+01  4.537820e+01  3.652054e+01
     vertex  4.287518e+01  4.536621e+01  3.663087e+01
     vertex  4.296854e+01  4.537234e+01  3.657443e+01
   endloop
 endfacet
 facet normal  1.269683e-13 -9.941445e-01 -1.080592e-01
   outer loop
     vertex  4.147393e+01  4.520408e+01  3.812246e+01
     vertex  4.170092e+01  4.524442e+01  3.775137e+01
     vertex  4.182936e+01  4.526352e+01  3.757562e+01
   endloop
 endfacet
 facet normal  5.961058e-13 -9.941445e-01 -1.080592e-01
   outer loop
     vertex  4.147393e+01  4.520408e+01  3.812246e+01
     vertex  4.152683e+01  4.521441e+01  3.802741e+01
     vertex  4.170092e+01  4.524442e+01  3.775137e+01
   endloop
 endfacet
 facet normal -2.012426e-14 -9.941445e-01 -1.080592e-01
   outer loop
     vertex  4.315974e+01  4.538378e+01  3.646926e+01
     vertex  4.260488e+01  4.534618e+01  3.681511e+01
     vertex  4.287518e+01  4.536621e+01  3.663087e+01
   endloop
 endfacet
 facet normal -4.400404e-13 -9.941445e-01 -1.080592e-01
   outer loop
     vertex  4.315974e+01  4.538378e+01  3.646926e+01
     vertex  4.287518e+01  4.536621e+01  3.663087e+01
     vertex  4.306342e+01  4.537820e+01  3.652054e+01
   endloop
 endfacet
 facet normal  5.085987e-15 -9.941445e-01 -1.080592e-01
   outer loop
     vertex  4.325744e+01  4.538907e+01  3.642060e+01
     vertex  4.243350e+01  4.533153e+01  3.694989e+01
     vertex  4.260488e+01  4.534618e+01  3.681511e+01
   endloop
 endfacet
 facet normal  2.620452e-13 -9.941445e-01 -1.080592e-01
   outer loop
     vertex  4.325744e+01  4.538907e+01  3.642060e+01
     vertex  4.260488e+01  4.534618e+01  3.681511e+01
     vertex  4.315974e+01  4.538378e+01  3.646926e+01
   endloop
 endfacet
 facet normal  3.899839e-14 -9.941445e-01 -1.080592e-01
   outer loop
     vertex  4.335643e+01  4.539406e+01  3.637462e+01
     vertex  4.226979e+01  4.531589e+01  3.709377e+01
     vertex  4.235066e+01  4.532383e+01  3.702072e+01
   endloop
 endfacet
 facet normal -1.047620e-13 -9.941445e-01 -1.080592e-01
   outer loop
     vertex  4.335643e+01  4.539406e+01  3.637462e+01
     vertex  4.235066e+01  4.532383e+01  3.702072e+01
     vertex  4.243350e+01  4.533153e+01  3.694989e+01
   endloop
 endfacet
 facet normal -7.526205e-14 -9.941445e-01 -1.080592e-01
   outer loop
     vertex  4.335643e+01  4.539406e+01  3.637462e+01
     vertex  4.243350e+01  4.533153e+01  3.694989e+01
     vertex  4.325744e+01  4.538907e+01  3.642060e+01
   endloop
 endfacet
 facet normal  1.343064e-13 -9.941445e-01 -1.080592e-01
   outer loop
     vertex  4.133115e+01  4.517220e+01  3.841573e+01
     vertex  4.137605e+01  4.518297e+01  3.831669e+01
     vertex  4.142365e+01  4.519360e+01  3.821891e+01
   endloop
 endfacet
 facet normal  6.623882e-13 -9.941445e-01 -1.080592e-01
   outer loop
     vertex  4.133115e+01  4.517220e+01  3.841573e+01
     vertex  4.142365e+01  4.519360e+01  3.821891e+01
     vertex  4.147393e+01  4.520408e+01  3.812246e+01
   endloop
 endfacet
 facet normal -1.993319e-12 -9.941445e-01 -1.080592e-01
   outer loop
     vertex  4.124960e+01  4.515030e+01  3.861727e+01
     vertex  4.128899e+01  4.516131e+01  3.851595e+01
     vertex  4.133115e+01  4.517220e+01  3.841573e+01
   endloop
 endfacet
 facet normal -8.998060e-14 -9.941445e-01 -1.080592e-01
   outer loop
     vertex  4.124960e+01  4.515030e+01  3.861727e+01
     vertex  4.147393e+01  4.520408e+01  3.812246e+01
     vertex  4.182936e+01  4.526352e+01  3.757562e+01
   endloop
 endfacet
 facet normal -4.900179e-14 -9.941445e-01 -1.080592e-01
   outer loop
     vertex  4.124960e+01  4.515030e+01  3.861727e+01
     vertex  4.219096e+01  4.530772e+01  3.716900e+01
     vertex  4.226979e+01  4.531589e+01  3.709377e+01
   endloop
 endfacet
 facet normal  6.070420e-15 -9.941445e-01 -1.080592e-01
   outer loop
     vertex  4.124960e+01  4.515030e+01  3.861727e+01
     vertex  4.182936e+01  4.526352e+01  3.757562e+01
     vertex  4.219096e+01  4.530772e+01  3.716900e+01
   endloop
 endfacet
 facet normal -4.145902e-13 -9.941445e-01 -1.080592e-01
   outer loop
     vertex  4.124960e+01  4.515030e+01  3.861727e+01
     vertex  4.133115e+01  4.517220e+01  3.841573e+01
     vertex  4.147393e+01  4.520408e+01  3.812246e+01
   endloop
 endfacet
 facet normal  1.075614e-12 -9.941445e-01 -1.080592e-01
   outer loop
     vertex  4.366048e+01  4.540728e+01  3.625303e+01
     vertex  4.345666e+01  4.539877e+01  3.633134e+01
     vertex  4.355803e+01  4.540317e+01  3.629080e+01
   endloop
 endfacet
 facet normal -5.358957e-13 -9.941445e-01 -1.080592e-01
   outer loop
     vertex  4.117925e+01  4.512794e+01  3.882294e+01
     vertex  4.121301e+01  4.513917e+01  3.871963e+01
     vertex  4.124960e+01  4.515030e+01  3.861727e+01
   endloop
 endfacet
 facet normal -1.983324e-14 -9.941445e-01 -1.080592e-01
   outer loop
     vertex  4.397352e+01  4.541776e+01  3.615659e+01
     vertex  4.345666e+01  4.539877e+01  3.633134e+01
     vertex  4.366048e+01  4.540728e+01  3.625303e+01
   endloop
 endfacet
 facet normal  4.278478e-13 -9.941445e-01 -1.080592e-01
   outer loop
     vertex  4.397352e+01  4.541776e+01  3.615659e+01
     vertex  4.366048e+01  4.540728e+01  3.625303e+01
     vertex  4.376393e+01  4.541108e+01  3.621805e+01
   endloop
 endfacet
 facet normal -8.643479e-14 -9.941445e-01 -1.080592e-01
   outer loop
     vertex  4.397352e+01  4.541776e+01  3.615659e+01
     vertex  4.376393e+01  4.541108e+01  3.621805e+01
     vertex  4.386830e+01  4.541458e+01  3.618590e+01
   endloop
 endfacet
 facet normal -8.045084e-13 -9.941445e-01 -1.080592e-01
   outer loop
     vertex  4.107291e+01  4.508215e+01  3.924420e+01
     vertex  4.109514e+01  4.509371e+01  3.913784e+01
     vertex  4.112029e+01  4.510520e+01  3.903212e+01
   endloop
 endfacet
 facet normal  1.436505e-13 -9.941445e-01 -1.080592e-01
   outer loop
     vertex  4.429345e+01  4.542544e+01  3.608595e+01
     vertex  4.397352e+01  4.541776e+01  3.615659e+01
     vertex  4.407951e+01  4.542064e+01  3.613015e+01
   endloop
 endfacet
 facet normal -1.913201e-13 -9.941445e-01 -1.080592e-01
   outer loop
     vertex  4.429345e+01  4.542544e+01  3.608595e+01
     vertex  4.407951e+01  4.542064e+01  3.613015e+01
     vertex  4.418618e+01  4.542320e+01  3.610660e+01
   endloop
 endfacet
 facet normal  3.280905e-14 -9.941445e-01 -1.080592e-01
   outer loop
     vertex  4.105361e+01  4.507053e+01  3.935112e+01
     vertex  4.107291e+01  4.508215e+01  3.924420e+01
     vertex  4.112029e+01  4.510520e+01  3.903212e+01
   endloop
 endfacet
 facet normal -6.981179e-13 -9.941445e-01 -1.080592e-01
   outer loop
     vertex  4.105361e+01  4.507053e+01  3.935112e+01
     vertex  4.112029e+01  4.510520e+01  3.903212e+01
     vertex  4.114833e+01  4.511662e+01  3.892713e+01
   endloop
 endfacet
 facet normal  8.307035e-14 -9.941445e-01 -1.080592e-01
   outer loop
     vertex  4.105361e+01  4.507053e+01  3.935112e+01
     vertex  4.114833e+01  4.511662e+01  3.892713e+01
     vertex  4.117925e+01  4.512794e+01  3.882294e+01
   endloop
 endfacet
 facet normal -1.400204e-13 -9.941445e-01 -1.080592e-01
   outer loop
     vertex  4.461813e+01  4.543026e+01  3.604159e+01
     vertex  4.429345e+01  4.542544e+01  3.608595e+01
     vertex  4.440126e+01  4.542737e+01  3.606822e+01
   endloop
 endfacet
 facet normal  1.248941e-13 -9.941445e-01 -1.080592e-01
   outer loop
     vertex  4.461813e+01  4.543026e+01  3.604159e+01
     vertex  4.440126e+01  4.542737e+01  3.606822e+01
     vertex  4.450951e+01  4.542897e+01  3.605343e+01
   endloop
 endfacet
 facet normal -2.359005e-12 -9.941445e-01 -1.080592e-01
   outer loop
     vertex  4.100597e+01  4.502360e+01  3.978284e+01
     vertex  4.101343e+01  4.503538e+01  3.967447e+01
     vertex  4.102386e+01  4.504714e+01  3.956633e+01
   endloop
 endfacet
 facet normal  6.145047e-13 -9.941445e-01 -1.080592e-01
   outer loop
     vertex  4.100597e+01  4.502360e+01  3.978284e+01
     vertex  4.102386e+01  4.504714e+01  3.956633e+01
     vertex  4.103726e+01  4.505886e+01  3.945852e+01
   endloop
 endfacet
 facet normal  3.592602e-13 -9.941445e-01 -1.080592e-01
   outer loop
     vertex  4.100597e+01  4.502360e+01  3.978284e+01
     vertex  4.103726e+01  4.505886e+01  3.945852e+01
     vertex  4.105361e+01  4.507053e+01  3.935112e+01
   endloop
 endfacet
 facet normal -2.416185e-12 -9.941445e-01 -1.080592e-01
   outer loop
     vertex  4.100000e+01  4.500000e+01  4.000000e+01
     vertex  4.100149e+01  4.501181e+01  3.989138e+01
     vertex  4.100597e+01  4.502360e+01  3.978284e+01
   endloop
 endfacet
 facet normal -1.732037e-15 -9.941445e-01 -1.080592e-01
   outer loop
     vertex  4.100000e+01  4.500000e+01  4.000000e+01
     vertex  4.397352e+01  4.541776e+01  3.615659e+01
     vertex  4.429345e+01  4.542544e+01  3.608595e+01
   endloop
 endfacet
 facet normal -1.107254e-13 -9.941445e-01 -1.080592e-01
   outer loop
     vertex  4.100000e+01  4.500000e+01  4.000000e+01
     vertex  4.105361e+01  4.507053e+01  3.935112e+01
     vertex  4.117925e+01  4.512794e+01  3.882294e+01
   endloop
 endfacet
 facet normal  3.124955e-14 -9.941445e-01 -1.080592e-01
   outer loop
     vertex  4.100000e+01  4.500000e+01  4.000000e+01
     vertex  4.335643e+01  4.539406e+01  3.637462e+01
     vertex  4.345666e+01  4.539877e+01  3.633134e+01
   endloop
 endfacet
 facet normal  8.890905e-15 -9.941445e-01 -1.080592e-01
   outer loop
     vertex  4.100000e+01  4.500000e+01  4.000000e+01
     vertex  4.124960e+01  4.515030e+01  3.861727e+01
     vertex  4.226979e+01  4.531589e+01  3.709377e+01
   endloop
 endfacet
 facet normal  9.833323e-16 -9.941445e-01 -1.080592e-01
   outer loop
     vertex  4.100000e+01  4.500000e+01  4.000000e+01
     vertex  4.226979e+01  4.531589e+01  3.709377e+01
     vertex  4.335643e+01  4.539406e+01  3.637462e+01
   endloop
 endfacet
 facet normal  1.861546e-14 -9.941445e-01 -1.080592e-01
   outer loop
     vertex  4.100000e+01  4.500000e+01  4.000000e+01
     vertex  4.117925e+01  4.512794e+01  3.882294e+01
     vertex  4.124960e+01  4.515030e+01  3.861727e+01
   endloop
 endfacet
 facet normal -3.461114e-15 -9.941445e-01 -1.080592e-01
   outer loop
     vertex  4.100000e+01  4.500000e+01  4.000000e+01
     vertex  4.345666e+01  4.539877e+01  3.633134e+01
     vertex  4.397352e+01  4.541776e+01  3.615659e+01
   endloop
 endfacet
 facet normal  1.542709e-13 -9.941445e-01 -1.080592e-01
   outer loop
     vertex  4.100000e+01  4.500000e+01  4.000000e+01
     vertex  4.100597e+01  4.502360e+01  3.978284e+01
     vertex  4.105361e+01  4.507053e+01  3.935112e+01
   endloop
 endfacet
 facet normal -4.218743e-15 -9.941445e-01 -1.080592e-01
   outer loop
     vertex  4.505463e+01  4.543220e+01  3.602379e+01
     vertex  4.461813e+01  4.543026e+01  3.604159e+01
     vertex  4.472703e+01  4.543123e+01  3.603269e+01
   endloop
 endfacet
 facet normal -1.030609e-14 -9.941445e-01 -1.080592e-01
   outer loop
     vertex  4.505463e+01  4.543220e+01  3.602379e+01
     vertex  4.472703e+01  4.543123e+01  3.603269e+01
     vertex  4.483614e+01  4.543187e+01  3.602676e+01
   endloop
 endfacet
 facet normal -0.000000e+00 -9.941445e-01 -1.080592e-01
   outer loop
     vertex  4.505463e+01  4.543220e+01  3.602379e+01
     vertex  4.483614e+01  4.543187e+01  3.602676e+01
     vertex  4.494537e+01  4.543220e+01  3.602379e+01
   endloop
 endfacet
 facet normal -3.508816e-14 -9.941445e-01 -1.080592e-01
   outer loop
     vertex  4.538187e+01  4.543026e+01  3.604159e+01
     vertex  4.516386e+01  4.543187e+01  3.602676e+01
     vertex  4.527297e+01  4.543123e+01  3.603269e+01
   endloop
 endfacet
 facet normal  2.610783e-15 -9.941445e-01 -1.080592e-01
   outer loop
     vertex  4.559874e+01  4.542737e+01  3.606822e+01
     vertex  4.429345e+01  4.542544e+01  3.608595e+01
     vertex  4.461813e+01  4.543026e+01  3.604159e+01
   endloop
 endfacet
 facet normal  9.466941e-16 -9.941445e-01 -1.080592e-01
   outer loop
     vertex  4.559874e+01  4.542737e+01  3.606822e+01
     vertex  4.100000e+01  4.500000e+01  4.000000e+01
     vertex  4.429345e+01  4.542544e+01  3.608595e+01
   endloop
 endfacet
 facet normal  4.696029e-15 -9.941445e-01 -1.080592e-01
   outer loop
     vertex  4.559874e+01  4.542737e+01  3.606822e+01
     vertex  4.461813e+01  4.543026e+01  3.604159e+01
     vertex  4.505463e+01  4.543220e+01  3.602379e+01
   endloop
 endfacet
 facet normal -6.492995e-14 -9.941445e-01 -1.080592e-01
   outer loop
     vertex  4.559874e+01  4.542737e+01  3.606822e+01
     vertex  4.516386e+01  4.543187e+01  3.602676e+01
     vertex  4.538187e+01  4.543026e+01  3.604159e+01
   endloop
 endfacet
 facet normal  2.105880e-14 -9.941445e-01 -1.080592e-01
   outer loop
     vertex  4.559874e+01  4.542737e+01  3.606822e+01
     vertex  4.505463e+01  4.543220e+01  3.602379e+01
     vertex  4.516386e+01  4.543187e+01  3.602676e+01
   endloop
 endfacet
 facet normal -6.181334e-14 -9.941445e-01 -1.080592e-01
   outer loop
     vertex  4.559874e+01  4.542737e+01  3.606822e+01
     vertex  4.538187e+01  4.543026e+01  3.604159e+01
     vertex  4.549049e+01  4.542897e+01  3.605343e+01
   endloop
 endfacet
 facet normal -9.460903e-15 -9.941445e-01 -1.080592e-01
   outer loop
     vertex  4.570655e+01  4.542544e+01  3.608595e+01
     vertex  4.100000e+01  4.500000e+01  4.000000e+01
     vertex  4.559874e+01  4.542737e+01  3.606822e+01
   endloop
 endfacet
 facet normal -3.997609e-13 -9.941445e-01 -1.080592e-01
   outer loop
     vertex  4.602648e+01  4.541776e+01  3.615659e+01
     vertex  4.581382e+01  4.542320e+01  3.610660e+01
     vertex  4.592049e+01  4.542064e+01  3.613015e+01
   endloop
 endfacet
 facet normal  1.211497e-13 -9.941445e-01 -1.080592e-01
   outer loop
     vertex  4.613170e+01  4.541458e+01  3.618590e+01
     vertex  4.581382e+01  4.542320e+01  3.610660e+01
     vertex  4.602648e+01  4.541776e+01  3.615659e+01
   endloop
 endfacet
 facet normal  7.102042e-14 -9.941445e-01 -1.080592e-01
   outer loop
     vertex  4.613170e+01  4.541458e+01  3.618590e+01
     vertex  4.570655e+01  4.542544e+01  3.608595e+01
     vertex  4.581382e+01  4.542320e+01  3.610660e+01
   endloop
 endfacet
 facet normal  4.739270e-14 -9.941445e-01 -1.080592e-01
   outer loop
     vertex  4.623607e+01  4.541108e+01  3.621805e+01
     vertex  4.570655e+01  4.542544e+01  3.608595e+01
     vertex  4.613170e+01  4.541458e+01  3.618590e+01
   endloop
 endfacet
 facet normal -5.500244e-13 -9.941445e-01 -1.080592e-01
   outer loop
     vertex  4.644197e+01  4.540317e+01  3.629080e+01
     vertex  4.623607e+01  4.541108e+01  3.621805e+01
     vertex  4.633952e+01  4.540728e+01  3.625303e+01
   endloop
 endfacet
 facet normal -2.299709e-13 -9.941445e-01 -1.080592e-01
   outer loop
     vertex  4.684026e+01  4.538378e+01  3.646926e+01
     vertex  4.644197e+01  4.540317e+01  3.629080e+01
     vertex  4.654334e+01  4.539877e+01  3.633134e+01
   endloop
 endfacet
 facet normal  5.794788e-13 -9.941445e-01 -1.080592e-01
   outer loop
     vertex  4.684026e+01  4.538378e+01  3.646926e+01
     vertex  4.654334e+01  4.539877e+01  3.633134e+01
     vertex  4.664357e+01  4.539406e+01  3.637462e+01
   endloop
 endfacet
 facet normal -1.109025e-12 -9.941445e-01 -1.080592e-01
   outer loop
     vertex  4.684026e+01  4.538378e+01  3.646926e+01
     vertex  4.664357e+01  4.539406e+01  3.637462e+01
     vertex  4.674256e+01  4.538907e+01  3.642060e+01
   endloop
 endfacet
 facet normal -1.441030e-15 -9.941445e-01 -1.080592e-01
   outer loop
     vertex  4.712482e+01  4.536621e+01  3.663087e+01
     vertex  4.623607e+01  4.541108e+01  3.621805e+01
     vertex  4.644197e+01  4.540317e+01  3.629080e+01
   endloop
 endfacet
 facet normal -3.572587e-14 -9.941445e-01 -1.080592e-01
   outer loop
     vertex  4.712482e+01  4.536621e+01  3.663087e+01
     vertex  4.644197e+01  4.540317e+01  3.629080e+01
     vertex  4.684026e+01  4.538378e+01  3.646926e+01
   endloop
 endfacet
 facet normal -6.063025e-13 -9.941445e-01 -1.080592e-01
   outer loop
     vertex  4.712482e+01  4.536621e+01  3.663087e+01
     vertex  4.684026e+01  4.538378e+01  3.646926e+01
     vertex  4.693658e+01  4.537820e+01  3.652054e+01
   endloop
 endfacet
 facet normal -2.928810e-13 -9.941445e-01 -1.080592e-01
   outer loop
     vertex  4.712482e+01  4.536621e+01  3.663087e+01
     vertex  4.693658e+01  4.537820e+01  3.652054e+01
     vertex  4.703146e+01  4.537234e+01  3.657443e+01
   endloop
 endfacet
 facet normal  3.085057e-13 -9.941445e-01 -1.080592e-01
   outer loop
     vertex  4.739512e+01  4.534618e+01  3.681511e+01
     vertex  4.721660e+01  4.535980e+01  3.668983e+01
     vertex  4.730672e+01  4.535312e+01  3.675126e+01
   endloop
 endfacet
 facet normal -1.547924e-13 -9.941445e-01 -1.080592e-01
   outer loop
     vertex  4.748174e+01  4.533899e+01  3.688133e+01
     vertex  4.712482e+01  4.536621e+01  3.663087e+01
     vertex  4.721660e+01  4.535980e+01  3.668983e+01
   endloop
 endfacet
 facet normal -1.273789e-12 -9.941445e-01 -1.080592e-01
   outer loop
     vertex  4.748174e+01  4.533899e+01  3.688133e+01
     vertex  4.721660e+01  4.535980e+01  3.668983e+01
     vertex  4.739512e+01  4.534618e+01  3.681511e+01
   endloop
 endfacet
 facet normal  8.918501e-15 -9.941445e-01 -1.080592e-01
   outer loop
     vertex  4.764934e+01  4.532383e+01  3.702072e+01
     vertex  4.623607e+01  4.541108e+01  3.621805e+01
     vertex  4.712482e+01  4.536621e+01  3.663087e+01
   endloop
 endfacet
 facet normal -2.286533e-12 -9.941445e-01 -1.080592e-01
   outer loop
     vertex  4.764934e+01  4.532383e+01  3.702072e+01
     vertex  4.748174e+01  4.533899e+01  3.688133e+01
     vertex  4.756650e+01  4.533153e+01  3.694989e+01
   endloop
 endfacet
 facet normal  1.173125e-13 -9.941445e-01 -1.080592e-01
   outer loop
     vertex  4.764934e+01  4.532383e+01  3.702072e+01
     vertex  4.712482e+01  4.536621e+01  3.663087e+01
     vertex  4.748174e+01  4.533899e+01  3.688133e+01
   endloop
 endfacet
 facet normal -1.988448e-14 -9.941445e-01 -1.080592e-01
   outer loop
     vertex  4.773021e+01  4.531589e+01  3.709377e+01
     vertex  4.623607e+01  4.541108e+01  3.621805e+01
     vertex  4.764934e+01  4.532383e+01  3.702072e+01
   endloop
 endfacet
 facet normal -2.056325e-14 -9.941445e-01 -1.080592e-01
   outer loop
     vertex  4.780904e+01  4.530772e+01  3.716900e+01
     vertex  4.623607e+01  4.541108e+01  3.621805e+01
     vertex  4.773021e+01  4.531589e+01  3.709377e+01
   endloop
 endfacet
 facet normal  8.857484e-15 -9.941445e-01 -1.080592e-01
   outer loop
     vertex  4.788578e+01  4.529931e+01  3.724633e+01
     vertex  4.623607e+01  4.541108e+01  3.621805e+01
     vertex  4.780904e+01  4.530772e+01  3.716900e+01
   endloop
 endfacet
 facet normal -5.080970e-13 -9.941445e-01 -1.080592e-01
   outer loop
     vertex  4.810285e+01  4.527278e+01  3.749043e+01
     vertex  4.788578e+01  4.529931e+01  3.724633e+01
     vertex  4.796036e+01  4.529068e+01  3.732572e+01
   endloop
 endfacet
 facet normal -3.517231e-13 -9.941445e-01 -1.080592e-01
   outer loop
     vertex  4.810285e+01  4.527278e+01  3.749043e+01
     vertex  4.796036e+01  4.529068e+01  3.732572e+01
     vertex  4.803274e+01  4.528184e+01  3.740711e+01
   endloop
 endfacet
 facet normal  1.160185e-14 -9.941445e-01 -1.080592e-01
   outer loop
     vertex  4.817064e+01  4.526352e+01  3.757562e+01
     vertex  4.623607e+01  4.541108e+01  3.621805e+01
     vertex  4.788578e+01  4.529931e+01  3.724633e+01
   endloop
 endfacet
 facet normal -3.339789e-13 -9.941445e-01 -1.080592e-01
   outer loop
     vertex  4.817064e+01  4.526352e+01  3.757562e+01
     vertex  4.788578e+01  4.529931e+01  3.724633e+01
     vertex  4.810285e+01  4.527278e+01  3.749043e+01
   endloop
 endfacet
 facet normal  5.445582e-14 -9.941445e-01 -1.080592e-01
   outer loop
     vertex  4.823607e+01  4.525406e+01  3.766263e+01
     vertex  4.623607e+01  4.541108e+01  3.621805e+01
     vertex  4.817064e+01  4.526352e+01  3.757562e+01
   endloop
 endfacet
 facet normal  1.948772e-12 -9.941445e-01 -1.080592e-01
   outer loop
     vertex  4.835963e+01  4.523459e+01  3.784180e+01
     vertex  4.823607e+01  4.525406e+01  3.766263e+01
     vertex  4.829908e+01  4.524442e+01  3.775137e+01
   endloop
 endfacet
 facet normal -6.247021e-13 -9.941445e-01 -1.080592e-01
   outer loop
     vertex  4.841768e+01  4.522458e+01  3.793383e+01
     vertex  4.823607e+01  4.525406e+01  3.766263e+01
     vertex  4.835963e+01  4.523459e+01  3.784180e+01
   endloop
 endfacet
 facet normal -1.397123e-13 -9.941445e-01 -1.080592e-01
   outer loop
     vertex  4.847317e+01  4.521441e+01  3.802741e+01
     vertex  4.823607e+01  4.525406e+01  3.766263e+01
     vertex  4.841768e+01  4.522458e+01  3.793383e+01
   endloop
 endfacet
 facet normal  5.231834e-13 -9.941445e-01 -1.080592e-01
   outer loop
     vertex  4.852607e+01  4.520408e+01  3.812246e+01
     vertex  4.823607e+01  4.525406e+01  3.766263e+01
     vertex  4.847317e+01  4.521441e+01  3.802741e+01
   endloop
 endfacet
 facet normal  6.244873e-15 -9.941445e-01 -1.080592e-01
   outer loop
     vertex  4.862395e+01  4.518297e+01  3.831669e+01
     vertex  4.823607e+01  4.525406e+01  3.766263e+01
     vertex  4.852607e+01  4.520408e+01  3.812246e+01
   endloop
 endfacet
 facet normal -7.748694e-16 -9.941445e-01 -1.080592e-01
   outer loop
     vertex  4.862395e+01  4.518297e+01  3.831669e+01
     vertex  4.623607e+01  4.541108e+01  3.621805e+01
     vertex  4.823607e+01  4.525406e+01  3.766263e+01
   endloop
 endfacet
 facet normal -1.150248e-12 -9.941445e-01 -1.080592e-01
   outer loop
     vertex  4.862395e+01  4.518297e+01  3.831669e+01
     vertex  4.852607e+01  4.520408e+01  3.812246e+01
     vertex  4.857635e+01  4.519360e+01  3.821891e+01
   endloop
 endfacet
 facet normal -4.268549e-13 -9.941445e-01 -1.080592e-01
   outer loop
     vertex  4.875040e+01  4.515030e+01  3.861727e+01
     vertex  4.866885e+01  4.517220e+01  3.841573e+01
     vertex  4.871101e+01  4.516131e+01  3.851595e+01
   endloop
 endfacet
 facet normal  1.773462e-14 -9.941445e-01 -1.080592e-01
   outer loop
     vertex  4.875040e+01  4.515030e+01  3.861727e+01
     vertex  4.862395e+01  4.518297e+01  3.831669e+01
     vertex  4.866885e+01  4.517220e+01  3.841573e+01
   endloop
 endfacet
 facet normal  5.358957e-13 -9.941445e-01 -1.080592e-01
   outer loop
     vertex  4.882075e+01  4.512794e+01  3.882294e+01
     vertex  4.875040e+01  4.515030e+01  3.861727e+01
     vertex  4.878699e+01  4.513917e+01  3.871963e+01
   endloop
 endfacet
 facet normal  8.128623e-14 -9.941445e-01 -1.080592e-01
   outer loop
     vertex  4.885167e+01  4.511662e+01  3.892713e+01
     vertex  4.862395e+01  4.518297e+01  3.831669e+01
     vertex  4.875040e+01  4.515030e+01  3.861727e+01
   endloop
 endfacet
 facet normal -1.640453e-14 -9.941445e-01 -1.080592e-01
   outer loop
     vertex  4.885167e+01  4.511662e+01  3.892713e+01
     vertex  4.875040e+01  4.515030e+01  3.861727e+01
     vertex  4.882075e+01  4.512794e+01  3.882294e+01
   endloop
 endfacet
 facet normal -1.297852e-12 -9.941445e-01 -1.080592e-01
   outer loop
     vertex  4.890486e+01  4.509371e+01  3.913784e+01
     vertex  4.885167e+01  4.511662e+01  3.892713e+01
     vertex  4.887971e+01  4.510520e+01  3.903212e+01
   endloop
 endfacet
 facet normal  9.887053e-14 -9.941445e-01 -1.080592e-01
   outer loop
     vertex  4.892709e+01  4.508215e+01  3.924420e+01
     vertex  4.885167e+01  4.511662e+01  3.892713e+01
     vertex  4.890486e+01  4.509371e+01  3.913784e+01
   endloop
 endfacet
 facet normal  1.521252e-12 -9.941445e-01 -1.080592e-01
   outer loop
     vertex  4.896274e+01  4.505886e+01  3.945852e+01
     vertex  4.892709e+01  4.508215e+01  3.924420e+01
     vertex  4.894639e+01  4.507053e+01  3.935112e+01
   endloop
 endfacet
 facet normal  2.353686e-12 -9.941445e-01 -1.080592e-01
   outer loop
     vertex  4.898657e+01  4.503538e+01  3.967447e+01
     vertex  4.896274e+01  4.505886e+01  3.945852e+01
     vertex  4.897614e+01  4.504714e+01  3.956633e+01
   endloop
 endfacet
 facet normal -4.172911e-15 -9.941445e-01 -1.080592e-01
   outer loop
     vertex  4.899403e+01  4.502360e+01  3.978284e+01
     vertex  4.623607e+01  4.541108e+01  3.621805e+01
     vertex  4.862395e+01  4.518297e+01  3.831669e+01
   endloop
 endfacet
 facet normal  2.044682e-15 -9.941445e-01 -1.080592e-01
   outer loop
     vertex  4.899403e+01  4.502360e+01  3.978284e+01
     vertex  4.862395e+01  4.518297e+01  3.831669e+01
     vertex  4.885167e+01  4.511662e+01  3.892713e+01
   endloop
 endfacet
 facet normal -1.216222e-13 -9.941445e-01 -1.080592e-01
   outer loop
     vertex  4.899403e+01  4.502360e+01  3.978284e+01
     vertex  4.885167e+01  4.511662e+01  3.892713e+01
     vertex  4.892709e+01  4.508215e+01  3.924420e+01
   endloop
 endfacet
 facet normal -4.280785e-13 -9.941445e-01 -1.080592e-01
   outer loop
     vertex  4.899403e+01  4.502360e+01  3.978284e+01
     vertex  4.892709e+01  4.508215e+01  3.924420e+01
     vertex  4.896274e+01  4.505886e+01  3.945852e+01
   endloop
 endfacet
 facet normal -6.127313e-13 -9.941445e-01 -1.080592e-01
   outer loop
     vertex  4.899403e+01  4.502360e+01  3.978284e+01
     vertex  4.896274e+01  4.505886e+01  3.945852e+01
     vertex  4.898657e+01  4.503538e+01  3.967447e+01
   endloop
 endfacet
 facet normal -1.543858e-12 -9.941445e-01 -1.080592e-01
   outer loop
     vertex  4.900000e+01  4.500000e+01  4.000000e+01
     vertex  4.899403e+01  4.502360e+01  3.978284e+01
     vertex  4.899851e+01  4.501181e+01  3.989138e+01
   endloop
 endfacet
 facet normal  2.011073e-14 -9.941445e-01 -1.080592e-01
   outer loop
     vertex  4.900000e+01  4.500000e+01  4.000000e+01
     vertex  4.623607e+01  4.541108e+01  3.621805e+01
     vertex  4.899403e+01  4.502360e+01  3.978284e+01
   endloop
 endfacet
 facet normal -0.000000e+00 -9.941445e-01 -1.080592e-01
   outer loop
     vertex  4.900000e+01  4.500000e+01  4.000000e+01
     vertex  4.100000e+01  4.500000e+01  4.000000e+01
     vertex  4.570655e+01  4.542544e+01  3.608595e+01
   endloop
 endfacet
 facet normal -3.639738e-15 -9.941445e-01 -1.080592e-01
   outer loop
     vertex  4.900000e+01  4.500000e+01  4.000000e+01
     vertex  4.570655e+01  4.542544e+01  3.608595e+01
     vertex  4.623607e+01  4.541108e+01  3.621805e+01
   endloop
 endfacet
 facet normal  0.000000e+00  0.000000e+00  1.000000e+00
   outer loop
     vertex  3.670676e+01  3.900000e+01  4.000000e+01
     vertex  4.000000e+00  5.100000e+01  4.000000e+01
     vertex  4.000000e+00  3.900000e+01  4.000000e+01
   endloop
 endfacet
 facet normal  0.000000e+00  0.000000e+00  1.000000e+00
   outer loop
     vertex  3.742708e+01  4.000930e+01  4.000000e+01
     vertex  4.000000e+00  5.100000e+01  4.000000e+01
     vertex  3.670676e+01  3.900000e+01  4.000000e+01
   endloop
 endfacet
 facet normal  0.000000e+00  0.000000e+00  1.000000e+00
   outer loop
     vertex  3.808521e+01  4.093091e+01  4.000000e+01
     vertex  4.000000e+00  5.100000e+01  4.000000e+01
     vertex  3.742708e+01  4.000930e+01  4.000000e+01
   endloop
 endfacet
 facet normal  0.000000e+00  0.000000e+00  1.000000e+00
   outer loop
     vertex  3.868654e+01  4.177240e+01  4.000000e+01
     vertex  4.000000e+00  5.100000e+01  4.000000e+01
     vertex  3.808521e+01  4.093091e+01  4.000000e+01
   endloop
 endfacet
 facet normal  0.000000e+00  0.000000e+00  1.000000e+00
   outer loop
     vertex  3.923601e+01  4.254068e+01  4.000000e+01
     vertex  4.000000e+00  5.100000e+01  4.000000e+01
     vertex  3.868654e+01  4.177240e+01  4.000000e+01
   endloop
 endfacet
 facet normal  0.000000e+00  0.000000e+00  1.000000e+00
   outer loop
     vertex  3.973815e+01  4.324207e+01  4.000000e+01
     vertex  4.000000e+00  5.100000e+01  4.000000e+01
     vertex  3.923601e+01  4.254068e+01  4.000000e+01
   endloop
 endfacet
 facet normal  0.000000e+00  0.000000e+00  1.000000e+00
   outer loop
     vertex  4.019706e+01  4.388232e+01  4.000000e+01
     vertex  4.000000e+00  5.100000e+01  4.000000e+01
     vertex  3.973815e+01  4.324207e+01  4.000000e+01
   endloop
 endfacet
 facet normal  0.000000e+00  0.000000e+00  1.000000e+00
   outer loop
     vertex  4.061653e+01  4.446670e+01  4.000000e+01
     vertex  4.000000e+00  5.100000e+01  4.000000e+01
     vertex  4.019706e+01  4.388232e+01  4.000000e+01
   endloop
 endfacet
 facet normal  0.000000e+00  0.000000e+00  1.000000e+00
   outer loop
     vertex  4.100000e+01  4.500000e+01  4.000000e+01
     vertex  4.000000e+00  5.100000e+01  4.000000e+01
     vertex  4.061653e+01  4.446670e+01  4.000000e+01
   endloop
 endfacet
 facet normal  0.000000e+00  0.000000e+00  1.000000e+00
   outer loop
     vertex  8.600000e+01  5.100000e+01  4.000000e+01
     vertex  4.900000e+01  4.500000e+01  4.000000e+01
     vertex  4.938347e+01  4.446670e+01  4.000000e+01
   endloop
 endfacet
 facet normal  0.000000e+00  0.000000e+00  1.000000e+00
   outer loop
     vertex  8.600000e+01  5.100000e+01  4.000000e+01
     vertex  4.938347e+01  4.446670e+01  4.000000e+01
     vertex  4.980294e+01  4.388232e+01  4.000000e+01
   endloop
 endfacet
 facet normal  0.000000e+00  0.000000e+00  1.000000e+00
   outer loop
     vertex  8.600000e+01  5.100000e+01  4.000000e+01
     vertex  4.980294e+01  4.388232e+01  4.000000e+01
     vertex  5.026185e+01  4.324207e+01  4.000000e+01
   endloop
 endfacet
 facet normal  0.000000e+00  0.000000e+00  1.000000e+00
   outer loop
     vertex  8.600000e+01  5.100000e+01  4.000000e+01
     vertex  5.026185e+01  4.324207e+01  4.000000e+01
     vertex  5.076399e+01  4.254068e+01  4.000000e+01
   endloop
 endfacet
 facet normal  0.000000e+00  0.000000e+00  1.000000e+00
   outer loop
     vertex  8.600000e+01  5.100000e+01  4.000000e+01
     vertex  5.076399e+01  4.254068e+01  4.000000e+01
     vertex  5.131346e+01  4.177240e+01  4.000000e+01
   endloop
 endfacet
 facet normal  0.000000e+00  0.000000e+00  1.000000e+00
   outer loop
     vertex  8.600000e+01  5.100000e+01  4.000000e+01
     vertex  5.131346e+01  4.177240e+01  4.000000e+01
     vertex  5.191479e+01  4.093091e+01  4.000000e+01
   endloop
 endfacet
 facet normal  0.000000e+00  0.000000e+00  1.000000e+00
   outer loop
     vertex  8.600000e+01  5.100000e+01  4.000000e+01
     vertex  5.191479e+01  4.093091e+01  4.000000e+01
     vertex  5.257292e+01  4.000930e+01  4.000000e+01
   endloop
 endfacet
 facet normal  0.000000e+00  0.000000e+00  1.000000e+00
   outer loop
     vertex  8.600000e+01  5.100000e+01  4.000000e+01
     vertex  5.257292e+01  4.000930e+01  4.000000e+01
     vertex  5.329324e+01  3.900000e+01  4.000000e+01
   endloop
 endfacet
 facet normal  0.000000e+00  0.000000e+00  1.000000e+00
   outer loop
     vertex  8.600000e+01  5.100000e+01  4.000000e+01
     vertex  5.329324e+01  3.900000e+01  4.000000e+01
     vertex  8.600000e+01  3.900000e+01  4.000000e+01
   endloop
 endfacet
 facet normal  0.000000e+00  0.000000e+00  1.000000e+00
   outer loop
     vertex  8.600000e+01  5.100000e+01  4.000000e+01
     vertex  4.000000e+00  5.100000e+01  4.000000e+01
     vertex  4.100000e+01  4.500000e+01  4.000000e+01
   endloop
 endfacet
 facet normal  0.000000e+00  0.000000e+00  1.000000e+00
   outer loop
     vertex  8.600000e+01  5.100000e+01  4.000000e+01
     vertex  4.100000e+01  4.500000e+01  4.000000e+01
     vertex  4.900000e+01  4.500000e+01  4.000000e+01
   endloop
 endfacet
endsolid
