solid 
 facet normal  9.238795e-01  3.826834e-01 -0.000000e+00
   outer loop
     vertex  2.250000e+01  0.000000e+00  0.000000e+00
     vertex  1.590990e+01  1.590990e+01  2.000000e+01
     vertex  2.250000e+01  0.000000e+00  2.000000e+01
   endloop
 endfacet
 facet normal  9.238795e-01  3.826834e-01 -0.000000e+00
   outer loop
     vertex  1.590990e+01  1.590990e+01  0.000000e+00
     vertex  1.590990e+01  1.590990e+01  2.000000e+01
     vertex  2.250000e+01  0.000000e+00  0.000000e+00
   endloop
 endfacet
 facet normal  9.238795e-01 -3.826834e-01  0.000000e+00
   outer loop
     vertex  1.590990e+01 -1.590990e+01  0.000000e+00
     vertex  2.250000e+01  0.000000e+00  2.000000e+01
     vertex  1.590990e+01 -1.590990e+01  2.000000e+01
   endloop
 endfacet
 facet normal  9.238795e-01 -3.826834e-01  0.000000e+00
   outer loop
     vertex  2.250000e+01  0.000000e+00  0.000000e+00
     vertex  2.250000e+01  0.000000e+00  2.000000e+01
     vertex  1.590990e+01 -1.590990e+01  0.000000e+00
   endloop
 endfacet
 facet normal  3.826834e-01  9.238795e-01 -0.000000e+00
   outer loop
     vertex  1.590990e+01  1.590990e+01  0.000000e+00
     vertex  1.377728e-15  2.250000e+01  2.000000e+01
     vertex  1.590990e+01  1.590990e+01  2.000000e+01
   endloop
 endfacet
 facet normal  3.826834e-01  9.238795e-01 -0.000000e+00
   outer loop
     vertex  1.377728e-15  2.250000e+01  0.000000e+00
     vertex  1.377728e-15  2.250000e+01  2.000000e+01
     vertex  1.590990e+01  1.590990e+01  0.000000e+00
   endloop
 endfacet
 facet normal -0.000000e+00  0.000000e+00 -1.000000e+00
   outer loop
     vertex -1.207375e+01 -1.266786e+01  0.000000e+00
     vertex -1.590990e+01 -1.590990e+01  0.000000e+00
     vertex -1.241674e+01 -1.233186e+01  0.000000e+00
   endloop
 endfacet
 facet normal  0.000000e+00 -0.000000e+00 -1.000000e+00
   outer loop
     vertex -1.275038e+01 -1.198657e+01  0.000000e+00
     vertex -1.241674e+01 -1.233186e+01  0.000000e+00
     vertex -1.590990e+01 -1.590990e+01  0.000000e+00
   endloop
 endfacet
 facet normal -0.000000e+00  0.000000e+00 -1.000000e+00
   outer loop
     vertex -1.172167e+01 -1.299432e+01  0.000000e+00
     vertex -1.590990e+01 -1.590990e+01  0.000000e+00
     vertex -1.207375e+01 -1.266786e+01  0.000000e+00
   endloop
 endfacet
 facet normal  0.000000e+00 -0.000000e+00 -1.000000e+00
   outer loop
     vertex -1.307442e+01 -1.163227e+01  0.000000e+00
     vertex -1.275038e+01 -1.198657e+01  0.000000e+00
     vertex -1.590990e+01 -1.590990e+01  0.000000e+00
   endloop
 endfacet
 facet normal -0.000000e+00  0.000000e+00 -1.000000e+00
   outer loop
     vertex -1.136078e+01 -1.331100e+01  0.000000e+00
     vertex -1.590990e+01 -1.590990e+01  0.000000e+00
     vertex -1.172167e+01 -1.299432e+01  0.000000e+00
   endloop
 endfacet
 facet normal  0.000000e+00 -0.000000e+00 -1.000000e+00
   outer loop
     vertex -1.338862e+01 -1.126920e+01  0.000000e+00
     vertex -1.307442e+01 -1.163227e+01  0.000000e+00
     vertex -1.590990e+01 -1.590990e+01  0.000000e+00
   endloop
 endfacet
 facet normal -0.000000e+00  0.000000e+00 -1.000000e+00
   outer loop
     vertex -1.099133e+01 -1.361766e+01  0.000000e+00
     vertex -1.590990e+01 -1.590990e+01  0.000000e+00
     vertex -1.136078e+01 -1.331100e+01  0.000000e+00
   endloop
 endfacet
 facet normal  0.000000e+00 -0.000000e+00 -1.000000e+00
   outer loop
     vertex -1.369274e+01 -1.089766e+01  0.000000e+00
     vertex -1.338862e+01 -1.126920e+01  0.000000e+00
     vertex -1.590990e+01 -1.590990e+01  0.000000e+00
   endloop
 endfacet
 facet normal -0.000000e+00  0.000000e+00 -1.000000e+00
   outer loop
     vertex -1.061360e+01 -1.391407e+01  0.000000e+00
     vertex -1.590990e+01 -1.590990e+01  0.000000e+00
     vertex -1.099133e+01 -1.361766e+01  0.000000e+00
   endloop
 endfacet
 facet normal  0.000000e+00 -0.000000e+00 -1.000000e+00
   outer loop
     vertex -1.398655e+01 -1.051791e+01  0.000000e+00
     vertex -1.369274e+01 -1.089766e+01  0.000000e+00
     vertex -1.590990e+01 -1.590990e+01  0.000000e+00
   endloop
 endfacet
 facet normal -0.000000e+00  0.000000e+00 -1.000000e+00
   outer loop
     vertex -1.022789e+01 -1.420001e+01  0.000000e+00
     vertex -1.590990e+01 -1.590990e+01  0.000000e+00
     vertex -1.061360e+01 -1.391407e+01  0.000000e+00
   endloop
 endfacet
 facet normal  0.000000e+00 -0.000000e+00 -1.000000e+00
   outer loop
     vertex -1.426983e+01 -1.013024e+01  0.000000e+00
     vertex -1.398655e+01 -1.051791e+01  0.000000e+00
     vertex -1.590990e+01 -1.590990e+01  0.000000e+00
   endloop
 endfacet
 facet normal -0.000000e+00  0.000000e+00 -1.000000e+00
   outer loop
     vertex -9.834473e+00 -1.447526e+01  0.000000e+00
     vertex -1.590990e+01 -1.590990e+01  0.000000e+00
     vertex -1.022789e+01 -1.420001e+01  0.000000e+00
   endloop
 endfacet
 facet normal  0.000000e+00 -0.000000e+00 -1.000000e+00
   outer loop
     vertex -1.454238e+01 -9.734952e+00  0.000000e+00
     vertex -1.426983e+01 -1.013024e+01  0.000000e+00
     vertex -1.590990e+01 -1.590990e+01  0.000000e+00
   endloop
 endfacet
 facet normal -0.000000e+00  0.000000e+00 -1.000000e+00
   outer loop
     vertex -9.433657e+00 -1.473961e+01  0.000000e+00
     vertex -1.590990e+01 -1.590990e+01  0.000000e+00
     vertex -9.834473e+00 -1.447526e+01  0.000000e+00
   endloop
 endfacet
 facet normal  0.000000e+00 -0.000000e+00 -1.000000e+00
   outer loop
     vertex -1.480397e+01 -9.332331e+00  0.000000e+00
     vertex -1.454238e+01 -9.734952e+00  0.000000e+00
     vertex -1.590990e+01 -1.590990e+01  0.000000e+00
   endloop
 endfacet
 facet normal -0.000000e+00  0.000000e+00 -1.000000e+00
   outer loop
     vertex -9.025739e+00 -1.499287e+01  0.000000e+00
     vertex -1.590990e+01 -1.590990e+01  0.000000e+00
     vertex -9.433657e+00 -1.473961e+01  0.000000e+00
   endloop
 endfacet
 facet normal  0.000000e+00 -0.000000e+00 -1.000000e+00
   outer loop
     vertex -1.505442e+01 -8.922686e+00  0.000000e+00
     vertex -1.480397e+01 -9.332331e+00  0.000000e+00
     vertex -1.590990e+01 -1.590990e+01  0.000000e+00
   endloop
 endfacet
 facet normal -0.000000e+00  0.000000e+00 -1.000000e+00
   outer loop
     vertex -8.611027e+00 -1.523484e+01  0.000000e+00
     vertex -1.590990e+01 -1.590990e+01  0.000000e+00
     vertex -9.025739e+00 -1.499287e+01  0.000000e+00
   endloop
 endfacet
 facet normal  0.000000e+00 -0.000000e+00 -1.000000e+00
   outer loop
     vertex -1.529354e+01 -8.506324e+00  0.000000e+00
     vertex -1.505442e+01 -8.922686e+00  0.000000e+00
     vertex -1.590990e+01 -1.590990e+01  0.000000e+00
   endloop
 endfacet
 facet normal -0.000000e+00  0.000000e+00 -1.000000e+00
   outer loop
     vertex -8.189833e+00 -1.546534e+01  0.000000e+00
     vertex -1.590990e+01 -1.590990e+01  0.000000e+00
     vertex -8.611027e+00 -1.523484e+01  0.000000e+00
   endloop
 endfacet
 facet normal  0.000000e+00 -0.000000e+00 -1.000000e+00
   outer loop
     vertex -1.552115e+01 -8.083558e+00  0.000000e+00
     vertex -1.529354e+01 -8.506324e+00  0.000000e+00
     vertex -1.590990e+01 -1.590990e+01  0.000000e+00
   endloop
 endfacet
 facet normal -0.000000e+00  0.000000e+00 -1.000000e+00
   outer loop
     vertex -7.762473e+00 -1.568420e+01  0.000000e+00
     vertex -1.590990e+01 -1.590990e+01  0.000000e+00
     vertex -8.189833e+00 -1.546534e+01  0.000000e+00
   endloop
 endfacet
 facet normal  0.000000e+00 -0.000000e+00 -1.000000e+00
   outer loop
     vertex -1.573707e+01 -7.654708e+00  0.000000e+00
     vertex -1.552115e+01 -8.083558e+00  0.000000e+00
     vertex -1.590990e+01 -1.590990e+01  0.000000e+00
   endloop
 endfacet
 facet normal -0.000000e+00  0.000000e+00 -1.000000e+00
   outer loop
     vertex -7.329271e+00 -1.589125e+01  0.000000e+00
     vertex -1.590990e+01 -1.590990e+01  0.000000e+00
     vertex -7.762473e+00 -1.568420e+01  0.000000e+00
   endloop
 endfacet
 facet normal  0.000000e+00  0.000000e+00 -1.000000e+00
   outer loop
     vertex -1.594115e+01 -7.220095e+00  0.000000e+00
     vertex -1.573707e+01 -7.654708e+00  0.000000e+00
     vertex -1.590990e+01 -1.590990e+01  0.000000e+00
   endloop
 endfacet
 facet normal  0.000000e+00  0.000000e+00 -1.000000e+00
   outer loop
     vertex -6.890551e+00 -1.608634e+01  0.000000e+00
     vertex -1.590990e+01 -1.590990e+01  0.000000e+00
     vertex -7.329271e+00 -1.589125e+01  0.000000e+00
   endloop
 endfacet
 facet normal  0.000000e+00  0.000000e+00 -1.000000e+00
   outer loop
     vertex -1.613323e+01 -6.780047e+00  0.000000e+00
     vertex -1.594115e+01 -7.220095e+00  0.000000e+00
     vertex -1.590990e+01 -1.590990e+01  0.000000e+00
   endloop
 endfacet
 facet normal  0.000000e+00  0.000000e+00 -1.000000e+00
   outer loop
     vertex -4.133183e-15 -2.250000e+01  0.000000e+00
     vertex -6.890551e+00 -1.608634e+01  0.000000e+00
     vertex -6.446644e+00 -1.626932e+01  0.000000e+00
   endloop
 endfacet
 facet normal  0.000000e+00  0.000000e+00 -1.000000e+00
   outer loop
     vertex -4.133183e-15 -2.250000e+01  0.000000e+00
     vertex -1.590990e+01 -1.590990e+01  0.000000e+00
     vertex -6.890551e+00 -1.608634e+01  0.000000e+00
   endloop
 endfacet
 facet normal  0.000000e+00  0.000000e+00 -1.000000e+00
   outer loop
     vertex -2.250000e+01  2.755455e-15  0.000000e+00
     vertex -1.631316e+01 -6.334896e+00  0.000000e+00
     vertex -1.613323e+01 -6.780047e+00  0.000000e+00
   endloop
 endfacet
 facet normal  0.000000e+00  0.000000e+00 -1.000000e+00
   outer loop
     vertex -2.250000e+01  2.755455e-15  0.000000e+00
     vertex -1.613323e+01 -6.780047e+00  0.000000e+00
     vertex -1.590990e+01 -1.590990e+01  0.000000e+00
   endloop
 endfacet
 facet normal -0.000000e+00 -0.000000e+00 -1.000000e+00
   outer loop
     vertex -5.997884e+00 -1.644005e+01  0.000000e+00
     vertex -4.133183e-15 -2.250000e+01  0.000000e+00
     vertex -6.446644e+00 -1.626932e+01  0.000000e+00
   endloop
 endfacet
 facet normal -0.000000e+00 -0.000000e+00 -1.000000e+00
   outer loop
     vertex -1.648081e+01 -5.884975e+00  0.000000e+00
     vertex -1.631316e+01 -6.334896e+00  0.000000e+00
     vertex -2.250000e+01  2.755455e-15  0.000000e+00
   endloop
 endfacet
 facet normal -0.000000e+00 -0.000000e+00 -1.000000e+00
   outer loop
     vertex -5.544609e+00 -1.659841e+01  0.000000e+00
     vertex -4.133183e-15 -2.250000e+01  0.000000e+00
     vertex -5.997884e+00 -1.644005e+01  0.000000e+00
   endloop
 endfacet
 facet normal -0.000000e+00 -0.000000e+00 -1.000000e+00
   outer loop
     vertex -1.663605e+01 -5.430625e+00  0.000000e+00
     vertex -1.648081e+01 -5.884975e+00  0.000000e+00
     vertex -2.250000e+01  2.755455e-15  0.000000e+00
   endloop
 endfacet
 facet normal -0.000000e+00 -0.000000e+00 -1.000000e+00
   outer loop
     vertex -5.087161e+00 -1.674428e+01  0.000000e+00
     vertex -4.133183e-15 -2.250000e+01  0.000000e+00
     vertex -5.544609e+00 -1.659841e+01  0.000000e+00
   endloop
 endfacet
 facet normal -0.000000e+00 -0.000000e+00 -1.000000e+00
   outer loop
     vertex -1.677878e+01 -4.972187e+00  0.000000e+00
     vertex -1.663605e+01 -5.430625e+00  0.000000e+00
     vertex -2.250000e+01  2.755455e-15  0.000000e+00
   endloop
 endfacet
 facet normal -0.000000e+00 -0.000000e+00 -1.000000e+00
   outer loop
     vertex -4.625883e+00 -1.687754e+01  0.000000e+00
     vertex -4.133183e-15 -2.250000e+01  0.000000e+00
     vertex -5.087161e+00 -1.674428e+01  0.000000e+00
   endloop
 endfacet
 facet normal -0.000000e+00 -0.000000e+00 -1.000000e+00
   outer loop
     vertex -1.690887e+01 -4.510006e+00  0.000000e+00
     vertex -1.677878e+01 -4.972187e+00  0.000000e+00
     vertex -2.250000e+01  2.755455e-15  0.000000e+00
   endloop
 endfacet
 facet normal -0.000000e+00 -0.000000e+00 -1.000000e+00
   outer loop
     vertex -4.161123e+00 -1.699809e+01  0.000000e+00
     vertex -4.133183e-15 -2.250000e+01  0.000000e+00
     vertex -4.625883e+00 -1.687754e+01  0.000000e+00
   endloop
 endfacet
 facet normal -0.000000e+00 -0.000000e+00 -1.000000e+00
   outer loop
     vertex -1.702623e+01 -4.044429e+00  0.000000e+00
     vertex -1.690887e+01 -4.510006e+00  0.000000e+00
     vertex -2.250000e+01  2.755455e-15  0.000000e+00
   endloop
 endfacet
 facet normal -0.000000e+00 -0.000000e+00 -1.000000e+00
   outer loop
     vertex -3.693230e+00 -1.710585e+01  0.000000e+00
     vertex -4.133183e-15 -2.250000e+01  0.000000e+00
     vertex -4.161123e+00 -1.699809e+01  0.000000e+00
   endloop
 endfacet
 facet normal -0.000000e+00 -0.000000e+00 -1.000000e+00
   outer loop
     vertex -1.713078e+01 -3.575809e+00  0.000000e+00
     vertex -1.702623e+01 -4.044429e+00  0.000000e+00
     vertex -2.250000e+01  2.755455e-15  0.000000e+00
   endloop
 endfacet
 facet normal -0.000000e+00 -0.000000e+00 -1.000000e+00
   outer loop
     vertex -3.222557e+00 -1.720073e+01  0.000000e+00
     vertex -4.133183e-15 -2.250000e+01  0.000000e+00
     vertex -3.693230e+00 -1.710585e+01  0.000000e+00
   endloop
 endfacet
 facet normal -0.000000e+00 -0.000000e+00 -1.000000e+00
   outer loop
     vertex -1.722243e+01 -3.104496e+00  0.000000e+00
     vertex -1.713078e+01 -3.575809e+00  0.000000e+00
     vertex -2.250000e+01  2.755455e-15  0.000000e+00
   endloop
 endfacet
 facet normal -0.000000e+00 -0.000000e+00 -1.000000e+00
   outer loop
     vertex -2.749459e+00 -1.728266e+01  0.000000e+00
     vertex -4.133183e-15 -2.250000e+01  0.000000e+00
     vertex -3.222557e+00 -1.720073e+01  0.000000e+00
   endloop
 endfacet
 facet normal -0.000000e+00 -0.000000e+00 -1.000000e+00
   outer loop
     vertex -1.730112e+01 -2.630847e+00  0.000000e+00
     vertex -1.722243e+01 -3.104496e+00  0.000000e+00
     vertex -2.250000e+01  2.755455e-15  0.000000e+00
   endloop
 endfacet
 facet normal -0.000000e+00 -0.000000e+00 -1.000000e+00
   outer loop
     vertex -2.274290e+00 -1.735159e+01  0.000000e+00
     vertex -4.133183e-15 -2.250000e+01  0.000000e+00
     vertex -2.749459e+00 -1.728266e+01  0.000000e+00
   endloop
 endfacet
 facet normal -0.000000e+00 -0.000000e+00 -1.000000e+00
   outer loop
     vertex -1.736678e+01 -2.155217e+00  0.000000e+00
     vertex -1.730112e+01 -2.630847e+00  0.000000e+00
     vertex -2.250000e+01  2.755455e-15  0.000000e+00
   endloop
 endfacet
 facet normal -0.000000e+00 -0.000000e+00 -1.000000e+00
   outer loop
     vertex -1.797410e+00 -1.740745e+01  0.000000e+00
     vertex -4.133183e-15 -2.250000e+01  0.000000e+00
     vertex -2.274290e+00 -1.735159e+01  0.000000e+00
   endloop
 endfacet
 facet normal -0.000000e+00 -0.000000e+00 -1.000000e+00
   outer loop
     vertex -1.741937e+01 -1.677964e+00  0.000000e+00
     vertex -1.736678e+01 -2.155217e+00  0.000000e+00
     vertex -2.250000e+01  2.755455e-15  0.000000e+00
   endloop
 endfacet
 facet normal -0.000000e+00 -0.000000e+00 -1.000000e+00
   outer loop
     vertex -1.319177e+00 -1.745021e+01  0.000000e+00
     vertex -4.133183e-15 -2.250000e+01  0.000000e+00
     vertex -1.797410e+00 -1.740745e+01  0.000000e+00
   endloop
 endfacet
 facet normal -0.000000e+00 -0.000000e+00 -1.000000e+00
   outer loop
     vertex -1.745885e+01 -1.199449e+00  0.000000e+00
     vertex -1.741937e+01 -1.677964e+00  0.000000e+00
     vertex -2.250000e+01  2.755455e-15  0.000000e+00
   endloop
 endfacet
 facet normal -0.000000e+00 -0.000000e+00 -1.000000e+00
   outer loop
     vertex -8.399503e-01 -1.747983e+01  0.000000e+00
     vertex -4.133183e-15 -2.250000e+01  0.000000e+00
     vertex -1.319177e+00 -1.745021e+01  0.000000e+00
   endloop
 endfacet
 facet normal -0.000000e+00 -0.000000e+00 -1.000000e+00
   outer loop
     vertex -1.748518e+01 -7.200308e-01  0.000000e+00
     vertex -1.745885e+01 -1.199449e+00  0.000000e+00
     vertex -2.250000e+01  2.755455e-15  0.000000e+00
   endloop
 endfacet
 facet normal -0.000000e+00 -0.000000e+00 -1.000000e+00
   outer loop
     vertex -3.600916e-01 -1.749629e+01  0.000000e+00
     vertex -4.133183e-15 -2.250000e+01  0.000000e+00
     vertex -8.399503e-01 -1.747983e+01  0.000000e+00
   endloop
 endfacet
 facet normal -0.000000e+00 -0.000000e+00 -1.000000e+00
   outer loop
     vertex -1.749835e+01 -2.400705e-01  0.000000e+00
     vertex -1.748518e+01 -7.200308e-01  0.000000e+00
     vertex -2.250000e+01  2.755455e-15  0.000000e+00
   endloop
 endfacet
 facet normal -0.000000e+00  0.000000e+00 -1.000000e+00
   outer loop
     vertex  1.200381e-01 -1.749959e+01  0.000000e+00
     vertex -4.133183e-15 -2.250000e+01  0.000000e+00
     vertex -3.600916e-01 -1.749629e+01  0.000000e+00
   endloop
 endfacet
 facet normal  0.000000e+00 -0.000000e+00 -1.000000e+00
   outer loop
     vertex -1.749835e+01  2.400705e-01  0.000000e+00
     vertex -1.749835e+01 -2.400705e-01  0.000000e+00
     vertex -2.250000e+01  2.755455e-15  0.000000e+00
   endloop
 endfacet
 facet normal  0.000000e+00  0.000000e+00 -1.000000e+00
   outer loop
     vertex  6.000774e-01 -1.748971e+01  0.000000e+00
     vertex -4.133183e-15 -2.250000e+01  0.000000e+00
     vertex  1.200381e-01 -1.749959e+01  0.000000e+00
   endloop
 endfacet
 facet normal  0.000000e+00  0.000000e+00 -1.000000e+00
   outer loop
     vertex -1.748518e+01  7.200308e-01  0.000000e+00
     vertex -1.749835e+01  2.400705e-01  0.000000e+00
     vertex -2.250000e+01  2.755455e-15  0.000000e+00
   endloop
 endfacet
 facet normal  0.000000e+00  0.000000e+00 -1.000000e+00
   outer loop
     vertex  1.079665e+00 -1.746666e+01  0.000000e+00
     vertex -4.133183e-15 -2.250000e+01  0.000000e+00
     vertex  6.000774e-01 -1.748971e+01  0.000000e+00
   endloop
 endfacet
 facet normal  0.000000e+00  0.000000e+00 -1.000000e+00
   outer loop
     vertex -1.745885e+01  1.199449e+00  0.000000e+00
     vertex -1.748518e+01  7.200308e-01  0.000000e+00
     vertex -2.250000e+01  2.755455e-15  0.000000e+00
   endloop
 endfacet
 facet normal  0.000000e+00  0.000000e+00 -1.000000e+00
   outer loop
     vertex  1.558440e+00 -1.743047e+01  0.000000e+00
     vertex -4.133183e-15 -2.250000e+01  0.000000e+00
     vertex  1.079665e+00 -1.746666e+01  0.000000e+00
   endloop
 endfacet
 facet normal  0.000000e+00  0.000000e+00 -1.000000e+00
   outer loop
     vertex -1.741937e+01  1.677964e+00  0.000000e+00
     vertex -1.745885e+01  1.199449e+00  0.000000e+00
     vertex -2.250000e+01  2.755455e-15  0.000000e+00
   endloop
 endfacet
 facet normal  0.000000e+00  0.000000e+00 -1.000000e+00
   outer loop
     vertex  2.036042e+00 -1.738115e+01  0.000000e+00
     vertex -4.133183e-15 -2.250000e+01  0.000000e+00
     vertex  1.558440e+00 -1.743047e+01  0.000000e+00
   endloop
 endfacet
 facet normal  0.000000e+00  0.000000e+00 -1.000000e+00
   outer loop
     vertex -1.736678e+01  2.155217e+00  0.000000e+00
     vertex -1.741937e+01  1.677964e+00  0.000000e+00
     vertex -2.250000e+01  2.755455e-15  0.000000e+00
   endloop
 endfacet
 facet normal  0.000000e+00  0.000000e+00 -1.000000e+00
   outer loop
     vertex  2.512111e+00 -1.731876e+01  0.000000e+00
     vertex -4.133183e-15 -2.250000e+01  0.000000e+00
     vertex  2.036042e+00 -1.738115e+01  0.000000e+00
   endloop
 endfacet
 facet normal  0.000000e+00  0.000000e+00 -1.000000e+00
   outer loop
     vertex -1.730112e+01  2.630847e+00  0.000000e+00
     vertex -1.736678e+01  2.155217e+00  0.000000e+00
     vertex -2.250000e+01  2.755455e-15  0.000000e+00
   endloop
 endfacet
 facet normal  0.000000e+00  0.000000e+00 -1.000000e+00
   outer loop
     vertex  2.986289e+00 -1.724332e+01  0.000000e+00
     vertex -4.133183e-15 -2.250000e+01  0.000000e+00
     vertex  2.512111e+00 -1.731876e+01  0.000000e+00
   endloop
 endfacet
 facet normal  0.000000e+00  0.000000e+00 -1.000000e+00
   outer loop
     vertex -1.722243e+01  3.104496e+00  0.000000e+00
     vertex -1.730112e+01  2.630847e+00  0.000000e+00
     vertex -2.250000e+01  2.755455e-15  0.000000e+00
   endloop
 endfacet
 facet normal  0.000000e+00  0.000000e+00 -1.000000e+00
   outer loop
     vertex  3.458219e+00 -1.715490e+01  0.000000e+00
     vertex -4.133183e-15 -2.250000e+01  0.000000e+00
     vertex  2.986289e+00 -1.724332e+01  0.000000e+00
   endloop
 endfacet
 facet normal  0.000000e+00  0.000000e+00 -1.000000e+00
   outer loop
     vertex -1.713078e+01  3.575809e+00  0.000000e+00
     vertex -1.722243e+01  3.104496e+00  0.000000e+00
     vertex -2.250000e+01  2.755455e-15  0.000000e+00
   endloop
 endfacet
 facet normal  0.000000e+00  0.000000e+00 -1.000000e+00
   outer loop
     vertex  3.927546e+00 -1.705357e+01  0.000000e+00
     vertex -4.133183e-15 -2.250000e+01  0.000000e+00
     vertex  3.458219e+00 -1.715490e+01  0.000000e+00
   endloop
 endfacet
 facet normal  0.000000e+00  0.000000e+00 -1.000000e+00
   outer loop
     vertex -1.702623e+01  4.044429e+00  0.000000e+00
     vertex -1.713078e+01  3.575809e+00  0.000000e+00
     vertex -2.250000e+01  2.755455e-15  0.000000e+00
   endloop
 endfacet
 facet normal  0.000000e+00  0.000000e+00 -1.000000e+00
   outer loop
     vertex  4.393916e+00 -1.693941e+01  0.000000e+00
     vertex -4.133183e-15 -2.250000e+01  0.000000e+00
     vertex  3.927546e+00 -1.705357e+01  0.000000e+00
   endloop
 endfacet
 facet normal  0.000000e+00  0.000000e+00 -1.000000e+00
   outer loop
     vertex -1.690887e+01  4.510006e+00  0.000000e+00
     vertex -1.702623e+01  4.044429e+00  0.000000e+00
     vertex -2.250000e+01  2.755455e-15  0.000000e+00
   endloop
 endfacet
 facet normal  0.000000e+00  0.000000e+00 -1.000000e+00
   outer loop
     vertex  4.856979e+00 -1.681249e+01  0.000000e+00
     vertex -4.133183e-15 -2.250000e+01  0.000000e+00
     vertex  4.393916e+00 -1.693941e+01  0.000000e+00
   endloop
 endfacet
 facet normal  0.000000e+00  0.000000e+00 -1.000000e+00
   outer loop
     vertex -1.677878e+01  4.972187e+00  0.000000e+00
     vertex -1.690887e+01  4.510006e+00  0.000000e+00
     vertex -2.250000e+01  2.755455e-15  0.000000e+00
   endloop
 endfacet
 facet normal  0.000000e+00  0.000000e+00 -1.000000e+00
   outer loop
     vertex  5.316385e+00 -1.667291e+01  0.000000e+00
     vertex -4.133183e-15 -2.250000e+01  0.000000e+00
     vertex  4.856979e+00 -1.681249e+01  0.000000e+00
   endloop
 endfacet
 facet normal  0.000000e+00  0.000000e+00 -1.000000e+00
   outer loop
     vertex -1.663605e+01  5.430625e+00  0.000000e+00
     vertex -1.677878e+01  4.972187e+00  0.000000e+00
     vertex -2.250000e+01  2.755455e-15  0.000000e+00
   endloop
 endfacet
 facet normal  0.000000e+00  0.000000e+00 -1.000000e+00
   outer loop
     vertex  5.771790e+00 -1.652079e+01  0.000000e+00
     vertex -4.133183e-15 -2.250000e+01  0.000000e+00
     vertex  5.316385e+00 -1.667291e+01  0.000000e+00
   endloop
 endfacet
 facet normal  0.000000e+00  0.000000e+00 -1.000000e+00
   outer loop
     vertex -1.648081e+01  5.884975e+00  0.000000e+00
     vertex -1.663605e+01  5.430625e+00  0.000000e+00
     vertex -2.250000e+01  2.755455e-15  0.000000e+00
   endloop
 endfacet
 facet normal  0.000000e+00  0.000000e+00 -1.000000e+00
   outer loop
     vertex  6.222850e+00 -1.635623e+01  0.000000e+00
     vertex -4.133183e-15 -2.250000e+01  0.000000e+00
     vertex  5.771790e+00 -1.652079e+01  0.000000e+00
   endloop
 endfacet
 facet normal  0.000000e+00  0.000000e+00 -1.000000e+00
   outer loop
     vertex -1.631316e+01  6.334896e+00  0.000000e+00
     vertex -1.648081e+01  5.884975e+00  0.000000e+00
     vertex -2.250000e+01  2.755455e-15  0.000000e+00
   endloop
 endfacet
 facet normal  0.000000e+00  0.000000e+00 -1.000000e+00
   outer loop
     vertex  6.669225e+00 -1.617935e+01  0.000000e+00
     vertex -4.133183e-15 -2.250000e+01  0.000000e+00
     vertex  6.222850e+00 -1.635623e+01  0.000000e+00
   endloop
 endfacet
 facet normal  0.000000e+00  0.000000e+00 -1.000000e+00
   outer loop
     vertex -1.613323e+01  6.780047e+00  0.000000e+00
     vertex -1.631316e+01  6.334896e+00  0.000000e+00
     vertex -2.250000e+01  2.755455e-15  0.000000e+00
   endloop
 endfacet
 facet normal  0.000000e+00  0.000000e+00 -1.000000e+00
   outer loop
     vertex  1.590990e+01 -1.590990e+01  0.000000e+00
     vertex  9.634972e+00 -1.460881e+01  0.000000e+00
     vertex  1.003212e+01 -1.433898e+01  0.000000e+00
   endloop
 endfacet
 facet normal  0.000000e+00  0.000000e+00 -1.000000e+00
   outer loop
     vertex  1.590990e+01 -1.590990e+01  0.000000e+00
     vertex  1.003212e+01 -1.433898e+01  0.000000e+00
     vertex  1.042172e+01 -1.405837e+01  0.000000e+00
   endloop
 endfacet
 facet normal  0.000000e+00  0.000000e+00 -1.000000e+00
   outer loop
     vertex  1.590990e+01 -1.590990e+01  0.000000e+00
     vertex  1.042172e+01 -1.405837e+01  0.000000e+00
     vertex  1.080348e+01 -1.376716e+01  0.000000e+00
   endloop
 endfacet
 facet normal  0.000000e+00  0.000000e+00 -1.000000e+00
   outer loop
     vertex  1.590990e+01 -1.590990e+01  0.000000e+00
     vertex -4.133183e-15 -2.250000e+01  0.000000e+00
     vertex  6.669225e+00 -1.617935e+01  0.000000e+00
   endloop
 endfacet
 facet normal  0.000000e+00  0.000000e+00 -1.000000e+00
   outer loop
     vertex  1.590990e+01 -1.590990e+01  0.000000e+00
     vertex  1.080348e+01 -1.376716e+01  0.000000e+00
     vertex  1.117710e+01 -1.346560e+01  0.000000e+00
   endloop
 endfacet
 facet normal  0.000000e+00  0.000000e+00 -1.000000e+00
   outer loop
     vertex  1.590990e+01 -1.590990e+01  0.000000e+00
     vertex  1.117710e+01 -1.346560e+01  0.000000e+00
     vertex  1.154231e+01 -1.315390e+01  0.000000e+00
   endloop
 endfacet
 facet normal  0.000000e+00  0.000000e+00 -1.000000e+00
   outer loop
     vertex  1.590990e+01 -1.590990e+01  0.000000e+00
     vertex  1.154231e+01 -1.315390e+01  0.000000e+00
     vertex  1.189883e+01 -1.283230e+01  0.000000e+00
   endloop
 endfacet
 facet normal  0.000000e+00  0.000000e+00 -1.000000e+00
   outer loop
     vertex  1.590990e+01 -1.590990e+01  0.000000e+00
     vertex  1.189883e+01 -1.283230e+01  0.000000e+00
     vertex  1.224640e+01 -1.250103e+01  0.000000e+00
   endloop
 endfacet
 facet normal  0.000000e+00  0.000000e+00 -1.000000e+00
   outer loop
     vertex  1.590990e+01 -1.590990e+01  0.000000e+00
     vertex  6.669225e+00 -1.617935e+01  0.000000e+00
     vertex  7.110580e+00 -1.599030e+01  0.000000e+00
   endloop
 endfacet
 facet normal -0.000000e+00  0.000000e+00 -1.000000e+00
   outer loop
     vertex  1.590990e+01 -1.590990e+01  0.000000e+00
     vertex  7.110580e+00 -1.599030e+01  0.000000e+00
     vertex  7.546582e+00 -1.578921e+01  0.000000e+00
   endloop
 endfacet
 facet normal  0.000000e+00  0.000000e+00 -1.000000e+00
   outer loop
     vertex  1.590990e+01 -1.590990e+01  0.000000e+00
     vertex  7.546582e+00 -1.578921e+01  0.000000e+00
     vertex  7.976904e+00 -1.557623e+01  0.000000e+00
   endloop
 endfacet
 facet normal  0.000000e+00  0.000000e+00 -1.000000e+00
   outer loop
     vertex  1.590990e+01 -1.590990e+01  0.000000e+00
     vertex  7.976904e+00 -1.557623e+01  0.000000e+00
     vertex  8.401220e+00 -1.535153e+01  0.000000e+00
   endloop
 endfacet
 facet normal  0.000000e+00  0.000000e+00 -1.000000e+00
   outer loop
     vertex  1.590990e+01 -1.590990e+01  0.000000e+00
     vertex  8.401220e+00 -1.535153e+01  0.000000e+00
     vertex  8.819213e+00 -1.511527e+01  0.000000e+00
   endloop
 endfacet
 facet normal  0.000000e+00  0.000000e+00 -1.000000e+00
   outer loop
     vertex  1.590990e+01 -1.590990e+01  0.000000e+00
     vertex  8.819213e+00 -1.511527e+01  0.000000e+00
     vertex  9.230567e+00 -1.486764e+01  0.000000e+00
   endloop
 endfacet
 facet normal  0.000000e+00  0.000000e+00 -1.000000e+00
   outer loop
     vertex  1.590990e+01 -1.590990e+01  0.000000e+00
     vertex  9.230567e+00 -1.486764e+01  0.000000e+00
     vertex  9.634972e+00 -1.460881e+01  0.000000e+00
   endloop
 endfacet
 facet normal  0.000000e+00  0.000000e+00 -1.000000e+00
   outer loop
     vertex -1.590990e+01  1.590990e+01  0.000000e+00
     vertex -1.426983e+01  1.013024e+01  0.000000e+00
     vertex -1.454238e+01  9.734952e+00  0.000000e+00
   endloop
 endfacet
 facet normal  0.000000e+00  0.000000e+00 -1.000000e+00
   outer loop
     vertex -1.590990e+01  1.590990e+01  0.000000e+00
     vertex -1.454238e+01  9.734952e+00  0.000000e+00
     vertex -1.480397e+01  9.332331e+00  0.000000e+00
   endloop
 endfacet
 facet normal  0.000000e+00  0.000000e+00 -1.000000e+00
   outer loop
     vertex -1.590990e+01  1.590990e+01  0.000000e+00
     vertex -1.480397e+01  9.332331e+00  0.000000e+00
     vertex -1.505442e+01  8.922686e+00  0.000000e+00
   endloop
 endfacet
 facet normal  0.000000e+00  0.000000e+00 -1.000000e+00
   outer loop
     vertex -1.590990e+01  1.590990e+01  0.000000e+00
     vertex -1.505442e+01  8.922686e+00  0.000000e+00
     vertex -1.529354e+01  8.506324e+00  0.000000e+00
   endloop
 endfacet
 facet normal  0.000000e+00  0.000000e+00 -1.000000e+00
   outer loop
     vertex -1.590990e+01  1.590990e+01  0.000000e+00
     vertex -1.529354e+01  8.506324e+00  0.000000e+00
     vertex -1.552115e+01  8.083558e+00  0.000000e+00
   endloop
 endfacet
 facet normal  0.000000e+00  0.000000e+00 -1.000000e+00
   outer loop
     vertex -1.590990e+01  1.590990e+01  0.000000e+00
     vertex -1.552115e+01  8.083558e+00  0.000000e+00
     vertex -1.573707e+01  7.654708e+00  0.000000e+00
   endloop
 endfacet
 facet normal  0.000000e+00 -0.000000e+00 -1.000000e+00
   outer loop
     vertex -1.590990e+01  1.590990e+01  0.000000e+00
     vertex -1.573707e+01  7.654708e+00  0.000000e+00
     vertex -1.594115e+01  7.220095e+00  0.000000e+00
   endloop
 endfacet
 facet normal  0.000000e+00  0.000000e+00 -1.000000e+00
   outer loop
     vertex -1.590990e+01  1.590990e+01  0.000000e+00
     vertex -1.594115e+01  7.220095e+00  0.000000e+00
     vertex -1.613323e+01  6.780047e+00  0.000000e+00
   endloop
 endfacet
 facet normal  0.000000e+00  0.000000e+00 -1.000000e+00
   outer loop
     vertex -1.590990e+01  1.590990e+01  0.000000e+00
     vertex -1.613323e+01  6.780047e+00  0.000000e+00
     vertex -2.250000e+01  2.755455e-15  0.000000e+00
   endloop
 endfacet
 facet normal  0.000000e+00  0.000000e+00 -1.000000e+00
   outer loop
     vertex -1.590990e+01  1.590990e+01  0.000000e+00
     vertex -1.241674e+01  1.233186e+01  0.000000e+00
     vertex -1.275038e+01  1.198657e+01  0.000000e+00
   endloop
 endfacet
 facet normal  0.000000e+00  0.000000e+00 -1.000000e+00
   outer loop
     vertex -1.590990e+01  1.590990e+01  0.000000e+00
     vertex -1.275038e+01  1.198657e+01  0.000000e+00
     vertex -1.307442e+01  1.163227e+01  0.000000e+00
   endloop
 endfacet
 facet normal  0.000000e+00  0.000000e+00 -1.000000e+00
   outer loop
     vertex -1.590990e+01  1.590990e+01  0.000000e+00
     vertex -1.307442e+01  1.163227e+01  0.000000e+00
     vertex -1.338862e+01  1.126920e+01  0.000000e+00
   endloop
 endfacet
 facet normal  0.000000e+00  0.000000e+00 -1.000000e+00
   outer loop
     vertex -1.590990e+01  1.590990e+01  0.000000e+00
     vertex -1.338862e+01  1.126920e+01  0.000000e+00
     vertex -1.369274e+01  1.089766e+01  0.000000e+00
   endloop
 endfacet
 facet normal  0.000000e+00  0.000000e+00 -1.000000e+00
   outer loop
     vertex -1.590990e+01  1.590990e+01  0.000000e+00
     vertex -1.369274e+01  1.089766e+01  0.000000e+00
     vertex -1.398655e+01  1.051791e+01  0.000000e+00
   endloop
 endfacet
 facet normal  0.000000e+00  0.000000e+00 -1.000000e+00
   outer loop
     vertex -1.590990e+01  1.590990e+01  0.000000e+00
     vertex -1.398655e+01  1.051791e+01  0.000000e+00
     vertex -1.426983e+01  1.013024e+01  0.000000e+00
   endloop
 endfacet
 facet normal  0.000000e+00 -0.000000e+00 -1.000000e+00
   outer loop
     vertex  1.258474e+01 -1.216036e+01  0.000000e+00
     vertex  1.590990e+01 -1.590990e+01  0.000000e+00
     vertex  1.224640e+01 -1.250103e+01  0.000000e+00
   endloop
 endfacet
 facet normal -0.000000e+00  0.000000e+00 -1.000000e+00
   outer loop
     vertex -1.207375e+01  1.266786e+01  0.000000e+00
     vertex -1.241674e+01  1.233186e+01  0.000000e+00
     vertex -1.590990e+01  1.590990e+01  0.000000e+00
   endloop
 endfacet
 facet normal  0.000000e+00 -0.000000e+00 -1.000000e+00
   outer loop
     vertex  1.291361e+01 -1.181053e+01  0.000000e+00
     vertex  1.590990e+01 -1.590990e+01  0.000000e+00
     vertex  1.258474e+01 -1.216036e+01  0.000000e+00
   endloop
 endfacet
 facet normal -0.000000e+00  0.000000e+00 -1.000000e+00
   outer loop
     vertex -1.172167e+01  1.299432e+01  0.000000e+00
     vertex -1.207375e+01  1.266786e+01  0.000000e+00
     vertex -1.590990e+01  1.590990e+01  0.000000e+00
   endloop
 endfacet
 facet normal  0.000000e+00 -0.000000e+00 -1.000000e+00
   outer loop
     vertex  1.323276e+01 -1.145181e+01  0.000000e+00
     vertex  1.590990e+01 -1.590990e+01  0.000000e+00
     vertex  1.291361e+01 -1.181053e+01  0.000000e+00
   endloop
 endfacet
 facet normal -0.000000e+00  0.000000e+00 -1.000000e+00
   outer loop
     vertex -1.136078e+01  1.331100e+01  0.000000e+00
     vertex -1.172167e+01  1.299432e+01  0.000000e+00
     vertex -1.590990e+01  1.590990e+01  0.000000e+00
   endloop
 endfacet
 facet normal  0.000000e+00 -0.000000e+00 -1.000000e+00
   outer loop
     vertex  1.354195e+01 -1.108447e+01  0.000000e+00
     vertex  1.590990e+01 -1.590990e+01  0.000000e+00
     vertex  1.323276e+01 -1.145181e+01  0.000000e+00
   endloop
 endfacet
 facet normal -0.000000e+00  0.000000e+00 -1.000000e+00
   outer loop
     vertex -1.099133e+01  1.361766e+01  0.000000e+00
     vertex -1.136078e+01  1.331100e+01  0.000000e+00
     vertex -1.590990e+01  1.590990e+01  0.000000e+00
   endloop
 endfacet
 facet normal  0.000000e+00 -0.000000e+00 -1.000000e+00
   outer loop
     vertex  1.384095e+01 -1.070879e+01  0.000000e+00
     vertex  1.590990e+01 -1.590990e+01  0.000000e+00
     vertex  1.354195e+01 -1.108447e+01  0.000000e+00
   endloop
 endfacet
 facet normal -0.000000e+00  0.000000e+00 -1.000000e+00
   outer loop
     vertex -1.061360e+01  1.391407e+01  0.000000e+00
     vertex -1.099133e+01  1.361766e+01  0.000000e+00
     vertex -1.590990e+01  1.590990e+01  0.000000e+00
   endloop
 endfacet
 facet normal  0.000000e+00 -0.000000e+00 -1.000000e+00
   outer loop
     vertex  1.412952e+01 -1.032505e+01  0.000000e+00
     vertex  1.590990e+01 -1.590990e+01  0.000000e+00
     vertex  1.384095e+01 -1.070879e+01  0.000000e+00
   endloop
 endfacet
 facet normal -0.000000e+00  0.000000e+00 -1.000000e+00
   outer loop
     vertex -1.022789e+01  1.420001e+01  0.000000e+00
     vertex -1.061360e+01  1.391407e+01  0.000000e+00
     vertex -1.590990e+01  1.590990e+01  0.000000e+00
   endloop
 endfacet
 facet normal  0.000000e+00 -0.000000e+00 -1.000000e+00
   outer loop
     vertex  1.440746e+01 -9.933532e+00  0.000000e+00
     vertex  1.590990e+01 -1.590990e+01  0.000000e+00
     vertex  1.412952e+01 -1.032505e+01  0.000000e+00
   endloop
 endfacet
 facet normal -0.000000e+00  0.000000e+00 -1.000000e+00
   outer loop
     vertex -9.834473e+00  1.447526e+01  0.000000e+00
     vertex -1.022789e+01  1.420001e+01  0.000000e+00
     vertex -1.590990e+01  1.590990e+01  0.000000e+00
   endloop
 endfacet
 facet normal  0.000000e+00 -0.000000e+00 -1.000000e+00
   outer loop
     vertex  1.467456e+01 -9.534539e+00  0.000000e+00
     vertex  1.590990e+01 -1.590990e+01  0.000000e+00
     vertex  1.440746e+01 -9.933532e+00  0.000000e+00
   endloop
 endfacet
 facet normal -0.000000e+00  0.000000e+00 -1.000000e+00
   outer loop
     vertex -9.433657e+00  1.473961e+01  0.000000e+00
     vertex -9.834473e+00  1.447526e+01  0.000000e+00
     vertex -1.590990e+01  1.590990e+01  0.000000e+00
   endloop
 endfacet
 facet normal  0.000000e+00 -0.000000e+00 -1.000000e+00
   outer loop
     vertex  1.493060e+01 -9.128368e+00  0.000000e+00
     vertex  1.590990e+01 -1.590990e+01  0.000000e+00
     vertex  1.467456e+01 -9.534539e+00  0.000000e+00
   endloop
 endfacet
 facet normal -0.000000e+00  0.000000e+00 -1.000000e+00
   outer loop
     vertex -9.025739e+00  1.499287e+01  0.000000e+00
     vertex -9.433657e+00  1.473961e+01  0.000000e+00
     vertex -1.590990e+01  1.590990e+01  0.000000e+00
   endloop
 endfacet
 facet normal  0.000000e+00 -0.000000e+00 -1.000000e+00
   outer loop
     vertex  1.517541e+01 -8.715325e+00  0.000000e+00
     vertex  1.590990e+01 -1.590990e+01  0.000000e+00
     vertex  1.493060e+01 -9.128368e+00  0.000000e+00
   endloop
 endfacet
 facet normal -0.000000e+00  0.000000e+00 -1.000000e+00
   outer loop
     vertex -8.611027e+00  1.523484e+01  0.000000e+00
     vertex -9.025739e+00  1.499287e+01  0.000000e+00
     vertex -1.590990e+01  1.590990e+01  0.000000e+00
   endloop
 endfacet
 facet normal  0.000000e+00 -0.000000e+00 -1.000000e+00
   outer loop
     vertex  1.540880e+01 -8.295722e+00  0.000000e+00
     vertex  1.590990e+01 -1.590990e+01  0.000000e+00
     vertex  1.517541e+01 -8.715325e+00  0.000000e+00
   endloop
 endfacet
 facet normal -0.000000e+00  0.000000e+00 -1.000000e+00
   outer loop
     vertex -8.189833e+00  1.546534e+01  0.000000e+00
     vertex -8.611027e+00  1.523484e+01  0.000000e+00
     vertex -1.590990e+01  1.590990e+01  0.000000e+00
   endloop
 endfacet
 facet normal  0.000000e+00 -0.000000e+00 -1.000000e+00
   outer loop
     vertex  1.563058e+01 -7.869874e+00  0.000000e+00
     vertex  1.590990e+01 -1.590990e+01  0.000000e+00
     vertex  1.540880e+01 -8.295722e+00  0.000000e+00
   endloop
 endfacet
 facet normal -0.000000e+00  0.000000e+00 -1.000000e+00
   outer loop
     vertex -7.762473e+00  1.568420e+01  0.000000e+00
     vertex -8.189833e+00  1.546534e+01  0.000000e+00
     vertex -1.590990e+01  1.590990e+01  0.000000e+00
   endloop
 endfacet
 facet normal  0.000000e+00 -0.000000e+00 -1.000000e+00
   outer loop
     vertex  1.584060e+01 -7.438101e+00  0.000000e+00
     vertex  1.590990e+01 -1.590990e+01  0.000000e+00
     vertex  1.563058e+01 -7.869874e+00  0.000000e+00
   endloop
 endfacet
 facet normal -0.000000e+00  0.000000e+00 -1.000000e+00
   outer loop
     vertex -7.329271e+00  1.589125e+01  0.000000e+00
     vertex -7.762473e+00  1.568420e+01  0.000000e+00
     vertex -1.590990e+01  1.590990e+01  0.000000e+00
   endloop
 endfacet
 facet normal  0.000000e+00  0.000000e+00 -1.000000e+00
   outer loop
     vertex  1.603870e+01 -7.000730e+00  0.000000e+00
     vertex  1.590990e+01 -1.590990e+01  0.000000e+00
     vertex  1.584060e+01 -7.438101e+00  0.000000e+00
   endloop
 endfacet
 facet normal  0.000000e+00  0.000000e+00 -1.000000e+00
   outer loop
     vertex -6.890551e+00  1.608634e+01  0.000000e+00
     vertex -7.329271e+00  1.589125e+01  0.000000e+00
     vertex -1.590990e+01  1.590990e+01  0.000000e+00
   endloop
 endfacet
 facet normal  0.000000e+00  0.000000e+00 -1.000000e+00
   outer loop
     vertex  1.622472e+01 -6.558089e+00  0.000000e+00
     vertex  1.590990e+01 -1.590990e+01  0.000000e+00
     vertex  1.603870e+01 -7.000730e+00  0.000000e+00
   endloop
 endfacet
 facet normal -0.000000e+00  0.000000e+00 -1.000000e+00
   outer loop
     vertex  2.250000e+01  0.000000e+00  0.000000e+00
     vertex  1.750000e+01 -4.286264e-15  0.000000e+00
     vertex  1.749341e+01  4.800958e-01  0.000000e+00
   endloop
 endfacet
 facet normal  0.000000e+00  0.000000e+00 -1.000000e+00
   outer loop
     vertex  2.250000e+01  0.000000e+00  0.000000e+00
     vertex  1.749341e+01  4.800958e-01  0.000000e+00
     vertex  1.747366e+01  9.598303e-01  0.000000e+00
   endloop
 endfacet
 facet normal  0.000000e+00  0.000000e+00 -1.000000e+00
   outer loop
     vertex  2.250000e+01  0.000000e+00  0.000000e+00
     vertex  1.747366e+01  9.598303e-01  0.000000e+00
     vertex  1.744075e+01  1.438842e+00  0.000000e+00
   endloop
 endfacet
 facet normal  0.000000e+00  0.000000e+00 -1.000000e+00
   outer loop
     vertex  2.250000e+01  0.000000e+00  0.000000e+00
     vertex  1.744075e+01  1.438842e+00  0.000000e+00
     vertex  1.739471e+01  1.916771e+00  0.000000e+00
   endloop
 endfacet
 facet normal  0.000000e+00  0.000000e+00 -1.000000e+00
   outer loop
     vertex  2.250000e+01  0.000000e+00  0.000000e+00
     vertex  1.739471e+01  1.916771e+00  0.000000e+00
     vertex  1.733558e+01  2.393257e+00  0.000000e+00
   endloop
 endfacet
 facet normal  0.000000e+00  0.000000e+00 -1.000000e+00
   outer loop
     vertex  2.250000e+01  0.000000e+00  0.000000e+00
     vertex  1.733558e+01  2.393257e+00  0.000000e+00
     vertex  1.726340e+01  2.867941e+00  0.000000e+00
   endloop
 endfacet
 facet normal  0.000000e+00  0.000000e+00 -1.000000e+00
   outer loop
     vertex  2.250000e+01  0.000000e+00  0.000000e+00
     vertex  1.726340e+01  2.867941e+00  0.000000e+00
     vertex  1.717822e+01  3.340467e+00  0.000000e+00
   endloop
 endfacet
 facet normal  0.000000e+00  0.000000e+00 -1.000000e+00
   outer loop
     vertex  2.250000e+01  0.000000e+00  0.000000e+00
     vertex  1.717822e+01  3.340467e+00  0.000000e+00
     vertex  1.708011e+01  3.810478e+00  0.000000e+00
   endloop
 endfacet
 facet normal  0.000000e+00  0.000000e+00 -1.000000e+00
   outer loop
     vertex  2.250000e+01  0.000000e+00  0.000000e+00
     vertex  1.708011e+01  3.810478e+00  0.000000e+00
     vertex  1.696915e+01  4.277620e+00  0.000000e+00
   endloop
 endfacet
 facet normal  0.000000e+00  0.000000e+00 -1.000000e+00
   outer loop
     vertex  2.250000e+01  0.000000e+00  0.000000e+00
     vertex  1.696915e+01  4.277620e+00  0.000000e+00
     vertex  1.684541e+01  4.741542e+00  0.000000e+00
   endloop
 endfacet
 facet normal  0.000000e+00  0.000000e+00 -1.000000e+00
   outer loop
     vertex  2.250000e+01  0.000000e+00  0.000000e+00
     vertex  1.684541e+01  4.741542e+00  0.000000e+00
     vertex  1.670899e+01  5.201895e+00  0.000000e+00
   endloop
 endfacet
 facet normal  0.000000e+00  0.000000e+00 -1.000000e+00
   outer loop
     vertex  2.250000e+01  0.000000e+00  0.000000e+00
     vertex  1.670899e+01  5.201895e+00  0.000000e+00
     vertex  1.655999e+01  5.658333e+00  0.000000e+00
   endloop
 endfacet
 facet normal  0.000000e+00  0.000000e+00 -1.000000e+00
   outer loop
     vertex  2.250000e+01  0.000000e+00  0.000000e+00
     vertex  1.622472e+01 -6.558089e+00  0.000000e+00
     vertex  1.639853e+01 -6.110511e+00  0.000000e+00
   endloop
 endfacet
 facet normal  0.000000e+00  0.000000e+00 -1.000000e+00
   outer loop
     vertex  2.250000e+01  0.000000e+00  0.000000e+00
     vertex  1.639853e+01 -6.110511e+00  0.000000e+00
     vertex  1.655999e+01 -5.658333e+00  0.000000e+00
   endloop
 endfacet
 facet normal  0.000000e+00  0.000000e+00 -1.000000e+00
   outer loop
     vertex  2.250000e+01  0.000000e+00  0.000000e+00
     vertex  1.655999e+01 -5.658333e+00  0.000000e+00
     vertex  1.670899e+01 -5.201895e+00  0.000000e+00
   endloop
 endfacet
 facet normal  0.000000e+00  0.000000e+00 -1.000000e+00
   outer loop
     vertex  2.250000e+01  0.000000e+00  0.000000e+00
     vertex  1.670899e+01 -5.201895e+00  0.000000e+00
     vertex  1.684541e+01 -4.741542e+00  0.000000e+00
   endloop
 endfacet
 facet normal  0.000000e+00  0.000000e+00 -1.000000e+00
   outer loop
     vertex  2.250000e+01  0.000000e+00  0.000000e+00
     vertex  1.684541e+01 -4.741542e+00  0.000000e+00
     vertex  1.696915e+01 -4.277620e+00  0.000000e+00
   endloop
 endfacet
 facet normal  0.000000e+00  0.000000e+00 -1.000000e+00
   outer loop
     vertex  2.250000e+01  0.000000e+00  0.000000e+00
     vertex  1.696915e+01 -4.277620e+00  0.000000e+00
     vertex  1.708011e+01 -3.810478e+00  0.000000e+00
   endloop
 endfacet
 facet normal  0.000000e+00  0.000000e+00 -1.000000e+00
   outer loop
     vertex  2.250000e+01  0.000000e+00  0.000000e+00
     vertex  1.708011e+01 -3.810478e+00  0.000000e+00
     vertex  1.717822e+01 -3.340467e+00  0.000000e+00
   endloop
 endfacet
 facet normal  0.000000e+00  0.000000e+00 -1.000000e+00
   outer loop
     vertex  2.250000e+01  0.000000e+00  0.000000e+00
     vertex  1.717822e+01 -3.340467e+00  0.000000e+00
     vertex  1.726340e+01 -2.867941e+00  0.000000e+00
   endloop
 endfacet
 facet normal  0.000000e+00  0.000000e+00 -1.000000e+00
   outer loop
     vertex  2.250000e+01  0.000000e+00  0.000000e+00
     vertex  1.726340e+01 -2.867941e+00  0.000000e+00
     vertex  1.733558e+01 -2.393257e+00  0.000000e+00
   endloop
 endfacet
 facet normal  0.000000e+00  0.000000e+00 -1.000000e+00
   outer loop
     vertex  2.250000e+01  0.000000e+00  0.000000e+00
     vertex  1.733558e+01 -2.393257e+00  0.000000e+00
     vertex  1.739471e+01 -1.916771e+00  0.000000e+00
   endloop
 endfacet
 facet normal  0.000000e+00  0.000000e+00 -1.000000e+00
   outer loop
     vertex  2.250000e+01  0.000000e+00  0.000000e+00
     vertex  1.590990e+01 -1.590990e+01  0.000000e+00
     vertex  1.622472e+01 -6.558089e+00  0.000000e+00
   endloop
 endfacet
 facet normal  0.000000e+00  0.000000e+00 -1.000000e+00
   outer loop
     vertex  2.250000e+01  0.000000e+00  0.000000e+00
     vertex  1.739471e+01 -1.916771e+00  0.000000e+00
     vertex  1.744075e+01 -1.438842e+00  0.000000e+00
   endloop
 endfacet
 facet normal  0.000000e+00  0.000000e+00 -1.000000e+00
   outer loop
     vertex  2.250000e+01  0.000000e+00  0.000000e+00
     vertex  1.744075e+01 -1.438842e+00  0.000000e+00
     vertex  1.747366e+01 -9.598303e-01  0.000000e+00
   endloop
 endfacet
 facet normal  0.000000e+00  0.000000e+00 -1.000000e+00
   outer loop
     vertex  2.250000e+01  0.000000e+00  0.000000e+00
     vertex  1.747366e+01 -9.598303e-01  0.000000e+00
     vertex  1.749341e+01 -4.800958e-01  0.000000e+00
   endloop
 endfacet
 facet normal  0.000000e+00  0.000000e+00 -1.000000e+00
   outer loop
     vertex  2.250000e+01  0.000000e+00  0.000000e+00
     vertex  1.749341e+01 -4.800958e-01  0.000000e+00
     vertex  1.750000e+01 -4.286264e-15  0.000000e+00
   endloop
 endfacet
 facet normal  0.000000e+00  0.000000e+00 -1.000000e+00
   outer loop
     vertex  1.377728e-15  2.250000e+01  0.000000e+00
     vertex -6.890551e+00  1.608634e+01  0.000000e+00
     vertex -1.590990e+01  1.590990e+01  0.000000e+00
   endloop
 endfacet
 facet normal  0.000000e+00  0.000000e+00 -1.000000e+00
   outer loop
     vertex  1.377728e-15  2.250000e+01  0.000000e+00
     vertex  5.771790e+00  1.652079e+01  0.000000e+00
     vertex  5.316385e+00  1.667291e+01  0.000000e+00
   endloop
 endfacet
 facet normal  0.000000e+00  0.000000e+00 -1.000000e+00
   outer loop
     vertex  1.377728e-15  2.250000e+01  0.000000e+00
     vertex  5.316385e+00  1.667291e+01  0.000000e+00
     vertex  4.856979e+00  1.681249e+01  0.000000e+00
   endloop
 endfacet
 facet normal  0.000000e+00  0.000000e+00 -1.000000e+00
   outer loop
     vertex  1.377728e-15  2.250000e+01  0.000000e+00
     vertex  4.856979e+00  1.681249e+01  0.000000e+00
     vertex  4.393916e+00  1.693941e+01  0.000000e+00
   endloop
 endfacet
 facet normal  0.000000e+00  0.000000e+00 -1.000000e+00
   outer loop
     vertex  1.377728e-15  2.250000e+01  0.000000e+00
     vertex  4.393916e+00  1.693941e+01  0.000000e+00
     vertex  3.927546e+00  1.705357e+01  0.000000e+00
   endloop
 endfacet
 facet normal  0.000000e+00  0.000000e+00 -1.000000e+00
   outer loop
     vertex  1.377728e-15  2.250000e+01  0.000000e+00
     vertex  3.927546e+00  1.705357e+01  0.000000e+00
     vertex  3.458219e+00  1.715490e+01  0.000000e+00
   endloop
 endfacet
 facet normal  0.000000e+00  0.000000e+00 -1.000000e+00
   outer loop
     vertex  1.377728e-15  2.250000e+01  0.000000e+00
     vertex  3.458219e+00  1.715490e+01  0.000000e+00
     vertex  2.986289e+00  1.724332e+01  0.000000e+00
   endloop
 endfacet
 facet normal  0.000000e+00  0.000000e+00 -1.000000e+00
   outer loop
     vertex  1.377728e-15  2.250000e+01  0.000000e+00
     vertex  2.986289e+00  1.724332e+01  0.000000e+00
     vertex  2.512111e+00  1.731876e+01  0.000000e+00
   endloop
 endfacet
 facet normal  0.000000e+00  0.000000e+00 -1.000000e+00
   outer loop
     vertex  1.377728e-15  2.250000e+01  0.000000e+00
     vertex  2.512111e+00  1.731876e+01  0.000000e+00
     vertex  2.036042e+00  1.738115e+01  0.000000e+00
   endloop
 endfacet
 facet normal  0.000000e+00  0.000000e+00 -1.000000e+00
   outer loop
     vertex  1.377728e-15  2.250000e+01  0.000000e+00
     vertex  2.036042e+00  1.738115e+01  0.000000e+00
     vertex  1.558440e+00  1.743047e+01  0.000000e+00
   endloop
 endfacet
 facet normal  0.000000e+00  0.000000e+00 -1.000000e+00
   outer loop
     vertex  1.377728e-15  2.250000e+01  0.000000e+00
     vertex  1.558440e+00  1.743047e+01  0.000000e+00
     vertex  1.079665e+00  1.746666e+01  0.000000e+00
   endloop
 endfacet
 facet normal  0.000000e+00  0.000000e+00 -1.000000e+00
   outer loop
     vertex  1.377728e-15  2.250000e+01  0.000000e+00
     vertex  1.079665e+00  1.746666e+01  0.000000e+00
     vertex  6.000774e-01  1.748971e+01  0.000000e+00
   endloop
 endfacet
 facet normal  0.000000e+00  0.000000e+00 -1.000000e+00
   outer loop
     vertex  1.377728e-15  2.250000e+01  0.000000e+00
     vertex  6.000774e-01  1.748971e+01  0.000000e+00
     vertex  1.200381e-01  1.749959e+01  0.000000e+00
   endloop
 endfacet
 facet normal  0.000000e+00 -0.000000e+00 -1.000000e+00
   outer loop
     vertex  1.377728e-15  2.250000e+01  0.000000e+00
     vertex  1.200381e-01  1.749959e+01  0.000000e+00
     vertex -3.600916e-01  1.749629e+01  0.000000e+00
   endloop
 endfacet
 facet normal  0.000000e+00  0.000000e+00 -1.000000e+00
   outer loop
     vertex  1.377728e-15  2.250000e+01  0.000000e+00
     vertex -3.600916e-01  1.749629e+01  0.000000e+00
     vertex -8.399503e-01  1.747983e+01  0.000000e+00
   endloop
 endfacet
 facet normal  0.000000e+00  0.000000e+00 -1.000000e+00
   outer loop
     vertex  1.377728e-15  2.250000e+01  0.000000e+00
     vertex -8.399503e-01  1.747983e+01  0.000000e+00
     vertex -1.319177e+00  1.745021e+01  0.000000e+00
   endloop
 endfacet
 facet normal  0.000000e+00  0.000000e+00 -1.000000e+00
   outer loop
     vertex  1.377728e-15  2.250000e+01  0.000000e+00
     vertex -1.319177e+00  1.745021e+01  0.000000e+00
     vertex -1.797410e+00  1.740745e+01  0.000000e+00
   endloop
 endfacet
 facet normal  0.000000e+00  0.000000e+00 -1.000000e+00
   outer loop
     vertex  1.377728e-15  2.250000e+01  0.000000e+00
     vertex -1.797410e+00  1.740745e+01  0.000000e+00
     vertex -2.274290e+00  1.735159e+01  0.000000e+00
   endloop
 endfacet
 facet normal  0.000000e+00  0.000000e+00 -1.000000e+00
   outer loop
     vertex  1.377728e-15  2.250000e+01  0.000000e+00
     vertex -2.274290e+00  1.735159e+01  0.000000e+00
     vertex -2.749459e+00  1.728266e+01  0.000000e+00
   endloop
 endfacet
 facet normal  0.000000e+00  0.000000e+00 -1.000000e+00
   outer loop
     vertex  1.377728e-15  2.250000e+01  0.000000e+00
     vertex -2.749459e+00  1.728266e+01  0.000000e+00
     vertex -3.222557e+00  1.720073e+01  0.000000e+00
   endloop
 endfacet
 facet normal  0.000000e+00  0.000000e+00 -1.000000e+00
   outer loop
     vertex  1.377728e-15  2.250000e+01  0.000000e+00
     vertex -3.222557e+00  1.720073e+01  0.000000e+00
     vertex -3.693230e+00  1.710585e+01  0.000000e+00
   endloop
 endfacet
 facet normal  0.000000e+00  0.000000e+00 -1.000000e+00
   outer loop
     vertex  1.377728e-15  2.250000e+01  0.000000e+00
     vertex -3.693230e+00  1.710585e+01  0.000000e+00
     vertex -4.161123e+00  1.699809e+01  0.000000e+00
   endloop
 endfacet
 facet normal  0.000000e+00  0.000000e+00 -1.000000e+00
   outer loop
     vertex  1.377728e-15  2.250000e+01  0.000000e+00
     vertex -4.161123e+00  1.699809e+01  0.000000e+00
     vertex -4.625883e+00  1.687754e+01  0.000000e+00
   endloop
 endfacet
 facet normal  0.000000e+00  0.000000e+00 -1.000000e+00
   outer loop
     vertex  1.377728e-15  2.250000e+01  0.000000e+00
     vertex -4.625883e+00  1.687754e+01  0.000000e+00
     vertex -5.087161e+00  1.674428e+01  0.000000e+00
   endloop
 endfacet
 facet normal  0.000000e+00  0.000000e+00 -1.000000e+00
   outer loop
     vertex  1.377728e-15  2.250000e+01  0.000000e+00
     vertex -5.087161e+00  1.674428e+01  0.000000e+00
     vertex -5.544609e+00  1.659841e+01  0.000000e+00
   endloop
 endfacet
 facet normal  0.000000e+00  0.000000e+00 -1.000000e+00
   outer loop
     vertex  1.377728e-15  2.250000e+01  0.000000e+00
     vertex -5.544609e+00  1.659841e+01  0.000000e+00
     vertex -5.997884e+00  1.644005e+01  0.000000e+00
   endloop
 endfacet
 facet normal  0.000000e+00  0.000000e+00 -1.000000e+00
   outer loop
     vertex  1.377728e-15  2.250000e+01  0.000000e+00
     vertex -5.997884e+00  1.644005e+01  0.000000e+00
     vertex -6.446644e+00  1.626932e+01  0.000000e+00
   endloop
 endfacet
 facet normal  0.000000e+00  0.000000e+00 -1.000000e+00
   outer loop
     vertex  1.377728e-15  2.250000e+01  0.000000e+00
     vertex -6.446644e+00  1.626932e+01  0.000000e+00
     vertex -6.890551e+00  1.608634e+01  0.000000e+00
   endloop
 endfacet
 facet normal  0.000000e+00  0.000000e+00 -1.000000e+00
   outer loop
     vertex  1.639853e+01  6.110511e+00  0.000000e+00
     vertex  2.250000e+01  0.000000e+00  0.000000e+00
     vertex  1.655999e+01  5.658333e+00  0.000000e+00
   endloop
 endfacet
 facet normal  0.000000e+00  0.000000e+00 -1.000000e+00
   outer loop
     vertex  6.222850e+00  1.635623e+01  0.000000e+00
     vertex  5.771790e+00  1.652079e+01  0.000000e+00
     vertex  1.377728e-15  2.250000e+01  0.000000e+00
   endloop
 endfacet
 facet normal  0.000000e+00  0.000000e+00 -1.000000e+00
   outer loop
     vertex  1.622472e+01  6.558089e+00  0.000000e+00
     vertex  2.250000e+01  0.000000e+00  0.000000e+00
     vertex  1.639853e+01  6.110511e+00  0.000000e+00
   endloop
 endfacet
 facet normal  0.000000e+00  0.000000e+00 -1.000000e+00
   outer loop
     vertex  6.669225e+00  1.617935e+01  0.000000e+00
     vertex  6.222850e+00  1.635623e+01  0.000000e+00
     vertex  1.377728e-15  2.250000e+01  0.000000e+00
   endloop
 endfacet
 facet normal  0.000000e+00  0.000000e+00 -1.000000e+00
   outer loop
     vertex  1.590990e+01  1.590990e+01  0.000000e+00
     vertex  1.622472e+01  6.558089e+00  0.000000e+00
     vertex  1.603870e+01  7.000730e+00  0.000000e+00
   endloop
 endfacet
 facet normal  0.000000e+00 -0.000000e+00 -1.000000e+00
   outer loop
     vertex  1.590990e+01  1.590990e+01  0.000000e+00
     vertex  1.603870e+01  7.000730e+00  0.000000e+00
     vertex  1.584060e+01  7.438101e+00  0.000000e+00
   endloop
 endfacet
 facet normal  0.000000e+00  0.000000e+00 -1.000000e+00
   outer loop
     vertex  1.590990e+01  1.590990e+01  0.000000e+00
     vertex  1.584060e+01  7.438101e+00  0.000000e+00
     vertex  1.563058e+01  7.869874e+00  0.000000e+00
   endloop
 endfacet
 facet normal  0.000000e+00  0.000000e+00 -1.000000e+00
   outer loop
     vertex  1.590990e+01  1.590990e+01  0.000000e+00
     vertex  1.563058e+01  7.869874e+00  0.000000e+00
     vertex  1.540880e+01  8.295722e+00  0.000000e+00
   endloop
 endfacet
 facet normal  0.000000e+00  0.000000e+00 -1.000000e+00
   outer loop
     vertex  1.590990e+01  1.590990e+01  0.000000e+00
     vertex  1.540880e+01  8.295722e+00  0.000000e+00
     vertex  1.517541e+01  8.715325e+00  0.000000e+00
   endloop
 endfacet
 facet normal  0.000000e+00  0.000000e+00 -1.000000e+00
   outer loop
     vertex  1.590990e+01  1.590990e+01  0.000000e+00
     vertex  1.517541e+01  8.715325e+00  0.000000e+00
     vertex  1.493060e+01  9.128368e+00  0.000000e+00
   endloop
 endfacet
 facet normal  0.000000e+00  0.000000e+00 -1.000000e+00
   outer loop
     vertex  1.590990e+01  1.590990e+01  0.000000e+00
     vertex  1.493060e+01  9.128368e+00  0.000000e+00
     vertex  1.467456e+01  9.534539e+00  0.000000e+00
   endloop
 endfacet
 facet normal  0.000000e+00  0.000000e+00 -1.000000e+00
   outer loop
     vertex  1.590990e+01  1.590990e+01  0.000000e+00
     vertex  1.467456e+01  9.534539e+00  0.000000e+00
     vertex  1.440746e+01  9.933532e+00  0.000000e+00
   endloop
 endfacet
 facet normal  0.000000e+00  0.000000e+00 -1.000000e+00
   outer loop
     vertex  1.590990e+01  1.590990e+01  0.000000e+00
     vertex  1.440746e+01  9.933532e+00  0.000000e+00
     vertex  1.412952e+01  1.032505e+01  0.000000e+00
   endloop
 endfacet
 facet normal  0.000000e+00  0.000000e+00 -1.000000e+00
   outer loop
     vertex  1.590990e+01  1.590990e+01  0.000000e+00
     vertex  1.412952e+01  1.032505e+01  0.000000e+00
     vertex  1.384095e+01  1.070879e+01  0.000000e+00
   endloop
 endfacet
 facet normal  0.000000e+00  0.000000e+00 -1.000000e+00
   outer loop
     vertex  1.590990e+01  1.590990e+01  0.000000e+00
     vertex  1.384095e+01  1.070879e+01  0.000000e+00
     vertex  1.354195e+01  1.108447e+01  0.000000e+00
   endloop
 endfacet
 facet normal  0.000000e+00  0.000000e+00 -1.000000e+00
   outer loop
     vertex  1.590990e+01  1.590990e+01  0.000000e+00
     vertex  1.354195e+01  1.108447e+01  0.000000e+00
     vertex  1.323276e+01  1.145181e+01  0.000000e+00
   endloop
 endfacet
 facet normal  0.000000e+00  0.000000e+00 -1.000000e+00
   outer loop
     vertex  1.590990e+01  1.590990e+01  0.000000e+00
     vertex  1.323276e+01  1.145181e+01  0.000000e+00
     vertex  1.291361e+01  1.181053e+01  0.000000e+00
   endloop
 endfacet
 facet normal  0.000000e+00  0.000000e+00 -1.000000e+00
   outer loop
     vertex  1.590990e+01  1.590990e+01  0.000000e+00
     vertex  1.291361e+01  1.181053e+01  0.000000e+00
     vertex  1.258474e+01  1.216036e+01  0.000000e+00
   endloop
 endfacet
 facet normal  0.000000e+00  0.000000e+00 -1.000000e+00
   outer loop
     vertex  1.590990e+01  1.590990e+01  0.000000e+00
     vertex  1.258474e+01  1.216036e+01  0.000000e+00
     vertex  1.224640e+01  1.250103e+01  0.000000e+00
   endloop
 endfacet
 facet normal  0.000000e+00  0.000000e+00 -1.000000e+00
   outer loop
     vertex  1.590990e+01  1.590990e+01  0.000000e+00
     vertex  1.224640e+01  1.250103e+01  0.000000e+00
     vertex  1.189883e+01  1.283230e+01  0.000000e+00
   endloop
 endfacet
 facet normal  0.000000e+00  0.000000e+00 -1.000000e+00
   outer loop
     vertex  1.590990e+01  1.590990e+01  0.000000e+00
     vertex  1.189883e+01  1.283230e+01  0.000000e+00
     vertex  1.154231e+01  1.315390e+01  0.000000e+00
   endloop
 endfacet
 facet normal  0.000000e+00  0.000000e+00 -1.000000e+00
   outer loop
     vertex  1.590990e+01  1.590990e+01  0.000000e+00
     vertex  1.154231e+01  1.315390e+01  0.000000e+00
     vertex  1.117710e+01  1.346560e+01  0.000000e+00
   endloop
 endfacet
 facet normal  0.000000e+00  0.000000e+00 -1.000000e+00
   outer loop
     vertex  1.590990e+01  1.590990e+01  0.000000e+00
     vertex  1.117710e+01  1.346560e+01  0.000000e+00
     vertex  1.080348e+01  1.376716e+01  0.000000e+00
   endloop
 endfacet
 facet normal  0.000000e+00  0.000000e+00 -1.000000e+00
   outer loop
     vertex  1.590990e+01  1.590990e+01  0.000000e+00
     vertex  1.080348e+01  1.376716e+01  0.000000e+00
     vertex  1.042172e+01  1.405837e+01  0.000000e+00
   endloop
 endfacet
 facet normal  0.000000e+00  0.000000e+00 -1.000000e+00
   outer loop
     vertex  1.590990e+01  1.590990e+01  0.000000e+00
     vertex  1.042172e+01  1.405837e+01  0.000000e+00
     vertex  1.003212e+01  1.433898e+01  0.000000e+00
   endloop
 endfacet
 facet normal  0.000000e+00  0.000000e+00 -1.000000e+00
   outer loop
     vertex  1.590990e+01  1.590990e+01  0.000000e+00
     vertex  1.003212e+01  1.433898e+01  0.000000e+00
     vertex  9.634972e+00  1.460881e+01  0.000000e+00
   endloop
 endfacet
 facet normal  0.000000e+00  0.000000e+00 -1.000000e+00
   outer loop
     vertex  1.590990e+01  1.590990e+01  0.000000e+00
     vertex  9.634972e+00  1.460881e+01  0.000000e+00
     vertex  9.230567e+00  1.486764e+01  0.000000e+00
   endloop
 endfacet
 facet normal  0.000000e+00  0.000000e+00 -1.000000e+00
   outer loop
     vertex  1.590990e+01  1.590990e+01  0.000000e+00
     vertex  9.230567e+00  1.486764e+01  0.000000e+00
     vertex  8.819213e+00  1.511527e+01  0.000000e+00
   endloop
 endfacet
 facet normal  0.000000e+00  0.000000e+00 -1.000000e+00
   outer loop
     vertex  1.590990e+01  1.590990e+01  0.000000e+00
     vertex  8.819213e+00  1.511527e+01  0.000000e+00
     vertex  8.401220e+00  1.535153e+01  0.000000e+00
   endloop
 endfacet
 facet normal  0.000000e+00  0.000000e+00 -1.000000e+00
   outer loop
     vertex  1.590990e+01  1.590990e+01  0.000000e+00
     vertex  8.401220e+00  1.535153e+01  0.000000e+00
     vertex  7.976904e+00  1.557623e+01  0.000000e+00
   endloop
 endfacet
 facet normal  0.000000e+00  0.000000e+00 -1.000000e+00
   outer loop
     vertex  1.590990e+01  1.590990e+01  0.000000e+00
     vertex  2.250000e+01  0.000000e+00  0.000000e+00
     vertex  1.622472e+01  6.558089e+00  0.000000e+00
   endloop
 endfacet
 facet normal  0.000000e+00  0.000000e+00 -1.000000e+00
   outer loop
     vertex  1.590990e+01  1.590990e+01  0.000000e+00
     vertex  7.976904e+00  1.557623e+01  0.000000e+00
     vertex  7.546582e+00  1.578921e+01  0.000000e+00
   endloop
 endfacet
 facet normal -0.000000e+00  0.000000e+00 -1.000000e+00
   outer loop
     vertex  1.590990e+01  1.590990e+01  0.000000e+00
     vertex  7.546582e+00  1.578921e+01  0.000000e+00
     vertex  7.110580e+00  1.599030e+01  0.000000e+00
   endloop
 endfacet
 facet normal  0.000000e+00  0.000000e+00 -1.000000e+00
   outer loop
     vertex  1.590990e+01  1.590990e+01  0.000000e+00
     vertex  7.110580e+00  1.599030e+01  0.000000e+00
     vertex  6.669225e+00  1.617935e+01  0.000000e+00
   endloop
 endfacet
 facet normal  0.000000e+00  0.000000e+00 -1.000000e+00
   outer loop
     vertex  1.590990e+01  1.590990e+01  0.000000e+00
     vertex  6.669225e+00  1.617935e+01  0.000000e+00
     vertex  1.377728e-15  2.250000e+01  0.000000e+00
   endloop
 endfacet
 facet normal  0.000000e+00  0.000000e+00  1.000000e+00
   outer loop
     vertex -1.207375e+01 -1.266786e+01  2.000000e+01
     vertex -1.241674e+01 -1.233186e+01  2.000000e+01
     vertex -1.590990e+01 -1.590990e+01  2.000000e+01
   endloop
 endfacet
 facet normal  0.000000e+00  0.000000e+00  1.000000e+00
   outer loop
     vertex -1.275038e+01 -1.198657e+01  2.000000e+01
     vertex -1.590990e+01 -1.590990e+01  2.000000e+01
     vertex -1.241674e+01 -1.233186e+01  2.000000e+01
   endloop
 endfacet
 facet normal  0.000000e+00  0.000000e+00  1.000000e+00
   outer loop
     vertex -1.172167e+01 -1.299432e+01  2.000000e+01
     vertex -1.207375e+01 -1.266786e+01  2.000000e+01
     vertex -1.590990e+01 -1.590990e+01  2.000000e+01
   endloop
 endfacet
 facet normal  0.000000e+00  0.000000e+00  1.000000e+00
   outer loop
     vertex -1.307442e+01 -1.163227e+01  2.000000e+01
     vertex -1.590990e+01 -1.590990e+01  2.000000e+01
     vertex -1.275038e+01 -1.198657e+01  2.000000e+01
   endloop
 endfacet
 facet normal  0.000000e+00  0.000000e+00  1.000000e+00
   outer loop
     vertex -1.136078e+01 -1.331100e+01  2.000000e+01
     vertex -1.172167e+01 -1.299432e+01  2.000000e+01
     vertex -1.590990e+01 -1.590990e+01  2.000000e+01
   endloop
 endfacet
 facet normal  0.000000e+00  0.000000e+00  1.000000e+00
   outer loop
     vertex -1.338862e+01 -1.126920e+01  2.000000e+01
     vertex -1.590990e+01 -1.590990e+01  2.000000e+01
     vertex -1.307442e+01 -1.163227e+01  2.000000e+01
   endloop
 endfacet
 facet normal  0.000000e+00  0.000000e+00  1.000000e+00
   outer loop
     vertex -1.099133e+01 -1.361766e+01  2.000000e+01
     vertex -1.136078e+01 -1.331100e+01  2.000000e+01
     vertex -1.590990e+01 -1.590990e+01  2.000000e+01
   endloop
 endfacet
 facet normal  0.000000e+00  0.000000e+00  1.000000e+00
   outer loop
     vertex -1.369274e+01 -1.089766e+01  2.000000e+01
     vertex -1.590990e+01 -1.590990e+01  2.000000e+01
     vertex -1.338862e+01 -1.126920e+01  2.000000e+01
   endloop
 endfacet
 facet normal  0.000000e+00  0.000000e+00  1.000000e+00
   outer loop
     vertex -1.061360e+01 -1.391407e+01  2.000000e+01
     vertex -1.099133e+01 -1.361766e+01  2.000000e+01
     vertex -1.590990e+01 -1.590990e+01  2.000000e+01
   endloop
 endfacet
 facet normal  0.000000e+00  0.000000e+00  1.000000e+00
   outer loop
     vertex -1.398655e+01 -1.051791e+01  2.000000e+01
     vertex -1.590990e+01 -1.590990e+01  2.000000e+01
     vertex -1.369274e+01 -1.089766e+01  2.000000e+01
   endloop
 endfacet
 facet normal  0.000000e+00  0.000000e+00  1.000000e+00
   outer loop
     vertex -1.022789e+01 -1.420001e+01  2.000000e+01
     vertex -1.061360e+01 -1.391407e+01  2.000000e+01
     vertex -1.590990e+01 -1.590990e+01  2.000000e+01
   endloop
 endfacet
 facet normal  0.000000e+00  0.000000e+00  1.000000e+00
   outer loop
     vertex -1.426983e+01 -1.013024e+01  2.000000e+01
     vertex -1.590990e+01 -1.590990e+01  2.000000e+01
     vertex -1.398655e+01 -1.051791e+01  2.000000e+01
   endloop
 endfacet
 facet normal  0.000000e+00  0.000000e+00  1.000000e+00
   outer loop
     vertex -9.834473e+00 -1.447526e+01  2.000000e+01
     vertex -1.022789e+01 -1.420001e+01  2.000000e+01
     vertex -1.590990e+01 -1.590990e+01  2.000000e+01
   endloop
 endfacet
 facet normal  0.000000e+00  0.000000e+00  1.000000e+00
   outer loop
     vertex -1.454238e+01 -9.734952e+00  2.000000e+01
     vertex -1.590990e+01 -1.590990e+01  2.000000e+01
     vertex -1.426983e+01 -1.013024e+01  2.000000e+01
   endloop
 endfacet
 facet normal  0.000000e+00  0.000000e+00  1.000000e+00
   outer loop
     vertex -9.433657e+00 -1.473961e+01  2.000000e+01
     vertex -9.834473e+00 -1.447526e+01  2.000000e+01
     vertex -1.590990e+01 -1.590990e+01  2.000000e+01
   endloop
 endfacet
 facet normal  0.000000e+00  0.000000e+00  1.000000e+00
   outer loop
     vertex -1.480397e+01 -9.332331e+00  2.000000e+01
     vertex -1.590990e+01 -1.590990e+01  2.000000e+01
     vertex -1.454238e+01 -9.734952e+00  2.000000e+01
   endloop
 endfacet
 facet normal  0.000000e+00  0.000000e+00  1.000000e+00
   outer loop
     vertex -9.025739e+00 -1.499287e+01  2.000000e+01
     vertex -9.433657e+00 -1.473961e+01  2.000000e+01
     vertex -1.590990e+01 -1.590990e+01  2.000000e+01
   endloop
 endfacet
 facet normal  0.000000e+00  0.000000e+00  1.000000e+00
   outer loop
     vertex -1.505442e+01 -8.922686e+00  2.000000e+01
     vertex -1.590990e+01 -1.590990e+01  2.000000e+01
     vertex -1.480397e+01 -9.332331e+00  2.000000e+01
   endloop
 endfacet
 facet normal  0.000000e+00  0.000000e+00  1.000000e+00
   outer loop
     vertex -8.611027e+00 -1.523484e+01  2.000000e+01
     vertex -9.025739e+00 -1.499287e+01  2.000000e+01
     vertex -1.590990e+01 -1.590990e+01  2.000000e+01
   endloop
 endfacet
 facet normal  0.000000e+00  0.000000e+00  1.000000e+00
   outer loop
     vertex -1.529354e+01 -8.506324e+00  2.000000e+01
     vertex -1.590990e+01 -1.590990e+01  2.000000e+01
     vertex -1.505442e+01 -8.922686e+00  2.000000e+01
   endloop
 endfacet
 facet normal  0.000000e+00  0.000000e+00  1.000000e+00
   outer loop
     vertex -8.189833e+00 -1.546534e+01  2.000000e+01
     vertex -8.611027e+00 -1.523484e+01  2.000000e+01
     vertex -1.590990e+01 -1.590990e+01  2.000000e+01
   endloop
 endfacet
 facet normal  0.000000e+00  0.000000e+00  1.000000e+00
   outer loop
     vertex -1.552115e+01 -8.083558e+00  2.000000e+01
     vertex -1.590990e+01 -1.590990e+01  2.000000e+01
     vertex -1.529354e+01 -8.506324e+00  2.000000e+01
   endloop
 endfacet
 facet normal  0.000000e+00  0.000000e+00  1.000000e+00
   outer loop
     vertex -7.762473e+00 -1.568420e+01  2.000000e+01
     vertex -8.189833e+00 -1.546534e+01  2.000000e+01
     vertex -1.590990e+01 -1.590990e+01  2.000000e+01
   endloop
 endfacet
 facet normal  0.000000e+00  0.000000e+00  1.000000e+00
   outer loop
     vertex -1.573707e+01 -7.654708e+00  2.000000e+01
     vertex -1.590990e+01 -1.590990e+01  2.000000e+01
     vertex -1.552115e+01 -8.083558e+00  2.000000e+01
   endloop
 endfacet
 facet normal  0.000000e+00  0.000000e+00  1.000000e+00
   outer loop
     vertex -7.329271e+00 -1.589125e+01  2.000000e+01
     vertex -7.762473e+00 -1.568420e+01  2.000000e+01
     vertex -1.590990e+01 -1.590990e+01  2.000000e+01
   endloop
 endfacet
 facet normal  0.000000e+00  0.000000e+00  1.000000e+00
   outer loop
     vertex -1.594115e+01 -7.220095e+00  2.000000e+01
     vertex -1.590990e+01 -1.590990e+01  2.000000e+01
     vertex -1.573707e+01 -7.654708e+00  2.000000e+01
   endloop
 endfacet
 facet normal  0.000000e+00  0.000000e+00  1.000000e+00
   outer loop
     vertex -6.890551e+00 -1.608634e+01  2.000000e+01
     vertex -7.329271e+00 -1.589125e+01  2.000000e+01
     vertex -1.590990e+01 -1.590990e+01  2.000000e+01
   endloop
 endfacet
 facet normal  0.000000e+00  0.000000e+00  1.000000e+00
   outer loop
     vertex -1.613323e+01 -6.780047e+00  2.000000e+01
     vertex -1.590990e+01 -1.590990e+01  2.000000e+01
     vertex -1.594115e+01 -7.220095e+00  2.000000e+01
   endloop
 endfacet
 facet normal  0.000000e+00  0.000000e+00  1.000000e+00
   outer loop
     vertex -4.133183e-15 -2.250000e+01  2.000000e+01
     vertex -6.446644e+00 -1.626932e+01  2.000000e+01
     vertex -6.890551e+00 -1.608634e+01  2.000000e+01
   endloop
 endfacet
 facet normal  0.000000e+00  0.000000e+00  1.000000e+00
   outer loop
     vertex -4.133183e-15 -2.250000e+01  2.000000e+01
     vertex -6.890551e+00 -1.608634e+01  2.000000e+01
     vertex -1.590990e+01 -1.590990e+01  2.000000e+01
   endloop
 endfacet
 facet normal  0.000000e+00  0.000000e+00  1.000000e+00
   outer loop
     vertex -2.250000e+01  2.755455e-15  2.000000e+01
     vertex -1.613323e+01 -6.780047e+00  2.000000e+01
     vertex -1.631316e+01 -6.334896e+00  2.000000e+01
   endloop
 endfacet
 facet normal  0.000000e+00  0.000000e+00  1.000000e+00
   outer loop
     vertex -2.250000e+01  2.755455e-15  2.000000e+01
     vertex -1.590990e+01 -1.590990e+01  2.000000e+01
     vertex -1.613323e+01 -6.780047e+00  2.000000e+01
   endloop
 endfacet
 facet normal  0.000000e+00  0.000000e+00  1.000000e+00
   outer loop
     vertex -5.997884e+00 -1.644005e+01  2.000000e+01
     vertex -6.446644e+00 -1.626932e+01  2.000000e+01
     vertex -4.133183e-15 -2.250000e+01  2.000000e+01
   endloop
 endfacet
 facet normal  0.000000e+00  0.000000e+00  1.000000e+00
   outer loop
     vertex -1.648081e+01 -5.884975e+00  2.000000e+01
     vertex -2.250000e+01  2.755455e-15  2.000000e+01
     vertex -1.631316e+01 -6.334896e+00  2.000000e+01
   endloop
 endfacet
 facet normal  0.000000e+00  0.000000e+00  1.000000e+00
   outer loop
     vertex -5.544609e+00 -1.659841e+01  2.000000e+01
     vertex -5.997884e+00 -1.644005e+01  2.000000e+01
     vertex -4.133183e-15 -2.250000e+01  2.000000e+01
   endloop
 endfacet
 facet normal  0.000000e+00  0.000000e+00  1.000000e+00
   outer loop
     vertex -1.663605e+01 -5.430625e+00  2.000000e+01
     vertex -2.250000e+01  2.755455e-15  2.000000e+01
     vertex -1.648081e+01 -5.884975e+00  2.000000e+01
   endloop
 endfacet
 facet normal  0.000000e+00  0.000000e+00  1.000000e+00
   outer loop
     vertex -5.087161e+00 -1.674428e+01  2.000000e+01
     vertex -5.544609e+00 -1.659841e+01  2.000000e+01
     vertex -4.133183e-15 -2.250000e+01  2.000000e+01
   endloop
 endfacet
 facet normal  0.000000e+00  0.000000e+00  1.000000e+00
   outer loop
     vertex -1.677878e+01 -4.972187e+00  2.000000e+01
     vertex -2.250000e+01  2.755455e-15  2.000000e+01
     vertex -1.663605e+01 -5.430625e+00  2.000000e+01
   endloop
 endfacet
 facet normal  0.000000e+00  0.000000e+00  1.000000e+00
   outer loop
     vertex -4.625883e+00 -1.687754e+01  2.000000e+01
     vertex -5.087161e+00 -1.674428e+01  2.000000e+01
     vertex -4.133183e-15 -2.250000e+01  2.000000e+01
   endloop
 endfacet
 facet normal  0.000000e+00  0.000000e+00  1.000000e+00
   outer loop
     vertex -1.690887e+01 -4.510006e+00  2.000000e+01
     vertex -2.250000e+01  2.755455e-15  2.000000e+01
     vertex -1.677878e+01 -4.972187e+00  2.000000e+01
   endloop
 endfacet
 facet normal  0.000000e+00  0.000000e+00  1.000000e+00
   outer loop
     vertex -4.161123e+00 -1.699809e+01  2.000000e+01
     vertex -4.625883e+00 -1.687754e+01  2.000000e+01
     vertex -4.133183e-15 -2.250000e+01  2.000000e+01
   endloop
 endfacet
 facet normal  0.000000e+00  0.000000e+00  1.000000e+00
   outer loop
     vertex -1.702623e+01 -4.044429e+00  2.000000e+01
     vertex -2.250000e+01  2.755455e-15  2.000000e+01
     vertex -1.690887e+01 -4.510006e+00  2.000000e+01
   endloop
 endfacet
 facet normal  0.000000e+00  0.000000e+00  1.000000e+00
   outer loop
     vertex -3.693230e+00 -1.710585e+01  2.000000e+01
     vertex -4.161123e+00 -1.699809e+01  2.000000e+01
     vertex -4.133183e-15 -2.250000e+01  2.000000e+01
   endloop
 endfacet
 facet normal  0.000000e+00  0.000000e+00  1.000000e+00
   outer loop
     vertex -1.713078e+01 -3.575809e+00  2.000000e+01
     vertex -2.250000e+01  2.755455e-15  2.000000e+01
     vertex -1.702623e+01 -4.044429e+00  2.000000e+01
   endloop
 endfacet
 facet normal  0.000000e+00  0.000000e+00  1.000000e+00
   outer loop
     vertex -3.222557e+00 -1.720073e+01  2.000000e+01
     vertex -3.693230e+00 -1.710585e+01  2.000000e+01
     vertex -4.133183e-15 -2.250000e+01  2.000000e+01
   endloop
 endfacet
 facet normal  0.000000e+00  0.000000e+00  1.000000e+00
   outer loop
     vertex -1.722243e+01 -3.104496e+00  2.000000e+01
     vertex -2.250000e+01  2.755455e-15  2.000000e+01
     vertex -1.713078e+01 -3.575809e+00  2.000000e+01
   endloop
 endfacet
 facet normal  0.000000e+00  0.000000e+00  1.000000e+00
   outer loop
     vertex -2.749459e+00 -1.728266e+01  2.000000e+01
     vertex -3.222557e+00 -1.720073e+01  2.000000e+01
     vertex -4.133183e-15 -2.250000e+01  2.000000e+01
   endloop
 endfacet
 facet normal  0.000000e+00  0.000000e+00  1.000000e+00
   outer loop
     vertex -1.730112e+01 -2.630847e+00  2.000000e+01
     vertex -2.250000e+01  2.755455e-15  2.000000e+01
     vertex -1.722243e+01 -3.104496e+00  2.000000e+01
   endloop
 endfacet
 facet normal  0.000000e+00  0.000000e+00  1.000000e+00
   outer loop
     vertex -2.274290e+00 -1.735159e+01  2.000000e+01
     vertex -2.749459e+00 -1.728266e+01  2.000000e+01
     vertex -4.133183e-15 -2.250000e+01  2.000000e+01
   endloop
 endfacet
 facet normal  0.000000e+00  0.000000e+00  1.000000e+00
   outer loop
     vertex -1.736678e+01 -2.155217e+00  2.000000e+01
     vertex -2.250000e+01  2.755455e-15  2.000000e+01
     vertex -1.730112e+01 -2.630847e+00  2.000000e+01
   endloop
 endfacet
 facet normal  0.000000e+00  0.000000e+00  1.000000e+00
   outer loop
     vertex -1.797410e+00 -1.740745e+01  2.000000e+01
     vertex -2.274290e+00 -1.735159e+01  2.000000e+01
     vertex -4.133183e-15 -2.250000e+01  2.000000e+01
   endloop
 endfacet
 facet normal  0.000000e+00  0.000000e+00  1.000000e+00
   outer loop
     vertex -1.741937e+01 -1.677964e+00  2.000000e+01
     vertex -2.250000e+01  2.755455e-15  2.000000e+01
     vertex -1.736678e+01 -2.155217e+00  2.000000e+01
   endloop
 endfacet
 facet normal  0.000000e+00  0.000000e+00  1.000000e+00
   outer loop
     vertex -1.319177e+00 -1.745021e+01  2.000000e+01
     vertex -1.797410e+00 -1.740745e+01  2.000000e+01
     vertex -4.133183e-15 -2.250000e+01  2.000000e+01
   endloop
 endfacet
 facet normal  0.000000e+00  0.000000e+00  1.000000e+00
   outer loop
     vertex -1.745885e+01 -1.199449e+00  2.000000e+01
     vertex -2.250000e+01  2.755455e-15  2.000000e+01
     vertex -1.741937e+01 -1.677964e+00  2.000000e+01
   endloop
 endfacet
 facet normal  0.000000e+00  0.000000e+00  1.000000e+00
   outer loop
     vertex -8.399503e-01 -1.747983e+01  2.000000e+01
     vertex -1.319177e+00 -1.745021e+01  2.000000e+01
     vertex -4.133183e-15 -2.250000e+01  2.000000e+01
   endloop
 endfacet
 facet normal  0.000000e+00  0.000000e+00  1.000000e+00
   outer loop
     vertex -1.748518e+01 -7.200308e-01  2.000000e+01
     vertex -2.250000e+01  2.755455e-15  2.000000e+01
     vertex -1.745885e+01 -1.199449e+00  2.000000e+01
   endloop
 endfacet
 facet normal  0.000000e+00  0.000000e+00  1.000000e+00
   outer loop
     vertex -3.600916e-01 -1.749629e+01  2.000000e+01
     vertex -8.399503e-01 -1.747983e+01  2.000000e+01
     vertex -4.133183e-15 -2.250000e+01  2.000000e+01
   endloop
 endfacet
 facet normal  0.000000e+00  0.000000e+00  1.000000e+00
   outer loop
     vertex -1.749835e+01 -2.400705e-01  2.000000e+01
     vertex -2.250000e+01  2.755455e-15  2.000000e+01
     vertex -1.748518e+01 -7.200308e-01  2.000000e+01
   endloop
 endfacet
 facet normal  0.000000e+00  0.000000e+00  1.000000e+00
   outer loop
     vertex  1.200381e-01 -1.749959e+01  2.000000e+01
     vertex -3.600916e-01 -1.749629e+01  2.000000e+01
     vertex -4.133183e-15 -2.250000e+01  2.000000e+01
   endloop
 endfacet
 facet normal  0.000000e+00  0.000000e+00  1.000000e+00
   outer loop
     vertex -1.749835e+01  2.400705e-01  2.000000e+01
     vertex -2.250000e+01  2.755455e-15  2.000000e+01
     vertex -1.749835e+01 -2.400705e-01  2.000000e+01
   endloop
 endfacet
 facet normal  0.000000e+00  0.000000e+00  1.000000e+00
   outer loop
     vertex  6.000774e-01 -1.748971e+01  2.000000e+01
     vertex  1.200381e-01 -1.749959e+01  2.000000e+01
     vertex -4.133183e-15 -2.250000e+01  2.000000e+01
   endloop
 endfacet
 facet normal  0.000000e+00  0.000000e+00  1.000000e+00
   outer loop
     vertex -1.748518e+01  7.200308e-01  2.000000e+01
     vertex -2.250000e+01  2.755455e-15  2.000000e+01
     vertex -1.749835e+01  2.400705e-01  2.000000e+01
   endloop
 endfacet
 facet normal  0.000000e+00  0.000000e+00  1.000000e+00
   outer loop
     vertex  1.079665e+00 -1.746666e+01  2.000000e+01
     vertex  6.000774e-01 -1.748971e+01  2.000000e+01
     vertex -4.133183e-15 -2.250000e+01  2.000000e+01
   endloop
 endfacet
 facet normal  0.000000e+00  0.000000e+00  1.000000e+00
   outer loop
     vertex -1.745885e+01  1.199449e+00  2.000000e+01
     vertex -2.250000e+01  2.755455e-15  2.000000e+01
     vertex -1.748518e+01  7.200308e-01  2.000000e+01
   endloop
 endfacet
 facet normal  0.000000e+00  0.000000e+00  1.000000e+00
   outer loop
     vertex  1.558440e+00 -1.743047e+01  2.000000e+01
     vertex  1.079665e+00 -1.746666e+01  2.000000e+01
     vertex -4.133183e-15 -2.250000e+01  2.000000e+01
   endloop
 endfacet
 facet normal  0.000000e+00  0.000000e+00  1.000000e+00
   outer loop
     vertex -1.741937e+01  1.677964e+00  2.000000e+01
     vertex -2.250000e+01  2.755455e-15  2.000000e+01
     vertex -1.745885e+01  1.199449e+00  2.000000e+01
   endloop
 endfacet
 facet normal  0.000000e+00  0.000000e+00  1.000000e+00
   outer loop
     vertex  2.036042e+00 -1.738115e+01  2.000000e+01
     vertex  1.558440e+00 -1.743047e+01  2.000000e+01
     vertex -4.133183e-15 -2.250000e+01  2.000000e+01
   endloop
 endfacet
 facet normal  0.000000e+00  0.000000e+00  1.000000e+00
   outer loop
     vertex -1.736678e+01  2.155217e+00  2.000000e+01
     vertex -2.250000e+01  2.755455e-15  2.000000e+01
     vertex -1.741937e+01  1.677964e+00  2.000000e+01
   endloop
 endfacet
 facet normal  0.000000e+00  0.000000e+00  1.000000e+00
   outer loop
     vertex  2.512111e+00 -1.731876e+01  2.000000e+01
     vertex  2.036042e+00 -1.738115e+01  2.000000e+01
     vertex -4.133183e-15 -2.250000e+01  2.000000e+01
   endloop
 endfacet
 facet normal  0.000000e+00  0.000000e+00  1.000000e+00
   outer loop
     vertex -1.730112e+01  2.630847e+00  2.000000e+01
     vertex -2.250000e+01  2.755455e-15  2.000000e+01
     vertex -1.736678e+01  2.155217e+00  2.000000e+01
   endloop
 endfacet
 facet normal  0.000000e+00  0.000000e+00  1.000000e+00
   outer loop
     vertex  2.986289e+00 -1.724332e+01  2.000000e+01
     vertex  2.512111e+00 -1.731876e+01  2.000000e+01
     vertex -4.133183e-15 -2.250000e+01  2.000000e+01
   endloop
 endfacet
 facet normal  0.000000e+00  0.000000e+00  1.000000e+00
   outer loop
     vertex -1.722243e+01  3.104496e+00  2.000000e+01
     vertex -2.250000e+01  2.755455e-15  2.000000e+01
     vertex -1.730112e+01  2.630847e+00  2.000000e+01
   endloop
 endfacet
 facet normal  0.000000e+00  0.000000e+00  1.000000e+00
   outer loop
     vertex  3.458219e+00 -1.715490e+01  2.000000e+01
     vertex  2.986289e+00 -1.724332e+01  2.000000e+01
     vertex -4.133183e-15 -2.250000e+01  2.000000e+01
   endloop
 endfacet
 facet normal  0.000000e+00  0.000000e+00  1.000000e+00
   outer loop
     vertex -1.713078e+01  3.575809e+00  2.000000e+01
     vertex -2.250000e+01  2.755455e-15  2.000000e+01
     vertex -1.722243e+01  3.104496e+00  2.000000e+01
   endloop
 endfacet
 facet normal  0.000000e+00  0.000000e+00  1.000000e+00
   outer loop
     vertex  3.927546e+00 -1.705357e+01  2.000000e+01
     vertex  3.458219e+00 -1.715490e+01  2.000000e+01
     vertex -4.133183e-15 -2.250000e+01  2.000000e+01
   endloop
 endfacet
 facet normal  0.000000e+00  0.000000e+00  1.000000e+00
   outer loop
     vertex -1.702623e+01  4.044429e+00  2.000000e+01
     vertex -2.250000e+01  2.755455e-15  2.000000e+01
     vertex -1.713078e+01  3.575809e+00  2.000000e+01
   endloop
 endfacet
 facet normal  0.000000e+00  0.000000e+00  1.000000e+00
   outer loop
     vertex  4.393916e+00 -1.693941e+01  2.000000e+01
     vertex  3.927546e+00 -1.705357e+01  2.000000e+01
     vertex -4.133183e-15 -2.250000e+01  2.000000e+01
   endloop
 endfacet
 facet normal  0.000000e+00  0.000000e+00  1.000000e+00
   outer loop
     vertex -1.690887e+01  4.510006e+00  2.000000e+01
     vertex -2.250000e+01  2.755455e-15  2.000000e+01
     vertex -1.702623e+01  4.044429e+00  2.000000e+01
   endloop
 endfacet
 facet normal  0.000000e+00  0.000000e+00  1.000000e+00
   outer loop
     vertex  4.856979e+00 -1.681249e+01  2.000000e+01
     vertex  4.393916e+00 -1.693941e+01  2.000000e+01
     vertex -4.133183e-15 -2.250000e+01  2.000000e+01
   endloop
 endfacet
 facet normal  0.000000e+00  0.000000e+00  1.000000e+00
   outer loop
     vertex -1.677878e+01  4.972187e+00  2.000000e+01
     vertex -2.250000e+01  2.755455e-15  2.000000e+01
     vertex -1.690887e+01  4.510006e+00  2.000000e+01
   endloop
 endfacet
 facet normal  0.000000e+00  0.000000e+00  1.000000e+00
   outer loop
     vertex  5.316385e+00 -1.667291e+01  2.000000e+01
     vertex  4.856979e+00 -1.681249e+01  2.000000e+01
     vertex -4.133183e-15 -2.250000e+01  2.000000e+01
   endloop
 endfacet
 facet normal  0.000000e+00  0.000000e+00  1.000000e+00
   outer loop
     vertex -1.663605e+01  5.430625e+00  2.000000e+01
     vertex -2.250000e+01  2.755455e-15  2.000000e+01
     vertex -1.677878e+01  4.972187e+00  2.000000e+01
   endloop
 endfacet
 facet normal  0.000000e+00  0.000000e+00  1.000000e+00
   outer loop
     vertex  5.771790e+00 -1.652079e+01  2.000000e+01
     vertex  5.316385e+00 -1.667291e+01  2.000000e+01
     vertex -4.133183e-15 -2.250000e+01  2.000000e+01
   endloop
 endfacet
 facet normal  0.000000e+00  0.000000e+00  1.000000e+00
   outer loop
     vertex -1.648081e+01  5.884975e+00  2.000000e+01
     vertex -2.250000e+01  2.755455e-15  2.000000e+01
     vertex -1.663605e+01  5.430625e+00  2.000000e+01
   endloop
 endfacet
 facet normal  0.000000e+00  0.000000e+00  1.000000e+00
   outer loop
     vertex  6.222850e+00 -1.635623e+01  2.000000e+01
     vertex  5.771790e+00 -1.652079e+01  2.000000e+01
     vertex -4.133183e-15 -2.250000e+01  2.000000e+01
   endloop
 endfacet
 facet normal  0.000000e+00  0.000000e+00  1.000000e+00
   outer loop
     vertex -1.631316e+01  6.334896e+00  2.000000e+01
     vertex -2.250000e+01  2.755455e-15  2.000000e+01
     vertex -1.648081e+01  5.884975e+00  2.000000e+01
   endloop
 endfacet
 facet normal  0.000000e+00  0.000000e+00  1.000000e+00
   outer loop
     vertex  6.669225e+00 -1.617935e+01  2.000000e+01
     vertex  6.222850e+00 -1.635623e+01  2.000000e+01
     vertex -4.133183e-15 -2.250000e+01  2.000000e+01
   endloop
 endfacet
 facet normal  0.000000e+00  0.000000e+00  1.000000e+00
   outer loop
     vertex -1.613323e+01  6.780047e+00  2.000000e+01
     vertex -2.250000e+01  2.755455e-15  2.000000e+01
     vertex -1.631316e+01  6.334896e+00  2.000000e+01
   endloop
 endfacet
 facet normal  0.000000e+00  0.000000e+00  1.000000e+00
   outer loop
     vertex  1.590990e+01 -1.590990e+01  2.000000e+01
     vertex  1.003212e+01 -1.433898e+01  2.000000e+01
     vertex  9.634972e+00 -1.460881e+01  2.000000e+01
   endloop
 endfacet
 facet normal  0.000000e+00  0.000000e+00  1.000000e+00
   outer loop
     vertex  1.590990e+01 -1.590990e+01  2.000000e+01
     vertex  1.042172e+01 -1.405837e+01  2.000000e+01
     vertex  1.003212e+01 -1.433898e+01  2.000000e+01
   endloop
 endfacet
 facet normal  0.000000e+00  0.000000e+00  1.000000e+00
   outer loop
     vertex  1.590990e+01 -1.590990e+01  2.000000e+01
     vertex  1.080348e+01 -1.376716e+01  2.000000e+01
     vertex  1.042172e+01 -1.405837e+01  2.000000e+01
   endloop
 endfacet
 facet normal  0.000000e+00  0.000000e+00  1.000000e+00
   outer loop
     vertex  1.590990e+01 -1.590990e+01  2.000000e+01
     vertex  6.669225e+00 -1.617935e+01  2.000000e+01
     vertex -4.133183e-15 -2.250000e+01  2.000000e+01
   endloop
 endfacet
 facet normal  0.000000e+00  0.000000e+00  1.000000e+00
   outer loop
     vertex  1.590990e+01 -1.590990e+01  2.000000e+01
     vertex  1.117710e+01 -1.346560e+01  2.000000e+01
     vertex  1.080348e+01 -1.376716e+01  2.000000e+01
   endloop
 endfacet
 facet normal  0.000000e+00  0.000000e+00  1.000000e+00
   outer loop
     vertex  1.590990e+01 -1.590990e+01  2.000000e+01
     vertex  1.154231e+01 -1.315390e+01  2.000000e+01
     vertex  1.117710e+01 -1.346560e+01  2.000000e+01
   endloop
 endfacet
 facet normal  0.000000e+00  0.000000e+00  1.000000e+00
   outer loop
     vertex  1.590990e+01 -1.590990e+01  2.000000e+01
     vertex  1.189883e+01 -1.283230e+01  2.000000e+01
     vertex  1.154231e+01 -1.315390e+01  2.000000e+01
   endloop
 endfacet
 facet normal  0.000000e+00  0.000000e+00  1.000000e+00
   outer loop
     vertex  1.590990e+01 -1.590990e+01  2.000000e+01
     vertex  1.224640e+01 -1.250103e+01  2.000000e+01
     vertex  1.189883e+01 -1.283230e+01  2.000000e+01
   endloop
 endfacet
 facet normal  0.000000e+00  0.000000e+00  1.000000e+00
   outer loop
     vertex  1.590990e+01 -1.590990e+01  2.000000e+01
     vertex  7.110580e+00 -1.599030e+01  2.000000e+01
     vertex  6.669225e+00 -1.617935e+01  2.000000e+01
   endloop
 endfacet
 facet normal  0.000000e+00  0.000000e+00  1.000000e+00
   outer loop
     vertex  1.590990e+01 -1.590990e+01  2.000000e+01
     vertex  7.546582e+00 -1.578921e+01  2.000000e+01
     vertex  7.110580e+00 -1.599030e+01  2.000000e+01
   endloop
 endfacet
 facet normal  0.000000e+00  0.000000e+00  1.000000e+00
   outer loop
     vertex  1.590990e+01 -1.590990e+01  2.000000e+01
     vertex  7.976904e+00 -1.557623e+01  2.000000e+01
     vertex  7.546582e+00 -1.578921e+01  2.000000e+01
   endloop
 endfacet
 facet normal  0.000000e+00  0.000000e+00  1.000000e+00
   outer loop
     vertex  1.590990e+01 -1.590990e+01  2.000000e+01
     vertex  8.401220e+00 -1.535153e+01  2.000000e+01
     vertex  7.976904e+00 -1.557623e+01  2.000000e+01
   endloop
 endfacet
 facet normal  0.000000e+00  0.000000e+00  1.000000e+00
   outer loop
     vertex  1.590990e+01 -1.590990e+01  2.000000e+01
     vertex  8.819213e+00 -1.511527e+01  2.000000e+01
     vertex  8.401220e+00 -1.535153e+01  2.000000e+01
   endloop
 endfacet
 facet normal  0.000000e+00  0.000000e+00  1.000000e+00
   outer loop
     vertex  1.590990e+01 -1.590990e+01  2.000000e+01
     vertex  9.230567e+00 -1.486764e+01  2.000000e+01
     vertex  8.819213e+00 -1.511527e+01  2.000000e+01
   endloop
 endfacet
 facet normal  0.000000e+00  0.000000e+00  1.000000e+00
   outer loop
     vertex  1.590990e+01 -1.590990e+01  2.000000e+01
     vertex  9.634972e+00 -1.460881e+01  2.000000e+01
     vertex  9.230567e+00 -1.486764e+01  2.000000e+01
   endloop
 endfacet
 facet normal  0.000000e+00  0.000000e+00  1.000000e+00
   outer loop
     vertex -1.590990e+01  1.590990e+01  2.000000e+01
     vertex -1.454238e+01  9.734952e+00  2.000000e+01
     vertex -1.426983e+01  1.013024e+01  2.000000e+01
   endloop
 endfacet
 facet normal  0.000000e+00  0.000000e+00  1.000000e+00
   outer loop
     vertex -1.590990e+01  1.590990e+01  2.000000e+01
     vertex -1.480397e+01  9.332331e+00  2.000000e+01
     vertex -1.454238e+01  9.734952e+00  2.000000e+01
   endloop
 endfacet
 facet normal  0.000000e+00  0.000000e+00  1.000000e+00
   outer loop
     vertex -1.590990e+01  1.590990e+01  2.000000e+01
     vertex -1.505442e+01  8.922686e+00  2.000000e+01
     vertex -1.480397e+01  9.332331e+00  2.000000e+01
   endloop
 endfacet
 facet normal  0.000000e+00  0.000000e+00  1.000000e+00
   outer loop
     vertex -1.590990e+01  1.590990e+01  2.000000e+01
     vertex -1.529354e+01  8.506324e+00  2.000000e+01
     vertex -1.505442e+01  8.922686e+00  2.000000e+01
   endloop
 endfacet
 facet normal  0.000000e+00  0.000000e+00  1.000000e+00
   outer loop
     vertex -1.590990e+01  1.590990e+01  2.000000e+01
     vertex -1.552115e+01  8.083558e+00  2.000000e+01
     vertex -1.529354e+01  8.506324e+00  2.000000e+01
   endloop
 endfacet
 facet normal  0.000000e+00  0.000000e+00  1.000000e+00
   outer loop
     vertex -1.590990e+01  1.590990e+01  2.000000e+01
     vertex -1.573707e+01  7.654708e+00  2.000000e+01
     vertex -1.552115e+01  8.083558e+00  2.000000e+01
   endloop
 endfacet
 facet normal  0.000000e+00  0.000000e+00  1.000000e+00
   outer loop
     vertex -1.590990e+01  1.590990e+01  2.000000e+01
     vertex -1.594115e+01  7.220095e+00  2.000000e+01
     vertex -1.573707e+01  7.654708e+00  2.000000e+01
   endloop
 endfacet
 facet normal  0.000000e+00  0.000000e+00  1.000000e+00
   outer loop
     vertex -1.590990e+01  1.590990e+01  2.000000e+01
     vertex -1.613323e+01  6.780047e+00  2.000000e+01
     vertex -1.594115e+01  7.220095e+00  2.000000e+01
   endloop
 endfacet
 facet normal  0.000000e+00  0.000000e+00  1.000000e+00
   outer loop
     vertex -1.590990e+01  1.590990e+01  2.000000e+01
     vertex -2.250000e+01  2.755455e-15  2.000000e+01
     vertex -1.613323e+01  6.780047e+00  2.000000e+01
   endloop
 endfacet
 facet normal  0.000000e+00  0.000000e+00  1.000000e+00
   outer loop
     vertex -1.590990e+01  1.590990e+01  2.000000e+01
     vertex -1.275038e+01  1.198657e+01  2.000000e+01
     vertex -1.241674e+01  1.233186e+01  2.000000e+01
   endloop
 endfacet
 facet normal  0.000000e+00  0.000000e+00  1.000000e+00
   outer loop
     vertex -1.590990e+01  1.590990e+01  2.000000e+01
     vertex -1.307442e+01  1.163227e+01  2.000000e+01
     vertex -1.275038e+01  1.198657e+01  2.000000e+01
   endloop
 endfacet
 facet normal  0.000000e+00  0.000000e+00  1.000000e+00
   outer loop
     vertex -1.590990e+01  1.590990e+01  2.000000e+01
     vertex -1.338862e+01  1.126920e+01  2.000000e+01
     vertex -1.307442e+01  1.163227e+01  2.000000e+01
   endloop
 endfacet
 facet normal  0.000000e+00  0.000000e+00  1.000000e+00
   outer loop
     vertex -1.590990e+01  1.590990e+01  2.000000e+01
     vertex -1.369274e+01  1.089766e+01  2.000000e+01
     vertex -1.338862e+01  1.126920e+01  2.000000e+01
   endloop
 endfacet
 facet normal  0.000000e+00  0.000000e+00  1.000000e+00
   outer loop
     vertex -1.590990e+01  1.590990e+01  2.000000e+01
     vertex -1.398655e+01  1.051791e+01  2.000000e+01
     vertex -1.369274e+01  1.089766e+01  2.000000e+01
   endloop
 endfacet
 facet normal  0.000000e+00  0.000000e+00  1.000000e+00
   outer loop
     vertex -1.590990e+01  1.590990e+01  2.000000e+01
     vertex -1.426983e+01  1.013024e+01  2.000000e+01
     vertex -1.398655e+01  1.051791e+01  2.000000e+01
   endloop
 endfacet
 facet normal  0.000000e+00  0.000000e+00  1.000000e+00
   outer loop
     vertex  1.258474e+01 -1.216036e+01  2.000000e+01
     vertex  1.224640e+01 -1.250103e+01  2.000000e+01
     vertex  1.590990e+01 -1.590990e+01  2.000000e+01
   endloop
 endfacet
 facet normal  0.000000e+00  0.000000e+00  1.000000e+00
   outer loop
     vertex -1.207375e+01  1.266786e+01  2.000000e+01
     vertex -1.590990e+01  1.590990e+01  2.000000e+01
     vertex -1.241674e+01  1.233186e+01  2.000000e+01
   endloop
 endfacet
 facet normal  0.000000e+00  0.000000e+00  1.000000e+00
   outer loop
     vertex  1.291361e+01 -1.181053e+01  2.000000e+01
     vertex  1.258474e+01 -1.216036e+01  2.000000e+01
     vertex  1.590990e+01 -1.590990e+01  2.000000e+01
   endloop
 endfacet
 facet normal  0.000000e+00  0.000000e+00  1.000000e+00
   outer loop
     vertex -1.172167e+01  1.299432e+01  2.000000e+01
     vertex -1.590990e+01  1.590990e+01  2.000000e+01
     vertex -1.207375e+01  1.266786e+01  2.000000e+01
   endloop
 endfacet
 facet normal  0.000000e+00  0.000000e+00  1.000000e+00
   outer loop
     vertex  1.323276e+01 -1.145181e+01  2.000000e+01
     vertex  1.291361e+01 -1.181053e+01  2.000000e+01
     vertex  1.590990e+01 -1.590990e+01  2.000000e+01
   endloop
 endfacet
 facet normal  0.000000e+00  0.000000e+00  1.000000e+00
   outer loop
     vertex -1.136078e+01  1.331100e+01  2.000000e+01
     vertex -1.590990e+01  1.590990e+01  2.000000e+01
     vertex -1.172167e+01  1.299432e+01  2.000000e+01
   endloop
 endfacet
 facet normal  0.000000e+00  0.000000e+00  1.000000e+00
   outer loop
     vertex  1.354195e+01 -1.108447e+01  2.000000e+01
     vertex  1.323276e+01 -1.145181e+01  2.000000e+01
     vertex  1.590990e+01 -1.590990e+01  2.000000e+01
   endloop
 endfacet
 facet normal  0.000000e+00  0.000000e+00  1.000000e+00
   outer loop
     vertex -1.099133e+01  1.361766e+01  2.000000e+01
     vertex -1.590990e+01  1.590990e+01  2.000000e+01
     vertex -1.136078e+01  1.331100e+01  2.000000e+01
   endloop
 endfacet
 facet normal  0.000000e+00  0.000000e+00  1.000000e+00
   outer loop
     vertex  1.384095e+01 -1.070879e+01  2.000000e+01
     vertex  1.354195e+01 -1.108447e+01  2.000000e+01
     vertex  1.590990e+01 -1.590990e+01  2.000000e+01
   endloop
 endfacet
 facet normal  0.000000e+00  0.000000e+00  1.000000e+00
   outer loop
     vertex -1.061360e+01  1.391407e+01  2.000000e+01
     vertex -1.590990e+01  1.590990e+01  2.000000e+01
     vertex -1.099133e+01  1.361766e+01  2.000000e+01
   endloop
 endfacet
 facet normal  0.000000e+00  0.000000e+00  1.000000e+00
   outer loop
     vertex  1.412952e+01 -1.032505e+01  2.000000e+01
     vertex  1.384095e+01 -1.070879e+01  2.000000e+01
     vertex  1.590990e+01 -1.590990e+01  2.000000e+01
   endloop
 endfacet
 facet normal  0.000000e+00  0.000000e+00  1.000000e+00
   outer loop
     vertex -1.022789e+01  1.420001e+01  2.000000e+01
     vertex -1.590990e+01  1.590990e+01  2.000000e+01
     vertex -1.061360e+01  1.391407e+01  2.000000e+01
   endloop
 endfacet
 facet normal  0.000000e+00  0.000000e+00  1.000000e+00
   outer loop
     vertex  1.440746e+01 -9.933532e+00  2.000000e+01
     vertex  1.412952e+01 -1.032505e+01  2.000000e+01
     vertex  1.590990e+01 -1.590990e+01  2.000000e+01
   endloop
 endfacet
 facet normal  0.000000e+00  0.000000e+00  1.000000e+00
   outer loop
     vertex -9.834473e+00  1.447526e+01  2.000000e+01
     vertex -1.590990e+01  1.590990e+01  2.000000e+01
     vertex -1.022789e+01  1.420001e+01  2.000000e+01
   endloop
 endfacet
 facet normal  0.000000e+00  0.000000e+00  1.000000e+00
   outer loop
     vertex  1.467456e+01 -9.534539e+00  2.000000e+01
     vertex  1.440746e+01 -9.933532e+00  2.000000e+01
     vertex  1.590990e+01 -1.590990e+01  2.000000e+01
   endloop
 endfacet
 facet normal  0.000000e+00  0.000000e+00  1.000000e+00
   outer loop
     vertex -9.433657e+00  1.473961e+01  2.000000e+01
     vertex -1.590990e+01  1.590990e+01  2.000000e+01
     vertex -9.834473e+00  1.447526e+01  2.000000e+01
   endloop
 endfacet
 facet normal  0.000000e+00  0.000000e+00  1.000000e+00
   outer loop
     vertex  1.493060e+01 -9.128368e+00  2.000000e+01
     vertex  1.467456e+01 -9.534539e+00  2.000000e+01
     vertex  1.590990e+01 -1.590990e+01  2.000000e+01
   endloop
 endfacet
 facet normal  0.000000e+00  0.000000e+00  1.000000e+00
   outer loop
     vertex -9.025739e+00  1.499287e+01  2.000000e+01
     vertex -1.590990e+01  1.590990e+01  2.000000e+01
     vertex -9.433657e+00  1.473961e+01  2.000000e+01
   endloop
 endfacet
 facet normal  0.000000e+00  0.000000e+00  1.000000e+00
   outer loop
     vertex  1.517541e+01 -8.715325e+00  2.000000e+01
     vertex  1.493060e+01 -9.128368e+00  2.000000e+01
     vertex  1.590990e+01 -1.590990e+01  2.000000e+01
   endloop
 endfacet
 facet normal  0.000000e+00  0.000000e+00  1.000000e+00
   outer loop
     vertex -8.611027e+00  1.523484e+01  2.000000e+01
     vertex -1.590990e+01  1.590990e+01  2.000000e+01
     vertex -9.025739e+00  1.499287e+01  2.000000e+01
   endloop
 endfacet
 facet normal  0.000000e+00  0.000000e+00  1.000000e+00
   outer loop
     vertex  1.540880e+01 -8.295722e+00  2.000000e+01
     vertex  1.517541e+01 -8.715325e+00  2.000000e+01
     vertex  1.590990e+01 -1.590990e+01  2.000000e+01
   endloop
 endfacet
 facet normal  0.000000e+00  0.000000e+00  1.000000e+00
   outer loop
     vertex -8.189833e+00  1.546534e+01  2.000000e+01
     vertex -1.590990e+01  1.590990e+01  2.000000e+01
     vertex -8.611027e+00  1.523484e+01  2.000000e+01
   endloop
 endfacet
 facet normal  0.000000e+00  0.000000e+00  1.000000e+00
   outer loop
     vertex  1.563058e+01 -7.869874e+00  2.000000e+01
     vertex  1.540880e+01 -8.295722e+00  2.000000e+01
     vertex  1.590990e+01 -1.590990e+01  2.000000e+01
   endloop
 endfacet
 facet normal  0.000000e+00  0.000000e+00  1.000000e+00
   outer loop
     vertex -7.762473e+00  1.568420e+01  2.000000e+01
     vertex -1.590990e+01  1.590990e+01  2.000000e+01
     vertex -8.189833e+00  1.546534e+01  2.000000e+01
   endloop
 endfacet
 facet normal  0.000000e+00  0.000000e+00  1.000000e+00
   outer loop
     vertex  1.584060e+01 -7.438101e+00  2.000000e+01
     vertex  1.563058e+01 -7.869874e+00  2.000000e+01
     vertex  1.590990e+01 -1.590990e+01  2.000000e+01
   endloop
 endfacet
 facet normal  0.000000e+00  0.000000e+00  1.000000e+00
   outer loop
     vertex -7.329271e+00  1.589125e+01  2.000000e+01
     vertex -1.590990e+01  1.590990e+01  2.000000e+01
     vertex -7.762473e+00  1.568420e+01  2.000000e+01
   endloop
 endfacet
 facet normal  0.000000e+00  0.000000e+00  1.000000e+00
   outer loop
     vertex  1.603870e+01 -7.000730e+00  2.000000e+01
     vertex  1.584060e+01 -7.438101e+00  2.000000e+01
     vertex  1.590990e+01 -1.590990e+01  2.000000e+01
   endloop
 endfacet
 facet normal  0.000000e+00  0.000000e+00  1.000000e+00
   outer loop
     vertex -6.890551e+00  1.608634e+01  2.000000e+01
     vertex -1.590990e+01  1.590990e+01  2.000000e+01
     vertex -7.329271e+00  1.589125e+01  2.000000e+01
   endloop
 endfacet
 facet normal  0.000000e+00  0.000000e+00  1.000000e+00
   outer loop
     vertex  1.622472e+01 -6.558089e+00  2.000000e+01
     vertex  1.603870e+01 -7.000730e+00  2.000000e+01
     vertex  1.590990e+01 -1.590990e+01  2.000000e+01
   endloop
 endfacet
 facet normal  0.000000e+00  0.000000e+00  1.000000e+00
   outer loop
     vertex  2.250000e+01  0.000000e+00  2.000000e+01
     vertex  1.749341e+01  4.800958e-01  2.000000e+01
     vertex  1.750000e+01 -4.286264e-15  2.000000e+01
   endloop
 endfacet
 facet normal  0.000000e+00  0.000000e+00  1.000000e+00
   outer loop
     vertex  2.250000e+01  0.000000e+00  2.000000e+01
     vertex  1.747366e+01  9.598303e-01  2.000000e+01
     vertex  1.749341e+01  4.800958e-01  2.000000e+01
   endloop
 endfacet
 facet normal  0.000000e+00  0.000000e+00  1.000000e+00
   outer loop
     vertex  2.250000e+01  0.000000e+00  2.000000e+01
     vertex  1.744075e+01  1.438842e+00  2.000000e+01
     vertex  1.747366e+01  9.598303e-01  2.000000e+01
   endloop
 endfacet
 facet normal  0.000000e+00  0.000000e+00  1.000000e+00
   outer loop
     vertex  2.250000e+01  0.000000e+00  2.000000e+01
     vertex  1.739471e+01  1.916771e+00  2.000000e+01
     vertex  1.744075e+01  1.438842e+00  2.000000e+01
   endloop
 endfacet
 facet normal  0.000000e+00  0.000000e+00  1.000000e+00
   outer loop
     vertex  2.250000e+01  0.000000e+00  2.000000e+01
     vertex  1.733558e+01  2.393257e+00  2.000000e+01
     vertex  1.739471e+01  1.916771e+00  2.000000e+01
   endloop
 endfacet
 facet normal  0.000000e+00  0.000000e+00  1.000000e+00
   outer loop
     vertex  2.250000e+01  0.000000e+00  2.000000e+01
     vertex  1.726340e+01  2.867941e+00  2.000000e+01
     vertex  1.733558e+01  2.393257e+00  2.000000e+01
   endloop
 endfacet
 facet normal  0.000000e+00  0.000000e+00  1.000000e+00
   outer loop
     vertex  2.250000e+01  0.000000e+00  2.000000e+01
     vertex  1.717822e+01  3.340467e+00  2.000000e+01
     vertex  1.726340e+01  2.867941e+00  2.000000e+01
   endloop
 endfacet
 facet normal  0.000000e+00  0.000000e+00  1.000000e+00
   outer loop
     vertex  2.250000e+01  0.000000e+00  2.000000e+01
     vertex  1.708011e+01  3.810478e+00  2.000000e+01
     vertex  1.717822e+01  3.340467e+00  2.000000e+01
   endloop
 endfacet
 facet normal  0.000000e+00  0.000000e+00  1.000000e+00
   outer loop
     vertex  2.250000e+01  0.000000e+00  2.000000e+01
     vertex  1.696915e+01  4.277620e+00  2.000000e+01
     vertex  1.708011e+01  3.810478e+00  2.000000e+01
   endloop
 endfacet
 facet normal  0.000000e+00  0.000000e+00  1.000000e+00
   outer loop
     vertex  2.250000e+01  0.000000e+00  2.000000e+01
     vertex  1.684541e+01  4.741542e+00  2.000000e+01
     vertex  1.696915e+01  4.277620e+00  2.000000e+01
   endloop
 endfacet
 facet normal  0.000000e+00  0.000000e+00  1.000000e+00
   outer loop
     vertex  2.250000e+01  0.000000e+00  2.000000e+01
     vertex  1.670899e+01  5.201895e+00  2.000000e+01
     vertex  1.684541e+01  4.741542e+00  2.000000e+01
   endloop
 endfacet
 facet normal  0.000000e+00  0.000000e+00  1.000000e+00
   outer loop
     vertex  2.250000e+01  0.000000e+00  2.000000e+01
     vertex  1.655999e+01  5.658333e+00  2.000000e+01
     vertex  1.670899e+01  5.201895e+00  2.000000e+01
   endloop
 endfacet
 facet normal  0.000000e+00  0.000000e+00  1.000000e+00
   outer loop
     vertex  2.250000e+01  0.000000e+00  2.000000e+01
     vertex  1.639853e+01 -6.110511e+00  2.000000e+01
     vertex  1.622472e+01 -6.558089e+00  2.000000e+01
   endloop
 endfacet
 facet normal  0.000000e+00  0.000000e+00  1.000000e+00
   outer loop
     vertex  2.250000e+01  0.000000e+00  2.000000e+01
     vertex  1.655999e+01 -5.658333e+00  2.000000e+01
     vertex  1.639853e+01 -6.110511e+00  2.000000e+01
   endloop
 endfacet
 facet normal  0.000000e+00  0.000000e+00  1.000000e+00
   outer loop
     vertex  2.250000e+01  0.000000e+00  2.000000e+01
     vertex  1.670899e+01 -5.201895e+00  2.000000e+01
     vertex  1.655999e+01 -5.658333e+00  2.000000e+01
   endloop
 endfacet
 facet normal  0.000000e+00  0.000000e+00  1.000000e+00
   outer loop
     vertex  2.250000e+01  0.000000e+00  2.000000e+01
     vertex  1.684541e+01 -4.741542e+00  2.000000e+01
     vertex  1.670899e+01 -5.201895e+00  2.000000e+01
   endloop
 endfacet
 facet normal  0.000000e+00  0.000000e+00  1.000000e+00
   outer loop
     vertex  2.250000e+01  0.000000e+00  2.000000e+01
     vertex  1.696915e+01 -4.277620e+00  2.000000e+01
     vertex  1.684541e+01 -4.741542e+00  2.000000e+01
   endloop
 endfacet
 facet normal  0.000000e+00  0.000000e+00  1.000000e+00
   outer loop
     vertex  2.250000e+01  0.000000e+00  2.000000e+01
     vertex  1.708011e+01 -3.810478e+00  2.000000e+01
     vertex  1.696915e+01 -4.277620e+00  2.000000e+01
   endloop
 endfacet
 facet normal  0.000000e+00  0.000000e+00  1.000000e+00
   outer loop
     vertex  2.250000e+01  0.000000e+00  2.000000e+01
     vertex  1.717822e+01 -3.340467e+00  2.000000e+01
     vertex  1.708011e+01 -3.810478e+00  2.000000e+01
   endloop
 endfacet
 facet normal  0.000000e+00  0.000000e+00  1.000000e+00
   outer loop
     vertex  2.250000e+01  0.000000e+00  2.000000e+01
     vertex  1.726340e+01 -2.867941e+00  2.000000e+01
     vertex  1.717822e+01 -3.340467e+00  2.000000e+01
   endloop
 endfacet
 facet normal  0.000000e+00  0.000000e+00  1.000000e+00
   outer loop
     vertex  2.250000e+01  0.000000e+00  2.000000e+01
     vertex  1.733558e+01 -2.393257e+00  2.000000e+01
     vertex  1.726340e+01 -2.867941e+00  2.000000e+01
   endloop
 endfacet
 facet normal  0.000000e+00  0.000000e+00  1.000000e+00
   outer loop
     vertex  2.250000e+01  0.000000e+00  2.000000e+01
     vertex  1.739471e+01 -1.916771e+00  2.000000e+01
     vertex  1.733558e+01 -2.393257e+00  2.000000e+01
   endloop
 endfacet
 facet normal  0.000000e+00  0.000000e+00  1.000000e+00
   outer loop
     vertex  2.250000e+01  0.000000e+00  2.000000e+01
     vertex  1.622472e+01 -6.558089e+00  2.000000e+01
     vertex  1.590990e+01 -1.590990e+01  2.000000e+01
   endloop
 endfacet
 facet normal  0.000000e+00  0.000000e+00  1.000000e+00
   outer loop
     vertex  2.250000e+01  0.000000e+00  2.000000e+01
     vertex  1.744075e+01 -1.438842e+00  2.000000e+01
     vertex  1.739471e+01 -1.916771e+00  2.000000e+01
   endloop
 endfacet
 facet normal  0.000000e+00  0.000000e+00  1.000000e+00
   outer loop
     vertex  2.250000e+01  0.000000e+00  2.000000e+01
     vertex  1.747366e+01 -9.598303e-01  2.000000e+01
     vertex  1.744075e+01 -1.438842e+00  2.000000e+01
   endloop
 endfacet
 facet normal  0.000000e+00  0.000000e+00  1.000000e+00
   outer loop
     vertex  2.250000e+01  0.000000e+00  2.000000e+01
     vertex  1.749341e+01 -4.800958e-01  2.000000e+01
     vertex  1.747366e+01 -9.598303e-01  2.000000e+01
   endloop
 endfacet
 facet normal  0.000000e+00  0.000000e+00  1.000000e+00
   outer loop
     vertex  2.250000e+01  0.000000e+00  2.000000e+01
     vertex  1.750000e+01 -4.286264e-15  2.000000e+01
     vertex  1.749341e+01 -4.800958e-01  2.000000e+01
   endloop
 endfacet
 facet normal  0.000000e+00  0.000000e+00  1.000000e+00
   outer loop
     vertex  1.377728e-15  2.250000e+01  2.000000e+01
     vertex -1.590990e+01  1.590990e+01  2.000000e+01
     vertex -6.890551e+00  1.608634e+01  2.000000e+01
   endloop
 endfacet
 facet normal  0.000000e+00  0.000000e+00  1.000000e+00
   outer loop
     vertex  1.377728e-15  2.250000e+01  2.000000e+01
     vertex  5.316385e+00  1.667291e+01  2.000000e+01
     vertex  5.771790e+00  1.652079e+01  2.000000e+01
   endloop
 endfacet
 facet normal  0.000000e+00  0.000000e+00  1.000000e+00
   outer loop
     vertex  1.377728e-15  2.250000e+01  2.000000e+01
     vertex  4.856979e+00  1.681249e+01  2.000000e+01
     vertex  5.316385e+00  1.667291e+01  2.000000e+01
   endloop
 endfacet
 facet normal  0.000000e+00  0.000000e+00  1.000000e+00
   outer loop
     vertex  1.377728e-15  2.250000e+01  2.000000e+01
     vertex  4.393916e+00  1.693941e+01  2.000000e+01
     vertex  4.856979e+00  1.681249e+01  2.000000e+01
   endloop
 endfacet
 facet normal  0.000000e+00  0.000000e+00  1.000000e+00
   outer loop
     vertex  1.377728e-15  2.250000e+01  2.000000e+01
     vertex  3.927546e+00  1.705357e+01  2.000000e+01
     vertex  4.393916e+00  1.693941e+01  2.000000e+01
   endloop
 endfacet
 facet normal  0.000000e+00  0.000000e+00  1.000000e+00
   outer loop
     vertex  1.377728e-15  2.250000e+01  2.000000e+01
     vertex  3.458219e+00  1.715490e+01  2.000000e+01
     vertex  3.927546e+00  1.705357e+01  2.000000e+01
   endloop
 endfacet
 facet normal  0.000000e+00  0.000000e+00  1.000000e+00
   outer loop
     vertex  1.377728e-15  2.250000e+01  2.000000e+01
     vertex  2.986289e+00  1.724332e+01  2.000000e+01
     vertex  3.458219e+00  1.715490e+01  2.000000e+01
   endloop
 endfacet
 facet normal  0.000000e+00  0.000000e+00  1.000000e+00
   outer loop
     vertex  1.377728e-15  2.250000e+01  2.000000e+01
     vertex  2.512111e+00  1.731876e+01  2.000000e+01
     vertex  2.986289e+00  1.724332e+01  2.000000e+01
   endloop
 endfacet
 facet normal  0.000000e+00  0.000000e+00  1.000000e+00
   outer loop
     vertex  1.377728e-15  2.250000e+01  2.000000e+01
     vertex  2.036042e+00  1.738115e+01  2.000000e+01
     vertex  2.512111e+00  1.731876e+01  2.000000e+01
   endloop
 endfacet
 facet normal  0.000000e+00  0.000000e+00  1.000000e+00
   outer loop
     vertex  1.377728e-15  2.250000e+01  2.000000e+01
     vertex  1.558440e+00  1.743047e+01  2.000000e+01
     vertex  2.036042e+00  1.738115e+01  2.000000e+01
   endloop
 endfacet
 facet normal  0.000000e+00  0.000000e+00  1.000000e+00
   outer loop
     vertex  1.377728e-15  2.250000e+01  2.000000e+01
     vertex  1.079665e+00  1.746666e+01  2.000000e+01
     vertex  1.558440e+00  1.743047e+01  2.000000e+01
   endloop
 endfacet
 facet normal  0.000000e+00  0.000000e+00  1.000000e+00
   outer loop
     vertex  1.377728e-15  2.250000e+01  2.000000e+01
     vertex  6.000774e-01  1.748971e+01  2.000000e+01
     vertex  1.079665e+00  1.746666e+01  2.000000e+01
   endloop
 endfacet
 facet normal  0.000000e+00  0.000000e+00  1.000000e+00
   outer loop
     vertex  1.377728e-15  2.250000e+01  2.000000e+01
     vertex  1.200381e-01  1.749959e+01  2.000000e+01
     vertex  6.000774e-01  1.748971e+01  2.000000e+01
   endloop
 endfacet
 facet normal  0.000000e+00  0.000000e+00  1.000000e+00
   outer loop
     vertex  1.377728e-15  2.250000e+01  2.000000e+01
     vertex -3.600916e-01  1.749629e+01  2.000000e+01
     vertex  1.200381e-01  1.749959e+01  2.000000e+01
   endloop
 endfacet
 facet normal  0.000000e+00  0.000000e+00  1.000000e+00
   outer loop
     vertex  1.377728e-15  2.250000e+01  2.000000e+01
     vertex -8.399503e-01  1.747983e+01  2.000000e+01
     vertex -3.600916e-01  1.749629e+01  2.000000e+01
   endloop
 endfacet
 facet normal  0.000000e+00  0.000000e+00  1.000000e+00
   outer loop
     vertex  1.377728e-15  2.250000e+01  2.000000e+01
     vertex -1.319177e+00  1.745021e+01  2.000000e+01
     vertex -8.399503e-01  1.747983e+01  2.000000e+01
   endloop
 endfacet
 facet normal  0.000000e+00  0.000000e+00  1.000000e+00
   outer loop
     vertex  1.377728e-15  2.250000e+01  2.000000e+01
     vertex -1.797410e+00  1.740745e+01  2.000000e+01
     vertex -1.319177e+00  1.745021e+01  2.000000e+01
   endloop
 endfacet
 facet normal  0.000000e+00  0.000000e+00  1.000000e+00
   outer loop
     vertex  1.377728e-15  2.250000e+01  2.000000e+01
     vertex -2.274290e+00  1.735159e+01  2.000000e+01
     vertex -1.797410e+00  1.740745e+01  2.000000e+01
   endloop
 endfacet
 facet normal  0.000000e+00  0.000000e+00  1.000000e+00
   outer loop
     vertex  1.377728e-15  2.250000e+01  2.000000e+01
     vertex -2.749459e+00  1.728266e+01  2.000000e+01
     vertex -2.274290e+00  1.735159e+01  2.000000e+01
   endloop
 endfacet
 facet normal  0.000000e+00  0.000000e+00  1.000000e+00
   outer loop
     vertex  1.377728e-15  2.250000e+01  2.000000e+01
     vertex -3.222557e+00  1.720073e+01  2.000000e+01
     vertex -2.749459e+00  1.728266e+01  2.000000e+01
   endloop
 endfacet
 facet normal  0.000000e+00  0.000000e+00  1.000000e+00
   outer loop
     vertex  1.377728e-15  2.250000e+01  2.000000e+01
     vertex -3.693230e+00  1.710585e+01  2.000000e+01
     vertex -3.222557e+00  1.720073e+01  2.000000e+01
   endloop
 endfacet
 facet normal  0.000000e+00  0.000000e+00  1.000000e+00
   outer loop
     vertex  1.377728e-15  2.250000e+01  2.000000e+01
     vertex -4.161123e+00  1.699809e+01  2.000000e+01
     vertex -3.693230e+00  1.710585e+01  2.000000e+01
   endloop
 endfacet
 facet normal  0.000000e+00  0.000000e+00  1.000000e+00
   outer loop
     vertex  1.377728e-15  2.250000e+01  2.000000e+01
     vertex -4.625883e+00  1.687754e+01  2.000000e+01
     vertex -4.161123e+00  1.699809e+01  2.000000e+01
   endloop
 endfacet
 facet normal  0.000000e+00  0.000000e+00  1.000000e+00
   outer loop
     vertex  1.377728e-15  2.250000e+01  2.000000e+01
     vertex -5.087161e+00  1.674428e+01  2.000000e+01
     vertex -4.625883e+00  1.687754e+01  2.000000e+01
   endloop
 endfacet
 facet normal  0.000000e+00  0.000000e+00  1.000000e+00
   outer loop
     vertex  1.377728e-15  2.250000e+01  2.000000e+01
     vertex -5.544609e+00  1.659841e+01  2.000000e+01
     vertex -5.087161e+00  1.674428e+01  2.000000e+01
   endloop
 endfacet
 facet normal  0.000000e+00  0.000000e+00  1.000000e+00
   outer loop
     vertex  1.377728e-15  2.250000e+01  2.000000e+01
     vertex -5.997884e+00  1.644005e+01  2.000000e+01
     vertex -5.544609e+00  1.659841e+01  2.000000e+01
   endloop
 endfacet
 facet normal  0.000000e+00  0.000000e+00  1.000000e+00
   outer loop
     vertex  1.377728e-15  2.250000e+01  2.000000e+01
     vertex -6.446644e+00  1.626932e+01  2.000000e+01
     vertex -5.997884e+00  1.644005e+01  2.000000e+01
   endloop
 endfacet
 facet normal  0.000000e+00  0.000000e+00  1.000000e+00
   outer loop
     vertex  1.377728e-15  2.250000e+01  2.000000e+01
     vertex -6.890551e+00  1.608634e+01  2.000000e+01
     vertex -6.446644e+00  1.626932e+01  2.000000e+01
   endloop
 endfacet
 facet normal  0.000000e+00  0.000000e+00  1.000000e+00
   outer loop
     vertex  1.639853e+01  6.110511e+00  2.000000e+01
     vertex  1.655999e+01  5.658333e+00  2.000000e+01
     vertex  2.250000e+01  0.000000e+00  2.000000e+01
   endloop
 endfacet
 facet normal  0.000000e+00  0.000000e+00  1.000000e+00
   outer loop
     vertex  6.222850e+00  1.635623e+01  2.000000e+01
     vertex  1.377728e-15  2.250000e+01  2.000000e+01
     vertex  5.771790e+00  1.652079e+01  2.000000e+01
   endloop
 endfacet
 facet normal  0.000000e+00  0.000000e+00  1.000000e+00
   outer loop
     vertex  1.622472e+01  6.558089e+00  2.000000e+01
     vertex  1.639853e+01  6.110511e+00  2.000000e+01
     vertex  2.250000e+01  0.000000e+00  2.000000e+01
   endloop
 endfacet
 facet normal  0.000000e+00  0.000000e+00  1.000000e+00
   outer loop
     vertex  6.669225e+00  1.617935e+01  2.000000e+01
     vertex  1.377728e-15  2.250000e+01  2.000000e+01
     vertex  6.222850e+00  1.635623e+01  2.000000e+01
   endloop
 endfacet
 facet normal  0.000000e+00  0.000000e+00  1.000000e+00
   outer loop
     vertex  1.590990e+01  1.590990e+01  2.000000e+01
     vertex  1.603870e+01  7.000730e+00  2.000000e+01
     vertex  1.622472e+01  6.558089e+00  2.000000e+01
   endloop
 endfacet
 facet normal  0.000000e+00  0.000000e+00  1.000000e+00
   outer loop
     vertex  1.590990e+01  1.590990e+01  2.000000e+01
     vertex  1.584060e+01  7.438101e+00  2.000000e+01
     vertex  1.603870e+01  7.000730e+00  2.000000e+01
   endloop
 endfacet
 facet normal  0.000000e+00  0.000000e+00  1.000000e+00
   outer loop
     vertex  1.590990e+01  1.590990e+01  2.000000e+01
     vertex  1.563058e+01  7.869874e+00  2.000000e+01
     vertex  1.584060e+01  7.438101e+00  2.000000e+01
   endloop
 endfacet
 facet normal  0.000000e+00  0.000000e+00  1.000000e+00
   outer loop
     vertex  1.590990e+01  1.590990e+01  2.000000e+01
     vertex  1.540880e+01  8.295722e+00  2.000000e+01
     vertex  1.563058e+01  7.869874e+00  2.000000e+01
   endloop
 endfacet
 facet normal  0.000000e+00  0.000000e+00  1.000000e+00
   outer loop
     vertex  1.590990e+01  1.590990e+01  2.000000e+01
     vertex  1.517541e+01  8.715325e+00  2.000000e+01
     vertex  1.540880e+01  8.295722e+00  2.000000e+01
   endloop
 endfacet
 facet normal  0.000000e+00  0.000000e+00  1.000000e+00
   outer loop
     vertex  1.590990e+01  1.590990e+01  2.000000e+01
     vertex  1.493060e+01  9.128368e+00  2.000000e+01
     vertex  1.517541e+01  8.715325e+00  2.000000e+01
   endloop
 endfacet
 facet normal  0.000000e+00  0.000000e+00  1.000000e+00
   outer loop
     vertex  1.590990e+01  1.590990e+01  2.000000e+01
     vertex  1.467456e+01  9.534539e+00  2.000000e+01
     vertex  1.493060e+01  9.128368e+00  2.000000e+01
   endloop
 endfacet
 facet normal  0.000000e+00  0.000000e+00  1.000000e+00
   outer loop
     vertex  1.590990e+01  1.590990e+01  2.000000e+01
     vertex  1.440746e+01  9.933532e+00  2.000000e+01
     vertex  1.467456e+01  9.534539e+00  2.000000e+01
   endloop
 endfacet
 facet normal  0.000000e+00  0.000000e+00  1.000000e+00
   outer loop
     vertex  1.590990e+01  1.590990e+01  2.000000e+01
     vertex  1.412952e+01  1.032505e+01  2.000000e+01
     vertex  1.440746e+01  9.933532e+00  2.000000e+01
   endloop
 endfacet
 facet normal  0.000000e+00  0.000000e+00  1.000000e+00
   outer loop
     vertex  1.590990e+01  1.590990e+01  2.000000e+01
     vertex  1.384095e+01  1.070879e+01  2.000000e+01
     vertex  1.412952e+01  1.032505e+01  2.000000e+01
   endloop
 endfacet
 facet normal  0.000000e+00  0.000000e+00  1.000000e+00
   outer loop
     vertex  1.590990e+01  1.590990e+01  2.000000e+01
     vertex  1.354195e+01  1.108447e+01  2.000000e+01
     vertex  1.384095e+01  1.070879e+01  2.000000e+01
   endloop
 endfacet
 facet normal  0.000000e+00  0.000000e+00  1.000000e+00
   outer loop
     vertex  1.590990e+01  1.590990e+01  2.000000e+01
     vertex  1.323276e+01  1.145181e+01  2.000000e+01
     vertex  1.354195e+01  1.108447e+01  2.000000e+01
   endloop
 endfacet
 facet normal  0.000000e+00  0.000000e+00  1.000000e+00
   outer loop
     vertex  1.590990e+01  1.590990e+01  2.000000e+01
     vertex  1.291361e+01  1.181053e+01  2.000000e+01
     vertex  1.323276e+01  1.145181e+01  2.000000e+01
   endloop
 endfacet
 facet normal  0.000000e+00  0.000000e+00  1.000000e+00
   outer loop
     vertex  1.590990e+01  1.590990e+01  2.000000e+01
     vertex  1.258474e+01  1.216036e+01  2.000000e+01
     vertex  1.291361e+01  1.181053e+01  2.000000e+01
   endloop
 endfacet
 facet normal  0.000000e+00  0.000000e+00  1.000000e+00
   outer loop
     vertex  1.590990e+01  1.590990e+01  2.000000e+01
     vertex  1.224640e+01  1.250103e+01  2.000000e+01
     vertex  1.258474e+01  1.216036e+01  2.000000e+01
   endloop
 endfacet
 facet normal  0.000000e+00  0.000000e+00  1.000000e+00
   outer loop
     vertex  1.590990e+01  1.590990e+01  2.000000e+01
     vertex  1.189883e+01  1.283230e+01  2.000000e+01
     vertex  1.224640e+01  1.250103e+01  2.000000e+01
   endloop
 endfacet
 facet normal  0.000000e+00  0.000000e+00  1.000000e+00
   outer loop
     vertex  1.590990e+01  1.590990e+01  2.000000e+01
     vertex  1.154231e+01  1.315390e+01  2.000000e+01
     vertex  1.189883e+01  1.283230e+01  2.000000e+01
   endloop
 endfacet
 facet normal  0.000000e+00  0.000000e+00  1.000000e+00
   outer loop
     vertex  1.590990e+01  1.590990e+01  2.000000e+01
     vertex  1.117710e+01  1.346560e+01  2.000000e+01
     vertex  1.154231e+01  1.315390e+01  2.000000e+01
   endloop
 endfacet
 facet normal  0.000000e+00  0.000000e+00  1.000000e+00
   outer loop
     vertex  1.590990e+01  1.590990e+01  2.000000e+01
     vertex  1.080348e+01  1.376716e+01  2.000000e+01
     vertex  1.117710e+01  1.346560e+01  2.000000e+01
   endloop
 endfacet
 facet normal  0.000000e+00  0.000000e+00  1.000000e+00
   outer loop
     vertex  1.590990e+01  1.590990e+01  2.000000e+01
     vertex  1.042172e+01  1.405837e+01  2.000000e+01
     vertex  1.080348e+01  1.376716e+01  2.000000e+01
   endloop
 endfacet
 facet normal  0.000000e+00  0.000000e+00  1.000000e+00
   outer loop
     vertex  1.590990e+01  1.590990e+01  2.000000e+01
     vertex  1.003212e+01  1.433898e+01  2.000000e+01
     vertex  1.042172e+01  1.405837e+01  2.000000e+01
   endloop
 endfacet
 facet normal  0.000000e+00  0.000000e+00  1.000000e+00
   outer loop
     vertex  1.590990e+01  1.590990e+01  2.000000e+01
     vertex  9.634972e+00  1.460881e+01  2.000000e+01
     vertex  1.003212e+01  1.433898e+01  2.000000e+01
   endloop
 endfacet
 facet normal  0.000000e+00  0.000000e+00  1.000000e+00
   outer loop
     vertex  1.590990e+01  1.590990e+01  2.000000e+01
     vertex  9.230567e+00  1.486764e+01  2.000000e+01
     vertex  9.634972e+00  1.460881e+01  2.000000e+01
   endloop
 endfacet
 facet normal  0.000000e+00  0.000000e+00  1.000000e+00
   outer loop
     vertex  1.590990e+01  1.590990e+01  2.000000e+01
     vertex  8.819213e+00  1.511527e+01  2.000000e+01
     vertex  9.230567e+00  1.486764e+01  2.000000e+01
   endloop
 endfacet
 facet normal  0.000000e+00  0.000000e+00  1.000000e+00
   outer loop
     vertex  1.590990e+01  1.590990e+01  2.000000e+01
     vertex  8.401220e+00  1.535153e+01  2.000000e+01
     vertex  8.819213e+00  1.511527e+01  2.000000e+01
   endloop
 endfacet
 facet normal  0.000000e+00  0.000000e+00  1.000000e+00
   outer loop
     vertex  1.590990e+01  1.590990e+01  2.000000e+01
     vertex  7.976904e+00  1.557623e+01  2.000000e+01
     vertex  8.401220e+00  1.535153e+01  2.000000e+01
   endloop
 endfacet
 facet normal  0.000000e+00  0.000000e+00  1.000000e+00
   outer loop
     vertex  1.590990e+01  1.590990e+01  2.000000e+01
     vertex  1.622472e+01  6.558089e+00  2.000000e+01
     vertex  2.250000e+01  0.000000e+00  2.000000e+01
   endloop
 endfacet
 facet normal  0.000000e+00  0.000000e+00  1.000000e+00
   outer loop
     vertex  1.590990e+01  1.590990e+01  2.000000e+01
     vertex  7.546582e+00  1.578921e+01  2.000000e+01
     vertex  7.976904e+00  1.557623e+01  2.000000e+01
   endloop
 endfacet
 facet normal  0.000000e+00  0.000000e+00  1.000000e+00
   outer loop
     vertex  1.590990e+01  1.590990e+01  2.000000e+01
     vertex  7.110580e+00  1.599030e+01  2.000000e+01
     vertex  7.546582e+00  1.578921e+01  2.000000e+01
   endloop
 endfacet
 facet normal  0.000000e+00  0.000000e+00  1.000000e+00
   outer loop
     vertex  1.590990e+01  1.590990e+01  2.000000e+01
     vertex  6.669225e+00  1.617935e+01  2.000000e+01
     vertex  7.110580e+00  1.599030e+01  2.000000e+01
   endloop
 endfacet
 facet normal  0.000000e+00  0.000000e+00  1.000000e+00
   outer loop
     vertex  1.590990e+01  1.590990e+01  2.000000e+01
     vertex  1.377728e-15  2.250000e+01  2.000000e+01
     vertex  6.669225e+00  1.617935e+01  2.000000e+01
   endloop
 endfacet
 facet normal  3.826834e-01 -9.238795e-01  0.000000e+00
   outer loop
     vertex  1.590990e+01 -1.590990e+01  0.000000e+00
     vertex -4.133183e-15 -2.250000e+01  2.000000e+01
     vertex -4.133183e-15 -2.250000e+01  0.000000e+00
   endloop
 endfacet
 facet normal  3.826834e-01 -9.238795e-01  0.000000e+00
   outer loop
     vertex  1.590990e+01 -1.590990e+01  0.000000e+00
     vertex  1.590990e+01 -1.590990e+01  2.000000e+01
     vertex -4.133183e-15 -2.250000e+01  2.000000e+01
   endloop
 endfacet
 facet normal -3.826834e-01  9.238795e-01  0.000000e+00
   outer loop
     vertex  1.377728e-15  2.250000e+01  0.000000e+00
     vertex -1.590990e+01  1.590990e+01  2.000000e+01
     vertex  1.377728e-15  2.250000e+01  2.000000e+01
   endloop
 endfacet
 facet normal -3.826834e-01  9.238795e-01  0.000000e+00
   outer loop
     vertex -1.590990e+01  1.590990e+01  0.000000e+00
     vertex -1.590990e+01  1.590990e+01  2.000000e+01
     vertex  1.377728e-15  2.250000e+01  0.000000e+00
   endloop
 endfacet
 facet normal -3.826834e-01 -9.238795e-01  0.000000e+00
   outer loop
     vertex -4.133183e-15 -2.250000e+01  0.000000e+00
     vertex -1.590990e+01 -1.590990e+01  2.000000e+01
     vertex -1.590990e+01 -1.590990e+01  0.000000e+00
   endloop
 endfacet
 facet normal -3.826834e-01 -9.238795e-01  0.000000e+00
   outer loop
     vertex -4.133183e-15 -2.250000e+01  0.000000e+00
     vertex -4.133183e-15 -2.250000e+01  2.000000e+01
     vertex -1.590990e+01 -1.590990e+01  2.000000e+01
   endloop
 endfacet
 facet normal -9.238795e-01  3.826834e-01  0.000000e+00
   outer loop
     vertex -2.250000e+01  2.755455e-15  0.000000e+00
     vertex -1.590990e+01  1.590990e+01  2.000000e+01
     vertex -1.590990e+01  1.590990e+01  0.000000e+00
   endloop
 endfacet
 facet normal -9.238795e-01  3.826834e-01  0.000000e+00
   outer loop
     vertex -2.250000e+01  2.755455e-15  0.000000e+00
     vertex -2.250000e+01  2.755455e-15  2.000000e+01
     vertex -1.590990e+01  1.590990e+01  2.000000e+01
   endloop
 endfacet
 facet normal -9.238795e-01 -3.826834e-01  0.000000e+00
   outer loop
     vertex -2.250000e+01  2.755455e-15  0.000000e+00
     vertex -1.590990e+01 -1.590990e+01  2.000000e+01
     vertex -2.250000e+01  2.755455e-15  2.000000e+01
   endloop
 endfacet
 facet normal -9.238795e-01 -3.826834e-01  0.000000e+00
   outer loop
     vertex -1.590990e+01 -1.590990e+01  0.000000e+00
     vertex -1.590990e+01 -1.590990e+01  2.000000e+01
     vertex -2.250000e+01  2.755455e-15  0.000000e+00
   endloop
 endfacet
 facet normal -9.999059e-01 -1.371831e-02 -0.000000e+00
   outer loop
     vertex  1.750000e+01 -4.286264e-15  2.000000e+01
     vertex  1.749341e+01  4.800958e-01  0.000000e+00
     vertex  1.750000e+01 -4.286264e-15  0.000000e+00
   endloop
 endfacet
 facet normal -9.991532e-01 -4.114462e-02 -0.000000e+00
   outer loop
     vertex  1.749341e+01  4.800958e-01  2.000000e+01
     vertex  1.747366e+01  9.598303e-01  0.000000e+00
     vertex  1.749341e+01  4.800958e-01  0.000000e+00
   endloop
 endfacet
 facet normal -9.999059e-01 -1.371831e-02 -0.000000e+00
   outer loop
     vertex  1.749341e+01  4.800958e-01  2.000000e+01
     vertex  1.749341e+01  4.800958e-01  0.000000e+00
     vertex  1.750000e+01 -4.286264e-15  2.000000e+01
   endloop
 endfacet
 facet normal -9.976484e-01 -6.853995e-02 -0.000000e+00
   outer loop
     vertex  1.747366e+01  9.598303e-01  2.000000e+01
     vertex  1.744075e+01  1.438842e+00  0.000000e+00
     vertex  1.747366e+01  9.598303e-01  0.000000e+00
   endloop
 endfacet
 facet normal -9.991532e-01 -4.114462e-02 -0.000000e+00
   outer loop
     vertex  1.747366e+01  9.598303e-01  2.000000e+01
     vertex  1.747366e+01  9.598303e-01  0.000000e+00
     vertex  1.749341e+01  4.800958e-01  2.000000e+01
   endloop
 endfacet
 facet normal -9.976484e-01 -6.853995e-02 -0.000000e+00
   outer loop
     vertex  1.744075e+01  1.438842e+00  2.000000e+01
     vertex  1.744075e+01  1.438842e+00  0.000000e+00
     vertex  1.747366e+01  9.598303e-01  2.000000e+01
   endloop
 endfacet
 facet normal -9.953925e-01 -9.588368e-02 -0.000000e+00
   outer loop
     vertex  1.739471e+01  1.916771e+00  2.000000e+01
     vertex  1.739471e+01  1.916771e+00  0.000000e+00
     vertex  1.744075e+01  1.438842e+00  0.000000e+00
   endloop
 endfacet
 facet normal -9.953925e-01 -9.588368e-02  0.000000e+00
   outer loop
     vertex  1.739471e+01  1.916771e+00  2.000000e+01
     vertex  1.744075e+01  1.438842e+00  0.000000e+00
     vertex  1.744075e+01  1.438842e+00  2.000000e+01
   endloop
 endfacet
 facet normal -9.923874e-01 -1.231552e-01 -0.000000e+00
   outer loop
     vertex  1.733558e+01  2.393257e+00  2.000000e+01
     vertex  1.733558e+01  2.393257e+00  0.000000e+00
     vertex  1.739471e+01  1.916771e+00  0.000000e+00
   endloop
 endfacet
 facet normal -9.886353e-01 -1.503341e-01 -0.000000e+00
   outer loop
     vertex  1.733558e+01  2.393257e+00  2.000000e+01
     vertex  1.726340e+01  2.867941e+00  0.000000e+00
     vertex  1.733558e+01  2.393257e+00  0.000000e+00
   endloop
 endfacet
 facet normal -9.923874e-01 -1.231552e-01  0.000000e+00
   outer loop
     vertex  1.733558e+01  2.393257e+00  2.000000e+01
     vertex  1.739471e+01  1.916771e+00  0.000000e+00
     vertex  1.739471e+01  1.916771e+00  2.000000e+01
   endloop
 endfacet
 facet normal -9.886353e-01 -1.503341e-01 -0.000000e+00
   outer loop
     vertex  1.726340e+01  2.867941e+00  2.000000e+01
     vertex  1.726340e+01  2.867941e+00  0.000000e+00
     vertex  1.733558e+01  2.393257e+00  2.000000e+01
   endloop
 endfacet
 facet normal -9.841389e-01 -1.773998e-01 -0.000000e+00
   outer loop
     vertex  1.717822e+01  3.340467e+00  2.000000e+01
     vertex  1.717822e+01  3.340467e+00  0.000000e+00
     vertex  1.726340e+01  2.867941e+00  0.000000e+00
   endloop
 endfacet
 facet normal -9.841389e-01 -1.773998e-01  0.000000e+00
   outer loop
     vertex  1.717822e+01  3.340467e+00  2.000000e+01
     vertex  1.726340e+01  2.867941e+00  0.000000e+00
     vertex  1.726340e+01  2.867941e+00  2.000000e+01
   endloop
 endfacet
 facet normal -9.789017e-01 -2.043319e-01 -0.000000e+00
   outer loop
     vertex  1.708011e+01  3.810478e+00  2.000000e+01
     vertex  1.708011e+01  3.810478e+00  0.000000e+00
     vertex  1.717822e+01  3.340467e+00  0.000000e+00
   endloop
 endfacet
 facet normal -9.789017e-01 -2.043319e-01  0.000000e+00
   outer loop
     vertex  1.708011e+01  3.810478e+00  2.000000e+01
     vertex  1.717822e+01  3.340467e+00  0.000000e+00
     vertex  1.717822e+01  3.340467e+00  2.000000e+01
   endloop
 endfacet
 facet normal -9.729276e-01 -2.311102e-01 -0.000000e+00
   outer loop
     vertex  1.696915e+01  4.277620e+00  2.000000e+01
     vertex  1.696915e+01  4.277620e+00  0.000000e+00
     vertex  1.708011e+01  3.810478e+00  0.000000e+00
   endloop
 endfacet
 facet normal -9.729276e-01 -2.311102e-01  0.000000e+00
   outer loop
     vertex  1.696915e+01  4.277620e+00  2.000000e+01
     vertex  1.708011e+01  3.810478e+00  0.000000e+00
     vertex  1.708011e+01  3.810478e+00  2.000000e+01
   endloop
 endfacet
 facet normal -9.662211e-01 -2.577146e-01  0.000000e+00
   outer loop
     vertex  1.684541e+01  4.741542e+00  2.000000e+01
     vertex  1.696915e+01  4.277620e+00  0.000000e+00
     vertex  1.696915e+01  4.277620e+00  2.000000e+01
   endloop
 endfacet
 facet normal -9.662211e-01 -2.577146e-01 -0.000000e+00
   outer loop
     vertex  1.684541e+01  4.741542e+00  2.000000e+01
     vertex  1.684541e+01  4.741542e+00  0.000000e+00
     vertex  1.696915e+01  4.277620e+00  0.000000e+00
   endloop
 endfacet
 facet normal -9.587873e-01 -2.841250e-01 -0.000000e+00
   outer loop
     vertex  1.684541e+01  4.741542e+00  2.000000e+01
     vertex  1.670899e+01  5.201895e+00  0.000000e+00
     vertex  1.684541e+01  4.741542e+00  0.000000e+00
   endloop
 endfacet
 facet normal -9.587873e-01 -2.841250e-01 -0.000000e+00
   outer loop
     vertex  1.670899e+01  5.201895e+00  2.000000e+01
     vertex  1.670899e+01  5.201895e+00  0.000000e+00
     vertex  1.684541e+01  4.741542e+00  2.000000e+01
   endloop
 endfacet
 facet normal -9.506317e-01 -3.103214e-01 -0.000000e+00
   outer loop
     vertex  1.670899e+01  5.201895e+00  2.000000e+01
     vertex  1.655999e+01  5.658333e+00  0.000000e+00
     vertex  1.670899e+01  5.201895e+00  0.000000e+00
   endloop
 endfacet
 facet normal -9.506317e-01 -3.103214e-01 -0.000000e+00
   outer loop
     vertex  1.655999e+01  5.658333e+00  2.000000e+01
     vertex  1.655999e+01  5.658333e+00  0.000000e+00
     vertex  1.670899e+01  5.201895e+00  2.000000e+01
   endloop
 endfacet
 facet normal -9.417605e-01 -3.362843e-01  0.000000e+00
   outer loop
     vertex  1.639853e+01  6.110511e+00  2.000000e+01
     vertex  1.655999e+01  5.658333e+00  0.000000e+00
     vertex  1.655999e+01  5.658333e+00  2.000000e+01
   endloop
 endfacet
 facet normal -9.417605e-01 -3.362843e-01 -0.000000e+00
   outer loop
     vertex  1.639853e+01  6.110511e+00  2.000000e+01
     vertex  1.639853e+01  6.110511e+00  0.000000e+00
     vertex  1.655999e+01  5.658333e+00  0.000000e+00
   endloop
 endfacet
 facet normal -9.321804e-01 -3.619940e-01 -0.000000e+00
   outer loop
     vertex  1.639853e+01  6.110511e+00  2.000000e+01
     vertex  1.622472e+01  6.558089e+00  0.000000e+00
     vertex  1.639853e+01  6.110511e+00  0.000000e+00
   endloop
 endfacet
 facet normal -9.321804e-01 -3.619940e-01 -0.000000e+00
   outer loop
     vertex  1.622472e+01  6.558089e+00  2.000000e+01
     vertex  1.622472e+01  6.558089e+00  0.000000e+00
     vertex  1.639853e+01  6.110511e+00  2.000000e+01
   endloop
 endfacet
 facet normal -9.218986e-01 -3.874313e-01  0.000000e+00
   outer loop
     vertex  1.603870e+01  7.000730e+00  2.000000e+01
     vertex  1.622472e+01  6.558089e+00  0.000000e+00
     vertex  1.622472e+01  6.558089e+00  2.000000e+01
   endloop
 endfacet
 facet normal -9.218986e-01 -3.874313e-01 -0.000000e+00
   outer loop
     vertex  1.603870e+01  7.000730e+00  2.000000e+01
     vertex  1.603870e+01  7.000730e+00  0.000000e+00
     vertex  1.622472e+01  6.558089e+00  0.000000e+00
   endloop
 endfacet
 facet normal -9.109228e-01 -4.125769e-01  0.000000e+00
   outer loop
     vertex  1.584060e+01  7.438101e+00  2.000000e+01
     vertex  1.603870e+01  7.000730e+00  0.000000e+00
     vertex  1.603870e+01  7.000730e+00  2.000000e+01
   endloop
 endfacet
 facet normal -9.109228e-01 -4.125769e-01 -0.000000e+00
   outer loop
     vertex  1.584060e+01  7.438101e+00  2.000000e+01
     vertex  1.584060e+01  7.438101e+00  0.000000e+00
     vertex  1.603870e+01  7.000730e+00  0.000000e+00
   endloop
 endfacet
 facet normal -8.992613e-01 -4.374119e-01  0.000000e+00
   outer loop
     vertex  1.563058e+01  7.869874e+00  2.000000e+01
     vertex  1.584060e+01  7.438101e+00  0.000000e+00
     vertex  1.584060e+01  7.438101e+00  2.000000e+01
   endloop
 endfacet
 facet normal -8.992613e-01 -4.374119e-01 -0.000000e+00
   outer loop
     vertex  1.563058e+01  7.869874e+00  2.000000e+01
     vertex  1.563058e+01  7.869874e+00  0.000000e+00
     vertex  1.584060e+01  7.438101e+00  0.000000e+00
   endloop
 endfacet
 facet normal -8.869228e-01 -4.619176e-01  0.000000e+00
   outer loop
     vertex  1.540880e+01  8.295722e+00  2.000000e+01
     vertex  1.563058e+01  7.869874e+00  0.000000e+00
     vertex  1.563058e+01  7.869874e+00  2.000000e+01
   endloop
 endfacet
 facet normal -8.869228e-01 -4.619176e-01 -0.000000e+00
   outer loop
     vertex  1.540880e+01  8.295722e+00  2.000000e+01
     vertex  1.540880e+01  8.295722e+00  0.000000e+00
     vertex  1.563058e+01  7.869874e+00  0.000000e+00
   endloop
 endfacet
 facet normal -8.739167e-01 -4.860756e-01  0.000000e+00
   outer loop
     vertex  1.517541e+01  8.715325e+00  2.000000e+01
     vertex  1.540880e+01  8.295722e+00  0.000000e+00
     vertex  1.540880e+01  8.295722e+00  2.000000e+01
   endloop
 endfacet
 facet normal -8.739167e-01 -4.860756e-01 -0.000000e+00
   outer loop
     vertex  1.517541e+01  8.715325e+00  2.000000e+01
     vertex  1.517541e+01  8.715325e+00  0.000000e+00
     vertex  1.540880e+01  8.295722e+00  0.000000e+00
   endloop
 endfacet
 facet normal -8.602528e-01 -5.098678e-01  0.000000e+00
   outer loop
     vertex  1.493060e+01  9.128368e+00  2.000000e+01
     vertex  1.517541e+01  8.715325e+00  0.000000e+00
     vertex  1.517541e+01  8.715325e+00  2.000000e+01
   endloop
 endfacet
 facet normal -8.602528e-01 -5.098678e-01 -0.000000e+00
   outer loop
     vertex  1.493060e+01  9.128368e+00  2.000000e+01
     vertex  1.493060e+01  9.128368e+00  0.000000e+00
     vertex  1.517541e+01  8.715325e+00  0.000000e+00
   endloop
 endfacet
 facet normal -8.459413e-01 -5.332761e-01  0.000000e+00
   outer loop
     vertex  1.467456e+01  9.534539e+00  2.000000e+01
     vertex  1.493060e+01  9.128368e+00  0.000000e+00
     vertex  1.493060e+01  9.128368e+00  2.000000e+01
   endloop
 endfacet
 facet normal -8.459413e-01 -5.332761e-01 -0.000000e+00
   outer loop
     vertex  1.467456e+01  9.534539e+00  2.000000e+01
     vertex  1.467456e+01  9.534539e+00  0.000000e+00
     vertex  1.493060e+01  9.128368e+00  0.000000e+00
   endloop
 endfacet
 facet normal -8.309929e-01 -5.562829e-01 -0.000000e+00
   outer loop
     vertex  1.440746e+01  9.933532e+00  2.000000e+01
     vertex  1.440746e+01  9.933532e+00  0.000000e+00
     vertex  1.467456e+01  9.534539e+00  0.000000e+00
   endloop
 endfacet
 facet normal -8.309929e-01 -5.562829e-01  0.000000e+00
   outer loop
     vertex  1.440746e+01  9.933532e+00  2.000000e+01
     vertex  1.467456e+01  9.534539e+00  0.000000e+00
     vertex  1.467456e+01  9.534539e+00  2.000000e+01
   endloop
 endfacet
 facet normal -8.154191e-01 -5.788711e-01 -0.000000e+00
   outer loop
     vertex  1.412952e+01  1.032505e+01  2.000000e+01
     vertex  1.412952e+01  1.032505e+01  0.000000e+00
     vertex  1.440746e+01  9.933532e+00  0.000000e+00
   endloop
 endfacet
 facet normal -8.154191e-01 -5.788711e-01  0.000000e+00
   outer loop
     vertex  1.412952e+01  1.032505e+01  2.000000e+01
     vertex  1.440746e+01  9.933532e+00  0.000000e+00
     vertex  1.440746e+01  9.933532e+00  2.000000e+01
   endloop
 endfacet
 facet normal -7.992314e-01 -6.010234e-01 -0.000000e+00
   outer loop
     vertex  1.384095e+01  1.070879e+01  2.000000e+01
     vertex  1.384095e+01  1.070879e+01  0.000000e+00
     vertex  1.412952e+01  1.032505e+01  0.000000e+00
   endloop
 endfacet
 facet normal -7.992314e-01 -6.010234e-01  0.000000e+00
   outer loop
     vertex  1.384095e+01  1.070879e+01  2.000000e+01
     vertex  1.412952e+01  1.032505e+01  0.000000e+00
     vertex  1.412952e+01  1.032505e+01  2.000000e+01
   endloop
 endfacet
 facet normal -7.824421e-01 -6.227234e-01 -0.000000e+00
   outer loop
     vertex  1.354195e+01  1.108447e+01  2.000000e+01
     vertex  1.354195e+01  1.108447e+01  0.000000e+00
     vertex  1.384095e+01  1.070879e+01  0.000000e+00
   endloop
 endfacet
 facet normal -7.650637e-01 -6.439545e-01 -0.000000e+00
   outer loop
     vertex  1.354195e+01  1.108447e+01  2.000000e+01
     vertex  1.323276e+01  1.145181e+01  0.000000e+00
     vertex  1.354195e+01  1.108447e+01  0.000000e+00
   endloop
 endfacet
 facet normal -7.824421e-01 -6.227234e-01  0.000000e+00
   outer loop
     vertex  1.354195e+01  1.108447e+01  2.000000e+01
     vertex  1.384095e+01  1.070879e+01  0.000000e+00
     vertex  1.384095e+01  1.070879e+01  2.000000e+01
   endloop
 endfacet
 facet normal -7.650637e-01 -6.439545e-01 -0.000000e+00
   outer loop
     vertex  1.323276e+01  1.145181e+01  2.000000e+01
     vertex  1.323276e+01  1.145181e+01  0.000000e+00
     vertex  1.354195e+01  1.108447e+01  2.000000e+01
   endloop
 endfacet
 facet normal -7.471095e-01 -6.647010e-01 -0.000000e+00
   outer loop
     vertex  1.291361e+01  1.181053e+01  2.000000e+01
     vertex  1.291361e+01  1.181053e+01  0.000000e+00
     vertex  1.323276e+01  1.145181e+01  0.000000e+00
   endloop
 endfacet
 facet normal -7.471095e-01 -6.647010e-01  0.000000e+00
   outer loop
     vertex  1.291361e+01  1.181053e+01  2.000000e+01
     vertex  1.323276e+01  1.145181e+01  0.000000e+00
     vertex  1.323276e+01  1.145181e+01  2.000000e+01
   endloop
 endfacet
 facet normal -7.285929e-01 -6.849470e-01 -0.000000e+00
   outer loop
     vertex  1.258474e+01  1.216036e+01  2.000000e+01
     vertex  1.258474e+01  1.216036e+01  0.000000e+00
     vertex  1.291361e+01  1.181053e+01  0.000000e+00
   endloop
 endfacet
 facet normal -7.285929e-01 -6.849470e-01  0.000000e+00
   outer loop
     vertex  1.258474e+01  1.216036e+01  2.000000e+01
     vertex  1.291361e+01  1.181053e+01  0.000000e+00
     vertex  1.291361e+01  1.181053e+01  2.000000e+01
   endloop
 endfacet
 facet normal -7.095278e-01 -7.046775e-01 -0.000000e+00
   outer loop
     vertex  1.224640e+01  1.250103e+01  2.000000e+01
     vertex  1.224640e+01  1.250103e+01  0.000000e+00
     vertex  1.258474e+01  1.216036e+01  0.000000e+00
   endloop
 endfacet
 facet normal -7.095278e-01 -7.046775e-01  0.000000e+00
   outer loop
     vertex  1.224640e+01  1.250103e+01  2.000000e+01
     vertex  1.258474e+01  1.216036e+01  0.000000e+00
     vertex  1.258474e+01  1.216036e+01  2.000000e+01
   endloop
 endfacet
 facet normal -6.899286e-01 -7.238775e-01 -0.000000e+00
   outer loop
     vertex  1.189883e+01  1.283230e+01  2.000000e+01
     vertex  1.189883e+01  1.283230e+01  0.000000e+00
     vertex  1.224640e+01  1.250103e+01  0.000000e+00
   endloop
 endfacet
 facet normal -6.899286e-01 -7.238775e-01  0.000000e+00
   outer loop
     vertex  1.189883e+01  1.283230e+01  2.000000e+01
     vertex  1.224640e+01  1.250103e+01  0.000000e+00
     vertex  1.224640e+01  1.250103e+01  2.000000e+01
   endloop
 endfacet
 facet normal -6.698100e-01 -7.425325e-01 -0.000000e+00
   outer loop
     vertex  1.154231e+01  1.315390e+01  2.000000e+01
     vertex  1.154231e+01  1.315390e+01  0.000000e+00
     vertex  1.189883e+01  1.283230e+01  0.000000e+00
   endloop
 endfacet
 facet normal -6.698100e-01 -7.425325e-01  0.000000e+00
   outer loop
     vertex  1.154231e+01  1.315390e+01  2.000000e+01
     vertex  1.189883e+01  1.283230e+01  0.000000e+00
     vertex  1.189883e+01  1.283230e+01  2.000000e+01
   endloop
 endfacet
 facet normal -6.491872e-01 -7.606287e-01 -0.000000e+00
   outer loop
     vertex  1.117710e+01  1.346560e+01  2.000000e+01
     vertex  1.117710e+01  1.346560e+01  0.000000e+00
     vertex  1.154231e+01  1.315390e+01  0.000000e+00
   endloop
 endfacet
 facet normal -6.491872e-01 -7.606287e-01  0.000000e+00
   outer loop
     vertex  1.117710e+01  1.346560e+01  2.000000e+01
     vertex  1.154231e+01  1.315390e+01  0.000000e+00
     vertex  1.154231e+01  1.315390e+01  2.000000e+01
   endloop
 endfacet
 facet normal -6.280757e-01 -7.781522e-01 -0.000000e+00
   outer loop
     vertex  1.080348e+01  1.376716e+01  2.000000e+01
     vertex  1.080348e+01  1.376716e+01  0.000000e+00
     vertex  1.117710e+01  1.346560e+01  0.000000e+00
   endloop
 endfacet
 facet normal -6.280757e-01 -7.781522e-01  0.000000e+00
   outer loop
     vertex  1.080348e+01  1.376716e+01  2.000000e+01
     vertex  1.117710e+01  1.346560e+01  0.000000e+00
     vertex  1.117710e+01  1.346560e+01  2.000000e+01
   endloop
 endfacet
 facet normal -6.064915e-01 -7.950900e-01 -0.000000e+00
   outer loop
     vertex  1.042172e+01  1.405837e+01  2.000000e+01
     vertex  1.042172e+01  1.405837e+01  0.000000e+00
     vertex  1.080348e+01  1.376716e+01  0.000000e+00
   endloop
 endfacet
 facet normal -6.064915e-01 -7.950900e-01  0.000000e+00
   outer loop
     vertex  1.042172e+01  1.405837e+01  2.000000e+01
     vertex  1.080348e+01  1.376716e+01  0.000000e+00
     vertex  1.080348e+01  1.376716e+01  2.000000e+01
   endloop
 endfacet
 facet normal -5.844507e-01 -8.114292e-01 -0.000000e+00
   outer loop
     vertex  1.003212e+01  1.433898e+01  2.000000e+01
     vertex  1.003212e+01  1.433898e+01  0.000000e+00
     vertex  1.042172e+01  1.405837e+01  0.000000e+00
   endloop
 endfacet
 facet normal -5.844507e-01 -8.114292e-01  0.000000e+00
   outer loop
     vertex  1.003212e+01  1.433898e+01  2.000000e+01
     vertex  1.042172e+01  1.405837e+01  0.000000e+00
     vertex  1.042172e+01  1.405837e+01  2.000000e+01
   endloop
 endfacet
 facet normal -5.619699e-01 -8.271577e-01  0.000000e+00
   outer loop
     vertex  9.634972e+00  1.460881e+01  2.000000e+01
     vertex  1.003212e+01  1.433898e+01  0.000000e+00
     vertex  1.003212e+01  1.433898e+01  2.000000e+01
   endloop
 endfacet
 facet normal -5.619699e-01 -8.271577e-01 -0.000000e+00
   outer loop
     vertex  9.634972e+00  1.460881e+01  2.000000e+01
     vertex  9.634972e+00  1.460881e+01  0.000000e+00
     vertex  1.003212e+01  1.433898e+01  0.000000e+00
   endloop
 endfacet
 facet normal -5.390661e-01 -8.422635e-01 -0.000000e+00
   outer loop
     vertex  9.634972e+00  1.460881e+01  2.000000e+01
     vertex  9.230567e+00  1.486764e+01  0.000000e+00
     vertex  9.634972e+00  1.460881e+01  0.000000e+00
   endloop
 endfacet
 facet normal -5.390661e-01 -8.422635e-01 -0.000000e+00
   outer loop
     vertex  9.230567e+00  1.486764e+01  2.000000e+01
     vertex  9.230567e+00  1.486764e+01  0.000000e+00
     vertex  9.634972e+00  1.460881e+01  2.000000e+01
   endloop
 endfacet
 facet normal -5.157565e-01 -8.567352e-01 -0.000000e+00
   outer loop
     vertex  9.230567e+00  1.486764e+01  2.000000e+01
     vertex  8.819213e+00  1.511527e+01  0.000000e+00
     vertex  9.230567e+00  1.486764e+01  0.000000e+00
   endloop
 endfacet
 facet normal -5.157565e-01 -8.567352e-01 -0.000000e+00
   outer loop
     vertex  8.819213e+00  1.511527e+01  2.000000e+01
     vertex  8.819213e+00  1.511527e+01  0.000000e+00
     vertex  9.230567e+00  1.486764e+01  2.000000e+01
   endloop
 endfacet
 facet normal -4.920587e-01 -8.705620e-01  0.000000e+00
   outer loop
     vertex  8.401220e+00  1.535153e+01  2.000000e+01
     vertex  8.819213e+00  1.511527e+01  0.000000e+00
     vertex  8.819213e+00  1.511527e+01  2.000000e+01
   endloop
 endfacet
 facet normal -4.920587e-01 -8.705620e-01 -0.000000e+00
   outer loop
     vertex  8.401220e+00  1.535153e+01  2.000000e+01
     vertex  8.401220e+00  1.535153e+01  0.000000e+00
     vertex  8.819213e+00  1.511527e+01  0.000000e+00
   endloop
 endfacet
 facet normal -4.679904e-01 -8.837335e-01  0.000000e+00
   outer loop
     vertex  7.976904e+00  1.557623e+01  2.000000e+01
     vertex  8.401220e+00  1.535153e+01  0.000000e+00
     vertex  8.401220e+00  1.535153e+01  2.000000e+01
   endloop
 endfacet
 facet normal -4.679904e-01 -8.837335e-01 -0.000000e+00
   outer loop
     vertex  7.976904e+00  1.557623e+01  2.000000e+01
     vertex  7.976904e+00  1.557623e+01  0.000000e+00
     vertex  8.401220e+00  1.535153e+01  0.000000e+00
   endloop
 endfacet
 facet normal -4.435699e-01 -8.962398e-01  0.000000e+00
   outer loop
     vertex  7.546582e+00  1.578921e+01  2.000000e+01
     vertex  7.976904e+00  1.557623e+01  0.000000e+00
     vertex  7.976904e+00  1.557623e+01  2.000000e+01
   endloop
 endfacet
 facet normal -4.435699e-01 -8.962398e-01 -0.000000e+00
   outer loop
     vertex  7.546582e+00  1.578921e+01  2.000000e+01
     vertex  7.546582e+00  1.578921e+01  0.000000e+00
     vertex  7.976904e+00  1.557623e+01  0.000000e+00
   endloop
 endfacet
 facet normal -4.188155e-01 -9.080714e-01  0.000000e+00
   outer loop
     vertex  7.110580e+00  1.599030e+01  2.000000e+01
     vertex  7.546582e+00  1.578921e+01  0.000000e+00
     vertex  7.546582e+00  1.578921e+01  2.000000e+01
   endloop
 endfacet
 facet normal -4.188155e-01 -9.080714e-01 -0.000000e+00
   outer loop
     vertex  7.110580e+00  1.599030e+01  2.000000e+01
     vertex  7.110580e+00  1.599030e+01  0.000000e+00
     vertex  7.546582e+00  1.578921e+01  0.000000e+00
   endloop
 endfacet
 facet normal -3.937458e-01 -9.192194e-01  0.000000e+00
   outer loop
     vertex  6.669225e+00  1.617935e+01  2.000000e+01
     vertex  7.110580e+00  1.599030e+01  0.000000e+00
     vertex  7.110580e+00  1.599030e+01  2.000000e+01
   endloop
 endfacet
 facet normal -3.937458e-01 -9.192194e-01 -0.000000e+00
   outer loop
     vertex  6.669225e+00  1.617935e+01  2.000000e+01
     vertex  6.669225e+00  1.617935e+01  0.000000e+00
     vertex  7.110580e+00  1.599030e+01  0.000000e+00
   endloop
 endfacet
 facet normal -3.683796e-01 -9.296754e-01  0.000000e+00
   outer loop
     vertex  6.222850e+00  1.635623e+01  2.000000e+01
     vertex  6.669225e+00  1.617935e+01  0.000000e+00
     vertex  6.669225e+00  1.617935e+01  2.000000e+01
   endloop
 endfacet
 facet normal -3.683796e-01 -9.296754e-01 -0.000000e+00
   outer loop
     vertex  6.222850e+00  1.635623e+01  2.000000e+01
     vertex  6.222850e+00  1.635623e+01  0.000000e+00
     vertex  6.669225e+00  1.617935e+01  0.000000e+00
   endloop
 endfacet
 facet normal -3.427362e-01 -9.394317e-01  0.000000e+00
   outer loop
     vertex  5.771790e+00  1.652079e+01  2.000000e+01
     vertex  6.222850e+00  1.635623e+01  0.000000e+00
     vertex  6.222850e+00  1.635623e+01  2.000000e+01
   endloop
 endfacet
 facet normal -3.427362e-01 -9.394317e-01 -0.000000e+00
   outer loop
     vertex  5.771790e+00  1.652079e+01  2.000000e+01
     vertex  5.771790e+00  1.652079e+01  0.000000e+00
     vertex  6.222850e+00  1.635623e+01  0.000000e+00
   endloop
 endfacet
 facet normal -3.168348e-01 -9.484807e-01  0.000000e+00
   outer loop
     vertex  5.316385e+00  1.667291e+01  2.000000e+01
     vertex  5.771790e+00  1.652079e+01  0.000000e+00
     vertex  5.771790e+00  1.652079e+01  2.000000e+01
   endloop
 endfacet
 facet normal -3.168348e-01 -9.484807e-01 -0.000000e+00
   outer loop
     vertex  5.316385e+00  1.667291e+01  2.000000e+01
     vertex  5.316385e+00  1.667291e+01  0.000000e+00
     vertex  5.771790e+00  1.652079e+01  0.000000e+00
   endloop
 endfacet
 facet normal -2.906949e-01 -9.568158e-01  0.000000e+00
   outer loop
     vertex  4.856979e+00  1.681249e+01  2.000000e+01
     vertex  5.316385e+00  1.667291e+01  0.000000e+00
     vertex  5.316385e+00  1.667291e+01  2.000000e+01
   endloop
 endfacet
 facet normal -2.906949e-01 -9.568158e-01 -0.000000e+00
   outer loop
     vertex  4.856979e+00  1.681249e+01  2.000000e+01
     vertex  4.856979e+00  1.681249e+01  0.000000e+00
     vertex  5.316385e+00  1.667291e+01  0.000000e+00
   endloop
 endfacet
 facet normal -2.643362e-01 -9.644306e-01 -0.000000e+00
   outer loop
     vertex  4.856979e+00  1.681249e+01  2.000000e+01
     vertex  4.393916e+00  1.693941e+01  0.000000e+00
     vertex  4.856979e+00  1.681249e+01  0.000000e+00
   endloop
 endfacet
 facet normal -2.643362e-01 -9.644306e-01 -0.000000e+00
   outer loop
     vertex  4.393916e+00  1.693941e+01  2.000000e+01
     vertex  4.393916e+00  1.693941e+01  0.000000e+00
     vertex  4.856979e+00  1.681249e+01  2.000000e+01
   endloop
 endfacet
 facet normal -2.377784e-01 -9.713194e-01 -0.000000e+00
   outer loop
     vertex  4.393916e+00  1.693941e+01  2.000000e+01
     vertex  3.927546e+00  1.705357e+01  0.000000e+00
     vertex  4.393916e+00  1.693941e+01  0.000000e+00
   endloop
 endfacet
 facet normal -2.377784e-01 -9.713194e-01 -0.000000e+00
   outer loop
     vertex  3.927546e+00  1.705357e+01  2.000000e+01
     vertex  3.927546e+00  1.705357e+01  0.000000e+00
     vertex  4.393916e+00  1.693941e+01  2.000000e+01
   endloop
 endfacet
 facet normal -2.110417e-01 -9.774771e-01  0.000000e+00
   outer loop
     vertex  3.458219e+00  1.715490e+01  2.000000e+01
     vertex  3.927546e+00  1.705357e+01  0.000000e+00
     vertex  3.927546e+00  1.705357e+01  2.000000e+01
   endloop
 endfacet
 facet normal -2.110417e-01 -9.774771e-01 -0.000000e+00
   outer loop
     vertex  3.458219e+00  1.715490e+01  2.000000e+01
     vertex  3.458219e+00  1.715490e+01  0.000000e+00
     vertex  3.927546e+00  1.705357e+01  0.000000e+00
   endloop
 endfacet
 facet normal -1.841461e-01 -9.828989e-01 -0.000000e+00
   outer loop
     vertex  3.458219e+00  1.715490e+01  2.000000e+01
     vertex  2.986289e+00  1.724332e+01  0.000000e+00
     vertex  3.458219e+00  1.715490e+01  0.000000e+00
   endloop
 endfacet
 facet normal -1.841461e-01 -9.828989e-01 -0.000000e+00
   outer loop
     vertex  2.986289e+00  1.724332e+01  2.000000e+01
     vertex  2.986289e+00  1.724332e+01  0.000000e+00
     vertex  3.458219e+00  1.715490e+01  2.000000e+01
   endloop
 endfacet
 facet normal -1.571119e-01 -9.875808e-01 -0.000000e+00
   outer loop
     vertex  2.986289e+00  1.724332e+01  2.000000e+01
     vertex  2.512111e+00  1.731876e+01  0.000000e+00
     vertex  2.986289e+00  1.724332e+01  0.000000e+00
   endloop
 endfacet
 facet normal -1.571119e-01 -9.875808e-01 -0.000000e+00
   outer loop
     vertex  2.512111e+00  1.731876e+01  2.000000e+01
     vertex  2.512111e+00  1.731876e+01  0.000000e+00
     vertex  2.986289e+00  1.724332e+01  2.000000e+01
   endloop
 endfacet
 facet normal -1.299594e-01 -9.915193e-01  0.000000e+00
   outer loop
     vertex  2.036042e+00  1.738115e+01  2.000000e+01
     vertex  2.512111e+00  1.731876e+01  0.000000e+00
     vertex  2.512111e+00  1.731876e+01  2.000000e+01
   endloop
 endfacet
 facet normal -1.299594e-01 -9.915193e-01 -0.000000e+00
   outer loop
     vertex  2.036042e+00  1.738115e+01  2.000000e+01
     vertex  2.036042e+00  1.738115e+01  0.000000e+00
     vertex  2.512111e+00  1.731876e+01  0.000000e+00
   endloop
 endfacet
 facet normal -1.027091e-01 -9.947114e-01 -0.000000e+00
   outer loop
     vertex  2.036042e+00  1.738115e+01  2.000000e+01
     vertex  1.558440e+00  1.743047e+01  0.000000e+00
     vertex  2.036042e+00  1.738115e+01  0.000000e+00
   endloop
 endfacet
 facet normal -1.027091e-01 -9.947114e-01 -0.000000e+00
   outer loop
     vertex  1.558440e+00  1.743047e+01  2.000000e+01
     vertex  1.558440e+00  1.743047e+01  0.000000e+00
     vertex  2.036042e+00  1.738115e+01  2.000000e+01
   endloop
 endfacet
 facet normal -7.538152e-02 -9.971548e-01  0.000000e+00
   outer loop
     vertex  1.079665e+00  1.746666e+01  2.000000e+01
     vertex  1.558440e+00  1.743047e+01  0.000000e+00
     vertex  1.558440e+00  1.743047e+01  2.000000e+01
   endloop
 endfacet
 facet normal -7.538152e-02 -9.971548e-01 -0.000000e+00
   outer loop
     vertex  1.079665e+00  1.746666e+01  2.000000e+01
     vertex  1.079665e+00  1.746666e+01  0.000000e+00
     vertex  1.558440e+00  1.743047e+01  0.000000e+00
   endloop
 endfacet
 facet normal -4.799716e-02 -9.988475e-01 -0.000000e+00
   outer loop
     vertex  1.079665e+00  1.746666e+01  2.000000e+01
     vertex  6.000774e-01  1.748971e+01  0.000000e+00
     vertex  1.079665e+00  1.746666e+01  0.000000e+00
   endloop
 endfacet
 facet normal -2.057667e-02 -9.997883e-01 -0.000000e+00
   outer loop
     vertex  6.000774e-01  1.748971e+01  2.000000e+01
     vertex  1.200381e-01  1.749959e+01  0.000000e+00
     vertex  6.000774e-01  1.748971e+01  0.000000e+00
   endloop
 endfacet
 facet normal -4.799716e-02 -9.988475e-01 -0.000000e+00
   outer loop
     vertex  6.000774e-01  1.748971e+01  2.000000e+01
     vertex  6.000774e-01  1.748971e+01  0.000000e+00
     vertex  1.079665e+00  1.746666e+01  2.000000e+01
   endloop
 endfacet
 facet normal -2.057667e-02 -9.997883e-01 -0.000000e+00
   outer loop
     vertex  1.200381e-01  1.749959e+01  2.000000e+01
     vertex  1.200381e-01  1.749959e+01  0.000000e+00
     vertex  6.000774e-01  1.748971e+01  2.000000e+01
   endloop
 endfacet
 facet normal  6.859319e-03 -9.999765e-01  0.000000e+00
   outer loop
     vertex -3.600916e-01  1.749629e+01  2.000000e+01
     vertex -3.600916e-01  1.749629e+01  0.000000e+00
     vertex  1.200381e-01  1.749959e+01  0.000000e+00
   endloop
 endfacet
 facet normal  6.859319e-03 -9.999765e-01  0.000000e+00
   outer loop
     vertex -3.600916e-01  1.749629e+01  2.000000e+01
     vertex  1.200381e-01  1.749959e+01  0.000000e+00
     vertex  1.200381e-01  1.749959e+01  2.000000e+01
   endloop
 endfacet
 facet normal  3.429014e-02 -9.994119e-01  0.000000e+00
   outer loop
     vertex -8.399503e-01  1.747983e+01  2.000000e+01
     vertex -8.399503e-01  1.747983e+01  0.000000e+00
     vertex -3.600916e-01  1.749629e+01  0.000000e+00
   endloop
 endfacet
 facet normal  3.429014e-02 -9.994119e-01  0.000000e+00
   outer loop
     vertex -8.399503e-01  1.747983e+01  2.000000e+01
     vertex -3.600916e-01  1.749629e+01  0.000000e+00
     vertex -3.600916e-01  1.749629e+01  2.000000e+01
   endloop
 endfacet
 facet normal  6.169515e-02 -9.980950e-01  0.000000e+00
   outer loop
     vertex -1.319177e+00  1.745021e+01  2.000000e+01
     vertex -1.319177e+00  1.745021e+01  0.000000e+00
     vertex -8.399503e-01  1.747983e+01  0.000000e+00
   endloop
 endfacet
 facet normal  6.169515e-02 -9.980950e-01  0.000000e+00
   outer loop
     vertex -1.319177e+00  1.745021e+01  2.000000e+01
     vertex -8.399503e-01  1.747983e+01  0.000000e+00
     vertex -8.399503e-01  1.747983e+01  2.000000e+01
   endloop
 endfacet
 facet normal  8.905371e-02 -9.960268e-01  0.000000e+00
   outer loop
     vertex -1.797410e+00  1.740745e+01  2.000000e+01
     vertex -1.319177e+00  1.745021e+01  0.000000e+00
     vertex -1.319177e+00  1.745021e+01  2.000000e+01
   endloop
 endfacet
 facet normal  8.905371e-02 -9.960268e-01  0.000000e+00
   outer loop
     vertex -1.797410e+00  1.740745e+01  2.000000e+01
     vertex -1.797410e+00  1.740745e+01  0.000000e+00
     vertex -1.319177e+00  1.745021e+01  0.000000e+00
   endloop
 endfacet
 facet normal  1.163452e-01 -9.932088e-01  0.000000e+00
   outer loop
     vertex -2.274290e+00  1.735159e+01  2.000000e+01
     vertex -1.797410e+00  1.740745e+01  0.000000e+00
     vertex -1.797410e+00  1.740745e+01  2.000000e+01
   endloop
 endfacet
 facet normal  1.163452e-01 -9.932088e-01  0.000000e+00
   outer loop
     vertex -2.274290e+00  1.735159e+01  2.000000e+01
     vertex -2.274290e+00  1.735159e+01  0.000000e+00
     vertex -1.797410e+00  1.740745e+01  0.000000e+00
   endloop
 endfacet
 facet normal  1.435492e-01 -9.896432e-01  0.000000e+00
   outer loop
     vertex -2.274290e+00  1.735159e+01  2.000000e+01
     vertex -2.749459e+00  1.728266e+01  0.000000e+00
     vertex -2.274290e+00  1.735159e+01  0.000000e+00
   endloop
 endfacet
 facet normal  1.435492e-01 -9.896432e-01  0.000000e+00
   outer loop
     vertex -2.749459e+00  1.728266e+01  2.000000e+01
     vertex -2.749459e+00  1.728266e+01  0.000000e+00
     vertex -2.274290e+00  1.735159e+01  2.000000e+01
   endloop
 endfacet
 facet normal  1.706451e-01 -9.853326e-01  0.000000e+00
   outer loop
     vertex -3.222557e+00  1.720073e+01  2.000000e+01
     vertex -2.749459e+00  1.728266e+01  0.000000e+00
     vertex -2.749459e+00  1.728266e+01  2.000000e+01
   endloop
 endfacet
 facet normal  1.706451e-01 -9.853326e-01  0.000000e+00
   outer loop
     vertex -3.222557e+00  1.720073e+01  2.000000e+01
     vertex -3.222557e+00  1.720073e+01  0.000000e+00
     vertex -2.749459e+00  1.728266e+01  0.000000e+00
   endloop
 endfacet
 facet normal  1.976125e-01 -9.802802e-01  0.000000e+00
   outer loop
     vertex -3.693230e+00  1.710585e+01  2.000000e+01
     vertex -3.222557e+00  1.720073e+01  0.000000e+00
     vertex -3.222557e+00  1.720073e+01  2.000000e+01
   endloop
 endfacet
 facet normal  1.976125e-01 -9.802802e-01  0.000000e+00
   outer loop
     vertex -3.693230e+00  1.710585e+01  2.000000e+01
     vertex -3.693230e+00  1.710585e+01  0.000000e+00
     vertex -3.222557e+00  1.720073e+01  0.000000e+00
   endloop
 endfacet
 facet normal  2.244312e-01 -9.744899e-01  0.000000e+00
   outer loop
     vertex -3.693230e+00  1.710585e+01  2.000000e+01
     vertex -4.161123e+00  1.699809e+01  0.000000e+00
     vertex -3.693230e+00  1.710585e+01  0.000000e+00
   endloop
 endfacet
 facet normal  2.244312e-01 -9.744899e-01  0.000000e+00
   outer loop
     vertex -4.161123e+00  1.699809e+01  2.000000e+01
     vertex -4.161123e+00  1.699809e+01  0.000000e+00
     vertex -3.693230e+00  1.710585e+01  2.000000e+01
   endloop
 endfacet
 facet normal  2.510809e-01 -9.679661e-01  0.000000e+00
   outer loop
     vertex -4.625883e+00  1.687754e+01  2.000000e+01
     vertex -4.161123e+00  1.699809e+01  0.000000e+00
     vertex -4.161123e+00  1.699809e+01  2.000000e+01
   endloop
 endfacet
 facet normal  2.510809e-01 -9.679661e-01  0.000000e+00
   outer loop
     vertex -4.625883e+00  1.687754e+01  2.000000e+01
     vertex -4.625883e+00  1.687754e+01  0.000000e+00
     vertex -4.161123e+00  1.699809e+01  0.000000e+00
   endloop
 endfacet
 facet normal  2.775416e-01 -9.607136e-01  0.000000e+00
   outer loop
     vertex -4.625883e+00  1.687754e+01  2.000000e+01
     vertex -5.087161e+00  1.674428e+01  0.000000e+00
     vertex -4.625883e+00  1.687754e+01  0.000000e+00
   endloop
 endfacet
 facet normal  2.775416e-01 -9.607136e-01  0.000000e+00
   outer loop
     vertex -5.087161e+00  1.674428e+01  2.000000e+01
     vertex -5.087161e+00  1.674428e+01  0.000000e+00
     vertex -4.625883e+00  1.687754e+01  2.000000e+01
   endloop
 endfacet
 facet normal  3.037934e-01 -9.527379e-01  0.000000e+00
   outer loop
     vertex -5.544609e+00  1.659841e+01  2.000000e+01
     vertex -5.087161e+00  1.674428e+01  0.000000e+00
     vertex -5.087161e+00  1.674428e+01  2.000000e+01
   endloop
 endfacet
 facet normal  3.037934e-01 -9.527379e-01  0.000000e+00
   outer loop
     vertex -5.544609e+00  1.659841e+01  2.000000e+01
     vertex -5.544609e+00  1.659841e+01  0.000000e+00
     vertex -5.087161e+00  1.674428e+01  0.000000e+00
   endloop
 endfacet
 facet normal  3.298166e-01 -9.440450e-01  0.000000e+00
   outer loop
     vertex -5.544609e+00  1.659841e+01  2.000000e+01
     vertex -5.997884e+00  1.644005e+01  0.000000e+00
     vertex -5.544609e+00  1.659841e+01  0.000000e+00
   endloop
 endfacet
 facet normal  3.298166e-01 -9.440450e-01  0.000000e+00
   outer loop
     vertex -5.997884e+00  1.644005e+01  2.000000e+01
     vertex -5.997884e+00  1.644005e+01  0.000000e+00
     vertex -5.544609e+00  1.659841e+01  2.000000e+01
   endloop
 endfacet
 facet normal  3.555914e-01 -9.346415e-01  0.000000e+00
   outer loop
     vertex -6.446644e+00  1.626932e+01  2.000000e+01
     vertex -5.997884e+00  1.644005e+01  0.000000e+00
     vertex -5.997884e+00  1.644005e+01  2.000000e+01
   endloop
 endfacet
 facet normal  3.555914e-01 -9.346415e-01  0.000000e+00
   outer loop
     vertex -6.446644e+00  1.626932e+01  2.000000e+01
     vertex -6.446644e+00  1.626932e+01  0.000000e+00
     vertex -5.997884e+00  1.644005e+01  0.000000e+00
   endloop
 endfacet
 facet normal  3.810986e-01 -9.245344e-01  0.000000e+00
   outer loop
     vertex -6.890551e+00  1.608634e+01  2.000000e+01
     vertex -6.446644e+00  1.626932e+01  0.000000e+00
     vertex -6.446644e+00  1.626932e+01  2.000000e+01
   endloop
 endfacet
 facet normal  3.810986e-01 -9.245344e-01  0.000000e+00
   outer loop
     vertex -6.890551e+00  1.608634e+01  2.000000e+01
     vertex -6.890551e+00  1.608634e+01  0.000000e+00
     vertex -6.446644e+00  1.626932e+01  0.000000e+00
   endloop
 endfacet
 facet normal  4.063188e-01 -9.137314e-01  0.000000e+00
   outer loop
     vertex -7.329271e+00  1.589125e+01  2.000000e+01
     vertex -7.329271e+00  1.589125e+01  0.000000e+00
     vertex -6.890551e+00  1.608634e+01  0.000000e+00
   endloop
 endfacet
 facet normal  4.312333e-01 -9.022405e-01  0.000000e+00
   outer loop
     vertex -7.329271e+00  1.589125e+01  2.000000e+01
     vertex -7.762473e+00  1.568420e+01  0.000000e+00
     vertex -7.329271e+00  1.589125e+01  0.000000e+00
   endloop
 endfacet
 facet normal  4.063188e-01 -9.137314e-01  0.000000e+00
   outer loop
     vertex -7.329271e+00  1.589125e+01  2.000000e+01
     vertex -6.890551e+00  1.608634e+01  0.000000e+00
     vertex -6.890551e+00  1.608634e+01  2.000000e+01
   endloop
 endfacet
 facet normal  4.312333e-01 -9.022405e-01  0.000000e+00
   outer loop
     vertex -7.762473e+00  1.568420e+01  2.000000e+01
     vertex -7.762473e+00  1.568420e+01  0.000000e+00
     vertex -7.329271e+00  1.589125e+01  2.000000e+01
   endloop
 endfacet
 facet normal  4.558231e-01 -8.900704e-01  0.000000e+00
   outer loop
     vertex -8.189833e+00  1.546534e+01  2.000000e+01
     vertex -8.189833e+00  1.546534e+01  0.000000e+00
     vertex -7.762473e+00  1.568420e+01  0.000000e+00
   endloop
 endfacet
 facet normal  4.800697e-01 -8.772303e-01  0.000000e+00
   outer loop
     vertex -8.189833e+00  1.546534e+01  2.000000e+01
     vertex -8.611027e+00  1.523484e+01  0.000000e+00
     vertex -8.189833e+00  1.546534e+01  0.000000e+00
   endloop
 endfacet
 facet normal  4.558231e-01 -8.900704e-01  0.000000e+00
   outer loop
     vertex -8.189833e+00  1.546534e+01  2.000000e+01
     vertex -7.762473e+00  1.568420e+01  0.000000e+00
     vertex -7.762473e+00  1.568420e+01  2.000000e+01
   endloop
 endfacet
 facet normal  4.800697e-01 -8.772303e-01  0.000000e+00
   outer loop
     vertex -8.611027e+00  1.523484e+01  2.000000e+01
     vertex -8.611027e+00  1.523484e+01  0.000000e+00
     vertex -8.189833e+00  1.546534e+01  2.000000e+01
   endloop
 endfacet
 facet normal  5.039550e-01 -8.637299e-01  0.000000e+00
   outer loop
     vertex -9.025739e+00  1.499287e+01  2.000000e+01
     vertex -9.025739e+00  1.499287e+01  0.000000e+00
     vertex -8.611027e+00  1.523484e+01  0.000000e+00
   endloop
 endfacet
 facet normal  5.039550e-01 -8.637299e-01  0.000000e+00
   outer loop
     vertex -9.025739e+00  1.499287e+01  2.000000e+01
     vertex -8.611027e+00  1.523484e+01  0.000000e+00
     vertex -8.611027e+00  1.523484e+01  2.000000e+01
   endloop
 endfacet
 facet normal  5.274609e-01 -8.495793e-01  0.000000e+00
   outer loop
     vertex -9.433657e+00  1.473961e+01  2.000000e+01
     vertex -9.433657e+00  1.473961e+01  0.000000e+00
     vertex -9.025739e+00  1.499287e+01  0.000000e+00
   endloop
 endfacet
 facet normal  5.505698e-01 -8.347891e-01  0.000000e+00
   outer loop
     vertex -9.433657e+00  1.473961e+01  2.000000e+01
     vertex -9.834473e+00  1.447526e+01  0.000000e+00
     vertex -9.433657e+00  1.473961e+01  0.000000e+00
   endloop
 endfacet
 facet normal  5.274609e-01 -8.495793e-01  0.000000e+00
   outer loop
     vertex -9.433657e+00  1.473961e+01  2.000000e+01
     vertex -9.025739e+00  1.499287e+01  0.000000e+00
     vertex -9.025739e+00  1.499287e+01  2.000000e+01
   endloop
 endfacet
 facet normal  5.505698e-01 -8.347891e-01  0.000000e+00
   outer loop
     vertex -9.834473e+00  1.447526e+01  2.000000e+01
     vertex -9.834473e+00  1.447526e+01  0.000000e+00
     vertex -9.433657e+00  1.473961e+01  2.000000e+01
   endloop
 endfacet
 facet normal  5.732642e-01 -8.193706e-01  0.000000e+00
   outer loop
     vertex -1.022789e+01  1.420001e+01  2.000000e+01
     vertex -1.022789e+01  1.420001e+01  0.000000e+00
     vertex -9.834473e+00  1.447526e+01  0.000000e+00
   endloop
 endfacet
 facet normal  5.732642e-01 -8.193706e-01  0.000000e+00
   outer loop
     vertex -1.022789e+01  1.420001e+01  2.000000e+01
     vertex -9.834473e+00  1.447526e+01  0.000000e+00
     vertex -9.834473e+00  1.447526e+01  2.000000e+01
   endloop
 endfacet
 facet normal  5.955271e-01 -8.033352e-01  0.000000e+00
   outer loop
     vertex -1.061360e+01  1.391407e+01  2.000000e+01
     vertex -1.061360e+01  1.391407e+01  0.000000e+00
     vertex -1.022789e+01  1.420001e+01  0.000000e+00
   endloop
 endfacet
 facet normal  6.173417e-01 -7.866951e-01  0.000000e+00
   outer loop
     vertex -1.061360e+01  1.391407e+01  2.000000e+01
     vertex -1.099133e+01  1.361766e+01  0.000000e+00
     vertex -1.061360e+01  1.391407e+01  0.000000e+00
   endloop
 endfacet
 facet normal  5.955271e-01 -8.033352e-01  0.000000e+00
   outer loop
     vertex -1.061360e+01  1.391407e+01  2.000000e+01
     vertex -1.022789e+01  1.420001e+01  0.000000e+00
     vertex -1.022789e+01  1.420001e+01  2.000000e+01
   endloop
 endfacet
 facet normal  6.173417e-01 -7.866951e-01  0.000000e+00
   outer loop
     vertex -1.099133e+01  1.361766e+01  2.000000e+01
     vertex -1.099133e+01  1.361766e+01  0.000000e+00
     vertex -1.061360e+01  1.391407e+01  2.000000e+01
   endloop
 endfacet
 facet normal  6.386916e-01 -7.694628e-01  0.000000e+00
   outer loop
     vertex -1.136078e+01  1.331100e+01  2.000000e+01
     vertex -1.136078e+01  1.331100e+01  0.000000e+00
     vertex -1.099133e+01  1.361766e+01  0.000000e+00
   endloop
 endfacet
 facet normal  6.386916e-01 -7.694628e-01  0.000000e+00
   outer loop
     vertex -1.136078e+01  1.331100e+01  2.000000e+01
     vertex -1.099133e+01  1.361766e+01  0.000000e+00
     vertex -1.099133e+01  1.361766e+01  2.000000e+01
   endloop
 endfacet
 facet normal  6.595607e-01 -7.516513e-01  0.000000e+00
   outer loop
     vertex -1.172167e+01  1.299432e+01  2.000000e+01
     vertex -1.172167e+01  1.299432e+01  0.000000e+00
     vertex -1.136078e+01  1.331100e+01  0.000000e+00
   endloop
 endfacet
 facet normal  6.595607e-01 -7.516513e-01  0.000000e+00
   outer loop
     vertex -1.172167e+01  1.299432e+01  2.000000e+01
     vertex -1.136078e+01  1.331100e+01  0.000000e+00
     vertex -1.136078e+01  1.331100e+01  2.000000e+01
   endloop
 endfacet
 facet normal  6.799333e-01 -7.332740e-01  0.000000e+00
   outer loop
     vertex -1.207375e+01  1.266786e+01  2.000000e+01
     vertex -1.207375e+01  1.266786e+01  0.000000e+00
     vertex -1.172167e+01  1.299432e+01  0.000000e+00
   endloop
 endfacet
 facet normal  6.997940e-01 -7.143447e-01  0.000000e+00
   outer loop
     vertex -1.207375e+01  1.266786e+01  2.000000e+01
     vertex -1.241674e+01  1.233186e+01  0.000000e+00
     vertex -1.207375e+01  1.266786e+01  0.000000e+00
   endloop
 endfacet
 facet normal  6.799333e-01 -7.332740e-01  0.000000e+00
   outer loop
     vertex -1.207375e+01  1.266786e+01  2.000000e+01
     vertex -1.172167e+01  1.299432e+01  0.000000e+00
     vertex -1.172167e+01  1.299432e+01  2.000000e+01
   endloop
 endfacet
 facet normal  6.997940e-01 -7.143447e-01  0.000000e+00
   outer loop
     vertex -1.241674e+01  1.233186e+01  2.000000e+01
     vertex -1.241674e+01  1.233186e+01  0.000000e+00
     vertex -1.207375e+01  1.266786e+01  2.000000e+01
   endloop
 endfacet
 facet normal  7.191280e-01 -6.948776e-01  0.000000e+00
   outer loop
     vertex -1.275038e+01  1.198657e+01  2.000000e+01
     vertex -1.241674e+01  1.233186e+01  0.000000e+00
     vertex -1.241674e+01  1.233186e+01  2.000000e+01
   endloop
 endfacet
 facet normal  7.191280e-01 -6.948776e-01  0.000000e+00
   outer loop
     vertex -1.275038e+01  1.198657e+01  2.000000e+01
     vertex -1.275038e+01  1.198657e+01  0.000000e+00
     vertex -1.241674e+01  1.233186e+01  0.000000e+00
   endloop
 endfacet
 facet normal  7.379206e-01 -6.748875e-01  0.000000e+00
   outer loop
     vertex -1.307442e+01  1.163227e+01  2.000000e+01
     vertex -1.275038e+01  1.198657e+01  0.000000e+00
     vertex -1.275038e+01  1.198657e+01  2.000000e+01
   endloop
 endfacet
 facet normal  7.379206e-01 -6.748875e-01  0.000000e+00
   outer loop
     vertex -1.307442e+01  1.163227e+01  2.000000e+01
     vertex -1.307442e+01  1.163227e+01  0.000000e+00
     vertex -1.275038e+01  1.198657e+01  0.000000e+00
   endloop
 endfacet
 facet normal  7.561578e-01 -6.543893e-01  0.000000e+00
   outer loop
     vertex -1.307442e+01  1.163227e+01  2.000000e+01
     vertex -1.338862e+01  1.126920e+01  0.000000e+00
     vertex -1.307442e+01  1.163227e+01  0.000000e+00
   endloop
 endfacet
 facet normal  7.561578e-01 -6.543893e-01  0.000000e+00
   outer loop
     vertex -1.338862e+01  1.126920e+01  2.000000e+01
     vertex -1.338862e+01  1.126920e+01  0.000000e+00
     vertex -1.307442e+01  1.163227e+01  2.000000e+01
   endloop
 endfacet
 facet normal  7.738257e-01 -6.333986e-01  0.000000e+00
   outer loop
     vertex -1.338862e+01  1.126920e+01  2.000000e+01
     vertex -1.369274e+01  1.089766e+01  0.000000e+00
     vertex -1.338862e+01  1.126920e+01  0.000000e+00
   endloop
 endfacet
 facet normal  7.738257e-01 -6.333986e-01  0.000000e+00
   outer loop
     vertex -1.369274e+01  1.089766e+01  2.000000e+01
     vertex -1.369274e+01  1.089766e+01  0.000000e+00
     vertex -1.338862e+01  1.126920e+01  2.000000e+01
   endloop
 endfacet
 facet normal  7.909112e-01 -6.119310e-01  0.000000e+00
   outer loop
     vertex -1.398655e+01  1.051791e+01  2.000000e+01
     vertex -1.369274e+01  1.089766e+01  0.000000e+00
     vertex -1.369274e+01  1.089766e+01  2.000000e+01
   endloop
 endfacet
 facet normal  7.909112e-01 -6.119310e-01  0.000000e+00
   outer loop
     vertex -1.398655e+01  1.051791e+01  2.000000e+01
     vertex -1.398655e+01  1.051791e+01  0.000000e+00
     vertex -1.369274e+01  1.089766e+01  0.000000e+00
   endloop
 endfacet
 facet normal  8.074012e-01 -5.900028e-01  0.000000e+00
   outer loop
     vertex -1.426983e+01  1.013024e+01  2.000000e+01
     vertex -1.426983e+01  1.013024e+01  0.000000e+00
     vertex -1.398655e+01  1.051791e+01  0.000000e+00
   endloop
 endfacet
 facet normal  8.232835e-01 -5.676304e-01  0.000000e+00
   outer loop
     vertex -1.426983e+01  1.013024e+01  2.000000e+01
     vertex -1.454238e+01  9.734952e+00  0.000000e+00
     vertex -1.426983e+01  1.013024e+01  0.000000e+00
   endloop
 endfacet
 facet normal  8.074012e-01 -5.900028e-01  0.000000e+00
   outer loop
     vertex -1.426983e+01  1.013024e+01  2.000000e+01
     vertex -1.398655e+01  1.051791e+01  0.000000e+00
     vertex -1.398655e+01  1.051791e+01  2.000000e+01
   endloop
 endfacet
 facet normal  8.232835e-01 -5.676304e-01  0.000000e+00
   outer loop
     vertex -1.454238e+01  9.734952e+00  2.000000e+01
     vertex -1.454238e+01  9.734952e+00  0.000000e+00
     vertex -1.426983e+01  1.013024e+01  2.000000e+01
   endloop
 endfacet
 facet normal  8.385460e-01 -5.448308e-01  0.000000e+00
   outer loop
     vertex -1.480397e+01  9.332331e+00  2.000000e+01
     vertex -1.454238e+01  9.734952e+00  0.000000e+00
     vertex -1.454238e+01  9.734952e+00  2.000000e+01
   endloop
 endfacet
 facet normal  8.385460e-01 -5.448308e-01  0.000000e+00
   outer loop
     vertex -1.480397e+01  9.332331e+00  2.000000e+01
     vertex -1.480397e+01  9.332331e+00  0.000000e+00
     vertex -1.454238e+01  9.734952e+00  0.000000e+00
   endloop
 endfacet
 facet normal  8.531773e-01 -5.216210e-01  0.000000e+00
   outer loop
     vertex -1.480397e+01  9.332331e+00  2.000000e+01
     vertex -1.505442e+01  8.922686e+00  0.000000e+00
     vertex -1.480397e+01  9.332331e+00  0.000000e+00
   endloop
 endfacet
 facet normal  8.531773e-01 -5.216210e-01  0.000000e+00
   outer loop
     vertex -1.505442e+01  8.922686e+00  2.000000e+01
     vertex -1.505442e+01  8.922686e+00  0.000000e+00
     vertex -1.480397e+01  9.332331e+00  2.000000e+01
   endloop
 endfacet
 facet normal  8.671664e-01 -4.980186e-01  0.000000e+00
   outer loop
     vertex -1.529354e+01  8.506324e+00  2.000000e+01
     vertex -1.529354e+01  8.506324e+00  0.000000e+00
     vertex -1.505442e+01  8.922686e+00  0.000000e+00
   endloop
 endfacet
 facet normal  8.671664e-01 -4.980186e-01  0.000000e+00
   outer loop
     vertex -1.529354e+01  8.506324e+00  2.000000e+01
     vertex -1.505442e+01  8.922686e+00  0.000000e+00
     vertex -1.505442e+01  8.922686e+00  2.000000e+01
   endloop
 endfacet
 facet normal  8.805026e-01 -4.740412e-01  0.000000e+00
   outer loop
     vertex -1.552115e+01  8.083558e+00  2.000000e+01
     vertex -1.552115e+01  8.083558e+00  0.000000e+00
     vertex -1.529354e+01  8.506324e+00  0.000000e+00
   endloop
 endfacet
 facet normal  8.805026e-01 -4.740412e-01  0.000000e+00
   outer loop
     vertex -1.552115e+01  8.083558e+00  2.000000e+01
     vertex -1.529354e+01  8.506324e+00  0.000000e+00
     vertex -1.529354e+01  8.506324e+00  2.000000e+01
   endloop
 endfacet
 facet normal  8.931761e-01 -4.497071e-01  0.000000e+00
   outer loop
     vertex -1.573707e+01  7.654708e+00  2.000000e+01
     vertex -1.573707e+01  7.654708e+00  0.000000e+00
     vertex -1.552115e+01  8.083558e+00  0.000000e+00
   endloop
 endfacet
 facet normal  8.931761e-01 -4.497071e-01  0.000000e+00
   outer loop
     vertex -1.573707e+01  7.654708e+00  2.000000e+01
     vertex -1.552115e+01  8.083558e+00  0.000000e+00
     vertex -1.552115e+01  8.083558e+00  2.000000e+01
   endloop
 endfacet
 facet normal  9.051772e-01 -4.250344e-01  0.000000e+00
   outer loop
     vertex -1.594115e+01  7.220095e+00  2.000000e+01
     vertex -1.594115e+01  7.220095e+00  0.000000e+00
     vertex -1.573707e+01  7.654708e+00  0.000000e+00
   endloop
 endfacet
 facet normal  9.164969e-01 -4.000417e-01  0.000000e+00
   outer loop
     vertex -1.594115e+01  7.220095e+00  2.000000e+01
     vertex -1.613323e+01  6.780047e+00  0.000000e+00
     vertex -1.594115e+01  7.220095e+00  0.000000e+00
   endloop
 endfacet
 facet normal  9.051772e-01 -4.250344e-01  0.000000e+00
   outer loop
     vertex -1.594115e+01  7.220095e+00  2.000000e+01
     vertex -1.573707e+01  7.654708e+00  0.000000e+00
     vertex -1.573707e+01  7.654708e+00  2.000000e+01
   endloop
 endfacet
 facet normal  9.164969e-01 -4.000417e-01  0.000000e+00
   outer loop
     vertex -1.613323e+01  6.780047e+00  2.000000e+01
     vertex -1.613323e+01  6.780047e+00  0.000000e+00
     vertex -1.594115e+01  7.220095e+00  2.000000e+01
   endloop
 endfacet
 facet normal  9.271267e-01 -3.747479e-01  0.000000e+00
   outer loop
     vertex -1.631316e+01  6.334896e+00  2.000000e+01
     vertex -1.631316e+01  6.334896e+00  0.000000e+00
     vertex -1.613323e+01  6.780047e+00  0.000000e+00
   endloop
 endfacet
 facet normal  9.370586e-01 -3.491720e-01  0.000000e+00
   outer loop
     vertex -1.631316e+01  6.334896e+00  2.000000e+01
     vertex -1.648081e+01  5.884975e+00  0.000000e+00
     vertex -1.631316e+01  6.334896e+00  0.000000e+00
   endloop
 endfacet
 facet normal  9.271267e-01 -3.747479e-01  0.000000e+00
   outer loop
     vertex -1.631316e+01  6.334896e+00  2.000000e+01
     vertex -1.613323e+01  6.780047e+00  0.000000e+00
     vertex -1.613323e+01  6.780047e+00  2.000000e+01
   endloop
 endfacet
 facet normal  9.462851e-01 -3.233333e-01  0.000000e+00
   outer loop
     vertex -1.648081e+01  5.884975e+00  2.000000e+01
     vertex -1.663605e+01  5.430625e+00  0.000000e+00
     vertex -1.648081e+01  5.884975e+00  0.000000e+00
   endloop
 endfacet
 facet normal  9.370586e-01 -3.491720e-01  0.000000e+00
   outer loop
     vertex -1.648081e+01  5.884975e+00  2.000000e+01
     vertex -1.648081e+01  5.884975e+00  0.000000e+00
     vertex -1.631316e+01  6.334896e+00  2.000000e+01
   endloop
 endfacet
 facet normal  9.547993e-01 -2.972512e-01  0.000000e+00
   outer loop
     vertex -1.663605e+01  5.430625e+00  2.000000e+01
     vertex -1.677878e+01  4.972187e+00  0.000000e+00
     vertex -1.663605e+01  5.430625e+00  0.000000e+00
   endloop
 endfacet
 facet normal  9.462851e-01 -3.233333e-01  0.000000e+00
   outer loop
     vertex -1.663605e+01  5.430625e+00  2.000000e+01
     vertex -1.663605e+01  5.430625e+00  0.000000e+00
     vertex -1.648081e+01  5.884975e+00  2.000000e+01
   endloop
 endfacet
 facet normal  9.547993e-01 -2.972512e-01  0.000000e+00
   outer loop
     vertex -1.677878e+01  4.972187e+00  2.000000e+01
     vertex -1.677878e+01  4.972187e+00  0.000000e+00
     vertex -1.663605e+01  5.430625e+00  2.000000e+01
   endloop
 endfacet
 facet normal  9.625948e-01 -2.709453e-01  0.000000e+00
   outer loop
     vertex -1.690887e+01  4.510006e+00  2.000000e+01
     vertex -1.690887e+01  4.510006e+00  0.000000e+00
     vertex -1.677878e+01  4.972187e+00  0.000000e+00
   endloop
 endfacet
 facet normal  9.696656e-01 -2.444354e-01  0.000000e+00
   outer loop
     vertex -1.690887e+01  4.510006e+00  2.000000e+01
     vertex -1.702623e+01  4.044429e+00  0.000000e+00
     vertex -1.690887e+01  4.510006e+00  0.000000e+00
   endloop
 endfacet
 facet normal  9.625948e-01 -2.709453e-01  0.000000e+00
   outer loop
     vertex -1.690887e+01  4.510006e+00  2.000000e+01
     vertex -1.677878e+01  4.972187e+00  0.000000e+00
     vertex -1.677878e+01  4.972187e+00  2.000000e+01
   endloop
 endfacet
 facet normal  9.696656e-01 -2.444354e-01  0.000000e+00
   outer loop
     vertex -1.702623e+01  4.044429e+00  2.000000e+01
     vertex -1.702623e+01  4.044429e+00  0.000000e+00
     vertex -1.690887e+01  4.510006e+00  2.000000e+01
   endloop
 endfacet
 facet normal  9.760065e-01 -2.177416e-01  0.000000e+00
   outer loop
     vertex -1.713078e+01  3.575809e+00  2.000000e+01
     vertex -1.713078e+01  3.575809e+00  0.000000e+00
     vertex -1.702623e+01  4.044429e+00  0.000000e+00
   endloop
 endfacet
 facet normal  9.816126e-01 -1.908838e-01  0.000000e+00
   outer loop
     vertex -1.713078e+01  3.575809e+00  2.000000e+01
     vertex -1.722243e+01  3.104496e+00  0.000000e+00
     vertex -1.713078e+01  3.575809e+00  0.000000e+00
   endloop
 endfacet
 facet normal  9.760065e-01 -2.177416e-01  0.000000e+00
   outer loop
     vertex -1.713078e+01  3.575809e+00  2.000000e+01
     vertex -1.702623e+01  4.044429e+00  0.000000e+00
     vertex -1.702623e+01  4.044429e+00  2.000000e+01
   endloop
 endfacet
 facet normal  9.864799e-01 -1.638824e-01  0.000000e+00
   outer loop
     vertex -1.722243e+01  3.104496e+00  2.000000e+01
     vertex -1.730112e+01  2.630847e+00  0.000000e+00
     vertex -1.722243e+01  3.104496e+00  0.000000e+00
   endloop
 endfacet
 facet normal  9.816126e-01 -1.908838e-01  0.000000e+00
   outer loop
     vertex -1.722243e+01  3.104496e+00  2.000000e+01
     vertex -1.722243e+01  3.104496e+00  0.000000e+00
     vertex -1.713078e+01  3.575809e+00  2.000000e+01
   endloop
 endfacet
 facet normal  9.864799e-01 -1.638824e-01  0.000000e+00
   outer loop
     vertex -1.730112e+01  2.630847e+00  2.000000e+01
     vertex -1.730112e+01  2.630847e+00  0.000000e+00
     vertex -1.722243e+01  3.104496e+00  2.000000e+01
   endloop
 endfacet
 facet normal  9.906046e-01 -1.367575e-01  0.000000e+00
   outer loop
     vertex -1.736678e+01  2.155217e+00  2.000000e+01
     vertex -1.736678e+01  2.155217e+00  0.000000e+00
     vertex -1.730112e+01  2.630847e+00  0.000000e+00
   endloop
 endfacet
 facet normal  9.939835e-01 -1.095298e-01  0.000000e+00
   outer loop
     vertex -1.736678e+01  2.155217e+00  2.000000e+01
     vertex -1.741937e+01  1.677964e+00  0.000000e+00
     vertex -1.736678e+01  2.155217e+00  0.000000e+00
   endloop
 endfacet
 facet normal  9.906046e-01 -1.367575e-01  0.000000e+00
   outer loop
     vertex -1.736678e+01  2.155217e+00  2.000000e+01
     vertex -1.730112e+01  2.630847e+00  0.000000e+00
     vertex -1.730112e+01  2.630847e+00  2.000000e+01
   endloop
 endfacet
 facet normal  9.939835e-01 -1.095298e-01  0.000000e+00
   outer loop
     vertex -1.741937e+01  1.677964e+00  2.000000e+01
     vertex -1.741937e+01  1.677964e+00  0.000000e+00
     vertex -1.736678e+01  2.155217e+00  2.000000e+01
   endloop
 endfacet
 facet normal  9.966142e-01 -8.221955e-02  0.000000e+00
   outer loop
     vertex -1.745885e+01  1.199449e+00  2.000000e+01
     vertex -1.741937e+01  1.677964e+00  0.000000e+00
     vertex -1.741937e+01  1.677964e+00  2.000000e+01
   endloop
 endfacet
 facet normal  9.966142e-01 -8.221955e-02  0.000000e+00
   outer loop
     vertex -1.745885e+01  1.199449e+00  2.000000e+01
     vertex -1.745885e+01  1.199449e+00  0.000000e+00
     vertex -1.741937e+01  1.677964e+00  0.000000e+00
   endloop
 endfacet
 facet normal  9.984947e-01 -5.484744e-02  0.000000e+00
   outer loop
     vertex -1.745885e+01  1.199449e+00  2.000000e+01
     vertex -1.748518e+01  7.200308e-01  0.000000e+00
     vertex -1.745885e+01  1.199449e+00  0.000000e+00
   endloop
 endfacet
 facet normal  9.984947e-01 -5.484744e-02  0.000000e+00
   outer loop
     vertex -1.748518e+01  7.200308e-01  2.000000e+01
     vertex -1.748518e+01  7.200308e-01  0.000000e+00
     vertex -1.745885e+01  1.199449e+00  2.000000e+01
   endloop
 endfacet
 facet normal  9.996236e-01 -2.743405e-02  0.000000e+00
   outer loop
     vertex -1.749835e+01  2.400705e-01  2.000000e+01
     vertex -1.748518e+01  7.200308e-01  0.000000e+00
     vertex -1.748518e+01  7.200308e-01  2.000000e+01
   endloop
 endfacet
 facet normal  9.996236e-01 -2.743405e-02  0.000000e+00
   outer loop
     vertex -1.749835e+01  2.400705e-01  2.000000e+01
     vertex -1.749835e+01  2.400705e-01  0.000000e+00
     vertex -1.748518e+01  7.200308e-01  0.000000e+00
   endloop
 endfacet
 facet normal  1.000000e+00 -0.000000e+00  0.000000e+00
   outer loop
     vertex -1.749835e+01 -2.400705e-01  2.000000e+01
     vertex -1.749835e+01  2.400705e-01  0.000000e+00
     vertex -1.749835e+01  2.400705e-01  2.000000e+01
   endloop
 endfacet
 facet normal  1.000000e+00  0.000000e+00  0.000000e+00
   outer loop
     vertex -1.749835e+01 -2.400705e-01  2.000000e+01
     vertex -1.749835e+01 -2.400705e-01  0.000000e+00
     vertex -1.749835e+01  2.400705e-01  0.000000e+00
   endloop
 endfacet
 facet normal  9.996236e-01  2.743405e-02  0.000000e+00
   outer loop
     vertex -1.749835e+01 -2.400705e-01  2.000000e+01
     vertex -1.748518e+01 -7.200308e-01  0.000000e+00
     vertex -1.749835e+01 -2.400705e-01  0.000000e+00
   endloop
 endfacet
 facet normal  9.996236e-01  2.743405e-02  0.000000e+00
   outer loop
     vertex -1.748518e+01 -7.200308e-01  2.000000e+01
     vertex -1.748518e+01 -7.200308e-01  0.000000e+00
     vertex -1.749835e+01 -2.400705e-01  2.000000e+01
   endloop
 endfacet
 facet normal  9.984947e-01  5.484744e-02  0.000000e+00
   outer loop
     vertex -1.748518e+01 -7.200308e-01  2.000000e+01
     vertex -1.745885e+01 -1.199449e+00  0.000000e+00
     vertex -1.748518e+01 -7.200308e-01  0.000000e+00
   endloop
 endfacet
 facet normal  9.984947e-01  5.484744e-02  0.000000e+00
   outer loop
     vertex -1.745885e+01 -1.199449e+00  2.000000e+01
     vertex -1.745885e+01 -1.199449e+00  0.000000e+00
     vertex -1.748518e+01 -7.200308e-01  2.000000e+01
   endloop
 endfacet
 facet normal  9.966142e-01  8.221955e-02  0.000000e+00
   outer loop
     vertex -1.741937e+01 -1.677964e+00  2.000000e+01
     vertex -1.745885e+01 -1.199449e+00  0.000000e+00
     vertex -1.745885e+01 -1.199449e+00  2.000000e+01
   endloop
 endfacet
 facet normal  9.966142e-01  8.221955e-02  0.000000e+00
   outer loop
     vertex -1.741937e+01 -1.677964e+00  2.000000e+01
     vertex -1.741937e+01 -1.677964e+00  0.000000e+00
     vertex -1.745885e+01 -1.199449e+00  0.000000e+00
   endloop
 endfacet
 facet normal  9.939835e-01  1.095298e-01  0.000000e+00
   outer loop
     vertex -1.736678e+01 -2.155217e+00  2.000000e+01
     vertex -1.741937e+01 -1.677964e+00  0.000000e+00
     vertex -1.741937e+01 -1.677964e+00  2.000000e+01
   endloop
 endfacet
 facet normal  9.939835e-01  1.095298e-01  0.000000e+00
   outer loop
     vertex -1.736678e+01 -2.155217e+00  2.000000e+01
     vertex -1.736678e+01 -2.155217e+00  0.000000e+00
     vertex -1.741937e+01 -1.677964e+00  0.000000e+00
   endloop
 endfacet
 facet normal  9.906046e-01  1.367575e-01  0.000000e+00
   outer loop
     vertex -1.736678e+01 -2.155217e+00  2.000000e+01
     vertex -1.730112e+01 -2.630847e+00  0.000000e+00
     vertex -1.736678e+01 -2.155217e+00  0.000000e+00
   endloop
 endfacet
 facet normal  9.906046e-01  1.367575e-01  0.000000e+00
   outer loop
     vertex -1.730112e+01 -2.630847e+00  2.000000e+01
     vertex -1.730112e+01 -2.630847e+00  0.000000e+00
     vertex -1.736678e+01 -2.155217e+00  2.000000e+01
   endloop
 endfacet
 facet normal  9.864799e-01  1.638824e-01  0.000000e+00
   outer loop
     vertex -1.722243e+01 -3.104496e+00  2.000000e+01
     vertex -1.730112e+01 -2.630847e+00  0.000000e+00
     vertex -1.730112e+01 -2.630847e+00  2.000000e+01
   endloop
 endfacet
 facet normal  9.864799e-01  1.638824e-01  0.000000e+00
   outer loop
     vertex -1.722243e+01 -3.104496e+00  2.000000e+01
     vertex -1.722243e+01 -3.104496e+00  0.000000e+00
     vertex -1.730112e+01 -2.630847e+00  0.000000e+00
   endloop
 endfacet
 facet normal  9.816126e-01  1.908838e-01  0.000000e+00
   outer loop
     vertex -1.713078e+01 -3.575809e+00  2.000000e+01
     vertex -1.722243e+01 -3.104496e+00  0.000000e+00
     vertex -1.722243e+01 -3.104496e+00  2.000000e+01
   endloop
 endfacet
 facet normal  9.816126e-01  1.908838e-01  0.000000e+00
   outer loop
     vertex -1.713078e+01 -3.575809e+00  2.000000e+01
     vertex -1.713078e+01 -3.575809e+00  0.000000e+00
     vertex -1.722243e+01 -3.104496e+00  0.000000e+00
   endloop
 endfacet
 facet normal  9.760065e-01  2.177416e-01  0.000000e+00
   outer loop
     vertex -1.713078e+01 -3.575809e+00  2.000000e+01
     vertex -1.702623e+01 -4.044429e+00  0.000000e+00
     vertex -1.713078e+01 -3.575809e+00  0.000000e+00
   endloop
 endfacet
 facet normal  9.760065e-01  2.177416e-01  0.000000e+00
   outer loop
     vertex -1.702623e+01 -4.044429e+00  2.000000e+01
     vertex -1.702623e+01 -4.044429e+00  0.000000e+00
     vertex -1.713078e+01 -3.575809e+00  2.000000e+01
   endloop
 endfacet
 facet normal  9.696656e-01  2.444354e-01  0.000000e+00
   outer loop
     vertex -1.690887e+01 -4.510006e+00  2.000000e+01
     vertex -1.690887e+01 -4.510006e+00  0.000000e+00
     vertex -1.702623e+01 -4.044429e+00  0.000000e+00
   endloop
 endfacet
 facet normal  9.625948e-01  2.709453e-01  0.000000e+00
   outer loop
     vertex -1.690887e+01 -4.510006e+00  2.000000e+01
     vertex -1.677878e+01 -4.972187e+00  0.000000e+00
     vertex -1.690887e+01 -4.510006e+00  0.000000e+00
   endloop
 endfacet
 facet normal  9.696656e-01  2.444354e-01  0.000000e+00
   outer loop
     vertex -1.690887e+01 -4.510006e+00  2.000000e+01
     vertex -1.702623e+01 -4.044429e+00  0.000000e+00
     vertex -1.702623e+01 -4.044429e+00  2.000000e+01
   endloop
 endfacet
 facet normal  9.625948e-01  2.709453e-01  0.000000e+00
   outer loop
     vertex -1.677878e+01 -4.972187e+00  2.000000e+01
     vertex -1.677878e+01 -4.972187e+00  0.000000e+00
     vertex -1.690887e+01 -4.510006e+00  2.000000e+01
   endloop
 endfacet
 facet normal  9.547993e-01  2.972512e-01  0.000000e+00
   outer loop
     vertex -1.663605e+01 -5.430625e+00  2.000000e+01
     vertex -1.663605e+01 -5.430625e+00  0.000000e+00
     vertex -1.677878e+01 -4.972187e+00  0.000000e+00
   endloop
 endfacet
 facet normal  9.462851e-01  3.233333e-01  0.000000e+00
   outer loop
     vertex -1.663605e+01 -5.430625e+00  2.000000e+01
     vertex -1.648081e+01 -5.884975e+00  0.000000e+00
     vertex -1.663605e+01 -5.430625e+00  0.000000e+00
   endloop
 endfacet
 facet normal  9.547993e-01  2.972512e-01  0.000000e+00
   outer loop
     vertex -1.663605e+01 -5.430625e+00  2.000000e+01
     vertex -1.677878e+01 -4.972187e+00  0.000000e+00
     vertex -1.677878e+01 -4.972187e+00  2.000000e+01
   endloop
 endfacet
 facet normal  9.462851e-01  3.233333e-01  0.000000e+00
   outer loop
     vertex -1.648081e+01 -5.884975e+00  2.000000e+01
     vertex -1.648081e+01 -5.884975e+00  0.000000e+00
     vertex -1.663605e+01 -5.430625e+00  2.000000e+01
   endloop
 endfacet
 facet normal  9.370586e-01  3.491720e-01  0.000000e+00
   outer loop
     vertex -1.631316e+01 -6.334896e+00  2.000000e+01
     vertex -1.631316e+01 -6.334896e+00  0.000000e+00
     vertex -1.648081e+01 -5.884975e+00  0.000000e+00
   endloop
 endfacet
 facet normal  9.271267e-01  3.747479e-01  0.000000e+00
   outer loop
     vertex -1.631316e+01 -6.334896e+00  2.000000e+01
     vertex -1.613323e+01 -6.780047e+00  0.000000e+00
     vertex -1.631316e+01 -6.334896e+00  0.000000e+00
   endloop
 endfacet
 facet normal  9.370586e-01  3.491720e-01  0.000000e+00
   outer loop
     vertex -1.631316e+01 -6.334896e+00  2.000000e+01
     vertex -1.648081e+01 -5.884975e+00  0.000000e+00
     vertex -1.648081e+01 -5.884975e+00  2.000000e+01
   endloop
 endfacet
 facet normal  9.271267e-01  3.747479e-01  0.000000e+00
   outer loop
     vertex -1.613323e+01 -6.780047e+00  2.000000e+01
     vertex -1.613323e+01 -6.780047e+00  0.000000e+00
     vertex -1.631316e+01 -6.334896e+00  2.000000e+01
   endloop
 endfacet
 facet normal  9.164969e-01  4.000417e-01  0.000000e+00
   outer loop
     vertex -1.594115e+01 -7.220095e+00  2.000000e+01
     vertex -1.594115e+01 -7.220095e+00  0.000000e+00
     vertex -1.613323e+01 -6.780047e+00  0.000000e+00
   endloop
 endfacet
 facet normal  9.164969e-01  4.000417e-01  0.000000e+00
   outer loop
     vertex -1.594115e+01 -7.220095e+00  2.000000e+01
     vertex -1.613323e+01 -6.780047e+00  0.000000e+00
     vertex -1.613323e+01 -6.780047e+00  2.000000e+01
   endloop
 endfacet
 facet normal  9.051772e-01  4.250344e-01  0.000000e+00
   outer loop
     vertex -1.573707e+01 -7.654708e+00  2.000000e+01
     vertex -1.573707e+01 -7.654708e+00  0.000000e+00
     vertex -1.594115e+01 -7.220095e+00  0.000000e+00
   endloop
 endfacet
 facet normal  9.051772e-01  4.250344e-01  0.000000e+00
   outer loop
     vertex -1.573707e+01 -7.654708e+00  2.000000e+01
     vertex -1.594115e+01 -7.220095e+00  0.000000e+00
     vertex -1.594115e+01 -7.220095e+00  2.000000e+01
   endloop
 endfacet
 facet normal  8.931761e-01  4.497071e-01  0.000000e+00
   outer loop
     vertex -1.552115e+01 -8.083558e+00  2.000000e+01
     vertex -1.552115e+01 -8.083558e+00  0.000000e+00
     vertex -1.573707e+01 -7.654708e+00  0.000000e+00
   endloop
 endfacet
 facet normal  8.931761e-01  4.497071e-01  0.000000e+00
   outer loop
     vertex -1.552115e+01 -8.083558e+00  2.000000e+01
     vertex -1.573707e+01 -7.654708e+00  0.000000e+00
     vertex -1.573707e+01 -7.654708e+00  2.000000e+01
   endloop
 endfacet
 facet normal  8.805026e-01  4.740412e-01  0.000000e+00
   outer loop
     vertex -1.529354e+01 -8.506324e+00  2.000000e+01
     vertex -1.529354e+01 -8.506324e+00  0.000000e+00
     vertex -1.552115e+01 -8.083558e+00  0.000000e+00
   endloop
 endfacet
 facet normal  8.671664e-01  4.980186e-01  0.000000e+00
   outer loop
     vertex -1.529354e+01 -8.506324e+00  2.000000e+01
     vertex -1.505442e+01 -8.922686e+00  0.000000e+00
     vertex -1.529354e+01 -8.506324e+00  0.000000e+00
   endloop
 endfacet
 facet normal  8.805026e-01  4.740412e-01  0.000000e+00
   outer loop
     vertex -1.529354e+01 -8.506324e+00  2.000000e+01
     vertex -1.552115e+01 -8.083558e+00  0.000000e+00
     vertex -1.552115e+01 -8.083558e+00  2.000000e+01
   endloop
 endfacet
 facet normal  8.531773e-01  5.216210e-01  0.000000e+00
   outer loop
     vertex -1.505442e+01 -8.922686e+00  2.000000e+01
     vertex -1.480397e+01 -9.332331e+00  0.000000e+00
     vertex -1.505442e+01 -8.922686e+00  0.000000e+00
   endloop
 endfacet
 facet normal  8.671664e-01  4.980186e-01  0.000000e+00
   outer loop
     vertex -1.505442e+01 -8.922686e+00  2.000000e+01
     vertex -1.505442e+01 -8.922686e+00  0.000000e+00
     vertex -1.529354e+01 -8.506324e+00  2.000000e+01
   endloop
 endfacet
 facet normal  8.531773e-01  5.216210e-01  0.000000e+00
   outer loop
     vertex -1.480397e+01 -9.332331e+00  2.000000e+01
     vertex -1.480397e+01 -9.332331e+00  0.000000e+00
     vertex -1.505442e+01 -8.922686e+00  2.000000e+01
   endloop
 endfacet
 facet normal  8.385460e-01  5.448308e-01  0.000000e+00
   outer loop
     vertex -1.454238e+01 -9.734952e+00  2.000000e+01
     vertex -1.480397e+01 -9.332331e+00  0.000000e+00
     vertex -1.480397e+01 -9.332331e+00  2.000000e+01
   endloop
 endfacet
 facet normal  8.385460e-01  5.448308e-01  0.000000e+00
   outer loop
     vertex -1.454238e+01 -9.734952e+00  2.000000e+01
     vertex -1.454238e+01 -9.734952e+00  0.000000e+00
     vertex -1.480397e+01 -9.332331e+00  0.000000e+00
   endloop
 endfacet
 facet normal  8.232835e-01  5.676304e-01  0.000000e+00
   outer loop
     vertex -1.454238e+01 -9.734952e+00  2.000000e+01
     vertex -1.426983e+01 -1.013024e+01  0.000000e+00
     vertex -1.454238e+01 -9.734952e+00  0.000000e+00
   endloop
 endfacet
 facet normal  8.232835e-01  5.676304e-01  0.000000e+00
   outer loop
     vertex -1.426983e+01 -1.013024e+01  2.000000e+01
     vertex -1.426983e+01 -1.013024e+01  0.000000e+00
     vertex -1.454238e+01 -9.734952e+00  2.000000e+01
   endloop
 endfacet
 facet normal  8.074012e-01  5.900028e-01  0.000000e+00
   outer loop
     vertex -1.398655e+01 -1.051791e+01  2.000000e+01
     vertex -1.426983e+01 -1.013024e+01  0.000000e+00
     vertex -1.426983e+01 -1.013024e+01  2.000000e+01
   endloop
 endfacet
 facet normal  8.074012e-01  5.900028e-01  0.000000e+00
   outer loop
     vertex -1.398655e+01 -1.051791e+01  2.000000e+01
     vertex -1.398655e+01 -1.051791e+01  0.000000e+00
     vertex -1.426983e+01 -1.013024e+01  0.000000e+00
   endloop
 endfacet
 facet normal  7.909112e-01  6.119310e-01  0.000000e+00
   outer loop
     vertex -1.369274e+01 -1.089766e+01  2.000000e+01
     vertex -1.398655e+01 -1.051791e+01  0.000000e+00
     vertex -1.398655e+01 -1.051791e+01  2.000000e+01
   endloop
 endfacet
 facet normal  7.909112e-01  6.119310e-01  0.000000e+00
   outer loop
     vertex -1.369274e+01 -1.089766e+01  2.000000e+01
     vertex -1.369274e+01 -1.089766e+01  0.000000e+00
     vertex -1.398655e+01 -1.051791e+01  0.000000e+00
   endloop
 endfacet
 facet normal  7.738257e-01  6.333986e-01  0.000000e+00
   outer loop
     vertex -1.338862e+01 -1.126920e+01  2.000000e+01
     vertex -1.369274e+01 -1.089766e+01  0.000000e+00
     vertex -1.369274e+01 -1.089766e+01  2.000000e+01
   endloop
 endfacet
 facet normal  7.738257e-01  6.333986e-01  0.000000e+00
   outer loop
     vertex -1.338862e+01 -1.126920e+01  2.000000e+01
     vertex -1.338862e+01 -1.126920e+01  0.000000e+00
     vertex -1.369274e+01 -1.089766e+01  0.000000e+00
   endloop
 endfacet
 facet normal  7.561578e-01  6.543893e-01  0.000000e+00
   outer loop
     vertex -1.307442e+01 -1.163227e+01  2.000000e+01
     vertex -1.338862e+01 -1.126920e+01  0.000000e+00
     vertex -1.338862e+01 -1.126920e+01  2.000000e+01
   endloop
 endfacet
 facet normal  7.561578e-01  6.543893e-01  0.000000e+00
   outer loop
     vertex -1.307442e+01 -1.163227e+01  2.000000e+01
     vertex -1.307442e+01 -1.163227e+01  0.000000e+00
     vertex -1.338862e+01 -1.126920e+01  0.000000e+00
   endloop
 endfacet
 facet normal  7.379206e-01  6.748875e-01  0.000000e+00
   outer loop
     vertex -1.307442e+01 -1.163227e+01  2.000000e+01
     vertex -1.275038e+01 -1.198657e+01  0.000000e+00
     vertex -1.307442e+01 -1.163227e+01  0.000000e+00
   endloop
 endfacet
 facet normal  7.379206e-01  6.748875e-01  0.000000e+00
   outer loop
     vertex -1.275038e+01 -1.198657e+01  2.000000e+01
     vertex -1.275038e+01 -1.198657e+01  0.000000e+00
     vertex -1.307442e+01 -1.163227e+01  2.000000e+01
   endloop
 endfacet
 facet normal  7.191280e-01  6.948776e-01  0.000000e+00
   outer loop
     vertex -1.241674e+01 -1.233186e+01  2.000000e+01
     vertex -1.275038e+01 -1.198657e+01  0.000000e+00
     vertex -1.275038e+01 -1.198657e+01  2.000000e+01
   endloop
 endfacet
 facet normal  7.191280e-01  6.948776e-01  0.000000e+00
   outer loop
     vertex -1.241674e+01 -1.233186e+01  2.000000e+01
     vertex -1.241674e+01 -1.233186e+01  0.000000e+00
     vertex -1.275038e+01 -1.198657e+01  0.000000e+00
   endloop
 endfacet
 facet normal  6.997940e-01  7.143447e-01  0.000000e+00
   outer loop
     vertex -1.207375e+01 -1.266786e+01  2.000000e+01
     vertex -1.241674e+01 -1.233186e+01  0.000000e+00
     vertex -1.241674e+01 -1.233186e+01  2.000000e+01
   endloop
 endfacet
 facet normal  6.997940e-01  7.143447e-01  0.000000e+00
   outer loop
     vertex -1.207375e+01 -1.266786e+01  2.000000e+01
     vertex -1.207375e+01 -1.266786e+01  0.000000e+00
     vertex -1.241674e+01 -1.233186e+01  0.000000e+00
   endloop
 endfacet
 facet normal  6.799333e-01  7.332740e-01  0.000000e+00
   outer loop
     vertex -1.207375e+01 -1.266786e+01  2.000000e+01
     vertex -1.172167e+01 -1.299432e+01  0.000000e+00
     vertex -1.207375e+01 -1.266786e+01  0.000000e+00
   endloop
 endfacet
 facet normal  6.799333e-01  7.332740e-01  0.000000e+00
   outer loop
     vertex -1.172167e+01 -1.299432e+01  2.000000e+01
     vertex -1.172167e+01 -1.299432e+01  0.000000e+00
     vertex -1.207375e+01 -1.266786e+01  2.000000e+01
   endloop
 endfacet
 facet normal  6.595607e-01  7.516513e-01  0.000000e+00
   outer loop
     vertex -1.172167e+01 -1.299432e+01  2.000000e+01
     vertex -1.136078e+01 -1.331100e+01  0.000000e+00
     vertex -1.172167e+01 -1.299432e+01  0.000000e+00
   endloop
 endfacet
 facet normal  6.595607e-01  7.516513e-01  0.000000e+00
   outer loop
     vertex -1.136078e+01 -1.331100e+01  2.000000e+01
     vertex -1.136078e+01 -1.331100e+01  0.000000e+00
     vertex -1.172167e+01 -1.299432e+01  2.000000e+01
   endloop
 endfacet
 facet normal  6.386916e-01  7.694628e-01  0.000000e+00
   outer loop
     vertex -1.099133e+01 -1.361766e+01  2.000000e+01
     vertex -1.136078e+01 -1.331100e+01  0.000000e+00
     vertex -1.136078e+01 -1.331100e+01  2.000000e+01
   endloop
 endfacet
 facet normal  6.386916e-01  7.694628e-01  0.000000e+00
   outer loop
     vertex -1.099133e+01 -1.361766e+01  2.000000e+01
     vertex -1.099133e+01 -1.361766e+01  0.000000e+00
     vertex -1.136078e+01 -1.331100e+01  0.000000e+00
   endloop
 endfacet
 facet normal  6.173417e-01  7.866951e-01  0.000000e+00
   outer loop
     vertex -1.061360e+01 -1.391407e+01  2.000000e+01
     vertex -1.099133e+01 -1.361766e+01  0.000000e+00
     vertex -1.099133e+01 -1.361766e+01  2.000000e+01
   endloop
 endfacet
 facet normal  6.173417e-01  7.866951e-01  0.000000e+00
   outer loop
     vertex -1.061360e+01 -1.391407e+01  2.000000e+01
     vertex -1.061360e+01 -1.391407e+01  0.000000e+00
     vertex -1.099133e+01 -1.361766e+01  0.000000e+00
   endloop
 endfacet
 facet normal  5.955271e-01  8.033352e-01  0.000000e+00
   outer loop
     vertex -1.022789e+01 -1.420001e+01  2.000000e+01
     vertex -1.061360e+01 -1.391407e+01  0.000000e+00
     vertex -1.061360e+01 -1.391407e+01  2.000000e+01
   endloop
 endfacet
 facet normal  5.955271e-01  8.033352e-01  0.000000e+00
   outer loop
     vertex -1.022789e+01 -1.420001e+01  2.000000e+01
     vertex -1.022789e+01 -1.420001e+01  0.000000e+00
     vertex -1.061360e+01 -1.391407e+01  0.000000e+00
   endloop
 endfacet
 facet normal  5.732642e-01  8.193706e-01  0.000000e+00
   outer loop
     vertex -9.834473e+00 -1.447526e+01  2.000000e+01
     vertex -1.022789e+01 -1.420001e+01  0.000000e+00
     vertex -1.022789e+01 -1.420001e+01  2.000000e+01
   endloop
 endfacet
 facet normal  5.732642e-01  8.193706e-01  0.000000e+00
   outer loop
     vertex -9.834473e+00 -1.447526e+01  2.000000e+01
     vertex -9.834473e+00 -1.447526e+01  0.000000e+00
     vertex -1.022789e+01 -1.420001e+01  0.000000e+00
   endloop
 endfacet
 facet normal  5.505698e-01  8.347891e-01  0.000000e+00
   outer loop
     vertex -9.433657e+00 -1.473961e+01  2.000000e+01
     vertex -9.834473e+00 -1.447526e+01  0.000000e+00
     vertex -9.834473e+00 -1.447526e+01  2.000000e+01
   endloop
 endfacet
 facet normal  5.505698e-01  8.347891e-01  0.000000e+00
   outer loop
     vertex -9.433657e+00 -1.473961e+01  2.000000e+01
     vertex -9.433657e+00 -1.473961e+01  0.000000e+00
     vertex -9.834473e+00 -1.447526e+01  0.000000e+00
   endloop
 endfacet
 facet normal  5.274609e-01  8.495793e-01  0.000000e+00
   outer loop
     vertex -9.025739e+00 -1.499287e+01  2.000000e+01
     vertex -9.433657e+00 -1.473961e+01  0.000000e+00
     vertex -9.433657e+00 -1.473961e+01  2.000000e+01
   endloop
 endfacet
 facet normal  5.274609e-01  8.495793e-01  0.000000e+00
   outer loop
     vertex -9.025739e+00 -1.499287e+01  2.000000e+01
     vertex -9.025739e+00 -1.499287e+01  0.000000e+00
     vertex -9.433657e+00 -1.473961e+01  0.000000e+00
   endloop
 endfacet
 facet normal  5.039550e-01  8.637299e-01  0.000000e+00
   outer loop
     vertex -9.025739e+00 -1.499287e+01  2.000000e+01
     vertex -8.611027e+00 -1.523484e+01  0.000000e+00
     vertex -9.025739e+00 -1.499287e+01  0.000000e+00
   endloop
 endfacet
 facet normal  5.039550e-01  8.637299e-01  0.000000e+00
   outer loop
     vertex -8.611027e+00 -1.523484e+01  2.000000e+01
     vertex -8.611027e+00 -1.523484e+01  0.000000e+00
     vertex -9.025739e+00 -1.499287e+01  2.000000e+01
   endloop
 endfacet
 facet normal  4.800697e-01  8.772303e-01  0.000000e+00
   outer loop
     vertex -8.189833e+00 -1.546534e+01  2.000000e+01
     vertex -8.611027e+00 -1.523484e+01  0.000000e+00
     vertex -8.611027e+00 -1.523484e+01  2.000000e+01
   endloop
 endfacet
 facet normal  4.800697e-01  8.772303e-01  0.000000e+00
   outer loop
     vertex -8.189833e+00 -1.546534e+01  2.000000e+01
     vertex -8.189833e+00 -1.546534e+01  0.000000e+00
     vertex -8.611027e+00 -1.523484e+01  0.000000e+00
   endloop
 endfacet
 facet normal  4.558231e-01  8.900704e-01  0.000000e+00
   outer loop
     vertex -7.762473e+00 -1.568420e+01  2.000000e+01
     vertex -8.189833e+00 -1.546534e+01  0.000000e+00
     vertex -8.189833e+00 -1.546534e+01  2.000000e+01
   endloop
 endfacet
 facet normal  4.558231e-01  8.900704e-01  0.000000e+00
   outer loop
     vertex -7.762473e+00 -1.568420e+01  2.000000e+01
     vertex -7.762473e+00 -1.568420e+01  0.000000e+00
     vertex -8.189833e+00 -1.546534e+01  0.000000e+00
   endloop
 endfacet
 facet normal  4.312333e-01  9.022405e-01  0.000000e+00
   outer loop
     vertex -7.762473e+00 -1.568420e+01  2.000000e+01
     vertex -7.329271e+00 -1.589125e+01  0.000000e+00
     vertex -7.762473e+00 -1.568420e+01  0.000000e+00
   endloop
 endfacet
 facet normal  4.312333e-01  9.022405e-01  0.000000e+00
   outer loop
     vertex -7.329271e+00 -1.589125e+01  2.000000e+01
     vertex -7.329271e+00 -1.589125e+01  0.000000e+00
     vertex -7.762473e+00 -1.568420e+01  2.000000e+01
   endloop
 endfacet
 facet normal  4.063188e-01  9.137314e-01  0.000000e+00
   outer loop
     vertex -6.890551e+00 -1.608634e+01  2.000000e+01
     vertex -7.329271e+00 -1.589125e+01  0.000000e+00
     vertex -7.329271e+00 -1.589125e+01  2.000000e+01
   endloop
 endfacet
 facet normal  4.063188e-01  9.137314e-01  0.000000e+00
   outer loop
     vertex -6.890551e+00 -1.608634e+01  2.000000e+01
     vertex -6.890551e+00 -1.608634e+01  0.000000e+00
     vertex -7.329271e+00 -1.589125e+01  0.000000e+00
   endloop
 endfacet
 facet normal  3.810986e-01  9.245344e-01  0.000000e+00
   outer loop
     vertex -6.446644e+00 -1.626932e+01  2.000000e+01
     vertex -6.446644e+00 -1.626932e+01  0.000000e+00
     vertex -6.890551e+00 -1.608634e+01  0.000000e+00
   endloop
 endfacet
 facet normal  3.810986e-01  9.245344e-01  0.000000e+00
   outer loop
     vertex -6.446644e+00 -1.626932e+01  2.000000e+01
     vertex -6.890551e+00 -1.608634e+01  0.000000e+00
     vertex -6.890551e+00 -1.608634e+01  2.000000e+01
   endloop
 endfacet
 facet normal  3.555914e-01  9.346415e-01  0.000000e+00
   outer loop
     vertex -5.997884e+00 -1.644005e+01  2.000000e+01
     vertex -5.997884e+00 -1.644005e+01  0.000000e+00
     vertex -6.446644e+00 -1.626932e+01  0.000000e+00
   endloop
 endfacet
 facet normal  3.555914e-01  9.346415e-01  0.000000e+00
   outer loop
     vertex -5.997884e+00 -1.644005e+01  2.000000e+01
     vertex -6.446644e+00 -1.626932e+01  0.000000e+00
     vertex -6.446644e+00 -1.626932e+01  2.000000e+01
   endloop
 endfacet
 facet normal  3.298166e-01  9.440450e-01  0.000000e+00
   outer loop
     vertex -5.544609e+00 -1.659841e+01  2.000000e+01
     vertex -5.544609e+00 -1.659841e+01  0.000000e+00
     vertex -5.997884e+00 -1.644005e+01  0.000000e+00
   endloop
 endfacet
 facet normal  3.298166e-01  9.440450e-01  0.000000e+00
   outer loop
     vertex -5.544609e+00 -1.659841e+01  2.000000e+01
     vertex -5.997884e+00 -1.644005e+01  0.000000e+00
     vertex -5.997884e+00 -1.644005e+01  2.000000e+01
   endloop
 endfacet
 facet normal  3.037934e-01  9.527379e-01  0.000000e+00
   outer loop
     vertex -5.087161e+00 -1.674428e+01  2.000000e+01
     vertex -5.087161e+00 -1.674428e+01  0.000000e+00
     vertex -5.544609e+00 -1.659841e+01  0.000000e+00
   endloop
 endfacet
 facet normal  3.037934e-01  9.527379e-01  0.000000e+00
   outer loop
     vertex -5.087161e+00 -1.674428e+01  2.000000e+01
     vertex -5.544609e+00 -1.659841e+01  0.000000e+00
     vertex -5.544609e+00 -1.659841e+01  2.000000e+01
   endloop
 endfacet
 facet normal  2.775416e-01  9.607136e-01  0.000000e+00
   outer loop
     vertex -4.625883e+00 -1.687754e+01  2.000000e+01
     vertex -5.087161e+00 -1.674428e+01  0.000000e+00
     vertex -5.087161e+00 -1.674428e+01  2.000000e+01
   endloop
 endfacet
 facet normal  2.775416e-01  9.607136e-01  0.000000e+00
   outer loop
     vertex -4.625883e+00 -1.687754e+01  2.000000e+01
     vertex -4.625883e+00 -1.687754e+01  0.000000e+00
     vertex -5.087161e+00 -1.674428e+01  0.000000e+00
   endloop
 endfacet
 facet normal  2.510809e-01  9.679661e-01  0.000000e+00
   outer loop
     vertex -4.161123e+00 -1.699809e+01  2.000000e+01
     vertex -4.625883e+00 -1.687754e+01  0.000000e+00
     vertex -4.625883e+00 -1.687754e+01  2.000000e+01
   endloop
 endfacet
 facet normal  2.510809e-01  9.679661e-01  0.000000e+00
   outer loop
     vertex -4.161123e+00 -1.699809e+01  2.000000e+01
     vertex -4.161123e+00 -1.699809e+01  0.000000e+00
     vertex -4.625883e+00 -1.687754e+01  0.000000e+00
   endloop
 endfacet
 facet normal  2.244312e-01  9.744899e-01  0.000000e+00
   outer loop
     vertex -3.693230e+00 -1.710585e+01  2.000000e+01
     vertex -4.161123e+00 -1.699809e+01  0.000000e+00
     vertex -4.161123e+00 -1.699809e+01  2.000000e+01
   endloop
 endfacet
 facet normal  2.244312e-01  9.744899e-01  0.000000e+00
   outer loop
     vertex -3.693230e+00 -1.710585e+01  2.000000e+01
     vertex -3.693230e+00 -1.710585e+01  0.000000e+00
     vertex -4.161123e+00 -1.699809e+01  0.000000e+00
   endloop
 endfacet
 facet normal  1.976125e-01  9.802802e-01  0.000000e+00
   outer loop
     vertex -3.222557e+00 -1.720073e+01  2.000000e+01
     vertex -3.693230e+00 -1.710585e+01  0.000000e+00
     vertex -3.693230e+00 -1.710585e+01  2.000000e+01
   endloop
 endfacet
 facet normal  1.976125e-01  9.802802e-01  0.000000e+00
   outer loop
     vertex -3.222557e+00 -1.720073e+01  2.000000e+01
     vertex -3.222557e+00 -1.720073e+01  0.000000e+00
     vertex -3.693230e+00 -1.710585e+01  0.000000e+00
   endloop
 endfacet
 facet normal  1.706451e-01  9.853326e-01  0.000000e+00
   outer loop
     vertex -2.749459e+00 -1.728266e+01  2.000000e+01
     vertex -3.222557e+00 -1.720073e+01  0.000000e+00
     vertex -3.222557e+00 -1.720073e+01  2.000000e+01
   endloop
 endfacet
 facet normal  1.706451e-01  9.853326e-01  0.000000e+00
   outer loop
     vertex -2.749459e+00 -1.728266e+01  2.000000e+01
     vertex -2.749459e+00 -1.728266e+01  0.000000e+00
     vertex -3.222557e+00 -1.720073e+01  0.000000e+00
   endloop
 endfacet
 facet normal  1.435492e-01  9.896432e-01  0.000000e+00
   outer loop
     vertex -2.274290e+00 -1.735159e+01  2.000000e+01
     vertex -2.749459e+00 -1.728266e+01  0.000000e+00
     vertex -2.749459e+00 -1.728266e+01  2.000000e+01
   endloop
 endfacet
 facet normal  1.435492e-01  9.896432e-01  0.000000e+00
   outer loop
     vertex -2.274290e+00 -1.735159e+01  2.000000e+01
     vertex -2.274290e+00 -1.735159e+01  0.000000e+00
     vertex -2.749459e+00 -1.728266e+01  0.000000e+00
   endloop
 endfacet
 facet normal  1.163452e-01  9.932088e-01  0.000000e+00
   outer loop
     vertex -1.797410e+00 -1.740745e+01  2.000000e+01
     vertex -2.274290e+00 -1.735159e+01  0.000000e+00
     vertex -2.274290e+00 -1.735159e+01  2.000000e+01
   endloop
 endfacet
 facet normal  1.163452e-01  9.932088e-01  0.000000e+00
   outer loop
     vertex -1.797410e+00 -1.740745e+01  2.000000e+01
     vertex -1.797410e+00 -1.740745e+01  0.000000e+00
     vertex -2.274290e+00 -1.735159e+01  0.000000e+00
   endloop
 endfacet
 facet normal  8.905371e-02  9.960268e-01  0.000000e+00
   outer loop
     vertex -1.319177e+00 -1.745021e+01  2.000000e+01
     vertex -1.797410e+00 -1.740745e+01  0.000000e+00
     vertex -1.797410e+00 -1.740745e+01  2.000000e+01
   endloop
 endfacet
 facet normal  8.905371e-02  9.960268e-01  0.000000e+00
   outer loop
     vertex -1.319177e+00 -1.745021e+01  2.000000e+01
     vertex -1.319177e+00 -1.745021e+01  0.000000e+00
     vertex -1.797410e+00 -1.740745e+01  0.000000e+00
   endloop
 endfacet
 facet normal  6.169515e-02  9.980950e-01  0.000000e+00
   outer loop
     vertex -8.399503e-01 -1.747983e+01  2.000000e+01
     vertex -1.319177e+00 -1.745021e+01  0.000000e+00
     vertex -1.319177e+00 -1.745021e+01  2.000000e+01
   endloop
 endfacet
 facet normal  6.169515e-02  9.980950e-01  0.000000e+00
   outer loop
     vertex -8.399503e-01 -1.747983e+01  2.000000e+01
     vertex -8.399503e-01 -1.747983e+01  0.000000e+00
     vertex -1.319177e+00 -1.745021e+01  0.000000e+00
   endloop
 endfacet
 facet normal  3.429014e-02  9.994119e-01  0.000000e+00
   outer loop
     vertex -3.600916e-01 -1.749629e+01  2.000000e+01
     vertex -8.399503e-01 -1.747983e+01  0.000000e+00
     vertex -8.399503e-01 -1.747983e+01  2.000000e+01
   endloop
 endfacet
 facet normal  3.429014e-02  9.994119e-01  0.000000e+00
   outer loop
     vertex -3.600916e-01 -1.749629e+01  2.000000e+01
     vertex -3.600916e-01 -1.749629e+01  0.000000e+00
     vertex -8.399503e-01 -1.747983e+01  0.000000e+00
   endloop
 endfacet
 facet normal  6.859319e-03  9.999765e-01  0.000000e+00
   outer loop
     vertex -3.600916e-01 -1.749629e+01  2.000000e+01
     vertex  1.200381e-01 -1.749959e+01  0.000000e+00
     vertex -3.600916e-01 -1.749629e+01  0.000000e+00
   endloop
 endfacet
 facet normal  6.859319e-03  9.999765e-01  0.000000e+00
   outer loop
     vertex  1.200381e-01 -1.749959e+01  2.000000e+01
     vertex  1.200381e-01 -1.749959e+01  0.000000e+00
     vertex -3.600916e-01 -1.749629e+01  2.000000e+01
   endloop
 endfacet
 facet normal -2.057667e-02  9.997883e-01  0.000000e+00
   outer loop
     vertex  1.200381e-01 -1.749959e+01  2.000000e+01
     vertex  6.000774e-01 -1.748971e+01  0.000000e+00
     vertex  1.200381e-01 -1.749959e+01  0.000000e+00
   endloop
 endfacet
 facet normal -2.057667e-02  9.997883e-01  0.000000e+00
   outer loop
     vertex  6.000774e-01 -1.748971e+01  2.000000e+01
     vertex  6.000774e-01 -1.748971e+01  0.000000e+00
     vertex  1.200381e-01 -1.749959e+01  2.000000e+01
   endloop
 endfacet
 facet normal -4.799716e-02  9.988475e-01  0.000000e+00
   outer loop
     vertex  1.079665e+00 -1.746666e+01  2.000000e+01
     vertex  1.079665e+00 -1.746666e+01  0.000000e+00
     vertex  6.000774e-01 -1.748971e+01  0.000000e+00
   endloop
 endfacet
 facet normal -4.799716e-02  9.988475e-01  0.000000e+00
   outer loop
     vertex  1.079665e+00 -1.746666e+01  2.000000e+01
     vertex  6.000774e-01 -1.748971e+01  0.000000e+00
     vertex  6.000774e-01 -1.748971e+01  2.000000e+01
   endloop
 endfacet
 facet normal -7.538152e-02  9.971548e-01  0.000000e+00
   outer loop
     vertex  1.558440e+00 -1.743047e+01  2.000000e+01
     vertex  1.558440e+00 -1.743047e+01  0.000000e+00
     vertex  1.079665e+00 -1.746666e+01  0.000000e+00
   endloop
 endfacet
 facet normal -7.538152e-02  9.971548e-01  0.000000e+00
   outer loop
     vertex  1.558440e+00 -1.743047e+01  2.000000e+01
     vertex  1.079665e+00 -1.746666e+01  0.000000e+00
     vertex  1.079665e+00 -1.746666e+01  2.000000e+01
   endloop
 endfacet
 facet normal -1.027091e-01  9.947114e-01  0.000000e+00
   outer loop
     vertex  2.036042e+00 -1.738115e+01  2.000000e+01
     vertex  2.036042e+00 -1.738115e+01  0.000000e+00
     vertex  1.558440e+00 -1.743047e+01  0.000000e+00
   endloop
 endfacet
 facet normal -1.027091e-01  9.947114e-01  0.000000e+00
   outer loop
     vertex  2.036042e+00 -1.738115e+01  2.000000e+01
     vertex  1.558440e+00 -1.743047e+01  0.000000e+00
     vertex  1.558440e+00 -1.743047e+01  2.000000e+01
   endloop
 endfacet
 facet normal -1.299594e-01  9.915193e-01  0.000000e+00
   outer loop
     vertex  2.512111e+00 -1.731876e+01  2.000000e+01
     vertex  2.512111e+00 -1.731876e+01  0.000000e+00
     vertex  2.036042e+00 -1.738115e+01  0.000000e+00
   endloop
 endfacet
 facet normal -1.299594e-01  9.915193e-01  0.000000e+00
   outer loop
     vertex  2.512111e+00 -1.731876e+01  2.000000e+01
     vertex  2.036042e+00 -1.738115e+01  0.000000e+00
     vertex  2.036042e+00 -1.738115e+01  2.000000e+01
   endloop
 endfacet
 facet normal -1.571119e-01  9.875808e-01  0.000000e+00
   outer loop
     vertex  2.986289e+00 -1.724332e+01  2.000000e+01
     vertex  2.986289e+00 -1.724332e+01  0.000000e+00
     vertex  2.512111e+00 -1.731876e+01  0.000000e+00
   endloop
 endfacet
 facet normal -1.571119e-01  9.875808e-01  0.000000e+00
   outer loop
     vertex  2.986289e+00 -1.724332e+01  2.000000e+01
     vertex  2.512111e+00 -1.731876e+01  0.000000e+00
     vertex  2.512111e+00 -1.731876e+01  2.000000e+01
   endloop
 endfacet
 facet normal -1.841461e-01  9.828989e-01  0.000000e+00
   outer loop
     vertex  3.458219e+00 -1.715490e+01  2.000000e+01
     vertex  3.458219e+00 -1.715490e+01  0.000000e+00
     vertex  2.986289e+00 -1.724332e+01  0.000000e+00
   endloop
 endfacet
 facet normal -1.841461e-01  9.828989e-01  0.000000e+00
   outer loop
     vertex  3.458219e+00 -1.715490e+01  2.000000e+01
     vertex  2.986289e+00 -1.724332e+01  0.000000e+00
     vertex  2.986289e+00 -1.724332e+01  2.000000e+01
   endloop
 endfacet
 facet normal -2.110417e-01  9.774771e-01  0.000000e+00
   outer loop
     vertex  3.927546e+00 -1.705357e+01  2.000000e+01
     vertex  3.927546e+00 -1.705357e+01  0.000000e+00
     vertex  3.458219e+00 -1.715490e+01  0.000000e+00
   endloop
 endfacet
 facet normal -2.110417e-01  9.774771e-01  0.000000e+00
   outer loop
     vertex  3.927546e+00 -1.705357e+01  2.000000e+01
     vertex  3.458219e+00 -1.715490e+01  0.000000e+00
     vertex  3.458219e+00 -1.715490e+01  2.000000e+01
   endloop
 endfacet
 facet normal -2.377784e-01  9.713194e-01  0.000000e+00
   outer loop
     vertex  4.393916e+00 -1.693941e+01  2.000000e+01
     vertex  4.393916e+00 -1.693941e+01  0.000000e+00
     vertex  3.927546e+00 -1.705357e+01  0.000000e+00
   endloop
 endfacet
 facet normal -2.377784e-01  9.713194e-01  0.000000e+00
   outer loop
     vertex  4.393916e+00 -1.693941e+01  2.000000e+01
     vertex  3.927546e+00 -1.705357e+01  0.000000e+00
     vertex  3.927546e+00 -1.705357e+01  2.000000e+01
   endloop
 endfacet
 facet normal -2.643362e-01  9.644306e-01  0.000000e+00
   outer loop
     vertex  4.856979e+00 -1.681249e+01  2.000000e+01
     vertex  4.856979e+00 -1.681249e+01  0.000000e+00
     vertex  4.393916e+00 -1.693941e+01  0.000000e+00
   endloop
 endfacet
 facet normal -2.643362e-01  9.644306e-01  0.000000e+00
   outer loop
     vertex  4.856979e+00 -1.681249e+01  2.000000e+01
     vertex  4.393916e+00 -1.693941e+01  0.000000e+00
     vertex  4.393916e+00 -1.693941e+01  2.000000e+01
   endloop
 endfacet
 facet normal -2.906949e-01  9.568158e-01  0.000000e+00
   outer loop
     vertex  5.316385e+00 -1.667291e+01  2.000000e+01
     vertex  5.316385e+00 -1.667291e+01  0.000000e+00
     vertex  4.856979e+00 -1.681249e+01  0.000000e+00
   endloop
 endfacet
 facet normal -2.906949e-01  9.568158e-01  0.000000e+00
   outer loop
     vertex  5.316385e+00 -1.667291e+01  2.000000e+01
     vertex  4.856979e+00 -1.681249e+01  0.000000e+00
     vertex  4.856979e+00 -1.681249e+01  2.000000e+01
   endloop
 endfacet
 facet normal -3.168348e-01  9.484807e-01  0.000000e+00
   outer loop
     vertex  5.771790e+00 -1.652079e+01  2.000000e+01
     vertex  5.771790e+00 -1.652079e+01  0.000000e+00
     vertex  5.316385e+00 -1.667291e+01  0.000000e+00
   endloop
 endfacet
 facet normal -3.427362e-01  9.394317e-01  0.000000e+00
   outer loop
     vertex  5.771790e+00 -1.652079e+01  2.000000e+01
     vertex  6.222850e+00 -1.635623e+01  0.000000e+00
     vertex  5.771790e+00 -1.652079e+01  0.000000e+00
   endloop
 endfacet
 facet normal -3.168348e-01  9.484807e-01  0.000000e+00
   outer loop
     vertex  5.771790e+00 -1.652079e+01  2.000000e+01
     vertex  5.316385e+00 -1.667291e+01  0.000000e+00
     vertex  5.316385e+00 -1.667291e+01  2.000000e+01
   endloop
 endfacet
 facet normal -3.683796e-01  9.296754e-01  0.000000e+00
   outer loop
     vertex  6.222850e+00 -1.635623e+01  2.000000e+01
     vertex  6.669225e+00 -1.617935e+01  0.000000e+00
     vertex  6.222850e+00 -1.635623e+01  0.000000e+00
   endloop
 endfacet
 facet normal -3.427362e-01  9.394317e-01  0.000000e+00
   outer loop
     vertex  6.222850e+00 -1.635623e+01  2.000000e+01
     vertex  6.222850e+00 -1.635623e+01  0.000000e+00
     vertex  5.771790e+00 -1.652079e+01  2.000000e+01
   endloop
 endfacet
 facet normal -3.683796e-01  9.296754e-01  0.000000e+00
   outer loop
     vertex  6.669225e+00 -1.617935e+01  2.000000e+01
     vertex  6.669225e+00 -1.617935e+01  0.000000e+00
     vertex  6.222850e+00 -1.635623e+01  2.000000e+01
   endloop
 endfacet
 facet normal -3.937458e-01  9.192194e-01  0.000000e+00
   outer loop
     vertex  7.110580e+00 -1.599030e+01  2.000000e+01
     vertex  6.669225e+00 -1.617935e+01  0.000000e+00
     vertex  6.669225e+00 -1.617935e+01  2.000000e+01
   endloop
 endfacet
 facet normal -3.937458e-01  9.192194e-01  0.000000e+00
   outer loop
     vertex  7.110580e+00 -1.599030e+01  2.000000e+01
     vertex  7.110580e+00 -1.599030e+01  0.000000e+00
     vertex  6.669225e+00 -1.617935e+01  0.000000e+00
   endloop
 endfacet
 facet normal -4.188155e-01  9.080714e-01  0.000000e+00
   outer loop
     vertex  7.110580e+00 -1.599030e+01  2.000000e+01
     vertex  7.546582e+00 -1.578921e+01  0.000000e+00
     vertex  7.110580e+00 -1.599030e+01  0.000000e+00
   endloop
 endfacet
 facet normal -4.188155e-01  9.080714e-01  0.000000e+00
   outer loop
     vertex  7.546582e+00 -1.578921e+01  2.000000e+01
     vertex  7.546582e+00 -1.578921e+01  0.000000e+00
     vertex  7.110580e+00 -1.599030e+01  2.000000e+01
   endloop
 endfacet
 facet normal -4.435699e-01  8.962398e-01  0.000000e+00
   outer loop
     vertex  7.976904e+00 -1.557623e+01  2.000000e+01
     vertex  7.976904e+00 -1.557623e+01  0.000000e+00
     vertex  7.546582e+00 -1.578921e+01  0.000000e+00
   endloop
 endfacet
 facet normal -4.679904e-01  8.837335e-01  0.000000e+00
   outer loop
     vertex  7.976904e+00 -1.557623e+01  2.000000e+01
     vertex  8.401220e+00 -1.535153e+01  0.000000e+00
     vertex  7.976904e+00 -1.557623e+01  0.000000e+00
   endloop
 endfacet
 facet normal -4.435699e-01  8.962398e-01  0.000000e+00
   outer loop
     vertex  7.976904e+00 -1.557623e+01  2.000000e+01
     vertex  7.546582e+00 -1.578921e+01  0.000000e+00
     vertex  7.546582e+00 -1.578921e+01  2.000000e+01
   endloop
 endfacet
 facet normal -4.679904e-01  8.837335e-01  0.000000e+00
   outer loop
     vertex  8.401220e+00 -1.535153e+01  2.000000e+01
     vertex  8.401220e+00 -1.535153e+01  0.000000e+00
     vertex  7.976904e+00 -1.557623e+01  2.000000e+01
   endloop
 endfacet
 facet normal -4.920587e-01  8.705620e-01  0.000000e+00
   outer loop
     vertex  8.819213e+00 -1.511527e+01  2.000000e+01
     vertex  8.819213e+00 -1.511527e+01  0.000000e+00
     vertex  8.401220e+00 -1.535153e+01  0.000000e+00
   endloop
 endfacet
 facet normal -4.920587e-01  8.705620e-01  0.000000e+00
   outer loop
     vertex  8.819213e+00 -1.511527e+01  2.000000e+01
     vertex  8.401220e+00 -1.535153e+01  0.000000e+00
     vertex  8.401220e+00 -1.535153e+01  2.000000e+01
   endloop
 endfacet
 facet normal -5.157565e-01  8.567352e-01  0.000000e+00
   outer loop
     vertex  8.819213e+00 -1.511527e+01  2.000000e+01
     vertex  9.230567e+00 -1.486764e+01  0.000000e+00
     vertex  8.819213e+00 -1.511527e+01  0.000000e+00
   endloop
 endfacet
 facet normal -5.157565e-01  8.567352e-01  0.000000e+00
   outer loop
     vertex  9.230567e+00 -1.486764e+01  2.000000e+01
     vertex  9.230567e+00 -1.486764e+01  0.000000e+00
     vertex  8.819213e+00 -1.511527e+01  2.000000e+01
   endloop
 endfacet
 facet normal -5.390661e-01  8.422635e-01  0.000000e+00
   outer loop
     vertex  9.230567e+00 -1.486764e+01  2.000000e+01
     vertex  9.634972e+00 -1.460881e+01  0.000000e+00
     vertex  9.230567e+00 -1.486764e+01  0.000000e+00
   endloop
 endfacet
 facet normal -5.619699e-01  8.271577e-01  0.000000e+00
   outer loop
     vertex  9.634972e+00 -1.460881e+01  2.000000e+01
     vertex  1.003212e+01 -1.433898e+01  0.000000e+00
     vertex  9.634972e+00 -1.460881e+01  0.000000e+00
   endloop
 endfacet
 facet normal -5.390661e-01  8.422635e-01  0.000000e+00
   outer loop
     vertex  9.634972e+00 -1.460881e+01  2.000000e+01
     vertex  9.634972e+00 -1.460881e+01  0.000000e+00
     vertex  9.230567e+00 -1.486764e+01  2.000000e+01
   endloop
 endfacet
 facet normal -5.619699e-01  8.271577e-01  0.000000e+00
   outer loop
     vertex  1.003212e+01 -1.433898e+01  2.000000e+01
     vertex  1.003212e+01 -1.433898e+01  0.000000e+00
     vertex  9.634972e+00 -1.460881e+01  2.000000e+01
   endloop
 endfacet
 facet normal -5.844507e-01  8.114292e-01  0.000000e+00
   outer loop
     vertex  1.042172e+01 -1.405837e+01  2.000000e+01
     vertex  1.042172e+01 -1.405837e+01  0.000000e+00
     vertex  1.003212e+01 -1.433898e+01  0.000000e+00
   endloop
 endfacet
 facet normal -6.064915e-01  7.950900e-01  0.000000e+00
   outer loop
     vertex  1.042172e+01 -1.405837e+01  2.000000e+01
     vertex  1.080348e+01 -1.376716e+01  0.000000e+00
     vertex  1.042172e+01 -1.405837e+01  0.000000e+00
   endloop
 endfacet
 facet normal -5.844507e-01  8.114292e-01  0.000000e+00
   outer loop
     vertex  1.042172e+01 -1.405837e+01  2.000000e+01
     vertex  1.003212e+01 -1.433898e+01  0.000000e+00
     vertex  1.003212e+01 -1.433898e+01  2.000000e+01
   endloop
 endfacet
 facet normal -6.064915e-01  7.950900e-01  0.000000e+00
   outer loop
     vertex  1.080348e+01 -1.376716e+01  2.000000e+01
     vertex  1.080348e+01 -1.376716e+01  0.000000e+00
     vertex  1.042172e+01 -1.405837e+01  2.000000e+01
   endloop
 endfacet
 facet normal -6.280757e-01  7.781522e-01  0.000000e+00
   outer loop
     vertex  1.117710e+01 -1.346560e+01  2.000000e+01
     vertex  1.117710e+01 -1.346560e+01  0.000000e+00
     vertex  1.080348e+01 -1.376716e+01  0.000000e+00
   endloop
 endfacet
 facet normal -6.280757e-01  7.781522e-01  0.000000e+00
   outer loop
     vertex  1.117710e+01 -1.346560e+01  2.000000e+01
     vertex  1.080348e+01 -1.376716e+01  0.000000e+00
     vertex  1.080348e+01 -1.376716e+01  2.000000e+01
   endloop
 endfacet
 facet normal -6.491872e-01  7.606287e-01  0.000000e+00
   outer loop
     vertex  1.154231e+01 -1.315390e+01  2.000000e+01
     vertex  1.154231e+01 -1.315390e+01  0.000000e+00
     vertex  1.117710e+01 -1.346560e+01  0.000000e+00
   endloop
 endfacet
 facet normal -6.491872e-01  7.606287e-01  0.000000e+00
   outer loop
     vertex  1.154231e+01 -1.315390e+01  2.000000e+01
     vertex  1.117710e+01 -1.346560e+01  0.000000e+00
     vertex  1.117710e+01 -1.346560e+01  2.000000e+01
   endloop
 endfacet
 facet normal -6.698100e-01  7.425325e-01  0.000000e+00
   outer loop
     vertex  1.189883e+01 -1.283230e+01  2.000000e+01
     vertex  1.189883e+01 -1.283230e+01  0.000000e+00
     vertex  1.154231e+01 -1.315390e+01  0.000000e+00
   endloop
 endfacet
 facet normal -6.899286e-01  7.238775e-01  0.000000e+00
   outer loop
     vertex  1.189883e+01 -1.283230e+01  2.000000e+01
     vertex  1.224640e+01 -1.250103e+01  0.000000e+00
     vertex  1.189883e+01 -1.283230e+01  0.000000e+00
   endloop
 endfacet
 facet normal -6.698100e-01  7.425325e-01  0.000000e+00
   outer loop
     vertex  1.189883e+01 -1.283230e+01  2.000000e+01
     vertex  1.154231e+01 -1.315390e+01  0.000000e+00
     vertex  1.154231e+01 -1.315390e+01  2.000000e+01
   endloop
 endfacet
 facet normal -6.899286e-01  7.238775e-01  0.000000e+00
   outer loop
     vertex  1.224640e+01 -1.250103e+01  2.000000e+01
     vertex  1.224640e+01 -1.250103e+01  0.000000e+00
     vertex  1.189883e+01 -1.283230e+01  2.000000e+01
   endloop
 endfacet
 facet normal -7.095278e-01  7.046775e-01  0.000000e+00
   outer loop
     vertex  1.258474e+01 -1.216036e+01  2.000000e+01
     vertex  1.258474e+01 -1.216036e+01  0.000000e+00
     vertex  1.224640e+01 -1.250103e+01  0.000000e+00
   endloop
 endfacet
 facet normal -7.095278e-01  7.046775e-01  0.000000e+00
   outer loop
     vertex  1.258474e+01 -1.216036e+01  2.000000e+01
     vertex  1.224640e+01 -1.250103e+01  0.000000e+00
     vertex  1.224640e+01 -1.250103e+01  2.000000e+01
   endloop
 endfacet
 facet normal -7.285929e-01  6.849470e-01  0.000000e+00
   outer loop
     vertex  1.291361e+01 -1.181053e+01  2.000000e+01
     vertex  1.291361e+01 -1.181053e+01  0.000000e+00
     vertex  1.258474e+01 -1.216036e+01  0.000000e+00
   endloop
 endfacet
 facet normal -7.285929e-01  6.849470e-01  0.000000e+00
   outer loop
     vertex  1.291361e+01 -1.181053e+01  2.000000e+01
     vertex  1.258474e+01 -1.216036e+01  0.000000e+00
     vertex  1.258474e+01 -1.216036e+01  2.000000e+01
   endloop
 endfacet
 facet normal -7.471095e-01  6.647010e-01  0.000000e+00
   outer loop
     vertex  1.323276e+01 -1.145181e+01  2.000000e+01
     vertex  1.323276e+01 -1.145181e+01  0.000000e+00
     vertex  1.291361e+01 -1.181053e+01  0.000000e+00
   endloop
 endfacet
 facet normal -7.471095e-01  6.647010e-01  0.000000e+00
   outer loop
     vertex  1.323276e+01 -1.145181e+01  2.000000e+01
     vertex  1.291361e+01 -1.181053e+01  0.000000e+00
     vertex  1.291361e+01 -1.181053e+01  2.000000e+01
   endloop
 endfacet
 facet normal -7.650637e-01  6.439545e-01  0.000000e+00
   outer loop
     vertex  1.354195e+01 -1.108447e+01  2.000000e+01
     vertex  1.354195e+01 -1.108447e+01  0.000000e+00
     vertex  1.323276e+01 -1.145181e+01  0.000000e+00
   endloop
 endfacet
 facet normal -7.824421e-01  6.227234e-01  0.000000e+00
   outer loop
     vertex  1.354195e+01 -1.108447e+01  2.000000e+01
     vertex  1.384095e+01 -1.070879e+01  0.000000e+00
     vertex  1.354195e+01 -1.108447e+01  0.000000e+00
   endloop
 endfacet
 facet normal -7.650637e-01  6.439545e-01  0.000000e+00
   outer loop
     vertex  1.354195e+01 -1.108447e+01  2.000000e+01
     vertex  1.323276e+01 -1.145181e+01  0.000000e+00
     vertex  1.323276e+01 -1.145181e+01  2.000000e+01
   endloop
 endfacet
 facet normal -7.824421e-01  6.227234e-01  0.000000e+00
   outer loop
     vertex  1.384095e+01 -1.070879e+01  2.000000e+01
     vertex  1.384095e+01 -1.070879e+01  0.000000e+00
     vertex  1.354195e+01 -1.108447e+01  2.000000e+01
   endloop
 endfacet
 facet normal -7.992314e-01  6.010234e-01  0.000000e+00
   outer loop
     vertex  1.412952e+01 -1.032505e+01  2.000000e+01
     vertex  1.412952e+01 -1.032505e+01  0.000000e+00
     vertex  1.384095e+01 -1.070879e+01  0.000000e+00
   endloop
 endfacet
 facet normal -7.992314e-01  6.010234e-01  0.000000e+00
   outer loop
     vertex  1.412952e+01 -1.032505e+01  2.000000e+01
     vertex  1.384095e+01 -1.070879e+01  0.000000e+00
     vertex  1.384095e+01 -1.070879e+01  2.000000e+01
   endloop
 endfacet
 facet normal -8.154191e-01  5.788711e-01  0.000000e+00
   outer loop
     vertex  1.440746e+01 -9.933532e+00  2.000000e+01
     vertex  1.440746e+01 -9.933532e+00  0.000000e+00
     vertex  1.412952e+01 -1.032505e+01  0.000000e+00
   endloop
 endfacet
 facet normal -8.154191e-01  5.788711e-01  0.000000e+00
   outer loop
     vertex  1.440746e+01 -9.933532e+00  2.000000e+01
     vertex  1.412952e+01 -1.032505e+01  0.000000e+00
     vertex  1.412952e+01 -1.032505e+01  2.000000e+01
   endloop
 endfacet
 facet normal -8.309929e-01  5.562829e-01  0.000000e+00
   outer loop
     vertex  1.467456e+01 -9.534539e+00  2.000000e+01
     vertex  1.467456e+01 -9.534539e+00  0.000000e+00
     vertex  1.440746e+01 -9.933532e+00  0.000000e+00
   endloop
 endfacet
 facet normal -8.309929e-01  5.562829e-01  0.000000e+00
   outer loop
     vertex  1.467456e+01 -9.534539e+00  2.000000e+01
     vertex  1.440746e+01 -9.933532e+00  0.000000e+00
     vertex  1.440746e+01 -9.933532e+00  2.000000e+01
   endloop
 endfacet
 facet normal -8.459413e-01  5.332761e-01  0.000000e+00
   outer loop
     vertex  1.493060e+01 -9.128368e+00  2.000000e+01
     vertex  1.493060e+01 -9.128368e+00  0.000000e+00
     vertex  1.467456e+01 -9.534539e+00  0.000000e+00
   endloop
 endfacet
 facet normal -8.459413e-01  5.332761e-01  0.000000e+00
   outer loop
     vertex  1.493060e+01 -9.128368e+00  2.000000e+01
     vertex  1.467456e+01 -9.534539e+00  0.000000e+00
     vertex  1.467456e+01 -9.534539e+00  2.000000e+01
   endloop
 endfacet
 facet normal -8.602528e-01  5.098678e-01  0.000000e+00
   outer loop
     vertex  1.517541e+01 -8.715325e+00  2.000000e+01
     vertex  1.517541e+01 -8.715325e+00  0.000000e+00
     vertex  1.493060e+01 -9.128368e+00  0.000000e+00
   endloop
 endfacet
 facet normal -8.739167e-01  4.860756e-01  0.000000e+00
   outer loop
     vertex  1.517541e+01 -8.715325e+00  2.000000e+01
     vertex  1.540880e+01 -8.295722e+00  0.000000e+00
     vertex  1.517541e+01 -8.715325e+00  0.000000e+00
   endloop
 endfacet
 facet normal -8.602528e-01  5.098678e-01  0.000000e+00
   outer loop
     vertex  1.517541e+01 -8.715325e+00  2.000000e+01
     vertex  1.493060e+01 -9.128368e+00  0.000000e+00
     vertex  1.493060e+01 -9.128368e+00  2.000000e+01
   endloop
 endfacet
 facet normal -8.869228e-01  4.619176e-01  0.000000e+00
   outer loop
     vertex  1.540880e+01 -8.295722e+00  2.000000e+01
     vertex  1.563058e+01 -7.869874e+00  0.000000e+00
     vertex  1.540880e+01 -8.295722e+00  0.000000e+00
   endloop
 endfacet
 facet normal -8.739167e-01  4.860756e-01  0.000000e+00
   outer loop
     vertex  1.540880e+01 -8.295722e+00  2.000000e+01
     vertex  1.540880e+01 -8.295722e+00  0.000000e+00
     vertex  1.517541e+01 -8.715325e+00  2.000000e+01
   endloop
 endfacet
 facet normal -8.869228e-01  4.619176e-01  0.000000e+00
   outer loop
     vertex  1.563058e+01 -7.869874e+00  2.000000e+01
     vertex  1.563058e+01 -7.869874e+00  0.000000e+00
     vertex  1.540880e+01 -8.295722e+00  2.000000e+01
   endloop
 endfacet
 facet normal -8.992613e-01  4.374119e-01  0.000000e+00
   outer loop
     vertex  1.563058e+01 -7.869874e+00  2.000000e+01
     vertex  1.584060e+01 -7.438101e+00  0.000000e+00
     vertex  1.563058e+01 -7.869874e+00  0.000000e+00
   endloop
 endfacet
 facet normal -8.992613e-01  4.374119e-01  0.000000e+00
   outer loop
     vertex  1.584060e+01 -7.438101e+00  2.000000e+01
     vertex  1.584060e+01 -7.438101e+00  0.000000e+00
     vertex  1.563058e+01 -7.869874e+00  2.000000e+01
   endloop
 endfacet
 facet normal -9.109228e-01  4.125769e-01  0.000000e+00
   outer loop
     vertex  1.603870e+01 -7.000730e+00  2.000000e+01
     vertex  1.584060e+01 -7.438101e+00  0.000000e+00
     vertex  1.584060e+01 -7.438101e+00  2.000000e+01
   endloop
 endfacet
 facet normal -9.109228e-01  4.125769e-01  0.000000e+00
   outer loop
     vertex  1.603870e+01 -7.000730e+00  2.000000e+01
     vertex  1.603870e+01 -7.000730e+00  0.000000e+00
     vertex  1.584060e+01 -7.438101e+00  0.000000e+00
   endloop
 endfacet
 facet normal -9.218986e-01  3.874313e-01  0.000000e+00
   outer loop
     vertex  1.622472e+01 -6.558089e+00  2.000000e+01
     vertex  1.603870e+01 -7.000730e+00  0.000000e+00
     vertex  1.603870e+01 -7.000730e+00  2.000000e+01
   endloop
 endfacet
 facet normal -9.218986e-01  3.874313e-01  0.000000e+00
   outer loop
     vertex  1.622472e+01 -6.558089e+00  2.000000e+01
     vertex  1.622472e+01 -6.558089e+00  0.000000e+00
     vertex  1.603870e+01 -7.000730e+00  0.000000e+00
   endloop
 endfacet
 facet normal -9.321804e-01  3.619940e-01  0.000000e+00
   outer loop
     vertex  1.639853e+01 -6.110511e+00  2.000000e+01
     vertex  1.622472e+01 -6.558089e+00  0.000000e+00
     vertex  1.622472e+01 -6.558089e+00  2.000000e+01
   endloop
 endfacet
 facet normal -9.321804e-01  3.619940e-01  0.000000e+00
   outer loop
     vertex  1.639853e+01 -6.110511e+00  2.000000e+01
     vertex  1.639853e+01 -6.110511e+00  0.000000e+00
     vertex  1.622472e+01 -6.558089e+00  0.000000e+00
   endloop
 endfacet
 facet normal -9.417605e-01  3.362843e-01  0.000000e+00
   outer loop
     vertex  1.639853e+01 -6.110511e+00  2.000000e+01
     vertex  1.655999e+01 -5.658333e+00  0.000000e+00
     vertex  1.639853e+01 -6.110511e+00  0.000000e+00
   endloop
 endfacet
 facet normal -9.417605e-01  3.362843e-01  0.000000e+00
   outer loop
     vertex  1.655999e+01 -5.658333e+00  2.000000e+01
     vertex  1.655999e+01 -5.658333e+00  0.000000e+00
     vertex  1.639853e+01 -6.110511e+00  2.000000e+01
   endloop
 endfacet
 facet normal -9.506317e-01  3.103214e-01  0.000000e+00
   outer loop
     vertex  1.670899e+01 -5.201895e+00  2.000000e+01
     vertex  1.655999e+01 -5.658333e+00  0.000000e+00
     vertex  1.655999e+01 -5.658333e+00  2.000000e+01
   endloop
 endfacet
 facet normal -9.506317e-01  3.103214e-01  0.000000e+00
   outer loop
     vertex  1.670899e+01 -5.201895e+00  2.000000e+01
     vertex  1.670899e+01 -5.201895e+00  0.000000e+00
     vertex  1.655999e+01 -5.658333e+00  0.000000e+00
   endloop
 endfacet
 facet normal -9.587873e-01  2.841250e-01  0.000000e+00
   outer loop
     vertex  1.684541e+01 -4.741542e+00  2.000000e+01
     vertex  1.670899e+01 -5.201895e+00  0.000000e+00
     vertex  1.670899e+01 -5.201895e+00  2.000000e+01
   endloop
 endfacet
 facet normal -9.587873e-01  2.841250e-01  0.000000e+00
   outer loop
     vertex  1.684541e+01 -4.741542e+00  2.000000e+01
     vertex  1.684541e+01 -4.741542e+00  0.000000e+00
     vertex  1.670899e+01 -5.201895e+00  0.000000e+00
   endloop
 endfacet
 facet normal -9.662211e-01  2.577146e-01  0.000000e+00
   outer loop
     vertex  1.684541e+01 -4.741542e+00  2.000000e+01
     vertex  1.696915e+01 -4.277620e+00  0.000000e+00
     vertex  1.684541e+01 -4.741542e+00  0.000000e+00
   endloop
 endfacet
 facet normal -9.662211e-01  2.577146e-01  0.000000e+00
   outer loop
     vertex  1.696915e+01 -4.277620e+00  2.000000e+01
     vertex  1.696915e+01 -4.277620e+00  0.000000e+00
     vertex  1.684541e+01 -4.741542e+00  2.000000e+01
   endloop
 endfacet
 facet normal -9.729276e-01  2.311102e-01  0.000000e+00
   outer loop
     vertex  1.708011e+01 -3.810478e+00  2.000000e+01
     vertex  1.696915e+01 -4.277620e+00  0.000000e+00
     vertex  1.696915e+01 -4.277620e+00  2.000000e+01
   endloop
 endfacet
 facet normal -9.729276e-01  2.311102e-01  0.000000e+00
   outer loop
     vertex  1.708011e+01 -3.810478e+00  2.000000e+01
     vertex  1.708011e+01 -3.810478e+00  0.000000e+00
     vertex  1.696915e+01 -4.277620e+00  0.000000e+00
   endloop
 endfacet
 facet normal -9.789017e-01  2.043319e-01  0.000000e+00
   outer loop
     vertex  1.717822e+01 -3.340467e+00  2.000000e+01
     vertex  1.708011e+01 -3.810478e+00  0.000000e+00
     vertex  1.708011e+01 -3.810478e+00  2.000000e+01
   endloop
 endfacet
 facet normal -9.789017e-01  2.043319e-01  0.000000e+00
   outer loop
     vertex  1.717822e+01 -3.340467e+00  2.000000e+01
     vertex  1.717822e+01 -3.340467e+00  0.000000e+00
     vertex  1.708011e+01 -3.810478e+00  0.000000e+00
   endloop
 endfacet
 facet normal -9.841389e-01  1.773998e-01  0.000000e+00
   outer loop
     vertex  1.726340e+01 -2.867941e+00  2.000000e+01
     vertex  1.717822e+01 -3.340467e+00  0.000000e+00
     vertex  1.717822e+01 -3.340467e+00  2.000000e+01
   endloop
 endfacet
 facet normal -9.841389e-01  1.773998e-01  0.000000e+00
   outer loop
     vertex  1.726340e+01 -2.867941e+00  2.000000e+01
     vertex  1.726340e+01 -2.867941e+00  0.000000e+00
     vertex  1.717822e+01 -3.340467e+00  0.000000e+00
   endloop
 endfacet
 facet normal -9.886353e-01  1.503341e-01  0.000000e+00
   outer loop
     vertex  1.726340e+01 -2.867941e+00  2.000000e+01
     vertex  1.733558e+01 -2.393257e+00  0.000000e+00
     vertex  1.726340e+01 -2.867941e+00  0.000000e+00
   endloop
 endfacet
 facet normal -9.886353e-01  1.503341e-01  0.000000e+00
   outer loop
     vertex  1.733558e+01 -2.393257e+00  2.000000e+01
     vertex  1.733558e+01 -2.393257e+00  0.000000e+00
     vertex  1.726340e+01 -2.867941e+00  2.000000e+01
   endloop
 endfacet
 facet normal -9.923874e-01  1.231552e-01  0.000000e+00
   outer loop
     vertex  1.739471e+01 -1.916771e+00  2.000000e+01
     vertex  1.739471e+01 -1.916771e+00  0.000000e+00
     vertex  1.733558e+01 -2.393257e+00  0.000000e+00
   endloop
 endfacet
 facet normal -9.923874e-01  1.231552e-01  0.000000e+00
   outer loop
     vertex  1.739471e+01 -1.916771e+00  2.000000e+01
     vertex  1.733558e+01 -2.393257e+00  0.000000e+00
     vertex  1.733558e+01 -2.393257e+00  2.000000e+01
   endloop
 endfacet
 facet normal -9.953925e-01  9.588368e-02  0.000000e+00
   outer loop
     vertex  1.744075e+01 -1.438842e+00  2.000000e+01
     vertex  1.744075e+01 -1.438842e+00  0.000000e+00
     vertex  1.739471e+01 -1.916771e+00  0.000000e+00
   endloop
 endfacet
 facet normal -9.953925e-01  9.588368e-02  0.000000e+00
   outer loop
     vertex  1.744075e+01 -1.438842e+00  2.000000e+01
     vertex  1.739471e+01 -1.916771e+00  0.000000e+00
     vertex  1.739471e+01 -1.916771e+00  2.000000e+01
   endloop
 endfacet
 facet normal -9.976484e-01  6.853995e-02  0.000000e+00
   outer loop
     vertex  1.747366e+01 -9.598303e-01  2.000000e+01
     vertex  1.747366e+01 -9.598303e-01  0.000000e+00
     vertex  1.744075e+01 -1.438842e+00  0.000000e+00
   endloop
 endfacet
 facet normal -9.976484e-01  6.853995e-02  0.000000e+00
   outer loop
     vertex  1.747366e+01 -9.598303e-01  2.000000e+01
     vertex  1.744075e+01 -1.438842e+00  0.000000e+00
     vertex  1.744075e+01 -1.438842e+00  2.000000e+01
   endloop
 endfacet
 facet normal -9.991532e-01  4.114462e-02  0.000000e+00
   outer loop
     vertex  1.749341e+01 -4.800958e-01  2.000000e+01
     vertex  1.749341e+01 -4.800958e-01  0.000000e+00
     vertex  1.747366e+01 -9.598303e-01  0.000000e+00
   endloop
 endfacet
 facet normal -9.999059e-01  1.371831e-02  0.000000e+00
   outer loop
     vertex  1.749341e+01 -4.800958e-01  2.000000e+01
     vertex  1.750000e+01 -4.286264e-15  0.000000e+00
     vertex  1.749341e+01 -4.800958e-01  0.000000e+00
   endloop
 endfacet
 facet normal -9.991532e-01  4.114462e-02  0.000000e+00
   outer loop
     vertex  1.749341e+01 -4.800958e-01  2.000000e+01
     vertex  1.747366e+01 -9.598303e-01  0.000000e+00
     vertex  1.747366e+01 -9.598303e-01  2.000000e+01
   endloop
 endfacet
 facet normal -9.999059e-01  1.371831e-02  0.000000e+00
   outer loop
     vertex  1.750000e+01 -4.286264e-15  2.000000e+01
     vertex  1.750000e+01 -4.286264e-15  0.000000e+00
     vertex  1.749341e+01 -4.800958e-01  2.000000e+01
   endloop
 endfacet
endsolid
