solid 
 facet normal  9.999114e-01  1.330868e-02  0.000000e+00
   outer loop
     vertex  2.999734e+01  1.996390e-01 -2.500000e+00
     vertex  3.000000e+01  0.000000e+00  2.500000e+00
     vertex  3.000000e+01  0.000000e+00 -2.500000e+00
   endloop
 endfacet
 facet normal  9.999114e-01  1.330868e-02 -0.000000e+00
   outer loop
     vertex  2.999734e+01  1.996390e-01 -2.500000e+00
     vertex  2.999734e+01  1.996390e-01  2.500000e+00
     vertex  3.000000e+01  0.000000e+00  2.500000e+00
   endloop
 endfacet
 facet normal  9.992036e-01  3.990248e-02 -0.000000e+00
   outer loop
     vertex  2.998937e+01  3.992426e-01 -2.500000e+00
     vertex  2.998937e+01  3.992426e-01  2.500000e+00
     vertex  2.999734e+01  1.996390e-01  2.500000e+00
   endloop
 endfacet
 facet normal  9.992036e-01  3.990248e-02  0.000000e+00
   outer loop
     vertex  2.998937e+01  3.992426e-01 -2.500000e+00
     vertex  2.999734e+01  1.996390e-01  2.500000e+00
     vertex  2.999734e+01  1.996390e-01 -2.500000e+00
   endloop
 endfacet
 facet normal  9.977914e-01  6.642583e-02  0.000000e+00
   outer loop
     vertex  2.997609e+01  5.987755e-01 -2.500000e+00
     vertex  2.998937e+01  3.992426e-01  2.500000e+00
     vertex  2.998937e+01  3.992426e-01 -2.500000e+00
   endloop
 endfacet
 facet normal  9.977914e-01  6.642583e-02 -0.000000e+00
   outer loop
     vertex  2.997609e+01  5.987755e-01 -2.500000e+00
     vertex  2.997609e+01  5.987755e-01  2.500000e+00
     vertex  2.998937e+01  3.992426e-01  2.500000e+00
   endloop
 endfacet
 facet normal  9.956817e-01  9.283245e-02 -0.000000e+00
   outer loop
     vertex  2.995749e+01  7.982023e-01 -2.500000e+00
     vertex  2.995749e+01  7.982023e-01  2.500000e+00
     vertex  2.997609e+01  5.987755e-01  2.500000e+00
   endloop
 endfacet
 facet normal  9.956817e-01  9.283245e-02  0.000000e+00
   outer loop
     vertex  2.995749e+01  7.982023e-01 -2.500000e+00
     vertex  2.997609e+01  5.987755e-01  2.500000e+00
     vertex  2.997609e+01  5.987755e-01 -2.500000e+00
   endloop
 endfacet
 facet normal  9.928850e-01  1.190771e-01 -0.000000e+00
   outer loop
     vertex  2.993359e+01  9.974877e-01 -2.500000e+00
     vertex  2.993359e+01  9.974877e-01  2.500000e+00
     vertex  2.995749e+01  7.982023e-01  2.500000e+00
   endloop
 endfacet
 facet normal  9.928850e-01  1.190771e-01  0.000000e+00
   outer loop
     vertex  2.993359e+01  9.974877e-01 -2.500000e+00
     vertex  2.995749e+01  7.982023e-01  2.500000e+00
     vertex  2.995749e+01  7.982023e-01 -2.500000e+00
   endloop
 endfacet
 facet normal  9.894147e-01  1.451158e-01  0.000000e+00
   outer loop
     vertex  2.990439e+01  1.196596e+00 -2.500000e+00
     vertex  2.993359e+01  9.974877e-01  2.500000e+00
     vertex  2.993359e+01  9.974877e-01 -2.500000e+00
   endloop
 endfacet
 facet normal  9.894147e-01  1.451158e-01 -0.000000e+00
   outer loop
     vertex  2.990439e+01  1.196596e+00 -2.500000e+00
     vertex  2.990439e+01  1.196596e+00  2.500000e+00
     vertex  2.993359e+01  9.974877e-01  2.500000e+00
   endloop
 endfacet
 facet normal  9.852873e-01  1.709065e-01 -0.000000e+00
   outer loop
     vertex  2.986989e+01  1.395493e+00 -2.500000e+00
     vertex  2.986989e+01  1.395493e+00  2.500000e+00
     vertex  2.990439e+01  1.196596e+00  2.500000e+00
   endloop
 endfacet
 facet normal  9.852873e-01  1.709065e-01  0.000000e+00
   outer loop
     vertex  2.986989e+01  1.395493e+00 -2.500000e+00
     vertex  2.990439e+01  1.196596e+00  2.500000e+00
     vertex  2.990439e+01  1.196596e+00 -2.500000e+00
   endloop
 endfacet
 facet normal  9.805221e-01  1.964090e-01  0.000000e+00
   outer loop
     vertex  2.983010e+01  1.594143e+00 -2.500000e+00
     vertex  2.986989e+01  1.395493e+00  2.500000e+00
     vertex  2.986989e+01  1.395493e+00 -2.500000e+00
   endloop
 endfacet
 facet normal  9.805221e-01  1.964090e-01 -0.000000e+00
   outer loop
     vertex  2.983010e+01  1.594143e+00 -2.500000e+00
     vertex  2.983010e+01  1.594143e+00  2.500000e+00
     vertex  2.986989e+01  1.395493e+00  2.500000e+00
   endloop
 endfacet
 facet normal  9.751409e-01  2.215856e-01  0.000000e+00
   outer loop
     vertex  2.978502e+01  1.792510e+00 -2.500000e+00
     vertex  2.983010e+01  1.594143e+00  2.500000e+00
     vertex  2.983010e+01  1.594143e+00 -2.500000e+00
   endloop
 endfacet
 facet normal  9.751409e-01  2.215856e-01 -0.000000e+00
   outer loop
     vertex  2.978502e+01  1.792510e+00 -2.500000e+00
     vertex  2.978502e+01  1.792510e+00  2.500000e+00
     vertex  2.983010e+01  1.594143e+00  2.500000e+00
   endloop
 endfacet
 facet normal  9.691679e-01  2.464011e-01  0.000000e+00
   outer loop
     vertex  2.973467e+01  1.990560e+00 -2.500000e+00
     vertex  2.978502e+01  1.792510e+00  2.500000e+00
     vertex  2.978502e+01  1.792510e+00 -2.500000e+00
   endloop
 endfacet
 facet normal  9.691679e-01  2.464011e-01 -0.000000e+00
   outer loop
     vertex  2.973467e+01  1.990560e+00 -2.500000e+00
     vertex  2.973467e+01  1.990560e+00  2.500000e+00
     vertex  2.978502e+01  1.792510e+00  2.500000e+00
   endloop
 endfacet
 facet normal  9.626292e-01  2.708230e-01  0.000000e+00
   outer loop
     vertex  2.967905e+01  2.188257e+00 -2.500000e+00
     vertex  2.973467e+01  1.990560e+00  2.500000e+00
     vertex  2.973467e+01  1.990560e+00 -2.500000e+00
   endloop
 endfacet
 facet normal  9.626292e-01  2.708230e-01 -0.000000e+00
   outer loop
     vertex  2.967905e+01  2.188257e+00 -2.500000e+00
     vertex  2.967905e+01  2.188257e+00  2.500000e+00
     vertex  2.973467e+01  1.990560e+00  2.500000e+00
   endloop
 endfacet
 facet normal  9.555523e-01  2.948216e-01 -0.000000e+00
   outer loop
     vertex  2.961818e+01  2.385566e+00 -2.500000e+00
     vertex  2.961818e+01  2.385566e+00  2.500000e+00
     vertex  2.967905e+01  2.188257e+00  2.500000e+00
   endloop
 endfacet
 facet normal  9.555523e-01  2.948216e-01  0.000000e+00
   outer loop
     vertex  2.961818e+01  2.385566e+00 -2.500000e+00
     vertex  2.967905e+01  2.188257e+00  2.500000e+00
     vertex  2.967905e+01  2.188257e+00 -2.500000e+00
   endloop
 endfacet
 facet normal  9.479663e-01  3.183706e-01 -0.000000e+00
   outer loop
     vertex  2.955205e+01  2.582453e+00 -2.500000e+00
     vertex  2.955205e+01  2.582453e+00  2.500000e+00
     vertex  2.961818e+01  2.385566e+00  2.500000e+00
   endloop
 endfacet
 facet normal  9.479663e-01  3.183706e-01  0.000000e+00
   outer loop
     vertex  2.955205e+01  2.582453e+00 -2.500000e+00
     vertex  2.961818e+01  2.385566e+00  2.500000e+00
     vertex  2.961818e+01  2.385566e+00 -2.500000e+00
   endloop
 endfacet
 facet normal  9.399013e-01  3.414461e-01  0.000000e+00
   outer loop
     vertex  2.948069e+01  2.778882e+00 -2.500000e+00
     vertex  2.955205e+01  2.582453e+00  2.500000e+00
     vertex  2.955205e+01  2.582453e+00 -2.500000e+00
   endloop
 endfacet
 facet normal  9.399013e-01  3.414461e-01 -0.000000e+00
   outer loop
     vertex  2.948069e+01  2.778882e+00 -2.500000e+00
     vertex  2.948069e+01  2.778882e+00  2.500000e+00
     vertex  2.955205e+01  2.582453e+00  2.500000e+00
   endloop
 endfacet
 facet normal  9.313880e-01  3.640279e-01  0.000000e+00
   outer loop
     vertex  2.940411e+01  2.974819e+00 -2.500000e+00
     vertex  2.948069e+01  2.778882e+00  2.500000e+00
     vertex  2.948069e+01  2.778882e+00 -2.500000e+00
   endloop
 endfacet
 facet normal  9.313880e-01  3.640279e-01 -0.000000e+00
   outer loop
     vertex  2.940411e+01  2.974819e+00 -2.500000e+00
     vertex  2.940411e+01  2.974819e+00  2.500000e+00
     vertex  2.948069e+01  2.778882e+00  2.500000e+00
   endloop
 endfacet
 facet normal  9.224576e-01  3.860984e-01  0.000000e+00
   outer loop
     vertex  2.932232e+01  3.170229e+00 -2.500000e+00
     vertex  2.940411e+01  2.974819e+00  2.500000e+00
     vertex  2.940411e+01  2.974819e+00 -2.500000e+00
   endloop
 endfacet
 facet normal  9.224576e-01  3.860984e-01 -0.000000e+00
   outer loop
     vertex  2.932232e+01  3.170229e+00 -2.500000e+00
     vertex  2.932232e+01  3.170229e+00  2.500000e+00
     vertex  2.940411e+01  2.974819e+00  2.500000e+00
   endloop
 endfacet
 facet normal  9.131413e-01  4.076432e-01 -0.000000e+00
   outer loop
     vertex  2.932232e+01  3.170229e+00 -2.500000e+00
     vertex  2.923534e+01  3.365078e+00  2.500000e+00
     vertex  2.932232e+01  3.170229e+00  2.500000e+00
   endloop
 endfacet
 facet normal  9.131413e-01  4.076432e-01 -0.000000e+00
   outer loop
     vertex  2.923534e+01  3.365078e+00 -2.500000e+00
     vertex  2.923534e+01  3.365078e+00  2.500000e+00
     vertex  2.932232e+01  3.170229e+00 -2.500000e+00
   endloop
 endfacet
 facet normal  9.034703e-01  4.286506e-01  0.000000e+00
   outer loop
     vertex  2.914318e+01  3.559330e+00 -2.500000e+00
     vertex  2.923534e+01  3.365078e+00  2.500000e+00
     vertex  2.923534e+01  3.365078e+00 -2.500000e+00
   endloop
 endfacet
 facet normal  9.034703e-01  4.286506e-01 -0.000000e+00
   outer loop
     vertex  2.914318e+01  3.559330e+00 -2.500000e+00
     vertex  2.914318e+01  3.559330e+00  2.500000e+00
     vertex  2.923534e+01  3.365078e+00  2.500000e+00
   endloop
 endfacet
 facet normal  8.934755e-01  4.491118e-01  0.000000e+00
   outer loop
     vertex  2.904585e+01  3.752952e+00 -2.500000e+00
     vertex  2.914318e+01  3.559330e+00  2.500000e+00
     vertex  2.914318e+01  3.559330e+00 -2.500000e+00
   endloop
 endfacet
 facet normal  8.934755e-01  4.491118e-01 -0.000000e+00
   outer loop
     vertex  2.904585e+01  3.752952e+00 -2.500000e+00
     vertex  2.904585e+01  3.752952e+00  2.500000e+00
     vertex  2.914318e+01  3.559330e+00  2.500000e+00
   endloop
 endfacet
 facet normal  8.831872e-01  4.690206e-01  0.000000e+00
   outer loop
     vertex  2.894338e+01  3.945909e+00 -2.500000e+00
     vertex  2.904585e+01  3.752952e+00  2.500000e+00
     vertex  2.904585e+01  3.752952e+00 -2.500000e+00
   endloop
 endfacet
 facet normal  8.831872e-01  4.690206e-01 -0.000000e+00
   outer loop
     vertex  2.894338e+01  3.945909e+00 -2.500000e+00
     vertex  2.894338e+01  3.945909e+00  2.500000e+00
     vertex  2.904585e+01  3.752952e+00  2.500000e+00
   endloop
 endfacet
 facet normal  8.726349e-01  4.883731e-01 -0.000000e+00
   outer loop
     vertex  2.894338e+01  3.945909e+00 -2.500000e+00
     vertex  2.883578e+01  4.138167e+00  2.500000e+00
     vertex  2.894338e+01  3.945909e+00  2.500000e+00
   endloop
 endfacet
 facet normal  8.726349e-01  4.883731e-01 -0.000000e+00
   outer loop
     vertex  2.883578e+01  4.138167e+00 -2.500000e+00
     vertex  2.883578e+01  4.138167e+00  2.500000e+00
     vertex  2.894338e+01  3.945909e+00 -2.500000e+00
   endloop
 endfacet
 facet normal  8.618473e-01  5.071679e-01  0.000000e+00
   outer loop
     vertex  2.872308e+01  4.329692e+00 -2.500000e+00
     vertex  2.883578e+01  4.138167e+00  2.500000e+00
     vertex  2.883578e+01  4.138167e+00 -2.500000e+00
   endloop
 endfacet
 facet normal  8.618473e-01  5.071679e-01 -0.000000e+00
   outer loop
     vertex  2.872308e+01  4.329692e+00 -2.500000e+00
     vertex  2.872308e+01  4.329692e+00  2.500000e+00
     vertex  2.883578e+01  4.138167e+00  2.500000e+00
   endloop
 endfacet
 facet normal  8.508519e-01  5.254056e-01  0.000000e+00
   outer loop
     vertex  2.860528e+01  4.520450e+00 -2.500000e+00
     vertex  2.872308e+01  4.329692e+00  2.500000e+00
     vertex  2.872308e+01  4.329692e+00 -2.500000e+00
   endloop
 endfacet
 facet normal  8.508519e-01  5.254056e-01 -0.000000e+00
   outer loop
     vertex  2.860528e+01  4.520450e+00 -2.500000e+00
     vertex  2.860528e+01  4.520450e+00  2.500000e+00
     vertex  2.872308e+01  4.329692e+00  2.500000e+00
   endloop
 endfacet
 facet normal  8.396753e-01  5.430888e-01  0.000000e+00
   outer loop
     vertex  2.848242e+01  4.710407e+00 -2.500000e+00
     vertex  2.860528e+01  4.520450e+00  2.500000e+00
     vertex  2.860528e+01  4.520450e+00 -2.500000e+00
   endloop
 endfacet
 facet normal  8.396753e-01  5.430888e-01 -0.000000e+00
   outer loop
     vertex  2.848242e+01  4.710407e+00 -2.500000e+00
     vertex  2.848242e+01  4.710407e+00  2.500000e+00
     vertex  2.860528e+01  4.520450e+00  2.500000e+00
   endloop
 endfacet
 facet normal  8.283427e-01  5.602217e-01  0.000000e+00
   outer loop
     vertex  2.835451e+01  4.899530e+00 -2.500000e+00
     vertex  2.848242e+01  4.710407e+00  2.500000e+00
     vertex  2.848242e+01  4.710407e+00 -2.500000e+00
   endloop
 endfacet
 facet normal  8.283427e-01  5.602217e-01 -0.000000e+00
   outer loop
     vertex  2.835451e+01  4.899530e+00 -2.500000e+00
     vertex  2.835451e+01  4.899530e+00  2.500000e+00
     vertex  2.848242e+01  4.710407e+00  2.500000e+00
   endloop
 endfacet
 facet normal  8.168781e-01  5.768103e-01 -0.000000e+00
   outer loop
     vertex  2.835451e+01  4.899530e+00 -2.500000e+00
     vertex  2.822158e+01  5.087785e+00  2.500000e+00
     vertex  2.835451e+01  4.899530e+00  2.500000e+00
   endloop
 endfacet
 facet normal  8.168781e-01  5.768103e-01 -0.000000e+00
   outer loop
     vertex  2.822158e+01  5.087785e+00 -2.500000e+00
     vertex  2.822158e+01  5.087785e+00  2.500000e+00
     vertex  2.835451e+01  4.899530e+00 -2.500000e+00
   endloop
 endfacet
 facet normal  8.053042e-01  5.928618e-01  0.000000e+00
   outer loop
     vertex  2.808365e+01  5.275139e+00 -2.500000e+00
     vertex  2.822158e+01  5.087785e+00  2.500000e+00
     vertex  2.822158e+01  5.087785e+00 -2.500000e+00
   endloop
 endfacet
 facet normal  8.053042e-01  5.928618e-01 -0.000000e+00
   outer loop
     vertex  2.808365e+01  5.275139e+00 -2.500000e+00
     vertex  2.808365e+01  5.275139e+00  2.500000e+00
     vertex  2.822158e+01  5.087785e+00  2.500000e+00
   endloop
 endfacet
 facet normal  7.936423e-01  6.083846e-01 -0.000000e+00
   outer loop
     vertex  2.794075e+01  5.461558e+00 -2.500000e+00
     vertex  2.794075e+01  5.461558e+00  2.500000e+00
     vertex  2.808365e+01  5.275139e+00  2.500000e+00
   endloop
 endfacet
 facet normal  7.936423e-01  6.083846e-01  0.000000e+00
   outer loop
     vertex  2.794075e+01  5.461558e+00 -2.500000e+00
     vertex  2.808365e+01  5.275139e+00  2.500000e+00
     vertex  2.808365e+01  5.275139e+00 -2.500000e+00
   endloop
 endfacet
 facet normal  7.819124e-01  6.233883e-01 -0.000000e+00
   outer loop
     vertex  2.779290e+01  5.647009e+00 -2.500000e+00
     vertex  2.779290e+01  5.647009e+00  2.500000e+00
     vertex  2.794075e+01  5.461558e+00  2.500000e+00
   endloop
 endfacet
 facet normal  7.819124e-01  6.233883e-01  0.000000e+00
   outer loop
     vertex  2.779290e+01  5.647009e+00 -2.500000e+00
     vertex  2.794075e+01  5.461558e+00  2.500000e+00
     vertex  2.794075e+01  5.461558e+00 -2.500000e+00
   endloop
 endfacet
 facet normal  7.701330e-01  6.378833e-01 -0.000000e+00
   outer loop
     vertex  2.764012e+01  5.831461e+00 -2.500000e+00
     vertex  2.764012e+01  5.831461e+00  2.500000e+00
     vertex  2.779290e+01  5.647009e+00  2.500000e+00
   endloop
 endfacet
 facet normal  7.701330e-01  6.378833e-01  0.000000e+00
   outer loop
     vertex  2.764012e+01  5.831461e+00 -2.500000e+00
     vertex  2.779290e+01  5.647009e+00  2.500000e+00
     vertex  2.779290e+01  5.647009e+00 -2.500000e+00
   endloop
 endfacet
 facet normal  7.583215e-01  6.518807e-01 -0.000000e+00
   outer loop
     vertex  2.748245e+01  6.014879e+00 -2.500000e+00
     vertex  2.748245e+01  6.014879e+00  2.500000e+00
     vertex  2.764012e+01  5.831461e+00  2.500000e+00
   endloop
 endfacet
 facet normal  7.583215e-01  6.518807e-01  0.000000e+00
   outer loop
     vertex  2.748245e+01  6.014879e+00 -2.500000e+00
     vertex  2.764012e+01  5.831461e+00  2.500000e+00
     vertex  2.764012e+01  5.831461e+00 -2.500000e+00
   endloop
 endfacet
 facet normal  7.464939e-01  6.653923e-01 -0.000000e+00
   outer loop
     vertex  2.731991e+01  6.197232e+00 -2.500000e+00
     vertex  2.731991e+01  6.197232e+00  2.500000e+00
     vertex  2.748245e+01  6.014879e+00  2.500000e+00
   endloop
 endfacet
 facet normal  7.464939e-01  6.653923e-01  0.000000e+00
   outer loop
     vertex  2.731991e+01  6.197232e+00 -2.500000e+00
     vertex  2.748245e+01  6.014879e+00  2.500000e+00
     vertex  2.748245e+01  6.014879e+00 -2.500000e+00
   endloop
 endfacet
 facet normal  7.346647e-01  6.784303e-01  0.000000e+00
   outer loop
     vertex  2.715252e+01  6.378487e+00 -2.500000e+00
     vertex  2.731991e+01  6.197232e+00  2.500000e+00
     vertex  2.731991e+01  6.197232e+00 -2.500000e+00
   endloop
 endfacet
 facet normal  7.346647e-01  6.784303e-01 -0.000000e+00
   outer loop
     vertex  2.715252e+01  6.378487e+00 -2.500000e+00
     vertex  2.715252e+01  6.378487e+00  2.500000e+00
     vertex  2.731991e+01  6.197232e+00  2.500000e+00
   endloop
 endfacet
 facet normal  7.228477e-01  6.910074e-01 -0.000000e+00
   outer loop
     vertex  2.698033e+01  6.558612e+00 -2.500000e+00
     vertex  2.698033e+01  6.558612e+00  2.500000e+00
     vertex  2.715252e+01  6.378487e+00  2.500000e+00
   endloop
 endfacet
 facet normal  7.228477e-01  6.910074e-01  0.000000e+00
   outer loop
     vertex  2.698033e+01  6.558612e+00 -2.500000e+00
     vertex  2.715252e+01  6.378487e+00  2.500000e+00
     vertex  2.715252e+01  6.378487e+00 -2.500000e+00
   endloop
 endfacet
 facet normal  7.110549e-01  7.031365e-01 -0.000000e+00
   outer loop
     vertex  2.698033e+01  6.558612e+00 -2.500000e+00
     vertex  2.680336e+01  6.737575e+00  2.500000e+00
     vertex  2.698033e+01  6.558612e+00  2.500000e+00
   endloop
 endfacet
 facet normal  6.992977e-01  7.148305e-01 -0.000000e+00
   outer loop
     vertex  2.680336e+01  6.737575e+00 -2.500000e+00
     vertex  2.662165e+01  6.915345e+00  2.500000e+00
     vertex  2.680336e+01  6.737575e+00  2.500000e+00
   endloop
 endfacet
 facet normal  7.110549e-01  7.031365e-01 -0.000000e+00
   outer loop
     vertex  2.680336e+01  6.737575e+00 -2.500000e+00
     vertex  2.680336e+01  6.737575e+00  2.500000e+00
     vertex  2.698033e+01  6.558612e+00 -2.500000e+00
   endloop
 endfacet
 facet normal  6.992977e-01  7.148305e-01 -0.000000e+00
   outer loop
     vertex  2.662165e+01  6.915345e+00 -2.500000e+00
     vertex  2.662165e+01  6.915345e+00  2.500000e+00
     vertex  2.680336e+01  6.737575e+00 -2.500000e+00
   endloop
 endfacet
 facet normal  6.875862e-01  7.261027e-01 -0.000000e+00
   outer loop
     vertex  2.643521e+01  7.091890e+00 -2.500000e+00
     vertex  2.643521e+01  7.091890e+00  2.500000e+00
     vertex  2.662165e+01  6.915345e+00  2.500000e+00
   endloop
 endfacet
 facet normal  6.875862e-01  7.261027e-01  0.000000e+00
   outer loop
     vertex  2.643521e+01  7.091890e+00 -2.500000e+00
     vertex  2.662165e+01  6.915345e+00  2.500000e+00
     vertex  2.662165e+01  6.915345e+00 -2.500000e+00
   endloop
 endfacet
 facet normal  6.759295e-01  7.369663e-01 -0.000000e+00
   outer loop
     vertex  2.624409e+01  7.267178e+00 -2.500000e+00
     vertex  2.624409e+01  7.267178e+00  2.500000e+00
     vertex  2.643521e+01  7.091890e+00  2.500000e+00
   endloop
 endfacet
 facet normal  6.759295e-01  7.369663e-01  0.000000e+00
   outer loop
     vertex  2.624409e+01  7.267178e+00 -2.500000e+00
     vertex  2.643521e+01  7.091890e+00  2.500000e+00
     vertex  2.643521e+01  7.091890e+00 -2.500000e+00
   endloop
 endfacet
 facet normal  6.643357e-01  7.474343e-01 -0.000000e+00
   outer loop
     vertex  2.604833e+01  7.441180e+00 -2.500000e+00
     vertex  2.604833e+01  7.441180e+00  2.500000e+00
     vertex  2.624409e+01  7.267178e+00  2.500000e+00
   endloop
 endfacet
 facet normal  6.643357e-01  7.474343e-01  0.000000e+00
   outer loop
     vertex  2.604833e+01  7.441180e+00 -2.500000e+00
     vertex  2.624409e+01  7.267178e+00  2.500000e+00
     vertex  2.624409e+01  7.267178e+00 -2.500000e+00
   endloop
 endfacet
 facet normal  6.528121e-01  7.575198e-01 -0.000000e+00
   outer loop
     vertex  2.584795e+01  7.613863e+00 -2.500000e+00
     vertex  2.584795e+01  7.613863e+00  2.500000e+00
     vertex  2.604833e+01  7.441180e+00  2.500000e+00
   endloop
 endfacet
 facet normal  6.528121e-01  7.575198e-01  0.000000e+00
   outer loop
     vertex  2.584795e+01  7.613863e+00 -2.500000e+00
     vertex  2.604833e+01  7.441180e+00  2.500000e+00
     vertex  2.604833e+01  7.441180e+00 -2.500000e+00
   endloop
 endfacet
 facet normal  6.394653e-01  7.688200e-01 -0.000000e+00
   outer loop
     vertex  2.557366e+01  7.842003e+00 -2.500000e+00
     vertex  2.557366e+01  7.842003e+00  2.500000e+00
     vertex  2.584795e+01  7.613863e+00  2.500000e+00
   endloop
 endfacet
 facet normal  6.394653e-01  7.688200e-01  0.000000e+00
   outer loop
     vertex  2.557366e+01  7.842003e+00 -2.500000e+00
     vertex  2.584795e+01  7.613863e+00  2.500000e+00
     vertex  2.584795e+01  7.613863e+00 -2.500000e+00
   endloop
 endfacet
 facet normal  6.234112e-01  7.818941e-01 -0.000000e+00
   outer loop
     vertex  2.525546e+01  8.095706e+00 -2.500000e+00
     vertex  2.525546e+01  8.095706e+00  2.500000e+00
     vertex  2.557366e+01  7.842003e+00  2.500000e+00
   endloop
 endfacet
 facet normal  6.234112e-01  7.818941e-01  0.000000e+00
   outer loop
     vertex  2.525546e+01  8.095706e+00 -2.500000e+00
     vertex  2.557366e+01  7.842003e+00  2.500000e+00
     vertex  2.557366e+01  7.842003e+00 -2.500000e+00
   endloop
 endfacet
 facet normal  6.066093e-01  7.950001e-01 -0.000000e+00
   outer loop
     vertex  2.492719e+01  8.346182e+00 -2.500000e+00
     vertex  2.492719e+01  8.346182e+00  2.500000e+00
     vertex  2.525546e+01  8.095706e+00  2.500000e+00
   endloop
 endfacet
 facet normal  6.066093e-01  7.950001e-01  0.000000e+00
   outer loop
     vertex  2.492719e+01  8.346182e+00 -2.500000e+00
     vertex  2.525546e+01  8.095706e+00  2.500000e+00
     vertex  2.525546e+01  8.095706e+00 -2.500000e+00
   endloop
 endfacet
 facet normal  5.900219e-01  8.073872e-01 -0.000000e+00
   outer loop
     vertex  2.458899e+01  8.593332e+00 -2.500000e+00
     vertex  2.458899e+01  8.593332e+00  2.500000e+00
     vertex  2.492719e+01  8.346182e+00  2.500000e+00
   endloop
 endfacet
 facet normal  5.900219e-01  8.073872e-01  0.000000e+00
   outer loop
     vertex  2.458899e+01  8.593332e+00 -2.500000e+00
     vertex  2.492719e+01  8.346182e+00  2.500000e+00
     vertex  2.492719e+01  8.346182e+00 -2.500000e+00
   endloop
 endfacet
 facet normal  5.736587e-01  8.190945e-01 -0.000000e+00
   outer loop
     vertex  2.424099e+01  8.837056e+00 -2.500000e+00
     vertex  2.424099e+01  8.837056e+00  2.500000e+00
     vertex  2.458899e+01  8.593332e+00  2.500000e+00
   endloop
 endfacet
 facet normal  5.575268e-01  8.301590e-01 -0.000000e+00
   outer loop
     vertex  2.424099e+01  8.837056e+00 -2.500000e+00
     vertex  2.388333e+01  9.077258e+00  2.500000e+00
     vertex  2.424099e+01  8.837056e+00  2.500000e+00
   endloop
 endfacet
 facet normal  5.736587e-01  8.190945e-01  0.000000e+00
   outer loop
     vertex  2.424099e+01  8.837056e+00 -2.500000e+00
     vertex  2.458899e+01  8.593332e+00  2.500000e+00
     vertex  2.458899e+01  8.593332e+00 -2.500000e+00
   endloop
 endfacet
 facet normal  5.575268e-01  8.301590e-01 -0.000000e+00
   outer loop
     vertex  2.388333e+01  9.077258e+00 -2.500000e+00
     vertex  2.388333e+01  9.077258e+00  2.500000e+00
     vertex  2.424099e+01  8.837056e+00 -2.500000e+00
   endloop
 endfacet
 facet normal  5.416312e-01  8.406162e-01 -0.000000e+00
   outer loop
     vertex  2.351615e+01  9.313843e+00 -2.500000e+00
     vertex  2.351615e+01  9.313843e+00  2.500000e+00
     vertex  2.388333e+01  9.077258e+00  2.500000e+00
   endloop
 endfacet
 facet normal  5.416312e-01  8.406162e-01  0.000000e+00
   outer loop
     vertex  2.351615e+01  9.313843e+00 -2.500000e+00
     vertex  2.388333e+01  9.077258e+00  2.500000e+00
     vertex  2.388333e+01  9.077258e+00 -2.500000e+00
   endloop
 endfacet
 facet normal  5.259749e-01  8.505001e-01 -0.000000e+00
   outer loop
     vertex  2.313960e+01  9.546715e+00 -2.500000e+00
     vertex  2.313960e+01  9.546715e+00  2.500000e+00
     vertex  2.351615e+01  9.313843e+00  2.500000e+00
   endloop
 endfacet
 facet normal  5.105592e-01  8.598426e-01 -0.000000e+00
   outer loop
     vertex  2.313960e+01  9.546715e+00 -2.500000e+00
     vertex  2.275382e+01  9.775782e+00  2.500000e+00
     vertex  2.313960e+01  9.546715e+00  2.500000e+00
   endloop
 endfacet
 facet normal  5.259749e-01  8.505001e-01  0.000000e+00
   outer loop
     vertex  2.313960e+01  9.546715e+00 -2.500000e+00
     vertex  2.351615e+01  9.313843e+00  2.500000e+00
     vertex  2.351615e+01  9.313843e+00 -2.500000e+00
   endloop
 endfacet
 facet normal  5.105592e-01  8.598426e-01 -0.000000e+00
   outer loop
     vertex  2.275382e+01  9.775782e+00 -2.500000e+00
     vertex  2.275382e+01  9.775782e+00  2.500000e+00
     vertex  2.313960e+01  9.546715e+00 -2.500000e+00
   endloop
 endfacet
 facet normal  4.953840e-01  8.686741e-01 -0.000000e+00
   outer loop
     vertex  2.235897e+01  1.000095e+01 -2.500000e+00
     vertex  2.235897e+01  1.000095e+01  2.500000e+00
     vertex  2.275382e+01  9.775782e+00  2.500000e+00
   endloop
 endfacet
 facet normal  4.953840e-01  8.686741e-01  0.000000e+00
   outer loop
     vertex  2.235897e+01  1.000095e+01 -2.500000e+00
     vertex  2.275382e+01  9.775782e+00  2.500000e+00
     vertex  2.275382e+01  9.775782e+00 -2.500000e+00
   endloop
 endfacet
 facet normal  4.804480e-01  8.770232e-01 -0.000000e+00
   outer loop
     vertex  2.195522e+01  1.022214e+01 -2.500000e+00
     vertex  2.195522e+01  1.022214e+01  2.500000e+00
     vertex  2.235897e+01  1.000095e+01  2.500000e+00
   endloop
 endfacet
 facet normal  4.804480e-01  8.770232e-01  0.000000e+00
   outer loop
     vertex  2.195522e+01  1.022214e+01 -2.500000e+00
     vertex  2.235897e+01  1.000095e+01  2.500000e+00
     vertex  2.235897e+01  1.000095e+01 -2.500000e+00
   endloop
 endfacet
 facet normal  4.657487e-01  8.849170e-01 -0.000000e+00
   outer loop
     vertex  2.154271e+01  1.043925e+01 -2.500000e+00
     vertex  2.154271e+01  1.043925e+01  2.500000e+00
     vertex  2.195522e+01  1.022214e+01  2.500000e+00
   endloop
 endfacet
 facet normal  4.657487e-01  8.849170e-01  0.000000e+00
   outer loop
     vertex  2.154271e+01  1.043925e+01 -2.500000e+00
     vertex  2.195522e+01  1.022214e+01  2.500000e+00
     vertex  2.195522e+01  1.022214e+01 -2.500000e+00
   endloop
 endfacet
 facet normal  4.512828e-01  8.923810e-01  0.000000e+00
   outer loop
     vertex  2.112162e+01  1.065220e+01 -2.500000e+00
     vertex  2.154271e+01  1.043925e+01  2.500000e+00
     vertex  2.154271e+01  1.043925e+01 -2.500000e+00
   endloop
 endfacet
 facet normal  4.512828e-01  8.923810e-01 -0.000000e+00
   outer loop
     vertex  2.112162e+01  1.065220e+01 -2.500000e+00
     vertex  2.112162e+01  1.065220e+01  2.500000e+00
     vertex  2.154271e+01  1.043925e+01  2.500000e+00
   endloop
 endfacet
 facet normal  4.370463e-01  8.994390e-01 -0.000000e+00
   outer loop
     vertex  2.069210e+01  1.086090e+01 -2.500000e+00
     vertex  2.069210e+01  1.086090e+01  2.500000e+00
     vertex  2.112162e+01  1.065220e+01  2.500000e+00
   endloop
 endfacet
 facet normal  4.370463e-01  8.994390e-01  0.000000e+00
   outer loop
     vertex  2.069210e+01  1.086090e+01 -2.500000e+00
     vertex  2.112162e+01  1.065220e+01  2.500000e+00
     vertex  2.112162e+01  1.065220e+01 -2.500000e+00
   endloop
 endfacet
 facet normal  4.230346e-01  9.061135e-01 -0.000000e+00
   outer loop
     vertex  2.025434e+01  1.106528e+01 -2.500000e+00
     vertex  2.025434e+01  1.106528e+01  2.500000e+00
     vertex  2.069210e+01  1.086090e+01  2.500000e+00
   endloop
 endfacet
 facet normal  4.230346e-01  9.061135e-01  0.000000e+00
   outer loop
     vertex  2.025434e+01  1.106528e+01 -2.500000e+00
     vertex  2.069210e+01  1.086090e+01  2.500000e+00
     vertex  2.069210e+01  1.086090e+01 -2.500000e+00
   endloop
 endfacet
 facet normal  4.069646e-01  9.134439e-01  0.000000e+00
   outer loop
     vertex  1.965814e+01  1.133090e+01 -2.500000e+00
     vertex  2.025434e+01  1.106528e+01  2.500000e+00
     vertex  2.025434e+01  1.106528e+01 -2.500000e+00
   endloop
 endfacet
 facet normal  4.069646e-01  9.134439e-01 -0.000000e+00
   outer loop
     vertex  1.965814e+01  1.133090e+01 -2.500000e+00
     vertex  1.965814e+01  1.133090e+01  2.500000e+00
     vertex  2.025434e+01  1.106528e+01  2.500000e+00
   endloop
 endfacet
 facet normal  3.878399e-01  9.217268e-01 -0.000000e+00
   outer loop
     vertex  1.897078e+01  1.162013e+01 -2.500000e+00
     vertex  1.897078e+01  1.162013e+01  2.500000e+00
     vertex  1.965814e+01  1.133090e+01  2.500000e+00
   endloop
 endfacet
 facet normal  3.878399e-01  9.217268e-01  0.000000e+00
   outer loop
     vertex  1.897078e+01  1.162013e+01 -2.500000e+00
     vertex  1.965814e+01  1.133090e+01  2.500000e+00
     vertex  1.965814e+01  1.133090e+01 -2.500000e+00
   endloop
 endfacet
 facet normal  3.680371e-01  9.298111e-01 -0.000000e+00
   outer loop
     vertex  1.826641e+01  1.189893e+01 -2.500000e+00
     vertex  1.826641e+01  1.189893e+01  2.500000e+00
     vertex  1.897078e+01  1.162013e+01  2.500000e+00
   endloop
 endfacet
 facet normal  3.680371e-01  9.298111e-01  0.000000e+00
   outer loop
     vertex  1.826641e+01  1.189893e+01 -2.500000e+00
     vertex  1.897078e+01  1.162013e+01  2.500000e+00
     vertex  1.897078e+01  1.162013e+01 -2.500000e+00
   endloop
 endfacet
 facet normal  3.486730e-01  9.372444e-01 -0.000000e+00
   outer loop
     vertex  1.754565e+01  1.216707e+01 -2.500000e+00
     vertex  1.754565e+01  1.216707e+01  2.500000e+00
     vertex  1.826641e+01  1.189893e+01  2.500000e+00
   endloop
 endfacet
 facet normal  3.486730e-01  9.372444e-01  0.000000e+00
   outer loop
     vertex  1.754565e+01  1.216707e+01 -2.500000e+00
     vertex  1.826641e+01  1.189893e+01  2.500000e+00
     vertex  1.826641e+01  1.189893e+01 -2.500000e+00
   endloop
 endfacet
 facet normal  3.297255e-01  9.440768e-01 -0.000000e+00
   outer loop
     vertex  1.680917e+01  1.242429e+01 -2.500000e+00
     vertex  1.680917e+01  1.242429e+01  2.500000e+00
     vertex  1.754565e+01  1.216707e+01  2.500000e+00
   endloop
 endfacet
 facet normal  3.297255e-01  9.440768e-01  0.000000e+00
   outer loop
     vertex  1.680917e+01  1.242429e+01 -2.500000e+00
     vertex  1.754565e+01  1.216707e+01  2.500000e+00
     vertex  1.754565e+01  1.216707e+01 -2.500000e+00
   endloop
 endfacet
 facet normal  3.111723e-01  9.503535e-01 -0.000000e+00
   outer loop
     vertex  1.605761e+01  1.267037e+01 -2.500000e+00
     vertex  1.605761e+01  1.267037e+01  2.500000e+00
     vertex  1.680917e+01  1.242429e+01  2.500000e+00
   endloop
 endfacet
 facet normal  2.929909e-01  9.561152e-01 -0.000000e+00
   outer loop
     vertex  1.605761e+01  1.267037e+01 -2.500000e+00
     vertex  1.529165e+01  1.290509e+01  2.500000e+00
     vertex  1.605761e+01  1.267037e+01  2.500000e+00
   endloop
 endfacet
 facet normal  3.111723e-01  9.503535e-01  0.000000e+00
   outer loop
     vertex  1.605761e+01  1.267037e+01 -2.500000e+00
     vertex  1.680917e+01  1.242429e+01  2.500000e+00
     vertex  1.680917e+01  1.242429e+01 -2.500000e+00
   endloop
 endfacet
 facet normal  2.929909e-01  9.561152e-01 -0.000000e+00
   outer loop
     vertex  1.529165e+01  1.290509e+01 -2.500000e+00
     vertex  1.529165e+01  1.290509e+01  2.500000e+00
     vertex  1.605761e+01  1.267037e+01 -2.500000e+00
   endloop
 endfacet
 facet normal  2.751586e-01  9.613988e-01  0.000000e+00
   outer loop
     vertex  1.451198e+01  1.312824e+01 -2.500000e+00
     vertex  1.529165e+01  1.290509e+01  2.500000e+00
     vertex  1.529165e+01  1.290509e+01 -2.500000e+00
   endloop
 endfacet
 facet normal  2.751586e-01  9.613988e-01 -0.000000e+00
   outer loop
     vertex  1.451198e+01  1.312824e+01 -2.500000e+00
     vertex  1.451198e+01  1.312824e+01  2.500000e+00
     vertex  1.529165e+01  1.290509e+01  2.500000e+00
   endloop
 endfacet
 facet normal  2.576533e-01  9.662374e-01 -0.000000e+00
   outer loop
     vertex  1.451198e+01  1.312824e+01 -2.500000e+00
     vertex  1.371929e+01  1.333961e+01  2.500000e+00
     vertex  1.451198e+01  1.312824e+01  2.500000e+00
   endloop
 endfacet
 facet normal  2.576533e-01  9.662374e-01 -0.000000e+00
   outer loop
     vertex  1.371929e+01  1.333961e+01 -2.500000e+00
     vertex  1.371929e+01  1.333961e+01  2.500000e+00
     vertex  1.451198e+01  1.312824e+01 -2.500000e+00
   endloop
 endfacet
 facet normal  2.404530e-01  9.706608e-01  0.000000e+00
   outer loop
     vertex  1.291431e+01  1.353902e+01 -2.500000e+00
     vertex  1.371929e+01  1.333961e+01  2.500000e+00
     vertex  1.371929e+01  1.333961e+01 -2.500000e+00
   endloop
 endfacet
 facet normal  2.404530e-01  9.706608e-01 -0.000000e+00
   outer loop
     vertex  1.291431e+01  1.353902e+01 -2.500000e+00
     vertex  1.291431e+01  1.353902e+01  2.500000e+00
     vertex  1.371929e+01  1.333961e+01  2.500000e+00
   endloop
 endfacet
 facet normal  2.235361e-01  9.746957e-01  0.000000e+00
   outer loop
     vertex  1.209774e+01  1.372630e+01 -2.500000e+00
     vertex  1.291431e+01  1.353902e+01  2.500000e+00
     vertex  1.291431e+01  1.353902e+01 -2.500000e+00
   endloop
 endfacet
 facet normal  2.235361e-01  9.746957e-01 -0.000000e+00
   outer loop
     vertex  1.209774e+01  1.372630e+01 -2.500000e+00
     vertex  1.209774e+01  1.372630e+01  2.500000e+00
     vertex  1.291431e+01  1.353902e+01  2.500000e+00
   endloop
 endfacet
 facet normal  2.068815e-01  9.783660e-01 -0.000000e+00
   outer loop
     vertex  1.209774e+01  1.372630e+01 -2.500000e+00
     vertex  1.127032e+01  1.390126e+01  2.500000e+00
     vertex  1.209774e+01  1.372630e+01  2.500000e+00
   endloop
 endfacet
 facet normal  2.068815e-01  9.783660e-01 -0.000000e+00
   outer loop
     vertex  1.127032e+01  1.390126e+01 -2.500000e+00
     vertex  1.127032e+01  1.390126e+01  2.500000e+00
     vertex  1.209774e+01  1.372630e+01 -2.500000e+00
   endloop
 endfacet
 facet normal  1.904684e-01  9.816933e-01  0.000000e+00
   outer loop
     vertex  1.043280e+01  1.406375e+01 -2.500000e+00
     vertex  1.127032e+01  1.390126e+01  2.500000e+00
     vertex  1.127032e+01  1.390126e+01 -2.500000e+00
   endloop
 endfacet
 facet normal  1.904684e-01  9.816933e-01 -0.000000e+00
   outer loop
     vertex  1.043280e+01  1.406375e+01 -2.500000e+00
     vertex  1.043280e+01  1.406375e+01  2.500000e+00
     vertex  1.127032e+01  1.390126e+01  2.500000e+00
   endloop
 endfacet
 facet normal  1.742767e-01  9.846967e-01  0.000000e+00
   outer loop
     vertex  9.585920e+00  1.421364e+01 -2.500000e+00
     vertex  1.043280e+01  1.406375e+01  2.500000e+00
     vertex  1.043280e+01  1.406375e+01 -2.500000e+00
   endloop
 endfacet
 facet normal  1.742767e-01  9.846967e-01 -0.000000e+00
   outer loop
     vertex  9.585920e+00  1.421364e+01 -2.500000e+00
     vertex  9.585920e+00  1.421364e+01  2.500000e+00
     vertex  1.043280e+01  1.406375e+01  2.500000e+00
   endloop
 endfacet
 facet normal  1.582866e-01  9.873932e-01 -0.000000e+00
   outer loop
     vertex  9.585920e+00  1.421364e+01 -2.500000e+00
     vertex  8.730445e+00  1.435078e+01  2.500000e+00
     vertex  9.585920e+00  1.421364e+01  2.500000e+00
   endloop
 endfacet
 facet normal  1.582866e-01  9.873932e-01 -0.000000e+00
   outer loop
     vertex  8.730445e+00  1.435078e+01 -2.500000e+00
     vertex  8.730445e+00  1.435078e+01  2.500000e+00
     vertex  9.585920e+00  1.421364e+01 -2.500000e+00
   endloop
 endfacet
 facet normal  1.447493e-01  9.894684e-01  0.000000e+00
   outer loop
     vertex  8.117065e+00  1.444051e+01 -2.500000e+00
     vertex  8.730445e+00  1.435078e+01  2.500000e+00
     vertex  8.730445e+00  1.435078e+01 -2.500000e+00
   endloop
 endfacet
 facet normal  1.447493e-01  9.894684e-01 -0.000000e+00
   outer loop
     vertex  8.117065e+00  1.444051e+01 -2.500000e+00
     vertex  8.117065e+00  1.444051e+01  2.500000e+00
     vertex  8.730445e+00  1.435078e+01  2.500000e+00
   endloop
 endfacet
 facet normal  1.335881e-01  9.910369e-01  0.000000e+00
   outer loop
     vertex  7.500000e+00  1.452369e+01 -2.500000e+00
     vertex  8.117065e+00  1.444051e+01  2.500000e+00
     vertex  8.117065e+00  1.444051e+01 -2.500000e+00
   endloop
 endfacet
 facet normal  1.335881e-01  9.910369e-01 -0.000000e+00
   outer loop
     vertex  7.500000e+00  1.452369e+01 -2.500000e+00
     vertex  7.500000e+00  1.452369e+01  2.500000e+00
     vertex  8.117065e+00  1.444051e+01  2.500000e+00
   endloop
 endfacet
 facet normal  0.000000e+00  0.000000e+00 -1.000000e+00
   outer loop
     vertex -2.134853e+01 -2.368554e+00 -2.500000e+00
     vertex -2.589205e+01 -7.576304e+00 -2.500000e+00
     vertex -2.615020e+01 -7.351310e+00 -2.500000e+00
   endloop
 endfacet
 facet normal -0.000000e+00  0.000000e+00 -1.000000e+00
   outer loop
     vertex -2.126409e+01 -2.451498e+00 -2.500000e+00
     vertex -2.589205e+01 -7.576304e+00 -2.500000e+00
     vertex -2.134853e+01 -2.368554e+00 -2.500000e+00
   endloop
 endfacet
 facet normal  0.000000e+00 -0.000000e+00 -1.000000e+00
   outer loop
     vertex -2.143005e+01 -2.285287e+00 -2.500000e+00
     vertex -2.134853e+01 -2.368554e+00 -2.500000e+00
     vertex -2.615020e+01 -7.351310e+00 -2.500000e+00
   endloop
 endfacet
 facet normal  0.000000e+00  0.000000e+00 -1.000000e+00
   outer loop
     vertex -2.143005e+01 -2.285287e+00 -2.500000e+00
     vertex -2.615020e+01 -7.351310e+00 -2.500000e+00
     vertex -2.633868e+01 -7.181119e+00 -2.500000e+00
   endloop
 endfacet
 facet normal -0.000000e+00  0.000000e+00 -1.000000e+00
   outer loop
     vertex -2.117675e+01 -2.534108e+00 -2.500000e+00
     vertex -2.589205e+01 -7.576304e+00 -2.500000e+00
     vertex -2.126409e+01 -2.451498e+00 -2.500000e+00
   endloop
 endfacet
 facet normal  0.000000e+00  0.000000e+00 -1.000000e+00
   outer loop
     vertex -2.117675e+01 -2.534108e+00 -2.500000e+00
     vertex -2.559239e+01 -7.826710e+00 -2.500000e+00
     vertex -2.589205e+01 -7.576304e+00 -2.500000e+00
   endloop
 endfacet
 facet normal  0.000000e+00 -0.000000e+00 -1.000000e+00
   outer loop
     vertex -2.150866e+01 -2.201708e+00 -2.500000e+00
     vertex -2.143005e+01 -2.285287e+00 -2.500000e+00
     vertex -2.633868e+01 -7.181119e+00 -2.500000e+00
   endloop
 endfacet
 facet normal  0.000000e+00  0.000000e+00 -1.000000e+00
   outer loop
     vertex -2.150866e+01 -2.201708e+00 -2.500000e+00
     vertex -2.633868e+01 -7.181119e+00 -2.500000e+00
     vertex -2.652273e+01 -7.009719e+00 -2.500000e+00
   endloop
 endfacet
 facet normal -0.000000e+00  0.000000e+00 -1.000000e+00
   outer loop
     vertex -2.108652e+01 -2.616371e+00 -2.500000e+00
     vertex -2.559239e+01 -7.826710e+00 -2.500000e+00
     vertex -2.117675e+01 -2.534108e+00 -2.500000e+00
   endloop
 endfacet
 facet normal  0.000000e+00 -0.000000e+00 -1.000000e+00
   outer loop
     vertex -2.158433e+01 -2.117829e+00 -2.500000e+00
     vertex -2.150866e+01 -2.201708e+00 -2.500000e+00
     vertex -2.652273e+01 -7.009719e+00 -2.500000e+00
   endloop
 endfacet
 facet normal  0.000000e+00  0.000000e+00 -1.000000e+00
   outer loop
     vertex -2.158433e+01 -2.117829e+00 -2.500000e+00
     vertex -2.652273e+01 -7.009719e+00 -2.500000e+00
     vertex -2.670232e+01 -6.837141e+00 -2.500000e+00
   endloop
 endfacet
 facet normal  0.000000e+00  0.000000e+00 -1.000000e+00
   outer loop
     vertex -2.099342e+01 -2.698279e+00 -2.500000e+00
     vertex -2.528304e+01 -8.074155e+00 -2.500000e+00
     vertex -2.559239e+01 -7.826710e+00 -2.500000e+00
   endloop
 endfacet
 facet normal -0.000000e+00  0.000000e+00 -1.000000e+00
   outer loop
     vertex -2.099342e+01 -2.698279e+00 -2.500000e+00
     vertex -2.559239e+01 -7.826710e+00 -2.500000e+00
     vertex -2.108652e+01 -2.616371e+00 -2.500000e+00
   endloop
 endfacet
 facet normal  0.000000e+00 -0.000000e+00 -1.000000e+00
   outer loop
     vertex -2.165705e+01 -2.033662e+00 -2.500000e+00
     vertex -2.158433e+01 -2.117829e+00 -2.500000e+00
     vertex -2.670232e+01 -6.837141e+00 -2.500000e+00
   endloop
 endfacet
 facet normal  0.000000e+00  0.000000e+00 -1.000000e+00
   outer loop
     vertex -2.165705e+01 -2.033662e+00 -2.500000e+00
     vertex -2.670232e+01 -6.837141e+00 -2.500000e+00
     vertex -2.687742e+01 -6.663412e+00 -2.500000e+00
   endloop
 endfacet
 facet normal  0.000000e+00 -0.000000e+00 -1.000000e+00
   outer loop
     vertex -2.171922e+01 -1.958613e+00 -2.500000e+00
     vertex -2.165705e+01 -2.033662e+00 -2.500000e+00
     vertex -2.687742e+01 -6.663412e+00 -2.500000e+00
   endloop
 endfacet
 facet normal  0.000000e+00  0.000000e+00 -1.000000e+00
   outer loop
     vertex -2.171922e+01 -1.958613e+00 -2.500000e+00
     vertex -2.687742e+01 -6.663412e+00 -2.500000e+00
     vertex -2.704800e+01 -6.488563e+00 -2.500000e+00
   endloop
 endfacet
 facet normal  0.000000e+00  0.000000e+00 -1.000000e+00
   outer loop
     vertex -2.089745e+01 -2.779818e+00 -2.500000e+00
     vertex -2.496412e+01 -8.318543e+00 -2.500000e+00
     vertex -2.528304e+01 -8.074155e+00 -2.500000e+00
   endloop
 endfacet
 facet normal -0.000000e+00  0.000000e+00 -1.000000e+00
   outer loop
     vertex -2.089745e+01 -2.779818e+00 -2.500000e+00
     vertex -2.528304e+01 -8.074155e+00 -2.500000e+00
     vertex -2.099342e+01 -2.698279e+00 -2.500000e+00
   endloop
 endfacet
 facet normal  0.000000e+00 -0.000000e+00 -1.000000e+00
   outer loop
     vertex -2.176431e+01 -1.902187e+00 -2.500000e+00
     vertex -2.171922e+01 -1.958613e+00 -2.500000e+00
     vertex -2.704800e+01 -6.488563e+00 -2.500000e+00
   endloop
 endfacet
 facet normal -0.000000e+00  0.000000e+00 -1.000000e+00
   outer loop
     vertex -2.079864e+01 -2.860978e+00 -2.500000e+00
     vertex -2.496412e+01 -8.318543e+00 -2.500000e+00
     vertex -2.089745e+01 -2.779818e+00 -2.500000e+00
   endloop
 endfacet
 facet normal  0.000000e+00 -0.000000e+00 -1.000000e+00
   outer loop
     vertex -2.180808e+01 -1.845646e+00 -2.500000e+00
     vertex -2.176431e+01 -1.902187e+00 -2.500000e+00
     vertex -2.704800e+01 -6.488563e+00 -2.500000e+00
   endloop
 endfacet
 facet normal  0.000000e+00  0.000000e+00 -1.000000e+00
   outer loop
     vertex -2.180808e+01 -1.845646e+00 -2.500000e+00
     vertex -2.704800e+01 -6.488563e+00 -2.500000e+00
     vertex -2.721403e+01 -6.312622e+00 -2.500000e+00
   endloop
 endfacet
 facet normal  0.000000e+00 -0.000000e+00 -1.000000e+00
   outer loop
     vertex -2.185053e+01 -1.788993e+00 -2.500000e+00
     vertex -2.180808e+01 -1.845646e+00 -2.500000e+00
     vertex -2.721403e+01 -6.312622e+00 -2.500000e+00
   endloop
 endfacet
 facet normal  0.000000e+00  0.000000e+00 -1.000000e+00
   outer loop
     vertex -2.185053e+01 -1.788993e+00 -2.500000e+00
     vertex -2.721403e+01 -6.312622e+00 -2.500000e+00
     vertex -2.737548e+01 -6.135620e+00 -2.500000e+00
   endloop
 endfacet
 facet normal  0.000000e+00  0.000000e+00 -1.000000e+00
   outer loop
     vertex -2.069698e+01 -2.941747e+00 -2.500000e+00
     vertex -2.463575e+01 -8.559784e+00 -2.500000e+00
     vertex -2.496412e+01 -8.318543e+00 -2.500000e+00
   endloop
 endfacet
 facet normal -0.000000e+00  0.000000e+00 -1.000000e+00
   outer loop
     vertex -2.069698e+01 -2.941747e+00 -2.500000e+00
     vertex -2.496412e+01 -8.318543e+00 -2.500000e+00
     vertex -2.079864e+01 -2.860978e+00 -2.500000e+00
   endloop
 endfacet
 facet normal  0.000000e+00 -0.000000e+00 -1.000000e+00
   outer loop
     vertex -2.189165e+01 -1.732231e+00 -2.500000e+00
     vertex -2.185053e+01 -1.788993e+00 -2.500000e+00
     vertex -2.737548e+01 -6.135620e+00 -2.500000e+00
   endloop
 endfacet
 facet normal -0.000000e+00  0.000000e+00 -1.000000e+00
   outer loop
     vertex -2.059251e+01 -3.022116e+00 -2.500000e+00
     vertex -2.463575e+01 -8.559784e+00 -2.500000e+00
     vertex -2.069698e+01 -2.941747e+00 -2.500000e+00
   endloop
 endfacet
 facet normal  0.000000e+00 -0.000000e+00 -1.000000e+00
   outer loop
     vertex -2.193145e+01 -1.675365e+00 -2.500000e+00
     vertex -2.189165e+01 -1.732231e+00 -2.500000e+00
     vertex -2.737548e+01 -6.135620e+00 -2.500000e+00
   endloop
 endfacet
 facet normal  0.000000e+00  0.000000e+00 -1.000000e+00
   outer loop
     vertex -2.193145e+01 -1.675365e+00 -2.500000e+00
     vertex -2.737548e+01 -6.135620e+00 -2.500000e+00
     vertex -2.753232e+01 -5.957585e+00 -2.500000e+00
   endloop
 endfacet
 facet normal  0.000000e+00 -0.000000e+00 -1.000000e+00
   outer loop
     vertex -2.196991e+01 -1.618397e+00 -2.500000e+00
     vertex -2.193145e+01 -1.675365e+00 -2.500000e+00
     vertex -2.753232e+01 -5.957585e+00 -2.500000e+00
   endloop
 endfacet
 facet normal  0.000000e+00  0.000000e+00 -1.000000e+00
   outer loop
     vertex -2.196991e+01 -1.618397e+00 -2.500000e+00
     vertex -2.753232e+01 -5.957585e+00 -2.500000e+00
     vertex -2.768454e+01 -5.778548e+00 -2.500000e+00
   endloop
 endfacet
 facet normal  0.000000e+00  0.000000e+00 -1.000000e+00
   outer loop
     vertex -2.044884e+01 -3.128631e+00 -2.500000e+00
     vertex -2.429806e+01 -8.797785e+00 -2.500000e+00
     vertex -2.463575e+01 -8.559784e+00 -2.500000e+00
   endloop
 endfacet
 facet normal -0.000000e+00  0.000000e+00 -1.000000e+00
   outer loop
     vertex -2.044884e+01 -3.128631e+00 -2.500000e+00
     vertex -2.463575e+01 -8.559784e+00 -2.500000e+00
     vertex -2.059251e+01 -3.022116e+00 -2.500000e+00
   endloop
 endfacet
 facet normal  0.000000e+00 -0.000000e+00 -1.000000e+00
   outer loop
     vertex -2.200705e+01 -1.561331e+00 -2.500000e+00
     vertex -2.196991e+01 -1.618397e+00 -2.500000e+00
     vertex -2.768454e+01 -5.778548e+00 -2.500000e+00
   endloop
 endfacet
 facet normal  0.000000e+00  0.000000e+00 -1.000000e+00
   outer loop
     vertex -2.200705e+01 -1.561331e+00 -2.500000e+00
     vertex -2.768454e+01 -5.778548e+00 -2.500000e+00
     vertex -2.783209e+01 -5.598539e+00 -2.500000e+00
   endloop
 endfacet
 facet normal  0.000000e+00 -0.000000e+00 -1.000000e+00
   outer loop
     vertex -2.204285e+01 -1.504170e+00 -2.500000e+00
     vertex -2.200705e+01 -1.561331e+00 -2.500000e+00
     vertex -2.783209e+01 -5.598539e+00 -2.500000e+00
   endloop
 endfacet
 facet normal  0.000000e+00  0.000000e+00 -1.000000e+00
   outer loop
     vertex -2.028129e+01 -3.247552e+00 -2.500000e+00
     vertex -2.395118e+01 -9.032456e+00 -2.500000e+00
     vertex -2.429806e+01 -8.797785e+00 -2.500000e+00
   endloop
 endfacet
 facet normal -0.000000e+00  0.000000e+00 -1.000000e+00
   outer loop
     vertex -2.028129e+01 -3.247552e+00 -2.500000e+00
     vertex -2.429806e+01 -8.797785e+00 -2.500000e+00
     vertex -2.044884e+01 -3.128631e+00 -2.500000e+00
   endloop
 endfacet
 facet normal  0.000000e+00 -0.000000e+00 -1.000000e+00
   outer loop
     vertex -2.207732e+01 -1.446919e+00 -2.500000e+00
     vertex -2.204285e+01 -1.504170e+00 -2.500000e+00
     vertex -2.783209e+01 -5.598539e+00 -2.500000e+00
   endloop
 endfacet
 facet normal  0.000000e+00  0.000000e+00 -1.000000e+00
   outer loop
     vertex -2.207732e+01 -1.446919e+00 -2.500000e+00
     vertex -2.783209e+01 -5.598539e+00 -2.500000e+00
     vertex -2.797497e+01 -5.417589e+00 -2.500000e+00
   endloop
 endfacet
 facet normal  0.000000e+00  0.000000e+00 -1.000000e+00
   outer loop
     vertex -2.211044e+01 -1.389579e+00 -2.500000e+00
     vertex -2.797497e+01 -5.417589e+00 -2.500000e+00
     vertex -2.811314e+01 -5.235727e+00 -2.500000e+00
   endloop
 endfacet
 facet normal  0.000000e+00 -0.000000e+00 -1.000000e+00
   outer loop
     vertex -2.211044e+01 -1.389579e+00 -2.500000e+00
     vertex -2.207732e+01 -1.446919e+00 -2.500000e+00
     vertex -2.797497e+01 -5.417589e+00 -2.500000e+00
   endloop
 endfacet
 facet normal  0.000000e+00  0.000000e+00 -1.000000e+00
   outer loop
     vertex -2.214223e+01 -1.332155e+00 -2.500000e+00
     vertex -2.811314e+01 -5.235727e+00 -2.500000e+00
     vertex -2.824658e+01 -5.052985e+00 -2.500000e+00
   endloop
 endfacet
 facet normal  0.000000e+00 -0.000000e+00 -1.000000e+00
   outer loop
     vertex -2.214223e+01 -1.332155e+00 -2.500000e+00
     vertex -2.211044e+01 -1.389579e+00 -2.500000e+00
     vertex -2.811314e+01 -5.235727e+00 -2.500000e+00
   endloop
 endfacet
 facet normal  0.000000e+00  0.000000e+00 -1.000000e+00
   outer loop
     vertex -2.010751e+01 -3.365477e+00 -2.500000e+00
     vertex -2.359523e+01 -9.263709e+00 -2.500000e+00
     vertex -2.395118e+01 -9.032456e+00 -2.500000e+00
   endloop
 endfacet
 facet normal -0.000000e+00  0.000000e+00 -1.000000e+00
   outer loop
     vertex -2.010751e+01 -3.365477e+00 -2.500000e+00
     vertex -2.395118e+01 -9.032456e+00 -2.500000e+00
     vertex -2.028129e+01 -3.247552e+00 -2.500000e+00
   endloop
 endfacet
 facet normal  0.000000e+00  0.000000e+00 -1.000000e+00
   outer loop
     vertex -2.217267e+01 -1.274651e+00 -2.500000e+00
     vertex -2.824658e+01 -5.052985e+00 -2.500000e+00
     vertex -2.837527e+01 -4.869392e+00 -2.500000e+00
   endloop
 endfacet
 facet normal  0.000000e+00 -0.000000e+00 -1.000000e+00
   outer loop
     vertex -2.217267e+01 -1.274651e+00 -2.500000e+00
     vertex -2.214223e+01 -1.332155e+00 -2.500000e+00
     vertex -2.824658e+01 -5.052985e+00 -2.500000e+00
   endloop
 endfacet
 facet normal  0.000000e+00  0.000000e+00 -1.000000e+00
   outer loop
     vertex -2.220177e+01 -1.217069e+00 -2.500000e+00
     vertex -2.837527e+01 -4.869392e+00 -2.500000e+00
     vertex -2.849919e+01 -4.684981e+00 -2.500000e+00
   endloop
 endfacet
 facet normal  0.000000e+00 -0.000000e+00 -1.000000e+00
   outer loop
     vertex -2.220177e+01 -1.217069e+00 -2.500000e+00
     vertex -2.217267e+01 -1.274651e+00 -2.500000e+00
     vertex -2.837527e+01 -4.869392e+00 -2.500000e+00
   endloop
 endfacet
 facet normal -0.000000e+00  0.000000e+00 -1.000000e+00
   outer loop
     vertex -1.992757e+01 -3.482369e+00 -2.500000e+00
     vertex -2.359523e+01 -9.263709e+00 -2.500000e+00
     vertex -2.010751e+01 -3.365477e+00 -2.500000e+00
   endloop
 endfacet
 facet normal  0.000000e+00  0.000000e+00 -1.000000e+00
   outer loop
     vertex -2.222953e+01 -1.159413e+00 -2.500000e+00
     vertex -2.849919e+01 -4.684981e+00 -2.500000e+00
     vertex -2.861831e+01 -4.499782e+00 -2.500000e+00
   endloop
 endfacet
 facet normal  0.000000e+00 -0.000000e+00 -1.000000e+00
   outer loop
     vertex -2.222953e+01 -1.159413e+00 -2.500000e+00
     vertex -2.220177e+01 -1.217069e+00 -2.500000e+00
     vertex -2.849919e+01 -4.684981e+00 -2.500000e+00
   endloop
 endfacet
 facet normal  0.000000e+00 -0.000000e+00 -1.000000e+00
   outer loop
     vertex -2.225593e+01 -1.101687e+00 -2.500000e+00
     vertex -2.222953e+01 -1.159413e+00 -2.500000e+00
     vertex -2.861831e+01 -4.499782e+00 -2.500000e+00
   endloop
 endfacet
 facet normal  0.000000e+00  0.000000e+00 -1.000000e+00
   outer loop
     vertex -1.974151e+01 -3.598192e+00 -2.500000e+00
     vertex -2.323035e+01 -9.491456e+00 -2.500000e+00
     vertex -2.359523e+01 -9.263709e+00 -2.500000e+00
   endloop
 endfacet
 facet normal -0.000000e+00  0.000000e+00 -1.000000e+00
   outer loop
     vertex -1.974151e+01 -3.598192e+00 -2.500000e+00
     vertex -2.359523e+01 -9.263709e+00 -2.500000e+00
     vertex -1.992757e+01 -3.482369e+00 -2.500000e+00
   endloop
 endfacet
 facet normal  0.000000e+00 -0.000000e+00 -1.000000e+00
   outer loop
     vertex -2.228099e+01 -1.043895e+00 -2.500000e+00
     vertex -2.225593e+01 -1.101687e+00 -2.500000e+00
     vertex -2.861831e+01 -4.499782e+00 -2.500000e+00
   endloop
 endfacet
 facet normal  0.000000e+00  0.000000e+00 -1.000000e+00
   outer loop
     vertex -2.228099e+01 -1.043895e+00 -2.500000e+00
     vertex -2.861831e+01 -4.499782e+00 -2.500000e+00
     vertex -2.873262e+01 -4.313825e+00 -2.500000e+00
   endloop
 endfacet
 facet normal  0.000000e+00 -0.000000e+00 -1.000000e+00
   outer loop
     vertex -2.230470e+01 -9.860388e-01 -2.500000e+00
     vertex -2.228099e+01 -1.043895e+00 -2.500000e+00
     vertex -2.873262e+01 -4.313825e+00 -2.500000e+00
   endloop
 endfacet
 facet normal  0.000000e+00  0.000000e+00 -1.000000e+00
   outer loop
     vertex -2.230470e+01 -9.860388e-01 -2.500000e+00
     vertex -2.873262e+01 -4.313825e+00 -2.500000e+00
     vertex -2.884210e+01 -4.127143e+00 -2.500000e+00
   endloop
 endfacet
 facet normal  0.000000e+00  0.000000e+00 -1.000000e+00
   outer loop
     vertex -1.954939e+01 -3.712911e+00 -2.500000e+00
     vertex -2.285668e+01 -9.715610e+00 -2.500000e+00
     vertex -2.323035e+01 -9.491456e+00 -2.500000e+00
   endloop
 endfacet
 facet normal -0.000000e+00  0.000000e+00 -1.000000e+00
   outer loop
     vertex -1.954939e+01 -3.712911e+00 -2.500000e+00
     vertex -2.323035e+01 -9.491456e+00 -2.500000e+00
     vertex -1.974151e+01 -3.598192e+00 -2.500000e+00
   endloop
 endfacet
 facet normal  0.000000e+00 -0.000000e+00 -1.000000e+00
   outer loop
     vertex -2.232705e+01 -9.281231e-01 -2.500000e+00
     vertex -2.230470e+01 -9.860388e-01 -2.500000e+00
     vertex -2.884210e+01 -4.127143e+00 -2.500000e+00
   endloop
 endfacet
 facet normal  0.000000e+00  0.000000e+00 -1.000000e+00
   outer loop
     vertex -2.232705e+01 -9.281231e-01 -2.500000e+00
     vertex -2.884210e+01 -4.127143e+00 -2.500000e+00
     vertex -2.894673e+01 -3.939767e+00 -2.500000e+00
   endloop
 endfacet
 facet normal  0.000000e+00 -0.000000e+00 -1.000000e+00
   outer loop
     vertex -2.234805e+01 -8.701511e-01 -2.500000e+00
     vertex -2.232705e+01 -9.281231e-01 -2.500000e+00
     vertex -2.894673e+01 -3.939767e+00 -2.500000e+00
   endloop
 endfacet
 facet normal  0.000000e+00  0.000000e+00 -1.000000e+00
   outer loop
     vertex -2.234805e+01 -8.701511e-01 -2.500000e+00
     vertex -2.894673e+01 -3.939767e+00 -2.500000e+00
     vertex -2.904648e+01 -3.751728e+00 -2.500000e+00
   endloop
 endfacet
 facet normal  0.000000e+00 -0.000000e+00 -1.000000e+00
   outer loop
     vertex -2.236770e+01 -8.121264e-01 -2.500000e+00
     vertex -2.234805e+01 -8.701511e-01 -2.500000e+00
     vertex -2.904648e+01 -3.751728e+00 -2.500000e+00
   endloop
 endfacet
 facet normal  0.000000e+00  0.000000e+00 -1.000000e+00
   outer loop
     vertex -2.236770e+01 -8.121264e-01 -2.500000e+00
     vertex -2.914135e+01 -3.563058e+00 -2.500000e+00
     vertex -2.923132e+01 -3.373789e+00 -2.500000e+00
   endloop
 endfacet
 facet normal  0.000000e+00  0.000000e+00 -1.000000e+00
   outer loop
     vertex -2.236770e+01 -8.121264e-01 -2.500000e+00
     vertex -2.904648e+01 -3.751728e+00 -2.500000e+00
     vertex -2.914135e+01 -3.563058e+00 -2.500000e+00
   endloop
 endfacet
 facet normal  0.000000e+00  0.000000e+00 -1.000000e+00
   outer loop
     vertex -1.935127e+01 -3.826491e+00 -2.500000e+00
     vertex -2.247435e+01 -9.936088e+00 -2.500000e+00
     vertex -2.285668e+01 -9.715610e+00 -2.500000e+00
   endloop
 endfacet
 facet normal -0.000000e+00  0.000000e+00 -1.000000e+00
   outer loop
     vertex -1.935127e+01 -3.826491e+00 -2.500000e+00
     vertex -2.285668e+01 -9.715610e+00 -2.500000e+00
     vertex -1.954939e+01 -3.712911e+00 -2.500000e+00
   endloop
 endfacet
 facet normal  0.000000e+00 -0.000000e+00 -1.000000e+00
   outer loop
     vertex -2.238599e+01 -7.540524e-01 -2.500000e+00
     vertex -2.236770e+01 -8.121264e-01 -2.500000e+00
     vertex -2.923132e+01 -3.373789e+00 -2.500000e+00
   endloop
 endfacet
 facet normal  0.000000e+00  0.000000e+00 -1.000000e+00
   outer loop
     vertex -2.238599e+01 -7.540524e-01 -2.500000e+00
     vertex -2.923132e+01 -3.373789e+00 -2.500000e+00
     vertex -2.931637e+01 -3.183952e+00 -2.500000e+00
   endloop
 endfacet
 facet normal  0.000000e+00 -0.000000e+00 -1.000000e+00
   outer loop
     vertex -2.240293e+01 -6.959328e-01 -2.500000e+00
     vertex -2.238599e+01 -7.540524e-01 -2.500000e+00
     vertex -2.931637e+01 -3.183952e+00 -2.500000e+00
   endloop
 endfacet
 facet normal  0.000000e+00  0.000000e+00 -1.000000e+00
   outer loop
     vertex -2.240293e+01 -6.959328e-01 -2.500000e+00
     vertex -2.931637e+01 -3.183952e+00 -2.500000e+00
     vertex -2.939650e+01 -2.993580e+00 -2.500000e+00
   endloop
 endfacet
 facet normal -0.000000e+00  0.000000e+00 -1.000000e+00
   outer loop
     vertex -1.914722e+01 -3.938897e+00 -2.500000e+00
     vertex -2.247435e+01 -9.936088e+00 -2.500000e+00
     vertex -1.935127e+01 -3.826491e+00 -2.500000e+00
   endloop
 endfacet
 facet normal  0.000000e+00 -0.000000e+00 -1.000000e+00
   outer loop
     vertex -2.241850e+01 -6.377709e-01 -2.500000e+00
     vertex -2.240293e+01 -6.959328e-01 -2.500000e+00
     vertex -2.939650e+01 -2.993580e+00 -2.500000e+00
   endloop
 endfacet
 facet normal  0.000000e+00  0.000000e+00 -1.000000e+00
   outer loop
     vertex -2.241850e+01 -6.377709e-01 -2.500000e+00
     vertex -2.939650e+01 -2.993580e+00 -2.500000e+00
     vertex -2.947167e+01 -2.802704e+00 -2.500000e+00
   endloop
 endfacet
 facet normal  0.000000e+00 -0.000000e+00 -1.000000e+00
   outer loop
     vertex -2.243272e+01 -5.795704e-01 -2.500000e+00
     vertex -2.241850e+01 -6.377709e-01 -2.500000e+00
     vertex -2.947167e+01 -2.802704e+00 -2.500000e+00
   endloop
 endfacet
 facet normal  0.000000e+00  0.000000e+00 -1.000000e+00
   outer loop
     vertex -2.243272e+01 -5.795704e-01 -2.500000e+00
     vertex -2.947167e+01 -2.802704e+00 -2.500000e+00
     vertex -2.954189e+01 -2.611356e+00 -2.500000e+00
   endloop
 endfacet
 facet normal  0.000000e+00  0.000000e+00 -1.000000e+00
   outer loop
     vertex -1.893728e+01 -4.050093e+00 -2.500000e+00
     vertex -2.208353e+01 -1.015281e+01 -2.500000e+00
     vertex -2.247435e+01 -9.936088e+00 -2.500000e+00
   endloop
 endfacet
 facet normal -0.000000e+00  0.000000e+00 -1.000000e+00
   outer loop
     vertex -1.893728e+01 -4.050093e+00 -2.500000e+00
     vertex -2.247435e+01 -9.936088e+00 -2.500000e+00
     vertex -1.914722e+01 -3.938897e+00 -2.500000e+00
   endloop
 endfacet
 facet normal  0.000000e+00 -0.000000e+00 -1.000000e+00
   outer loop
     vertex -2.244558e+01 -5.213348e-01 -2.500000e+00
     vertex -2.243272e+01 -5.795704e-01 -2.500000e+00
     vertex -2.954189e+01 -2.611356e+00 -2.500000e+00
   endloop
 endfacet
 facet normal  0.000000e+00  0.000000e+00 -1.000000e+00
   outer loop
     vertex -2.244558e+01 -5.213348e-01 -2.500000e+00
     vertex -2.960714e+01 -2.419570e+00 -2.500000e+00
     vertex -2.966741e+01 -2.227376e+00 -2.500000e+00
   endloop
 endfacet
 facet normal  0.000000e+00  0.000000e+00 -1.000000e+00
   outer loop
     vertex -2.244558e+01 -5.213348e-01 -2.500000e+00
     vertex -2.954189e+01 -2.611356e+00 -2.500000e+00
     vertex -2.960714e+01 -2.419570e+00 -2.500000e+00
   endloop
 endfacet
 facet normal  0.000000e+00 -0.000000e+00 -1.000000e+00
   outer loop
     vertex -2.245707e+01 -4.630676e-01 -2.500000e+00
     vertex -2.244558e+01 -5.213348e-01 -2.500000e+00
     vertex -2.966741e+01 -2.227376e+00 -2.500000e+00
   endloop
 endfacet
 facet normal  0.000000e+00  0.000000e+00 -1.000000e+00
   outer loop
     vertex -2.245707e+01 -4.630676e-01 -2.500000e+00
     vertex -2.966741e+01 -2.227376e+00 -2.500000e+00
     vertex -2.972269e+01 -2.034808e+00 -2.500000e+00
   endloop
 endfacet
 facet normal  0.000000e+00  0.000000e+00 -1.000000e+00
   outer loop
     vertex -1.872154e+01 -4.160047e+00 -2.500000e+00
     vertex -2.168434e+01 -1.036568e+01 -2.500000e+00
     vertex -2.208353e+01 -1.015281e+01 -2.500000e+00
   endloop
 endfacet
 facet normal -0.000000e+00  0.000000e+00 -1.000000e+00
   outer loop
     vertex -1.872154e+01 -4.160047e+00 -2.500000e+00
     vertex -2.208353e+01 -1.015281e+01 -2.500000e+00
     vertex -1.893728e+01 -4.050093e+00 -2.500000e+00
   endloop
 endfacet
 facet normal  0.000000e+00 -0.000000e+00 -1.000000e+00
   outer loop
     vertex -2.246721e+01 -4.047723e-01 -2.500000e+00
     vertex -2.245707e+01 -4.630676e-01 -2.500000e+00
     vertex -2.972269e+01 -2.034808e+00 -2.500000e+00
   endloop
 endfacet
 facet normal  0.000000e+00  0.000000e+00 -1.000000e+00
   outer loop
     vertex -2.246721e+01 -4.047723e-01 -2.500000e+00
     vertex -2.972269e+01 -2.034808e+00 -2.500000e+00
     vertex -2.977297e+01 -1.841898e+00 -2.500000e+00
   endloop
 endfacet
 facet normal  0.000000e+00 -0.000000e+00 -1.000000e+00
   outer loop
     vertex -2.247598e+01 -3.464524e-01 -2.500000e+00
     vertex -2.246721e+01 -4.047723e-01 -2.500000e+00
     vertex -2.977297e+01 -1.841898e+00 -2.500000e+00
   endloop
 endfacet
 facet normal  0.000000e+00  0.000000e+00 -1.000000e+00
   outer loop
     vertex -2.247598e+01 -3.464524e-01 -2.500000e+00
     vertex -2.981824e+01 -1.648677e+00 -2.500000e+00
     vertex -2.985850e+01 -1.455180e+00 -2.500000e+00
   endloop
 endfacet
 facet normal  0.000000e+00  0.000000e+00 -1.000000e+00
   outer loop
     vertex -2.247598e+01 -3.464524e-01 -2.500000e+00
     vertex -2.977297e+01 -1.841898e+00 -2.500000e+00
     vertex -2.981824e+01 -1.648677e+00 -2.500000e+00
   endloop
 endfacet
 facet normal  0.000000e+00 -0.000000e+00 -1.000000e+00
   outer loop
     vertex -2.248339e+01 -2.881116e-01 -2.500000e+00
     vertex -2.247598e+01 -3.464524e-01 -2.500000e+00
     vertex -2.985850e+01 -1.455180e+00 -2.500000e+00
   endloop
 endfacet
 facet normal  0.000000e+00  0.000000e+00 -1.000000e+00
   outer loop
     vertex -2.248339e+01 -2.881116e-01 -2.500000e+00
     vertex -2.985850e+01 -1.455180e+00 -2.500000e+00
     vertex -2.989373e+01 -1.261437e+00 -2.500000e+00
   endloop
 endfacet
 facet normal  0.000000e+00  0.000000e+00 -1.000000e+00
   outer loop
     vertex -1.842496e+01 -4.304661e+00 -2.500000e+00
     vertex -2.127695e+01 -1.057463e+01 -2.500000e+00
     vertex -2.168434e+01 -1.036568e+01 -2.500000e+00
   endloop
 endfacet
 facet normal -0.000000e+00  0.000000e+00 -1.000000e+00
   outer loop
     vertex -1.842496e+01 -4.304661e+00 -2.500000e+00
     vertex -2.168434e+01 -1.036568e+01 -2.500000e+00
     vertex -1.872154e+01 -4.160047e+00 -2.500000e+00
   endloop
 endfacet
 facet normal  0.000000e+00 -0.000000e+00 -1.000000e+00
   outer loop
     vertex -2.248944e+01 -2.297533e-01 -2.500000e+00
     vertex -2.248339e+01 -2.881116e-01 -2.500000e+00
     vertex -2.989373e+01 -1.261437e+00 -2.500000e+00
   endloop
 endfacet
 facet normal  0.000000e+00  0.000000e+00 -1.000000e+00
   outer loop
     vertex -2.248944e+01 -2.297533e-01 -2.500000e+00
     vertex -2.989373e+01 -1.261437e+00 -2.500000e+00
     vertex -2.992394e+01 -1.067483e+00 -2.500000e+00
   endloop
 endfacet
 facet normal  0.000000e+00 -0.000000e+00 -1.000000e+00
   outer loop
     vertex -2.249412e+01 -1.713810e-01 -2.500000e+00
     vertex -2.248944e+01 -2.297533e-01 -2.500000e+00
     vertex -2.992394e+01 -1.067483e+00 -2.500000e+00
   endloop
 endfacet
 facet normal  0.000000e+00  0.000000e+00 -1.000000e+00
   outer loop
     vertex -2.249412e+01 -1.713810e-01 -2.500000e+00
     vertex -2.994911e+01 -8.733487e-01 -2.500000e+00
     vertex -2.996924e+01 -6.790677e-01 -2.500000e+00
   endloop
 endfacet
 facet normal  0.000000e+00  0.000000e+00 -1.000000e+00
   outer loop
     vertex -2.249412e+01 -1.713810e-01 -2.500000e+00
     vertex -2.992394e+01 -1.067483e+00 -2.500000e+00
     vertex -2.994911e+01 -8.733487e-01 -2.500000e+00
   endloop
 endfacet
 facet normal  0.000000e+00 -0.000000e+00 -1.000000e+00
   outer loop
     vertex -2.249745e+01 -1.129984e-01 -2.500000e+00
     vertex -2.249412e+01 -1.713810e-01 -2.500000e+00
     vertex -2.996924e+01 -6.790677e-01 -2.500000e+00
   endloop
 endfacet
 facet normal  0.000000e+00  0.000000e+00 -1.000000e+00
   outer loop
     vertex -2.249745e+01 -1.129984e-01 -2.500000e+00
     vertex -2.996924e+01 -6.790677e-01 -2.500000e+00
     vertex -2.998434e+01 -4.846724e-01 -2.500000e+00
   endloop
 endfacet
 facet normal  0.000000e+00 -0.000000e+00 -1.000000e+00
   outer loop
     vertex -2.249940e+01 -5.460892e-02 -2.500000e+00
     vertex -2.249745e+01 -1.129984e-01 -2.500000e+00
     vertex -2.998434e+01 -4.846724e-01 -2.500000e+00
   endloop
 endfacet
 facet normal  0.000000e+00  0.000000e+00 -1.000000e+00
   outer loop
     vertex -2.249940e+01 -5.460892e-02 -2.500000e+00
     vertex -2.999439e+01 -2.901956e-01 -2.500000e+00
     vertex -2.999939e+01 -9.567005e-02 -2.500000e+00
   endloop
 endfacet
 facet normal  0.000000e+00  0.000000e+00 -1.000000e+00
   outer loop
     vertex -2.249940e+01 -5.460892e-02 -2.500000e+00
     vertex -2.998434e+01 -4.846724e-01 -2.500000e+00
     vertex -2.999439e+01 -2.901956e-01 -2.500000e+00
   endloop
 endfacet
 facet normal  0.000000e+00  0.000000e+00 -1.000000e+00
   outer loop
     vertex -1.807930e+01 -4.464540e+00 -2.500000e+00
     vertex -2.086150e+01 -1.077958e+01 -2.500000e+00
     vertex -2.127695e+01 -1.057463e+01 -2.500000e+00
   endloop
 endfacet
 facet normal -0.000000e+00  0.000000e+00 -1.000000e+00
   outer loop
     vertex -1.807930e+01 -4.464540e+00 -2.500000e+00
     vertex -2.127695e+01 -1.057463e+01 -2.500000e+00
     vertex -1.842496e+01 -4.304661e+00 -2.500000e+00
   endloop
 endfacet
 facet normal -0.000000e+00  0.000000e+00 -1.000000e+00
   outer loop
     vertex -2.250000e+01  3.783863e-03 -2.500000e+00
     vertex -2.999939e+01 -9.567005e-02 -2.500000e+00
     vertex -2.999935e+01  9.887163e-02 -2.500000e+00
   endloop
 endfacet
 facet normal  0.000000e+00 -0.000000e+00 -1.000000e+00
   outer loop
     vertex -2.250000e+01  3.783863e-03 -2.500000e+00
     vertex -2.249940e+01 -5.460892e-02 -2.500000e+00
     vertex -2.999939e+01 -9.567005e-02 -2.500000e+00
   endloop
 endfacet
 facet normal  0.000000e+00  0.000000e+00 -1.000000e+00
   outer loop
     vertex -2.249923e+01  6.217642e-02 -2.500000e+00
     vertex -2.999426e+01  2.933967e-01 -2.500000e+00
     vertex -2.998413e+01  4.878724e-01 -2.500000e+00
   endloop
 endfacet
 facet normal  0.000000e+00  0.000000e+00 -1.000000e+00
   outer loop
     vertex -2.249923e+01  6.217642e-02 -2.500000e+00
     vertex -2.999935e+01  9.887163e-02 -2.500000e+00
     vertex -2.999426e+01  2.933967e-01 -2.500000e+00
   endloop
 endfacet
 facet normal -0.000000e+00  0.000000e+00 -1.000000e+00
   outer loop
     vertex -2.249923e+01  6.217642e-02 -2.500000e+00
     vertex -2.250000e+01  3.783863e-03 -2.500000e+00
     vertex -2.999935e+01  9.887163e-02 -2.500000e+00
   endloop
 endfacet
 facet normal -0.000000e+00  0.000000e+00 -1.000000e+00
   outer loop
     vertex -2.249709e+01  1.205652e-01 -2.500000e+00
     vertex -2.249923e+01  6.217642e-02 -2.500000e+00
     vertex -2.998413e+01  4.878724e-01 -2.500000e+00
   endloop
 endfacet
 facet normal  0.000000e+00  0.000000e+00 -1.000000e+00
   outer loop
     vertex -2.249709e+01  1.205652e-01 -2.500000e+00
     vertex -2.998413e+01  4.878724e-01 -2.500000e+00
     vertex -2.996895e+01  6.822660e-01 -2.500000e+00
   endloop
 endfacet
 facet normal  0.000000e+00  0.000000e+00 -1.000000e+00
   outer loop
     vertex -1.772115e+01 -4.621337e+00 -2.500000e+00
     vertex -2.029532e+01 -1.104649e+01 -2.500000e+00
     vertex -2.086150e+01 -1.077958e+01 -2.500000e+00
   endloop
 endfacet
 facet normal -0.000000e+00  0.000000e+00 -1.000000e+00
   outer loop
     vertex -1.772115e+01 -4.621337e+00 -2.500000e+00
     vertex -2.086150e+01 -1.077958e+01 -2.500000e+00
     vertex -1.807930e+01 -4.464540e+00 -2.500000e+00
   endloop
 endfacet
 facet normal  0.000000e+00  0.000000e+00 -1.000000e+00
   outer loop
     vertex -2.249359e+01  1.789467e-01 -2.500000e+00
     vertex -2.994873e+01  8.765449e-01 -2.500000e+00
     vertex -2.992348e+01  1.070676e+00 -2.500000e+00
   endloop
 endfacet
 facet normal  0.000000e+00  0.000000e+00 -1.000000e+00
   outer loop
     vertex -2.249359e+01  1.789467e-01 -2.500000e+00
     vertex -2.996895e+01  6.822660e-01 -2.500000e+00
     vertex -2.994873e+01  8.765449e-01 -2.500000e+00
   endloop
 endfacet
 facet normal -0.000000e+00  0.000000e+00 -1.000000e+00
   outer loop
     vertex -2.249359e+01  1.789467e-01 -2.500000e+00
     vertex -2.249709e+01  1.205652e-01 -2.500000e+00
     vertex -2.996895e+01  6.822660e-01 -2.500000e+00
   endloop
 endfacet
 facet normal  0.000000e+00  0.000000e+00 -1.000000e+00
   outer loop
     vertex -2.248873e+01  2.373173e-01 -2.500000e+00
     vertex -2.992348e+01  1.070676e+00 -2.500000e+00
     vertex -2.989319e+01  1.264628e+00 -2.500000e+00
   endloop
 endfacet
 facet normal -0.000000e+00  0.000000e+00 -1.000000e+00
   outer loop
     vertex -2.248873e+01  2.373173e-01 -2.500000e+00
     vertex -2.249359e+01  1.789467e-01 -2.500000e+00
     vertex -2.992348e+01  1.070676e+00 -2.500000e+00
   endloop
 endfacet
 facet normal -0.000000e+00  0.000000e+00 -1.000000e+00
   outer loop
     vertex -2.248251e+01  2.956736e-01 -2.500000e+00
     vertex -2.248873e+01  2.373173e-01 -2.500000e+00
     vertex -2.989319e+01  1.264628e+00 -2.500000e+00
   endloop
 endfacet
 facet normal  0.000000e+00  0.000000e+00 -1.000000e+00
   outer loop
     vertex -2.248251e+01  2.956736e-01 -2.500000e+00
     vertex -2.985787e+01  1.458366e+00 -2.500000e+00
     vertex -2.981754e+01  1.651860e+00 -2.500000e+00
   endloop
 endfacet
 facet normal  0.000000e+00  0.000000e+00 -1.000000e+00
   outer loop
     vertex -2.248251e+01  2.956736e-01 -2.500000e+00
     vertex -2.989319e+01  1.264628e+00 -2.500000e+00
     vertex -2.985787e+01  1.458366e+00 -2.500000e+00
   endloop
 endfacet
 facet normal  0.000000e+00  0.000000e+00 -1.000000e+00
   outer loop
     vertex -1.735077e+01 -4.774943e+00 -2.500000e+00
     vertex -1.964207e+01 -1.133787e+01 -2.500000e+00
     vertex -2.029532e+01 -1.104649e+01 -2.500000e+00
   endloop
 endfacet
 facet normal -0.000000e+00  0.000000e+00 -1.000000e+00
   outer loop
     vertex -1.735077e+01 -4.774943e+00 -2.500000e+00
     vertex -2.029532e+01 -1.104649e+01 -2.500000e+00
     vertex -1.772115e+01 -4.621337e+00 -2.500000e+00
   endloop
 endfacet
 facet normal  0.000000e+00  0.000000e+00 -1.000000e+00
   outer loop
     vertex -2.247492e+01  3.540119e-01 -2.500000e+00
     vertex -2.981754e+01  1.651860e+00 -2.500000e+00
     vertex -2.977218e+01  1.845075e+00 -2.500000e+00
   endloop
 endfacet
 facet normal -0.000000e+00  0.000000e+00 -1.000000e+00
   outer loop
     vertex -2.247492e+01  3.540119e-01 -2.500000e+00
     vertex -2.248251e+01  2.956736e-01 -2.500000e+00
     vertex -2.981754e+01  1.651860e+00 -2.500000e+00
   endloop
 endfacet
 facet normal  0.000000e+00  0.000000e+00 -1.000000e+00
   outer loop
     vertex -2.246597e+01  4.123288e-01 -2.500000e+00
     vertex -2.977218e+01  1.845075e+00 -2.500000e+00
     vertex -2.972182e+01  2.037980e+00 -2.500000e+00
   endloop
 endfacet
 facet normal -0.000000e+00  0.000000e+00 -1.000000e+00
   outer loop
     vertex -2.246597e+01  4.123288e-01 -2.500000e+00
     vertex -2.247492e+01  3.540119e-01 -2.500000e+00
     vertex -2.977218e+01  1.845075e+00 -2.500000e+00
   endloop
 endfacet
 facet normal  0.000000e+00  0.000000e+00 -1.000000e+00
   outer loop
     vertex -2.245566e+01  4.706206e-01 -2.500000e+00
     vertex -2.966646e+01  2.230542e+00 -2.500000e+00
     vertex -2.960611e+01  2.422730e+00 -2.500000e+00
   endloop
 endfacet
 facet normal  0.000000e+00  0.000000e+00 -1.000000e+00
   outer loop
     vertex -2.245566e+01  4.706206e-01 -2.500000e+00
     vertex -2.972182e+01  2.037980e+00 -2.500000e+00
     vertex -2.966646e+01  2.230542e+00 -2.500000e+00
   endloop
 endfacet
 facet normal -0.000000e+00  0.000000e+00 -1.000000e+00
   outer loop
     vertex -2.245566e+01  4.706206e-01 -2.500000e+00
     vertex -2.246597e+01  4.123288e-01 -2.500000e+00
     vertex -2.972182e+01  2.037980e+00 -2.500000e+00
   endloop
 endfacet
 facet normal  0.000000e+00  0.000000e+00 -1.000000e+00
   outer loop
     vertex -2.244399e+01  5.288840e-01 -2.500000e+00
     vertex -2.960611e+01  2.422730e+00 -2.500000e+00
     vertex -2.954077e+01  2.614509e+00 -2.500000e+00
   endloop
 endfacet
 facet normal -0.000000e+00  0.000000e+00 -1.000000e+00
   outer loop
     vertex -2.244399e+01  5.288840e-01 -2.500000e+00
     vertex -2.245566e+01  4.706206e-01 -2.500000e+00
     vertex -2.960611e+01  2.422730e+00 -2.500000e+00
   endloop
 endfacet
 facet normal -0.000000e+00  0.000000e+00 -1.000000e+00
   outer loop
     vertex -1.696841e+01 -4.925253e+00 -2.500000e+00
     vertex -1.964207e+01 -1.133787e+01 -2.500000e+00
     vertex -1.735077e+01 -4.774943e+00 -2.500000e+00
   endloop
 endfacet
 facet normal  0.000000e+00  0.000000e+00 -1.000000e+00
   outer loop
     vertex -2.242942e+01  5.935833e-01 -2.500000e+00
     vertex -2.954077e+01  2.614509e+00 -2.500000e+00
     vertex -2.947047e+01  2.805849e+00 -2.500000e+00
   endloop
 endfacet
 facet normal -0.000000e+00  0.000000e+00 -1.000000e+00
   outer loop
     vertex -2.242942e+01  5.935833e-01 -2.500000e+00
     vertex -2.244399e+01  5.288840e-01 -2.500000e+00
     vertex -2.954077e+01  2.614509e+00 -2.500000e+00
   endloop
 endfacet
 facet normal  0.000000e+00  0.000000e+00 -1.000000e+00
   outer loop
     vertex -2.241127e+01  6.654190e-01 -2.500000e+00
     vertex -2.939522e+01  2.996717e+00 -2.500000e+00
     vertex -2.931501e+01  3.187081e+00 -2.500000e+00
   endloop
 endfacet
 facet normal  0.000000e+00  0.000000e+00 -1.000000e+00
   outer loop
     vertex -2.241127e+01  6.654190e-01 -2.500000e+00
     vertex -2.947047e+01  2.805849e+00 -2.500000e+00
     vertex -2.939522e+01  2.996717e+00 -2.500000e+00
   endloop
 endfacet
 facet normal -0.000000e+00  0.000000e+00 -1.000000e+00
   outer loop
     vertex -2.241127e+01  6.654190e-01 -2.500000e+00
     vertex -2.242942e+01  5.935833e-01 -2.500000e+00
     vertex -2.947047e+01  2.805849e+00 -2.500000e+00
   endloop
 endfacet
 facet normal  0.000000e+00  0.000000e+00 -1.000000e+00
   outer loop
     vertex -2.239105e+01  7.371934e-01 -2.500000e+00
     vertex -2.931501e+01  3.187081e+00 -2.500000e+00
     vertex -2.922988e+01  3.376908e+00 -2.500000e+00
   endloop
 endfacet
 facet normal -0.000000e+00  0.000000e+00 -1.000000e+00
   outer loop
     vertex -2.239105e+01  7.371934e-01 -2.500000e+00
     vertex -2.241127e+01  6.654190e-01 -2.500000e+00
     vertex -2.931501e+01  3.187081e+00 -2.500000e+00
   endloop
 endfacet
 facet normal  0.000000e+00  0.000000e+00 -1.000000e+00
   outer loop
     vertex -1.657434e+01 -5.072161e+00 -2.500000e+00
     vertex -1.897209e+01 -1.161959e+01 -2.500000e+00
     vertex -1.964207e+01 -1.133787e+01 -2.500000e+00
   endloop
 endfacet
 facet normal -0.000000e+00  0.000000e+00 -1.000000e+00
   outer loop
     vertex -1.657434e+01 -5.072161e+00 -2.500000e+00
     vertex -1.964207e+01 -1.133787e+01 -2.500000e+00
     vertex -1.696841e+01 -4.925253e+00 -2.500000e+00
   endloop
 endfacet
 facet normal  0.000000e+00  0.000000e+00 -1.000000e+00
   outer loop
     vertex -2.236875e+01  8.088996e-01 -2.500000e+00
     vertex -2.922988e+01  3.376908e+00 -2.500000e+00
     vertex -2.912952e+01  3.587160e+00 -2.500000e+00
   endloop
 endfacet
 facet normal -0.000000e+00  0.000000e+00 -1.000000e+00
   outer loop
     vertex -2.236875e+01  8.088996e-01 -2.500000e+00
     vertex -2.239105e+01  7.371934e-01 -2.500000e+00
     vertex -2.922988e+01  3.376908e+00 -2.500000e+00
   endloop
 endfacet
 facet normal  0.000000e+00  0.000000e+00 -1.000000e+00
   outer loop
     vertex -2.234439e+01  8.805310e-01 -2.500000e+00
     vertex -2.912952e+01  3.587160e+00 -2.500000e+00
     vertex -2.901092e+01  3.819898e+00 -2.500000e+00
   endloop
 endfacet
 facet normal -0.000000e+00  0.000000e+00 -1.000000e+00
   outer loop
     vertex -2.234439e+01  8.805310e-01 -2.500000e+00
     vertex -2.236875e+01  8.088996e-01 -2.500000e+00
     vertex -2.912952e+01  3.587160e+00 -2.500000e+00
   endloop
 endfacet
 facet normal -0.000000e+00  0.000000e+00 -1.000000e+00
   outer loop
     vertex -1.616882e+01 -5.215568e+00 -2.500000e+00
     vertex -1.897209e+01 -1.161959e+01 -2.500000e+00
     vertex -1.657434e+01 -5.072161e+00 -2.500000e+00
   endloop
 endfacet
 facet normal  0.000000e+00  0.000000e+00 -1.000000e+00
   outer loop
     vertex -1.616882e+01 -5.215568e+00 -2.500000e+00
     vertex -1.828596e+01 -1.189142e+01 -2.500000e+00
     vertex -1.897209e+01 -1.161959e+01 -2.500000e+00
   endloop
 endfacet
 facet normal -0.000000e+00  0.000000e+00 -1.000000e+00
   outer loop
     vertex -2.231797e+01  9.520811e-01 -2.500000e+00
     vertex -2.234439e+01  8.805310e-01 -2.500000e+00
     vertex -2.901092e+01  3.819898e+00 -2.500000e+00
   endloop
 endfacet
 facet normal  0.000000e+00  0.000000e+00 -1.000000e+00
   outer loop
     vertex -2.231797e+01  9.520811e-01 -2.500000e+00
     vertex -2.901092e+01  3.819898e+00 -2.500000e+00
     vertex -2.888488e+01  4.051657e+00 -2.500000e+00
   endloop
 endfacet
 facet normal  0.000000e+00  0.000000e+00 -1.000000e+00
   outer loop
     vertex -2.228949e+01  1.023543e+00 -2.500000e+00
     vertex -2.888488e+01  4.051657e+00 -2.500000e+00
     vertex -2.875143e+01  4.282377e+00 -2.500000e+00
   endloop
 endfacet
 facet normal -0.000000e+00  0.000000e+00 -1.000000e+00
   outer loop
     vertex -2.228949e+01  1.023543e+00 -2.500000e+00
     vertex -2.231797e+01  9.520811e-01 -2.500000e+00
     vertex -2.888488e+01  4.051657e+00 -2.500000e+00
   endloop
 endfacet
 facet normal -0.000000e+00  0.000000e+00 -1.000000e+00
   outer loop
     vertex -2.225894e+01  1.094911e+00 -2.500000e+00
     vertex -2.228949e+01  1.023543e+00 -2.500000e+00
     vertex -2.875143e+01  4.282377e+00 -2.500000e+00
   endloop
 endfacet
 facet normal  0.000000e+00  0.000000e+00 -1.000000e+00
   outer loop
     vertex -2.225894e+01  1.094911e+00 -2.500000e+00
     vertex -2.875143e+01  4.282377e+00 -2.500000e+00
     vertex -2.861062e+01  4.511999e+00 -2.500000e+00
   endloop
 endfacet
 facet normal  0.000000e+00  0.000000e+00 -1.000000e+00
   outer loop
     vertex -1.575213e+01 -5.355374e+00 -2.500000e+00
     vertex -1.758425e+01 -1.215313e+01 -2.500000e+00
     vertex -1.828596e+01 -1.189142e+01 -2.500000e+00
   endloop
 endfacet
 facet normal -0.000000e+00  0.000000e+00 -1.000000e+00
   outer loop
     vertex -1.575213e+01 -5.355374e+00 -2.500000e+00
     vertex -1.828596e+01 -1.189142e+01 -2.500000e+00
     vertex -1.616882e+01 -5.215568e+00 -2.500000e+00
   endloop
 endfacet
 facet normal -0.000000e+00  0.000000e+00 -1.000000e+00
   outer loop
     vertex -2.222634e+01  1.166177e+00 -2.500000e+00
     vertex -2.225894e+01  1.094911e+00 -2.500000e+00
     vertex -2.861062e+01  4.511999e+00 -2.500000e+00
   endloop
 endfacet
 facet normal  0.000000e+00  0.000000e+00 -1.000000e+00
   outer loop
     vertex -2.222634e+01  1.166177e+00 -2.500000e+00
     vertex -2.861062e+01  4.511999e+00 -2.500000e+00
     vertex -2.846247e+01  4.740464e+00 -2.500000e+00
   endloop
 endfacet
 facet normal  0.000000e+00  0.000000e+00 -1.000000e+00
   outer loop
     vertex -2.219169e+01  1.237336e+00 -2.500000e+00
     vertex -2.846247e+01  4.740464e+00 -2.500000e+00
     vertex -2.830702e+01  4.967714e+00 -2.500000e+00
   endloop
 endfacet
 facet normal -0.000000e+00  0.000000e+00 -1.000000e+00
   outer loop
     vertex -2.219169e+01  1.237336e+00 -2.500000e+00
     vertex -2.222634e+01  1.166177e+00 -2.500000e+00
     vertex -2.846247e+01  4.740464e+00 -2.500000e+00
   endloop
 endfacet
 facet normal -0.000000e+00  0.000000e+00 -1.000000e+00
   outer loop
     vertex -2.215498e+01  1.308380e+00 -2.500000e+00
     vertex -2.219169e+01  1.237336e+00 -2.500000e+00
     vertex -2.830702e+01  4.967714e+00 -2.500000e+00
   endloop
 endfacet
 facet normal  0.000000e+00  0.000000e+00 -1.000000e+00
   outer loop
     vertex -2.215498e+01  1.308380e+00 -2.500000e+00
     vertex -2.830702e+01  4.967714e+00 -2.500000e+00
     vertex -2.814431e+01  5.193690e+00 -2.500000e+00
   endloop
 endfacet
 facet normal -0.000000e+00  0.000000e+00 -1.000000e+00
   outer loop
     vertex -1.532458e+01 -5.491482e+00 -2.500000e+00
     vertex -1.758425e+01 -1.215313e+01 -2.500000e+00
     vertex -1.575213e+01 -5.355374e+00 -2.500000e+00
   endloop
 endfacet
 facet normal  0.000000e+00  0.000000e+00 -1.000000e+00
   outer loop
     vertex -1.532458e+01 -5.491482e+00 -2.500000e+00
     vertex -1.686757e+01 -1.240448e+01 -2.500000e+00
     vertex -1.758425e+01 -1.215313e+01 -2.500000e+00
   endloop
 endfacet
 facet normal -0.000000e+00  0.000000e+00 -1.000000e+00
   outer loop
     vertex -2.211623e+01  1.379304e+00 -2.500000e+00
     vertex -2.215498e+01  1.308380e+00 -2.500000e+00
     vertex -2.814431e+01  5.193690e+00 -2.500000e+00
   endloop
 endfacet
 facet normal  0.000000e+00  0.000000e+00 -1.000000e+00
   outer loop
     vertex -2.211623e+01  1.379304e+00 -2.500000e+00
     vertex -2.814431e+01  5.193690e+00 -2.500000e+00
     vertex -2.797439e+01  5.418335e+00 -2.500000e+00
   endloop
 endfacet
 facet normal -0.000000e+00  0.000000e+00 -1.000000e+00
   outer loop
     vertex -2.207078e+01  1.457958e+00 -2.500000e+00
     vertex -2.211623e+01  1.379304e+00 -2.500000e+00
     vertex -2.797439e+01  5.418335e+00 -2.500000e+00
   endloop
 endfacet
 facet normal  0.000000e+00  0.000000e+00 -1.000000e+00
   outer loop
     vertex -2.207078e+01  1.457958e+00 -2.500000e+00
     vertex -2.797439e+01  5.418335e+00 -2.500000e+00
     vertex -2.777718e+01  5.666308e+00 -2.500000e+00
   endloop
 endfacet
 facet normal -0.000000e+00  0.000000e+00 -1.000000e+00
   outer loop
     vertex -2.201732e+01  1.545156e+00 -2.500000e+00
     vertex -2.207078e+01  1.457958e+00 -2.500000e+00
     vertex -2.777718e+01  5.666308e+00 -2.500000e+00
   endloop
 endfacet
 facet normal -0.000000e+00  0.000000e+00 -1.000000e+00
   outer loop
     vertex -1.473809e+01 -5.667046e+00 -2.500000e+00
     vertex -1.686757e+01 -1.240448e+01 -2.500000e+00
     vertex -1.532458e+01 -5.491482e+00 -2.500000e+00
   endloop
 endfacet
 facet normal  0.000000e+00  0.000000e+00 -1.000000e+00
   outer loop
     vertex -1.473809e+01 -5.667046e+00 -2.500000e+00
     vertex -1.613653e+01 -1.264528e+01 -2.500000e+00
     vertex -1.686757e+01 -1.240448e+01 -2.500000e+00
   endloop
 endfacet
 facet normal  0.000000e+00  0.000000e+00 -1.000000e+00
   outer loop
     vertex -2.196076e+01  1.632136e+00 -2.500000e+00
     vertex -2.777718e+01  5.666308e+00 -2.500000e+00
     vertex -2.754775e+01  5.939728e+00 -2.500000e+00
   endloop
 endfacet
 facet normal -0.000000e+00  0.000000e+00 -1.000000e+00
   outer loop
     vertex -2.196076e+01  1.632136e+00 -2.500000e+00
     vertex -2.201732e+01  1.545156e+00 -2.500000e+00
     vertex -2.777718e+01  5.666308e+00 -2.500000e+00
   endloop
 endfacet
 facet normal  0.000000e+00  0.000000e+00 -1.000000e+00
   outer loop
     vertex -2.190112e+01  1.718887e+00 -2.500000e+00
     vertex -2.754775e+01  5.939728e+00 -2.500000e+00
     vertex -2.730755e+01  6.210827e+00 -2.500000e+00
   endloop
 endfacet
 facet normal -0.000000e+00  0.000000e+00 -1.000000e+00
   outer loop
     vertex -2.190112e+01  1.718887e+00 -2.500000e+00
     vertex -2.196076e+01  1.632136e+00 -2.500000e+00
     vertex -2.754775e+01  5.939728e+00 -2.500000e+00
   endloop
 endfacet
 facet normal  0.000000e+00  0.000000e+00 -1.000000e+00
   outer loop
     vertex -2.183838e+01  1.805396e+00 -2.500000e+00
     vertex -2.730755e+01  6.210827e+00 -2.500000e+00
     vertex -2.705669e+01  6.479498e+00 -2.500000e+00
   endloop
 endfacet
 facet normal -0.000000e+00  0.000000e+00 -1.000000e+00
   outer loop
     vertex -2.183838e+01  1.805396e+00 -2.500000e+00
     vertex -2.190112e+01  1.718887e+00 -2.500000e+00
     vertex -2.730755e+01  6.210827e+00 -2.500000e+00
   endloop
 endfacet
 facet normal  0.000000e+00  0.000000e+00 -1.000000e+00
   outer loop
     vertex -1.405671e+01 -5.856230e+00 -2.500000e+00
     vertex -1.539175e+01 -1.287531e+01 -2.500000e+00
     vertex -1.613653e+01 -1.264528e+01 -2.500000e+00
   endloop
 endfacet
 facet normal -0.000000e+00  0.000000e+00 -1.000000e+00
   outer loop
     vertex -1.405671e+01 -5.856230e+00 -2.500000e+00
     vertex -1.613653e+01 -1.264528e+01 -2.500000e+00
     vertex -1.473809e+01 -5.667046e+00 -2.500000e+00
   endloop
 endfacet
 facet normal -0.000000e+00  0.000000e+00 -1.000000e+00
   outer loop
     vertex -2.177257e+01  1.891650e+00 -2.500000e+00
     vertex -2.183838e+01  1.805396e+00 -2.500000e+00
     vertex -2.705669e+01  6.479498e+00 -2.500000e+00
   endloop
 endfacet
 facet normal  0.000000e+00  0.000000e+00 -1.000000e+00
   outer loop
     vertex -2.170370e+01  1.977638e+00 -2.500000e+00
     vertex -2.705669e+01  6.479498e+00 -2.500000e+00
     vertex -2.679525e+01  6.745638e+00 -2.500000e+00
   endloop
 endfacet
 facet normal -0.000000e+00  0.000000e+00 -1.000000e+00
   outer loop
     vertex -2.170370e+01  1.977638e+00 -2.500000e+00
     vertex -2.177257e+01  1.891650e+00 -2.500000e+00
     vertex -2.705669e+01  6.479498e+00 -2.500000e+00
   endloop
 endfacet
 facet normal -0.000000e+00  0.000000e+00 -1.000000e+00
   outer loop
     vertex -2.162359e+01  2.072853e+00 -2.500000e+00
     vertex -2.170370e+01  1.977638e+00 -2.500000e+00
     vertex -2.679525e+01  6.745638e+00 -2.500000e+00
   endloop
 endfacet
 facet normal  0.000000e+00 -0.000000e+00 -1.000000e+00
   outer loop
     vertex -2.652334e+01  7.009142e+00 -2.500000e+00
     vertex -2.162359e+01  2.072853e+00 -2.500000e+00
     vertex -2.679525e+01  6.745638e+00 -2.500000e+00
   endloop
 endfacet
 facet normal -0.000000e+00  0.000000e+00 -1.000000e+00
   outer loop
     vertex -1.335349e+01 -6.036318e+00 -2.500000e+00
     vertex -1.539175e+01 -1.287531e+01 -2.500000e+00
     vertex -1.405671e+01 -5.856230e+00 -2.500000e+00
   endloop
 endfacet
 facet normal  0.000000e+00  0.000000e+00 -1.000000e+00
   outer loop
     vertex -1.335349e+01 -6.036318e+00 -2.500000e+00
     vertex -1.463387e+01 -1.309437e+01 -2.500000e+00
     vertex -1.539175e+01 -1.287531e+01 -2.500000e+00
   endloop
 endfacet
 facet normal -0.000000e+00  0.000000e+00 -1.000000e+00
   outer loop
     vertex -2.153017e+01  2.178224e+00 -2.500000e+00
     vertex -2.162359e+01  2.072853e+00 -2.500000e+00
     vertex -2.652334e+01  7.009142e+00 -2.500000e+00
   endloop
 endfacet
 facet normal  0.000000e+00 -0.000000e+00 -1.000000e+00
   outer loop
     vertex -2.624107e+01  7.269907e+00 -2.500000e+00
     vertex -2.153017e+01  2.178224e+00 -2.500000e+00
     vertex -2.652334e+01  7.009142e+00 -2.500000e+00
   endloop
 endfacet
 facet normal  0.000000e+00  0.000000e+00 -1.000000e+00
   outer loop
     vertex -2.624107e+01  7.269907e+00 -2.500000e+00
     vertex -2.143212e+01  2.283128e+00 -2.500000e+00
     vertex -2.153017e+01  2.178224e+00 -2.500000e+00
   endloop
 endfacet
 facet normal -0.000000e+00  0.000000e+00 -1.000000e+00
   outer loop
     vertex -2.132948e+01  2.387541e+00 -2.500000e+00
     vertex -2.143212e+01  2.283128e+00 -2.500000e+00
     vertex -2.624107e+01  7.269907e+00 -2.500000e+00
   endloop
 endfacet
 facet normal -0.000000e+00  0.000000e+00 -1.000000e+00
   outer loop
     vertex -1.262953e+01 -6.207029e+00 -2.500000e+00
     vertex -1.463387e+01 -1.309437e+01 -2.500000e+00
     vertex -1.335349e+01 -6.036318e+00 -2.500000e+00
   endloop
 endfacet
 facet normal  0.000000e+00  0.000000e+00 -1.000000e+00
   outer loop
     vertex -1.262953e+01 -6.207029e+00 -2.500000e+00
     vertex -1.386352e+01 -1.330228e+01 -2.500000e+00
     vertex -1.463387e+01 -1.309437e+01 -2.500000e+00
   endloop
 endfacet
 facet normal  0.000000e+00 -0.000000e+00 -1.000000e+00
   outer loop
     vertex -2.591541e+01  7.556310e+00 -2.500000e+00
     vertex -2.132948e+01  2.387541e+00 -2.500000e+00
     vertex -2.624107e+01  7.269907e+00 -2.500000e+00
   endloop
 endfacet
 facet normal  0.000000e+00  0.000000e+00 -1.000000e+00
   outer loop
     vertex -2.591541e+01  7.556310e+00 -2.500000e+00
     vertex -2.122226e+01  2.491442e+00 -2.500000e+00
     vertex -2.132948e+01  2.387541e+00 -2.500000e+00
   endloop
 endfacet
 facet normal  0.000000e+00  0.000000e+00 -1.000000e+00
   outer loop
     vertex -1.188596e+01 -6.368098e+00 -2.500000e+00
     vertex -1.308137e+01 -1.349887e+01 -2.500000e+00
     vertex -1.386352e+01 -1.330228e+01 -2.500000e+00
   endloop
 endfacet
 facet normal -0.000000e+00  0.000000e+00 -1.000000e+00
   outer loop
     vertex -1.188596e+01 -6.368098e+00 -2.500000e+00
     vertex -1.386352e+01 -1.330228e+01 -2.500000e+00
     vertex -1.262953e+01 -6.207029e+00 -2.500000e+00
   endloop
 endfacet
 facet normal  0.000000e+00  0.000000e+00 -1.000000e+00
   outer loop
     vertex -2.553892e+01  7.870255e+00 -2.500000e+00
     vertex -2.095293e+01  2.733024e+00 -2.500000e+00
     vertex -2.109779e+01  2.606260e+00 -2.500000e+00
   endloop
 endfacet
 facet normal  0.000000e+00  0.000000e+00 -1.000000e+00
   outer loop
     vertex -2.553892e+01  7.870255e+00 -2.500000e+00
     vertex -2.109779e+01  2.606260e+00 -2.500000e+00
     vertex -2.122226e+01  2.491442e+00 -2.500000e+00
   endloop
 endfacet
 facet normal  0.000000e+00 -0.000000e+00 -1.000000e+00
   outer loop
     vertex -2.553892e+01  7.870255e+00 -2.500000e+00
     vertex -2.122226e+01  2.491442e+00 -2.500000e+00
     vertex -2.591541e+01  7.556310e+00 -2.500000e+00
   endloop
 endfacet
 facet normal  0.000000e+00  0.000000e+00 -1.000000e+00
   outer loop
     vertex -1.112392e+01 -6.519275e+00 -2.500000e+00
     vertex -1.228807e+01 -1.368396e+01 -2.500000e+00
     vertex -1.308137e+01 -1.349887e+01 -2.500000e+00
   endloop
 endfacet
 facet normal -0.000000e+00  0.000000e+00 -1.000000e+00
   outer loop
     vertex -1.112392e+01 -6.519275e+00 -2.500000e+00
     vertex -1.308137e+01 -1.349887e+01 -2.500000e+00
     vertex -1.188596e+01 -6.368098e+00 -2.500000e+00
   endloop
 endfacet
 facet normal  0.000000e+00  0.000000e+00 -1.000000e+00
   outer loop
     vertex -1.034460e+01 -6.660325e+00 -2.500000e+00
     vertex -1.148432e+01 -1.385740e+01 -2.500000e+00
     vertex -1.228807e+01 -1.368396e+01 -2.500000e+00
   endloop
 endfacet
 facet normal -0.000000e+00  0.000000e+00 -1.000000e+00
   outer loop
     vertex -1.034460e+01 -6.660325e+00 -2.500000e+00
     vertex -1.228807e+01 -1.368396e+01 -2.500000e+00
     vertex -1.112392e+01 -6.519275e+00 -2.500000e+00
   endloop
 endfacet
 facet normal  0.000000e+00  0.000000e+00 -1.000000e+00
   outer loop
     vertex -2.514721e+01  8.179512e+00 -2.500000e+00
     vertex -2.080121e+01  2.858894e+00 -2.500000e+00
     vertex -2.095293e+01  2.733024e+00 -2.500000e+00
   endloop
 endfacet
 facet normal  0.000000e+00 -0.000000e+00 -1.000000e+00
   outer loop
     vertex -2.514721e+01  8.179512e+00 -2.500000e+00
     vertex -2.095293e+01  2.733024e+00 -2.500000e+00
     vertex -2.553892e+01  7.870255e+00 -2.500000e+00
   endloop
 endfacet
 facet normal  0.000000e+00  0.000000e+00 -1.000000e+00
   outer loop
     vertex -9.549205e+00 -6.791029e+00 -2.500000e+00
     vertex -1.067079e+01 -1.401904e+01 -2.500000e+00
     vertex -1.148432e+01 -1.385740e+01 -2.500000e+00
   endloop
 endfacet
 facet normal -0.000000e+00  0.000000e+00 -1.000000e+00
   outer loop
     vertex -9.549205e+00 -6.791029e+00 -2.500000e+00
     vertex -1.148432e+01 -1.385740e+01 -2.500000e+00
     vertex -1.034460e+01 -6.660325e+00 -2.500000e+00
   endloop
 endfacet
 facet normal  0.000000e+00 -0.000000e+00 -1.000000e+00
   outer loop
     vertex -2.474053e+01  8.483898e+00 -2.500000e+00
     vertex -2.080121e+01  2.858894e+00 -2.500000e+00
     vertex -2.514721e+01  8.179512e+00 -2.500000e+00
   endloop
 endfacet
 facet normal  0.000000e+00  0.000000e+00 -1.000000e+00
   outer loop
     vertex -2.474053e+01  8.483898e+00 -2.500000e+00
     vertex -2.045865e+01  3.121498e+00 -2.500000e+00
     vertex -2.064270e+01  2.983828e+00 -2.500000e+00
   endloop
 endfacet
 facet normal  0.000000e+00  0.000000e+00 -1.000000e+00
   outer loop
     vertex -2.474053e+01  8.483898e+00 -2.500000e+00
     vertex -2.064270e+01  2.983828e+00 -2.500000e+00
     vertex -2.080121e+01  2.858894e+00 -2.500000e+00
   endloop
 endfacet
 facet normal -0.000000e+00  0.000000e+00 -1.000000e+00
   outer loop
     vertex -8.738982e+00 -6.911184e+00 -2.500000e+00
     vertex -1.067079e+01 -1.401904e+01 -2.500000e+00
     vertex -9.549205e+00 -6.791029e+00 -2.500000e+00
   endloop
 endfacet
 facet normal  0.000000e+00  0.000000e+00 -1.000000e+00
   outer loop
     vertex -8.738982e+00 -6.911184e+00 -2.500000e+00
     vertex -9.848168e+00 -1.416875e+01 -2.500000e+00
     vertex -1.067079e+01 -1.401904e+01 -2.500000e+00
   endloop
 endfacet
 facet normal  0.000000e+00  0.000000e+00 -1.000000e+00
   outer loop
     vertex -8.738982e+00 -6.911184e+00 -2.500000e+00
     vertex -9.017163e+00 -1.430639e+01 -2.500000e+00
     vertex -9.848168e+00 -1.416875e+01 -2.500000e+00
   endloop
 endfacet
 facet normal  0.000000e+00 -0.000000e+00 -1.000000e+00
   outer loop
     vertex -2.431911e+01  8.783232e+00 -2.500000e+00
     vertex -2.045865e+01  3.121498e+00 -2.500000e+00
     vertex -2.474053e+01  8.483898e+00 -2.500000e+00
   endloop
 endfacet
 facet normal  0.000000e+00  0.000000e+00 -1.000000e+00
   outer loop
     vertex -2.431911e+01  8.783232e+00 -2.500000e+00
     vertex -2.024446e+01  3.272983e+00 -2.500000e+00
     vertex -2.045865e+01  3.121498e+00 -2.500000e+00
   endloop
 endfacet
 facet normal  0.000000e+00 -0.000000e+00 -1.000000e+00
   outer loop
     vertex -2.388322e+01  9.077335e+00 -2.500000e+00
     vertex -2.024446e+01  3.272983e+00 -2.500000e+00
     vertex -2.431911e+01  8.783232e+00 -2.500000e+00
   endloop
 endfacet
 facet normal  0.000000e+00  0.000000e+00 -1.000000e+00
   outer loop
     vertex -2.388322e+01  9.077335e+00 -2.500000e+00
     vertex -2.002018e+01  3.422837e+00 -2.500000e+00
     vertex -2.024446e+01  3.272983e+00 -2.500000e+00
   endloop
 endfacet
 facet normal  0.000000e+00  0.000000e+00 -1.000000e+00
   outer loop
     vertex -7.637788e+00 -7.054661e+00 -2.500000e+00
     vertex -8.178480e+00 -1.443184e+01 -2.500000e+00
     vertex -9.017163e+00 -1.430639e+01 -2.500000e+00
   endloop
 endfacet
 facet normal -0.000000e+00  0.000000e+00 -1.000000e+00
   outer loop
     vertex -7.637788e+00 -7.054661e+00 -2.500000e+00
     vertex -9.017163e+00 -1.430639e+01 -2.500000e+00
     vertex -8.738982e+00 -6.911184e+00 -2.500000e+00
   endloop
 endfacet
 facet normal  0.000000e+00 -0.000000e+00 -1.000000e+00
   outer loop
     vertex -2.338221e+01  9.397768e+00 -2.500000e+00
     vertex -2.002018e+01  3.422837e+00 -2.500000e+00
     vertex -2.388322e+01  9.077335e+00 -2.500000e+00
   endloop
 endfacet
 facet normal  0.000000e+00  0.000000e+00 -1.000000e+00
   outer loop
     vertex -2.338221e+01  9.397768e+00 -2.500000e+00
     vertex -1.951407e+01  3.733500e+00 -2.500000e+00
     vertex -1.978592e+01  3.570984e+00 -2.500000e+00
   endloop
 endfacet
 facet normal  0.000000e+00  0.000000e+00 -1.000000e+00
   outer loop
     vertex -2.338221e+01  9.397768e+00 -2.500000e+00
     vertex -1.978592e+01  3.570984e+00 -2.500000e+00
     vertex -2.002018e+01  3.422837e+00 -2.500000e+00
   endloop
 endfacet
 facet normal -0.000000e+00  0.000000e+00 -1.000000e+00
   outer loop
     vertex -6.373890e+00 -7.192771e+00 -2.500000e+00
     vertex -8.178480e+00 -1.443184e+01 -2.500000e+00
     vertex -7.637788e+00 -7.054661e+00 -2.500000e+00
   endloop
 endfacet
 facet normal  0.000000e+00  0.000000e+00 -1.000000e+00
   outer loop
     vertex -6.373890e+00 -7.192771e+00 -2.500000e+00
     vertex -7.332834e+00 -1.454501e+01 -2.500000e+00
     vertex -8.178480e+00 -1.443184e+01 -2.500000e+00
   endloop
 endfacet
 facet normal  0.000000e+00  0.000000e+00 -1.000000e+00
   outer loop
     vertex -6.373890e+00 -7.192771e+00 -2.500000e+00
     vertex -6.480943e+00 -1.464580e+01 -2.500000e+00
     vertex -7.332834e+00 -1.454501e+01 -2.500000e+00
   endloop
 endfacet
 facet normal  0.000000e+00 -0.000000e+00 -1.000000e+00
   outer loop
     vertex -2.280540e+01  9.745690e+00 -2.500000e+00
     vertex -1.951407e+01  3.733500e+00 -2.500000e+00
     vertex -2.338221e+01  9.397768e+00 -2.500000e+00
   endloop
 endfacet
 facet normal  0.000000e+00  0.000000e+00 -1.000000e+00
   outer loop
     vertex -2.280540e+01  9.745690e+00 -2.500000e+00
     vertex -1.919793e+01  3.911375e+00 -2.500000e+00
     vertex -1.951407e+01  3.733500e+00 -2.500000e+00
   endloop
 endfacet
 facet normal -0.000000e+00  0.000000e+00 -1.000000e+00
   outer loop
     vertex -5.087717e+00 -7.305745e+00 -2.500000e+00
     vertex -6.480943e+00 -1.464580e+01 -2.500000e+00
     vertex -6.373890e+00 -7.192771e+00 -2.500000e+00
   endloop
 endfacet
 facet normal  0.000000e+00  0.000000e+00 -1.000000e+00
   outer loop
     vertex -5.087717e+00 -7.305745e+00 -2.500000e+00
     vertex -5.336630e+00 -1.476076e+01 -2.500000e+00
     vertex -6.480943e+00 -1.464580e+01 -2.500000e+00
   endloop
 endfacet
 facet normal  0.000000e+00 -0.000000e+00 -1.000000e+00
   outer loop
     vertex -2.220788e+01  1.008477e+01 -2.500000e+00
     vertex -1.919793e+01  3.911375e+00 -2.500000e+00
     vertex -2.280540e+01  9.745690e+00 -2.500000e+00
   endloop
 endfacet
 facet normal  0.000000e+00  0.000000e+00 -1.000000e+00
   outer loop
     vertex -2.220788e+01  1.008477e+01 -2.500000e+00
     vertex -1.886720e+01  4.086277e+00 -2.500000e+00
     vertex -1.919793e+01  3.911375e+00 -2.500000e+00
   endloop
 endfacet
 facet normal  0.000000e+00  0.000000e+00 -1.000000e+00
   outer loop
     vertex -3.783766e+00 -7.393188e+00 -2.500000e+00
     vertex -4.039709e+00 -1.486338e+01 -2.500000e+00
     vertex -5.336630e+00 -1.476076e+01 -2.500000e+00
   endloop
 endfacet
 facet normal -0.000000e+00  0.000000e+00 -1.000000e+00
   outer loop
     vertex -3.783766e+00 -7.393188e+00 -2.500000e+00
     vertex -5.336630e+00 -1.476076e+01 -2.500000e+00
     vertex -5.087717e+00 -7.305745e+00 -2.500000e+00
   endloop
 endfacet
 facet normal  0.000000e+00 -0.000000e+00 -1.000000e+00
   outer loop
     vertex -2.159021e+01  1.041469e+01 -2.500000e+00
     vertex -1.886720e+01  4.086277e+00 -2.500000e+00
     vertex -2.220788e+01  1.008477e+01 -2.500000e+00
   endloop
 endfacet
 facet normal  0.000000e+00  0.000000e+00 -1.000000e+00
   outer loop
     vertex -2.159021e+01  1.041469e+01 -2.500000e+00
     vertex -1.848292e+01  4.276965e+00 -2.500000e+00
     vertex -1.886720e+01  4.086277e+00 -2.500000e+00
   endloop
 endfacet
 facet normal  0.000000e+00 -0.000000e+00 -1.000000e+00
   outer loop
     vertex -2.095293e+01  1.073516e+01 -2.500000e+00
     vertex -1.848292e+01  4.276965e+00 -2.500000e+00
     vertex -2.159021e+01  1.041469e+01 -2.500000e+00
   endloop
 endfacet
 facet normal  0.000000e+00  0.000000e+00 -1.000000e+00
   outer loop
     vertex -2.095293e+01  1.073516e+01 -2.500000e+00
     vertex -1.756743e+01  4.686096e+00 -2.500000e+00
     vertex -1.803562e+01  4.484127e+00 -2.500000e+00
   endloop
 endfacet
 facet normal  0.000000e+00  0.000000e+00 -1.000000e+00
   outer loop
     vertex -2.095293e+01  1.073516e+01 -2.500000e+00
     vertex -1.803562e+01  4.484127e+00 -2.500000e+00
     vertex -1.848292e+01  4.276965e+00 -2.500000e+00
   endloop
 endfacet
 facet normal  0.000000e+00  0.000000e+00 -1.000000e+00
   outer loop
     vertex -2.466592e+00 -7.454797e+00 -2.500000e+00
     vertex -2.735050e+00 -1.493753e+01 -2.500000e+00
     vertex -4.039709e+00 -1.486338e+01 -2.500000e+00
   endloop
 endfacet
 facet normal  0.000000e+00 -0.000000e+00 -1.000000e+00
   outer loop
     vertex -2.466592e+00 -7.454797e+00 -2.500000e+00
     vertex -1.425151e+00 -1.498306e+01 -2.500000e+00
     vertex -2.735050e+00 -1.493753e+01 -2.500000e+00
   endloop
 endfacet
 facet normal -0.000000e+00  0.000000e+00 -1.000000e+00
   outer loop
     vertex -2.466592e+00 -7.454797e+00 -2.500000e+00
     vertex -4.039709e+00 -1.486338e+01 -2.500000e+00
     vertex -3.783766e+00 -7.393188e+00 -2.500000e+00
   endloop
 endfacet
 facet normal  0.000000e+00  0.000000e+00 -1.000000e+00
   outer loop
     vertex -2.029664e+01  1.104588e+01 -2.500000e+00
     vertex -1.707890e+01  4.882637e+00 -2.500000e+00
     vertex -1.756743e+01  4.686096e+00 -2.500000e+00
   endloop
 endfacet
 facet normal  0.000000e+00 -0.000000e+00 -1.000000e+00
   outer loop
     vertex -2.029664e+01  1.104588e+01 -2.500000e+00
     vertex -1.756743e+01  4.686096e+00 -2.500000e+00
     vertex -2.095293e+01  1.073516e+01 -2.500000e+00
   endloop
 endfacet
 facet normal  0.000000e+00 -0.000000e+00 -1.000000e+00
   outer loop
     vertex -1.140799e+00 -7.490354e+00 -2.500000e+00
     vertex -1.125215e-01 -1.499989e+01 -2.500000e+00
     vertex -1.425151e+00 -1.498306e+01 -2.500000e+00
   endloop
 endfacet
 facet normal -0.000000e+00  0.000000e+00 -1.000000e+00
   outer loop
     vertex -1.140799e+00 -7.490354e+00 -2.500000e+00
     vertex -1.425151e+00 -1.498306e+01 -2.500000e+00
     vertex -2.466592e+00 -7.454797e+00 -2.500000e+00
   endloop
 endfacet
 facet normal  0.000000e+00  0.000000e+00 -1.000000e+00
   outer loop
     vertex -1.954585e+01  1.137936e+01 -2.500000e+00
     vertex -1.651291e+01  5.094375e+00 -2.500000e+00
     vertex -1.707890e+01  4.882637e+00 -2.500000e+00
   endloop
 endfacet
 facet normal  0.000000e+00 -0.000000e+00 -1.000000e+00
   outer loop
     vertex -1.954585e+01  1.137936e+01 -2.500000e+00
     vertex -1.707890e+01  4.882637e+00 -2.500000e+00
     vertex -2.029664e+01  1.104588e+01 -2.500000e+00
   endloop
 endfacet
 facet normal  0.000000e+00 -0.000000e+00 -1.000000e+00
   outer loop
     vertex  1.889815e-01 -7.499735e+00 -2.500000e+00
     vertex  1.200323e+00 -1.498799e+01 -2.500000e+00
     vertex -1.125215e-01 -1.499989e+01 -2.500000e+00
   endloop
 endfacet
 facet normal -0.000000e+00  0.000000e+00 -1.000000e+00
   outer loop
     vertex  1.889815e-01 -7.499735e+00 -2.500000e+00
     vertex -1.125215e-01 -1.499989e+01 -2.500000e+00
     vertex -1.140799e+00 -7.490354e+00 -2.500000e+00
   endloop
 endfacet
 facet normal  0.000000e+00  0.000000e+00 -1.000000e+00
   outer loop
     vertex -1.868599e+01  1.173493e+01 -2.500000e+00
     vertex -1.585638e+01  5.321083e+00 -2.500000e+00
     vertex -1.651291e+01  5.094375e+00 -2.500000e+00
   endloop
 endfacet
 facet normal  0.000000e+00 -0.000000e+00 -1.000000e+00
   outer loop
     vertex -1.868599e+01  1.173493e+01 -2.500000e+00
     vertex -1.651291e+01  5.094375e+00 -2.500000e+00
     vertex -1.954585e+01  1.137936e+01 -2.500000e+00
   endloop
 endfacet
 facet normal  0.000000e+00 -0.000000e+00 -1.000000e+00
   outer loop
     vertex  1.518101e+00 -7.482909e+00 -2.500000e+00
     vertex  2.510869e+00 -1.494737e+01 -2.500000e+00
     vertex  1.200323e+00 -1.498799e+01 -2.500000e+00
   endloop
 endfacet
 facet normal  0.000000e+00  0.000000e+00 -1.000000e+00
   outer loop
     vertex  1.518101e+00 -7.482909e+00 -2.500000e+00
     vertex  1.200323e+00 -1.498799e+01 -2.500000e+00
     vertex  1.889815e-01 -7.499735e+00 -2.500000e+00
   endloop
 endfacet
 facet normal  0.000000e+00  0.000000e+00 -1.000000e+00
   outer loop
     vertex -1.780027e+01  1.207425e+01 -2.500000e+00
     vertex -1.517186e+01  5.538398e+00 -2.500000e+00
     vertex -1.585638e+01  5.321083e+00 -2.500000e+00
   endloop
 endfacet
 facet normal  0.000000e+00 -0.000000e+00 -1.000000e+00
   outer loop
     vertex -1.780027e+01  1.207425e+01 -2.500000e+00
     vertex -1.585638e+01  5.321083e+00 -2.500000e+00
     vertex -1.868599e+01  1.173493e+01 -2.500000e+00
   endloop
 endfacet
 facet normal  0.000000e+00  0.000000e+00 -1.000000e+00
   outer loop
     vertex  2.841916e+00 -7.439934e+00 -2.500000e+00
     vertex  2.510869e+00 -1.494737e+01 -2.500000e+00
     vertex  1.518101e+00 -7.482909e+00 -2.500000e+00
   endloop
 endfacet
 facet normal  0.000000e+00 -0.000000e+00 -1.000000e+00
   outer loop
     vertex  2.841916e+00 -7.439934e+00 -2.500000e+00
     vertex  3.816604e+00 -1.487812e+01 -2.500000e+00
     vertex  2.510869e+00 -1.494737e+01 -2.500000e+00
   endloop
 endfacet
 facet normal  0.000000e+00  0.000000e+00 -1.000000e+00
   outer loop
     vertex -1.688993e+01  1.239688e+01 -2.500000e+00
     vertex -1.437993e+01  5.768379e+00 -2.500000e+00
     vertex -1.517186e+01  5.538398e+00 -2.500000e+00
   endloop
 endfacet
 facet normal  0.000000e+00 -0.000000e+00 -1.000000e+00
   outer loop
     vertex -1.688993e+01  1.239688e+01 -2.500000e+00
     vertex -1.517186e+01  5.538398e+00 -2.500000e+00
     vertex -1.780027e+01  1.207425e+01 -2.500000e+00
   endloop
 endfacet
 facet normal  0.000000e+00  0.000000e+00 -1.000000e+00
   outer loop
     vertex -1.595623e+01  1.270235e+01 -2.500000e+00
     vertex -1.346333e+01  6.009149e+00 -2.500000e+00
     vertex -1.437993e+01  5.768379e+00 -2.500000e+00
   endloop
 endfacet
 facet normal  0.000000e+00 -0.000000e+00 -1.000000e+00
   outer loop
     vertex -1.595623e+01  1.270235e+01 -2.500000e+00
     vertex -1.437993e+01  5.768379e+00 -2.500000e+00
     vertex -1.688993e+01  1.239688e+01 -2.500000e+00
   endloop
 endfacet
 facet normal  0.000000e+00 -0.000000e+00 -1.000000e+00
   outer loop
     vertex  4.155799e+00 -7.370959e+00 -2.500000e+00
     vertex  5.115028e+00 -1.478036e+01 -2.500000e+00
     vertex  3.816604e+00 -1.487812e+01 -2.500000e+00
   endloop
 endfacet
 facet normal  0.000000e+00  0.000000e+00 -1.000000e+00
   outer loop
     vertex  4.155799e+00 -7.370959e+00 -2.500000e+00
     vertex  3.816604e+00 -1.487812e+01 -2.500000e+00
     vertex  2.841916e+00 -7.439934e+00 -2.500000e+00
   endloop
 endfacet
 facet normal  0.000000e+00 -0.000000e+00 -1.000000e+00
   outer loop
     vertex -1.500045e+01  1.299025e+01 -2.500000e+00
     vertex -1.346333e+01  6.009149e+00 -2.500000e+00
     vertex -1.595623e+01  1.270235e+01 -2.500000e+00
   endloop
 endfacet
 facet normal  0.000000e+00  0.000000e+00 -1.000000e+00
   outer loop
     vertex -1.500045e+01  1.299025e+01 -2.500000e+00
     vertex -1.251051e+01  6.233753e+00 -2.500000e+00
     vertex -1.346333e+01  6.009149e+00 -2.500000e+00
   endloop
 endfacet
 facet normal  0.000000e+00 -0.000000e+00 -1.000000e+00
   outer loop
     vertex  5.455160e+00 -7.276226e+00 -2.500000e+00
     vertex  6.403653e+00 -1.465429e+01 -2.500000e+00
     vertex  5.115028e+00 -1.478036e+01 -2.500000e+00
   endloop
 endfacet
 facet normal  0.000000e+00  0.000000e+00 -1.000000e+00
   outer loop
     vertex  5.455160e+00 -7.276226e+00 -2.500000e+00
     vertex  5.115028e+00 -1.478036e+01 -2.500000e+00
     vertex  4.155799e+00 -7.370959e+00 -2.500000e+00
   endloop
 endfacet
 facet normal  0.000000e+00 -0.000000e+00 -1.000000e+00
   outer loop
     vertex -1.391419e+01  1.328905e+01 -2.500000e+00
     vertex -1.251051e+01  6.233753e+00 -2.500000e+00
     vertex -1.500045e+01  1.299025e+01 -2.500000e+00
   endloop
 endfacet
 facet normal  0.000000e+00  0.000000e+00 -1.000000e+00
   outer loop
     vertex -1.391419e+01  1.328905e+01 -2.500000e+00
     vertex -1.141247e+01  6.463621e+00 -2.500000e+00
     vertex -1.251051e+01  6.233753e+00 -2.500000e+00
   endloop
 endfacet
 facet normal  0.000000e+00  0.000000e+00 -1.000000e+00
   outer loop
     vertex  6.735458e+00 -7.156067e+00 -2.500000e+00
     vertex  6.403653e+00 -1.465429e+01 -2.500000e+00
     vertex  5.455160e+00 -7.276226e+00 -2.500000e+00
   endloop
 endfacet
 facet normal  0.000000e+00 -0.000000e+00 -1.000000e+00
   outer loop
     vertex  6.735458e+00 -7.156067e+00 -2.500000e+00
     vertex  7.680010e+00 -1.450015e+01 -2.500000e+00
     vertex  6.403653e+00 -1.465429e+01 -2.500000e+00
   endloop
 endfacet
 facet normal  0.000000e+00  0.000000e+00 -1.000000e+00
   outer loop
     vertex  6.735458e+00 -7.156067e+00 -2.500000e+00
     vertex  8.941655e+00 -1.431823e+01 -2.500000e+00
     vertex  7.680010e+00 -1.450015e+01 -2.500000e+00
   endloop
 endfacet
 facet normal  0.000000e+00 -0.000000e+00 -1.000000e+00
   outer loop
     vertex -1.267945e+01  1.359441e+01 -2.500000e+00
     vertex -1.141247e+01  6.463621e+00 -2.500000e+00
     vertex -1.391419e+01  1.328905e+01 -2.500000e+00
   endloop
 endfacet
 facet normal  0.000000e+00  0.000000e+00 -1.000000e+00
   outer loop
     vertex -1.267945e+01  1.359441e+01 -2.500000e+00
     vertex -1.014813e+01  6.693823e+00 -2.500000e+00
     vertex -1.141247e+01  6.463621e+00 -2.500000e+00
   endloop
 endfacet
 facet normal  0.000000e+00 -0.000000e+00 -1.000000e+00
   outer loop
     vertex  7.992218e+00 -7.010900e+00 -2.500000e+00
     vertex  8.941655e+00 -1.431823e+01 -2.500000e+00
     vertex  6.735458e+00 -7.156067e+00 -2.500000e+00
   endloop
 endfacet
 facet normal  0.000000e+00  0.000000e+00 -1.000000e+00
   outer loop
     vertex  7.992218e+00 -7.010900e+00 -2.500000e+00
     vertex  1.018617e+01 -1.410888e+01 -2.500000e+00
     vertex  8.941655e+00 -1.431823e+01 -2.500000e+00
   endloop
 endfacet
 facet normal  0.000000e+00  0.000000e+00 -1.000000e+00
   outer loop
     vertex  9.221049e+00 -6.841233e+00 -2.500000e+00
     vertex  1.141117e+01 -1.387250e+01 -2.500000e+00
     vertex  1.018617e+01 -1.410888e+01 -2.500000e+00
   endloop
 endfacet
 facet normal  0.000000e+00 -0.000000e+00 -1.000000e+00
   outer loop
     vertex  9.221049e+00 -6.841233e+00 -2.500000e+00
     vertex  1.018617e+01 -1.410888e+01 -2.500000e+00
     vertex  7.992218e+00 -7.010900e+00 -2.500000e+00
   endloop
 endfacet
 facet normal  0.000000e+00 -0.000000e+00 -1.000000e+00
   outer loop
     vertex -1.141798e+01  1.387110e+01 -2.500000e+00
     vertex -1.014813e+01  6.693823e+00 -2.500000e+00
     vertex -1.267945e+01  1.359441e+01 -2.500000e+00
   endloop
 endfacet
 facet normal  0.000000e+00 -0.000000e+00 -1.000000e+00
   outer loop
     vertex  1.041766e+01 -6.647660e+00 -2.500000e+00
     vertex  1.141117e+01 -1.387250e+01 -2.500000e+00
     vertex  9.221049e+00 -6.841233e+00 -2.500000e+00
   endloop
 endfacet
 facet normal  0.000000e+00  0.000000e+00 -1.000000e+00
   outer loop
     vertex  1.041766e+01 -6.647660e+00 -2.500000e+00
     vertex  1.261431e+01 -1.360955e+01 -2.500000e+00
     vertex  1.141117e+01 -1.387250e+01 -2.500000e+00
   endloop
 endfacet
 facet normal  0.000000e+00  0.000000e+00 -1.000000e+00
   outer loop
     vertex -1.013243e+01  1.411855e+01 -2.500000e+00
     vertex -1.014813e+01  6.693823e+00 -2.500000e+00
     vertex -1.141798e+01  1.387110e+01 -2.500000e+00
   endloop
 endfacet
 facet normal  0.000000e+00 -0.000000e+00 -1.000000e+00
   outer loop
     vertex -1.013243e+01  1.411855e+01 -2.500000e+00
     vertex -8.842191e+00  6.896583e+00 -2.500000e+00
     vertex -1.014813e+01  6.693823e+00 -2.500000e+00
   endloop
 endfacet
 facet normal  0.000000e+00 -0.000000e+00 -1.000000e+00
   outer loop
     vertex  1.157786e+01 -6.430856e+00 -2.500000e+00
     vertex  1.261431e+01 -1.360955e+01 -2.500000e+00
     vertex  1.041766e+01 -6.647660e+00 -2.500000e+00
   endloop
 endfacet
 facet normal  0.000000e+00  0.000000e+00 -1.000000e+00
   outer loop
     vertex  1.157786e+01 -6.430856e+00 -2.500000e+00
     vertex  1.379329e+01 -1.332052e+01 -2.500000e+00
     vertex  1.261431e+01 -1.360955e+01 -2.500000e+00
   endloop
 endfacet
 facet normal  0.000000e+00  0.000000e+00 -1.000000e+00
   outer loop
     vertex -8.825518e+00  1.433623e+01 -2.500000e+00
     vertex -8.842191e+00  6.896583e+00 -2.500000e+00
     vertex -1.013243e+01  1.411855e+01 -2.500000e+00
   endloop
 endfacet
 facet normal  0.000000e+00 -0.000000e+00 -1.000000e+00
   outer loop
     vertex -8.825518e+00  1.433623e+01 -2.500000e+00
     vertex -7.500000e+00  7.071068e+00 -2.500000e+00
     vertex -8.842191e+00  6.896583e+00 -2.500000e+00
   endloop
 endfacet
 facet normal  0.000000e+00 -0.000000e+00 -1.000000e+00
   outer loop
     vertex  1.269760e+01 -6.191579e+00 -2.500000e+00
     vertex  1.379329e+01 -1.332052e+01 -2.500000e+00
     vertex  1.157786e+01 -6.430856e+00 -2.500000e+00
   endloop
 endfacet
 facet normal  0.000000e+00  0.000000e+00 -1.000000e+00
   outer loop
     vertex  1.269760e+01 -6.191579e+00 -2.500000e+00
     vertex  1.494584e+01 -1.300598e+01 -2.500000e+00
     vertex  1.379329e+01 -1.332052e+01 -2.500000e+00
   endloop
 endfacet
 facet normal  0.000000e+00  0.000000e+00 -1.000000e+00
   outer loop
     vertex -7.500000e+00  1.452369e+01 -2.500000e+00
     vertex -7.500000e+00  7.071068e+00 -2.500000e+00
     vertex -8.825518e+00  1.433623e+01 -2.500000e+00
   endloop
 endfacet
 facet normal  0.000000e+00 -0.000000e+00 -1.000000e+00
   outer loop
     vertex  1.366754e+01 -5.957705e+00 -2.500000e+00
     vertex  1.494584e+01 -1.300598e+01 -2.500000e+00
     vertex  1.269760e+01 -6.191579e+00 -2.500000e+00
   endloop
 endfacet
 facet normal  0.000000e+00  0.000000e+00 -1.000000e+00
   outer loop
     vertex  1.366754e+01 -5.957705e+00 -2.500000e+00
     vertex  1.606976e+01 -1.266652e+01 -2.500000e+00
     vertex  1.494584e+01 -1.300598e+01 -2.500000e+00
   endloop
 endfacet
 facet normal  0.000000e+00  0.000000e+00 -1.000000e+00
   outer loop
     vertex  1.450749e+01 -5.732779e+00 -2.500000e+00
     vertex  1.705503e+01 -1.234024e+01 -2.500000e+00
     vertex  1.606976e+01 -1.266652e+01 -2.500000e+00
   endloop
 endfacet
 facet normal  0.000000e+00 -0.000000e+00 -1.000000e+00
   outer loop
     vertex  1.450749e+01 -5.732779e+00 -2.500000e+00
     vertex  1.606976e+01 -1.266652e+01 -2.500000e+00
     vertex  1.366754e+01 -5.957705e+00 -2.500000e+00
   endloop
 endfacet
 facet normal  0.000000e+00 -0.000000e+00 -1.000000e+00
   outer loop
     vertex  1.531416e+01 -5.494708e+00 -2.500000e+00
     vertex  1.705503e+01 -1.234024e+01 -2.500000e+00
     vertex  1.450749e+01 -5.732779e+00 -2.500000e+00
   endloop
 endfacet
 facet normal  0.000000e+00  0.000000e+00 -1.000000e+00
   outer loop
     vertex  1.531416e+01 -5.494708e+00 -2.500000e+00
     vertex  1.791919e+01 -1.203020e+01 -2.500000e+00
     vertex  1.705503e+01 -1.234024e+01 -2.500000e+00
   endloop
 endfacet
 facet normal  0.000000e+00 -0.000000e+00 -1.000000e+00
   outer loop
     vertex  1.601020e+01 -5.269656e+00 -2.500000e+00
     vertex  1.791919e+01 -1.203020e+01 -2.500000e+00
     vertex  1.531416e+01 -5.494708e+00 -2.500000e+00
   endloop
 endfacet
 facet normal  0.000000e+00  0.000000e+00 -1.000000e+00
   outer loop
     vertex  1.601020e+01 -5.269656e+00 -2.500000e+00
     vertex  1.876082e+01 -1.170504e+01 -2.500000e+00
     vertex  1.791919e+01 -1.203020e+01 -2.500000e+00
   endloop
 endfacet
 facet normal  0.000000e+00  0.000000e+00 -1.000000e+00
   outer loop
     vertex  1.661124e+01 -5.058728e+00 -2.500000e+00
     vertex  1.957887e+01 -1.136516e+01 -2.500000e+00
     vertex  1.876082e+01 -1.170504e+01 -2.500000e+00
   endloop
 endfacet
 facet normal  0.000000e+00 -0.000000e+00 -1.000000e+00
   outer loop
     vertex  1.661124e+01 -5.058728e+00 -2.500000e+00
     vertex  1.876082e+01 -1.170504e+01 -2.500000e+00
     vertex  1.601020e+01 -5.269656e+00 -2.500000e+00
   endloop
 endfacet
 facet normal  0.000000e+00  0.000000e+00 -1.000000e+00
   outer loop
     vertex  1.718730e+01 -4.840189e+00 -2.500000e+00
     vertex  2.037231e+01 -1.101101e+01 -2.500000e+00
     vertex  1.957887e+01 -1.136516e+01 -2.500000e+00
   endloop
 endfacet
 facet normal  0.000000e+00 -0.000000e+00 -1.000000e+00
   outer loop
     vertex  1.718730e+01 -4.840189e+00 -2.500000e+00
     vertex  1.957887e+01 -1.136516e+01 -2.500000e+00
     vertex  1.661124e+01 -5.058728e+00 -2.500000e+00
   endloop
 endfacet
 facet normal  0.000000e+00  0.000000e+00 -1.000000e+00
   outer loop
     vertex  1.768366e+01 -4.637268e+00 -2.500000e+00
     vertex  2.106454e+01 -1.068042e+01 -2.500000e+00
     vertex  2.037231e+01 -1.101101e+01 -2.500000e+00
   endloop
 endfacet
 facet normal  0.000000e+00 -0.000000e+00 -1.000000e+00
   outer loop
     vertex  1.768366e+01 -4.637268e+00 -2.500000e+00
     vertex  2.037231e+01 -1.101101e+01 -2.500000e+00
     vertex  1.718730e+01 -4.840189e+00 -2.500000e+00
   endloop
 endfacet
 facet normal  0.000000e+00 -0.000000e+00 -1.000000e+00
   outer loop
     vertex  1.811197e+01 -4.449800e+00 -2.500000e+00
     vertex  2.106454e+01 -1.068042e+01 -2.500000e+00
     vertex  1.768366e+01 -4.637268e+00 -2.500000e+00
   endloop
 endfacet
 facet normal  0.000000e+00  0.000000e+00 -1.000000e+00
   outer loop
     vertex  1.852241e+01 -4.257939e+00 -2.500000e+00
     vertex  2.166923e+01 -1.037358e+01 -2.500000e+00
     vertex  2.106454e+01 -1.068042e+01 -2.500000e+00
   endloop
 endfacet
 facet normal  0.000000e+00 -0.000000e+00 -1.000000e+00
   outer loop
     vertex  1.852241e+01 -4.257939e+00 -2.500000e+00
     vertex  2.106454e+01 -1.068042e+01 -2.500000e+00
     vertex  1.811197e+01 -4.449800e+00 -2.500000e+00
   endloop
 endfacet
 facet normal  0.000000e+00  0.000000e+00 -1.000000e+00
   outer loop
     vertex  1.891456e+01 -4.061875e+00 -2.500000e+00
     vertex  2.225605e+01 -1.005818e+01 -2.500000e+00
     vertex  2.166923e+01 -1.037358e+01 -2.500000e+00
   endloop
 endfacet
 facet normal  0.000000e+00 -0.000000e+00 -1.000000e+00
   outer loop
     vertex  1.891456e+01 -4.061875e+00 -2.500000e+00
     vertex  2.166923e+01 -1.037358e+01 -2.500000e+00
     vertex  1.852241e+01 -4.257939e+00 -2.500000e+00
   endloop
 endfacet
 facet normal  0.000000e+00  0.000000e+00 -1.000000e+00
   outer loop
     vertex  1.925154e+01 -3.881983e+00 -2.500000e+00
     vertex  2.282451e+01 -9.734496e+00 -2.500000e+00
     vertex  2.225605e+01 -1.005818e+01 -2.500000e+00
   endloop
 endfacet
 facet normal  0.000000e+00 -0.000000e+00 -1.000000e+00
   outer loop
     vertex  1.925154e+01 -3.881983e+00 -2.500000e+00
     vertex  2.225605e+01 -1.005818e+01 -2.500000e+00
     vertex  1.891456e+01 -4.061875e+00 -2.500000e+00
   endloop
 endfacet
 facet normal  0.000000e+00  0.000000e+00 -1.000000e+00
   outer loop
     vertex  1.954167e+01 -3.717423e+00 -2.500000e+00
     vertex  2.337415e+01 -9.402779e+00 -2.500000e+00
     vertex  2.282451e+01 -9.734496e+00 -2.500000e+00
   endloop
 endfacet
 facet normal  0.000000e+00 -0.000000e+00 -1.000000e+00
   outer loop
     vertex  1.954167e+01 -3.717423e+00 -2.500000e+00
     vertex  2.282451e+01 -9.734496e+00 -2.500000e+00
     vertex  1.925154e+01 -3.881983e+00 -2.500000e+00
   endloop
 endfacet
 facet normal  0.000000e+00 -0.000000e+00 -1.000000e+00
   outer loop
     vertex  1.981914e+01 -3.550454e+00 -2.500000e+00
     vertex  2.337415e+01 -9.402779e+00 -2.500000e+00
     vertex  1.954167e+01 -3.717423e+00 -2.500000e+00
   endloop
 endfacet
 facet normal  0.000000e+00 -0.000000e+00 -1.000000e+00
   outer loop
     vertex  2.005790e+01 -3.398214e+00 -2.500000e+00
     vertex  2.337415e+01 -9.402779e+00 -2.500000e+00
     vertex  1.981914e+01 -3.550454e+00 -2.500000e+00
   endloop
 endfacet
 facet normal  0.000000e+00  0.000000e+00 -1.000000e+00
   outer loop
     vertex  2.005790e+01 -3.398214e+00 -2.500000e+00
     vertex  2.390452e+01 -9.063307e+00 -2.500000e+00
     vertex  2.337415e+01 -9.402779e+00 -2.500000e+00
   endloop
 endfacet
 facet normal  0.000000e+00  0.000000e+00 -1.000000e+00
   outer loop
     vertex  2.026378e+01 -3.259670e+00 -2.500000e+00
     vertex  2.436500e+01 -8.751384e+00 -2.500000e+00
     vertex  2.390452e+01 -9.063307e+00 -2.500000e+00
   endloop
 endfacet
 facet normal  0.000000e+00 -0.000000e+00 -1.000000e+00
   outer loop
     vertex  2.026378e+01 -3.259670e+00 -2.500000e+00
     vertex  2.390452e+01 -9.063307e+00 -2.500000e+00
     vertex  2.005790e+01 -3.398214e+00 -2.500000e+00
   endloop
 endfacet
 facet normal  0.000000e+00 -0.000000e+00 -1.000000e+00
   outer loop
     vertex  2.046106e+01 -3.119742e+00 -2.500000e+00
     vertex  2.436500e+01 -8.751384e+00 -2.500000e+00
     vertex  2.026378e+01 -3.259670e+00 -2.500000e+00
   endloop
 endfacet
 facet normal  0.000000e+00  0.000000e+00 -1.000000e+00
   outer loop
     vertex  2.046106e+01 -3.119742e+00 -2.500000e+00
     vertex  2.476552e+01 -8.465648e+00 -2.500000e+00
     vertex  2.436500e+01 -8.751384e+00 -2.500000e+00
   endloop
 endfacet
 facet normal  0.000000e+00 -0.000000e+00 -1.000000e+00
   outer loop
     vertex  2.064964e+01 -2.978487e+00 -2.500000e+00
     vertex  2.476552e+01 -8.465648e+00 -2.500000e+00
     vertex  2.046106e+01 -3.119742e+00 -2.500000e+00
   endloop
 endfacet
 facet normal  0.000000e+00 -0.000000e+00 -1.000000e+00
   outer loop
     vertex  2.081186e+01 -2.850274e+00 -2.500000e+00
     vertex  2.476552e+01 -8.465648e+00 -2.500000e+00
     vertex  2.064964e+01 -2.978487e+00 -2.500000e+00
   endloop
 endfacet
 facet normal  0.000000e+00  0.000000e+00 -1.000000e+00
   outer loop
     vertex  2.081186e+01 -2.850274e+00 -2.500000e+00
     vertex  2.515265e+01 -8.175332e+00 -2.500000e+00
     vertex  2.476552e+01 -8.465648e+00 -2.500000e+00
   endloop
 endfacet
 facet normal  0.000000e+00 -0.000000e+00 -1.000000e+00
   outer loop
     vertex  2.095173e+01 -2.734043e+00 -2.500000e+00
     vertex  2.515265e+01 -8.175332e+00 -2.500000e+00
     vertex  2.081186e+01 -2.850274e+00 -2.500000e+00
   endloop
 endfacet
 facet normal  0.000000e+00  0.000000e+00 -1.000000e+00
   outer loop
     vertex  2.095173e+01 -2.734043e+00 -2.500000e+00
     vertex  2.552616e+01 -7.880592e+00 -2.500000e+00
     vertex  2.515265e+01 -8.175332e+00 -2.500000e+00
   endloop
 endfacet
 facet normal  0.000000e+00 -0.000000e+00 -1.000000e+00
   outer loop
     vertex  2.108577e+01 -2.617049e+00 -2.500000e+00
     vertex  2.552616e+01 -7.880592e+00 -2.500000e+00
     vertex  2.095173e+01 -2.734043e+00 -2.500000e+00
   endloop
 endfacet
 facet normal  0.000000e+00 -0.000000e+00 -1.000000e+00
   outer loop
     vertex  2.121392e+01 -2.499325e+00 -2.500000e+00
     vertex  2.552616e+01 -7.880592e+00 -2.500000e+00
     vertex  2.108577e+01 -2.617049e+00 -2.500000e+00
   endloop
 endfacet
 facet normal  0.000000e+00  0.000000e+00 -1.000000e+00
   outer loop
     vertex  2.121392e+01 -2.499325e+00 -2.500000e+00
     vertex  2.588587e+01 -7.581587e+00 -2.500000e+00
     vertex  2.552616e+01 -7.880592e+00 -2.500000e+00
   endloop
 endfacet
 facet normal  0.000000e+00 -0.000000e+00 -1.000000e+00
   outer loop
     vertex  2.133616e+01 -2.380904e+00 -2.500000e+00
     vertex  2.588587e+01 -7.581587e+00 -2.500000e+00
     vertex  2.121392e+01 -2.499325e+00 -2.500000e+00
   endloop
 endfacet
 facet normal  0.000000e+00  0.000000e+00 -1.000000e+00
   outer loop
     vertex  2.133616e+01 -2.380904e+00 -2.500000e+00
     vertex  2.623156e+01 -7.278480e+00 -2.500000e+00
     vertex  2.588587e+01 -7.581587e+00 -2.500000e+00
   endloop
 endfacet
 facet normal  0.000000e+00 -0.000000e+00 -1.000000e+00
   outer loop
     vertex  2.144109e+01 -2.273757e+00 -2.500000e+00
     vertex  2.623156e+01 -7.278480e+00 -2.500000e+00
     vertex  2.133616e+01 -2.380904e+00 -2.500000e+00
   endloop
 endfacet
 facet normal  0.000000e+00 -0.000000e+00 -1.000000e+00
   outer loop
     vertex  2.153138e+01 -2.176885e+00 -2.500000e+00
     vertex  2.623156e+01 -7.278480e+00 -2.500000e+00
     vertex  2.144109e+01 -2.273757e+00 -2.500000e+00
   endloop
 endfacet
 facet normal -0.000000e+00  0.000000e+00 -1.000000e+00
   outer loop
     vertex  2.653056e+01 -7.002312e+00 -2.500000e+00
     vertex  2.623156e+01 -7.278480e+00 -2.500000e+00
     vertex  2.153138e+01 -2.176885e+00 -2.500000e+00
   endloop
 endfacet
 facet normal  0.000000e+00 -0.000000e+00 -1.000000e+00
   outer loop
     vertex  2.161774e+01 -2.079615e+00 -2.500000e+00
     vertex  2.653056e+01 -7.002312e+00 -2.500000e+00
     vertex  2.153138e+01 -2.176885e+00 -2.500000e+00
   endloop
 endfacet
 facet normal  0.000000e+00  0.000000e+00 -1.000000e+00
   outer loop
     vertex  2.678971e+01 -6.751133e+00 -2.500000e+00
     vertex  2.161774e+01 -2.079615e+00 -2.500000e+00
     vertex  2.170015e+01 -1.981964e+00 -2.500000e+00
   endloop
 endfacet
 facet normal -0.000000e+00  0.000000e+00 -1.000000e+00
   outer loop
     vertex  2.678971e+01 -6.751133e+00 -2.500000e+00
     vertex  2.653056e+01 -7.002312e+00 -2.500000e+00
     vertex  2.161774e+01 -2.079615e+00 -2.500000e+00
   endloop
 endfacet
 facet normal  0.000000e+00  0.000000e+00 -1.000000e+00
   outer loop
     vertex  2.703936e+01 -6.497557e+00 -2.500000e+00
     vertex  2.170015e+01 -1.981964e+00 -2.500000e+00
     vertex  2.177858e+01 -1.883951e+00 -2.500000e+00
   endloop
 endfacet
 facet normal -0.000000e+00  0.000000e+00 -1.000000e+00
   outer loop
     vertex  2.703936e+01 -6.497557e+00 -2.500000e+00
     vertex  2.678971e+01 -6.751133e+00 -2.500000e+00
     vertex  2.170015e+01 -1.981964e+00 -2.500000e+00
   endloop
 endfacet
 facet normal  0.000000e+00  0.000000e+00 -1.000000e+00
   outer loop
     vertex  2.727941e+01 -6.241674e+00 -2.500000e+00
     vertex  2.177858e+01 -1.883951e+00 -2.500000e+00
     vertex  2.185303e+01 -1.785593e+00 -2.500000e+00
   endloop
 endfacet
 facet normal  0.000000e+00  0.000000e+00 -1.000000e+00
   outer loop
     vertex  2.727941e+01 -6.241674e+00 -2.500000e+00
     vertex  2.185303e+01 -1.785593e+00 -2.500000e+00
     vertex  2.191662e+01 -1.696791e+00 -2.500000e+00
   endloop
 endfacet
 facet normal -0.000000e+00  0.000000e+00 -1.000000e+00
   outer loop
     vertex  2.727941e+01 -6.241674e+00 -2.500000e+00
     vertex  2.703936e+01 -6.497557e+00 -2.500000e+00
     vertex  2.177858e+01 -1.883951e+00 -2.500000e+00
   endloop
 endfacet
 facet normal  0.000000e+00  0.000000e+00 -1.000000e+00
   outer loop
     vertex  2.750977e+01 -5.983575e+00 -2.500000e+00
     vertex  2.191662e+01 -1.696791e+00 -2.500000e+00
     vertex  2.197107e+01 -1.616654e+00 -2.500000e+00
   endloop
 endfacet
 facet normal -0.000000e+00  0.000000e+00 -1.000000e+00
   outer loop
     vertex  2.750977e+01 -5.983575e+00 -2.500000e+00
     vertex  2.727941e+01 -6.241674e+00 -2.500000e+00
     vertex  2.191662e+01 -1.696791e+00 -2.500000e+00
   endloop
 endfacet
 facet normal  0.000000e+00  0.000000e+00 -1.000000e+00
   outer loop
     vertex  2.773036e+01 -5.723352e+00 -2.500000e+00
     vertex  2.197107e+01 -1.616654e+00 -2.500000e+00
     vertex  2.202288e+01 -1.536323e+00 -2.500000e+00
   endloop
 endfacet
 facet normal -0.000000e+00  0.000000e+00 -1.000000e+00
   outer loop
     vertex  2.773036e+01 -5.723352e+00 -2.500000e+00
     vertex  2.750977e+01 -5.983575e+00 -2.500000e+00
     vertex  2.197107e+01 -1.616654e+00 -2.500000e+00
   endloop
 endfacet
 facet normal -0.000000e+00  0.000000e+00 -1.000000e+00
   outer loop
     vertex  2.794111e+01 -5.461097e+00 -2.500000e+00
     vertex  2.773036e+01 -5.723352e+00 -2.500000e+00
     vertex  2.202288e+01 -1.536323e+00 -2.500000e+00
   endloop
 endfacet
 facet normal  0.000000e+00  0.000000e+00 -1.000000e+00
   outer loop
     vertex  2.794111e+01 -5.461097e+00 -2.500000e+00
     vertex  2.202288e+01 -1.536323e+00 -2.500000e+00
     vertex  2.207206e+01 -1.455807e+00 -2.500000e+00
   endloop
 endfacet
 facet normal  0.000000e+00  0.000000e+00 -1.000000e+00
   outer loop
     vertex  2.794111e+01 -5.461097e+00 -2.500000e+00
     vertex  2.207206e+01 -1.455807e+00 -2.500000e+00
     vertex  2.211858e+01 -1.375117e+00 -2.500000e+00
   endloop
 endfacet
 facet normal -0.000000e+00  0.000000e+00 -1.000000e+00
   outer loop
     vertex  8.117065e+00  1.444051e+01 -2.500000e+00
     vertex  7.500000e+00  7.071068e+00 -2.500000e+00
     vertex  7.500000e+00  1.452369e+01 -2.500000e+00
   endloop
 endfacet
 facet normal -0.000000e+00  0.000000e+00 -1.000000e+00
   outer loop
     vertex  2.814194e+01 -5.196903e+00 -2.500000e+00
     vertex  2.794111e+01 -5.461097e+00 -2.500000e+00
     vertex  2.211858e+01 -1.375117e+00 -2.500000e+00
   endloop
 endfacet
 facet normal  0.000000e+00  0.000000e+00 -1.000000e+00
   outer loop
     vertex  2.814194e+01 -5.196903e+00 -2.500000e+00
     vertex  2.211858e+01 -1.375117e+00 -2.500000e+00
     vertex  2.216245e+01 -1.294262e+00 -2.500000e+00
   endloop
 endfacet
 facet normal -0.000000e+00  0.000000e+00 -1.000000e+00
   outer loop
     vertex  8.730445e+00  1.435078e+01 -2.500000e+00
     vertex  7.500000e+00  7.071068e+00 -2.500000e+00
     vertex  8.117065e+00  1.444051e+01 -2.500000e+00
   endloop
 endfacet
 facet normal  0.000000e+00  0.000000e+00 -1.000000e+00
   outer loop
     vertex  8.730445e+00  1.435078e+01 -2.500000e+00
     vertex  8.183151e+00  6.986384e+00 -2.500000e+00
     vertex  7.500000e+00  7.071068e+00 -2.500000e+00
   endloop
 endfacet
 facet normal -0.000000e+00  0.000000e+00 -1.000000e+00
   outer loop
     vertex  2.831415e+01 -4.957549e+00 -2.500000e+00
     vertex  2.814194e+01 -5.196903e+00 -2.500000e+00
     vertex  2.216245e+01 -1.294262e+00 -2.500000e+00
   endloop
 endfacet
 facet normal  0.000000e+00  0.000000e+00 -1.000000e+00
   outer loop
     vertex  2.831415e+01 -4.957549e+00 -2.500000e+00
     vertex  2.216245e+01 -1.294262e+00 -2.500000e+00
     vertex  2.220365e+01 -1.213251e+00 -2.500000e+00
   endloop
 endfacet
 facet normal  0.000000e+00  0.000000e+00 -1.000000e+00
   outer loop
     vertex  2.846217e+01 -4.740908e+00 -2.500000e+00
     vertex  2.220365e+01 -1.213251e+00 -2.500000e+00
     vertex  2.224220e+01 -1.132095e+00 -2.500000e+00
   endloop
 endfacet
 facet normal -0.000000e+00  0.000000e+00 -1.000000e+00
   outer loop
     vertex  2.846217e+01 -4.740908e+00 -2.500000e+00
     vertex  2.831415e+01 -4.957549e+00 -2.500000e+00
     vertex  2.220365e+01 -1.213251e+00 -2.500000e+00
   endloop
 endfacet
 facet normal  0.000000e+00  0.000000e+00 -1.000000e+00
   outer loop
     vertex  9.585920e+00  1.421364e+01 -2.500000e+00
     vertex  8.857716e+00  6.894369e+00 -2.500000e+00
     vertex  8.183151e+00  6.986384e+00 -2.500000e+00
   endloop
 endfacet
 facet normal -0.000000e+00  0.000000e+00 -1.000000e+00
   outer loop
     vertex  9.585920e+00  1.421364e+01 -2.500000e+00
     vertex  8.183151e+00  6.986384e+00 -2.500000e+00
     vertex  8.730445e+00  1.435078e+01 -2.500000e+00
   endloop
 endfacet
 facet normal -0.000000e+00  0.000000e+00 -1.000000e+00
   outer loop
     vertex  2.860357e+01 -4.523164e+00 -2.500000e+00
     vertex  2.846217e+01 -4.740908e+00 -2.500000e+00
     vertex  2.224220e+01 -1.132095e+00 -2.500000e+00
   endloop
 endfacet
 facet normal  0.000000e+00  0.000000e+00 -1.000000e+00
   outer loop
     vertex  2.860357e+01 -4.523164e+00 -2.500000e+00
     vertex  2.224220e+01 -1.132095e+00 -2.500000e+00
     vertex  2.227460e+01 -1.058937e+00 -2.500000e+00
   endloop
 endfacet
 facet normal  0.000000e+00  0.000000e+00 -1.000000e+00
   outer loop
     vertex  2.873830e+01 -4.304366e+00 -2.500000e+00
     vertex  2.227460e+01 -1.058937e+00 -2.500000e+00
     vertex  2.230192e+01 -9.930078e-01 -2.500000e+00
   endloop
 endfacet
 facet normal -0.000000e+00  0.000000e+00 -1.000000e+00
   outer loop
     vertex  2.873830e+01 -4.304366e+00 -2.500000e+00
     vertex  2.860357e+01 -4.523164e+00 -2.500000e+00
     vertex  2.227460e+01 -1.058937e+00 -2.500000e+00
   endloop
 endfacet
 facet normal  0.000000e+00  0.000000e+00 -1.000000e+00
   outer loop
     vertex  1.043280e+01  1.406375e+01 -2.500000e+00
     vertex  9.743179e+00  6.760346e+00 -2.500000e+00
     vertex  8.857716e+00  6.894369e+00 -2.500000e+00
   endloop
 endfacet
 facet normal -0.000000e+00  0.000000e+00 -1.000000e+00
   outer loop
     vertex  1.043280e+01  1.406375e+01 -2.500000e+00
     vertex  8.857716e+00  6.894369e+00 -2.500000e+00
     vertex  9.585920e+00  1.421364e+01 -2.500000e+00
   endloop
 endfacet
 facet normal  0.000000e+00  0.000000e+00 -1.000000e+00
   outer loop
     vertex  2.886634e+01 -4.084565e+00 -2.500000e+00
     vertex  2.230192e+01 -9.930078e-01 -2.500000e+00
     vertex  2.232747e+01 -9.269999e-01 -2.500000e+00
   endloop
 endfacet
 facet normal -0.000000e+00  0.000000e+00 -1.000000e+00
   outer loop
     vertex  2.886634e+01 -4.084565e+00 -2.500000e+00
     vertex  2.873830e+01 -4.304366e+00 -2.500000e+00
     vertex  2.230192e+01 -9.930078e-01 -2.500000e+00
   endloop
 endfacet
 facet normal  0.000000e+00  0.000000e+00 -1.000000e+00
   outer loop
     vertex  2.898765e+01 -3.863813e+00 -2.500000e+00
     vertex  2.232747e+01 -9.269999e-01 -2.500000e+00
     vertex  2.235127e+01 -8.609191e-01 -2.500000e+00
   endloop
 endfacet
 facet normal -0.000000e+00  0.000000e+00 -1.000000e+00
   outer loop
     vertex  2.898765e+01 -3.863813e+00 -2.500000e+00
     vertex  2.886634e+01 -4.084565e+00 -2.500000e+00
     vertex  2.232747e+01 -9.269999e-01 -2.500000e+00
   endloop
 endfacet
 facet normal  0.000000e+00  0.000000e+00 -1.000000e+00
   outer loop
     vertex  1.127032e+01  1.390126e+01 -2.500000e+00
     vertex  1.061044e+01  6.613694e+00 -2.500000e+00
     vertex  9.743179e+00  6.760346e+00 -2.500000e+00
   endloop
 endfacet
 facet normal -0.000000e+00  0.000000e+00 -1.000000e+00
   outer loop
     vertex  1.127032e+01  1.390126e+01 -2.500000e+00
     vertex  9.743179e+00  6.760346e+00 -2.500000e+00
     vertex  1.043280e+01  1.406375e+01 -2.500000e+00
   endloop
 endfacet
 facet normal  0.000000e+00  0.000000e+00 -1.000000e+00
   outer loop
     vertex  2.910221e+01 -3.642161e+00 -2.500000e+00
     vertex  2.235127e+01 -8.609191e-01 -2.500000e+00
     vertex  2.237331e+01 -7.947705e-01 -2.500000e+00
   endloop
 endfacet
 facet normal -0.000000e+00  0.000000e+00 -1.000000e+00
   outer loop
     vertex  2.910221e+01 -3.642161e+00 -2.500000e+00
     vertex  2.898765e+01 -3.863813e+00 -2.500000e+00
     vertex  2.235127e+01 -8.609191e-01 -2.500000e+00
   endloop
 endfacet
 facet normal  0.000000e+00  0.000000e+00 -1.000000e+00
   outer loop
     vertex  2.920999e+01 -3.419660e+00 -2.500000e+00
     vertex  2.237331e+01 -7.947705e-01 -2.500000e+00
     vertex  2.239359e+01 -7.285592e-01 -2.500000e+00
   endloop
 endfacet
 facet normal -0.000000e+00  0.000000e+00 -1.000000e+00
   outer loop
     vertex  2.920999e+01 -3.419660e+00 -2.500000e+00
     vertex  2.910221e+01 -3.642161e+00 -2.500000e+00
     vertex  2.237331e+01 -7.947705e-01 -2.500000e+00
   endloop
 endfacet
 facet normal -0.000000e+00  0.000000e+00 -1.000000e+00
   outer loop
     vertex  1.209774e+01  1.372630e+01 -2.500000e+00
     vertex  1.061044e+01  6.613694e+00 -2.500000e+00
     vertex  1.127032e+01  1.390126e+01 -2.500000e+00
   endloop
 endfacet
 facet normal  0.000000e+00  0.000000e+00 -1.000000e+00
   outer loop
     vertex  2.931097e+01 -3.196363e+00 -2.500000e+00
     vertex  2.239359e+01 -7.285592e-01 -2.500000e+00
     vertex  2.241210e+01 -6.622906e-01 -2.500000e+00
   endloop
 endfacet
 facet normal -0.000000e+00  0.000000e+00 -1.000000e+00
   outer loop
     vertex  2.931097e+01 -3.196363e+00 -2.500000e+00
     vertex  2.920999e+01 -3.419660e+00 -2.500000e+00
     vertex  2.239359e+01 -7.285592e-01 -2.500000e+00
   endloop
 endfacet
 facet normal  0.000000e+00  0.000000e+00 -1.000000e+00
   outer loop
     vertex  2.940512e+01 -2.972321e+00 -2.500000e+00
     vertex  2.241210e+01 -6.622906e-01 -2.500000e+00
     vertex  2.242885e+01 -5.959699e-01 -2.500000e+00
   endloop
 endfacet
 facet normal -0.000000e+00  0.000000e+00 -1.000000e+00
   outer loop
     vertex  2.940512e+01 -2.972321e+00 -2.500000e+00
     vertex  2.931097e+01 -3.196363e+00 -2.500000e+00
     vertex  2.241210e+01 -6.622906e-01 -2.500000e+00
   endloop
 endfacet
 facet normal  0.000000e+00  0.000000e+00 -1.000000e+00
   outer loop
     vertex  1.291431e+01  1.353902e+01 -2.500000e+00
     vertex  1.145788e+01  6.454688e+00 -2.500000e+00
     vertex  1.061044e+01  6.613694e+00 -2.500000e+00
   endloop
 endfacet
 facet normal -0.000000e+00  0.000000e+00 -1.000000e+00
   outer loop
     vertex  1.291431e+01  1.353902e+01 -2.500000e+00
     vertex  1.061044e+01  6.613694e+00 -2.500000e+00
     vertex  1.209774e+01  1.372630e+01 -2.500000e+00
   endloop
 endfacet
 facet normal -0.000000e+00  0.000000e+00 -1.000000e+00
   outer loop
     vertex  2.948400e+01 -2.770090e+00 -2.500000e+00
     vertex  2.940512e+01 -2.972321e+00 -2.500000e+00
     vertex  2.242885e+01 -5.959699e-01 -2.500000e+00
   endloop
 endfacet
 facet normal  0.000000e+00  0.000000e+00 -1.000000e+00
   outer loop
     vertex  2.955024e+01 -2.587634e+00 -2.500000e+00
     vertex  2.242885e+01 -5.959699e-01 -2.500000e+00
     vertex  2.244383e+01 -5.296022e-01 -2.500000e+00
   endloop
 endfacet
 facet normal -0.000000e+00  0.000000e+00 -1.000000e+00
   outer loop
     vertex  2.955024e+01 -2.587634e+00 -2.500000e+00
     vertex  2.948400e+01 -2.770090e+00 -2.500000e+00
     vertex  2.242885e+01 -5.959699e-01 -2.500000e+00
   endloop
 endfacet
 facet normal  0.000000e+00  0.000000e+00 -1.000000e+00
   outer loop
     vertex  1.371929e+01  1.333961e+01 -2.500000e+00
     vertex  1.228392e+01  6.283624e+00 -2.500000e+00
     vertex  1.145788e+01  6.454688e+00 -2.500000e+00
   endloop
 endfacet
 facet normal -0.000000e+00  0.000000e+00 -1.000000e+00
   outer loop
     vertex  1.371929e+01  1.333961e+01 -2.500000e+00
     vertex  1.145788e+01  6.454688e+00 -2.500000e+00
     vertex  1.291431e+01  1.353902e+01 -2.500000e+00
   endloop
 endfacet
 facet normal  0.000000e+00  0.000000e+00 -1.000000e+00
   outer loop
     vertex  2.961196e+01 -2.404783e+00 -2.500000e+00
     vertex  2.244383e+01 -5.296022e-01 -2.500000e+00
     vertex  2.245705e+01 -4.631928e-01 -2.500000e+00
   endloop
 endfacet
 facet normal -0.000000e+00  0.000000e+00 -1.000000e+00
   outer loop
     vertex  2.961196e+01 -2.404783e+00 -2.500000e+00
     vertex  2.955024e+01 -2.587634e+00 -2.500000e+00
     vertex  2.244383e+01 -5.296022e-01 -2.500000e+00
   endloop
 endfacet
 facet normal -0.000000e+00  0.000000e+00 -1.000000e+00
   outer loop
     vertex  2.966915e+01 -2.221564e+00 -2.500000e+00
     vertex  2.961196e+01 -2.404783e+00 -2.500000e+00
     vertex  2.245705e+01 -4.631928e-01 -2.500000e+00
   endloop
 endfacet
 facet normal  0.000000e+00  0.000000e+00 -1.000000e+00
   outer loop
     vertex  1.451198e+01  1.312824e+01 -2.500000e+00
     vertex  1.308701e+01  6.100821e+00 -2.500000e+00
     vertex  1.228392e+01  6.283624e+00 -2.500000e+00
   endloop
 endfacet
 facet normal -0.000000e+00  0.000000e+00 -1.000000e+00
   outer loop
     vertex  1.451198e+01  1.312824e+01 -2.500000e+00
     vertex  1.228392e+01  6.283624e+00 -2.500000e+00
     vertex  1.371929e+01  1.333961e+01 -2.500000e+00
   endloop
 endfacet
 facet normal  0.000000e+00  0.000000e+00 -1.000000e+00
   outer loop
     vertex  2.972181e+01 -2.038006e+00 -2.500000e+00
     vertex  2.245705e+01 -4.631928e-01 -2.500000e+00
     vertex  2.246850e+01 -3.967470e-01 -2.500000e+00
   endloop
 endfacet
 facet normal -0.000000e+00  0.000000e+00 -1.000000e+00
   outer loop
     vertex  2.972181e+01 -2.038006e+00 -2.500000e+00
     vertex  2.966915e+01 -2.221564e+00 -2.500000e+00
     vertex  2.245705e+01 -4.631928e-01 -2.500000e+00
   endloop
 endfacet
 facet normal -0.000000e+00  0.000000e+00 -1.000000e+00
   outer loop
     vertex  2.976993e+01 -1.854136e+00 -2.500000e+00
     vertex  2.972181e+01 -2.038006e+00 -2.500000e+00
     vertex  2.246850e+01 -3.967470e-01 -2.500000e+00
   endloop
 endfacet
 facet normal  0.000000e+00  0.000000e+00 -1.000000e+00
   outer loop
     vertex  2.981350e+01 -1.669983e+00 -2.500000e+00
     vertex  2.246850e+01 -3.967470e-01 -2.500000e+00
     vertex  2.247817e+01 -3.302698e-01 -2.500000e+00
   endloop
 endfacet
 facet normal -0.000000e+00  0.000000e+00 -1.000000e+00
   outer loop
     vertex  2.981350e+01 -1.669983e+00 -2.500000e+00
     vertex  2.976993e+01 -1.854136e+00 -2.500000e+00
     vertex  2.246850e+01 -3.967470e-01 -2.500000e+00
   endloop
 endfacet
 facet normal  0.000000e+00  0.000000e+00 -1.000000e+00
   outer loop
     vertex  1.529165e+01  1.290509e+01 -2.500000e+00
     vertex  1.386565e+01  5.906623e+00 -2.500000e+00
     vertex  1.308701e+01  6.100821e+00 -2.500000e+00
   endloop
 endfacet
 facet normal -0.000000e+00  0.000000e+00 -1.000000e+00
   outer loop
     vertex  1.529165e+01  1.290509e+01 -2.500000e+00
     vertex  1.308701e+01  6.100821e+00 -2.500000e+00
     vertex  1.451198e+01  1.312824e+01 -2.500000e+00
   endloop
 endfacet
 facet normal  0.000000e+00  0.000000e+00 -1.000000e+00
   outer loop
     vertex  2.985251e+01 -1.485574e+00 -2.500000e+00
     vertex  2.247817e+01 -3.302698e-01 -2.500000e+00
     vertex  2.248608e+01 -2.637667e-01 -2.500000e+00
   endloop
 endfacet
 facet normal -0.000000e+00  0.000000e+00 -1.000000e+00
   outer loop
     vertex  2.985251e+01 -1.485574e+00 -2.500000e+00
     vertex  2.981350e+01 -1.669983e+00 -2.500000e+00
     vertex  2.247817e+01 -3.302698e-01 -2.500000e+00
   endloop
 endfacet
 facet normal -0.000000e+00  0.000000e+00 -1.000000e+00
   outer loop
     vertex  2.988696e+01 -1.300939e+00 -2.500000e+00
     vertex  2.985251e+01 -1.485574e+00 -2.500000e+00
     vertex  2.248608e+01 -2.637667e-01 -2.500000e+00
   endloop
 endfacet
 facet normal -0.000000e+00  0.000000e+00 -1.000000e+00
   outer loop
     vertex  1.605761e+01  1.267037e+01 -2.500000e+00
     vertex  1.386565e+01  5.906623e+00 -2.500000e+00
     vertex  1.529165e+01  1.290509e+01 -2.500000e+00
   endloop
 endfacet
 facet normal  0.000000e+00  0.000000e+00 -1.000000e+00
   outer loop
     vertex  1.605761e+01  1.267037e+01 -2.500000e+00
     vertex  1.453608e+01  5.724726e+00 -2.500000e+00
     vertex  1.386565e+01  5.906623e+00 -2.500000e+00
   endloop
 endfacet
 facet normal  0.000000e+00  0.000000e+00 -1.000000e+00
   outer loop
     vertex  2.991684e+01 -1.116104e+00 -2.500000e+00
     vertex  2.248608e+01 -2.637667e-01 -2.500000e+00
     vertex  2.249222e+01 -1.972428e-01 -2.500000e+00
   endloop
 endfacet
 facet normal -0.000000e+00  0.000000e+00 -1.000000e+00
   outer loop
     vertex  2.991684e+01 -1.116104e+00 -2.500000e+00
     vertex  2.988696e+01 -1.300939e+00 -2.500000e+00
     vertex  2.248608e+01 -2.637667e-01 -2.500000e+00
   endloop
 endfacet
 facet normal -0.000000e+00  0.000000e+00 -1.000000e+00
   outer loop
     vertex  2.994215e+01 -9.310993e-01 -2.500000e+00
     vertex  2.991684e+01 -1.116104e+00 -2.500000e+00
     vertex  2.249222e+01 -1.972428e-01 -2.500000e+00
   endloop
 endfacet
 facet normal  0.000000e+00  0.000000e+00 -1.000000e+00
   outer loop
     vertex  2.996288e+01 -7.459521e-01 -2.500000e+00
     vertex  2.249222e+01 -1.972428e-01 -2.500000e+00
     vertex  2.249658e+01 -1.307034e-01 -2.500000e+00
   endloop
 endfacet
 facet normal -0.000000e+00  0.000000e+00 -1.000000e+00
   outer loop
     vertex  2.996288e+01 -7.459521e-01 -2.500000e+00
     vertex  2.994215e+01 -9.310993e-01 -2.500000e+00
     vertex  2.249222e+01 -1.972428e-01 -2.500000e+00
   endloop
 endfacet
 facet normal -0.000000e+00  0.000000e+00 -1.000000e+00
   outer loop
     vertex  1.680917e+01  1.242429e+01 -2.500000e+00
     vertex  1.453608e+01  5.724726e+00 -2.500000e+00
     vertex  1.605761e+01  1.267037e+01 -2.500000e+00
   endloop
 endfacet
 facet normal  0.000000e+00  0.000000e+00 -1.000000e+00
   outer loop
     vertex  1.680917e+01  1.242429e+01 -2.500000e+00
     vertex  1.502487e+01  5.582744e+00 -2.500000e+00
     vertex  1.453608e+01  5.724726e+00 -2.500000e+00
   endloop
 endfacet
 facet normal -0.000000e+00  0.000000e+00 -1.000000e+00
   outer loop
     vertex  2.997903e+01 -5.606909e-01 -2.500000e+00
     vertex  2.996288e+01 -7.459521e-01 -2.500000e+00
     vertex  2.249658e+01 -1.307034e-01 -2.500000e+00
   endloop
 endfacet
 facet normal  0.000000e+00  0.000000e+00 -1.000000e+00
   outer loop
     vertex  2.997903e+01 -5.606909e-01 -2.500000e+00
     vertex  2.249658e+01 -1.307034e-01 -2.500000e+00
     vertex  2.249915e+01 -6.535420e-02 -2.500000e+00
   endloop
 endfacet
 facet normal -0.000000e+00  0.000000e+00 -1.000000e+00
   outer loop
     vertex  2.999061e+01 -3.753440e-01 -2.500000e+00
     vertex  2.997903e+01 -5.606909e-01 -2.500000e+00
     vertex  2.249915e+01 -6.535420e-02 -2.500000e+00
   endloop
 endfacet
 facet normal -0.000000e+00  0.000000e+00 -1.000000e+00
   outer loop
     vertex  1.754565e+01  1.216707e+01 -2.500000e+00
     vertex  1.502487e+01  5.582744e+00 -2.500000e+00
     vertex  1.680917e+01  1.242429e+01 -2.500000e+00
   endloop
 endfacet
 facet normal  0.000000e+00  0.000000e+00 -1.000000e+00
   outer loop
     vertex  1.754565e+01  1.216707e+01 -2.500000e+00
     vertex  1.550119e+01  5.436126e+00 -2.500000e+00
     vertex  1.502487e+01  5.582744e+00 -2.500000e+00
   endloop
 endfacet
 facet normal  0.000000e+00  0.000000e+00 -1.000000e+00
   outer loop
     vertex  2.999759e+01 -1.899397e-01 -2.500000e+00
     vertex  2.249915e+01 -6.535420e-02 -2.500000e+00
     vertex  2.250000e+01  0.000000e+00 -2.500000e+00
   endloop
 endfacet
 facet normal -0.000000e+00  0.000000e+00 -1.000000e+00
   outer loop
     vertex  2.999759e+01 -1.899397e-01 -2.500000e+00
     vertex  2.999061e+01 -3.753440e-01 -2.500000e+00
     vertex  2.249915e+01 -6.535420e-02 -2.500000e+00
   endloop
 endfacet
 facet normal -0.000000e+00  0.000000e+00 -1.000000e+00
   outer loop
     vertex  2.999940e+01 -9.497177e-02 -2.500000e+00
     vertex  2.999759e+01 -1.899397e-01 -2.500000e+00
     vertex  2.250000e+01  0.000000e+00 -2.500000e+00
   endloop
 endfacet
 facet normal -0.000000e+00  0.000000e+00 -1.000000e+00
   outer loop
     vertex  3.000000e+01  0.000000e+00 -2.500000e+00
     vertex  2.999940e+01 -9.497177e-02 -2.500000e+00
     vertex  2.250000e+01  0.000000e+00 -2.500000e+00
   endloop
 endfacet
 facet normal -0.000000e+00  0.000000e+00 -1.000000e+00
   outer loop
     vertex  1.826641e+01  1.189893e+01 -2.500000e+00
     vertex  1.550119e+01  5.436126e+00 -2.500000e+00
     vertex  1.754565e+01  1.216707e+01 -2.500000e+00
   endloop
 endfacet
 facet normal  0.000000e+00  0.000000e+00 -1.000000e+00
   outer loop
     vertex  1.826641e+01  1.189893e+01 -2.500000e+00
     vertex  1.641482e+01  5.129475e+00 -2.500000e+00
     vertex  1.596463e+01  5.284994e+00 -2.500000e+00
   endloop
 endfacet
 facet normal  0.000000e+00  0.000000e+00 -1.000000e+00
   outer loop
     vertex  1.826641e+01  1.189893e+01 -2.500000e+00
     vertex  1.596463e+01  5.284994e+00 -2.500000e+00
     vertex  1.550119e+01  5.436126e+00 -2.500000e+00
   endloop
 endfacet
 facet normal  0.000000e+00  0.000000e+00 -1.000000e+00
   outer loop
     vertex  2.999734e+01  1.996390e-01 -2.500000e+00
     vertex  2.250000e+01  0.000000e+00 -2.500000e+00
     vertex  2.249918e+01  6.403534e-02 -2.500000e+00
   endloop
 endfacet
 facet normal  0.000000e+00 -0.000000e+00 -1.000000e+00
   outer loop
     vertex  2.999734e+01  1.996390e-01 -2.500000e+00
     vertex  3.000000e+01  0.000000e+00 -2.500000e+00
     vertex  2.250000e+01  0.000000e+00 -2.500000e+00
   endloop
 endfacet
 facet normal  0.000000e+00 -0.000000e+00 -1.000000e+00
   outer loop
     vertex  2.998937e+01  3.992426e-01 -2.500000e+00
     vertex  2.999734e+01  1.996390e-01 -2.500000e+00
     vertex  2.249918e+01  6.403534e-02 -2.500000e+00
   endloop
 endfacet
 facet normal  0.000000e+00  0.000000e+00 -1.000000e+00
   outer loop
     vertex  2.998937e+01  3.992426e-01 -2.500000e+00
     vertex  2.249918e+01  6.403534e-02 -2.500000e+00
     vertex  2.249672e+01  1.280660e-01 -2.500000e+00
   endloop
 endfacet
 facet normal  0.000000e+00 -0.000000e+00 -1.000000e+00
   outer loop
     vertex  2.997609e+01  5.987755e-01 -2.500000e+00
     vertex  2.998937e+01  3.992426e-01 -2.500000e+00
     vertex  2.249672e+01  1.280660e-01 -2.500000e+00
   endloop
 endfacet
 facet normal -0.000000e+00  0.000000e+00 -1.000000e+00
   outer loop
     vertex  1.897078e+01  1.162013e+01 -2.500000e+00
     vertex  1.641482e+01  5.129475e+00 -2.500000e+00
     vertex  1.826641e+01  1.189893e+01 -2.500000e+00
   endloop
 endfacet
 facet normal  0.000000e+00  0.000000e+00 -1.000000e+00
   outer loop
     vertex  1.897078e+01  1.162013e+01 -2.500000e+00
     vertex  1.685138e+01  4.969696e+00 -2.500000e+00
     vertex  1.641482e+01  5.129475e+00 -2.500000e+00
   endloop
 endfacet
 facet normal  0.000000e+00 -0.000000e+00 -1.000000e+00
   outer loop
     vertex  2.995749e+01  7.982023e-01 -2.500000e+00
     vertex  2.997609e+01  5.987755e-01 -2.500000e+00
     vertex  2.249672e+01  1.280660e-01 -2.500000e+00
   endloop
 endfacet
 facet normal  0.000000e+00  0.000000e+00 -1.000000e+00
   outer loop
     vertex  2.995749e+01  7.982023e-01 -2.500000e+00
     vertex  2.249672e+01  1.280660e-01 -2.500000e+00
     vertex  2.249262e+01  1.920874e-01 -2.500000e+00
   endloop
 endfacet
 facet normal  0.000000e+00 -0.000000e+00 -1.000000e+00
   outer loop
     vertex  2.993359e+01  9.974877e-01 -2.500000e+00
     vertex  2.995749e+01  7.982023e-01 -2.500000e+00
     vertex  2.249262e+01  1.920874e-01 -2.500000e+00
   endloop
 endfacet
 facet normal  0.000000e+00  0.000000e+00 -1.000000e+00
   outer loop
     vertex  1.965814e+01  1.133090e+01 -2.500000e+00
     vertex  1.727395e+01  4.805790e+00 -2.500000e+00
     vertex  1.685138e+01  4.969696e+00 -2.500000e+00
   endloop
 endfacet
 facet normal -0.000000e+00  0.000000e+00 -1.000000e+00
   outer loop
     vertex  1.965814e+01  1.133090e+01 -2.500000e+00
     vertex  1.685138e+01  4.969696e+00 -2.500000e+00
     vertex  1.897078e+01  1.162013e+01 -2.500000e+00
   endloop
 endfacet
 facet normal  0.000000e+00 -0.000000e+00 -1.000000e+00
   outer loop
     vertex  2.990439e+01  1.196596e+00 -2.500000e+00
     vertex  2.993359e+01  9.974877e-01 -2.500000e+00
     vertex  2.249262e+01  1.920874e-01 -2.500000e+00
   endloop
 endfacet
 facet normal  0.000000e+00  0.000000e+00 -1.000000e+00
   outer loop
     vertex  2.990439e+01  1.196596e+00 -2.500000e+00
     vertex  2.249262e+01  1.920874e-01 -2.500000e+00
     vertex  2.248688e+01  2.560947e-01 -2.500000e+00
   endloop
 endfacet
 facet normal  0.000000e+00 -0.000000e+00 -1.000000e+00
   outer loop
     vertex  2.986989e+01  1.395493e+00 -2.500000e+00
     vertex  2.990439e+01  1.196596e+00 -2.500000e+00
     vertex  2.248688e+01  2.560947e-01 -2.500000e+00
   endloop
 endfacet
 facet normal  0.000000e+00  0.000000e+00 -1.000000e+00
   outer loop
     vertex  2.986989e+01  1.395493e+00 -2.500000e+00
     vertex  2.248688e+01  2.560947e-01 -2.500000e+00
     vertex  2.247950e+01  3.200834e-01 -2.500000e+00
   endloop
 endfacet
 facet normal  0.000000e+00  0.000000e+00 -1.000000e+00
   outer loop
     vertex  2.025434e+01  1.106528e+01 -2.500000e+00
     vertex  1.768218e+01  4.637894e+00 -2.500000e+00
     vertex  1.727395e+01  4.805790e+00 -2.500000e+00
   endloop
 endfacet
 facet normal -0.000000e+00  0.000000e+00 -1.000000e+00
   outer loop
     vertex  2.025434e+01  1.106528e+01 -2.500000e+00
     vertex  1.727395e+01  4.805790e+00 -2.500000e+00
     vertex  1.965814e+01  1.133090e+01 -2.500000e+00
   endloop
 endfacet
 facet normal  0.000000e+00 -0.000000e+00 -1.000000e+00
   outer loop
     vertex  2.983010e+01  1.594143e+00 -2.500000e+00
     vertex  2.986989e+01  1.395493e+00 -2.500000e+00
     vertex  2.247950e+01  3.200834e-01 -2.500000e+00
   endloop
 endfacet
 facet normal  0.000000e+00  0.000000e+00 -1.000000e+00
   outer loop
     vertex  2.069210e+01  1.086090e+01 -2.500000e+00
     vertex  1.803273e+01  4.485417e+00 -2.500000e+00
     vertex  1.768218e+01  4.637894e+00 -2.500000e+00
   endloop
 endfacet
 facet normal -0.000000e+00  0.000000e+00 -1.000000e+00
   outer loop
     vertex  2.069210e+01  1.086090e+01 -2.500000e+00
     vertex  1.768218e+01  4.637894e+00 -2.500000e+00
     vertex  2.025434e+01  1.106528e+01 -2.500000e+00
   endloop
 endfacet
 facet normal  0.000000e+00  0.000000e+00 -1.000000e+00
   outer loop
     vertex  2.978502e+01  1.792510e+00 -2.500000e+00
     vertex  2.247950e+01  3.200834e-01 -2.500000e+00
     vertex  2.247048e+01  3.840487e-01 -2.500000e+00
   endloop
 endfacet
 facet normal  0.000000e+00 -0.000000e+00 -1.000000e+00
   outer loop
     vertex  2.978502e+01  1.792510e+00 -2.500000e+00
     vertex  2.983010e+01  1.594143e+00 -2.500000e+00
     vertex  2.247950e+01  3.200834e-01 -2.500000e+00
   endloop
 endfacet
 facet normal  0.000000e+00 -0.000000e+00 -1.000000e+00
   outer loop
     vertex  2.973467e+01  1.990560e+00 -2.500000e+00
     vertex  2.978502e+01  1.792510e+00 -2.500000e+00
     vertex  2.247048e+01  3.840487e-01 -2.500000e+00
   endloop
 endfacet
 facet normal  0.000000e+00  0.000000e+00 -1.000000e+00
   outer loop
     vertex  2.973467e+01  1.990560e+00 -2.500000e+00
     vertex  2.247048e+01  3.840487e-01 -2.500000e+00
     vertex  2.245983e+01  4.479860e-01 -2.500000e+00
   endloop
 endfacet
 facet normal -0.000000e+00  0.000000e+00 -1.000000e+00
   outer loop
     vertex  2.112162e+01  1.065220e+01 -2.500000e+00
     vertex  1.803273e+01  4.485417e+00 -2.500000e+00
     vertex  2.069210e+01  1.086090e+01 -2.500000e+00
   endloop
 endfacet
 facet normal  0.000000e+00  0.000000e+00 -1.000000e+00
   outer loop
     vertex  2.112162e+01  1.065220e+01 -2.500000e+00
     vertex  1.828789e+01  4.369121e+00 -2.500000e+00
     vertex  1.803273e+01  4.485417e+00 -2.500000e+00
   endloop
 endfacet
 facet normal  0.000000e+00 -0.000000e+00 -1.000000e+00
   outer loop
     vertex  2.967905e+01  2.188257e+00 -2.500000e+00
     vertex  2.973467e+01  1.990560e+00 -2.500000e+00
     vertex  2.245983e+01  4.479860e-01 -2.500000e+00
   endloop
 endfacet
 facet normal  0.000000e+00  0.000000e+00 -1.000000e+00
   outer loop
     vertex  2.967905e+01  2.188257e+00 -2.500000e+00
     vertex  2.245983e+01  4.479860e-01 -2.500000e+00
     vertex  2.244753e+01  5.118907e-01 -2.500000e+00
   endloop
 endfacet
 facet normal  0.000000e+00  0.000000e+00 -1.000000e+00
   outer loop
     vertex  2.154271e+01  1.043925e+01 -2.500000e+00
     vertex  1.853631e+01  4.251214e+00 -2.500000e+00
     vertex  1.828789e+01  4.369121e+00 -2.500000e+00
   endloop
 endfacet
 facet normal -0.000000e+00  0.000000e+00 -1.000000e+00
   outer loop
     vertex  2.154271e+01  1.043925e+01 -2.500000e+00
     vertex  1.828789e+01  4.369121e+00 -2.500000e+00
     vertex  2.112162e+01  1.065220e+01 -2.500000e+00
   endloop
 endfacet
 facet normal  0.000000e+00 -0.000000e+00 -1.000000e+00
   outer loop
     vertex  2.961818e+01  2.385566e+00 -2.500000e+00
     vertex  2.967905e+01  2.188257e+00 -2.500000e+00
     vertex  2.244753e+01  5.118907e-01 -2.500000e+00
   endloop
 endfacet
 facet normal  0.000000e+00 -0.000000e+00 -1.000000e+00
   outer loop
     vertex  2.955205e+01  2.582453e+00 -2.500000e+00
     vertex  2.961818e+01  2.385566e+00 -2.500000e+00
     vertex  2.244753e+01  5.118907e-01 -2.500000e+00
   endloop
 endfacet
 facet normal  0.000000e+00  0.000000e+00 -1.000000e+00
   outer loop
     vertex  2.955205e+01  2.582453e+00 -2.500000e+00
     vertex  2.244753e+01  5.118907e-01 -2.500000e+00
     vertex  2.243360e+01  5.757581e-01 -2.500000e+00
   endloop
 endfacet
 facet normal -0.000000e+00  0.000000e+00 -1.000000e+00
   outer loop
     vertex  2.195522e+01  1.022214e+01 -2.500000e+00
     vertex  1.853631e+01  4.251214e+00 -2.500000e+00
     vertex  2.154271e+01  1.043925e+01 -2.500000e+00
   endloop
 endfacet
 facet normal  0.000000e+00  0.000000e+00 -1.000000e+00
   outer loop
     vertex  2.195522e+01  1.022214e+01 -2.500000e+00
     vertex  1.901252e+01  4.010736e+00 -2.500000e+00
     vertex  1.877788e+01  4.131737e+00 -2.500000e+00
   endloop
 endfacet
 facet normal  0.000000e+00  0.000000e+00 -1.000000e+00
   outer loop
     vertex  2.195522e+01  1.022214e+01 -2.500000e+00
     vertex  1.877788e+01  4.131737e+00 -2.500000e+00
     vertex  1.853631e+01  4.251214e+00 -2.500000e+00
   endloop
 endfacet
 facet normal  0.000000e+00 -0.000000e+00 -1.000000e+00
   outer loop
     vertex  2.948069e+01  2.778882e+00 -2.500000e+00
     vertex  2.955205e+01  2.582453e+00 -2.500000e+00
     vertex  2.243360e+01  5.757581e-01 -2.500000e+00
   endloop
 endfacet
 facet normal  0.000000e+00  0.000000e+00 -1.000000e+00
   outer loop
     vertex  2.948069e+01  2.778882e+00 -2.500000e+00
     vertex  2.243360e+01  5.757581e-01 -2.500000e+00
     vertex  2.241804e+01  6.395835e-01 -2.500000e+00
   endloop
 endfacet
 facet normal  0.000000e+00  0.000000e+00 -1.000000e+00
   outer loop
     vertex  2.235897e+01  1.000095e+01 -2.500000e+00
     vertex  1.924015e+01  3.888255e+00 -2.500000e+00
     vertex  1.901252e+01  4.010736e+00 -2.500000e+00
   endloop
 endfacet
 facet normal -0.000000e+00  0.000000e+00 -1.000000e+00
   outer loop
     vertex  2.235897e+01  1.000095e+01 -2.500000e+00
     vertex  1.901252e+01  4.010736e+00 -2.500000e+00
     vertex  2.195522e+01  1.022214e+01 -2.500000e+00
   endloop
 endfacet
 facet normal  0.000000e+00 -0.000000e+00 -1.000000e+00
   outer loop
     vertex  2.940411e+01  2.974819e+00 -2.500000e+00
     vertex  2.948069e+01  2.778882e+00 -2.500000e+00
     vertex  2.241804e+01  6.395835e-01 -2.500000e+00
   endloop
 endfacet
 facet normal  0.000000e+00  0.000000e+00 -1.000000e+00
   outer loop
     vertex  2.940411e+01  2.974819e+00 -2.500000e+00
     vertex  2.241804e+01  6.395835e-01 -2.500000e+00
     vertex  2.240084e+01  7.033622e-01 -2.500000e+00
   endloop
 endfacet
 facet normal  0.000000e+00 -0.000000e+00 -1.000000e+00
   outer loop
     vertex  2.932232e+01  3.170229e+00 -2.500000e+00
     vertex  2.940411e+01  2.974819e+00 -2.500000e+00
     vertex  2.240084e+01  7.033622e-01 -2.500000e+00
   endloop
 endfacet
 facet normal -0.000000e+00  0.000000e+00 -1.000000e+00
   outer loop
     vertex  2.275382e+01  9.775782e+00 -2.500000e+00
     vertex  1.924015e+01  3.888255e+00 -2.500000e+00
     vertex  2.235897e+01  1.000095e+01 -2.500000e+00
   endloop
 endfacet
 facet normal  0.000000e+00  0.000000e+00 -1.000000e+00
   outer loop
     vertex  2.275382e+01  9.775782e+00 -2.500000e+00
     vertex  1.946067e+01  3.764338e+00 -2.500000e+00
     vertex  1.924015e+01  3.888255e+00 -2.500000e+00
   endloop
 endfacet
 facet normal  0.000000e+00 -0.000000e+00 -1.000000e+00
   outer loop
     vertex  2.923534e+01  3.365078e+00 -2.500000e+00
     vertex  2.932232e+01  3.170229e+00 -2.500000e+00
     vertex  2.240084e+01  7.033622e-01 -2.500000e+00
   endloop
 endfacet
 facet normal  0.000000e+00  0.000000e+00 -1.000000e+00
   outer loop
     vertex  2.923534e+01  3.365078e+00 -2.500000e+00
     vertex  2.240084e+01  7.033622e-01 -2.500000e+00
     vertex  2.238201e+01  7.670897e-01 -2.500000e+00
   endloop
 endfacet
 facet normal  0.000000e+00  0.000000e+00 -1.000000e+00
   outer loop
     vertex  2.313960e+01  9.546715e+00 -2.500000e+00
     vertex  1.967402e+01  3.639033e+00 -2.500000e+00
     vertex  1.946067e+01  3.764338e+00 -2.500000e+00
   endloop
 endfacet
 facet normal -0.000000e+00  0.000000e+00 -1.000000e+00
   outer loop
     vertex  2.313960e+01  9.546715e+00 -2.500000e+00
     vertex  1.946067e+01  3.764338e+00 -2.500000e+00
     vertex  2.275382e+01  9.775782e+00 -2.500000e+00
   endloop
 endfacet
 facet normal  0.000000e+00 -0.000000e+00 -1.000000e+00
   outer loop
     vertex  2.914318e+01  3.559330e+00 -2.500000e+00
     vertex  2.923534e+01  3.365078e+00 -2.500000e+00
     vertex  2.238201e+01  7.670897e-01 -2.500000e+00
   endloop
 endfacet
 facet normal  0.000000e+00  0.000000e+00 -1.000000e+00
   outer loop
     vertex  2.914318e+01  3.559330e+00 -2.500000e+00
     vertex  2.238201e+01  7.670897e-01 -2.500000e+00
     vertex  2.236154e+01  8.307613e-01 -2.500000e+00
   endloop
 endfacet
 facet normal  0.000000e+00 -0.000000e+00 -1.000000e+00
   outer loop
     vertex  2.904585e+01  3.752952e+00 -2.500000e+00
     vertex  2.914318e+01  3.559330e+00 -2.500000e+00
     vertex  2.236154e+01  8.307613e-01 -2.500000e+00
   endloop
 endfacet
 facet normal  0.000000e+00  0.000000e+00 -1.000000e+00
   outer loop
     vertex  2.904585e+01  3.752952e+00 -2.500000e+00
     vertex  2.236154e+01  8.307613e-01 -2.500000e+00
     vertex  2.233945e+01  8.943723e-01 -2.500000e+00
   endloop
 endfacet
 facet normal  0.000000e+00  0.000000e+00 -1.000000e+00
   outer loop
     vertex  2.351615e+01  9.313843e+00 -2.500000e+00
     vertex  2.007885e+01  3.384440e+00 -2.500000e+00
     vertex  1.988010e+01  3.512384e+00 -2.500000e+00
   endloop
 endfacet
 facet normal  0.000000e+00  0.000000e+00 -1.000000e+00
   outer loop
     vertex  2.351615e+01  9.313843e+00 -2.500000e+00
     vertex  1.988010e+01  3.512384e+00 -2.500000e+00
     vertex  1.967402e+01  3.639033e+00 -2.500000e+00
   endloop
 endfacet
 facet normal -0.000000e+00  0.000000e+00 -1.000000e+00
   outer loop
     vertex  2.351615e+01  9.313843e+00 -2.500000e+00
     vertex  1.967402e+01  3.639033e+00 -2.500000e+00
     vertex  2.313960e+01  9.546715e+00 -2.500000e+00
   endloop
 endfacet
 facet normal  0.000000e+00 -0.000000e+00 -1.000000e+00
   outer loop
     vertex  2.894338e+01  3.945909e+00 -2.500000e+00
     vertex  2.904585e+01  3.752952e+00 -2.500000e+00
     vertex  2.233945e+01  8.943723e-01 -2.500000e+00
   endloop
 endfacet
 facet normal  0.000000e+00  0.000000e+00 -1.000000e+00
   outer loop
     vertex  2.894338e+01  3.945909e+00 -2.500000e+00
     vertex  2.233945e+01  8.943723e-01 -2.500000e+00
     vertex  2.231572e+01  9.579181e-01 -2.500000e+00
   endloop
 endfacet
 facet normal -0.000000e+00  0.000000e+00 -1.000000e+00
   outer loop
     vertex  2.388333e+01  9.077258e+00 -2.500000e+00
     vertex  2.007885e+01  3.384440e+00 -2.500000e+00
     vertex  2.351615e+01  9.313843e+00 -2.500000e+00
   endloop
 endfacet
 facet normal  0.000000e+00  0.000000e+00 -1.000000e+00
   outer loop
     vertex  2.388333e+01  9.077258e+00 -2.500000e+00
     vertex  2.024929e+01  3.269661e+00 -2.500000e+00
     vertex  2.007885e+01  3.384440e+00 -2.500000e+00
   endloop
 endfacet
 facet normal  0.000000e+00 -0.000000e+00 -1.000000e+00
   outer loop
     vertex  2.883578e+01  4.138167e+00 -2.500000e+00
     vertex  2.894338e+01  3.945909e+00 -2.500000e+00
     vertex  2.231572e+01  9.579181e-01 -2.500000e+00
   endloop
 endfacet
 facet normal  0.000000e+00  0.000000e+00 -1.000000e+00
   outer loop
     vertex  2.883578e+01  4.138167e+00 -2.500000e+00
     vertex  2.231572e+01  9.579181e-01 -2.500000e+00
     vertex  2.229037e+01  1.021394e+00 -2.500000e+00
   endloop
 endfacet
 facet normal  0.000000e+00  0.000000e+00 -1.000000e+00
   outer loop
     vertex  2.872308e+01  4.329692e+00 -2.500000e+00
     vertex  2.229037e+01  1.021394e+00 -2.500000e+00
     vertex  2.226340e+01  1.084796e+00 -2.500000e+00
   endloop
 endfacet
 facet normal  0.000000e+00 -0.000000e+00 -1.000000e+00
   outer loop
     vertex  2.872308e+01  4.329692e+00 -2.500000e+00
     vertex  2.883578e+01  4.138167e+00 -2.500000e+00
     vertex  2.229037e+01  1.021394e+00 -2.500000e+00
   endloop
 endfacet
 facet normal  0.000000e+00  0.000000e+00 -1.000000e+00
   outer loop
     vertex  2.424099e+01  8.837056e+00 -2.500000e+00
     vertex  2.049387e+01  3.095716e+00 -2.500000e+00
     vertex  2.037325e+01  3.182949e+00 -2.500000e+00
   endloop
 endfacet
 facet normal  0.000000e+00  0.000000e+00 -1.000000e+00
   outer loop
     vertex  2.424099e+01  8.837056e+00 -2.500000e+00
     vertex  2.037325e+01  3.182949e+00 -2.500000e+00
     vertex  2.024929e+01  3.269661e+00 -2.500000e+00
   endloop
 endfacet
 facet normal -0.000000e+00  0.000000e+00 -1.000000e+00
   outer loop
     vertex  2.424099e+01  8.837056e+00 -2.500000e+00
     vertex  2.024929e+01  3.269661e+00 -2.500000e+00
     vertex  2.388333e+01  9.077258e+00 -2.500000e+00
   endloop
 endfacet
 facet normal  0.000000e+00  0.000000e+00 -1.000000e+00
   outer loop
     vertex  2.860528e+01  4.520450e+00 -2.500000e+00
     vertex  2.226340e+01  1.084796e+00 -2.500000e+00
     vertex  2.223480e+01  1.148118e+00 -2.500000e+00
   endloop
 endfacet
 facet normal  0.000000e+00 -0.000000e+00 -1.000000e+00
   outer loop
     vertex  2.860528e+01  4.520450e+00 -2.500000e+00
     vertex  2.872308e+01  4.329692e+00 -2.500000e+00
     vertex  2.226340e+01  1.084796e+00 -2.500000e+00
   endloop
 endfacet
 facet normal  0.000000e+00  0.000000e+00 -1.000000e+00
   outer loop
     vertex  2.458899e+01  8.593332e+00 -2.500000e+00
     vertex  2.061113e+01  3.007974e+00 -2.500000e+00
     vertex  2.049387e+01  3.095716e+00 -2.500000e+00
   endloop
 endfacet
 facet normal -0.000000e+00  0.000000e+00 -1.000000e+00
   outer loop
     vertex  2.458899e+01  8.593332e+00 -2.500000e+00
     vertex  2.049387e+01  3.095716e+00 -2.500000e+00
     vertex  2.424099e+01  8.837056e+00 -2.500000e+00
   endloop
 endfacet
 facet normal  0.000000e+00  0.000000e+00 -1.000000e+00
   outer loop
     vertex  2.848242e+01  4.710407e+00 -2.500000e+00
     vertex  2.223480e+01  1.148118e+00 -2.500000e+00
     vertex  2.220458e+01  1.211357e+00 -2.500000e+00
   endloop
 endfacet
 facet normal  0.000000e+00 -0.000000e+00 -1.000000e+00
   outer loop
     vertex  2.848242e+01  4.710407e+00 -2.500000e+00
     vertex  2.860528e+01  4.520450e+00 -2.500000e+00
     vertex  2.223480e+01  1.148118e+00 -2.500000e+00
   endloop
 endfacet
 facet normal  0.000000e+00 -0.000000e+00 -1.000000e+00
   outer loop
     vertex  2.835451e+01  4.899530e+00 -2.500000e+00
     vertex  2.848242e+01  4.710407e+00 -2.500000e+00
     vertex  2.220458e+01  1.211357e+00 -2.500000e+00
   endloop
 endfacet
 facet normal  0.000000e+00  0.000000e+00 -1.000000e+00
   outer loop
     vertex  2.835451e+01  4.899530e+00 -2.500000e+00
     vertex  2.220458e+01  1.211357e+00 -2.500000e+00
     vertex  2.217275e+01  1.274507e+00 -2.500000e+00
   endloop
 endfacet
 facet normal -0.000000e+00  0.000000e+00 -1.000000e+00
   outer loop
     vertex  2.492719e+01  8.346182e+00 -2.500000e+00
     vertex  2.061113e+01  3.007974e+00 -2.500000e+00
     vertex  2.458899e+01  8.593332e+00 -2.500000e+00
   endloop
 endfacet
 facet normal  0.000000e+00  0.000000e+00 -1.000000e+00
   outer loop
     vertex  2.492719e+01  8.346182e+00 -2.500000e+00
     vertex  2.083549e+01  2.831026e+00 -2.500000e+00
     vertex  2.072501e+01  2.919740e+00 -2.500000e+00
   endloop
 endfacet
 facet normal  0.000000e+00  0.000000e+00 -1.000000e+00
   outer loop
     vertex  2.492719e+01  8.346182e+00 -2.500000e+00
     vertex  2.072501e+01  2.919740e+00 -2.500000e+00
     vertex  2.061113e+01  3.007974e+00 -2.500000e+00
   endloop
 endfacet
 facet normal  0.000000e+00 -0.000000e+00 -1.000000e+00
   outer loop
     vertex  2.822158e+01  5.087785e+00 -2.500000e+00
     vertex  2.835451e+01  4.899530e+00 -2.500000e+00
     vertex  2.217275e+01  1.274507e+00 -2.500000e+00
   endloop
 endfacet
 facet normal  0.000000e+00  0.000000e+00 -1.000000e+00
   outer loop
     vertex  2.822158e+01  5.087785e+00 -2.500000e+00
     vertex  2.217275e+01  1.274507e+00 -2.500000e+00
     vertex  2.213929e+01  1.337565e+00 -2.500000e+00
   endloop
 endfacet
 facet normal -0.000000e+00  0.000000e+00 -1.000000e+00
   outer loop
     vertex  2.525546e+01  8.095706e+00 -2.500000e+00
     vertex  2.083549e+01  2.831026e+00 -2.500000e+00
     vertex  2.492719e+01  8.346182e+00 -2.500000e+00
   endloop
 endfacet
 facet normal  0.000000e+00  0.000000e+00 -1.000000e+00
   outer loop
     vertex  2.525546e+01  8.095706e+00 -2.500000e+00
     vertex  2.104618e+01  2.652220e+00 -2.500000e+00
     vertex  2.094255e+01  2.741848e+00 -2.500000e+00
   endloop
 endfacet
 facet normal  0.000000e+00  0.000000e+00 -1.000000e+00
   outer loop
     vertex  2.525546e+01  8.095706e+00 -2.500000e+00
     vertex  2.094255e+01  2.741848e+00 -2.500000e+00
     vertex  2.083549e+01  2.831026e+00 -2.500000e+00
   endloop
 endfacet
 facet normal  0.000000e+00  0.000000e+00 -1.000000e+00
   outer loop
     vertex  2.808365e+01  5.275139e+00 -2.500000e+00
     vertex  2.213929e+01  1.337565e+00 -2.500000e+00
     vertex  2.210423e+01  1.400525e+00 -2.500000e+00
   endloop
 endfacet
 facet normal  0.000000e+00 -0.000000e+00 -1.000000e+00
   outer loop
     vertex  2.808365e+01  5.275139e+00 -2.500000e+00
     vertex  2.822158e+01  5.087785e+00 -2.500000e+00
     vertex  2.213929e+01  1.337565e+00 -2.500000e+00
   endloop
 endfacet
 facet normal  0.000000e+00 -0.000000e+00 -1.000000e+00
   outer loop
     vertex  2.794075e+01  5.461558e+00 -2.500000e+00
     vertex  2.808365e+01  5.275139e+00 -2.500000e+00
     vertex  2.210423e+01  1.400525e+00 -2.500000e+00
   endloop
 endfacet
 facet normal  0.000000e+00  0.000000e+00 -1.000000e+00
   outer loop
     vertex  2.794075e+01  5.461558e+00 -2.500000e+00
     vertex  2.210423e+01  1.400525e+00 -2.500000e+00
     vertex  2.206755e+01  1.463383e+00 -2.500000e+00
   endloop
 endfacet
 facet normal  0.000000e+00  0.000000e+00 -1.000000e+00
   outer loop
     vertex  2.557366e+01  7.842003e+00 -2.500000e+00
     vertex  2.114635e+01  2.562157e+00 -2.500000e+00
     vertex  2.104618e+01  2.652220e+00 -2.500000e+00
   endloop
 endfacet
 facet normal -0.000000e+00  0.000000e+00 -1.000000e+00
   outer loop
     vertex  2.557366e+01  7.842003e+00 -2.500000e+00
     vertex  2.104618e+01  2.652220e+00 -2.500000e+00
     vertex  2.525546e+01  8.095706e+00 -2.500000e+00
   endloop
 endfacet
 facet normal  0.000000e+00 -0.000000e+00 -1.000000e+00
   outer loop
     vertex  2.779290e+01  5.647009e+00 -2.500000e+00
     vertex  2.794075e+01  5.461558e+00 -2.500000e+00
     vertex  2.206755e+01  1.463383e+00 -2.500000e+00
   endloop
 endfacet
 facet normal  0.000000e+00  0.000000e+00 -1.000000e+00
   outer loop
     vertex  2.779290e+01  5.647009e+00 -2.500000e+00
     vertex  2.206755e+01  1.463383e+00 -2.500000e+00
     vertex  2.202926e+01  1.526134e+00 -2.500000e+00
   endloop
 endfacet
 facet normal  0.000000e+00  0.000000e+00 -1.000000e+00
   outer loop
     vertex  2.779290e+01  5.647009e+00 -2.500000e+00
     vertex  2.202926e+01  1.526134e+00 -2.500000e+00
     vertex  2.198937e+01  1.588774e+00 -2.500000e+00
   endloop
 endfacet
 facet normal  0.000000e+00  0.000000e+00 -1.000000e+00
   outer loop
     vertex  2.584795e+01  7.613863e+00 -2.500000e+00
     vertex  2.124306e+01  2.471674e+00 -2.500000e+00
     vertex  2.114635e+01  2.562157e+00 -2.500000e+00
   endloop
 endfacet
 facet normal -0.000000e+00  0.000000e+00 -1.000000e+00
   outer loop
     vertex  2.584795e+01  7.613863e+00 -2.500000e+00
     vertex  2.114635e+01  2.562157e+00 -2.500000e+00
     vertex  2.557366e+01  7.842003e+00 -2.500000e+00
   endloop
 endfacet
 facet normal  0.000000e+00 -0.000000e+00 -1.000000e+00
   outer loop
     vertex  2.764012e+01  5.831461e+00 -2.500000e+00
     vertex  2.779290e+01  5.647009e+00 -2.500000e+00
     vertex  2.198937e+01  1.588774e+00 -2.500000e+00
   endloop
 endfacet
 facet normal  0.000000e+00  0.000000e+00 -1.000000e+00
   outer loop
     vertex  2.764012e+01  5.831461e+00 -2.500000e+00
     vertex  2.198937e+01  1.588774e+00 -2.500000e+00
     vertex  2.194787e+01  1.651298e+00 -2.500000e+00
   endloop
 endfacet
 facet normal  0.000000e+00  0.000000e+00 -1.000000e+00
   outer loop
     vertex  2.604833e+01  7.441180e+00 -2.500000e+00
     vertex  2.133628e+01  2.380786e+00 -2.500000e+00
     vertex  2.124306e+01  2.471674e+00 -2.500000e+00
   endloop
 endfacet
 facet normal -0.000000e+00  0.000000e+00 -1.000000e+00
   outer loop
     vertex  2.604833e+01  7.441180e+00 -2.500000e+00
     vertex  2.124306e+01  2.471674e+00 -2.500000e+00
     vertex  2.584795e+01  7.613863e+00 -2.500000e+00
   endloop
 endfacet
 facet normal  0.000000e+00 -0.000000e+00 -1.000000e+00
   outer loop
     vertex  2.748245e+01  6.014879e+00 -2.500000e+00
     vertex  2.764012e+01  5.831461e+00 -2.500000e+00
     vertex  2.194787e+01  1.651298e+00 -2.500000e+00
   endloop
 endfacet
 facet normal  0.000000e+00  0.000000e+00 -1.000000e+00
   outer loop
     vertex  2.748245e+01  6.014879e+00 -2.500000e+00
     vertex  2.194787e+01  1.651298e+00 -2.500000e+00
     vertex  2.190477e+01  1.713702e+00 -2.500000e+00
   endloop
 endfacet
 facet normal  0.000000e+00  0.000000e+00 -1.000000e+00
   outer loop
     vertex  2.624409e+01  7.267178e+00 -2.500000e+00
     vertex  2.150280e+01  2.208055e+00 -2.500000e+00
     vertex  2.142600e+01  2.289507e+00 -2.500000e+00
   endloop
 endfacet
 facet normal  0.000000e+00  0.000000e+00 -1.000000e+00
   outer loop
     vertex  2.624409e+01  7.267178e+00 -2.500000e+00
     vertex  2.142600e+01  2.289507e+00 -2.500000e+00
     vertex  2.133628e+01  2.380786e+00 -2.500000e+00
   endloop
 endfacet
 facet normal -0.000000e+00  0.000000e+00 -1.000000e+00
   outer loop
     vertex  2.624409e+01  7.267178e+00 -2.500000e+00
     vertex  2.133628e+01  2.380786e+00 -2.500000e+00
     vertex  2.604833e+01  7.441180e+00 -2.500000e+00
   endloop
 endfacet
 facet normal  0.000000e+00  0.000000e+00 -1.000000e+00
   outer loop
     vertex  2.731991e+01  6.197232e+00 -2.500000e+00
     vertex  2.190477e+01  1.713702e+00 -2.500000e+00
     vertex  2.186008e+01  1.775981e+00 -2.500000e+00
   endloop
 endfacet
 facet normal  0.000000e+00 -0.000000e+00 -1.000000e+00
   outer loop
     vertex  2.731991e+01  6.197232e+00 -2.500000e+00
     vertex  2.748245e+01  6.014879e+00 -2.500000e+00
     vertex  2.190477e+01  1.713702e+00 -2.500000e+00
   endloop
 endfacet
 facet normal  0.000000e+00  0.000000e+00 -1.000000e+00
   outer loop
     vertex  2.643521e+01  7.091890e+00 -2.500000e+00
     vertex  2.155857e+01  2.146777e+00 -2.500000e+00
     vertex  2.150280e+01  2.208055e+00 -2.500000e+00
   endloop
 endfacet
 facet normal -0.000000e+00  0.000000e+00 -1.000000e+00
   outer loop
     vertex  2.643521e+01  7.091890e+00 -2.500000e+00
     vertex  2.150280e+01  2.208055e+00 -2.500000e+00
     vertex  2.624409e+01  7.267178e+00 -2.500000e+00
   endloop
 endfacet
 facet normal  0.000000e+00  0.000000e+00 -1.000000e+00
   outer loop
     vertex  2.715252e+01  6.378487e+00 -2.500000e+00
     vertex  2.186008e+01  1.775981e+00 -2.500000e+00
     vertex  2.181379e+01  1.838130e+00 -2.500000e+00
   endloop
 endfacet
 facet normal  0.000000e+00  0.000000e+00 -1.000000e+00
   outer loop
     vertex  2.715252e+01  6.378487e+00 -2.500000e+00
     vertex  2.181379e+01  1.838130e+00 -2.500000e+00
     vertex  2.176591e+01  1.900145e+00 -2.500000e+00
   endloop
 endfacet
 facet normal  0.000000e+00 -0.000000e+00 -1.000000e+00
   outer loop
     vertex  2.715252e+01  6.378487e+00 -2.500000e+00
     vertex  2.731991e+01  6.197232e+00 -2.500000e+00
     vertex  2.186008e+01  1.775981e+00 -2.500000e+00
   endloop
 endfacet
 facet normal  0.000000e+00  0.000000e+00 -1.000000e+00
   outer loop
     vertex  2.662165e+01  6.915345e+00 -2.500000e+00
     vertex  2.161278e+01  2.085342e+00 -2.500000e+00
     vertex  2.155857e+01  2.146777e+00 -2.500000e+00
   endloop
 endfacet
 facet normal -0.000000e+00  0.000000e+00 -1.000000e+00
   outer loop
     vertex  2.662165e+01  6.915345e+00 -2.500000e+00
     vertex  2.155857e+01  2.146777e+00 -2.500000e+00
     vertex  2.643521e+01  7.091890e+00 -2.500000e+00
   endloop
 endfacet
 facet normal  0.000000e+00  0.000000e+00 -1.000000e+00
   outer loop
     vertex  2.698033e+01  6.558612e+00 -2.500000e+00
     vertex  2.176591e+01  1.900145e+00 -2.500000e+00
     vertex  2.171645e+01  1.962022e+00 -2.500000e+00
   endloop
 endfacet
 facet normal  0.000000e+00 -0.000000e+00 -1.000000e+00
   outer loop
     vertex  2.698033e+01  6.558612e+00 -2.500000e+00
     vertex  2.715252e+01  6.378487e+00 -2.500000e+00
     vertex  2.176591e+01  1.900145e+00 -2.500000e+00
   endloop
 endfacet
 facet normal  0.000000e+00  0.000000e+00 -1.000000e+00
   outer loop
     vertex  2.680336e+01  6.737575e+00 -2.500000e+00
     vertex  2.171645e+01  1.962022e+00 -2.500000e+00
     vertex  2.166540e+01  2.023756e+00 -2.500000e+00
   endloop
 endfacet
 facet normal  0.000000e+00  0.000000e+00 -1.000000e+00
   outer loop
     vertex  2.680336e+01  6.737575e+00 -2.500000e+00
     vertex  2.166540e+01  2.023756e+00 -2.500000e+00
     vertex  2.161278e+01  2.085342e+00 -2.500000e+00
   endloop
 endfacet
 facet normal -0.000000e+00  0.000000e+00 -1.000000e+00
   outer loop
     vertex  2.680336e+01  6.737575e+00 -2.500000e+00
     vertex  2.161278e+01  2.085342e+00 -2.500000e+00
     vertex  2.662165e+01  6.915345e+00 -2.500000e+00
   endloop
 endfacet
 facet normal  0.000000e+00 -0.000000e+00 -1.000000e+00
   outer loop
     vertex  2.680336e+01  6.737575e+00 -2.500000e+00
     vertex  2.698033e+01  6.558612e+00 -2.500000e+00
     vertex  2.171645e+01  1.962022e+00 -2.500000e+00
   endloop
 endfacet
 facet normal -1.000000e+00 -1.501626e-14  0.000000e+00
   outer loop
     vertex  7.500000e+00  7.071068e+00 -2.500000e+00
     vertex  7.500000e+00  1.452369e+01  2.500000e+00
     vertex  7.500000e+00  1.452369e+01 -2.500000e+00
   endloop
 endfacet
 facet normal -1.000000e+00 -1.501626e-14 -0.000000e+00
   outer loop
     vertex  7.500000e+00  7.071068e+00  2.500000e+00
     vertex  7.500000e+00  1.452369e+01  2.500000e+00
     vertex  7.500000e+00  7.071068e+00 -2.500000e+00
   endloop
 endfacet
 facet normal  0.000000e+00  0.000000e+00  1.000000e+00
   outer loop
     vertex -2.134853e+01 -2.368554e+00  2.500000e+00
     vertex -2.615020e+01 -7.351310e+00  2.500000e+00
     vertex -2.589205e+01 -7.576304e+00  2.500000e+00
   endloop
 endfacet
 facet normal  0.000000e+00  0.000000e+00  1.000000e+00
   outer loop
     vertex -2.126409e+01 -2.451498e+00  2.500000e+00
     vertex -2.134853e+01 -2.368554e+00  2.500000e+00
     vertex -2.589205e+01 -7.576304e+00  2.500000e+00
   endloop
 endfacet
 facet normal  0.000000e+00  0.000000e+00  1.000000e+00
   outer loop
     vertex -2.143005e+01 -2.285287e+00  2.500000e+00
     vertex -2.615020e+01 -7.351310e+00  2.500000e+00
     vertex -2.134853e+01 -2.368554e+00  2.500000e+00
   endloop
 endfacet
 facet normal  0.000000e+00  0.000000e+00  1.000000e+00
   outer loop
     vertex -2.143005e+01 -2.285287e+00  2.500000e+00
     vertex -2.633868e+01 -7.181119e+00  2.500000e+00
     vertex -2.615020e+01 -7.351310e+00  2.500000e+00
   endloop
 endfacet
 facet normal  0.000000e+00  0.000000e+00  1.000000e+00
   outer loop
     vertex -2.117675e+01 -2.534108e+00  2.500000e+00
     vertex -2.126409e+01 -2.451498e+00  2.500000e+00
     vertex -2.589205e+01 -7.576304e+00  2.500000e+00
   endloop
 endfacet
 facet normal  0.000000e+00  0.000000e+00  1.000000e+00
   outer loop
     vertex -2.117675e+01 -2.534108e+00  2.500000e+00
     vertex -2.589205e+01 -7.576304e+00  2.500000e+00
     vertex -2.559239e+01 -7.826710e+00  2.500000e+00
   endloop
 endfacet
 facet normal  0.000000e+00  0.000000e+00  1.000000e+00
   outer loop
     vertex -2.150866e+01 -2.201708e+00  2.500000e+00
     vertex -2.633868e+01 -7.181119e+00  2.500000e+00
     vertex -2.143005e+01 -2.285287e+00  2.500000e+00
   endloop
 endfacet
 facet normal  0.000000e+00  0.000000e+00  1.000000e+00
   outer loop
     vertex -2.150866e+01 -2.201708e+00  2.500000e+00
     vertex -2.652273e+01 -7.009719e+00  2.500000e+00
     vertex -2.633868e+01 -7.181119e+00  2.500000e+00
   endloop
 endfacet
 facet normal  0.000000e+00  0.000000e+00  1.000000e+00
   outer loop
     vertex -2.108652e+01 -2.616371e+00  2.500000e+00
     vertex -2.117675e+01 -2.534108e+00  2.500000e+00
     vertex -2.559239e+01 -7.826710e+00  2.500000e+00
   endloop
 endfacet
 facet normal  0.000000e+00  0.000000e+00  1.000000e+00
   outer loop
     vertex -2.158433e+01 -2.117829e+00  2.500000e+00
     vertex -2.652273e+01 -7.009719e+00  2.500000e+00
     vertex -2.150866e+01 -2.201708e+00  2.500000e+00
   endloop
 endfacet
 facet normal  0.000000e+00  0.000000e+00  1.000000e+00
   outer loop
     vertex -2.158433e+01 -2.117829e+00  2.500000e+00
     vertex -2.670232e+01 -6.837141e+00  2.500000e+00
     vertex -2.652273e+01 -7.009719e+00  2.500000e+00
   endloop
 endfacet
 facet normal  0.000000e+00  0.000000e+00  1.000000e+00
   outer loop
     vertex -2.099342e+01 -2.698279e+00  2.500000e+00
     vertex -2.559239e+01 -7.826710e+00  2.500000e+00
     vertex -2.528304e+01 -8.074155e+00  2.500000e+00
   endloop
 endfacet
 facet normal  0.000000e+00  0.000000e+00  1.000000e+00
   outer loop
     vertex -2.099342e+01 -2.698279e+00  2.500000e+00
     vertex -2.108652e+01 -2.616371e+00  2.500000e+00
     vertex -2.559239e+01 -7.826710e+00  2.500000e+00
   endloop
 endfacet
 facet normal  0.000000e+00  0.000000e+00  1.000000e+00
   outer loop
     vertex -2.165705e+01 -2.033662e+00  2.500000e+00
     vertex -2.670232e+01 -6.837141e+00  2.500000e+00
     vertex -2.158433e+01 -2.117829e+00  2.500000e+00
   endloop
 endfacet
 facet normal  0.000000e+00  0.000000e+00  1.000000e+00
   outer loop
     vertex -2.165705e+01 -2.033662e+00  2.500000e+00
     vertex -2.687742e+01 -6.663412e+00  2.500000e+00
     vertex -2.670232e+01 -6.837141e+00  2.500000e+00
   endloop
 endfacet
 facet normal  0.000000e+00  0.000000e+00  1.000000e+00
   outer loop
     vertex -2.171922e+01 -1.958613e+00  2.500000e+00
     vertex -2.687742e+01 -6.663412e+00  2.500000e+00
     vertex -2.165705e+01 -2.033662e+00  2.500000e+00
   endloop
 endfacet
 facet normal  0.000000e+00  0.000000e+00  1.000000e+00
   outer loop
     vertex -2.171922e+01 -1.958613e+00  2.500000e+00
     vertex -2.704800e+01 -6.488563e+00  2.500000e+00
     vertex -2.687742e+01 -6.663412e+00  2.500000e+00
   endloop
 endfacet
 facet normal  0.000000e+00  0.000000e+00  1.000000e+00
   outer loop
     vertex -2.089745e+01 -2.779818e+00  2.500000e+00
     vertex -2.528304e+01 -8.074155e+00  2.500000e+00
     vertex -2.496412e+01 -8.318543e+00  2.500000e+00
   endloop
 endfacet
 facet normal  0.000000e+00  0.000000e+00  1.000000e+00
   outer loop
     vertex -2.089745e+01 -2.779818e+00  2.500000e+00
     vertex -2.099342e+01 -2.698279e+00  2.500000e+00
     vertex -2.528304e+01 -8.074155e+00  2.500000e+00
   endloop
 endfacet
 facet normal  0.000000e+00  0.000000e+00  1.000000e+00
   outer loop
     vertex -2.176431e+01 -1.902187e+00  2.500000e+00
     vertex -2.704800e+01 -6.488563e+00  2.500000e+00
     vertex -2.171922e+01 -1.958613e+00  2.500000e+00
   endloop
 endfacet
 facet normal  0.000000e+00  0.000000e+00  1.000000e+00
   outer loop
     vertex -2.079864e+01 -2.860978e+00  2.500000e+00
     vertex -2.089745e+01 -2.779818e+00  2.500000e+00
     vertex -2.496412e+01 -8.318543e+00  2.500000e+00
   endloop
 endfacet
 facet normal  0.000000e+00  0.000000e+00  1.000000e+00
   outer loop
     vertex -2.180808e+01 -1.845646e+00  2.500000e+00
     vertex -2.704800e+01 -6.488563e+00  2.500000e+00
     vertex -2.176431e+01 -1.902187e+00  2.500000e+00
   endloop
 endfacet
 facet normal  0.000000e+00  0.000000e+00  1.000000e+00
   outer loop
     vertex -2.180808e+01 -1.845646e+00  2.500000e+00
     vertex -2.721403e+01 -6.312622e+00  2.500000e+00
     vertex -2.704800e+01 -6.488563e+00  2.500000e+00
   endloop
 endfacet
 facet normal  0.000000e+00  0.000000e+00  1.000000e+00
   outer loop
     vertex -2.185053e+01 -1.788993e+00  2.500000e+00
     vertex -2.721403e+01 -6.312622e+00  2.500000e+00
     vertex -2.180808e+01 -1.845646e+00  2.500000e+00
   endloop
 endfacet
 facet normal  0.000000e+00  0.000000e+00  1.000000e+00
   outer loop
     vertex -2.185053e+01 -1.788993e+00  2.500000e+00
     vertex -2.737548e+01 -6.135620e+00  2.500000e+00
     vertex -2.721403e+01 -6.312622e+00  2.500000e+00
   endloop
 endfacet
 facet normal  0.000000e+00  0.000000e+00  1.000000e+00
   outer loop
     vertex -2.069698e+01 -2.941747e+00  2.500000e+00
     vertex -2.496412e+01 -8.318543e+00  2.500000e+00
     vertex -2.463575e+01 -8.559784e+00  2.500000e+00
   endloop
 endfacet
 facet normal  0.000000e+00  0.000000e+00  1.000000e+00
   outer loop
     vertex -2.069698e+01 -2.941747e+00  2.500000e+00
     vertex -2.079864e+01 -2.860978e+00  2.500000e+00
     vertex -2.496412e+01 -8.318543e+00  2.500000e+00
   endloop
 endfacet
 facet normal  0.000000e+00  0.000000e+00  1.000000e+00
   outer loop
     vertex -2.189165e+01 -1.732231e+00  2.500000e+00
     vertex -2.737548e+01 -6.135620e+00  2.500000e+00
     vertex -2.185053e+01 -1.788993e+00  2.500000e+00
   endloop
 endfacet
 facet normal  0.000000e+00  0.000000e+00  1.000000e+00
   outer loop
     vertex -2.059251e+01 -3.022116e+00  2.500000e+00
     vertex -2.069698e+01 -2.941747e+00  2.500000e+00
     vertex -2.463575e+01 -8.559784e+00  2.500000e+00
   endloop
 endfacet
 facet normal  0.000000e+00  0.000000e+00  1.000000e+00
   outer loop
     vertex -2.193145e+01 -1.675365e+00  2.500000e+00
     vertex -2.737548e+01 -6.135620e+00  2.500000e+00
     vertex -2.189165e+01 -1.732231e+00  2.500000e+00
   endloop
 endfacet
 facet normal  0.000000e+00  0.000000e+00  1.000000e+00
   outer loop
     vertex -2.193145e+01 -1.675365e+00  2.500000e+00
     vertex -2.753232e+01 -5.957585e+00  2.500000e+00
     vertex -2.737548e+01 -6.135620e+00  2.500000e+00
   endloop
 endfacet
 facet normal  0.000000e+00  0.000000e+00  1.000000e+00
   outer loop
     vertex -2.196991e+01 -1.618397e+00  2.500000e+00
     vertex -2.753232e+01 -5.957585e+00  2.500000e+00
     vertex -2.193145e+01 -1.675365e+00  2.500000e+00
   endloop
 endfacet
 facet normal  0.000000e+00  0.000000e+00  1.000000e+00
   outer loop
     vertex -2.196991e+01 -1.618397e+00  2.500000e+00
     vertex -2.768454e+01 -5.778548e+00  2.500000e+00
     vertex -2.753232e+01 -5.957585e+00  2.500000e+00
   endloop
 endfacet
 facet normal  0.000000e+00  0.000000e+00  1.000000e+00
   outer loop
     vertex -2.044884e+01 -3.128631e+00  2.500000e+00
     vertex -2.463575e+01 -8.559784e+00  2.500000e+00
     vertex -2.429806e+01 -8.797785e+00  2.500000e+00
   endloop
 endfacet
 facet normal  0.000000e+00  0.000000e+00  1.000000e+00
   outer loop
     vertex -2.044884e+01 -3.128631e+00  2.500000e+00
     vertex -2.059251e+01 -3.022116e+00  2.500000e+00
     vertex -2.463575e+01 -8.559784e+00  2.500000e+00
   endloop
 endfacet
 facet normal  0.000000e+00  0.000000e+00  1.000000e+00
   outer loop
     vertex -2.200705e+01 -1.561331e+00  2.500000e+00
     vertex -2.768454e+01 -5.778548e+00  2.500000e+00
     vertex -2.196991e+01 -1.618397e+00  2.500000e+00
   endloop
 endfacet
 facet normal  0.000000e+00  0.000000e+00  1.000000e+00
   outer loop
     vertex -2.200705e+01 -1.561331e+00  2.500000e+00
     vertex -2.783209e+01 -5.598539e+00  2.500000e+00
     vertex -2.768454e+01 -5.778548e+00  2.500000e+00
   endloop
 endfacet
 facet normal  0.000000e+00  0.000000e+00  1.000000e+00
   outer loop
     vertex -2.204285e+01 -1.504170e+00  2.500000e+00
     vertex -2.783209e+01 -5.598539e+00  2.500000e+00
     vertex -2.200705e+01 -1.561331e+00  2.500000e+00
   endloop
 endfacet
 facet normal  0.000000e+00  0.000000e+00  1.000000e+00
   outer loop
     vertex -2.028129e+01 -3.247552e+00  2.500000e+00
     vertex -2.429806e+01 -8.797785e+00  2.500000e+00
     vertex -2.395118e+01 -9.032456e+00  2.500000e+00
   endloop
 endfacet
 facet normal  0.000000e+00  0.000000e+00  1.000000e+00
   outer loop
     vertex -2.028129e+01 -3.247552e+00  2.500000e+00
     vertex -2.044884e+01 -3.128631e+00  2.500000e+00
     vertex -2.429806e+01 -8.797785e+00  2.500000e+00
   endloop
 endfacet
 facet normal  0.000000e+00  0.000000e+00  1.000000e+00
   outer loop
     vertex -2.207732e+01 -1.446919e+00  2.500000e+00
     vertex -2.783209e+01 -5.598539e+00  2.500000e+00
     vertex -2.204285e+01 -1.504170e+00  2.500000e+00
   endloop
 endfacet
 facet normal  0.000000e+00  0.000000e+00  1.000000e+00
   outer loop
     vertex -2.207732e+01 -1.446919e+00  2.500000e+00
     vertex -2.797497e+01 -5.417589e+00  2.500000e+00
     vertex -2.783209e+01 -5.598539e+00  2.500000e+00
   endloop
 endfacet
 facet normal  0.000000e+00  0.000000e+00  1.000000e+00
   outer loop
     vertex -2.211044e+01 -1.389579e+00  2.500000e+00
     vertex -2.811314e+01 -5.235727e+00  2.500000e+00
     vertex -2.797497e+01 -5.417589e+00  2.500000e+00
   endloop
 endfacet
 facet normal  0.000000e+00  0.000000e+00  1.000000e+00
   outer loop
     vertex -2.211044e+01 -1.389579e+00  2.500000e+00
     vertex -2.797497e+01 -5.417589e+00  2.500000e+00
     vertex -2.207732e+01 -1.446919e+00  2.500000e+00
   endloop
 endfacet
 facet normal  0.000000e+00  0.000000e+00  1.000000e+00
   outer loop
     vertex -2.214223e+01 -1.332155e+00  2.500000e+00
     vertex -2.824658e+01 -5.052985e+00  2.500000e+00
     vertex -2.811314e+01 -5.235727e+00  2.500000e+00
   endloop
 endfacet
 facet normal  0.000000e+00  0.000000e+00  1.000000e+00
   outer loop
     vertex -2.214223e+01 -1.332155e+00  2.500000e+00
     vertex -2.811314e+01 -5.235727e+00  2.500000e+00
     vertex -2.211044e+01 -1.389579e+00  2.500000e+00
   endloop
 endfacet
 facet normal  0.000000e+00  0.000000e+00  1.000000e+00
   outer loop
     vertex -2.010751e+01 -3.365477e+00  2.500000e+00
     vertex -2.395118e+01 -9.032456e+00  2.500000e+00
     vertex -2.359523e+01 -9.263709e+00  2.500000e+00
   endloop
 endfacet
 facet normal  0.000000e+00  0.000000e+00  1.000000e+00
   outer loop
     vertex -2.010751e+01 -3.365477e+00  2.500000e+00
     vertex -2.028129e+01 -3.247552e+00  2.500000e+00
     vertex -2.395118e+01 -9.032456e+00  2.500000e+00
   endloop
 endfacet
 facet normal  0.000000e+00  0.000000e+00  1.000000e+00
   outer loop
     vertex -2.217267e+01 -1.274651e+00  2.500000e+00
     vertex -2.837527e+01 -4.869392e+00  2.500000e+00
     vertex -2.824658e+01 -5.052985e+00  2.500000e+00
   endloop
 endfacet
 facet normal  0.000000e+00  0.000000e+00  1.000000e+00
   outer loop
     vertex -2.217267e+01 -1.274651e+00  2.500000e+00
     vertex -2.824658e+01 -5.052985e+00  2.500000e+00
     vertex -2.214223e+01 -1.332155e+00  2.500000e+00
   endloop
 endfacet
 facet normal  0.000000e+00  0.000000e+00  1.000000e+00
   outer loop
     vertex -2.220177e+01 -1.217069e+00  2.500000e+00
     vertex -2.849919e+01 -4.684981e+00  2.500000e+00
     vertex -2.837527e+01 -4.869392e+00  2.500000e+00
   endloop
 endfacet
 facet normal  0.000000e+00  0.000000e+00  1.000000e+00
   outer loop
     vertex -2.220177e+01 -1.217069e+00  2.500000e+00
     vertex -2.837527e+01 -4.869392e+00  2.500000e+00
     vertex -2.217267e+01 -1.274651e+00  2.500000e+00
   endloop
 endfacet
 facet normal  0.000000e+00  0.000000e+00  1.000000e+00
   outer loop
     vertex -1.992757e+01 -3.482369e+00  2.500000e+00
     vertex -2.010751e+01 -3.365477e+00  2.500000e+00
     vertex -2.359523e+01 -9.263709e+00  2.500000e+00
   endloop
 endfacet
 facet normal  0.000000e+00  0.000000e+00  1.000000e+00
   outer loop
     vertex -2.222953e+01 -1.159413e+00  2.500000e+00
     vertex -2.861831e+01 -4.499782e+00  2.500000e+00
     vertex -2.849919e+01 -4.684981e+00  2.500000e+00
   endloop
 endfacet
 facet normal  0.000000e+00  0.000000e+00  1.000000e+00
   outer loop
     vertex -2.222953e+01 -1.159413e+00  2.500000e+00
     vertex -2.849919e+01 -4.684981e+00  2.500000e+00
     vertex -2.220177e+01 -1.217069e+00  2.500000e+00
   endloop
 endfacet
 facet normal  0.000000e+00  0.000000e+00  1.000000e+00
   outer loop
     vertex -2.225593e+01 -1.101687e+00  2.500000e+00
     vertex -2.861831e+01 -4.499782e+00  2.500000e+00
     vertex -2.222953e+01 -1.159413e+00  2.500000e+00
   endloop
 endfacet
 facet normal  0.000000e+00  0.000000e+00  1.000000e+00
   outer loop
     vertex -1.974151e+01 -3.598192e+00  2.500000e+00
     vertex -2.359523e+01 -9.263709e+00  2.500000e+00
     vertex -2.323035e+01 -9.491456e+00  2.500000e+00
   endloop
 endfacet
 facet normal  0.000000e+00  0.000000e+00  1.000000e+00
   outer loop
     vertex -1.974151e+01 -3.598192e+00  2.500000e+00
     vertex -1.992757e+01 -3.482369e+00  2.500000e+00
     vertex -2.359523e+01 -9.263709e+00  2.500000e+00
   endloop
 endfacet
 facet normal  0.000000e+00  0.000000e+00  1.000000e+00
   outer loop
     vertex -2.228099e+01 -1.043895e+00  2.500000e+00
     vertex -2.861831e+01 -4.499782e+00  2.500000e+00
     vertex -2.225593e+01 -1.101687e+00  2.500000e+00
   endloop
 endfacet
 facet normal  0.000000e+00  0.000000e+00  1.000000e+00
   outer loop
     vertex -2.228099e+01 -1.043895e+00  2.500000e+00
     vertex -2.873262e+01 -4.313825e+00  2.500000e+00
     vertex -2.861831e+01 -4.499782e+00  2.500000e+00
   endloop
 endfacet
 facet normal  0.000000e+00  0.000000e+00  1.000000e+00
   outer loop
     vertex -2.230470e+01 -9.860388e-01  2.500000e+00
     vertex -2.873262e+01 -4.313825e+00  2.500000e+00
     vertex -2.228099e+01 -1.043895e+00  2.500000e+00
   endloop
 endfacet
 facet normal  0.000000e+00  0.000000e+00  1.000000e+00
   outer loop
     vertex -2.230470e+01 -9.860388e-01  2.500000e+00
     vertex -2.884210e+01 -4.127143e+00  2.500000e+00
     vertex -2.873262e+01 -4.313825e+00  2.500000e+00
   endloop
 endfacet
 facet normal  0.000000e+00  0.000000e+00  1.000000e+00
   outer loop
     vertex -1.954939e+01 -3.712911e+00  2.500000e+00
     vertex -2.323035e+01 -9.491456e+00  2.500000e+00
     vertex -2.285668e+01 -9.715610e+00  2.500000e+00
   endloop
 endfacet
 facet normal  0.000000e+00  0.000000e+00  1.000000e+00
   outer loop
     vertex -1.954939e+01 -3.712911e+00  2.500000e+00
     vertex -1.974151e+01 -3.598192e+00  2.500000e+00
     vertex -2.323035e+01 -9.491456e+00  2.500000e+00
   endloop
 endfacet
 facet normal  0.000000e+00  0.000000e+00  1.000000e+00
   outer loop
     vertex -2.232705e+01 -9.281231e-01  2.500000e+00
     vertex -2.884210e+01 -4.127143e+00  2.500000e+00
     vertex -2.230470e+01 -9.860388e-01  2.500000e+00
   endloop
 endfacet
 facet normal  0.000000e+00  0.000000e+00  1.000000e+00
   outer loop
     vertex -2.232705e+01 -9.281231e-01  2.500000e+00
     vertex -2.894673e+01 -3.939767e+00  2.500000e+00
     vertex -2.884210e+01 -4.127143e+00  2.500000e+00
   endloop
 endfacet
 facet normal  0.000000e+00  0.000000e+00  1.000000e+00
   outer loop
     vertex -2.234805e+01 -8.701511e-01  2.500000e+00
     vertex -2.894673e+01 -3.939767e+00  2.500000e+00
     vertex -2.232705e+01 -9.281231e-01  2.500000e+00
   endloop
 endfacet
 facet normal  0.000000e+00  0.000000e+00  1.000000e+00
   outer loop
     vertex -2.234805e+01 -8.701511e-01  2.500000e+00
     vertex -2.904648e+01 -3.751728e+00  2.500000e+00
     vertex -2.894673e+01 -3.939767e+00  2.500000e+00
   endloop
 endfacet
 facet normal  0.000000e+00  0.000000e+00  1.000000e+00
   outer loop
     vertex -2.236770e+01 -8.121264e-01  2.500000e+00
     vertex -2.904648e+01 -3.751728e+00  2.500000e+00
     vertex -2.234805e+01 -8.701511e-01  2.500000e+00
   endloop
 endfacet
 facet normal  0.000000e+00  0.000000e+00  1.000000e+00
   outer loop
     vertex -2.236770e+01 -8.121264e-01  2.500000e+00
     vertex -2.923132e+01 -3.373789e+00  2.500000e+00
     vertex -2.914135e+01 -3.563058e+00  2.500000e+00
   endloop
 endfacet
 facet normal  0.000000e+00  0.000000e+00  1.000000e+00
   outer loop
     vertex -2.236770e+01 -8.121264e-01  2.500000e+00
     vertex -2.914135e+01 -3.563058e+00  2.500000e+00
     vertex -2.904648e+01 -3.751728e+00  2.500000e+00
   endloop
 endfacet
 facet normal  0.000000e+00  0.000000e+00  1.000000e+00
   outer loop
     vertex -1.935127e+01 -3.826491e+00  2.500000e+00
     vertex -2.285668e+01 -9.715610e+00  2.500000e+00
     vertex -2.247435e+01 -9.936088e+00  2.500000e+00
   endloop
 endfacet
 facet normal  0.000000e+00  0.000000e+00  1.000000e+00
   outer loop
     vertex -1.935127e+01 -3.826491e+00  2.500000e+00
     vertex -1.954939e+01 -3.712911e+00  2.500000e+00
     vertex -2.285668e+01 -9.715610e+00  2.500000e+00
   endloop
 endfacet
 facet normal  0.000000e+00  0.000000e+00  1.000000e+00
   outer loop
     vertex -2.238599e+01 -7.540524e-01  2.500000e+00
     vertex -2.923132e+01 -3.373789e+00  2.500000e+00
     vertex -2.236770e+01 -8.121264e-01  2.500000e+00
   endloop
 endfacet
 facet normal  0.000000e+00  0.000000e+00  1.000000e+00
   outer loop
     vertex -2.238599e+01 -7.540524e-01  2.500000e+00
     vertex -2.931637e+01 -3.183952e+00  2.500000e+00
     vertex -2.923132e+01 -3.373789e+00  2.500000e+00
   endloop
 endfacet
 facet normal  0.000000e+00  0.000000e+00  1.000000e+00
   outer loop
     vertex -2.240293e+01 -6.959328e-01  2.500000e+00
     vertex -2.931637e+01 -3.183952e+00  2.500000e+00
     vertex -2.238599e+01 -7.540524e-01  2.500000e+00
   endloop
 endfacet
 facet normal  0.000000e+00  0.000000e+00  1.000000e+00
   outer loop
     vertex -2.240293e+01 -6.959328e-01  2.500000e+00
     vertex -2.939650e+01 -2.993580e+00  2.500000e+00
     vertex -2.931637e+01 -3.183952e+00  2.500000e+00
   endloop
 endfacet
 facet normal  0.000000e+00  0.000000e+00  1.000000e+00
   outer loop
     vertex -1.914722e+01 -3.938897e+00  2.500000e+00
     vertex -1.935127e+01 -3.826491e+00  2.500000e+00
     vertex -2.247435e+01 -9.936088e+00  2.500000e+00
   endloop
 endfacet
 facet normal  0.000000e+00  0.000000e+00  1.000000e+00
   outer loop
     vertex -2.241850e+01 -6.377709e-01  2.500000e+00
     vertex -2.939650e+01 -2.993580e+00  2.500000e+00
     vertex -2.240293e+01 -6.959328e-01  2.500000e+00
   endloop
 endfacet
 facet normal  0.000000e+00  0.000000e+00  1.000000e+00
   outer loop
     vertex -2.241850e+01 -6.377709e-01  2.500000e+00
     vertex -2.947167e+01 -2.802704e+00  2.500000e+00
     vertex -2.939650e+01 -2.993580e+00  2.500000e+00
   endloop
 endfacet
 facet normal  0.000000e+00  0.000000e+00  1.000000e+00
   outer loop
     vertex -2.243272e+01 -5.795704e-01  2.500000e+00
     vertex -2.947167e+01 -2.802704e+00  2.500000e+00
     vertex -2.241850e+01 -6.377709e-01  2.500000e+00
   endloop
 endfacet
 facet normal  0.000000e+00  0.000000e+00  1.000000e+00
   outer loop
     vertex -2.243272e+01 -5.795704e-01  2.500000e+00
     vertex -2.954189e+01 -2.611356e+00  2.500000e+00
     vertex -2.947167e+01 -2.802704e+00  2.500000e+00
   endloop
 endfacet
 facet normal  0.000000e+00  0.000000e+00  1.000000e+00
   outer loop
     vertex -1.893728e+01 -4.050093e+00  2.500000e+00
     vertex -2.247435e+01 -9.936088e+00  2.500000e+00
     vertex -2.208353e+01 -1.015281e+01  2.500000e+00
   endloop
 endfacet
 facet normal  0.000000e+00  0.000000e+00  1.000000e+00
   outer loop
     vertex -1.893728e+01 -4.050093e+00  2.500000e+00
     vertex -1.914722e+01 -3.938897e+00  2.500000e+00
     vertex -2.247435e+01 -9.936088e+00  2.500000e+00
   endloop
 endfacet
 facet normal  0.000000e+00  0.000000e+00  1.000000e+00
   outer loop
     vertex -2.244558e+01 -5.213348e-01  2.500000e+00
     vertex -2.954189e+01 -2.611356e+00  2.500000e+00
     vertex -2.243272e+01 -5.795704e-01  2.500000e+00
   endloop
 endfacet
 facet normal  0.000000e+00  0.000000e+00  1.000000e+00
   outer loop
     vertex -2.244558e+01 -5.213348e-01  2.500000e+00
     vertex -2.966741e+01 -2.227376e+00  2.500000e+00
     vertex -2.960714e+01 -2.419570e+00  2.500000e+00
   endloop
 endfacet
 facet normal  0.000000e+00  0.000000e+00  1.000000e+00
   outer loop
     vertex -2.244558e+01 -5.213348e-01  2.500000e+00
     vertex -2.960714e+01 -2.419570e+00  2.500000e+00
     vertex -2.954189e+01 -2.611356e+00  2.500000e+00
   endloop
 endfacet
 facet normal  0.000000e+00  0.000000e+00  1.000000e+00
   outer loop
     vertex -2.245707e+01 -4.630676e-01  2.500000e+00
     vertex -2.966741e+01 -2.227376e+00  2.500000e+00
     vertex -2.244558e+01 -5.213348e-01  2.500000e+00
   endloop
 endfacet
 facet normal  0.000000e+00  0.000000e+00  1.000000e+00
   outer loop
     vertex -2.245707e+01 -4.630676e-01  2.500000e+00
     vertex -2.972269e+01 -2.034808e+00  2.500000e+00
     vertex -2.966741e+01 -2.227376e+00  2.500000e+00
   endloop
 endfacet
 facet normal  0.000000e+00  0.000000e+00  1.000000e+00
   outer loop
     vertex -1.872154e+01 -4.160047e+00  2.500000e+00
     vertex -2.208353e+01 -1.015281e+01  2.500000e+00
     vertex -2.168434e+01 -1.036568e+01  2.500000e+00
   endloop
 endfacet
 facet normal  0.000000e+00  0.000000e+00  1.000000e+00
   outer loop
     vertex -1.872154e+01 -4.160047e+00  2.500000e+00
     vertex -1.893728e+01 -4.050093e+00  2.500000e+00
     vertex -2.208353e+01 -1.015281e+01  2.500000e+00
   endloop
 endfacet
 facet normal  0.000000e+00  0.000000e+00  1.000000e+00
   outer loop
     vertex -2.246721e+01 -4.047723e-01  2.500000e+00
     vertex -2.972269e+01 -2.034808e+00  2.500000e+00
     vertex -2.245707e+01 -4.630676e-01  2.500000e+00
   endloop
 endfacet
 facet normal  0.000000e+00  0.000000e+00  1.000000e+00
   outer loop
     vertex -2.246721e+01 -4.047723e-01  2.500000e+00
     vertex -2.977297e+01 -1.841898e+00  2.500000e+00
     vertex -2.972269e+01 -2.034808e+00  2.500000e+00
   endloop
 endfacet
 facet normal  0.000000e+00  0.000000e+00  1.000000e+00
   outer loop
     vertex -2.247598e+01 -3.464524e-01  2.500000e+00
     vertex -2.977297e+01 -1.841898e+00  2.500000e+00
     vertex -2.246721e+01 -4.047723e-01  2.500000e+00
   endloop
 endfacet
 facet normal  0.000000e+00  0.000000e+00  1.000000e+00
   outer loop
     vertex -2.247598e+01 -3.464524e-01  2.500000e+00
     vertex -2.985850e+01 -1.455180e+00  2.500000e+00
     vertex -2.981824e+01 -1.648677e+00  2.500000e+00
   endloop
 endfacet
 facet normal  0.000000e+00  0.000000e+00  1.000000e+00
   outer loop
     vertex -2.247598e+01 -3.464524e-01  2.500000e+00
     vertex -2.981824e+01 -1.648677e+00  2.500000e+00
     vertex -2.977297e+01 -1.841898e+00  2.500000e+00
   endloop
 endfacet
 facet normal  0.000000e+00  0.000000e+00  1.000000e+00
   outer loop
     vertex -2.248339e+01 -2.881116e-01  2.500000e+00
     vertex -2.985850e+01 -1.455180e+00  2.500000e+00
     vertex -2.247598e+01 -3.464524e-01  2.500000e+00
   endloop
 endfacet
 facet normal  0.000000e+00  0.000000e+00  1.000000e+00
   outer loop
     vertex -2.248339e+01 -2.881116e-01  2.500000e+00
     vertex -2.989373e+01 -1.261437e+00  2.500000e+00
     vertex -2.985850e+01 -1.455180e+00  2.500000e+00
   endloop
 endfacet
 facet normal  0.000000e+00  0.000000e+00  1.000000e+00
   outer loop
     vertex -1.842496e+01 -4.304661e+00  2.500000e+00
     vertex -2.168434e+01 -1.036568e+01  2.500000e+00
     vertex -2.127695e+01 -1.057463e+01  2.500000e+00
   endloop
 endfacet
 facet normal  0.000000e+00  0.000000e+00  1.000000e+00
   outer loop
     vertex -1.842496e+01 -4.304661e+00  2.500000e+00
     vertex -1.872154e+01 -4.160047e+00  2.500000e+00
     vertex -2.168434e+01 -1.036568e+01  2.500000e+00
   endloop
 endfacet
 facet normal  0.000000e+00  0.000000e+00  1.000000e+00
   outer loop
     vertex -2.248944e+01 -2.297533e-01  2.500000e+00
     vertex -2.989373e+01 -1.261437e+00  2.500000e+00
     vertex -2.248339e+01 -2.881116e-01  2.500000e+00
   endloop
 endfacet
 facet normal  0.000000e+00  0.000000e+00  1.000000e+00
   outer loop
     vertex -2.248944e+01 -2.297533e-01  2.500000e+00
     vertex -2.992394e+01 -1.067483e+00  2.500000e+00
     vertex -2.989373e+01 -1.261437e+00  2.500000e+00
   endloop
 endfacet
 facet normal  0.000000e+00  0.000000e+00  1.000000e+00
   outer loop
     vertex -2.249412e+01 -1.713810e-01  2.500000e+00
     vertex -2.992394e+01 -1.067483e+00  2.500000e+00
     vertex -2.248944e+01 -2.297533e-01  2.500000e+00
   endloop
 endfacet
 facet normal  0.000000e+00  0.000000e+00  1.000000e+00
   outer loop
     vertex -2.249412e+01 -1.713810e-01  2.500000e+00
     vertex -2.996924e+01 -6.790677e-01  2.500000e+00
     vertex -2.994911e+01 -8.733487e-01  2.500000e+00
   endloop
 endfacet
 facet normal  0.000000e+00  0.000000e+00  1.000000e+00
   outer loop
     vertex -2.249412e+01 -1.713810e-01  2.500000e+00
     vertex -2.994911e+01 -8.733487e-01  2.500000e+00
     vertex -2.992394e+01 -1.067483e+00  2.500000e+00
   endloop
 endfacet
 facet normal  0.000000e+00  0.000000e+00  1.000000e+00
   outer loop
     vertex -2.249745e+01 -1.129984e-01  2.500000e+00
     vertex -2.996924e+01 -6.790677e-01  2.500000e+00
     vertex -2.249412e+01 -1.713810e-01  2.500000e+00
   endloop
 endfacet
 facet normal  0.000000e+00  0.000000e+00  1.000000e+00
   outer loop
     vertex -2.249745e+01 -1.129984e-01  2.500000e+00
     vertex -2.998434e+01 -4.846724e-01  2.500000e+00
     vertex -2.996924e+01 -6.790677e-01  2.500000e+00
   endloop
 endfacet
 facet normal  0.000000e+00  0.000000e+00  1.000000e+00
   outer loop
     vertex -2.249940e+01 -5.460892e-02  2.500000e+00
     vertex -2.998434e+01 -4.846724e-01  2.500000e+00
     vertex -2.249745e+01 -1.129984e-01  2.500000e+00
   endloop
 endfacet
 facet normal  0.000000e+00  0.000000e+00  1.000000e+00
   outer loop
     vertex -2.249940e+01 -5.460892e-02  2.500000e+00
     vertex -2.999939e+01 -9.567005e-02  2.500000e+00
     vertex -2.999439e+01 -2.901956e-01  2.500000e+00
   endloop
 endfacet
 facet normal  0.000000e+00  0.000000e+00  1.000000e+00
   outer loop
     vertex -2.249940e+01 -5.460892e-02  2.500000e+00
     vertex -2.999439e+01 -2.901956e-01  2.500000e+00
     vertex -2.998434e+01 -4.846724e-01  2.500000e+00
   endloop
 endfacet
 facet normal  0.000000e+00  0.000000e+00  1.000000e+00
   outer loop
     vertex -1.807930e+01 -4.464540e+00  2.500000e+00
     vertex -2.127695e+01 -1.057463e+01  2.500000e+00
     vertex -2.086150e+01 -1.077958e+01  2.500000e+00
   endloop
 endfacet
 facet normal  0.000000e+00  0.000000e+00  1.000000e+00
   outer loop
     vertex -1.807930e+01 -4.464540e+00  2.500000e+00
     vertex -1.842496e+01 -4.304661e+00  2.500000e+00
     vertex -2.127695e+01 -1.057463e+01  2.500000e+00
   endloop
 endfacet
 facet normal  0.000000e+00  0.000000e+00  1.000000e+00
   outer loop
     vertex -2.250000e+01  3.783863e-03  2.500000e+00
     vertex -2.999935e+01  9.887163e-02  2.500000e+00
     vertex -2.999939e+01 -9.567005e-02  2.500000e+00
   endloop
 endfacet
 facet normal  0.000000e+00  0.000000e+00  1.000000e+00
   outer loop
     vertex -2.250000e+01  3.783863e-03  2.500000e+00
     vertex -2.999939e+01 -9.567005e-02  2.500000e+00
     vertex -2.249940e+01 -5.460892e-02  2.500000e+00
   endloop
 endfacet
 facet normal  0.000000e+00  0.000000e+00  1.000000e+00
   outer loop
     vertex -2.249923e+01  6.217642e-02  2.500000e+00
     vertex -2.998413e+01  4.878724e-01  2.500000e+00
     vertex -2.999426e+01  2.933967e-01  2.500000e+00
   endloop
 endfacet
 facet normal  0.000000e+00  0.000000e+00  1.000000e+00
   outer loop
     vertex -2.249923e+01  6.217642e-02  2.500000e+00
     vertex -2.999426e+01  2.933967e-01  2.500000e+00
     vertex -2.999935e+01  9.887163e-02  2.500000e+00
   endloop
 endfacet
 facet normal  0.000000e+00  0.000000e+00  1.000000e+00
   outer loop
     vertex -2.249923e+01  6.217642e-02  2.500000e+00
     vertex -2.999935e+01  9.887163e-02  2.500000e+00
     vertex -2.250000e+01  3.783863e-03  2.500000e+00
   endloop
 endfacet
 facet normal  0.000000e+00  0.000000e+00  1.000000e+00
   outer loop
     vertex -2.249709e+01  1.205652e-01  2.500000e+00
     vertex -2.998413e+01  4.878724e-01  2.500000e+00
     vertex -2.249923e+01  6.217642e-02  2.500000e+00
   endloop
 endfacet
 facet normal  0.000000e+00  0.000000e+00  1.000000e+00
   outer loop
     vertex -2.249709e+01  1.205652e-01  2.500000e+00
     vertex -2.996895e+01  6.822660e-01  2.500000e+00
     vertex -2.998413e+01  4.878724e-01  2.500000e+00
   endloop
 endfacet
 facet normal  0.000000e+00  0.000000e+00  1.000000e+00
   outer loop
     vertex -1.772115e+01 -4.621337e+00  2.500000e+00
     vertex -2.086150e+01 -1.077958e+01  2.500000e+00
     vertex -2.029532e+01 -1.104649e+01  2.500000e+00
   endloop
 endfacet
 facet normal  0.000000e+00  0.000000e+00  1.000000e+00
   outer loop
     vertex -1.772115e+01 -4.621337e+00  2.500000e+00
     vertex -1.807930e+01 -4.464540e+00  2.500000e+00
     vertex -2.086150e+01 -1.077958e+01  2.500000e+00
   endloop
 endfacet
 facet normal  0.000000e+00  0.000000e+00  1.000000e+00
   outer loop
     vertex -2.249359e+01  1.789467e-01  2.500000e+00
     vertex -2.992348e+01  1.070676e+00  2.500000e+00
     vertex -2.994873e+01  8.765449e-01  2.500000e+00
   endloop
 endfacet
 facet normal  0.000000e+00  0.000000e+00  1.000000e+00
   outer loop
     vertex -2.249359e+01  1.789467e-01  2.500000e+00
     vertex -2.994873e+01  8.765449e-01  2.500000e+00
     vertex -2.996895e+01  6.822660e-01  2.500000e+00
   endloop
 endfacet
 facet normal  0.000000e+00  0.000000e+00  1.000000e+00
   outer loop
     vertex -2.249359e+01  1.789467e-01  2.500000e+00
     vertex -2.996895e+01  6.822660e-01  2.500000e+00
     vertex -2.249709e+01  1.205652e-01  2.500000e+00
   endloop
 endfacet
 facet normal  0.000000e+00  0.000000e+00  1.000000e+00
   outer loop
     vertex -2.248873e+01  2.373173e-01  2.500000e+00
     vertex -2.989319e+01  1.264628e+00  2.500000e+00
     vertex -2.992348e+01  1.070676e+00  2.500000e+00
   endloop
 endfacet
 facet normal  0.000000e+00  0.000000e+00  1.000000e+00
   outer loop
     vertex -2.248873e+01  2.373173e-01  2.500000e+00
     vertex -2.992348e+01  1.070676e+00  2.500000e+00
     vertex -2.249359e+01  1.789467e-01  2.500000e+00
   endloop
 endfacet
 facet normal  0.000000e+00  0.000000e+00  1.000000e+00
   outer loop
     vertex -2.248251e+01  2.956736e-01  2.500000e+00
     vertex -2.989319e+01  1.264628e+00  2.500000e+00
     vertex -2.248873e+01  2.373173e-01  2.500000e+00
   endloop
 endfacet
 facet normal  0.000000e+00  0.000000e+00  1.000000e+00
   outer loop
     vertex -2.248251e+01  2.956736e-01  2.500000e+00
     vertex -2.981754e+01  1.651860e+00  2.500000e+00
     vertex -2.985787e+01  1.458366e+00  2.500000e+00
   endloop
 endfacet
 facet normal  0.000000e+00  0.000000e+00  1.000000e+00
   outer loop
     vertex -2.248251e+01  2.956736e-01  2.500000e+00
     vertex -2.985787e+01  1.458366e+00  2.500000e+00
     vertex -2.989319e+01  1.264628e+00  2.500000e+00
   endloop
 endfacet
 facet normal  0.000000e+00  0.000000e+00  1.000000e+00
   outer loop
     vertex -1.735077e+01 -4.774943e+00  2.500000e+00
     vertex -2.029532e+01 -1.104649e+01  2.500000e+00
     vertex -1.964207e+01 -1.133787e+01  2.500000e+00
   endloop
 endfacet
 facet normal  0.000000e+00  0.000000e+00  1.000000e+00
   outer loop
     vertex -1.735077e+01 -4.774943e+00  2.500000e+00
     vertex -1.772115e+01 -4.621337e+00  2.500000e+00
     vertex -2.029532e+01 -1.104649e+01  2.500000e+00
   endloop
 endfacet
 facet normal  0.000000e+00  0.000000e+00  1.000000e+00
   outer loop
     vertex -2.247492e+01  3.540119e-01  2.500000e+00
     vertex -2.977218e+01  1.845075e+00  2.500000e+00
     vertex -2.981754e+01  1.651860e+00  2.500000e+00
   endloop
 endfacet
 facet normal  0.000000e+00  0.000000e+00  1.000000e+00
   outer loop
     vertex -2.247492e+01  3.540119e-01  2.500000e+00
     vertex -2.981754e+01  1.651860e+00  2.500000e+00
     vertex -2.248251e+01  2.956736e-01  2.500000e+00
   endloop
 endfacet
 facet normal  0.000000e+00  0.000000e+00  1.000000e+00
   outer loop
     vertex -2.246597e+01  4.123288e-01  2.500000e+00
     vertex -2.972182e+01  2.037980e+00  2.500000e+00
     vertex -2.977218e+01  1.845075e+00  2.500000e+00
   endloop
 endfacet
 facet normal  0.000000e+00  0.000000e+00  1.000000e+00
   outer loop
     vertex -2.246597e+01  4.123288e-01  2.500000e+00
     vertex -2.977218e+01  1.845075e+00  2.500000e+00
     vertex -2.247492e+01  3.540119e-01  2.500000e+00
   endloop
 endfacet
 facet normal  0.000000e+00  0.000000e+00  1.000000e+00
   outer loop
     vertex -2.245566e+01  4.706206e-01  2.500000e+00
     vertex -2.960611e+01  2.422730e+00  2.500000e+00
     vertex -2.966646e+01  2.230542e+00  2.500000e+00
   endloop
 endfacet
 facet normal  0.000000e+00  0.000000e+00  1.000000e+00
   outer loop
     vertex -2.245566e+01  4.706206e-01  2.500000e+00
     vertex -2.966646e+01  2.230542e+00  2.500000e+00
     vertex -2.972182e+01  2.037980e+00  2.500000e+00
   endloop
 endfacet
 facet normal  0.000000e+00  0.000000e+00  1.000000e+00
   outer loop
     vertex -2.245566e+01  4.706206e-01  2.500000e+00
     vertex -2.972182e+01  2.037980e+00  2.500000e+00
     vertex -2.246597e+01  4.123288e-01  2.500000e+00
   endloop
 endfacet
 facet normal  0.000000e+00  0.000000e+00  1.000000e+00
   outer loop
     vertex -2.244399e+01  5.288840e-01  2.500000e+00
     vertex -2.954077e+01  2.614509e+00  2.500000e+00
     vertex -2.960611e+01  2.422730e+00  2.500000e+00
   endloop
 endfacet
 facet normal  0.000000e+00  0.000000e+00  1.000000e+00
   outer loop
     vertex -2.244399e+01  5.288840e-01  2.500000e+00
     vertex -2.960611e+01  2.422730e+00  2.500000e+00
     vertex -2.245566e+01  4.706206e-01  2.500000e+00
   endloop
 endfacet
 facet normal  0.000000e+00  0.000000e+00  1.000000e+00
   outer loop
     vertex -1.696841e+01 -4.925253e+00  2.500000e+00
     vertex -1.735077e+01 -4.774943e+00  2.500000e+00
     vertex -1.964207e+01 -1.133787e+01  2.500000e+00
   endloop
 endfacet
 facet normal  0.000000e+00  0.000000e+00  1.000000e+00
   outer loop
     vertex -2.242942e+01  5.935833e-01  2.500000e+00
     vertex -2.947047e+01  2.805849e+00  2.500000e+00
     vertex -2.954077e+01  2.614509e+00  2.500000e+00
   endloop
 endfacet
 facet normal  0.000000e+00  0.000000e+00  1.000000e+00
   outer loop
     vertex -2.242942e+01  5.935833e-01  2.500000e+00
     vertex -2.954077e+01  2.614509e+00  2.500000e+00
     vertex -2.244399e+01  5.288840e-01  2.500000e+00
   endloop
 endfacet
 facet normal  0.000000e+00  0.000000e+00  1.000000e+00
   outer loop
     vertex -2.241127e+01  6.654190e-01  2.500000e+00
     vertex -2.931501e+01  3.187081e+00  2.500000e+00
     vertex -2.939522e+01  2.996717e+00  2.500000e+00
   endloop
 endfacet
 facet normal  0.000000e+00  0.000000e+00  1.000000e+00
   outer loop
     vertex -2.241127e+01  6.654190e-01  2.500000e+00
     vertex -2.939522e+01  2.996717e+00  2.500000e+00
     vertex -2.947047e+01  2.805849e+00  2.500000e+00
   endloop
 endfacet
 facet normal  0.000000e+00  0.000000e+00  1.000000e+00
   outer loop
     vertex -2.241127e+01  6.654190e-01  2.500000e+00
     vertex -2.947047e+01  2.805849e+00  2.500000e+00
     vertex -2.242942e+01  5.935833e-01  2.500000e+00
   endloop
 endfacet
 facet normal  0.000000e+00  0.000000e+00  1.000000e+00
   outer loop
     vertex -2.239105e+01  7.371934e-01  2.500000e+00
     vertex -2.922988e+01  3.376908e+00  2.500000e+00
     vertex -2.931501e+01  3.187081e+00  2.500000e+00
   endloop
 endfacet
 facet normal  0.000000e+00  0.000000e+00  1.000000e+00
   outer loop
     vertex -2.239105e+01  7.371934e-01  2.500000e+00
     vertex -2.931501e+01  3.187081e+00  2.500000e+00
     vertex -2.241127e+01  6.654190e-01  2.500000e+00
   endloop
 endfacet
 facet normal  0.000000e+00  0.000000e+00  1.000000e+00
   outer loop
     vertex -1.657434e+01 -5.072161e+00  2.500000e+00
     vertex -1.964207e+01 -1.133787e+01  2.500000e+00
     vertex -1.897209e+01 -1.161959e+01  2.500000e+00
   endloop
 endfacet
 facet normal  0.000000e+00  0.000000e+00  1.000000e+00
   outer loop
     vertex -1.657434e+01 -5.072161e+00  2.500000e+00
     vertex -1.696841e+01 -4.925253e+00  2.500000e+00
     vertex -1.964207e+01 -1.133787e+01  2.500000e+00
   endloop
 endfacet
 facet normal  0.000000e+00  0.000000e+00  1.000000e+00
   outer loop
     vertex -2.236875e+01  8.088996e-01  2.500000e+00
     vertex -2.912952e+01  3.587160e+00  2.500000e+00
     vertex -2.922988e+01  3.376908e+00  2.500000e+00
   endloop
 endfacet
 facet normal  0.000000e+00  0.000000e+00  1.000000e+00
   outer loop
     vertex -2.236875e+01  8.088996e-01  2.500000e+00
     vertex -2.922988e+01  3.376908e+00  2.500000e+00
     vertex -2.239105e+01  7.371934e-01  2.500000e+00
   endloop
 endfacet
 facet normal  0.000000e+00  0.000000e+00  1.000000e+00
   outer loop
     vertex -2.234439e+01  8.805310e-01  2.500000e+00
     vertex -2.901092e+01  3.819898e+00  2.500000e+00
     vertex -2.912952e+01  3.587160e+00  2.500000e+00
   endloop
 endfacet
 facet normal  0.000000e+00  0.000000e+00  1.000000e+00
   outer loop
     vertex -2.234439e+01  8.805310e-01  2.500000e+00
     vertex -2.912952e+01  3.587160e+00  2.500000e+00
     vertex -2.236875e+01  8.088996e-01  2.500000e+00
   endloop
 endfacet
 facet normal  0.000000e+00  0.000000e+00  1.000000e+00
   outer loop
     vertex -1.616882e+01 -5.215568e+00  2.500000e+00
     vertex -1.657434e+01 -5.072161e+00  2.500000e+00
     vertex -1.897209e+01 -1.161959e+01  2.500000e+00
   endloop
 endfacet
 facet normal  0.000000e+00  0.000000e+00  1.000000e+00
   outer loop
     vertex -1.616882e+01 -5.215568e+00  2.500000e+00
     vertex -1.897209e+01 -1.161959e+01  2.500000e+00
     vertex -1.828596e+01 -1.189142e+01  2.500000e+00
   endloop
 endfacet
 facet normal  0.000000e+00  0.000000e+00  1.000000e+00
   outer loop
     vertex -2.231797e+01  9.520811e-01  2.500000e+00
     vertex -2.901092e+01  3.819898e+00  2.500000e+00
     vertex -2.234439e+01  8.805310e-01  2.500000e+00
   endloop
 endfacet
 facet normal  0.000000e+00  0.000000e+00  1.000000e+00
   outer loop
     vertex -2.231797e+01  9.520811e-01  2.500000e+00
     vertex -2.888488e+01  4.051657e+00  2.500000e+00
     vertex -2.901092e+01  3.819898e+00  2.500000e+00
   endloop
 endfacet
 facet normal  0.000000e+00  0.000000e+00  1.000000e+00
   outer loop
     vertex -2.228949e+01  1.023543e+00  2.500000e+00
     vertex -2.875143e+01  4.282377e+00  2.500000e+00
     vertex -2.888488e+01  4.051657e+00  2.500000e+00
   endloop
 endfacet
 facet normal  0.000000e+00  0.000000e+00  1.000000e+00
   outer loop
     vertex -2.228949e+01  1.023543e+00  2.500000e+00
     vertex -2.888488e+01  4.051657e+00  2.500000e+00
     vertex -2.231797e+01  9.520811e-01  2.500000e+00
   endloop
 endfacet
 facet normal  0.000000e+00  0.000000e+00  1.000000e+00
   outer loop
     vertex -2.225894e+01  1.094911e+00  2.500000e+00
     vertex -2.875143e+01  4.282377e+00  2.500000e+00
     vertex -2.228949e+01  1.023543e+00  2.500000e+00
   endloop
 endfacet
 facet normal  0.000000e+00  0.000000e+00  1.000000e+00
   outer loop
     vertex -2.225894e+01  1.094911e+00  2.500000e+00
     vertex -2.861062e+01  4.511999e+00  2.500000e+00
     vertex -2.875143e+01  4.282377e+00  2.500000e+00
   endloop
 endfacet
 facet normal  0.000000e+00  0.000000e+00  1.000000e+00
   outer loop
     vertex -1.575213e+01 -5.355374e+00  2.500000e+00
     vertex -1.828596e+01 -1.189142e+01  2.500000e+00
     vertex -1.758425e+01 -1.215313e+01  2.500000e+00
   endloop
 endfacet
 facet normal  0.000000e+00  0.000000e+00  1.000000e+00
   outer loop
     vertex -1.575213e+01 -5.355374e+00  2.500000e+00
     vertex -1.616882e+01 -5.215568e+00  2.500000e+00
     vertex -1.828596e+01 -1.189142e+01  2.500000e+00
   endloop
 endfacet
 facet normal  0.000000e+00  0.000000e+00  1.000000e+00
   outer loop
     vertex -2.222634e+01  1.166177e+00  2.500000e+00
     vertex -2.861062e+01  4.511999e+00  2.500000e+00
     vertex -2.225894e+01  1.094911e+00  2.500000e+00
   endloop
 endfacet
 facet normal  0.000000e+00  0.000000e+00  1.000000e+00
   outer loop
     vertex -2.222634e+01  1.166177e+00  2.500000e+00
     vertex -2.846247e+01  4.740464e+00  2.500000e+00
     vertex -2.861062e+01  4.511999e+00  2.500000e+00
   endloop
 endfacet
 facet normal  0.000000e+00  0.000000e+00  1.000000e+00
   outer loop
     vertex -2.219169e+01  1.237336e+00  2.500000e+00
     vertex -2.830702e+01  4.967714e+00  2.500000e+00
     vertex -2.846247e+01  4.740464e+00  2.500000e+00
   endloop
 endfacet
 facet normal  0.000000e+00  0.000000e+00  1.000000e+00
   outer loop
     vertex -2.219169e+01  1.237336e+00  2.500000e+00
     vertex -2.846247e+01  4.740464e+00  2.500000e+00
     vertex -2.222634e+01  1.166177e+00  2.500000e+00
   endloop
 endfacet
 facet normal  0.000000e+00  0.000000e+00  1.000000e+00
   outer loop
     vertex -2.215498e+01  1.308380e+00  2.500000e+00
     vertex -2.830702e+01  4.967714e+00  2.500000e+00
     vertex -2.219169e+01  1.237336e+00  2.500000e+00
   endloop
 endfacet
 facet normal  0.000000e+00  0.000000e+00  1.000000e+00
   outer loop
     vertex -2.215498e+01  1.308380e+00  2.500000e+00
     vertex -2.814431e+01  5.193690e+00  2.500000e+00
     vertex -2.830702e+01  4.967714e+00  2.500000e+00
   endloop
 endfacet
 facet normal  0.000000e+00  0.000000e+00  1.000000e+00
   outer loop
     vertex -1.532458e+01 -5.491482e+00  2.500000e+00
     vertex -1.575213e+01 -5.355374e+00  2.500000e+00
     vertex -1.758425e+01 -1.215313e+01  2.500000e+00
   endloop
 endfacet
 facet normal  0.000000e+00  0.000000e+00  1.000000e+00
   outer loop
     vertex -1.532458e+01 -5.491482e+00  2.500000e+00
     vertex -1.758425e+01 -1.215313e+01  2.500000e+00
     vertex -1.686757e+01 -1.240448e+01  2.500000e+00
   endloop
 endfacet
 facet normal  0.000000e+00  0.000000e+00  1.000000e+00
   outer loop
     vertex -2.211623e+01  1.379304e+00  2.500000e+00
     vertex -2.814431e+01  5.193690e+00  2.500000e+00
     vertex -2.215498e+01  1.308380e+00  2.500000e+00
   endloop
 endfacet
 facet normal  0.000000e+00  0.000000e+00  1.000000e+00
   outer loop
     vertex -2.211623e+01  1.379304e+00  2.500000e+00
     vertex -2.797439e+01  5.418335e+00  2.500000e+00
     vertex -2.814431e+01  5.193690e+00  2.500000e+00
   endloop
 endfacet
 facet normal  0.000000e+00  0.000000e+00  1.000000e+00
   outer loop
     vertex -2.207078e+01  1.457958e+00  2.500000e+00
     vertex -2.797439e+01  5.418335e+00  2.500000e+00
     vertex -2.211623e+01  1.379304e+00  2.500000e+00
   endloop
 endfacet
 facet normal  0.000000e+00  0.000000e+00  1.000000e+00
   outer loop
     vertex -2.207078e+01  1.457958e+00  2.500000e+00
     vertex -2.777718e+01  5.666308e+00  2.500000e+00
     vertex -2.797439e+01  5.418335e+00  2.500000e+00
   endloop
 endfacet
 facet normal  0.000000e+00  0.000000e+00  1.000000e+00
   outer loop
     vertex -2.201732e+01  1.545156e+00  2.500000e+00
     vertex -2.777718e+01  5.666308e+00  2.500000e+00
     vertex -2.207078e+01  1.457958e+00  2.500000e+00
   endloop
 endfacet
 facet normal  0.000000e+00  0.000000e+00  1.000000e+00
   outer loop
     vertex -1.473809e+01 -5.667046e+00  2.500000e+00
     vertex -1.532458e+01 -5.491482e+00  2.500000e+00
     vertex -1.686757e+01 -1.240448e+01  2.500000e+00
   endloop
 endfacet
 facet normal  0.000000e+00  0.000000e+00  1.000000e+00
   outer loop
     vertex -1.473809e+01 -5.667046e+00  2.500000e+00
     vertex -1.686757e+01 -1.240448e+01  2.500000e+00
     vertex -1.613653e+01 -1.264528e+01  2.500000e+00
   endloop
 endfacet
 facet normal  0.000000e+00  0.000000e+00  1.000000e+00
   outer loop
     vertex -2.196076e+01  1.632136e+00  2.500000e+00
     vertex -2.754775e+01  5.939728e+00  2.500000e+00
     vertex -2.777718e+01  5.666308e+00  2.500000e+00
   endloop
 endfacet
 facet normal  0.000000e+00  0.000000e+00  1.000000e+00
   outer loop
     vertex -2.196076e+01  1.632136e+00  2.500000e+00
     vertex -2.777718e+01  5.666308e+00  2.500000e+00
     vertex -2.201732e+01  1.545156e+00  2.500000e+00
   endloop
 endfacet
 facet normal  0.000000e+00  0.000000e+00  1.000000e+00
   outer loop
     vertex -2.190112e+01  1.718887e+00  2.500000e+00
     vertex -2.730755e+01  6.210827e+00  2.500000e+00
     vertex -2.754775e+01  5.939728e+00  2.500000e+00
   endloop
 endfacet
 facet normal  0.000000e+00  0.000000e+00  1.000000e+00
   outer loop
     vertex -2.190112e+01  1.718887e+00  2.500000e+00
     vertex -2.754775e+01  5.939728e+00  2.500000e+00
     vertex -2.196076e+01  1.632136e+00  2.500000e+00
   endloop
 endfacet
 facet normal  0.000000e+00  0.000000e+00  1.000000e+00
   outer loop
     vertex -2.183838e+01  1.805396e+00  2.500000e+00
     vertex -2.705669e+01  6.479498e+00  2.500000e+00
     vertex -2.730755e+01  6.210827e+00  2.500000e+00
   endloop
 endfacet
 facet normal  0.000000e+00  0.000000e+00  1.000000e+00
   outer loop
     vertex -2.183838e+01  1.805396e+00  2.500000e+00
     vertex -2.730755e+01  6.210827e+00  2.500000e+00
     vertex -2.190112e+01  1.718887e+00  2.500000e+00
   endloop
 endfacet
 facet normal  0.000000e+00  0.000000e+00  1.000000e+00
   outer loop
     vertex -1.405671e+01 -5.856230e+00  2.500000e+00
     vertex -1.613653e+01 -1.264528e+01  2.500000e+00
     vertex -1.539175e+01 -1.287531e+01  2.500000e+00
   endloop
 endfacet
 facet normal  0.000000e+00  0.000000e+00  1.000000e+00
   outer loop
     vertex -1.405671e+01 -5.856230e+00  2.500000e+00
     vertex -1.473809e+01 -5.667046e+00  2.500000e+00
     vertex -1.613653e+01 -1.264528e+01  2.500000e+00
   endloop
 endfacet
 facet normal  0.000000e+00  0.000000e+00  1.000000e+00
   outer loop
     vertex -2.177257e+01  1.891650e+00  2.500000e+00
     vertex -2.705669e+01  6.479498e+00  2.500000e+00
     vertex -2.183838e+01  1.805396e+00  2.500000e+00
   endloop
 endfacet
 facet normal  0.000000e+00  0.000000e+00  1.000000e+00
   outer loop
     vertex -2.170370e+01  1.977638e+00  2.500000e+00
     vertex -2.679525e+01  6.745638e+00  2.500000e+00
     vertex -2.705669e+01  6.479498e+00  2.500000e+00
   endloop
 endfacet
 facet normal  0.000000e+00  0.000000e+00  1.000000e+00
   outer loop
     vertex -2.170370e+01  1.977638e+00  2.500000e+00
     vertex -2.705669e+01  6.479498e+00  2.500000e+00
     vertex -2.177257e+01  1.891650e+00  2.500000e+00
   endloop
 endfacet
 facet normal  0.000000e+00  0.000000e+00  1.000000e+00
   outer loop
     vertex -2.162359e+01  2.072853e+00  2.500000e+00
     vertex -2.679525e+01  6.745638e+00  2.500000e+00
     vertex -2.170370e+01  1.977638e+00  2.500000e+00
   endloop
 endfacet
 facet normal  0.000000e+00  0.000000e+00  1.000000e+00
   outer loop
     vertex -2.652334e+01  7.009142e+00  2.500000e+00
     vertex -2.679525e+01  6.745638e+00  2.500000e+00
     vertex -2.162359e+01  2.072853e+00  2.500000e+00
   endloop
 endfacet
 facet normal  0.000000e+00  0.000000e+00  1.000000e+00
   outer loop
     vertex -1.335349e+01 -6.036318e+00  2.500000e+00
     vertex -1.405671e+01 -5.856230e+00  2.500000e+00
     vertex -1.539175e+01 -1.287531e+01  2.500000e+00
   endloop
 endfacet
 facet normal  0.000000e+00  0.000000e+00  1.000000e+00
   outer loop
     vertex -1.335349e+01 -6.036318e+00  2.500000e+00
     vertex -1.539175e+01 -1.287531e+01  2.500000e+00
     vertex -1.463387e+01 -1.309437e+01  2.500000e+00
   endloop
 endfacet
 facet normal  0.000000e+00  0.000000e+00  1.000000e+00
   outer loop
     vertex -2.153017e+01  2.178224e+00  2.500000e+00
     vertex -2.652334e+01  7.009142e+00  2.500000e+00
     vertex -2.162359e+01  2.072853e+00  2.500000e+00
   endloop
 endfacet
 facet normal  0.000000e+00  0.000000e+00  1.000000e+00
   outer loop
     vertex -2.624107e+01  7.269907e+00  2.500000e+00
     vertex -2.652334e+01  7.009142e+00  2.500000e+00
     vertex -2.153017e+01  2.178224e+00  2.500000e+00
   endloop
 endfacet
 facet normal  0.000000e+00  0.000000e+00  1.000000e+00
   outer loop
     vertex -2.624107e+01  7.269907e+00  2.500000e+00
     vertex -2.153017e+01  2.178224e+00  2.500000e+00
     vertex -2.143212e+01  2.283128e+00  2.500000e+00
   endloop
 endfacet
 facet normal  0.000000e+00  0.000000e+00  1.000000e+00
   outer loop
     vertex -2.132948e+01  2.387541e+00  2.500000e+00
     vertex -2.624107e+01  7.269907e+00  2.500000e+00
     vertex -2.143212e+01  2.283128e+00  2.500000e+00
   endloop
 endfacet
 facet normal  0.000000e+00  0.000000e+00  1.000000e+00
   outer loop
     vertex -1.262953e+01 -6.207029e+00  2.500000e+00
     vertex -1.335349e+01 -6.036318e+00  2.500000e+00
     vertex -1.463387e+01 -1.309437e+01  2.500000e+00
   endloop
 endfacet
 facet normal  0.000000e+00  0.000000e+00  1.000000e+00
   outer loop
     vertex -1.262953e+01 -6.207029e+00  2.500000e+00
     vertex -1.463387e+01 -1.309437e+01  2.500000e+00
     vertex -1.386352e+01 -1.330228e+01  2.500000e+00
   endloop
 endfacet
 facet normal  0.000000e+00  0.000000e+00  1.000000e+00
   outer loop
     vertex -2.591541e+01  7.556310e+00  2.500000e+00
     vertex -2.624107e+01  7.269907e+00  2.500000e+00
     vertex -2.132948e+01  2.387541e+00  2.500000e+00
   endloop
 endfacet
 facet normal  0.000000e+00  0.000000e+00  1.000000e+00
   outer loop
     vertex -2.591541e+01  7.556310e+00  2.500000e+00
     vertex -2.132948e+01  2.387541e+00  2.500000e+00
     vertex -2.122226e+01  2.491442e+00  2.500000e+00
   endloop
 endfacet
 facet normal  0.000000e+00  0.000000e+00  1.000000e+00
   outer loop
     vertex -1.188596e+01 -6.368098e+00  2.500000e+00
     vertex -1.386352e+01 -1.330228e+01  2.500000e+00
     vertex -1.308137e+01 -1.349887e+01  2.500000e+00
   endloop
 endfacet
 facet normal  0.000000e+00  0.000000e+00  1.000000e+00
   outer loop
     vertex -1.188596e+01 -6.368098e+00  2.500000e+00
     vertex -1.262953e+01 -6.207029e+00  2.500000e+00
     vertex -1.386352e+01 -1.330228e+01  2.500000e+00
   endloop
 endfacet
 facet normal  0.000000e+00  0.000000e+00  1.000000e+00
   outer loop
     vertex -2.553892e+01  7.870255e+00  2.500000e+00
     vertex -2.109779e+01  2.606260e+00  2.500000e+00
     vertex -2.095293e+01  2.733024e+00  2.500000e+00
   endloop
 endfacet
 facet normal  0.000000e+00  0.000000e+00  1.000000e+00
   outer loop
     vertex -2.553892e+01  7.870255e+00  2.500000e+00
     vertex -2.122226e+01  2.491442e+00  2.500000e+00
     vertex -2.109779e+01  2.606260e+00  2.500000e+00
   endloop
 endfacet
 facet normal  0.000000e+00  0.000000e+00  1.000000e+00
   outer loop
     vertex -2.553892e+01  7.870255e+00  2.500000e+00
     vertex -2.591541e+01  7.556310e+00  2.500000e+00
     vertex -2.122226e+01  2.491442e+00  2.500000e+00
   endloop
 endfacet
 facet normal  0.000000e+00  0.000000e+00  1.000000e+00
   outer loop
     vertex -1.112392e+01 -6.519275e+00  2.500000e+00
     vertex -1.308137e+01 -1.349887e+01  2.500000e+00
     vertex -1.228807e+01 -1.368396e+01  2.500000e+00
   endloop
 endfacet
 facet normal  0.000000e+00  0.000000e+00  1.000000e+00
   outer loop
     vertex -1.112392e+01 -6.519275e+00  2.500000e+00
     vertex -1.188596e+01 -6.368098e+00  2.500000e+00
     vertex -1.308137e+01 -1.349887e+01  2.500000e+00
   endloop
 endfacet
 facet normal  0.000000e+00  0.000000e+00  1.000000e+00
   outer loop
     vertex -1.034460e+01 -6.660325e+00  2.500000e+00
     vertex -1.228807e+01 -1.368396e+01  2.500000e+00
     vertex -1.148432e+01 -1.385740e+01  2.500000e+00
   endloop
 endfacet
 facet normal  0.000000e+00  0.000000e+00  1.000000e+00
   outer loop
     vertex -1.034460e+01 -6.660325e+00  2.500000e+00
     vertex -1.112392e+01 -6.519275e+00  2.500000e+00
     vertex -1.228807e+01 -1.368396e+01  2.500000e+00
   endloop
 endfacet
 facet normal  0.000000e+00  0.000000e+00  1.000000e+00
   outer loop
     vertex -2.514721e+01  8.179512e+00  2.500000e+00
     vertex -2.095293e+01  2.733024e+00  2.500000e+00
     vertex -2.080121e+01  2.858894e+00  2.500000e+00
   endloop
 endfacet
 facet normal  0.000000e+00  0.000000e+00  1.000000e+00
   outer loop
     vertex -2.514721e+01  8.179512e+00  2.500000e+00
     vertex -2.553892e+01  7.870255e+00  2.500000e+00
     vertex -2.095293e+01  2.733024e+00  2.500000e+00
   endloop
 endfacet
 facet normal  0.000000e+00  0.000000e+00  1.000000e+00
   outer loop
     vertex -9.549205e+00 -6.791029e+00  2.500000e+00
     vertex -1.148432e+01 -1.385740e+01  2.500000e+00
     vertex -1.067079e+01 -1.401904e+01  2.500000e+00
   endloop
 endfacet
 facet normal  0.000000e+00  0.000000e+00  1.000000e+00
   outer loop
     vertex -9.549205e+00 -6.791029e+00  2.500000e+00
     vertex -1.034460e+01 -6.660325e+00  2.500000e+00
     vertex -1.148432e+01 -1.385740e+01  2.500000e+00
   endloop
 endfacet
 facet normal  0.000000e+00  0.000000e+00  1.000000e+00
   outer loop
     vertex -2.474053e+01  8.483898e+00  2.500000e+00
     vertex -2.514721e+01  8.179512e+00  2.500000e+00
     vertex -2.080121e+01  2.858894e+00  2.500000e+00
   endloop
 endfacet
 facet normal  0.000000e+00  0.000000e+00  1.000000e+00
   outer loop
     vertex -2.474053e+01  8.483898e+00  2.500000e+00
     vertex -2.064270e+01  2.983828e+00  2.500000e+00
     vertex -2.045865e+01  3.121498e+00  2.500000e+00
   endloop
 endfacet
 facet normal  0.000000e+00  0.000000e+00  1.000000e+00
   outer loop
     vertex -2.474053e+01  8.483898e+00  2.500000e+00
     vertex -2.080121e+01  2.858894e+00  2.500000e+00
     vertex -2.064270e+01  2.983828e+00  2.500000e+00
   endloop
 endfacet
 facet normal  0.000000e+00  0.000000e+00  1.000000e+00
   outer loop
     vertex -8.738982e+00 -6.911184e+00  2.500000e+00
     vertex -9.549205e+00 -6.791029e+00  2.500000e+00
     vertex -1.067079e+01 -1.401904e+01  2.500000e+00
   endloop
 endfacet
 facet normal  0.000000e+00  0.000000e+00  1.000000e+00
   outer loop
     vertex -8.738982e+00 -6.911184e+00  2.500000e+00
     vertex -1.067079e+01 -1.401904e+01  2.500000e+00
     vertex -9.848168e+00 -1.416875e+01  2.500000e+00
   endloop
 endfacet
 facet normal  0.000000e+00  0.000000e+00  1.000000e+00
   outer loop
     vertex -8.738982e+00 -6.911184e+00  2.500000e+00
     vertex -9.848168e+00 -1.416875e+01  2.500000e+00
     vertex -9.017163e+00 -1.430639e+01  2.500000e+00
   endloop
 endfacet
 facet normal  0.000000e+00  0.000000e+00  1.000000e+00
   outer loop
     vertex -2.431911e+01  8.783232e+00  2.500000e+00
     vertex -2.474053e+01  8.483898e+00  2.500000e+00
     vertex -2.045865e+01  3.121498e+00  2.500000e+00
   endloop
 endfacet
 facet normal  0.000000e+00  0.000000e+00  1.000000e+00
   outer loop
     vertex -2.431911e+01  8.783232e+00  2.500000e+00
     vertex -2.045865e+01  3.121498e+00  2.500000e+00
     vertex -2.024446e+01  3.272983e+00  2.500000e+00
   endloop
 endfacet
 facet normal  0.000000e+00  0.000000e+00  1.000000e+00
   outer loop
     vertex -2.388322e+01  9.077335e+00  2.500000e+00
     vertex -2.431911e+01  8.783232e+00  2.500000e+00
     vertex -2.024446e+01  3.272983e+00  2.500000e+00
   endloop
 endfacet
 facet normal  0.000000e+00  0.000000e+00  1.000000e+00
   outer loop
     vertex -2.388322e+01  9.077335e+00  2.500000e+00
     vertex -2.024446e+01  3.272983e+00  2.500000e+00
     vertex -2.002018e+01  3.422837e+00  2.500000e+00
   endloop
 endfacet
 facet normal  0.000000e+00  0.000000e+00  1.000000e+00
   outer loop
     vertex -7.637788e+00 -7.054661e+00  2.500000e+00
     vertex -9.017163e+00 -1.430639e+01  2.500000e+00
     vertex -8.178480e+00 -1.443184e+01  2.500000e+00
   endloop
 endfacet
 facet normal  0.000000e+00  0.000000e+00  1.000000e+00
   outer loop
     vertex -7.637788e+00 -7.054661e+00  2.500000e+00
     vertex -8.738982e+00 -6.911184e+00  2.500000e+00
     vertex -9.017163e+00 -1.430639e+01  2.500000e+00
   endloop
 endfacet
 facet normal  0.000000e+00  0.000000e+00  1.000000e+00
   outer loop
     vertex -2.338221e+01  9.397768e+00  2.500000e+00
     vertex -2.388322e+01  9.077335e+00  2.500000e+00
     vertex -2.002018e+01  3.422837e+00  2.500000e+00
   endloop
 endfacet
 facet normal  0.000000e+00  0.000000e+00  1.000000e+00
   outer loop
     vertex -2.338221e+01  9.397768e+00  2.500000e+00
     vertex -1.978592e+01  3.570984e+00  2.500000e+00
     vertex -1.951407e+01  3.733500e+00  2.500000e+00
   endloop
 endfacet
 facet normal  0.000000e+00  0.000000e+00  1.000000e+00
   outer loop
     vertex -2.338221e+01  9.397768e+00  2.500000e+00
     vertex -2.002018e+01  3.422837e+00  2.500000e+00
     vertex -1.978592e+01  3.570984e+00  2.500000e+00
   endloop
 endfacet
 facet normal  0.000000e+00  0.000000e+00  1.000000e+00
   outer loop
     vertex -6.373890e+00 -7.192771e+00  2.500000e+00
     vertex -7.637788e+00 -7.054661e+00  2.500000e+00
     vertex -8.178480e+00 -1.443184e+01  2.500000e+00
   endloop
 endfacet
 facet normal  0.000000e+00  0.000000e+00  1.000000e+00
   outer loop
     vertex -6.373890e+00 -7.192771e+00  2.500000e+00
     vertex -8.178480e+00 -1.443184e+01  2.500000e+00
     vertex -7.332834e+00 -1.454501e+01  2.500000e+00
   endloop
 endfacet
 facet normal  0.000000e+00  0.000000e+00  1.000000e+00
   outer loop
     vertex -6.373890e+00 -7.192771e+00  2.500000e+00
     vertex -7.332834e+00 -1.454501e+01  2.500000e+00
     vertex -6.480943e+00 -1.464580e+01  2.500000e+00
   endloop
 endfacet
 facet normal  0.000000e+00  0.000000e+00  1.000000e+00
   outer loop
     vertex -2.280540e+01  9.745690e+00  2.500000e+00
     vertex -2.338221e+01  9.397768e+00  2.500000e+00
     vertex -1.951407e+01  3.733500e+00  2.500000e+00
   endloop
 endfacet
 facet normal  0.000000e+00  0.000000e+00  1.000000e+00
   outer loop
     vertex -2.280540e+01  9.745690e+00  2.500000e+00
     vertex -1.951407e+01  3.733500e+00  2.500000e+00
     vertex -1.919793e+01  3.911375e+00  2.500000e+00
   endloop
 endfacet
 facet normal  0.000000e+00  0.000000e+00  1.000000e+00
   outer loop
     vertex -5.087717e+00 -7.305745e+00  2.500000e+00
     vertex -6.373890e+00 -7.192771e+00  2.500000e+00
     vertex -6.480943e+00 -1.464580e+01  2.500000e+00
   endloop
 endfacet
 facet normal  0.000000e+00  0.000000e+00  1.000000e+00
   outer loop
     vertex -5.087717e+00 -7.305745e+00  2.500000e+00
     vertex -6.480943e+00 -1.464580e+01  2.500000e+00
     vertex -5.336630e+00 -1.476076e+01  2.500000e+00
   endloop
 endfacet
 facet normal  0.000000e+00  0.000000e+00  1.000000e+00
   outer loop
     vertex -2.220788e+01  1.008477e+01  2.500000e+00
     vertex -2.280540e+01  9.745690e+00  2.500000e+00
     vertex -1.919793e+01  3.911375e+00  2.500000e+00
   endloop
 endfacet
 facet normal  0.000000e+00  0.000000e+00  1.000000e+00
   outer loop
     vertex -2.220788e+01  1.008477e+01  2.500000e+00
     vertex -1.919793e+01  3.911375e+00  2.500000e+00
     vertex -1.886720e+01  4.086277e+00  2.500000e+00
   endloop
 endfacet
 facet normal  0.000000e+00  0.000000e+00  1.000000e+00
   outer loop
     vertex -3.783766e+00 -7.393188e+00  2.500000e+00
     vertex -5.336630e+00 -1.476076e+01  2.500000e+00
     vertex -4.039709e+00 -1.486338e+01  2.500000e+00
   endloop
 endfacet
 facet normal  0.000000e+00  0.000000e+00  1.000000e+00
   outer loop
     vertex -3.783766e+00 -7.393188e+00  2.500000e+00
     vertex -5.087717e+00 -7.305745e+00  2.500000e+00
     vertex -5.336630e+00 -1.476076e+01  2.500000e+00
   endloop
 endfacet
 facet normal  0.000000e+00  0.000000e+00  1.000000e+00
   outer loop
     vertex -2.159021e+01  1.041469e+01  2.500000e+00
     vertex -2.220788e+01  1.008477e+01  2.500000e+00
     vertex -1.886720e+01  4.086277e+00  2.500000e+00
   endloop
 endfacet
 facet normal  0.000000e+00  0.000000e+00  1.000000e+00
   outer loop
     vertex -2.159021e+01  1.041469e+01  2.500000e+00
     vertex -1.886720e+01  4.086277e+00  2.500000e+00
     vertex -1.848292e+01  4.276965e+00  2.500000e+00
   endloop
 endfacet
 facet normal  0.000000e+00  0.000000e+00  1.000000e+00
   outer loop
     vertex -2.095293e+01  1.073516e+01  2.500000e+00
     vertex -2.159021e+01  1.041469e+01  2.500000e+00
     vertex -1.848292e+01  4.276965e+00  2.500000e+00
   endloop
 endfacet
 facet normal  0.000000e+00  0.000000e+00  1.000000e+00
   outer loop
     vertex -2.095293e+01  1.073516e+01  2.500000e+00
     vertex -1.803562e+01  4.484127e+00  2.500000e+00
     vertex -1.756743e+01  4.686096e+00  2.500000e+00
   endloop
 endfacet
 facet normal  0.000000e+00  0.000000e+00  1.000000e+00
   outer loop
     vertex -2.095293e+01  1.073516e+01  2.500000e+00
     vertex -1.848292e+01  4.276965e+00  2.500000e+00
     vertex -1.803562e+01  4.484127e+00  2.500000e+00
   endloop
 endfacet
 facet normal  0.000000e+00  0.000000e+00  1.000000e+00
   outer loop
     vertex -2.466592e+00 -7.454797e+00  2.500000e+00
     vertex -4.039709e+00 -1.486338e+01  2.500000e+00
     vertex -2.735050e+00 -1.493753e+01  2.500000e+00
   endloop
 endfacet
 facet normal  0.000000e+00  0.000000e+00  1.000000e+00
   outer loop
     vertex -2.466592e+00 -7.454797e+00  2.500000e+00
     vertex -2.735050e+00 -1.493753e+01  2.500000e+00
     vertex -1.425151e+00 -1.498306e+01  2.500000e+00
   endloop
 endfacet
 facet normal  0.000000e+00  0.000000e+00  1.000000e+00
   outer loop
     vertex -2.466592e+00 -7.454797e+00  2.500000e+00
     vertex -3.783766e+00 -7.393188e+00  2.500000e+00
     vertex -4.039709e+00 -1.486338e+01  2.500000e+00
   endloop
 endfacet
 facet normal  0.000000e+00  0.000000e+00  1.000000e+00
   outer loop
     vertex -2.029664e+01  1.104588e+01  2.500000e+00
     vertex -1.756743e+01  4.686096e+00  2.500000e+00
     vertex -1.707890e+01  4.882637e+00  2.500000e+00
   endloop
 endfacet
 facet normal  0.000000e+00  0.000000e+00  1.000000e+00
   outer loop
     vertex -2.029664e+01  1.104588e+01  2.500000e+00
     vertex -2.095293e+01  1.073516e+01  2.500000e+00
     vertex -1.756743e+01  4.686096e+00  2.500000e+00
   endloop
 endfacet
 facet normal  0.000000e+00  0.000000e+00  1.000000e+00
   outer loop
     vertex -1.140799e+00 -7.490354e+00  2.500000e+00
     vertex -1.425151e+00 -1.498306e+01  2.500000e+00
     vertex -1.125215e-01 -1.499989e+01  2.500000e+00
   endloop
 endfacet
 facet normal  0.000000e+00  0.000000e+00  1.000000e+00
   outer loop
     vertex -1.140799e+00 -7.490354e+00  2.500000e+00
     vertex -2.466592e+00 -7.454797e+00  2.500000e+00
     vertex -1.425151e+00 -1.498306e+01  2.500000e+00
   endloop
 endfacet
 facet normal  0.000000e+00  0.000000e+00  1.000000e+00
   outer loop
     vertex -1.954585e+01  1.137936e+01  2.500000e+00
     vertex -1.707890e+01  4.882637e+00  2.500000e+00
     vertex -1.651291e+01  5.094375e+00  2.500000e+00
   endloop
 endfacet
 facet normal  0.000000e+00  0.000000e+00  1.000000e+00
   outer loop
     vertex -1.954585e+01  1.137936e+01  2.500000e+00
     vertex -2.029664e+01  1.104588e+01  2.500000e+00
     vertex -1.707890e+01  4.882637e+00  2.500000e+00
   endloop
 endfacet
 facet normal  0.000000e+00  0.000000e+00  1.000000e+00
   outer loop
     vertex  1.889815e-01 -7.499735e+00  2.500000e+00
     vertex -1.125215e-01 -1.499989e+01  2.500000e+00
     vertex  1.200323e+00 -1.498799e+01  2.500000e+00
   endloop
 endfacet
 facet normal  0.000000e+00  0.000000e+00  1.000000e+00
   outer loop
     vertex  1.889815e-01 -7.499735e+00  2.500000e+00
     vertex -1.140799e+00 -7.490354e+00  2.500000e+00
     vertex -1.125215e-01 -1.499989e+01  2.500000e+00
   endloop
 endfacet
 facet normal  0.000000e+00  0.000000e+00  1.000000e+00
   outer loop
     vertex -1.868599e+01  1.173493e+01  2.500000e+00
     vertex -1.651291e+01  5.094375e+00  2.500000e+00
     vertex -1.585638e+01  5.321083e+00  2.500000e+00
   endloop
 endfacet
 facet normal  0.000000e+00  0.000000e+00  1.000000e+00
   outer loop
     vertex -1.868599e+01  1.173493e+01  2.500000e+00
     vertex -1.954585e+01  1.137936e+01  2.500000e+00
     vertex -1.651291e+01  5.094375e+00  2.500000e+00
   endloop
 endfacet
 facet normal  0.000000e+00  0.000000e+00  1.000000e+00
   outer loop
     vertex  1.518101e+00 -7.482909e+00  2.500000e+00
     vertex  1.200323e+00 -1.498799e+01  2.500000e+00
     vertex  2.510869e+00 -1.494737e+01  2.500000e+00
   endloop
 endfacet
 facet normal  0.000000e+00  0.000000e+00  1.000000e+00
   outer loop
     vertex  1.518101e+00 -7.482909e+00  2.500000e+00
     vertex  1.889815e-01 -7.499735e+00  2.500000e+00
     vertex  1.200323e+00 -1.498799e+01  2.500000e+00
   endloop
 endfacet
 facet normal  0.000000e+00  0.000000e+00  1.000000e+00
   outer loop
     vertex -1.780027e+01  1.207425e+01  2.500000e+00
     vertex -1.585638e+01  5.321083e+00  2.500000e+00
     vertex -1.517186e+01  5.538398e+00  2.500000e+00
   endloop
 endfacet
 facet normal  0.000000e+00  0.000000e+00  1.000000e+00
   outer loop
     vertex -1.780027e+01  1.207425e+01  2.500000e+00
     vertex -1.868599e+01  1.173493e+01  2.500000e+00
     vertex -1.585638e+01  5.321083e+00  2.500000e+00
   endloop
 endfacet
 facet normal  0.000000e+00  0.000000e+00  1.000000e+00
   outer loop
     vertex  2.841916e+00 -7.439934e+00  2.500000e+00
     vertex  1.518101e+00 -7.482909e+00  2.500000e+00
     vertex  2.510869e+00 -1.494737e+01  2.500000e+00
   endloop
 endfacet
 facet normal  0.000000e+00  0.000000e+00  1.000000e+00
   outer loop
     vertex  2.841916e+00 -7.439934e+00  2.500000e+00
     vertex  2.510869e+00 -1.494737e+01  2.500000e+00
     vertex  3.816604e+00 -1.487812e+01  2.500000e+00
   endloop
 endfacet
 facet normal  0.000000e+00  0.000000e+00  1.000000e+00
   outer loop
     vertex -1.688993e+01  1.239688e+01  2.500000e+00
     vertex -1.517186e+01  5.538398e+00  2.500000e+00
     vertex -1.437993e+01  5.768379e+00  2.500000e+00
   endloop
 endfacet
 facet normal  0.000000e+00  0.000000e+00  1.000000e+00
   outer loop
     vertex -1.688993e+01  1.239688e+01  2.500000e+00
     vertex -1.780027e+01  1.207425e+01  2.500000e+00
     vertex -1.517186e+01  5.538398e+00  2.500000e+00
   endloop
 endfacet
 facet normal  0.000000e+00  0.000000e+00  1.000000e+00
   outer loop
     vertex -1.595623e+01  1.270235e+01  2.500000e+00
     vertex -1.437993e+01  5.768379e+00  2.500000e+00
     vertex -1.346333e+01  6.009149e+00  2.500000e+00
   endloop
 endfacet
 facet normal  0.000000e+00  0.000000e+00  1.000000e+00
   outer loop
     vertex -1.595623e+01  1.270235e+01  2.500000e+00
     vertex -1.688993e+01  1.239688e+01  2.500000e+00
     vertex -1.437993e+01  5.768379e+00  2.500000e+00
   endloop
 endfacet
 facet normal  0.000000e+00  0.000000e+00  1.000000e+00
   outer loop
     vertex  4.155799e+00 -7.370959e+00  2.500000e+00
     vertex  3.816604e+00 -1.487812e+01  2.500000e+00
     vertex  5.115028e+00 -1.478036e+01  2.500000e+00
   endloop
 endfacet
 facet normal  0.000000e+00  0.000000e+00  1.000000e+00
   outer loop
     vertex  4.155799e+00 -7.370959e+00  2.500000e+00
     vertex  2.841916e+00 -7.439934e+00  2.500000e+00
     vertex  3.816604e+00 -1.487812e+01  2.500000e+00
   endloop
 endfacet
 facet normal  0.000000e+00  0.000000e+00  1.000000e+00
   outer loop
     vertex -1.500045e+01  1.299025e+01  2.500000e+00
     vertex -1.595623e+01  1.270235e+01  2.500000e+00
     vertex -1.346333e+01  6.009149e+00  2.500000e+00
   endloop
 endfacet
 facet normal  0.000000e+00  0.000000e+00  1.000000e+00
   outer loop
     vertex -1.500045e+01  1.299025e+01  2.500000e+00
     vertex -1.346333e+01  6.009149e+00  2.500000e+00
     vertex -1.251051e+01  6.233753e+00  2.500000e+00
   endloop
 endfacet
 facet normal  0.000000e+00  0.000000e+00  1.000000e+00
   outer loop
     vertex  5.455160e+00 -7.276226e+00  2.500000e+00
     vertex  5.115028e+00 -1.478036e+01  2.500000e+00
     vertex  6.403653e+00 -1.465429e+01  2.500000e+00
   endloop
 endfacet
 facet normal  0.000000e+00  0.000000e+00  1.000000e+00
   outer loop
     vertex  5.455160e+00 -7.276226e+00  2.500000e+00
     vertex  4.155799e+00 -7.370959e+00  2.500000e+00
     vertex  5.115028e+00 -1.478036e+01  2.500000e+00
   endloop
 endfacet
 facet normal  0.000000e+00  0.000000e+00  1.000000e+00
   outer loop
     vertex -1.391419e+01  1.328905e+01  2.500000e+00
     vertex -1.500045e+01  1.299025e+01  2.500000e+00
     vertex -1.251051e+01  6.233753e+00  2.500000e+00
   endloop
 endfacet
 facet normal  0.000000e+00  0.000000e+00  1.000000e+00
   outer loop
     vertex -1.391419e+01  1.328905e+01  2.500000e+00
     vertex -1.251051e+01  6.233753e+00  2.500000e+00
     vertex -1.141247e+01  6.463621e+00  2.500000e+00
   endloop
 endfacet
 facet normal  0.000000e+00  0.000000e+00  1.000000e+00
   outer loop
     vertex  6.735458e+00 -7.156067e+00  2.500000e+00
     vertex  5.455160e+00 -7.276226e+00  2.500000e+00
     vertex  6.403653e+00 -1.465429e+01  2.500000e+00
   endloop
 endfacet
 facet normal  0.000000e+00  0.000000e+00  1.000000e+00
   outer loop
     vertex  6.735458e+00 -7.156067e+00  2.500000e+00
     vertex  6.403653e+00 -1.465429e+01  2.500000e+00
     vertex  7.680010e+00 -1.450015e+01  2.500000e+00
   endloop
 endfacet
 facet normal  0.000000e+00  0.000000e+00  1.000000e+00
   outer loop
     vertex  6.735458e+00 -7.156067e+00  2.500000e+00
     vertex  7.680010e+00 -1.450015e+01  2.500000e+00
     vertex  8.941655e+00 -1.431823e+01  2.500000e+00
   endloop
 endfacet
 facet normal  0.000000e+00  0.000000e+00  1.000000e+00
   outer loop
     vertex -1.267945e+01  1.359441e+01  2.500000e+00
     vertex -1.391419e+01  1.328905e+01  2.500000e+00
     vertex -1.141247e+01  6.463621e+00  2.500000e+00
   endloop
 endfacet
 facet normal  0.000000e+00  0.000000e+00  1.000000e+00
   outer loop
     vertex -1.267945e+01  1.359441e+01  2.500000e+00
     vertex -1.141247e+01  6.463621e+00  2.500000e+00
     vertex -1.014813e+01  6.693823e+00  2.500000e+00
   endloop
 endfacet
 facet normal  0.000000e+00  0.000000e+00  1.000000e+00
   outer loop
     vertex  7.992218e+00 -7.010900e+00  2.500000e+00
     vertex  6.735458e+00 -7.156067e+00  2.500000e+00
     vertex  8.941655e+00 -1.431823e+01  2.500000e+00
   endloop
 endfacet
 facet normal  0.000000e+00  0.000000e+00  1.000000e+00
   outer loop
     vertex  7.992218e+00 -7.010900e+00  2.500000e+00
     vertex  8.941655e+00 -1.431823e+01  2.500000e+00
     vertex  1.018617e+01 -1.410888e+01  2.500000e+00
   endloop
 endfacet
 facet normal  0.000000e+00  0.000000e+00  1.000000e+00
   outer loop
     vertex  9.221049e+00 -6.841233e+00  2.500000e+00
     vertex  1.018617e+01 -1.410888e+01  2.500000e+00
     vertex  1.141117e+01 -1.387250e+01  2.500000e+00
   endloop
 endfacet
 facet normal  0.000000e+00  0.000000e+00  1.000000e+00
   outer loop
     vertex  9.221049e+00 -6.841233e+00  2.500000e+00
     vertex  7.992218e+00 -7.010900e+00  2.500000e+00
     vertex  1.018617e+01 -1.410888e+01  2.500000e+00
   endloop
 endfacet
 facet normal  0.000000e+00  0.000000e+00  1.000000e+00
   outer loop
     vertex -1.141798e+01  1.387110e+01  2.500000e+00
     vertex -1.267945e+01  1.359441e+01  2.500000e+00
     vertex -1.014813e+01  6.693823e+00  2.500000e+00
   endloop
 endfacet
 facet normal  0.000000e+00  0.000000e+00  1.000000e+00
   outer loop
     vertex  1.041766e+01 -6.647660e+00  2.500000e+00
     vertex  9.221049e+00 -6.841233e+00  2.500000e+00
     vertex  1.141117e+01 -1.387250e+01  2.500000e+00
   endloop
 endfacet
 facet normal  0.000000e+00  0.000000e+00  1.000000e+00
   outer loop
     vertex  1.041766e+01 -6.647660e+00  2.500000e+00
     vertex  1.141117e+01 -1.387250e+01  2.500000e+00
     vertex  1.261431e+01 -1.360955e+01  2.500000e+00
   endloop
 endfacet
 facet normal  0.000000e+00  0.000000e+00  1.000000e+00
   outer loop
     vertex -1.013243e+01  1.411855e+01  2.500000e+00
     vertex -1.141798e+01  1.387110e+01  2.500000e+00
     vertex -1.014813e+01  6.693823e+00  2.500000e+00
   endloop
 endfacet
 facet normal  0.000000e+00  0.000000e+00  1.000000e+00
   outer loop
     vertex -1.013243e+01  1.411855e+01  2.500000e+00
     vertex -1.014813e+01  6.693823e+00  2.500000e+00
     vertex -8.842191e+00  6.896583e+00  2.500000e+00
   endloop
 endfacet
 facet normal  0.000000e+00  0.000000e+00  1.000000e+00
   outer loop
     vertex  1.157786e+01 -6.430856e+00  2.500000e+00
     vertex  1.041766e+01 -6.647660e+00  2.500000e+00
     vertex  1.261431e+01 -1.360955e+01  2.500000e+00
   endloop
 endfacet
 facet normal  0.000000e+00  0.000000e+00  1.000000e+00
   outer loop
     vertex  1.157786e+01 -6.430856e+00  2.500000e+00
     vertex  1.261431e+01 -1.360955e+01  2.500000e+00
     vertex  1.379329e+01 -1.332052e+01  2.500000e+00
   endloop
 endfacet
 facet normal  0.000000e+00  0.000000e+00  1.000000e+00
   outer loop
     vertex -8.825518e+00  1.433623e+01  2.500000e+00
     vertex -1.013243e+01  1.411855e+01  2.500000e+00
     vertex -8.842191e+00  6.896583e+00  2.500000e+00
   endloop
 endfacet
 facet normal  0.000000e+00  0.000000e+00  1.000000e+00
   outer loop
     vertex -8.825518e+00  1.433623e+01  2.500000e+00
     vertex -8.842191e+00  6.896583e+00  2.500000e+00
     vertex -7.500000e+00  7.071068e+00  2.500000e+00
   endloop
 endfacet
 facet normal  0.000000e+00  0.000000e+00  1.000000e+00
   outer loop
     vertex  1.269760e+01 -6.191579e+00  2.500000e+00
     vertex  1.157786e+01 -6.430856e+00  2.500000e+00
     vertex  1.379329e+01 -1.332052e+01  2.500000e+00
   endloop
 endfacet
 facet normal  0.000000e+00  0.000000e+00  1.000000e+00
   outer loop
     vertex  1.269760e+01 -6.191579e+00  2.500000e+00
     vertex  1.379329e+01 -1.332052e+01  2.500000e+00
     vertex  1.494584e+01 -1.300598e+01  2.500000e+00
   endloop
 endfacet
 facet normal  0.000000e+00  0.000000e+00  1.000000e+00
   outer loop
     vertex -7.500000e+00  1.452369e+01  2.500000e+00
     vertex -8.825518e+00  1.433623e+01  2.500000e+00
     vertex -7.500000e+00  7.071068e+00  2.500000e+00
   endloop
 endfacet
 facet normal  0.000000e+00  0.000000e+00  1.000000e+00
   outer loop
     vertex  1.366754e+01 -5.957705e+00  2.500000e+00
     vertex  1.269760e+01 -6.191579e+00  2.500000e+00
     vertex  1.494584e+01 -1.300598e+01  2.500000e+00
   endloop
 endfacet
 facet normal  0.000000e+00  0.000000e+00  1.000000e+00
   outer loop
     vertex  1.366754e+01 -5.957705e+00  2.500000e+00
     vertex  1.494584e+01 -1.300598e+01  2.500000e+00
     vertex  1.606976e+01 -1.266652e+01  2.500000e+00
   endloop
 endfacet
 facet normal  0.000000e+00  0.000000e+00  1.000000e+00
   outer loop
     vertex  1.450749e+01 -5.732779e+00  2.500000e+00
     vertex  1.606976e+01 -1.266652e+01  2.500000e+00
     vertex  1.705503e+01 -1.234024e+01  2.500000e+00
   endloop
 endfacet
 facet normal  0.000000e+00  0.000000e+00  1.000000e+00
   outer loop
     vertex  1.450749e+01 -5.732779e+00  2.500000e+00
     vertex  1.366754e+01 -5.957705e+00  2.500000e+00
     vertex  1.606976e+01 -1.266652e+01  2.500000e+00
   endloop
 endfacet
 facet normal  0.000000e+00  0.000000e+00  1.000000e+00
   outer loop
     vertex  1.531416e+01 -5.494708e+00  2.500000e+00
     vertex  1.450749e+01 -5.732779e+00  2.500000e+00
     vertex  1.705503e+01 -1.234024e+01  2.500000e+00
   endloop
 endfacet
 facet normal  0.000000e+00  0.000000e+00  1.000000e+00
   outer loop
     vertex  1.531416e+01 -5.494708e+00  2.500000e+00
     vertex  1.705503e+01 -1.234024e+01  2.500000e+00
     vertex  1.791919e+01 -1.203020e+01  2.500000e+00
   endloop
 endfacet
 facet normal  0.000000e+00  0.000000e+00  1.000000e+00
   outer loop
     vertex  1.601020e+01 -5.269656e+00  2.500000e+00
     vertex  1.531416e+01 -5.494708e+00  2.500000e+00
     vertex  1.791919e+01 -1.203020e+01  2.500000e+00
   endloop
 endfacet
 facet normal  0.000000e+00  0.000000e+00  1.000000e+00
   outer loop
     vertex  1.601020e+01 -5.269656e+00  2.500000e+00
     vertex  1.791919e+01 -1.203020e+01  2.500000e+00
     vertex  1.876082e+01 -1.170504e+01  2.500000e+00
   endloop
 endfacet
 facet normal  0.000000e+00  0.000000e+00  1.000000e+00
   outer loop
     vertex  1.661124e+01 -5.058728e+00  2.500000e+00
     vertex  1.876082e+01 -1.170504e+01  2.500000e+00
     vertex  1.957887e+01 -1.136516e+01  2.500000e+00
   endloop
 endfacet
 facet normal  0.000000e+00  0.000000e+00  1.000000e+00
   outer loop
     vertex  1.661124e+01 -5.058728e+00  2.500000e+00
     vertex  1.601020e+01 -5.269656e+00  2.500000e+00
     vertex  1.876082e+01 -1.170504e+01  2.500000e+00
   endloop
 endfacet
 facet normal  0.000000e+00  0.000000e+00  1.000000e+00
   outer loop
     vertex  1.718730e+01 -4.840189e+00  2.500000e+00
     vertex  1.957887e+01 -1.136516e+01  2.500000e+00
     vertex  2.037231e+01 -1.101101e+01  2.500000e+00
   endloop
 endfacet
 facet normal  0.000000e+00  0.000000e+00  1.000000e+00
   outer loop
     vertex  1.718730e+01 -4.840189e+00  2.500000e+00
     vertex  1.661124e+01 -5.058728e+00  2.500000e+00
     vertex  1.957887e+01 -1.136516e+01  2.500000e+00
   endloop
 endfacet
 facet normal  0.000000e+00  0.000000e+00  1.000000e+00
   outer loop
     vertex  1.768366e+01 -4.637268e+00  2.500000e+00
     vertex  2.037231e+01 -1.101101e+01  2.500000e+00
     vertex  2.106454e+01 -1.068042e+01  2.500000e+00
   endloop
 endfacet
 facet normal  0.000000e+00  0.000000e+00  1.000000e+00
   outer loop
     vertex  1.768366e+01 -4.637268e+00  2.500000e+00
     vertex  1.718730e+01 -4.840189e+00  2.500000e+00
     vertex  2.037231e+01 -1.101101e+01  2.500000e+00
   endloop
 endfacet
 facet normal  0.000000e+00  0.000000e+00  1.000000e+00
   outer loop
     vertex  1.811197e+01 -4.449800e+00  2.500000e+00
     vertex  1.768366e+01 -4.637268e+00  2.500000e+00
     vertex  2.106454e+01 -1.068042e+01  2.500000e+00
   endloop
 endfacet
 facet normal  0.000000e+00  0.000000e+00  1.000000e+00
   outer loop
     vertex  1.852241e+01 -4.257939e+00  2.500000e+00
     vertex  2.106454e+01 -1.068042e+01  2.500000e+00
     vertex  2.166923e+01 -1.037358e+01  2.500000e+00
   endloop
 endfacet
 facet normal  0.000000e+00  0.000000e+00  1.000000e+00
   outer loop
     vertex  1.852241e+01 -4.257939e+00  2.500000e+00
     vertex  1.811197e+01 -4.449800e+00  2.500000e+00
     vertex  2.106454e+01 -1.068042e+01  2.500000e+00
   endloop
 endfacet
 facet normal  0.000000e+00  0.000000e+00  1.000000e+00
   outer loop
     vertex  1.891456e+01 -4.061875e+00  2.500000e+00
     vertex  2.166923e+01 -1.037358e+01  2.500000e+00
     vertex  2.225605e+01 -1.005818e+01  2.500000e+00
   endloop
 endfacet
 facet normal  0.000000e+00  0.000000e+00  1.000000e+00
   outer loop
     vertex  1.891456e+01 -4.061875e+00  2.500000e+00
     vertex  1.852241e+01 -4.257939e+00  2.500000e+00
     vertex  2.166923e+01 -1.037358e+01  2.500000e+00
   endloop
 endfacet
 facet normal  0.000000e+00  0.000000e+00  1.000000e+00
   outer loop
     vertex  1.925154e+01 -3.881983e+00  2.500000e+00
     vertex  2.225605e+01 -1.005818e+01  2.500000e+00
     vertex  2.282451e+01 -9.734496e+00  2.500000e+00
   endloop
 endfacet
 facet normal  0.000000e+00  0.000000e+00  1.000000e+00
   outer loop
     vertex  1.925154e+01 -3.881983e+00  2.500000e+00
     vertex  1.891456e+01 -4.061875e+00  2.500000e+00
     vertex  2.225605e+01 -1.005818e+01  2.500000e+00
   endloop
 endfacet
 facet normal  0.000000e+00  0.000000e+00  1.000000e+00
   outer loop
     vertex  1.954167e+01 -3.717423e+00  2.500000e+00
     vertex  2.282451e+01 -9.734496e+00  2.500000e+00
     vertex  2.337415e+01 -9.402779e+00  2.500000e+00
   endloop
 endfacet
 facet normal  0.000000e+00  0.000000e+00  1.000000e+00
   outer loop
     vertex  1.954167e+01 -3.717423e+00  2.500000e+00
     vertex  1.925154e+01 -3.881983e+00  2.500000e+00
     vertex  2.282451e+01 -9.734496e+00  2.500000e+00
   endloop
 endfacet
 facet normal  0.000000e+00  0.000000e+00  1.000000e+00
   outer loop
     vertex  1.981914e+01 -3.550454e+00  2.500000e+00
     vertex  1.954167e+01 -3.717423e+00  2.500000e+00
     vertex  2.337415e+01 -9.402779e+00  2.500000e+00
   endloop
 endfacet
 facet normal  0.000000e+00  0.000000e+00  1.000000e+00
   outer loop
     vertex  2.005790e+01 -3.398214e+00  2.500000e+00
     vertex  1.981914e+01 -3.550454e+00  2.500000e+00
     vertex  2.337415e+01 -9.402779e+00  2.500000e+00
   endloop
 endfacet
 facet normal  0.000000e+00  0.000000e+00  1.000000e+00
   outer loop
     vertex  2.005790e+01 -3.398214e+00  2.500000e+00
     vertex  2.337415e+01 -9.402779e+00  2.500000e+00
     vertex  2.390452e+01 -9.063307e+00  2.500000e+00
   endloop
 endfacet
 facet normal  0.000000e+00  0.000000e+00  1.000000e+00
   outer loop
     vertex  2.026378e+01 -3.259670e+00  2.500000e+00
     vertex  2.390452e+01 -9.063307e+00  2.500000e+00
     vertex  2.436500e+01 -8.751384e+00  2.500000e+00
   endloop
 endfacet
 facet normal  0.000000e+00  0.000000e+00  1.000000e+00
   outer loop
     vertex  2.026378e+01 -3.259670e+00  2.500000e+00
     vertex  2.005790e+01 -3.398214e+00  2.500000e+00
     vertex  2.390452e+01 -9.063307e+00  2.500000e+00
   endloop
 endfacet
 facet normal  0.000000e+00  0.000000e+00  1.000000e+00
   outer loop
     vertex  2.046106e+01 -3.119742e+00  2.500000e+00
     vertex  2.026378e+01 -3.259670e+00  2.500000e+00
     vertex  2.436500e+01 -8.751384e+00  2.500000e+00
   endloop
 endfacet
 facet normal  0.000000e+00  0.000000e+00  1.000000e+00
   outer loop
     vertex  2.046106e+01 -3.119742e+00  2.500000e+00
     vertex  2.436500e+01 -8.751384e+00  2.500000e+00
     vertex  2.476552e+01 -8.465648e+00  2.500000e+00
   endloop
 endfacet
 facet normal  0.000000e+00  0.000000e+00  1.000000e+00
   outer loop
     vertex  2.064964e+01 -2.978487e+00  2.500000e+00
     vertex  2.046106e+01 -3.119742e+00  2.500000e+00
     vertex  2.476552e+01 -8.465648e+00  2.500000e+00
   endloop
 endfacet
 facet normal  0.000000e+00  0.000000e+00  1.000000e+00
   outer loop
     vertex  2.081186e+01 -2.850274e+00  2.500000e+00
     vertex  2.064964e+01 -2.978487e+00  2.500000e+00
     vertex  2.476552e+01 -8.465648e+00  2.500000e+00
   endloop
 endfacet
 facet normal  0.000000e+00  0.000000e+00  1.000000e+00
   outer loop
     vertex  2.081186e+01 -2.850274e+00  2.500000e+00
     vertex  2.476552e+01 -8.465648e+00  2.500000e+00
     vertex  2.515265e+01 -8.175332e+00  2.500000e+00
   endloop
 endfacet
 facet normal  0.000000e+00  0.000000e+00  1.000000e+00
   outer loop
     vertex  2.095173e+01 -2.734043e+00  2.500000e+00
     vertex  2.081186e+01 -2.850274e+00  2.500000e+00
     vertex  2.515265e+01 -8.175332e+00  2.500000e+00
   endloop
 endfacet
 facet normal  0.000000e+00  0.000000e+00  1.000000e+00
   outer loop
     vertex  2.095173e+01 -2.734043e+00  2.500000e+00
     vertex  2.515265e+01 -8.175332e+00  2.500000e+00
     vertex  2.552616e+01 -7.880592e+00  2.500000e+00
   endloop
 endfacet
 facet normal  0.000000e+00  0.000000e+00  1.000000e+00
   outer loop
     vertex  2.108577e+01 -2.617049e+00  2.500000e+00
     vertex  2.095173e+01 -2.734043e+00  2.500000e+00
     vertex  2.552616e+01 -7.880592e+00  2.500000e+00
   endloop
 endfacet
 facet normal  0.000000e+00  0.000000e+00  1.000000e+00
   outer loop
     vertex  2.121392e+01 -2.499325e+00  2.500000e+00
     vertex  2.108577e+01 -2.617049e+00  2.500000e+00
     vertex  2.552616e+01 -7.880592e+00  2.500000e+00
   endloop
 endfacet
 facet normal  0.000000e+00  0.000000e+00  1.000000e+00
   outer loop
     vertex  2.121392e+01 -2.499325e+00  2.500000e+00
     vertex  2.552616e+01 -7.880592e+00  2.500000e+00
     vertex  2.588587e+01 -7.581587e+00  2.500000e+00
   endloop
 endfacet
 facet normal  0.000000e+00  0.000000e+00  1.000000e+00
   outer loop
     vertex  2.133616e+01 -2.380904e+00  2.500000e+00
     vertex  2.121392e+01 -2.499325e+00  2.500000e+00
     vertex  2.588587e+01 -7.581587e+00  2.500000e+00
   endloop
 endfacet
 facet normal  0.000000e+00  0.000000e+00  1.000000e+00
   outer loop
     vertex  2.133616e+01 -2.380904e+00  2.500000e+00
     vertex  2.588587e+01 -7.581587e+00  2.500000e+00
     vertex  2.623156e+01 -7.278480e+00  2.500000e+00
   endloop
 endfacet
 facet normal  0.000000e+00  0.000000e+00  1.000000e+00
   outer loop
     vertex  2.144109e+01 -2.273757e+00  2.500000e+00
     vertex  2.133616e+01 -2.380904e+00  2.500000e+00
     vertex  2.623156e+01 -7.278480e+00  2.500000e+00
   endloop
 endfacet
 facet normal  0.000000e+00  0.000000e+00  1.000000e+00
   outer loop
     vertex  2.153138e+01 -2.176885e+00  2.500000e+00
     vertex  2.144109e+01 -2.273757e+00  2.500000e+00
     vertex  2.623156e+01 -7.278480e+00  2.500000e+00
   endloop
 endfacet
 facet normal  0.000000e+00  0.000000e+00  1.000000e+00
   outer loop
     vertex  2.653056e+01 -7.002312e+00  2.500000e+00
     vertex  2.153138e+01 -2.176885e+00  2.500000e+00
     vertex  2.623156e+01 -7.278480e+00  2.500000e+00
   endloop
 endfacet
 facet normal  0.000000e+00  0.000000e+00  1.000000e+00
   outer loop
     vertex  2.161774e+01 -2.079615e+00  2.500000e+00
     vertex  2.153138e+01 -2.176885e+00  2.500000e+00
     vertex  2.653056e+01 -7.002312e+00  2.500000e+00
   endloop
 endfacet
 facet normal  0.000000e+00  0.000000e+00  1.000000e+00
   outer loop
     vertex  2.678971e+01 -6.751133e+00  2.500000e+00
     vertex  2.170015e+01 -1.981964e+00  2.500000e+00
     vertex  2.161774e+01 -2.079615e+00  2.500000e+00
   endloop
 endfacet
 facet normal  0.000000e+00  0.000000e+00  1.000000e+00
   outer loop
     vertex  2.678971e+01 -6.751133e+00  2.500000e+00
     vertex  2.161774e+01 -2.079615e+00  2.500000e+00
     vertex  2.653056e+01 -7.002312e+00  2.500000e+00
   endloop
 endfacet
 facet normal  0.000000e+00  0.000000e+00  1.000000e+00
   outer loop
     vertex  2.703936e+01 -6.497557e+00  2.500000e+00
     vertex  2.177858e+01 -1.883951e+00  2.500000e+00
     vertex  2.170015e+01 -1.981964e+00  2.500000e+00
   endloop
 endfacet
 facet normal  0.000000e+00  0.000000e+00  1.000000e+00
   outer loop
     vertex  2.703936e+01 -6.497557e+00  2.500000e+00
     vertex  2.170015e+01 -1.981964e+00  2.500000e+00
     vertex  2.678971e+01 -6.751133e+00  2.500000e+00
   endloop
 endfacet
 facet normal  0.000000e+00  0.000000e+00  1.000000e+00
   outer loop
     vertex  2.727941e+01 -6.241674e+00  2.500000e+00
     vertex  2.185303e+01 -1.785593e+00  2.500000e+00
     vertex  2.177858e+01 -1.883951e+00  2.500000e+00
   endloop
 endfacet
 facet normal  0.000000e+00  0.000000e+00  1.000000e+00
   outer loop
     vertex  2.727941e+01 -6.241674e+00  2.500000e+00
     vertex  2.191662e+01 -1.696791e+00  2.500000e+00
     vertex  2.185303e+01 -1.785593e+00  2.500000e+00
   endloop
 endfacet
 facet normal  0.000000e+00  0.000000e+00  1.000000e+00
   outer loop
     vertex  2.727941e+01 -6.241674e+00  2.500000e+00
     vertex  2.177858e+01 -1.883951e+00  2.500000e+00
     vertex  2.703936e+01 -6.497557e+00  2.500000e+00
   endloop
 endfacet
 facet normal  0.000000e+00  0.000000e+00  1.000000e+00
   outer loop
     vertex  2.750977e+01 -5.983575e+00  2.500000e+00
     vertex  2.197107e+01 -1.616654e+00  2.500000e+00
     vertex  2.191662e+01 -1.696791e+00  2.500000e+00
   endloop
 endfacet
 facet normal  0.000000e+00  0.000000e+00  1.000000e+00
   outer loop
     vertex  2.750977e+01 -5.983575e+00  2.500000e+00
     vertex  2.191662e+01 -1.696791e+00  2.500000e+00
     vertex  2.727941e+01 -6.241674e+00  2.500000e+00
   endloop
 endfacet
 facet normal  0.000000e+00  0.000000e+00  1.000000e+00
   outer loop
     vertex  2.773036e+01 -5.723352e+00  2.500000e+00
     vertex  2.202288e+01 -1.536323e+00  2.500000e+00
     vertex  2.197107e+01 -1.616654e+00  2.500000e+00
   endloop
 endfacet
 facet normal  0.000000e+00  0.000000e+00  1.000000e+00
   outer loop
     vertex  2.773036e+01 -5.723352e+00  2.500000e+00
     vertex  2.197107e+01 -1.616654e+00  2.500000e+00
     vertex  2.750977e+01 -5.983575e+00  2.500000e+00
   endloop
 endfacet
 facet normal  0.000000e+00  0.000000e+00  1.000000e+00
   outer loop
     vertex  2.794111e+01 -5.461097e+00  2.500000e+00
     vertex  2.202288e+01 -1.536323e+00  2.500000e+00
     vertex  2.773036e+01 -5.723352e+00  2.500000e+00
   endloop
 endfacet
 facet normal  0.000000e+00  0.000000e+00  1.000000e+00
   outer loop
     vertex  2.794111e+01 -5.461097e+00  2.500000e+00
     vertex  2.207206e+01 -1.455807e+00  2.500000e+00
     vertex  2.202288e+01 -1.536323e+00  2.500000e+00
   endloop
 endfacet
 facet normal  0.000000e+00  0.000000e+00  1.000000e+00
   outer loop
     vertex  2.794111e+01 -5.461097e+00  2.500000e+00
     vertex  2.211858e+01 -1.375117e+00  2.500000e+00
     vertex  2.207206e+01 -1.455807e+00  2.500000e+00
   endloop
 endfacet
 facet normal  0.000000e+00  0.000000e+00  1.000000e+00
   outer loop
     vertex  8.117065e+00  1.444051e+01  2.500000e+00
     vertex  7.500000e+00  1.452369e+01  2.500000e+00
     vertex  7.500000e+00  7.071068e+00  2.500000e+00
   endloop
 endfacet
 facet normal  0.000000e+00  0.000000e+00  1.000000e+00
   outer loop
     vertex  2.814194e+01 -5.196903e+00  2.500000e+00
     vertex  2.211858e+01 -1.375117e+00  2.500000e+00
     vertex  2.794111e+01 -5.461097e+00  2.500000e+00
   endloop
 endfacet
 facet normal  0.000000e+00  0.000000e+00  1.000000e+00
   outer loop
     vertex  2.814194e+01 -5.196903e+00  2.500000e+00
     vertex  2.216245e+01 -1.294262e+00  2.500000e+00
     vertex  2.211858e+01 -1.375117e+00  2.500000e+00
   endloop
 endfacet
 facet normal  0.000000e+00  0.000000e+00  1.000000e+00
   outer loop
     vertex  8.730445e+00  1.435078e+01  2.500000e+00
     vertex  8.117065e+00  1.444051e+01  2.500000e+00
     vertex  7.500000e+00  7.071068e+00  2.500000e+00
   endloop
 endfacet
 facet normal  0.000000e+00  0.000000e+00  1.000000e+00
   outer loop
     vertex  8.730445e+00  1.435078e+01  2.500000e+00
     vertex  7.500000e+00  7.071068e+00  2.500000e+00
     vertex  8.183151e+00  6.986384e+00  2.500000e+00
   endloop
 endfacet
 facet normal  0.000000e+00  0.000000e+00  1.000000e+00
   outer loop
     vertex  2.831415e+01 -4.957549e+00  2.500000e+00
     vertex  2.216245e+01 -1.294262e+00  2.500000e+00
     vertex  2.814194e+01 -5.196903e+00  2.500000e+00
   endloop
 endfacet
 facet normal  0.000000e+00  0.000000e+00  1.000000e+00
   outer loop
     vertex  2.831415e+01 -4.957549e+00  2.500000e+00
     vertex  2.220365e+01 -1.213251e+00  2.500000e+00
     vertex  2.216245e+01 -1.294262e+00  2.500000e+00
   endloop
 endfacet
 facet normal  0.000000e+00  0.000000e+00  1.000000e+00
   outer loop
     vertex  2.846217e+01 -4.740908e+00  2.500000e+00
     vertex  2.224220e+01 -1.132095e+00  2.500000e+00
     vertex  2.220365e+01 -1.213251e+00  2.500000e+00
   endloop
 endfacet
 facet normal  0.000000e+00  0.000000e+00  1.000000e+00
   outer loop
     vertex  2.846217e+01 -4.740908e+00  2.500000e+00
     vertex  2.220365e+01 -1.213251e+00  2.500000e+00
     vertex  2.831415e+01 -4.957549e+00  2.500000e+00
   endloop
 endfacet
 facet normal  0.000000e+00  0.000000e+00  1.000000e+00
   outer loop
     vertex  9.585920e+00  1.421364e+01  2.500000e+00
     vertex  8.183151e+00  6.986384e+00  2.500000e+00
     vertex  8.857716e+00  6.894369e+00  2.500000e+00
   endloop
 endfacet
 facet normal  0.000000e+00  0.000000e+00  1.000000e+00
   outer loop
     vertex  9.585920e+00  1.421364e+01  2.500000e+00
     vertex  8.730445e+00  1.435078e+01  2.500000e+00
     vertex  8.183151e+00  6.986384e+00  2.500000e+00
   endloop
 endfacet
 facet normal  0.000000e+00  0.000000e+00  1.000000e+00
   outer loop
     vertex  2.860357e+01 -4.523164e+00  2.500000e+00
     vertex  2.224220e+01 -1.132095e+00  2.500000e+00
     vertex  2.846217e+01 -4.740908e+00  2.500000e+00
   endloop
 endfacet
 facet normal  0.000000e+00  0.000000e+00  1.000000e+00
   outer loop
     vertex  2.860357e+01 -4.523164e+00  2.500000e+00
     vertex  2.227460e+01 -1.058937e+00  2.500000e+00
     vertex  2.224220e+01 -1.132095e+00  2.500000e+00
   endloop
 endfacet
 facet normal  0.000000e+00  0.000000e+00  1.000000e+00
   outer loop
     vertex  2.873830e+01 -4.304366e+00  2.500000e+00
     vertex  2.230192e+01 -9.930078e-01  2.500000e+00
     vertex  2.227460e+01 -1.058937e+00  2.500000e+00
   endloop
 endfacet
 facet normal  0.000000e+00  0.000000e+00  1.000000e+00
   outer loop
     vertex  2.873830e+01 -4.304366e+00  2.500000e+00
     vertex  2.227460e+01 -1.058937e+00  2.500000e+00
     vertex  2.860357e+01 -4.523164e+00  2.500000e+00
   endloop
 endfacet
 facet normal  0.000000e+00  0.000000e+00  1.000000e+00
   outer loop
     vertex  1.043280e+01  1.406375e+01  2.500000e+00
     vertex  8.857716e+00  6.894369e+00  2.500000e+00
     vertex  9.743179e+00  6.760346e+00  2.500000e+00
   endloop
 endfacet
 facet normal  0.000000e+00  0.000000e+00  1.000000e+00
   outer loop
     vertex  1.043280e+01  1.406375e+01  2.500000e+00
     vertex  9.585920e+00  1.421364e+01  2.500000e+00
     vertex  8.857716e+00  6.894369e+00  2.500000e+00
   endloop
 endfacet
 facet normal  0.000000e+00  0.000000e+00  1.000000e+00
   outer loop
     vertex  2.886634e+01 -4.084565e+00  2.500000e+00
     vertex  2.232747e+01 -9.269999e-01  2.500000e+00
     vertex  2.230192e+01 -9.930078e-01  2.500000e+00
   endloop
 endfacet
 facet normal  0.000000e+00  0.000000e+00  1.000000e+00
   outer loop
     vertex  2.886634e+01 -4.084565e+00  2.500000e+00
     vertex  2.230192e+01 -9.930078e-01  2.500000e+00
     vertex  2.873830e+01 -4.304366e+00  2.500000e+00
   endloop
 endfacet
 facet normal  0.000000e+00  0.000000e+00  1.000000e+00
   outer loop
     vertex  2.898765e+01 -3.863813e+00  2.500000e+00
     vertex  2.235127e+01 -8.609191e-01  2.500000e+00
     vertex  2.232747e+01 -9.269999e-01  2.500000e+00
   endloop
 endfacet
 facet normal  0.000000e+00  0.000000e+00  1.000000e+00
   outer loop
     vertex  2.898765e+01 -3.863813e+00  2.500000e+00
     vertex  2.232747e+01 -9.269999e-01  2.500000e+00
     vertex  2.886634e+01 -4.084565e+00  2.500000e+00
   endloop
 endfacet
 facet normal  0.000000e+00  0.000000e+00  1.000000e+00
   outer loop
     vertex  1.127032e+01  1.390126e+01  2.500000e+00
     vertex  9.743179e+00  6.760346e+00  2.500000e+00
     vertex  1.061044e+01  6.613694e+00  2.500000e+00
   endloop
 endfacet
 facet normal  0.000000e+00  0.000000e+00  1.000000e+00
   outer loop
     vertex  1.127032e+01  1.390126e+01  2.500000e+00
     vertex  1.043280e+01  1.406375e+01  2.500000e+00
     vertex  9.743179e+00  6.760346e+00  2.500000e+00
   endloop
 endfacet
 facet normal  0.000000e+00  0.000000e+00  1.000000e+00
   outer loop
     vertex  2.910221e+01 -3.642161e+00  2.500000e+00
     vertex  2.237331e+01 -7.947705e-01  2.500000e+00
     vertex  2.235127e+01 -8.609191e-01  2.500000e+00
   endloop
 endfacet
 facet normal  0.000000e+00  0.000000e+00  1.000000e+00
   outer loop
     vertex  2.910221e+01 -3.642161e+00  2.500000e+00
     vertex  2.235127e+01 -8.609191e-01  2.500000e+00
     vertex  2.898765e+01 -3.863813e+00  2.500000e+00
   endloop
 endfacet
 facet normal  0.000000e+00  0.000000e+00  1.000000e+00
   outer loop
     vertex  2.920999e+01 -3.419660e+00  2.500000e+00
     vertex  2.239359e+01 -7.285592e-01  2.500000e+00
     vertex  2.237331e+01 -7.947705e-01  2.500000e+00
   endloop
 endfacet
 facet normal  0.000000e+00  0.000000e+00  1.000000e+00
   outer loop
     vertex  2.920999e+01 -3.419660e+00  2.500000e+00
     vertex  2.237331e+01 -7.947705e-01  2.500000e+00
     vertex  2.910221e+01 -3.642161e+00  2.500000e+00
   endloop
 endfacet
 facet normal  0.000000e+00  0.000000e+00  1.000000e+00
   outer loop
     vertex  1.209774e+01  1.372630e+01  2.500000e+00
     vertex  1.127032e+01  1.390126e+01  2.500000e+00
     vertex  1.061044e+01  6.613694e+00  2.500000e+00
   endloop
 endfacet
 facet normal  0.000000e+00  0.000000e+00  1.000000e+00
   outer loop
     vertex  2.931097e+01 -3.196363e+00  2.500000e+00
     vertex  2.241210e+01 -6.622906e-01  2.500000e+00
     vertex  2.239359e+01 -7.285592e-01  2.500000e+00
   endloop
 endfacet
 facet normal  0.000000e+00  0.000000e+00  1.000000e+00
   outer loop
     vertex  2.931097e+01 -3.196363e+00  2.500000e+00
     vertex  2.239359e+01 -7.285592e-01  2.500000e+00
     vertex  2.920999e+01 -3.419660e+00  2.500000e+00
   endloop
 endfacet
 facet normal  0.000000e+00  0.000000e+00  1.000000e+00
   outer loop
     vertex  2.940512e+01 -2.972321e+00  2.500000e+00
     vertex  2.242885e+01 -5.959699e-01  2.500000e+00
     vertex  2.241210e+01 -6.622906e-01  2.500000e+00
   endloop
 endfacet
 facet normal  0.000000e+00  0.000000e+00  1.000000e+00
   outer loop
     vertex  2.940512e+01 -2.972321e+00  2.500000e+00
     vertex  2.241210e+01 -6.622906e-01  2.500000e+00
     vertex  2.931097e+01 -3.196363e+00  2.500000e+00
   endloop
 endfacet
 facet normal  0.000000e+00  0.000000e+00  1.000000e+00
   outer loop
     vertex  1.291431e+01  1.353902e+01  2.500000e+00
     vertex  1.061044e+01  6.613694e+00  2.500000e+00
     vertex  1.145788e+01  6.454688e+00  2.500000e+00
   endloop
 endfacet
 facet normal  0.000000e+00  0.000000e+00  1.000000e+00
   outer loop
     vertex  1.291431e+01  1.353902e+01  2.500000e+00
     vertex  1.209774e+01  1.372630e+01  2.500000e+00
     vertex  1.061044e+01  6.613694e+00  2.500000e+00
   endloop
 endfacet
 facet normal  0.000000e+00  0.000000e+00  1.000000e+00
   outer loop
     vertex  2.948400e+01 -2.770090e+00  2.500000e+00
     vertex  2.242885e+01 -5.959699e-01  2.500000e+00
     vertex  2.940512e+01 -2.972321e+00  2.500000e+00
   endloop
 endfacet
 facet normal  0.000000e+00  0.000000e+00  1.000000e+00
   outer loop
     vertex  2.955024e+01 -2.587634e+00  2.500000e+00
     vertex  2.244383e+01 -5.296022e-01  2.500000e+00
     vertex  2.242885e+01 -5.959699e-01  2.500000e+00
   endloop
 endfacet
 facet normal  0.000000e+00  0.000000e+00  1.000000e+00
   outer loop
     vertex  2.955024e+01 -2.587634e+00  2.500000e+00
     vertex  2.242885e+01 -5.959699e-01  2.500000e+00
     vertex  2.948400e+01 -2.770090e+00  2.500000e+00
   endloop
 endfacet
 facet normal  0.000000e+00  0.000000e+00  1.000000e+00
   outer loop
     vertex  1.371929e+01  1.333961e+01  2.500000e+00
     vertex  1.145788e+01  6.454688e+00  2.500000e+00
     vertex  1.228392e+01  6.283624e+00  2.500000e+00
   endloop
 endfacet
 facet normal  0.000000e+00  0.000000e+00  1.000000e+00
   outer loop
     vertex  1.371929e+01  1.333961e+01  2.500000e+00
     vertex  1.291431e+01  1.353902e+01  2.500000e+00
     vertex  1.145788e+01  6.454688e+00  2.500000e+00
   endloop
 endfacet
 facet normal  0.000000e+00  0.000000e+00  1.000000e+00
   outer loop
     vertex  2.961196e+01 -2.404783e+00  2.500000e+00
     vertex  2.245705e+01 -4.631928e-01  2.500000e+00
     vertex  2.244383e+01 -5.296022e-01  2.500000e+00
   endloop
 endfacet
 facet normal  0.000000e+00  0.000000e+00  1.000000e+00
   outer loop
     vertex  2.961196e+01 -2.404783e+00  2.500000e+00
     vertex  2.244383e+01 -5.296022e-01  2.500000e+00
     vertex  2.955024e+01 -2.587634e+00  2.500000e+00
   endloop
 endfacet
 facet normal  0.000000e+00  0.000000e+00  1.000000e+00
   outer loop
     vertex  2.966915e+01 -2.221564e+00  2.500000e+00
     vertex  2.245705e+01 -4.631928e-01  2.500000e+00
     vertex  2.961196e+01 -2.404783e+00  2.500000e+00
   endloop
 endfacet
 facet normal  0.000000e+00  0.000000e+00  1.000000e+00
   outer loop
     vertex  1.451198e+01  1.312824e+01  2.500000e+00
     vertex  1.228392e+01  6.283624e+00  2.500000e+00
     vertex  1.308701e+01  6.100821e+00  2.500000e+00
   endloop
 endfacet
 facet normal  0.000000e+00  0.000000e+00  1.000000e+00
   outer loop
     vertex  1.451198e+01  1.312824e+01  2.500000e+00
     vertex  1.371929e+01  1.333961e+01  2.500000e+00
     vertex  1.228392e+01  6.283624e+00  2.500000e+00
   endloop
 endfacet
 facet normal  0.000000e+00  0.000000e+00  1.000000e+00
   outer loop
     vertex  2.972181e+01 -2.038006e+00  2.500000e+00
     vertex  2.246850e+01 -3.967470e-01  2.500000e+00
     vertex  2.245705e+01 -4.631928e-01  2.500000e+00
   endloop
 endfacet
 facet normal  0.000000e+00  0.000000e+00  1.000000e+00
   outer loop
     vertex  2.972181e+01 -2.038006e+00  2.500000e+00
     vertex  2.245705e+01 -4.631928e-01  2.500000e+00
     vertex  2.966915e+01 -2.221564e+00  2.500000e+00
   endloop
 endfacet
 facet normal  0.000000e+00  0.000000e+00  1.000000e+00
   outer loop
     vertex  2.976993e+01 -1.854136e+00  2.500000e+00
     vertex  2.246850e+01 -3.967470e-01  2.500000e+00
     vertex  2.972181e+01 -2.038006e+00  2.500000e+00
   endloop
 endfacet
 facet normal  0.000000e+00  0.000000e+00  1.000000e+00
   outer loop
     vertex  2.981350e+01 -1.669983e+00  2.500000e+00
     vertex  2.247817e+01 -3.302698e-01  2.500000e+00
     vertex  2.246850e+01 -3.967470e-01  2.500000e+00
   endloop
 endfacet
 facet normal  0.000000e+00  0.000000e+00  1.000000e+00
   outer loop
     vertex  2.981350e+01 -1.669983e+00  2.500000e+00
     vertex  2.246850e+01 -3.967470e-01  2.500000e+00
     vertex  2.976993e+01 -1.854136e+00  2.500000e+00
   endloop
 endfacet
 facet normal  0.000000e+00  0.000000e+00  1.000000e+00
   outer loop
     vertex  1.529165e+01  1.290509e+01  2.500000e+00
     vertex  1.308701e+01  6.100821e+00  2.500000e+00
     vertex  1.386565e+01  5.906623e+00  2.500000e+00
   endloop
 endfacet
 facet normal  0.000000e+00  0.000000e+00  1.000000e+00
   outer loop
     vertex  1.529165e+01  1.290509e+01  2.500000e+00
     vertex  1.451198e+01  1.312824e+01  2.500000e+00
     vertex  1.308701e+01  6.100821e+00  2.500000e+00
   endloop
 endfacet
 facet normal  0.000000e+00  0.000000e+00  1.000000e+00
   outer loop
     vertex  2.985251e+01 -1.485574e+00  2.500000e+00
     vertex  2.248608e+01 -2.637667e-01  2.500000e+00
     vertex  2.247817e+01 -3.302698e-01  2.500000e+00
   endloop
 endfacet
 facet normal  0.000000e+00  0.000000e+00  1.000000e+00
   outer loop
     vertex  2.985251e+01 -1.485574e+00  2.500000e+00
     vertex  2.247817e+01 -3.302698e-01  2.500000e+00
     vertex  2.981350e+01 -1.669983e+00  2.500000e+00
   endloop
 endfacet
 facet normal  0.000000e+00  0.000000e+00  1.000000e+00
   outer loop
     vertex  2.988696e+01 -1.300939e+00  2.500000e+00
     vertex  2.248608e+01 -2.637667e-01  2.500000e+00
     vertex  2.985251e+01 -1.485574e+00  2.500000e+00
   endloop
 endfacet
 facet normal  0.000000e+00  0.000000e+00  1.000000e+00
   outer loop
     vertex  1.605761e+01  1.267037e+01  2.500000e+00
     vertex  1.529165e+01  1.290509e+01  2.500000e+00
     vertex  1.386565e+01  5.906623e+00  2.500000e+00
   endloop
 endfacet
 facet normal  0.000000e+00  0.000000e+00  1.000000e+00
   outer loop
     vertex  1.605761e+01  1.267037e+01  2.500000e+00
     vertex  1.386565e+01  5.906623e+00  2.500000e+00
     vertex  1.453608e+01  5.724726e+00  2.500000e+00
   endloop
 endfacet
 facet normal  0.000000e+00  0.000000e+00  1.000000e+00
   outer loop
     vertex  2.991684e+01 -1.116104e+00  2.500000e+00
     vertex  2.249222e+01 -1.972428e-01  2.500000e+00
     vertex  2.248608e+01 -2.637667e-01  2.500000e+00
   endloop
 endfacet
 facet normal  0.000000e+00  0.000000e+00  1.000000e+00
   outer loop
     vertex  2.991684e+01 -1.116104e+00  2.500000e+00
     vertex  2.248608e+01 -2.637667e-01  2.500000e+00
     vertex  2.988696e+01 -1.300939e+00  2.500000e+00
   endloop
 endfacet
 facet normal  0.000000e+00  0.000000e+00  1.000000e+00
   outer loop
     vertex  2.994215e+01 -9.310993e-01  2.500000e+00
     vertex  2.249222e+01 -1.972428e-01  2.500000e+00
     vertex  2.991684e+01 -1.116104e+00  2.500000e+00
   endloop
 endfacet
 facet normal  0.000000e+00  0.000000e+00  1.000000e+00
   outer loop
     vertex  2.996288e+01 -7.459521e-01  2.500000e+00
     vertex  2.249658e+01 -1.307034e-01  2.500000e+00
     vertex  2.249222e+01 -1.972428e-01  2.500000e+00
   endloop
 endfacet
 facet normal  0.000000e+00  0.000000e+00  1.000000e+00
   outer loop
     vertex  2.996288e+01 -7.459521e-01  2.500000e+00
     vertex  2.249222e+01 -1.972428e-01  2.500000e+00
     vertex  2.994215e+01 -9.310993e-01  2.500000e+00
   endloop
 endfacet
 facet normal  0.000000e+00  0.000000e+00  1.000000e+00
   outer loop
     vertex  1.680917e+01  1.242429e+01  2.500000e+00
     vertex  1.605761e+01  1.267037e+01  2.500000e+00
     vertex  1.453608e+01  5.724726e+00  2.500000e+00
   endloop
 endfacet
 facet normal  0.000000e+00  0.000000e+00  1.000000e+00
   outer loop
     vertex  1.680917e+01  1.242429e+01  2.500000e+00
     vertex  1.453608e+01  5.724726e+00  2.500000e+00
     vertex  1.502487e+01  5.582744e+00  2.500000e+00
   endloop
 endfacet
 facet normal  0.000000e+00  0.000000e+00  1.000000e+00
   outer loop
     vertex  2.997903e+01 -5.606909e-01  2.500000e+00
     vertex  2.249658e+01 -1.307034e-01  2.500000e+00
     vertex  2.996288e+01 -7.459521e-01  2.500000e+00
   endloop
 endfacet
 facet normal  0.000000e+00  0.000000e+00  1.000000e+00
   outer loop
     vertex  2.997903e+01 -5.606909e-01  2.500000e+00
     vertex  2.249915e+01 -6.535420e-02  2.500000e+00
     vertex  2.249658e+01 -1.307034e-01  2.500000e+00
   endloop
 endfacet
 facet normal  0.000000e+00  0.000000e+00  1.000000e+00
   outer loop
     vertex  2.999061e+01 -3.753440e-01  2.500000e+00
     vertex  2.249915e+01 -6.535420e-02  2.500000e+00
     vertex  2.997903e+01 -5.606909e-01  2.500000e+00
   endloop
 endfacet
 facet normal  0.000000e+00  0.000000e+00  1.000000e+00
   outer loop
     vertex  1.754565e+01  1.216707e+01  2.500000e+00
     vertex  1.680917e+01  1.242429e+01  2.500000e+00
     vertex  1.502487e+01  5.582744e+00  2.500000e+00
   endloop
 endfacet
 facet normal  0.000000e+00  0.000000e+00  1.000000e+00
   outer loop
     vertex  1.754565e+01  1.216707e+01  2.500000e+00
     vertex  1.502487e+01  5.582744e+00  2.500000e+00
     vertex  1.550119e+01  5.436126e+00  2.500000e+00
   endloop
 endfacet
 facet normal  0.000000e+00  0.000000e+00  1.000000e+00
   outer loop
     vertex  2.999759e+01 -1.899397e-01  2.500000e+00
     vertex  2.250000e+01  0.000000e+00  2.500000e+00
     vertex  2.249915e+01 -6.535420e-02  2.500000e+00
   endloop
 endfacet
 facet normal  0.000000e+00  0.000000e+00  1.000000e+00
   outer loop
     vertex  2.999759e+01 -1.899397e-01  2.500000e+00
     vertex  2.249915e+01 -6.535420e-02  2.500000e+00
     vertex  2.999061e+01 -3.753440e-01  2.500000e+00
   endloop
 endfacet
 facet normal  0.000000e+00  0.000000e+00  1.000000e+00
   outer loop
     vertex  2.999940e+01 -9.497177e-02  2.500000e+00
     vertex  2.250000e+01  0.000000e+00  2.500000e+00
     vertex  2.999759e+01 -1.899397e-01  2.500000e+00
   endloop
 endfacet
 facet normal  0.000000e+00  0.000000e+00  1.000000e+00
   outer loop
     vertex  3.000000e+01  0.000000e+00  2.500000e+00
     vertex  2.250000e+01  0.000000e+00  2.500000e+00
     vertex  2.999940e+01 -9.497177e-02  2.500000e+00
   endloop
 endfacet
 facet normal  0.000000e+00  0.000000e+00  1.000000e+00
   outer loop
     vertex  1.826641e+01  1.189893e+01  2.500000e+00
     vertex  1.754565e+01  1.216707e+01  2.500000e+00
     vertex  1.550119e+01  5.436126e+00  2.500000e+00
   endloop
 endfacet
 facet normal  0.000000e+00  0.000000e+00  1.000000e+00
   outer loop
     vertex  1.826641e+01  1.189893e+01  2.500000e+00
     vertex  1.596463e+01  5.284994e+00  2.500000e+00
     vertex  1.641482e+01  5.129475e+00  2.500000e+00
   endloop
 endfacet
 facet normal  0.000000e+00  0.000000e+00  1.000000e+00
   outer loop
     vertex  1.826641e+01  1.189893e+01  2.500000e+00
     vertex  1.550119e+01  5.436126e+00  2.500000e+00
     vertex  1.596463e+01  5.284994e+00  2.500000e+00
   endloop
 endfacet
 facet normal  0.000000e+00  0.000000e+00  1.000000e+00
   outer loop
     vertex  2.999734e+01  1.996390e-01  2.500000e+00
     vertex  2.249918e+01  6.403534e-02  2.500000e+00
     vertex  2.250000e+01  0.000000e+00  2.500000e+00
   endloop
 endfacet
 facet normal  0.000000e+00  0.000000e+00  1.000000e+00
   outer loop
     vertex  2.999734e+01  1.996390e-01  2.500000e+00
     vertex  2.250000e+01  0.000000e+00  2.500000e+00
     vertex  3.000000e+01  0.000000e+00  2.500000e+00
   endloop
 endfacet
 facet normal  0.000000e+00  0.000000e+00  1.000000e+00
   outer loop
     vertex  2.998937e+01  3.992426e-01  2.500000e+00
     vertex  2.249918e+01  6.403534e-02  2.500000e+00
     vertex  2.999734e+01  1.996390e-01  2.500000e+00
   endloop
 endfacet
 facet normal  0.000000e+00  0.000000e+00  1.000000e+00
   outer loop
     vertex  2.998937e+01  3.992426e-01  2.500000e+00
     vertex  2.249672e+01  1.280660e-01  2.500000e+00
     vertex  2.249918e+01  6.403534e-02  2.500000e+00
   endloop
 endfacet
 facet normal  0.000000e+00  0.000000e+00  1.000000e+00
   outer loop
     vertex  2.997609e+01  5.987755e-01  2.500000e+00
     vertex  2.249672e+01  1.280660e-01  2.500000e+00
     vertex  2.998937e+01  3.992426e-01  2.500000e+00
   endloop
 endfacet
 facet normal  0.000000e+00  0.000000e+00  1.000000e+00
   outer loop
     vertex  1.897078e+01  1.162013e+01  2.500000e+00
     vertex  1.826641e+01  1.189893e+01  2.500000e+00
     vertex  1.641482e+01  5.129475e+00  2.500000e+00
   endloop
 endfacet
 facet normal  0.000000e+00  0.000000e+00  1.000000e+00
   outer loop
     vertex  1.897078e+01  1.162013e+01  2.500000e+00
     vertex  1.641482e+01  5.129475e+00  2.500000e+00
     vertex  1.685138e+01  4.969696e+00  2.500000e+00
   endloop
 endfacet
 facet normal  0.000000e+00  0.000000e+00  1.000000e+00
   outer loop
     vertex  2.995749e+01  7.982023e-01  2.500000e+00
     vertex  2.249672e+01  1.280660e-01  2.500000e+00
     vertex  2.997609e+01  5.987755e-01  2.500000e+00
   endloop
 endfacet
 facet normal  0.000000e+00  0.000000e+00  1.000000e+00
   outer loop
     vertex  2.995749e+01  7.982023e-01  2.500000e+00
     vertex  2.249262e+01  1.920874e-01  2.500000e+00
     vertex  2.249672e+01  1.280660e-01  2.500000e+00
   endloop
 endfacet
 facet normal  0.000000e+00  0.000000e+00  1.000000e+00
   outer loop
     vertex  2.993359e+01  9.974877e-01  2.500000e+00
     vertex  2.249262e+01  1.920874e-01  2.500000e+00
     vertex  2.995749e+01  7.982023e-01  2.500000e+00
   endloop
 endfacet
 facet normal  0.000000e+00  0.000000e+00  1.000000e+00
   outer loop
     vertex  1.965814e+01  1.133090e+01  2.500000e+00
     vertex  1.685138e+01  4.969696e+00  2.500000e+00
     vertex  1.727395e+01  4.805790e+00  2.500000e+00
   endloop
 endfacet
 facet normal  0.000000e+00  0.000000e+00  1.000000e+00
   outer loop
     vertex  1.965814e+01  1.133090e+01  2.500000e+00
     vertex  1.897078e+01  1.162013e+01  2.500000e+00
     vertex  1.685138e+01  4.969696e+00  2.500000e+00
   endloop
 endfacet
 facet normal  0.000000e+00  0.000000e+00  1.000000e+00
   outer loop
     vertex  2.990439e+01  1.196596e+00  2.500000e+00
     vertex  2.249262e+01  1.920874e-01  2.500000e+00
     vertex  2.993359e+01  9.974877e-01  2.500000e+00
   endloop
 endfacet
 facet normal  0.000000e+00  0.000000e+00  1.000000e+00
   outer loop
     vertex  2.990439e+01  1.196596e+00  2.500000e+00
     vertex  2.248688e+01  2.560947e-01  2.500000e+00
     vertex  2.249262e+01  1.920874e-01  2.500000e+00
   endloop
 endfacet
 facet normal  0.000000e+00  0.000000e+00  1.000000e+00
   outer loop
     vertex  2.986989e+01  1.395493e+00  2.500000e+00
     vertex  2.248688e+01  2.560947e-01  2.500000e+00
     vertex  2.990439e+01  1.196596e+00  2.500000e+00
   endloop
 endfacet
 facet normal  0.000000e+00  0.000000e+00  1.000000e+00
   outer loop
     vertex  2.986989e+01  1.395493e+00  2.500000e+00
     vertex  2.247950e+01  3.200834e-01  2.500000e+00
     vertex  2.248688e+01  2.560947e-01  2.500000e+00
   endloop
 endfacet
 facet normal  0.000000e+00  0.000000e+00  1.000000e+00
   outer loop
     vertex  2.025434e+01  1.106528e+01  2.500000e+00
     vertex  1.727395e+01  4.805790e+00  2.500000e+00
     vertex  1.768218e+01  4.637894e+00  2.500000e+00
   endloop
 endfacet
 facet normal  0.000000e+00  0.000000e+00  1.000000e+00
   outer loop
     vertex  2.025434e+01  1.106528e+01  2.500000e+00
     vertex  1.965814e+01  1.133090e+01  2.500000e+00
     vertex  1.727395e+01  4.805790e+00  2.500000e+00
   endloop
 endfacet
 facet normal  0.000000e+00  0.000000e+00  1.000000e+00
   outer loop
     vertex  2.983010e+01  1.594143e+00  2.500000e+00
     vertex  2.247950e+01  3.200834e-01  2.500000e+00
     vertex  2.986989e+01  1.395493e+00  2.500000e+00
   endloop
 endfacet
 facet normal  0.000000e+00  0.000000e+00  1.000000e+00
   outer loop
     vertex  2.069210e+01  1.086090e+01  2.500000e+00
     vertex  1.768218e+01  4.637894e+00  2.500000e+00
     vertex  1.803273e+01  4.485417e+00  2.500000e+00
   endloop
 endfacet
 facet normal  0.000000e+00  0.000000e+00  1.000000e+00
   outer loop
     vertex  2.069210e+01  1.086090e+01  2.500000e+00
     vertex  2.025434e+01  1.106528e+01  2.500000e+00
     vertex  1.768218e+01  4.637894e+00  2.500000e+00
   endloop
 endfacet
 facet normal  0.000000e+00  0.000000e+00  1.000000e+00
   outer loop
     vertex  2.978502e+01  1.792510e+00  2.500000e+00
     vertex  2.247048e+01  3.840487e-01  2.500000e+00
     vertex  2.247950e+01  3.200834e-01  2.500000e+00
   endloop
 endfacet
 facet normal  0.000000e+00  0.000000e+00  1.000000e+00
   outer loop
     vertex  2.978502e+01  1.792510e+00  2.500000e+00
     vertex  2.247950e+01  3.200834e-01  2.500000e+00
     vertex  2.983010e+01  1.594143e+00  2.500000e+00
   endloop
 endfacet
 facet normal  0.000000e+00  0.000000e+00  1.000000e+00
   outer loop
     vertex  2.973467e+01  1.990560e+00  2.500000e+00
     vertex  2.247048e+01  3.840487e-01  2.500000e+00
     vertex  2.978502e+01  1.792510e+00  2.500000e+00
   endloop
 endfacet
 facet normal  0.000000e+00  0.000000e+00  1.000000e+00
   outer loop
     vertex  2.973467e+01  1.990560e+00  2.500000e+00
     vertex  2.245983e+01  4.479860e-01  2.500000e+00
     vertex  2.247048e+01  3.840487e-01  2.500000e+00
   endloop
 endfacet
 facet normal  0.000000e+00  0.000000e+00  1.000000e+00
   outer loop
     vertex  2.112162e+01  1.065220e+01  2.500000e+00
     vertex  2.069210e+01  1.086090e+01  2.500000e+00
     vertex  1.803273e+01  4.485417e+00  2.500000e+00
   endloop
 endfacet
 facet normal  0.000000e+00  0.000000e+00  1.000000e+00
   outer loop
     vertex  2.112162e+01  1.065220e+01  2.500000e+00
     vertex  1.803273e+01  4.485417e+00  2.500000e+00
     vertex  1.828789e+01  4.369121e+00  2.500000e+00
   endloop
 endfacet
 facet normal  0.000000e+00  0.000000e+00  1.000000e+00
   outer loop
     vertex  2.967905e+01  2.188257e+00  2.500000e+00
     vertex  2.245983e+01  4.479860e-01  2.500000e+00
     vertex  2.973467e+01  1.990560e+00  2.500000e+00
   endloop
 endfacet
 facet normal  0.000000e+00  0.000000e+00  1.000000e+00
   outer loop
     vertex  2.967905e+01  2.188257e+00  2.500000e+00
     vertex  2.244753e+01  5.118907e-01  2.500000e+00
     vertex  2.245983e+01  4.479860e-01  2.500000e+00
   endloop
 endfacet
 facet normal  0.000000e+00  0.000000e+00  1.000000e+00
   outer loop
     vertex  2.154271e+01  1.043925e+01  2.500000e+00
     vertex  1.828789e+01  4.369121e+00  2.500000e+00
     vertex  1.853631e+01  4.251214e+00  2.500000e+00
   endloop
 endfacet
 facet normal  0.000000e+00  0.000000e+00  1.000000e+00
   outer loop
     vertex  2.154271e+01  1.043925e+01  2.500000e+00
     vertex  2.112162e+01  1.065220e+01  2.500000e+00
     vertex  1.828789e+01  4.369121e+00  2.500000e+00
   endloop
 endfacet
 facet normal  0.000000e+00  0.000000e+00  1.000000e+00
   outer loop
     vertex  2.961818e+01  2.385566e+00  2.500000e+00
     vertex  2.244753e+01  5.118907e-01  2.500000e+00
     vertex  2.967905e+01  2.188257e+00  2.500000e+00
   endloop
 endfacet
 facet normal  0.000000e+00  0.000000e+00  1.000000e+00
   outer loop
     vertex  2.955205e+01  2.582453e+00  2.500000e+00
     vertex  2.244753e+01  5.118907e-01  2.500000e+00
     vertex  2.961818e+01  2.385566e+00  2.500000e+00
   endloop
 endfacet
 facet normal  0.000000e+00  0.000000e+00  1.000000e+00
   outer loop
     vertex  2.955205e+01  2.582453e+00  2.500000e+00
     vertex  2.243360e+01  5.757581e-01  2.500000e+00
     vertex  2.244753e+01  5.118907e-01  2.500000e+00
   endloop
 endfacet
 facet normal  0.000000e+00  0.000000e+00  1.000000e+00
   outer loop
     vertex  2.195522e+01  1.022214e+01  2.500000e+00
     vertex  2.154271e+01  1.043925e+01  2.500000e+00
     vertex  1.853631e+01  4.251214e+00  2.500000e+00
   endloop
 endfacet
 facet normal  0.000000e+00  0.000000e+00  1.000000e+00
   outer loop
     vertex  2.195522e+01  1.022214e+01  2.500000e+00
     vertex  1.877788e+01  4.131737e+00  2.500000e+00
     vertex  1.901252e+01  4.010736e+00  2.500000e+00
   endloop
 endfacet
 facet normal  0.000000e+00  0.000000e+00  1.000000e+00
   outer loop
     vertex  2.195522e+01  1.022214e+01  2.500000e+00
     vertex  1.853631e+01  4.251214e+00  2.500000e+00
     vertex  1.877788e+01  4.131737e+00  2.500000e+00
   endloop
 endfacet
 facet normal  0.000000e+00  0.000000e+00  1.000000e+00
   outer loop
     vertex  2.948069e+01  2.778882e+00  2.500000e+00
     vertex  2.243360e+01  5.757581e-01  2.500000e+00
     vertex  2.955205e+01  2.582453e+00  2.500000e+00
   endloop
 endfacet
 facet normal  0.000000e+00  0.000000e+00  1.000000e+00
   outer loop
     vertex  2.948069e+01  2.778882e+00  2.500000e+00
     vertex  2.241804e+01  6.395835e-01  2.500000e+00
     vertex  2.243360e+01  5.757581e-01  2.500000e+00
   endloop
 endfacet
 facet normal  0.000000e+00  0.000000e+00  1.000000e+00
   outer loop
     vertex  2.235897e+01  1.000095e+01  2.500000e+00
     vertex  1.901252e+01  4.010736e+00  2.500000e+00
     vertex  1.924015e+01  3.888255e+00  2.500000e+00
   endloop
 endfacet
 facet normal  0.000000e+00  0.000000e+00  1.000000e+00
   outer loop
     vertex  2.235897e+01  1.000095e+01  2.500000e+00
     vertex  2.195522e+01  1.022214e+01  2.500000e+00
     vertex  1.901252e+01  4.010736e+00  2.500000e+00
   endloop
 endfacet
 facet normal  0.000000e+00  0.000000e+00  1.000000e+00
   outer loop
     vertex  2.940411e+01  2.974819e+00  2.500000e+00
     vertex  2.241804e+01  6.395835e-01  2.500000e+00
     vertex  2.948069e+01  2.778882e+00  2.500000e+00
   endloop
 endfacet
 facet normal  0.000000e+00  0.000000e+00  1.000000e+00
   outer loop
     vertex  2.940411e+01  2.974819e+00  2.500000e+00
     vertex  2.240084e+01  7.033622e-01  2.500000e+00
     vertex  2.241804e+01  6.395835e-01  2.500000e+00
   endloop
 endfacet
 facet normal  0.000000e+00  0.000000e+00  1.000000e+00
   outer loop
     vertex  2.932232e+01  3.170229e+00  2.500000e+00
     vertex  2.240084e+01  7.033622e-01  2.500000e+00
     vertex  2.940411e+01  2.974819e+00  2.500000e+00
   endloop
 endfacet
 facet normal  0.000000e+00  0.000000e+00  1.000000e+00
   outer loop
     vertex  2.275382e+01  9.775782e+00  2.500000e+00
     vertex  2.235897e+01  1.000095e+01  2.500000e+00
     vertex  1.924015e+01  3.888255e+00  2.500000e+00
   endloop
 endfacet
 facet normal  0.000000e+00  0.000000e+00  1.000000e+00
   outer loop
     vertex  2.275382e+01  9.775782e+00  2.500000e+00
     vertex  1.924015e+01  3.888255e+00  2.500000e+00
     vertex  1.946067e+01  3.764338e+00  2.500000e+00
   endloop
 endfacet
 facet normal  0.000000e+00  0.000000e+00  1.000000e+00
   outer loop
     vertex  2.923534e+01  3.365078e+00  2.500000e+00
     vertex  2.240084e+01  7.033622e-01  2.500000e+00
     vertex  2.932232e+01  3.170229e+00  2.500000e+00
   endloop
 endfacet
 facet normal  0.000000e+00  0.000000e+00  1.000000e+00
   outer loop
     vertex  2.923534e+01  3.365078e+00  2.500000e+00
     vertex  2.238201e+01  7.670897e-01  2.500000e+00
     vertex  2.240084e+01  7.033622e-01  2.500000e+00
   endloop
 endfacet
 facet normal  0.000000e+00  0.000000e+00  1.000000e+00
   outer loop
     vertex  2.313960e+01  9.546715e+00  2.500000e+00
     vertex  1.946067e+01  3.764338e+00  2.500000e+00
     vertex  1.967402e+01  3.639033e+00  2.500000e+00
   endloop
 endfacet
 facet normal  0.000000e+00  0.000000e+00  1.000000e+00
   outer loop
     vertex  2.313960e+01  9.546715e+00  2.500000e+00
     vertex  2.275382e+01  9.775782e+00  2.500000e+00
     vertex  1.946067e+01  3.764338e+00  2.500000e+00
   endloop
 endfacet
 facet normal  0.000000e+00  0.000000e+00  1.000000e+00
   outer loop
     vertex  2.914318e+01  3.559330e+00  2.500000e+00
     vertex  2.238201e+01  7.670897e-01  2.500000e+00
     vertex  2.923534e+01  3.365078e+00  2.500000e+00
   endloop
 endfacet
 facet normal  0.000000e+00  0.000000e+00  1.000000e+00
   outer loop
     vertex  2.914318e+01  3.559330e+00  2.500000e+00
     vertex  2.236154e+01  8.307613e-01  2.500000e+00
     vertex  2.238201e+01  7.670897e-01  2.500000e+00
   endloop
 endfacet
 facet normal  0.000000e+00  0.000000e+00  1.000000e+00
   outer loop
     vertex  2.904585e+01  3.752952e+00  2.500000e+00
     vertex  2.236154e+01  8.307613e-01  2.500000e+00
     vertex  2.914318e+01  3.559330e+00  2.500000e+00
   endloop
 endfacet
 facet normal  0.000000e+00  0.000000e+00  1.000000e+00
   outer loop
     vertex  2.904585e+01  3.752952e+00  2.500000e+00
     vertex  2.233945e+01  8.943723e-01  2.500000e+00
     vertex  2.236154e+01  8.307613e-01  2.500000e+00
   endloop
 endfacet
 facet normal  0.000000e+00  0.000000e+00  1.000000e+00
   outer loop
     vertex  2.351615e+01  9.313843e+00  2.500000e+00
     vertex  1.988010e+01  3.512384e+00  2.500000e+00
     vertex  2.007885e+01  3.384440e+00  2.500000e+00
   endloop
 endfacet
 facet normal  0.000000e+00  0.000000e+00  1.000000e+00
   outer loop
     vertex  2.351615e+01  9.313843e+00  2.500000e+00
     vertex  1.967402e+01  3.639033e+00  2.500000e+00
     vertex  1.988010e+01  3.512384e+00  2.500000e+00
   endloop
 endfacet
 facet normal  0.000000e+00  0.000000e+00  1.000000e+00
   outer loop
     vertex  2.351615e+01  9.313843e+00  2.500000e+00
     vertex  2.313960e+01  9.546715e+00  2.500000e+00
     vertex  1.967402e+01  3.639033e+00  2.500000e+00
   endloop
 endfacet
 facet normal  0.000000e+00  0.000000e+00  1.000000e+00
   outer loop
     vertex  2.894338e+01  3.945909e+00  2.500000e+00
     vertex  2.233945e+01  8.943723e-01  2.500000e+00
     vertex  2.904585e+01  3.752952e+00  2.500000e+00
   endloop
 endfacet
 facet normal  0.000000e+00  0.000000e+00  1.000000e+00
   outer loop
     vertex  2.894338e+01  3.945909e+00  2.500000e+00
     vertex  2.231572e+01  9.579181e-01  2.500000e+00
     vertex  2.233945e+01  8.943723e-01  2.500000e+00
   endloop
 endfacet
 facet normal  0.000000e+00  0.000000e+00  1.000000e+00
   outer loop
     vertex  2.388333e+01  9.077258e+00  2.500000e+00
     vertex  2.351615e+01  9.313843e+00  2.500000e+00
     vertex  2.007885e+01  3.384440e+00  2.500000e+00
   endloop
 endfacet
 facet normal  0.000000e+00  0.000000e+00  1.000000e+00
   outer loop
     vertex  2.388333e+01  9.077258e+00  2.500000e+00
     vertex  2.007885e+01  3.384440e+00  2.500000e+00
     vertex  2.024929e+01  3.269661e+00  2.500000e+00
   endloop
 endfacet
 facet normal  0.000000e+00  0.000000e+00  1.000000e+00
   outer loop
     vertex  2.883578e+01  4.138167e+00  2.500000e+00
     vertex  2.231572e+01  9.579181e-01  2.500000e+00
     vertex  2.894338e+01  3.945909e+00  2.500000e+00
   endloop
 endfacet
 facet normal  0.000000e+00  0.000000e+00  1.000000e+00
   outer loop
     vertex  2.883578e+01  4.138167e+00  2.500000e+00
     vertex  2.229037e+01  1.021394e+00  2.500000e+00
     vertex  2.231572e+01  9.579181e-01  2.500000e+00
   endloop
 endfacet
 facet normal  0.000000e+00  0.000000e+00  1.000000e+00
   outer loop
     vertex  2.872308e+01  4.329692e+00  2.500000e+00
     vertex  2.226340e+01  1.084796e+00  2.500000e+00
     vertex  2.229037e+01  1.021394e+00  2.500000e+00
   endloop
 endfacet
 facet normal  0.000000e+00  0.000000e+00  1.000000e+00
   outer loop
     vertex  2.872308e+01  4.329692e+00  2.500000e+00
     vertex  2.229037e+01  1.021394e+00  2.500000e+00
     vertex  2.883578e+01  4.138167e+00  2.500000e+00
   endloop
 endfacet
 facet normal  0.000000e+00  0.000000e+00  1.000000e+00
   outer loop
     vertex  2.424099e+01  8.837056e+00  2.500000e+00
     vertex  2.037325e+01  3.182949e+00  2.500000e+00
     vertex  2.049387e+01  3.095716e+00  2.500000e+00
   endloop
 endfacet
 facet normal  0.000000e+00  0.000000e+00  1.000000e+00
   outer loop
     vertex  2.424099e+01  8.837056e+00  2.500000e+00
     vertex  2.024929e+01  3.269661e+00  2.500000e+00
     vertex  2.037325e+01  3.182949e+00  2.500000e+00
   endloop
 endfacet
 facet normal  0.000000e+00  0.000000e+00  1.000000e+00
   outer loop
     vertex  2.424099e+01  8.837056e+00  2.500000e+00
     vertex  2.388333e+01  9.077258e+00  2.500000e+00
     vertex  2.024929e+01  3.269661e+00  2.500000e+00
   endloop
 endfacet
 facet normal  0.000000e+00  0.000000e+00  1.000000e+00
   outer loop
     vertex  2.860528e+01  4.520450e+00  2.500000e+00
     vertex  2.223480e+01  1.148118e+00  2.500000e+00
     vertex  2.226340e+01  1.084796e+00  2.500000e+00
   endloop
 endfacet
 facet normal  0.000000e+00  0.000000e+00  1.000000e+00
   outer loop
     vertex  2.860528e+01  4.520450e+00  2.500000e+00
     vertex  2.226340e+01  1.084796e+00  2.500000e+00
     vertex  2.872308e+01  4.329692e+00  2.500000e+00
   endloop
 endfacet
 facet normal  0.000000e+00  0.000000e+00  1.000000e+00
   outer loop
     vertex  2.458899e+01  8.593332e+00  2.500000e+00
     vertex  2.049387e+01  3.095716e+00  2.500000e+00
     vertex  2.061113e+01  3.007974e+00  2.500000e+00
   endloop
 endfacet
 facet normal  0.000000e+00  0.000000e+00  1.000000e+00
   outer loop
     vertex  2.458899e+01  8.593332e+00  2.500000e+00
     vertex  2.424099e+01  8.837056e+00  2.500000e+00
     vertex  2.049387e+01  3.095716e+00  2.500000e+00
   endloop
 endfacet
 facet normal  0.000000e+00  0.000000e+00  1.000000e+00
   outer loop
     vertex  2.848242e+01  4.710407e+00  2.500000e+00
     vertex  2.220458e+01  1.211357e+00  2.500000e+00
     vertex  2.223480e+01  1.148118e+00  2.500000e+00
   endloop
 endfacet
 facet normal  0.000000e+00  0.000000e+00  1.000000e+00
   outer loop
     vertex  2.848242e+01  4.710407e+00  2.500000e+00
     vertex  2.223480e+01  1.148118e+00  2.500000e+00
     vertex  2.860528e+01  4.520450e+00  2.500000e+00
   endloop
 endfacet
 facet normal  0.000000e+00  0.000000e+00  1.000000e+00
   outer loop
     vertex  2.835451e+01  4.899530e+00  2.500000e+00
     vertex  2.220458e+01  1.211357e+00  2.500000e+00
     vertex  2.848242e+01  4.710407e+00  2.500000e+00
   endloop
 endfacet
 facet normal  0.000000e+00  0.000000e+00  1.000000e+00
   outer loop
     vertex  2.835451e+01  4.899530e+00  2.500000e+00
     vertex  2.217275e+01  1.274507e+00  2.500000e+00
     vertex  2.220458e+01  1.211357e+00  2.500000e+00
   endloop
 endfacet
 facet normal  0.000000e+00  0.000000e+00  1.000000e+00
   outer loop
     vertex  2.492719e+01  8.346182e+00  2.500000e+00
     vertex  2.458899e+01  8.593332e+00  2.500000e+00
     vertex  2.061113e+01  3.007974e+00  2.500000e+00
   endloop
 endfacet
 facet normal  0.000000e+00  0.000000e+00  1.000000e+00
   outer loop
     vertex  2.492719e+01  8.346182e+00  2.500000e+00
     vertex  2.072501e+01  2.919740e+00  2.500000e+00
     vertex  2.083549e+01  2.831026e+00  2.500000e+00
   endloop
 endfacet
 facet normal  0.000000e+00  0.000000e+00  1.000000e+00
   outer loop
     vertex  2.492719e+01  8.346182e+00  2.500000e+00
     vertex  2.061113e+01  3.007974e+00  2.500000e+00
     vertex  2.072501e+01  2.919740e+00  2.500000e+00
   endloop
 endfacet
 facet normal  0.000000e+00  0.000000e+00  1.000000e+00
   outer loop
     vertex  2.822158e+01  5.087785e+00  2.500000e+00
     vertex  2.217275e+01  1.274507e+00  2.500000e+00
     vertex  2.835451e+01  4.899530e+00  2.500000e+00
   endloop
 endfacet
 facet normal  0.000000e+00  0.000000e+00  1.000000e+00
   outer loop
     vertex  2.822158e+01  5.087785e+00  2.500000e+00
     vertex  2.213929e+01  1.337565e+00  2.500000e+00
     vertex  2.217275e+01  1.274507e+00  2.500000e+00
   endloop
 endfacet
 facet normal  0.000000e+00  0.000000e+00  1.000000e+00
   outer loop
     vertex  2.525546e+01  8.095706e+00  2.500000e+00
     vertex  2.492719e+01  8.346182e+00  2.500000e+00
     vertex  2.083549e+01  2.831026e+00  2.500000e+00
   endloop
 endfacet
 facet normal  0.000000e+00  0.000000e+00  1.000000e+00
   outer loop
     vertex  2.525546e+01  8.095706e+00  2.500000e+00
     vertex  2.094255e+01  2.741848e+00  2.500000e+00
     vertex  2.104618e+01  2.652220e+00  2.500000e+00
   endloop
 endfacet
 facet normal  0.000000e+00  0.000000e+00  1.000000e+00
   outer loop
     vertex  2.525546e+01  8.095706e+00  2.500000e+00
     vertex  2.083549e+01  2.831026e+00  2.500000e+00
     vertex  2.094255e+01  2.741848e+00  2.500000e+00
   endloop
 endfacet
 facet normal  0.000000e+00  0.000000e+00  1.000000e+00
   outer loop
     vertex  2.808365e+01  5.275139e+00  2.500000e+00
     vertex  2.210423e+01  1.400525e+00  2.500000e+00
     vertex  2.213929e+01  1.337565e+00  2.500000e+00
   endloop
 endfacet
 facet normal  0.000000e+00  0.000000e+00  1.000000e+00
   outer loop
     vertex  2.808365e+01  5.275139e+00  2.500000e+00
     vertex  2.213929e+01  1.337565e+00  2.500000e+00
     vertex  2.822158e+01  5.087785e+00  2.500000e+00
   endloop
 endfacet
 facet normal  0.000000e+00  0.000000e+00  1.000000e+00
   outer loop
     vertex  2.794075e+01  5.461558e+00  2.500000e+00
     vertex  2.210423e+01  1.400525e+00  2.500000e+00
     vertex  2.808365e+01  5.275139e+00  2.500000e+00
   endloop
 endfacet
 facet normal  0.000000e+00  0.000000e+00  1.000000e+00
   outer loop
     vertex  2.794075e+01  5.461558e+00  2.500000e+00
     vertex  2.206755e+01  1.463383e+00  2.500000e+00
     vertex  2.210423e+01  1.400525e+00  2.500000e+00
   endloop
 endfacet
 facet normal  0.000000e+00  0.000000e+00  1.000000e+00
   outer loop
     vertex  2.557366e+01  7.842003e+00  2.500000e+00
     vertex  2.104618e+01  2.652220e+00  2.500000e+00
     vertex  2.114635e+01  2.562157e+00  2.500000e+00
   endloop
 endfacet
 facet normal  0.000000e+00  0.000000e+00  1.000000e+00
   outer loop
     vertex  2.557366e+01  7.842003e+00  2.500000e+00
     vertex  2.525546e+01  8.095706e+00  2.500000e+00
     vertex  2.104618e+01  2.652220e+00  2.500000e+00
   endloop
 endfacet
 facet normal  0.000000e+00  0.000000e+00  1.000000e+00
   outer loop
     vertex  2.779290e+01  5.647009e+00  2.500000e+00
     vertex  2.206755e+01  1.463383e+00  2.500000e+00
     vertex  2.794075e+01  5.461558e+00  2.500000e+00
   endloop
 endfacet
 facet normal  0.000000e+00  0.000000e+00  1.000000e+00
   outer loop
     vertex  2.779290e+01  5.647009e+00  2.500000e+00
     vertex  2.202926e+01  1.526134e+00  2.500000e+00
     vertex  2.206755e+01  1.463383e+00  2.500000e+00
   endloop
 endfacet
 facet normal  0.000000e+00  0.000000e+00  1.000000e+00
   outer loop
     vertex  2.779290e+01  5.647009e+00  2.500000e+00
     vertex  2.198937e+01  1.588774e+00  2.500000e+00
     vertex  2.202926e+01  1.526134e+00  2.500000e+00
   endloop
 endfacet
 facet normal  0.000000e+00  0.000000e+00  1.000000e+00
   outer loop
     vertex  2.584795e+01  7.613863e+00  2.500000e+00
     vertex  2.114635e+01  2.562157e+00  2.500000e+00
     vertex  2.124306e+01  2.471674e+00  2.500000e+00
   endloop
 endfacet
 facet normal  0.000000e+00  0.000000e+00  1.000000e+00
   outer loop
     vertex  2.584795e+01  7.613863e+00  2.500000e+00
     vertex  2.557366e+01  7.842003e+00  2.500000e+00
     vertex  2.114635e+01  2.562157e+00  2.500000e+00
   endloop
 endfacet
 facet normal  0.000000e+00  0.000000e+00  1.000000e+00
   outer loop
     vertex  2.764012e+01  5.831461e+00  2.500000e+00
     vertex  2.198937e+01  1.588774e+00  2.500000e+00
     vertex  2.779290e+01  5.647009e+00  2.500000e+00
   endloop
 endfacet
 facet normal  0.000000e+00  0.000000e+00  1.000000e+00
   outer loop
     vertex  2.764012e+01  5.831461e+00  2.500000e+00
     vertex  2.194787e+01  1.651298e+00  2.500000e+00
     vertex  2.198937e+01  1.588774e+00  2.500000e+00
   endloop
 endfacet
 facet normal  0.000000e+00  0.000000e+00  1.000000e+00
   outer loop
     vertex  2.604833e+01  7.441180e+00  2.500000e+00
     vertex  2.124306e+01  2.471674e+00  2.500000e+00
     vertex  2.133628e+01  2.380786e+00  2.500000e+00
   endloop
 endfacet
 facet normal  0.000000e+00  0.000000e+00  1.000000e+00
   outer loop
     vertex  2.604833e+01  7.441180e+00  2.500000e+00
     vertex  2.584795e+01  7.613863e+00  2.500000e+00
     vertex  2.124306e+01  2.471674e+00  2.500000e+00
   endloop
 endfacet
 facet normal  0.000000e+00  0.000000e+00  1.000000e+00
   outer loop
     vertex  2.748245e+01  6.014879e+00  2.500000e+00
     vertex  2.194787e+01  1.651298e+00  2.500000e+00
     vertex  2.764012e+01  5.831461e+00  2.500000e+00
   endloop
 endfacet
 facet normal  0.000000e+00  0.000000e+00  1.000000e+00
   outer loop
     vertex  2.748245e+01  6.014879e+00  2.500000e+00
     vertex  2.190477e+01  1.713702e+00  2.500000e+00
     vertex  2.194787e+01  1.651298e+00  2.500000e+00
   endloop
 endfacet
 facet normal  0.000000e+00  0.000000e+00  1.000000e+00
   outer loop
     vertex  2.624409e+01  7.267178e+00  2.500000e+00
     vertex  2.142600e+01  2.289507e+00  2.500000e+00
     vertex  2.150280e+01  2.208055e+00  2.500000e+00
   endloop
 endfacet
 facet normal  0.000000e+00  0.000000e+00  1.000000e+00
   outer loop
     vertex  2.624409e+01  7.267178e+00  2.500000e+00
     vertex  2.133628e+01  2.380786e+00  2.500000e+00
     vertex  2.142600e+01  2.289507e+00  2.500000e+00
   endloop
 endfacet
 facet normal  0.000000e+00  0.000000e+00  1.000000e+00
   outer loop
     vertex  2.624409e+01  7.267178e+00  2.500000e+00
     vertex  2.604833e+01  7.441180e+00  2.500000e+00
     vertex  2.133628e+01  2.380786e+00  2.500000e+00
   endloop
 endfacet
 facet normal  0.000000e+00  0.000000e+00  1.000000e+00
   outer loop
     vertex  2.731991e+01  6.197232e+00  2.500000e+00
     vertex  2.186008e+01  1.775981e+00  2.500000e+00
     vertex  2.190477e+01  1.713702e+00  2.500000e+00
   endloop
 endfacet
 facet normal  0.000000e+00  0.000000e+00  1.000000e+00
   outer loop
     vertex  2.731991e+01  6.197232e+00  2.500000e+00
     vertex  2.190477e+01  1.713702e+00  2.500000e+00
     vertex  2.748245e+01  6.014879e+00  2.500000e+00
   endloop
 endfacet
 facet normal  0.000000e+00  0.000000e+00  1.000000e+00
   outer loop
     vertex  2.643521e+01  7.091890e+00  2.500000e+00
     vertex  2.150280e+01  2.208055e+00  2.500000e+00
     vertex  2.155857e+01  2.146777e+00  2.500000e+00
   endloop
 endfacet
 facet normal  0.000000e+00  0.000000e+00  1.000000e+00
   outer loop
     vertex  2.643521e+01  7.091890e+00  2.500000e+00
     vertex  2.624409e+01  7.267178e+00  2.500000e+00
     vertex  2.150280e+01  2.208055e+00  2.500000e+00
   endloop
 endfacet
 facet normal  0.000000e+00  0.000000e+00  1.000000e+00
   outer loop
     vertex  2.715252e+01  6.378487e+00  2.500000e+00
     vertex  2.181379e+01  1.838130e+00  2.500000e+00
     vertex  2.186008e+01  1.775981e+00  2.500000e+00
   endloop
 endfacet
 facet normal  0.000000e+00  0.000000e+00  1.000000e+00
   outer loop
     vertex  2.715252e+01  6.378487e+00  2.500000e+00
     vertex  2.176591e+01  1.900145e+00  2.500000e+00
     vertex  2.181379e+01  1.838130e+00  2.500000e+00
   endloop
 endfacet
 facet normal  0.000000e+00  0.000000e+00  1.000000e+00
   outer loop
     vertex  2.715252e+01  6.378487e+00  2.500000e+00
     vertex  2.186008e+01  1.775981e+00  2.500000e+00
     vertex  2.731991e+01  6.197232e+00  2.500000e+00
   endloop
 endfacet
 facet normal  0.000000e+00  0.000000e+00  1.000000e+00
   outer loop
     vertex  2.662165e+01  6.915345e+00  2.500000e+00
     vertex  2.155857e+01  2.146777e+00  2.500000e+00
     vertex  2.161278e+01  2.085342e+00  2.500000e+00
   endloop
 endfacet
 facet normal  0.000000e+00  0.000000e+00  1.000000e+00
   outer loop
     vertex  2.662165e+01  6.915345e+00  2.500000e+00
     vertex  2.643521e+01  7.091890e+00  2.500000e+00
     vertex  2.155857e+01  2.146777e+00  2.500000e+00
   endloop
 endfacet
 facet normal  0.000000e+00  0.000000e+00  1.000000e+00
   outer loop
     vertex  2.698033e+01  6.558612e+00  2.500000e+00
     vertex  2.171645e+01  1.962022e+00  2.500000e+00
     vertex  2.176591e+01  1.900145e+00  2.500000e+00
   endloop
 endfacet
 facet normal  0.000000e+00  0.000000e+00  1.000000e+00
   outer loop
     vertex  2.698033e+01  6.558612e+00  2.500000e+00
     vertex  2.176591e+01  1.900145e+00  2.500000e+00
     vertex  2.715252e+01  6.378487e+00  2.500000e+00
   endloop
 endfacet
 facet normal  0.000000e+00  0.000000e+00  1.000000e+00
   outer loop
     vertex  2.680336e+01  6.737575e+00  2.500000e+00
     vertex  2.166540e+01  2.023756e+00  2.500000e+00
     vertex  2.171645e+01  1.962022e+00  2.500000e+00
   endloop
 endfacet
 facet normal  0.000000e+00  0.000000e+00  1.000000e+00
   outer loop
     vertex  2.680336e+01  6.737575e+00  2.500000e+00
     vertex  2.161278e+01  2.085342e+00  2.500000e+00
     vertex  2.166540e+01  2.023756e+00  2.500000e+00
   endloop
 endfacet
 facet normal  0.000000e+00  0.000000e+00  1.000000e+00
   outer loop
     vertex  2.680336e+01  6.737575e+00  2.500000e+00
     vertex  2.662165e+01  6.915345e+00  2.500000e+00
     vertex  2.161278e+01  2.085342e+00  2.500000e+00
   endloop
 endfacet
 facet normal  0.000000e+00  0.000000e+00  1.000000e+00
   outer loop
     vertex  2.680336e+01  6.737575e+00  2.500000e+00
     vertex  2.171645e+01  1.962022e+00  2.500000e+00
     vertex  2.698033e+01  6.558612e+00  2.500000e+00
   endloop
 endfacet
 facet normal -1.400270e-01  9.901477e-01  0.000000e+00
   outer loop
     vertex -7.500000e+00  1.452369e+01 -2.500000e+00
     vertex -8.825518e+00  1.433623e+01  2.500000e+00
     vertex -7.500000e+00  1.452369e+01  2.500000e+00
   endloop
 endfacet
 facet normal -1.400270e-01  9.901477e-01  0.000000e+00
   outer loop
     vertex -8.825518e+00  1.433623e+01 -2.500000e+00
     vertex -8.825518e+00  1.433623e+01  2.500000e+00
     vertex -7.500000e+00  1.452369e+01 -2.500000e+00
   endloop
 endfacet
 facet normal -1.642986e-01  9.864107e-01  0.000000e+00
   outer loop
     vertex -1.013243e+01  1.411855e+01 -2.500000e+00
     vertex -1.013243e+01  1.411855e+01  2.500000e+00
     vertex -8.825518e+00  1.433623e+01  2.500000e+00
   endloop
 endfacet
 facet normal -1.642986e-01  9.864107e-01  0.000000e+00
   outer loop
     vertex -1.013243e+01  1.411855e+01 -2.500000e+00
     vertex -8.825518e+00  1.433623e+01  2.500000e+00
     vertex -8.825518e+00  1.433623e+01 -2.500000e+00
   endloop
 endfacet
 facet normal -1.890157e-01  9.819741e-01  0.000000e+00
   outer loop
     vertex -1.141798e+01  1.387110e+01 -2.500000e+00
     vertex -1.141798e+01  1.387110e+01  2.500000e+00
     vertex -1.013243e+01  1.411855e+01  2.500000e+00
   endloop
 endfacet
 facet normal -1.890157e-01  9.819741e-01  0.000000e+00
   outer loop
     vertex -1.141798e+01  1.387110e+01 -2.500000e+00
     vertex -1.013243e+01  1.411855e+01  2.500000e+00
     vertex -1.013243e+01  1.411855e+01 -2.500000e+00
   endloop
 endfacet
 facet normal -2.142493e-01  9.767790e-01  0.000000e+00
   outer loop
     vertex -1.267945e+01  1.359441e+01 -2.500000e+00
     vertex -1.267945e+01  1.359441e+01  2.500000e+00
     vertex -1.141798e+01  1.387110e+01  2.500000e+00
   endloop
 endfacet
 facet normal -2.142493e-01  9.767790e-01  0.000000e+00
   outer loop
     vertex -1.267945e+01  1.359441e+01 -2.500000e+00
     vertex -1.141798e+01  1.387110e+01  2.500000e+00
     vertex -1.141798e+01  1.387110e+01 -2.500000e+00
   endloop
 endfacet
 facet normal -2.400725e-01  9.707550e-01  0.000000e+00
   outer loop
     vertex -1.391419e+01  1.328905e+01 -2.500000e+00
     vertex -1.391419e+01  1.328905e+01  2.500000e+00
     vertex -1.267945e+01  1.359441e+01  2.500000e+00
   endloop
 endfacet
 facet normal -2.400725e-01  9.707550e-01  0.000000e+00
   outer loop
     vertex -1.391419e+01  1.328905e+01 -2.500000e+00
     vertex -1.267945e+01  1.359441e+01  2.500000e+00
     vertex -1.267945e+01  1.359441e+01 -2.500000e+00
   endloop
 endfacet
 facet normal -2.652197e-01  9.641880e-01  0.000000e+00
   outer loop
     vertex -1.500045e+01  1.299025e+01 -2.500000e+00
     vertex -1.500045e+01  1.299025e+01  2.500000e+00
     vertex -1.391419e+01  1.328905e+01  2.500000e+00
   endloop
 endfacet
 facet normal -2.652197e-01  9.641880e-01  0.000000e+00
   outer loop
     vertex -1.500045e+01  1.299025e+01 -2.500000e+00
     vertex -1.391419e+01  1.328905e+01  2.500000e+00
     vertex -1.391419e+01  1.328905e+01 -2.500000e+00
   endloop
 endfacet
 facet normal -2.884209e-01  9.575037e-01  0.000000e+00
   outer loop
     vertex -1.595623e+01  1.270235e+01 -2.500000e+00
     vertex -1.595623e+01  1.270235e+01  2.500000e+00
     vertex -1.500045e+01  1.299025e+01  2.500000e+00
   endloop
 endfacet
 facet normal -3.109449e-01  9.504279e-01  0.000000e+00
   outer loop
     vertex -1.595623e+01  1.270235e+01 -2.500000e+00
     vertex -1.688993e+01  1.239688e+01  2.500000e+00
     vertex -1.595623e+01  1.270235e+01  2.500000e+00
   endloop
 endfacet
 facet normal -2.884209e-01  9.575037e-01  0.000000e+00
   outer loop
     vertex -1.595623e+01  1.270235e+01 -2.500000e+00
     vertex -1.500045e+01  1.299025e+01  2.500000e+00
     vertex -1.500045e+01  1.299025e+01 -2.500000e+00
   endloop
 endfacet
 facet normal -3.109449e-01  9.504279e-01  0.000000e+00
   outer loop
     vertex -1.688993e+01  1.239688e+01 -2.500000e+00
     vertex -1.688993e+01  1.239688e+01  2.500000e+00
     vertex -1.595623e+01  1.270235e+01 -2.500000e+00
   endloop
 endfacet
 facet normal -3.340420e-01  9.425582e-01  0.000000e+00
   outer loop
     vertex -1.780027e+01  1.207425e+01 -2.500000e+00
     vertex -1.780027e+01  1.207425e+01  2.500000e+00
     vertex -1.688993e+01  1.239688e+01  2.500000e+00
   endloop
 endfacet
 facet normal -3.340420e-01  9.425582e-01  0.000000e+00
   outer loop
     vertex -1.780027e+01  1.207425e+01 -2.500000e+00
     vertex -1.688993e+01  1.239688e+01  2.500000e+00
     vertex -1.688993e+01  1.239688e+01 -2.500000e+00
   endloop
 endfacet
 facet normal -3.577552e-01  9.338154e-01  0.000000e+00
   outer loop
     vertex -1.868599e+01  1.173493e+01 -2.500000e+00
     vertex -1.868599e+01  1.173493e+01  2.500000e+00
     vertex -1.780027e+01  1.207425e+01  2.500000e+00
   endloop
 endfacet
 facet normal -3.577552e-01  9.338154e-01  0.000000e+00
   outer loop
     vertex -1.868599e+01  1.173493e+01 -2.500000e+00
     vertex -1.780027e+01  1.207425e+01  2.500000e+00
     vertex -1.780027e+01  1.207425e+01 -2.500000e+00
   endloop
 endfacet
 facet normal -3.821274e-01  9.241097e-01  0.000000e+00
   outer loop
     vertex -1.954585e+01  1.137936e+01 -2.500000e+00
     vertex -1.954585e+01  1.137936e+01  2.500000e+00
     vertex -1.868599e+01  1.173493e+01  2.500000e+00
   endloop
 endfacet
 facet normal -3.821274e-01  9.241097e-01  0.000000e+00
   outer loop
     vertex -1.954585e+01  1.137936e+01 -2.500000e+00
     vertex -1.868599e+01  1.173493e+01  2.500000e+00
     vertex -1.868599e+01  1.173493e+01 -2.500000e+00
   endloop
 endfacet
 facet normal -4.059290e-01  9.139046e-01  0.000000e+00
   outer loop
     vertex -2.029664e+01  1.104588e+01 -2.500000e+00
     vertex -2.029664e+01  1.104588e+01  2.500000e+00
     vertex -1.954585e+01  1.137936e+01  2.500000e+00
   endloop
 endfacet
 facet normal -4.279188e-01  9.038172e-01  0.000000e+00
   outer loop
     vertex -2.029664e+01  1.104588e+01 -2.500000e+00
     vertex -2.095293e+01  1.073516e+01  2.500000e+00
     vertex -2.029664e+01  1.104588e+01  2.500000e+00
   endloop
 endfacet
 facet normal -4.059290e-01  9.139046e-01  0.000000e+00
   outer loop
     vertex -2.029664e+01  1.104588e+01 -2.500000e+00
     vertex -1.954585e+01  1.137936e+01  2.500000e+00
     vertex -1.954585e+01  1.137936e+01 -2.500000e+00
   endloop
 endfacet
 facet normal -4.279188e-01  9.038172e-01  0.000000e+00
   outer loop
     vertex -2.095293e+01  1.073516e+01 -2.500000e+00
     vertex -2.095293e+01  1.073516e+01  2.500000e+00
     vertex -2.029664e+01  1.104588e+01 -2.500000e+00
   endloop
 endfacet
 facet normal -4.492691e-01  8.933965e-01  0.000000e+00
   outer loop
     vertex -2.159021e+01  1.041469e+01 -2.500000e+00
     vertex -2.159021e+01  1.041469e+01  2.500000e+00
     vertex -2.095293e+01  1.073516e+01  2.500000e+00
   endloop
 endfacet
 facet normal -4.711401e-01  8.820584e-01  0.000000e+00
   outer loop
     vertex -2.159021e+01  1.041469e+01 -2.500000e+00
     vertex -2.220788e+01  1.008477e+01  2.500000e+00
     vertex -2.159021e+01  1.041469e+01  2.500000e+00
   endloop
 endfacet
 facet normal -4.492691e-01  8.933965e-01  0.000000e+00
   outer loop
     vertex -2.159021e+01  1.041469e+01 -2.500000e+00
     vertex -2.095293e+01  1.073516e+01  2.500000e+00
     vertex -2.095293e+01  1.073516e+01 -2.500000e+00
   endloop
 endfacet
 facet normal -4.711401e-01  8.820584e-01  0.000000e+00
   outer loop
     vertex -2.220788e+01  1.008477e+01 -2.500000e+00
     vertex -2.220788e+01  1.008477e+01  2.500000e+00
     vertex -2.159021e+01  1.041469e+01 -2.500000e+00
   endloop
 endfacet
 facet normal -4.935456e-01  8.697199e-01  0.000000e+00
   outer loop
     vertex -2.280540e+01  9.745690e+00 -2.500000e+00
     vertex -2.280540e+01  9.745690e+00  2.500000e+00
     vertex -2.220788e+01  1.008477e+01  2.500000e+00
   endloop
 endfacet
 facet normal -5.164950e-01  8.562902e-01  0.000000e+00
   outer loop
     vertex -2.280540e+01  9.745690e+00 -2.500000e+00
     vertex -2.338221e+01  9.397768e+00  2.500000e+00
     vertex -2.280540e+01  9.745690e+00  2.500000e+00
   endloop
 endfacet
 facet normal -4.935456e-01  8.697199e-01  0.000000e+00
   outer loop
     vertex -2.280540e+01  9.745690e+00 -2.500000e+00
     vertex -2.220788e+01  1.008477e+01  2.500000e+00
     vertex -2.220788e+01  1.008477e+01 -2.500000e+00
   endloop
 endfacet
 facet normal -5.164950e-01  8.562902e-01  0.000000e+00
   outer loop
     vertex -2.338221e+01  9.397768e+00 -2.500000e+00
     vertex -2.338221e+01  9.397768e+00  2.500000e+00
     vertex -2.280540e+01  9.745690e+00 -2.500000e+00
   endloop
 endfacet
 facet normal -5.388043e-01  8.424310e-01  0.000000e+00
   outer loop
     vertex -2.388322e+01  9.077335e+00 -2.500000e+00
     vertex -2.388322e+01  9.077335e+00  2.500000e+00
     vertex -2.338221e+01  9.397768e+00  2.500000e+00
   endloop
 endfacet
 facet normal -5.593039e-01  8.289627e-01  0.000000e+00
   outer loop
     vertex -2.388322e+01  9.077335e+00 -2.500000e+00
     vertex -2.431911e+01  8.783232e+00  2.500000e+00
     vertex -2.388322e+01  9.077335e+00  2.500000e+00
   endloop
 endfacet
 facet normal -5.388043e-01  8.424310e-01  0.000000e+00
   outer loop
     vertex -2.388322e+01  9.077335e+00 -2.500000e+00
     vertex -2.338221e+01  9.397768e+00  2.500000e+00
     vertex -2.338221e+01  9.397768e+00 -2.500000e+00
   endloop
 endfacet
 facet normal -5.593039e-01  8.289627e-01  0.000000e+00
   outer loop
     vertex -2.431911e+01  8.783232e+00 -2.500000e+00
     vertex -2.431911e+01  8.783232e+00  2.500000e+00
     vertex -2.388322e+01  9.077335e+00 -2.500000e+00
   endloop
 endfacet
 facet normal -5.790867e-01  8.152660e-01  0.000000e+00
   outer loop
     vertex -2.474053e+01  8.483898e+00 -2.500000e+00
     vertex -2.474053e+01  8.483898e+00  2.500000e+00
     vertex -2.431911e+01  8.783232e+00  2.500000e+00
   endloop
 endfacet
 facet normal -5.992119e-01  8.005905e-01  0.000000e+00
   outer loop
     vertex -2.474053e+01  8.483898e+00 -2.500000e+00
     vertex -2.514721e+01  8.179512e+00  2.500000e+00
     vertex -2.474053e+01  8.483898e+00  2.500000e+00
   endloop
 endfacet
 facet normal -5.790867e-01  8.152660e-01  0.000000e+00
   outer loop
     vertex -2.474053e+01  8.483898e+00 -2.500000e+00
     vertex -2.431911e+01  8.783232e+00  2.500000e+00
     vertex -2.431911e+01  8.783232e+00 -2.500000e+00
   endloop
 endfacet
 facet normal -5.992119e-01  8.005905e-01  0.000000e+00
   outer loop
     vertex -2.514721e+01  8.179512e+00 -2.500000e+00
     vertex -2.514721e+01  8.179512e+00  2.500000e+00
     vertex -2.474053e+01  8.483898e+00 -2.500000e+00
   endloop
 endfacet
 facet normal -6.196643e-01  7.848670e-01  0.000000e+00
   outer loop
     vertex -2.553892e+01  7.870255e+00 -2.500000e+00
     vertex -2.514721e+01  8.179512e+00  2.500000e+00
     vertex -2.514721e+01  8.179512e+00 -2.500000e+00
   endloop
 endfacet
 facet normal -6.196643e-01  7.848670e-01  0.000000e+00
   outer loop
     vertex -2.553892e+01  7.870255e+00 -2.500000e+00
     vertex -2.553892e+01  7.870255e+00  2.500000e+00
     vertex -2.514721e+01  8.179512e+00  2.500000e+00
   endloop
 endfacet
 facet normal -6.404227e-01  7.680226e-01  0.000000e+00
   outer loop
     vertex -2.553892e+01  7.870255e+00 -2.500000e+00
     vertex -2.591541e+01  7.556310e+00  2.500000e+00
     vertex -2.553892e+01  7.870255e+00  2.500000e+00
   endloop
 endfacet
 facet normal -6.404227e-01  7.680226e-01  0.000000e+00
   outer loop
     vertex -2.591541e+01  7.556310e+00 -2.500000e+00
     vertex -2.591541e+01  7.556310e+00  2.500000e+00
     vertex -2.553892e+01  7.870255e+00 -2.500000e+00
   endloop
 endfacet
 facet normal -6.604009e-01  7.509132e-01  0.000000e+00
   outer loop
     vertex -2.624107e+01  7.269907e+00 -2.500000e+00
     vertex -2.591541e+01  7.556310e+00  2.500000e+00
     vertex -2.591541e+01  7.556310e+00 -2.500000e+00
   endloop
 endfacet
 facet normal -6.604009e-01  7.509132e-01  0.000000e+00
   outer loop
     vertex -2.624107e+01  7.269907e+00 -2.500000e+00
     vertex -2.624107e+01  7.269907e+00  2.500000e+00
     vertex -2.591541e+01  7.556310e+00  2.500000e+00
   endloop
 endfacet
 facet normal -6.785701e-01  7.345357e-01  0.000000e+00
   outer loop
     vertex -2.652334e+01  7.009142e+00 -2.500000e+00
     vertex -2.624107e+01  7.269907e+00  2.500000e+00
     vertex -2.624107e+01  7.269907e+00 -2.500000e+00
   endloop
 endfacet
 facet normal -6.785701e-01  7.345357e-01  0.000000e+00
   outer loop
     vertex -2.652334e+01  7.009142e+00 -2.500000e+00
     vertex -2.652334e+01  7.009142e+00  2.500000e+00
     vertex -2.624107e+01  7.269907e+00  2.500000e+00
   endloop
 endfacet
 facet normal -6.959219e-01  7.181175e-01  0.000000e+00
   outer loop
     vertex -2.652334e+01  7.009142e+00 -2.500000e+00
     vertex -2.679525e+01  6.745638e+00  2.500000e+00
     vertex -2.652334e+01  7.009142e+00  2.500000e+00
   endloop
 endfacet
 facet normal -6.959219e-01  7.181175e-01  0.000000e+00
   outer loop
     vertex -2.679525e+01  6.745638e+00 -2.500000e+00
     vertex -2.679525e+01  6.745638e+00  2.500000e+00
     vertex -2.652334e+01  7.009142e+00 -2.500000e+00
   endloop
 endfacet
 facet normal -7.133803e-01  7.007771e-01  0.000000e+00
   outer loop
     vertex -2.705669e+01  6.479498e+00 -2.500000e+00
     vertex -2.705669e+01  6.479498e+00  2.500000e+00
     vertex -2.679525e+01  6.745638e+00  2.500000e+00
   endloop
 endfacet
 facet normal -7.309121e-01  6.824716e-01  0.000000e+00
   outer loop
     vertex -2.705669e+01  6.479498e+00 -2.500000e+00
     vertex -2.730755e+01  6.210827e+00  2.500000e+00
     vertex -2.705669e+01  6.479498e+00  2.500000e+00
   endloop
 endfacet
 facet normal -7.133803e-01  7.007771e-01  0.000000e+00
   outer loop
     vertex -2.705669e+01  6.479498e+00 -2.500000e+00
     vertex -2.679525e+01  6.745638e+00  2.500000e+00
     vertex -2.679525e+01  6.745638e+00 -2.500000e+00
   endloop
 endfacet
 facet normal -7.309121e-01  6.824716e-01  0.000000e+00
   outer loop
     vertex -2.730755e+01  6.210827e+00 -2.500000e+00
     vertex -2.730755e+01  6.210827e+00  2.500000e+00
     vertex -2.705669e+01  6.479498e+00 -2.500000e+00
   endloop
 endfacet
 facet normal -7.484792e-01  6.631583e-01  0.000000e+00
   outer loop
     vertex -2.754775e+01  5.939728e+00 -2.500000e+00
     vertex -2.754775e+01  5.939728e+00  2.500000e+00
     vertex -2.730755e+01  6.210827e+00  2.500000e+00
   endloop
 endfacet
 facet normal -7.484792e-01  6.631583e-01  0.000000e+00
   outer loop
     vertex -2.754775e+01  5.939728e+00 -2.500000e+00
     vertex -2.730755e+01  6.210827e+00  2.500000e+00
     vertex -2.730755e+01  6.210827e+00 -2.500000e+00
   endloop
 endfacet
 facet normal -7.660375e-01  6.427959e-01  0.000000e+00
   outer loop
     vertex -2.777718e+01  5.666308e+00 -2.500000e+00
     vertex -2.777718e+01  5.666308e+00  2.500000e+00
     vertex -2.754775e+01  5.939728e+00  2.500000e+00
   endloop
 endfacet
 facet normal -7.826644e-01  6.224439e-01  0.000000e+00
   outer loop
     vertex -2.777718e+01  5.666308e+00 -2.500000e+00
     vertex -2.797439e+01  5.418335e+00  2.500000e+00
     vertex -2.777718e+01  5.666308e+00  2.500000e+00
   endloop
 endfacet
 facet normal -7.660375e-01  6.427959e-01  0.000000e+00
   outer loop
     vertex -2.777718e+01  5.666308e+00 -2.500000e+00
     vertex -2.754775e+01  5.939728e+00  2.500000e+00
     vertex -2.754775e+01  5.939728e+00 -2.500000e+00
   endloop
 endfacet
 facet normal -7.826644e-01  6.224439e-01  0.000000e+00
   outer loop
     vertex -2.797439e+01  5.418335e+00 -2.500000e+00
     vertex -2.797439e+01  5.418335e+00  2.500000e+00
     vertex -2.777718e+01  5.666308e+00 -2.500000e+00
   endloop
 endfacet
 facet normal -7.975439e-01  6.032609e-01  0.000000e+00
   outer loop
     vertex -2.814431e+01  5.193690e+00 -2.500000e+00
     vertex -2.814431e+01  5.193690e+00  2.500000e+00
     vertex -2.797439e+01  5.418335e+00  2.500000e+00
   endloop
 endfacet
 facet normal -8.115299e-01  5.843109e-01  0.000000e+00
   outer loop
     vertex -2.814431e+01  5.193690e+00 -2.500000e+00
     vertex -2.830702e+01  4.967714e+00  2.500000e+00
     vertex -2.814431e+01  5.193690e+00  2.500000e+00
   endloop
 endfacet
 facet normal -7.975439e-01  6.032609e-01  0.000000e+00
   outer loop
     vertex -2.814431e+01  5.193690e+00 -2.500000e+00
     vertex -2.797439e+01  5.418335e+00  2.500000e+00
     vertex -2.797439e+01  5.418335e+00 -2.500000e+00
   endloop
 endfacet
 facet normal -8.253721e-01  5.645892e-01  0.000000e+00
   outer loop
     vertex -2.830702e+01  4.967714e+00 -2.500000e+00
     vertex -2.846247e+01  4.740464e+00  2.500000e+00
     vertex -2.830702e+01  4.967714e+00  2.500000e+00
   endloop
 endfacet
 facet normal -8.115299e-01  5.843109e-01  0.000000e+00
   outer loop
     vertex -2.830702e+01  4.967714e+00 -2.500000e+00
     vertex -2.830702e+01  4.967714e+00  2.500000e+00
     vertex -2.814431e+01  5.193690e+00 -2.500000e+00
   endloop
 endfacet
 facet normal -8.253721e-01  5.645892e-01  0.000000e+00
   outer loop
     vertex -2.846247e+01  4.740464e+00 -2.500000e+00
     vertex -2.846247e+01  4.740464e+00  2.500000e+00
     vertex -2.830702e+01  4.967714e+00 -2.500000e+00
   endloop
 endfacet
 facet normal -8.390320e-01  5.440822e-01  0.000000e+00
   outer loop
     vertex -2.861062e+01  4.511999e+00 -2.500000e+00
     vertex -2.861062e+01  4.511999e+00  2.500000e+00
     vertex -2.846247e+01  4.740464e+00  2.500000e+00
   endloop
 endfacet
 facet normal -8.390320e-01  5.440822e-01  0.000000e+00
   outer loop
     vertex -2.861062e+01  4.511999e+00 -2.500000e+00
     vertex -2.846247e+01  4.740464e+00  2.500000e+00
     vertex -2.846247e+01  4.740464e+00 -2.500000e+00
   endloop
 endfacet
 facet normal -8.524680e-01  5.227793e-01  0.000000e+00
   outer loop
     vertex -2.875143e+01  4.282377e+00 -2.500000e+00
     vertex -2.875143e+01  4.282377e+00  2.500000e+00
     vertex -2.861062e+01  4.511999e+00  2.500000e+00
   endloop
 endfacet
 facet normal -8.524680e-01  5.227793e-01  0.000000e+00
   outer loop
     vertex -2.875143e+01  4.282377e+00 -2.500000e+00
     vertex -2.861062e+01  4.511999e+00  2.500000e+00
     vertex -2.861062e+01  4.511999e+00 -2.500000e+00
   endloop
 endfacet
 facet normal -8.656363e-01  5.006734e-01  0.000000e+00
   outer loop
     vertex -2.888488e+01  4.051657e+00 -2.500000e+00
     vertex -2.888488e+01  4.051657e+00  2.500000e+00
     vertex -2.875143e+01  4.282377e+00  2.500000e+00
   endloop
 endfacet
 facet normal -8.656363e-01  5.006734e-01  0.000000e+00
   outer loop
     vertex -2.888488e+01  4.051657e+00 -2.500000e+00
     vertex -2.875143e+01  4.282377e+00  2.500000e+00
     vertex -2.875143e+01  4.282377e+00 -2.500000e+00
   endloop
 endfacet
 facet normal -8.784901e-01  4.777606e-01  0.000000e+00
   outer loop
     vertex -2.901092e+01  3.819898e+00 -2.500000e+00
     vertex -2.901092e+01  3.819898e+00  2.500000e+00
     vertex -2.888488e+01  4.051657e+00  2.500000e+00
   endloop
 endfacet
 facet normal -8.784901e-01  4.777606e-01  0.000000e+00
   outer loop
     vertex -2.901092e+01  3.819898e+00 -2.500000e+00
     vertex -2.888488e+01  4.051657e+00  2.500000e+00
     vertex -2.888488e+01  4.051657e+00 -2.500000e+00
   endloop
 endfacet
 facet normal -8.909805e-01  4.540416e-01  0.000000e+00
   outer loop
     vertex -2.912952e+01  3.587160e+00 -2.500000e+00
     vertex -2.912952e+01  3.587160e+00  2.500000e+00
     vertex -2.901092e+01  3.819898e+00  2.500000e+00
   endloop
 endfacet
 facet normal -9.024635e-01  4.307664e-01  0.000000e+00
   outer loop
     vertex -2.912952e+01  3.587160e+00 -2.500000e+00
     vertex -2.922988e+01  3.376908e+00  2.500000e+00
     vertex -2.912952e+01  3.587160e+00  2.500000e+00
   endloop
 endfacet
 facet normal -8.909805e-01  4.540416e-01  0.000000e+00
   outer loop
     vertex -2.912952e+01  3.587160e+00 -2.500000e+00
     vertex -2.901092e+01  3.819898e+00  2.500000e+00
     vertex -2.901092e+01  3.819898e+00 -2.500000e+00
   endloop
 endfacet
 facet normal -9.024635e-01  4.307664e-01  0.000000e+00
   outer loop
     vertex -2.922988e+01  3.376908e+00 -2.500000e+00
     vertex -2.922988e+01  3.376908e+00  2.500000e+00
     vertex -2.912952e+01  3.587160e+00 -2.500000e+00
   endloop
 endfacet
 facet normal -9.124413e-01  4.092076e-01  0.000000e+00
   outer loop
     vertex -2.931501e+01  3.187081e+00 -2.500000e+00
     vertex -2.931501e+01  3.187081e+00  2.500000e+00
     vertex -2.922988e+01  3.376908e+00  2.500000e+00
   endloop
 endfacet
 facet normal -9.124413e-01  4.092076e-01  0.000000e+00
   outer loop
     vertex -2.931501e+01  3.187081e+00 -2.500000e+00
     vertex -2.922988e+01  3.376908e+00  2.500000e+00
     vertex -2.922988e+01  3.376908e+00 -2.500000e+00
   endloop
 endfacet
 facet normal -9.215506e-01  3.882582e-01  0.000000e+00
   outer loop
     vertex -2.939522e+01  2.996717e+00 -2.500000e+00
     vertex -2.939522e+01  2.996717e+00  2.500000e+00
     vertex -2.931501e+01  3.187081e+00  2.500000e+00
   endloop
 endfacet
 facet normal -9.215506e-01  3.882582e-01  0.000000e+00
   outer loop
     vertex -2.939522e+01  2.996717e+00 -2.500000e+00
     vertex -2.931501e+01  3.187081e+00  2.500000e+00
     vertex -2.931501e+01  3.187081e+00 -2.500000e+00
   endloop
 endfacet
 facet normal -9.302965e-01  3.668084e-01  0.000000e+00
   outer loop
     vertex -2.947047e+01  2.805849e+00 -2.500000e+00
     vertex -2.947047e+01  2.805849e+00  2.500000e+00
     vertex -2.939522e+01  2.996717e+00  2.500000e+00
   endloop
 endfacet
 facet normal -9.386500e-01  3.448712e-01  0.000000e+00
   outer loop
     vertex -2.947047e+01  2.805849e+00 -2.500000e+00
     vertex -2.954077e+01  2.614509e+00  2.500000e+00
     vertex -2.947047e+01  2.805849e+00  2.500000e+00
   endloop
 endfacet
 facet normal -9.302965e-01  3.668084e-01  0.000000e+00
   outer loop
     vertex -2.947047e+01  2.805849e+00 -2.500000e+00
     vertex -2.939522e+01  2.996717e+00  2.500000e+00
     vertex -2.939522e+01  2.996717e+00 -2.500000e+00
   endloop
 endfacet
 facet normal -9.386500e-01  3.448712e-01  0.000000e+00
   outer loop
     vertex -2.954077e+01  2.614509e+00 -2.500000e+00
     vertex -2.954077e+01  2.614509e+00  2.500000e+00
     vertex -2.947047e+01  2.805849e+00 -2.500000e+00
   endloop
 endfacet
 facet normal -9.465823e-01  3.224624e-01  0.000000e+00
   outer loop
     vertex -2.960611e+01  2.422730e+00 -2.500000e+00
     vertex -2.954077e+01  2.614509e+00  2.500000e+00
     vertex -2.954077e+01  2.614509e+00 -2.500000e+00
   endloop
 endfacet
 facet normal -9.465823e-01  3.224624e-01  0.000000e+00
   outer loop
     vertex -2.960611e+01  2.422730e+00 -2.500000e+00
     vertex -2.960611e+01  2.422730e+00  2.500000e+00
     vertex -2.954077e+01  2.614509e+00  2.500000e+00
   endloop
 endfacet
 facet normal -9.540647e-01  2.996005e-01  0.000000e+00
   outer loop
     vertex -2.966646e+01  2.230542e+00 -2.500000e+00
     vertex -2.960611e+01  2.422730e+00  2.500000e+00
     vertex -2.960611e+01  2.422730e+00 -2.500000e+00
   endloop
 endfacet
 facet normal -9.540647e-01  2.996005e-01  0.000000e+00
   outer loop
     vertex -2.966646e+01  2.230542e+00 -2.500000e+00
     vertex -2.966646e+01  2.230542e+00  2.500000e+00
     vertex -2.960611e+01  2.422730e+00  2.500000e+00
   endloop
 endfacet
 facet normal -9.610695e-01  2.763068e-01  0.000000e+00
   outer loop
     vertex -2.966646e+01  2.230542e+00 -2.500000e+00
     vertex -2.972182e+01  2.037980e+00  2.500000e+00
     vertex -2.966646e+01  2.230542e+00  2.500000e+00
   endloop
 endfacet
 facet normal -9.610695e-01  2.763068e-01  0.000000e+00
   outer loop
     vertex -2.972182e+01  2.037980e+00 -2.500000e+00
     vertex -2.972182e+01  2.037980e+00  2.500000e+00
     vertex -2.966646e+01  2.230542e+00 -2.500000e+00
   endloop
 endfacet
 facet normal -9.675694e-01  2.526053e-01  0.000000e+00
   outer loop
     vertex -2.977218e+01  1.845075e+00 -2.500000e+00
     vertex -2.972182e+01  2.037980e+00  2.500000e+00
     vertex -2.972182e+01  2.037980e+00 -2.500000e+00
   endloop
 endfacet
 facet normal -9.675694e-01  2.526053e-01  0.000000e+00
   outer loop
     vertex -2.977218e+01  1.845075e+00 -2.500000e+00
     vertex -2.977218e+01  1.845075e+00  2.500000e+00
     vertex -2.972182e+01  2.037980e+00  2.500000e+00
   endloop
 endfacet
 facet normal -9.735386e-01  2.285227e-01  0.000000e+00
   outer loop
     vertex -2.977218e+01  1.845075e+00 -2.500000e+00
     vertex -2.981754e+01  1.651860e+00  2.500000e+00
     vertex -2.977218e+01  1.845075e+00  2.500000e+00
   endloop
 endfacet
 facet normal -9.735386e-01  2.285227e-01  0.000000e+00
   outer loop
     vertex -2.981754e+01  1.651860e+00 -2.500000e+00
     vertex -2.981754e+01  1.651860e+00  2.500000e+00
     vertex -2.977218e+01  1.845075e+00 -2.500000e+00
   endloop
 endfacet
 facet normal -9.789525e-01  2.040883e-01  0.000000e+00
   outer loop
     vertex -2.985787e+01  1.458366e+00 -2.500000e+00
     vertex -2.981754e+01  1.651860e+00  2.500000e+00
     vertex -2.981754e+01  1.651860e+00 -2.500000e+00
   endloop
 endfacet
 facet normal -9.789525e-01  2.040883e-01  0.000000e+00
   outer loop
     vertex -2.985787e+01  1.458366e+00 -2.500000e+00
     vertex -2.985787e+01  1.458366e+00  2.500000e+00
     vertex -2.981754e+01  1.651860e+00  2.500000e+00
   endloop
 endfacet
 facet normal -9.837882e-01  1.793340e-01  0.000000e+00
   outer loop
     vertex -2.989319e+01  1.264628e+00 -2.500000e+00
     vertex -2.985787e+01  1.458366e+00  2.500000e+00
     vertex -2.985787e+01  1.458366e+00 -2.500000e+00
   endloop
 endfacet
 facet normal -9.837882e-01  1.793340e-01  0.000000e+00
   outer loop
     vertex -2.989319e+01  1.264628e+00 -2.500000e+00
     vertex -2.989319e+01  1.264628e+00  2.500000e+00
     vertex -2.985787e+01  1.458366e+00  2.500000e+00
   endloop
 endfacet
 facet normal -9.880250e-01  1.542940e-01  0.000000e+00
   outer loop
     vertex -2.992348e+01  1.070676e+00 -2.500000e+00
     vertex -2.989319e+01  1.264628e+00  2.500000e+00
     vertex -2.989319e+01  1.264628e+00 -2.500000e+00
   endloop
 endfacet
 facet normal -9.880250e-01  1.542940e-01  0.000000e+00
   outer loop
     vertex -2.992348e+01  1.070676e+00 -2.500000e+00
     vertex -2.992348e+01  1.070676e+00  2.500000e+00
     vertex -2.989319e+01  1.264628e+00  2.500000e+00
   endloop
 endfacet
 facet normal -9.916440e-01  1.290048e-01  0.000000e+00
   outer loop
     vertex -2.994873e+01  8.765449e-01 -2.500000e+00
     vertex -2.992348e+01  1.070676e+00  2.500000e+00
     vertex -2.992348e+01  1.070676e+00 -2.500000e+00
   endloop
 endfacet
 facet normal -9.916440e-01  1.290048e-01  0.000000e+00
   outer loop
     vertex -2.994873e+01  8.765449e-01 -2.500000e+00
     vertex -2.994873e+01  8.765449e-01  2.500000e+00
     vertex -2.992348e+01  1.070676e+00  2.500000e+00
   endloop
 endfacet
 facet normal -9.946290e-01  1.035046e-01  0.000000e+00
   outer loop
     vertex -2.994873e+01  8.765449e-01 -2.500000e+00
     vertex -2.996895e+01  6.822660e-01  2.500000e+00
     vertex -2.994873e+01  8.765449e-01  2.500000e+00
   endloop
 endfacet
 facet normal -9.946290e-01  1.035046e-01  0.000000e+00
   outer loop
     vertex -2.996895e+01  6.822660e-01 -2.500000e+00
     vertex -2.996895e+01  6.822660e-01  2.500000e+00
     vertex -2.994873e+01  8.765449e-01 -2.500000e+00
   endloop
 endfacet
 facet normal -9.969664e-01  7.783344e-02  0.000000e+00
   outer loop
     vertex -2.998413e+01  4.878724e-01 -2.500000e+00
     vertex -2.996895e+01  6.822660e-01  2.500000e+00
     vertex -2.996895e+01  6.822660e-01 -2.500000e+00
   endloop
 endfacet
 facet normal -9.969664e-01  7.783344e-02  0.000000e+00
   outer loop
     vertex -2.998413e+01  4.878724e-01 -2.500000e+00
     vertex -2.998413e+01  4.878724e-01  2.500000e+00
     vertex -2.996895e+01  6.822660e-01  2.500000e+00
   endloop
 endfacet
 facet normal -9.986454e-01  5.203279e-02  0.000000e+00
   outer loop
     vertex -2.999426e+01  2.933967e-01 -2.500000e+00
     vertex -2.998413e+01  4.878724e-01  2.500000e+00
     vertex -2.998413e+01  4.878724e-01 -2.500000e+00
   endloop
 endfacet
 facet normal -9.986454e-01  5.203279e-02  0.000000e+00
   outer loop
     vertex -2.999426e+01  2.933967e-01 -2.500000e+00
     vertex -2.999426e+01  2.933967e-01  2.500000e+00
     vertex -2.998413e+01  4.878724e-01  2.500000e+00
   endloop
 endfacet
 facet normal -9.996582e-01  2.614507e-02  0.000000e+00
   outer loop
     vertex -2.999935e+01  9.887163e-02 -2.500000e+00
     vertex -2.999935e+01  9.887163e-02  2.500000e+00
     vertex -2.999426e+01  2.933967e-01  2.500000e+00
   endloop
 endfacet
 facet normal -9.996582e-01  2.614507e-02  0.000000e+00
   outer loop
     vertex -2.999935e+01  9.887163e-02 -2.500000e+00
     vertex -2.999426e+01  2.933967e-01  2.500000e+00
     vertex -2.999426e+01  2.933967e-01 -2.500000e+00
   endloop
 endfacet
 facet normal -1.000000e+00  2.134428e-04  0.000000e+00
   outer loop
     vertex -2.999939e+01 -9.567005e-02 -2.500000e+00
     vertex -2.999939e+01 -9.567005e-02  2.500000e+00
     vertex -2.999935e+01  9.887163e-02  2.500000e+00
   endloop
 endfacet
 facet normal -9.996692e-01 -2.571854e-02  0.000000e+00
   outer loop
     vertex -2.999939e+01 -9.567005e-02 -2.500000e+00
     vertex -2.999439e+01 -2.901956e-01  2.500000e+00
     vertex -2.999939e+01 -9.567005e-02  2.500000e+00
   endloop
 endfacet
 facet normal -1.000000e+00  2.134428e-04  0.000000e+00
   outer loop
     vertex -2.999939e+01 -9.567005e-02 -2.500000e+00
     vertex -2.999935e+01  9.887163e-02  2.500000e+00
     vertex -2.999935e+01  9.887163e-02 -2.500000e+00
   endloop
 endfacet
 facet normal -9.996692e-01 -2.571854e-02  0.000000e+00
   outer loop
     vertex -2.999439e+01 -2.901956e-01 -2.500000e+00
     vertex -2.999439e+01 -2.901956e-01  2.500000e+00
     vertex -2.999939e+01 -9.567005e-02 -2.500000e+00
   endloop
 endfacet
 facet normal -9.986675e-01 -5.160734e-02  0.000000e+00
   outer loop
     vertex -2.998434e+01 -4.846724e-01 -2.500000e+00
     vertex -2.998434e+01 -4.846724e-01  2.500000e+00
     vertex -2.999439e+01 -2.901956e-01  2.500000e+00
   endloop
 endfacet
 facet normal -9.986675e-01 -5.160734e-02  0.000000e+00
   outer loop
     vertex -2.998434e+01 -4.846724e-01 -2.500000e+00
     vertex -2.999439e+01 -2.901956e-01  2.500000e+00
     vertex -2.999439e+01 -2.901956e-01 -2.500000e+00
   endloop
 endfacet
 facet normal -9.969994e-01 -7.740977e-02  0.000000e+00
   outer loop
     vertex -2.996924e+01 -6.790677e-01 -2.500000e+00
     vertex -2.998434e+01 -4.846724e-01  2.500000e+00
     vertex -2.998434e+01 -4.846724e-01 -2.500000e+00
   endloop
 endfacet
 facet normal -9.969994e-01 -7.740977e-02  0.000000e+00
   outer loop
     vertex -2.996924e+01 -6.790677e-01 -2.500000e+00
     vertex -2.996924e+01 -6.790677e-01  2.500000e+00
     vertex -2.998434e+01 -4.846724e-01  2.500000e+00
   endloop
 endfacet
 facet normal -9.946727e-01 -1.030834e-01  0.000000e+00
   outer loop
     vertex -2.994911e+01 -8.733487e-01 -2.500000e+00
     vertex -2.994911e+01 -8.733487e-01  2.500000e+00
     vertex -2.996924e+01 -6.790677e-01  2.500000e+00
   endloop
 endfacet
 facet normal -9.916983e-01 -1.285867e-01  0.000000e+00
   outer loop
     vertex -2.994911e+01 -8.733487e-01 -2.500000e+00
     vertex -2.992394e+01 -1.067483e+00  2.500000e+00
     vertex -2.994911e+01 -8.733487e-01  2.500000e+00
   endloop
 endfacet
 facet normal -9.946727e-01 -1.030834e-01  0.000000e+00
   outer loop
     vertex -2.994911e+01 -8.733487e-01 -2.500000e+00
     vertex -2.996924e+01 -6.790677e-01  2.500000e+00
     vertex -2.996924e+01 -6.790677e-01 -2.500000e+00
   endloop
 endfacet
 facet normal -9.880896e-01 -1.538797e-01  0.000000e+00
   outer loop
     vertex -2.992394e+01 -1.067483e+00 -2.500000e+00
     vertex -2.989373e+01 -1.261437e+00  2.500000e+00
     vertex -2.992394e+01 -1.067483e+00  2.500000e+00
   endloop
 endfacet
 facet normal -9.916983e-01 -1.285867e-01  0.000000e+00
   outer loop
     vertex -2.992394e+01 -1.067483e+00 -2.500000e+00
     vertex -2.992394e+01 -1.067483e+00  2.500000e+00
     vertex -2.994911e+01 -8.733487e-01 -2.500000e+00
   endloop
 endfacet
 facet normal -9.880896e-01 -1.538797e-01  0.000000e+00
   outer loop
     vertex -2.989373e+01 -1.261437e+00 -2.500000e+00
     vertex -2.989373e+01 -1.261437e+00  2.500000e+00
     vertex -2.992394e+01 -1.067483e+00 -2.500000e+00
   endloop
 endfacet
 facet normal -9.838629e-01 -1.789241e-01  0.000000e+00
   outer loop
     vertex -2.985850e+01 -1.455180e+00 -2.500000e+00
     vertex -2.985850e+01 -1.455180e+00  2.500000e+00
     vertex -2.989373e+01 -1.261437e+00  2.500000e+00
   endloop
 endfacet
 facet normal -9.838629e-01 -1.789241e-01  0.000000e+00
   outer loop
     vertex -2.985850e+01 -1.455180e+00 -2.500000e+00
     vertex -2.989373e+01 -1.261437e+00  2.500000e+00
     vertex -2.989373e+01 -1.261437e+00 -2.500000e+00
   endloop
 endfacet
 facet normal -9.790368e-01 -2.036834e-01  0.000000e+00
   outer loop
     vertex -2.981824e+01 -1.648677e+00 -2.500000e+00
     vertex -2.981824e+01 -1.648677e+00  2.500000e+00
     vertex -2.985850e+01 -1.455180e+00  2.500000e+00
   endloop
 endfacet
 facet normal -9.790368e-01 -2.036834e-01  0.000000e+00
   outer loop
     vertex -2.981824e+01 -1.648677e+00 -2.500000e+00
     vertex -2.985850e+01 -1.455180e+00  2.500000e+00
     vertex -2.985850e+01 -1.455180e+00 -2.500000e+00
   endloop
 endfacet
 facet normal -9.736322e-01 -2.281233e-01  0.000000e+00
   outer loop
     vertex -2.977297e+01 -1.841898e+00 -2.500000e+00
     vertex -2.977297e+01 -1.841898e+00  2.500000e+00
     vertex -2.981824e+01 -1.648677e+00  2.500000e+00
   endloop
 endfacet
 facet normal -9.736322e-01 -2.281233e-01  0.000000e+00
   outer loop
     vertex -2.977297e+01 -1.841898e+00 -2.500000e+00
     vertex -2.981824e+01 -1.648677e+00  2.500000e+00
     vertex -2.981824e+01 -1.648677e+00 -2.500000e+00
   endloop
 endfacet
 facet normal -9.676720e-01 -2.522120e-01  0.000000e+00
   outer loop
     vertex -2.972269e+01 -2.034808e+00 -2.500000e+00
     vertex -2.972269e+01 -2.034808e+00  2.500000e+00
     vertex -2.977297e+01 -1.841898e+00  2.500000e+00
   endloop
 endfacet
 facet normal -9.676720e-01 -2.522120e-01  0.000000e+00
   outer loop
     vertex -2.972269e+01 -2.034808e+00 -2.500000e+00
     vertex -2.977297e+01 -1.841898e+00  2.500000e+00
     vertex -2.977297e+01 -1.841898e+00 -2.500000e+00
   endloop
 endfacet
 facet normal -9.611806e-01 -2.759200e-01  0.000000e+00
   outer loop
     vertex -2.972269e+01 -2.034808e+00 -2.500000e+00
     vertex -2.966741e+01 -2.227376e+00  2.500000e+00
     vertex -2.972269e+01 -2.034808e+00  2.500000e+00
   endloop
 endfacet
 facet normal -9.611806e-01 -2.759200e-01  0.000000e+00
   outer loop
     vertex -2.966741e+01 -2.227376e+00 -2.500000e+00
     vertex -2.966741e+01 -2.227376e+00  2.500000e+00
     vertex -2.972269e+01 -2.034808e+00 -2.500000e+00
   endloop
 endfacet
 facet normal -9.541840e-01 -2.992206e-01  0.000000e+00
   outer loop
     vertex -2.960714e+01 -2.419570e+00 -2.500000e+00
     vertex -2.966741e+01 -2.227376e+00  2.500000e+00
     vertex -2.966741e+01 -2.227376e+00 -2.500000e+00
   endloop
 endfacet
 facet normal -9.541840e-01 -2.992206e-01  0.000000e+00
   outer loop
     vertex -2.960714e+01 -2.419570e+00 -2.500000e+00
     vertex -2.960714e+01 -2.419570e+00  2.500000e+00
     vertex -2.966741e+01 -2.227376e+00  2.500000e+00
   endloop
 endfacet
 facet normal -9.467091e-01 -3.220897e-01  0.000000e+00
   outer loop
     vertex -2.954189e+01 -2.611356e+00 -2.500000e+00
     vertex -2.960714e+01 -2.419570e+00  2.500000e+00
     vertex -2.960714e+01 -2.419570e+00 -2.500000e+00
   endloop
 endfacet
 facet normal -9.467091e-01 -3.220897e-01  0.000000e+00
   outer loop
     vertex -2.954189e+01 -2.611356e+00 -2.500000e+00
     vertex -2.954189e+01 -2.611356e+00  2.500000e+00
     vertex -2.960714e+01 -2.419570e+00  2.500000e+00
   endloop
 endfacet
 facet normal -9.387841e-01 -3.445061e-01  0.000000e+00
   outer loop
     vertex -2.954189e+01 -2.611356e+00 -2.500000e+00
     vertex -2.947167e+01 -2.802704e+00  2.500000e+00
     vertex -2.954189e+01 -2.611356e+00  2.500000e+00
   endloop
 endfacet
 facet normal -9.387841e-01 -3.445061e-01  0.000000e+00
   outer loop
     vertex -2.947167e+01 -2.802704e+00 -2.500000e+00
     vertex -2.947167e+01 -2.802704e+00  2.500000e+00
     vertex -2.954189e+01 -2.611356e+00 -2.500000e+00
   endloop
 endfacet
 facet normal -9.304373e-01 -3.664512e-01  0.000000e+00
   outer loop
     vertex -2.939650e+01 -2.993580e+00 -2.500000e+00
     vertex -2.947167e+01 -2.802704e+00  2.500000e+00
     vertex -2.947167e+01 -2.802704e+00 -2.500000e+00
   endloop
 endfacet
 facet normal -9.304373e-01 -3.664512e-01  0.000000e+00
   outer loop
     vertex -2.939650e+01 -2.993580e+00 -2.500000e+00
     vertex -2.939650e+01 -2.993580e+00  2.500000e+00
     vertex -2.947167e+01 -2.802704e+00  2.500000e+00
   endloop
 endfacet
 facet normal -9.216976e-01 -3.879092e-01  0.000000e+00
   outer loop
     vertex -2.931637e+01 -3.183952e+00 -2.500000e+00
     vertex -2.939650e+01 -2.993580e+00  2.500000e+00
     vertex -2.939650e+01 -2.993580e+00 -2.500000e+00
   endloop
 endfacet
 facet normal -9.216976e-01 -3.879092e-01  0.000000e+00
   outer loop
     vertex -2.931637e+01 -3.183952e+00 -2.500000e+00
     vertex -2.931637e+01 -3.183952e+00  2.500000e+00
     vertex -2.939650e+01 -2.993580e+00  2.500000e+00
   endloop
 endfacet
 facet normal -9.125940e-01 -4.088670e-01  0.000000e+00
   outer loop
     vertex -2.923132e+01 -3.373789e+00 -2.500000e+00
     vertex -2.931637e+01 -3.183952e+00  2.500000e+00
     vertex -2.931637e+01 -3.183952e+00 -2.500000e+00
   endloop
 endfacet
 facet normal -9.125940e-01 -4.088670e-01  0.000000e+00
   outer loop
     vertex -2.923132e+01 -3.373789e+00 -2.500000e+00
     vertex -2.923132e+01 -3.373789e+00  2.500000e+00
     vertex -2.931637e+01 -3.183952e+00  2.500000e+00
   endloop
 endfacet
 facet normal -9.031553e-01 -4.293139e-01  0.000000e+00
   outer loop
     vertex -2.914135e+01 -3.563058e+00 -2.500000e+00
     vertex -2.923132e+01 -3.373789e+00  2.500000e+00
     vertex -2.923132e+01 -3.373789e+00 -2.500000e+00
   endloop
 endfacet
 facet normal -9.031553e-01 -4.293139e-01  0.000000e+00
   outer loop
     vertex -2.914135e+01 -3.563058e+00 -2.500000e+00
     vertex -2.914135e+01 -3.563058e+00  2.500000e+00
     vertex -2.923132e+01 -3.373789e+00  2.500000e+00
   endloop
 endfacet
 facet normal -8.934101e-01 -4.492419e-01  0.000000e+00
   outer loop
     vertex -2.914135e+01 -3.563058e+00 -2.500000e+00
     vertex -2.904648e+01 -3.751728e+00  2.500000e+00
     vertex -2.914135e+01 -3.563058e+00  2.500000e+00
   endloop
 endfacet
 facet normal -8.934101e-01 -4.492419e-01  0.000000e+00
   outer loop
     vertex -2.904648e+01 -3.751728e+00 -2.500000e+00
     vertex -2.904648e+01 -3.751728e+00  2.500000e+00
     vertex -2.914135e+01 -3.563058e+00 -2.500000e+00
   endloop
 endfacet
 facet normal -8.833864e-01 -4.686454e-01  0.000000e+00
   outer loop
     vertex -2.894673e+01 -3.939767e+00 -2.500000e+00
     vertex -2.904648e+01 -3.751728e+00  2.500000e+00
     vertex -2.904648e+01 -3.751728e+00 -2.500000e+00
   endloop
 endfacet
 facet normal -8.833864e-01 -4.686454e-01  0.000000e+00
   outer loop
     vertex -2.894673e+01 -3.939767e+00 -2.500000e+00
     vertex -2.894673e+01 -3.939767e+00  2.500000e+00
     vertex -2.904648e+01 -3.751728e+00  2.500000e+00
   endloop
 endfacet
 facet normal -8.731115e-01 -4.875207e-01  0.000000e+00
   outer loop
     vertex -2.894673e+01 -3.939767e+00 -2.500000e+00
     vertex -2.884210e+01 -4.127143e+00  2.500000e+00
     vertex -2.894673e+01 -3.939767e+00  2.500000e+00
   endloop
 endfacet
 facet normal -8.731115e-01 -4.875207e-01  0.000000e+00
   outer loop
     vertex -2.884210e+01 -4.127143e+00 -2.500000e+00
     vertex -2.884210e+01 -4.127143e+00  2.500000e+00
     vertex -2.894673e+01 -3.939767e+00 -2.500000e+00
   endloop
 endfacet
 facet normal -8.626119e-01 -5.058664e-01  0.000000e+00
   outer loop
     vertex -2.873262e+01 -4.313825e+00 -2.500000e+00
     vertex -2.884210e+01 -4.127143e+00  2.500000e+00
     vertex -2.884210e+01 -4.127143e+00 -2.500000e+00
   endloop
 endfacet
 facet normal -8.626119e-01 -5.058664e-01  0.000000e+00
   outer loop
     vertex -2.873262e+01 -4.313825e+00 -2.500000e+00
     vertex -2.873262e+01 -4.313825e+00  2.500000e+00
     vertex -2.884210e+01 -4.127143e+00  2.500000e+00
   endloop
 endfacet
 facet normal -8.519132e-01 -5.236830e-01  0.000000e+00
   outer loop
     vertex -2.861831e+01 -4.499782e+00 -2.500000e+00
     vertex -2.873262e+01 -4.313825e+00  2.500000e+00
     vertex -2.873262e+01 -4.313825e+00 -2.500000e+00
   endloop
 endfacet
 facet normal -8.519132e-01 -5.236830e-01  0.000000e+00
   outer loop
     vertex -2.861831e+01 -4.499782e+00 -2.500000e+00
     vertex -2.861831e+01 -4.499782e+00  2.500000e+00
     vertex -2.873262e+01 -4.313825e+00  2.500000e+00
   endloop
 endfacet
 facet normal -8.410401e-01 -5.409728e-01  0.000000e+00
   outer loop
     vertex -2.849919e+01 -4.684981e+00 -2.500000e+00
     vertex -2.861831e+01 -4.499782e+00  2.500000e+00
     vertex -2.861831e+01 -4.499782e+00 -2.500000e+00
   endloop
 endfacet
 facet normal -8.410401e-01 -5.409728e-01  0.000000e+00
   outer loop
     vertex -2.849919e+01 -4.684981e+00 -2.500000e+00
     vertex -2.849919e+01 -4.684981e+00  2.500000e+00
     vertex -2.861831e+01 -4.499782e+00  2.500000e+00
   endloop
 endfacet
 facet normal -8.300161e-01 -5.577395e-01  0.000000e+00
   outer loop
     vertex -2.837527e+01 -4.869392e+00 -2.500000e+00
     vertex -2.849919e+01 -4.684981e+00  2.500000e+00
     vertex -2.849919e+01 -4.684981e+00 -2.500000e+00
   endloop
 endfacet
 facet normal -8.300161e-01 -5.577395e-01  0.000000e+00
   outer loop
     vertex -2.837527e+01 -4.869392e+00 -2.500000e+00
     vertex -2.837527e+01 -4.869392e+00  2.500000e+00
     vertex -2.849919e+01 -4.684981e+00  2.500000e+00
   endloop
 endfacet
 facet normal -8.188634e-01 -5.739884e-01  0.000000e+00
   outer loop
     vertex -2.837527e+01 -4.869392e+00 -2.500000e+00
     vertex -2.824658e+01 -5.052985e+00  2.500000e+00
     vertex -2.837527e+01 -4.869392e+00  2.500000e+00
   endloop
 endfacet
 facet normal -8.188634e-01 -5.739884e-01  0.000000e+00
   outer loop
     vertex -2.824658e+01 -5.052985e+00 -2.500000e+00
     vertex -2.824658e+01 -5.052985e+00  2.500000e+00
     vertex -2.837527e+01 -4.869392e+00 -2.500000e+00
   endloop
 endfacet
 facet normal -8.076034e-01 -5.897260e-01  0.000000e+00
   outer loop
     vertex -2.811314e+01 -5.235727e+00 -2.500000e+00
     vertex -2.824658e+01 -5.052985e+00  2.500000e+00
     vertex -2.824658e+01 -5.052985e+00 -2.500000e+00
   endloop
 endfacet
 facet normal -8.076034e-01 -5.897260e-01  0.000000e+00
   outer loop
     vertex -2.811314e+01 -5.235727e+00 -2.500000e+00
     vertex -2.811314e+01 -5.235727e+00  2.500000e+00
     vertex -2.824658e+01 -5.052985e+00  2.500000e+00
   endloop
 endfacet
 facet normal -7.962559e-01 -6.049600e-01  0.000000e+00
   outer loop
     vertex -2.797497e+01 -5.417589e+00 -2.500000e+00
     vertex -2.811314e+01 -5.235727e+00  2.500000e+00
     vertex -2.811314e+01 -5.235727e+00 -2.500000e+00
   endloop
 endfacet
 facet normal -7.962559e-01 -6.049600e-01  0.000000e+00
   outer loop
     vertex -2.797497e+01 -5.417589e+00 -2.500000e+00
     vertex -2.797497e+01 -5.417589e+00  2.500000e+00
     vertex -2.811314e+01 -5.235727e+00  2.500000e+00
   endloop
 endfacet
 facet normal -7.848396e-01 -6.196989e-01  0.000000e+00
   outer loop
     vertex -2.797497e+01 -5.417589e+00 -2.500000e+00
     vertex -2.783209e+01 -5.598539e+00  2.500000e+00
     vertex -2.797497e+01 -5.417589e+00  2.500000e+00
   endloop
 endfacet
 facet normal -7.848396e-01 -6.196989e-01  0.000000e+00
   outer loop
     vertex -2.783209e+01 -5.598539e+00 -2.500000e+00
     vertex -2.783209e+01 -5.598539e+00  2.500000e+00
     vertex -2.797497e+01 -5.417589e+00 -2.500000e+00
   endloop
 endfacet
 facet normal -7.733722e-01 -6.339523e-01  0.000000e+00
   outer loop
     vertex -2.768454e+01 -5.778548e+00 -2.500000e+00
     vertex -2.783209e+01 -5.598539e+00  2.500000e+00
     vertex -2.783209e+01 -5.598539e+00 -2.500000e+00
   endloop
 endfacet
 facet normal -7.733722e-01 -6.339523e-01  0.000000e+00
   outer loop
     vertex -2.768454e+01 -5.778548e+00 -2.500000e+00
     vertex -2.768454e+01 -5.778548e+00  2.500000e+00
     vertex -2.783209e+01 -5.598539e+00  2.500000e+00
   endloop
 endfacet
 facet normal -7.618698e-01 -6.477302e-01  0.000000e+00
   outer loop
     vertex -2.753232e+01 -5.957585e+00 -2.500000e+00
     vertex -2.768454e+01 -5.778548e+00  2.500000e+00
     vertex -2.768454e+01 -5.778548e+00 -2.500000e+00
   endloop
 endfacet
 facet normal -7.618698e-01 -6.477302e-01  0.000000e+00
   outer loop
     vertex -2.753232e+01 -5.957585e+00 -2.500000e+00
     vertex -2.753232e+01 -5.957585e+00  2.500000e+00
     vertex -2.768454e+01 -5.778548e+00  2.500000e+00
   endloop
 endfacet
 facet normal -7.503477e-01 -6.610433e-01  0.000000e+00
   outer loop
     vertex -2.737548e+01 -6.135620e+00 -2.500000e+00
     vertex -2.753232e+01 -5.957585e+00  2.500000e+00
     vertex -2.753232e+01 -5.957585e+00 -2.500000e+00
   endloop
 endfacet
 facet normal -7.503477e-01 -6.610433e-01  0.000000e+00
   outer loop
     vertex -2.737548e+01 -6.135620e+00 -2.500000e+00
     vertex -2.737548e+01 -6.135620e+00  2.500000e+00
     vertex -2.753232e+01 -5.957585e+00  2.500000e+00
   endloop
 endfacet
 facet normal -7.388198e-01 -6.739030e-01  0.000000e+00
   outer loop
     vertex -2.721403e+01 -6.312622e+00 -2.500000e+00
     vertex -2.737548e+01 -6.135620e+00  2.500000e+00
     vertex -2.737548e+01 -6.135620e+00 -2.500000e+00
   endloop
 endfacet
 facet normal -7.388198e-01 -6.739030e-01  0.000000e+00
   outer loop
     vertex -2.721403e+01 -6.312622e+00 -2.500000e+00
     vertex -2.721403e+01 -6.312622e+00  2.500000e+00
     vertex -2.737548e+01 -6.135620e+00  2.500000e+00
   endloop
 endfacet
 facet normal -7.272990e-01 -6.863208e-01  0.000000e+00
   outer loop
     vertex -2.721403e+01 -6.312622e+00 -2.500000e+00
     vertex -2.704800e+01 -6.488563e+00  2.500000e+00
     vertex -2.721403e+01 -6.312622e+00  2.500000e+00
   endloop
 endfacet
 facet normal -7.272990e-01 -6.863208e-01  0.000000e+00
   outer loop
     vertex -2.704800e+01 -6.488563e+00 -2.500000e+00
     vertex -2.704800e+01 -6.488563e+00  2.500000e+00
     vertex -2.721403e+01 -6.312622e+00 -2.500000e+00
   endloop
 endfacet
 facet normal -7.157970e-01 -6.983085e-01  0.000000e+00
   outer loop
     vertex -2.687742e+01 -6.663412e+00 -2.500000e+00
     vertex -2.687742e+01 -6.663412e+00  2.500000e+00
     vertex -2.704800e+01 -6.488563e+00  2.500000e+00
   endloop
 endfacet
 facet normal -7.157970e-01 -6.983085e-01  0.000000e+00
   outer loop
     vertex -2.687742e+01 -6.663412e+00 -2.500000e+00
     vertex -2.704800e+01 -6.488563e+00  2.500000e+00
     vertex -2.704800e+01 -6.488563e+00 -2.500000e+00
   endloop
 endfacet
 facet normal -7.043246e-01 -7.098781e-01  0.000000e+00
   outer loop
     vertex -2.670232e+01 -6.837141e+00 -2.500000e+00
     vertex -2.670232e+01 -6.837141e+00  2.500000e+00
     vertex -2.687742e+01 -6.663412e+00  2.500000e+00
   endloop
 endfacet
 facet normal -6.928915e-01 -7.210418e-01  0.000000e+00
   outer loop
     vertex -2.670232e+01 -6.837141e+00 -2.500000e+00
     vertex -2.652273e+01 -7.009719e+00  2.500000e+00
     vertex -2.670232e+01 -6.837141e+00  2.500000e+00
   endloop
 endfacet
 facet normal -7.043246e-01 -7.098781e-01  0.000000e+00
   outer loop
     vertex -2.670232e+01 -6.837141e+00 -2.500000e+00
     vertex -2.687742e+01 -6.663412e+00  2.500000e+00
     vertex -2.687742e+01 -6.663412e+00 -2.500000e+00
   endloop
 endfacet
 facet normal -6.928915e-01 -7.210418e-01  0.000000e+00
   outer loop
     vertex -2.652273e+01 -7.009719e+00 -2.500000e+00
     vertex -2.652273e+01 -7.009719e+00  2.500000e+00
     vertex -2.670232e+01 -6.837141e+00 -2.500000e+00
   endloop
 endfacet
 facet normal -6.815067e-01 -7.318118e-01  0.000000e+00
   outer loop
     vertex -2.633868e+01 -7.181119e+00 -2.500000e+00
     vertex -2.652273e+01 -7.009719e+00  2.500000e+00
     vertex -2.652273e+01 -7.009719e+00 -2.500000e+00
   endloop
 endfacet
 facet normal -6.815067e-01 -7.318118e-01  0.000000e+00
   outer loop
     vertex -2.633868e+01 -7.181119e+00 -2.500000e+00
     vertex -2.633868e+01 -7.181119e+00  2.500000e+00
     vertex -2.652273e+01 -7.009719e+00  2.500000e+00
   endloop
 endfacet
 facet normal -6.701781e-01 -7.422003e-01  0.000000e+00
   outer loop
     vertex -2.615020e+01 -7.351310e+00 -2.500000e+00
     vertex -2.633868e+01 -7.181119e+00  2.500000e+00
     vertex -2.633868e+01 -7.181119e+00 -2.500000e+00
   endloop
 endfacet
 facet normal -6.701781e-01 -7.422003e-01  0.000000e+00
   outer loop
     vertex -2.615020e+01 -7.351310e+00 -2.500000e+00
     vertex -2.615020e+01 -7.351310e+00  2.500000e+00
     vertex -2.633868e+01 -7.181119e+00  2.500000e+00
   endloop
 endfacet
 facet normal -6.570418e-01 -7.538541e-01  0.000000e+00
   outer loop
     vertex -2.615020e+01 -7.351310e+00 -2.500000e+00
     vertex -2.589205e+01 -7.576304e+00  2.500000e+00
     vertex -2.615020e+01 -7.351310e+00  2.500000e+00
   endloop
 endfacet
 facet normal -6.570418e-01 -7.538541e-01  0.000000e+00
   outer loop
     vertex -2.589205e+01 -7.576304e+00 -2.500000e+00
     vertex -2.589205e+01 -7.576304e+00  2.500000e+00
     vertex -2.615020e+01 -7.351310e+00 -2.500000e+00
   endloop
 endfacet
 facet normal -6.412207e-01 -7.673565e-01  0.000000e+00
   outer loop
     vertex -2.559239e+01 -7.826710e+00 -2.500000e+00
     vertex -2.589205e+01 -7.576304e+00  2.500000e+00
     vertex -2.589205e+01 -7.576304e+00 -2.500000e+00
   endloop
 endfacet
 facet normal -6.412207e-01 -7.673565e-01  0.000000e+00
   outer loop
     vertex -2.559239e+01 -7.826710e+00 -2.500000e+00
     vertex -2.559239e+01 -7.826710e+00  2.500000e+00
     vertex -2.589205e+01 -7.576304e+00  2.500000e+00
   endloop
 endfacet
 facet normal -6.246401e-01 -7.809128e-01  0.000000e+00
   outer loop
     vertex -2.528304e+01 -8.074155e+00 -2.500000e+00
     vertex -2.528304e+01 -8.074155e+00  2.500000e+00
     vertex -2.559239e+01 -7.826710e+00  2.500000e+00
   endloop
 endfacet
 facet normal -6.246401e-01 -7.809128e-01  0.000000e+00
   outer loop
     vertex -2.528304e+01 -8.074155e+00 -2.500000e+00
     vertex -2.559239e+01 -7.826710e+00  2.500000e+00
     vertex -2.559239e+01 -7.826710e+00 -2.500000e+00
   endloop
 endfacet
 facet normal -6.082502e-01 -7.937453e-01  0.000000e+00
   outer loop
     vertex -2.496412e+01 -8.318543e+00 -2.500000e+00
     vertex -2.496412e+01 -8.318543e+00  2.500000e+00
     vertex -2.528304e+01 -8.074155e+00  2.500000e+00
   endloop
 endfacet
 facet normal -6.082502e-01 -7.937453e-01  0.000000e+00
   outer loop
     vertex -2.496412e+01 -8.318543e+00 -2.500000e+00
     vertex -2.528304e+01 -8.074155e+00  2.500000e+00
     vertex -2.528304e+01 -8.074155e+00 -2.500000e+00
   endloop
 endfacet
 facet normal -5.920630e-01 -8.058917e-01  0.000000e+00
   outer loop
     vertex -2.463575e+01 -8.559784e+00 -2.500000e+00
     vertex -2.463575e+01 -8.559784e+00  2.500000e+00
     vertex -2.496412e+01 -8.318543e+00  2.500000e+00
   endloop
 endfacet
 facet normal -5.920630e-01 -8.058917e-01  0.000000e+00
   outer loop
     vertex -2.463575e+01 -8.559784e+00 -2.500000e+00
     vertex -2.496412e+01 -8.318543e+00  2.500000e+00
     vertex -2.496412e+01 -8.318543e+00 -2.500000e+00
   endloop
 endfacet
 facet normal -5.760876e-01 -8.173880e-01  0.000000e+00
   outer loop
     vertex -2.429806e+01 -8.797785e+00 -2.500000e+00
     vertex -2.429806e+01 -8.797785e+00  2.500000e+00
     vertex -2.463575e+01 -8.559784e+00  2.500000e+00
   endloop
 endfacet
 facet normal -5.760876e-01 -8.173880e-01  0.000000e+00
   outer loop
     vertex -2.429806e+01 -8.797785e+00 -2.500000e+00
     vertex -2.463575e+01 -8.559784e+00  2.500000e+00
     vertex -2.463575e+01 -8.559784e+00 -2.500000e+00
   endloop
 endfacet
 facet normal -5.603310e-01 -8.282688e-01  0.000000e+00
   outer loop
     vertex -2.395118e+01 -9.032456e+00 -2.500000e+00
     vertex -2.395118e+01 -9.032456e+00  2.500000e+00
     vertex -2.429806e+01 -8.797785e+00  2.500000e+00
   endloop
 endfacet
 facet normal -5.603310e-01 -8.282688e-01  0.000000e+00
   outer loop
     vertex -2.395118e+01 -9.032456e+00 -2.500000e+00
     vertex -2.429806e+01 -8.797785e+00  2.500000e+00
     vertex -2.429806e+01 -8.797785e+00 -2.500000e+00
   endloop
 endfacet
 facet normal -5.447981e-01 -8.385673e-01  0.000000e+00
   outer loop
     vertex -2.359523e+01 -9.263709e+00 -2.500000e+00
     vertex -2.359523e+01 -9.263709e+00  2.500000e+00
     vertex -2.395118e+01 -9.032456e+00  2.500000e+00
   endloop
 endfacet
 facet normal -5.294920e-01 -8.483149e-01  0.000000e+00
   outer loop
     vertex -2.359523e+01 -9.263709e+00 -2.500000e+00
     vertex -2.323035e+01 -9.491456e+00  2.500000e+00
     vertex -2.359523e+01 -9.263709e+00  2.500000e+00
   endloop
 endfacet
 facet normal -5.447981e-01 -8.385673e-01  0.000000e+00
   outer loop
     vertex -2.359523e+01 -9.263709e+00 -2.500000e+00
     vertex -2.395118e+01 -9.032456e+00  2.500000e+00
     vertex -2.395118e+01 -9.032456e+00 -2.500000e+00
   endloop
 endfacet
 facet normal -5.294920e-01 -8.483149e-01  0.000000e+00
   outer loop
     vertex -2.323035e+01 -9.491456e+00 -2.500000e+00
     vertex -2.323035e+01 -9.491456e+00  2.500000e+00
     vertex -2.359523e+01 -9.263709e+00 -2.500000e+00
   endloop
 endfacet
 facet normal -5.144142e-01 -8.575418e-01  0.000000e+00
   outer loop
     vertex -2.285668e+01 -9.715610e+00 -2.500000e+00
     vertex -2.285668e+01 -9.715610e+00  2.500000e+00
     vertex -2.323035e+01 -9.491456e+00  2.500000e+00
   endloop
 endfacet
 facet normal -5.144142e-01 -8.575418e-01  0.000000e+00
   outer loop
     vertex -2.285668e+01 -9.715610e+00 -2.500000e+00
     vertex -2.323035e+01 -9.491456e+00  2.500000e+00
     vertex -2.323035e+01 -9.491456e+00 -2.500000e+00
   endloop
 endfacet
 facet normal -4.995650e-01 -8.662764e-01  0.000000e+00
   outer loop
     vertex -2.247435e+01 -9.936088e+00 -2.500000e+00
     vertex -2.247435e+01 -9.936088e+00  2.500000e+00
     vertex -2.285668e+01 -9.715610e+00  2.500000e+00
   endloop
 endfacet
 facet normal -4.995650e-01 -8.662764e-01  0.000000e+00
   outer loop
     vertex -2.247435e+01 -9.936088e+00 -2.500000e+00
     vertex -2.285668e+01 -9.715610e+00  2.500000e+00
     vertex -2.285668e+01 -9.715610e+00 -2.500000e+00
   endloop
 endfacet
 facet normal -4.849433e-01 -8.745456e-01  0.000000e+00
   outer loop
     vertex -2.208353e+01 -1.015281e+01 -2.500000e+00
     vertex -2.208353e+01 -1.015281e+01  2.500000e+00
     vertex -2.247435e+01 -9.936088e+00  2.500000e+00
   endloop
 endfacet
 facet normal -4.705472e-01 -8.823748e-01  0.000000e+00
   outer loop
     vertex -2.208353e+01 -1.015281e+01 -2.500000e+00
     vertex -2.168434e+01 -1.036568e+01  2.500000e+00
     vertex -2.208353e+01 -1.015281e+01  2.500000e+00
   endloop
 endfacet
 facet normal -4.849433e-01 -8.745456e-01  0.000000e+00
   outer loop
     vertex -2.208353e+01 -1.015281e+01 -2.500000e+00
     vertex -2.247435e+01 -9.936088e+00  2.500000e+00
     vertex -2.247435e+01 -9.936088e+00 -2.500000e+00
   endloop
 endfacet
 facet normal -4.705472e-01 -8.823748e-01  0.000000e+00
   outer loop
     vertex -2.168434e+01 -1.036568e+01 -2.500000e+00
     vertex -2.168434e+01 -1.036568e+01  2.500000e+00
     vertex -2.208353e+01 -1.015281e+01 -2.500000e+00
   endloop
 endfacet
 facet normal -4.563738e-01 -8.897881e-01  0.000000e+00
   outer loop
     vertex -2.168434e+01 -1.036568e+01 -2.500000e+00
     vertex -2.127695e+01 -1.057463e+01  2.500000e+00
     vertex -2.168434e+01 -1.036568e+01  2.500000e+00
   endloop
 endfacet
 facet normal -4.563738e-01 -8.897881e-01  0.000000e+00
   outer loop
     vertex -2.127695e+01 -1.057463e+01 -2.500000e+00
     vertex -2.127695e+01 -1.057463e+01  2.500000e+00
     vertex -2.168434e+01 -1.036568e+01 -2.500000e+00
   endloop
 endfacet
 facet normal -4.424197e-01 -8.968081e-01  0.000000e+00
   outer loop
     vertex -2.086150e+01 -1.077958e+01 -2.500000e+00
     vertex -2.086150e+01 -1.077958e+01  2.500000e+00
     vertex -2.127695e+01 -1.057463e+01  2.500000e+00
   endloop
 endfacet
 facet normal -4.264115e-01 -9.045293e-01  0.000000e+00
   outer loop
     vertex -2.086150e+01 -1.077958e+01 -2.500000e+00
     vertex -2.029532e+01 -1.104649e+01  2.500000e+00
     vertex -2.086150e+01 -1.077958e+01  2.500000e+00
   endloop
 endfacet
 facet normal -4.424197e-01 -8.968081e-01  0.000000e+00
   outer loop
     vertex -2.086150e+01 -1.077958e+01 -2.500000e+00
     vertex -2.127695e+01 -1.057463e+01  2.500000e+00
     vertex -2.127695e+01 -1.057463e+01 -2.500000e+00
   endloop
 endfacet
 facet normal -4.264115e-01 -9.045293e-01  0.000000e+00
   outer loop
     vertex -2.029532e+01 -1.104649e+01 -2.500000e+00
     vertex -2.029532e+01 -1.104649e+01  2.500000e+00
     vertex -2.086150e+01 -1.077958e+01 -2.500000e+00
   endloop
 endfacet
 facet normal -4.073559e-01 -9.132695e-01  0.000000e+00
   outer loop
     vertex -1.964207e+01 -1.133787e+01 -2.500000e+00
     vertex -1.964207e+01 -1.133787e+01  2.500000e+00
     vertex -2.029532e+01 -1.104649e+01  2.500000e+00
   endloop
 endfacet
 facet normal -4.073559e-01 -9.132695e-01  0.000000e+00
   outer loop
     vertex -1.964207e+01 -1.133787e+01 -2.500000e+00
     vertex -2.029532e+01 -1.104649e+01  2.500000e+00
     vertex -2.029532e+01 -1.104649e+01 -2.500000e+00
   endloop
 endfacet
 facet normal -3.876218e-01 -9.218185e-01  0.000000e+00
   outer loop
     vertex -1.897209e+01 -1.161959e+01 -2.500000e+00
     vertex -1.897209e+01 -1.161959e+01  2.500000e+00
     vertex -1.964207e+01 -1.133787e+01  2.500000e+00
   endloop
 endfacet
 facet normal -3.683242e-01 -9.296974e-01  0.000000e+00
   outer loop
     vertex -1.897209e+01 -1.161959e+01 -2.500000e+00
     vertex -1.828596e+01 -1.189142e+01  2.500000e+00
     vertex -1.897209e+01 -1.161959e+01  2.500000e+00
   endloop
 endfacet
 facet normal -3.876218e-01 -9.218185e-01  0.000000e+00
   outer loop
     vertex -1.897209e+01 -1.161959e+01 -2.500000e+00
     vertex -1.964207e+01 -1.133787e+01  2.500000e+00
     vertex -1.964207e+01 -1.133787e+01 -2.500000e+00
   endloop
 endfacet
 facet normal -3.683242e-01 -9.296974e-01  0.000000e+00
   outer loop
     vertex -1.828596e+01 -1.189142e+01 -2.500000e+00
     vertex -1.828596e+01 -1.189142e+01  2.500000e+00
     vertex -1.897209e+01 -1.161959e+01 -2.500000e+00
   endloop
 endfacet
 facet normal -3.494436e-01 -9.369574e-01  0.000000e+00
   outer loop
     vertex -1.758425e+01 -1.215313e+01 -2.500000e+00
     vertex -1.758425e+01 -1.215313e+01  2.500000e+00
     vertex -1.828596e+01 -1.189142e+01  2.500000e+00
   endloop
 endfacet
 facet normal -3.309594e-01 -9.436450e-01  0.000000e+00
   outer loop
     vertex -1.758425e+01 -1.215313e+01 -2.500000e+00
     vertex -1.686757e+01 -1.240448e+01  2.500000e+00
     vertex -1.758425e+01 -1.215313e+01  2.500000e+00
   endloop
 endfacet
 facet normal -3.494436e-01 -9.369574e-01  0.000000e+00
   outer loop
     vertex -1.758425e+01 -1.215313e+01 -2.500000e+00
     vertex -1.828596e+01 -1.189142e+01  2.500000e+00
     vertex -1.828596e+01 -1.189142e+01 -2.500000e+00
   endloop
 endfacet
 facet normal -3.309594e-01 -9.436450e-01  0.000000e+00
   outer loop
     vertex -1.686757e+01 -1.240448e+01 -2.500000e+00
     vertex -1.686757e+01 -1.240448e+01  2.500000e+00
     vertex -1.758425e+01 -1.215313e+01 -2.500000e+00
   endloop
 endfacet
 facet normal -3.128510e-01 -9.498022e-01  0.000000e+00
   outer loop
     vertex -1.613653e+01 -1.264528e+01 -2.500000e+00
     vertex -1.613653e+01 -1.264528e+01  2.500000e+00
     vertex -1.686757e+01 -1.240448e+01  2.500000e+00
   endloop
 endfacet
 facet normal -3.128510e-01 -9.498022e-01  0.000000e+00
   outer loop
     vertex -1.613653e+01 -1.264528e+01 -2.500000e+00
     vertex -1.686757e+01 -1.240448e+01  2.500000e+00
     vertex -1.686757e+01 -1.240448e+01 -2.500000e+00
   endloop
 endfacet
 facet normal -2.950975e-01 -9.554672e-01  0.000000e+00
   outer loop
     vertex -1.539175e+01 -1.287531e+01 -2.500000e+00
     vertex -1.539175e+01 -1.287531e+01  2.500000e+00
     vertex -1.613653e+01 -1.264528e+01  2.500000e+00
   endloop
 endfacet
 facet normal -2.950975e-01 -9.554672e-01  0.000000e+00
   outer loop
     vertex -1.539175e+01 -1.287531e+01 -2.500000e+00
     vertex -1.613653e+01 -1.264528e+01  2.500000e+00
     vertex -1.613653e+01 -1.264528e+01 -2.500000e+00
   endloop
 endfacet
 facet normal -2.776781e-01 -9.606742e-01  0.000000e+00
   outer loop
     vertex -1.463387e+01 -1.309437e+01 -2.500000e+00
     vertex -1.463387e+01 -1.309437e+01  2.500000e+00
     vertex -1.539175e+01 -1.287531e+01  2.500000e+00
   endloop
 endfacet
 facet normal -2.776781e-01 -9.606742e-01  0.000000e+00
   outer loop
     vertex -1.463387e+01 -1.309437e+01 -2.500000e+00
     vertex -1.539175e+01 -1.287531e+01  2.500000e+00
     vertex -1.539175e+01 -1.287531e+01 -2.500000e+00
   endloop
 endfacet
 facet normal -2.605721e-01 -9.654544e-01  0.000000e+00
   outer loop
     vertex -1.386352e+01 -1.330228e+01 -2.500000e+00
     vertex -1.386352e+01 -1.330228e+01  2.500000e+00
     vertex -1.463387e+01 -1.309437e+01  2.500000e+00
   endloop
 endfacet
 facet normal -2.437592e-01 -9.698358e-01  0.000000e+00
   outer loop
     vertex -1.386352e+01 -1.330228e+01 -2.500000e+00
     vertex -1.308137e+01 -1.349887e+01  2.500000e+00
     vertex -1.386352e+01 -1.330228e+01  2.500000e+00
   endloop
 endfacet
 facet normal -2.605721e-01 -9.654544e-01  0.000000e+00
   outer loop
     vertex -1.386352e+01 -1.330228e+01 -2.500000e+00
     vertex -1.463387e+01 -1.309437e+01  2.500000e+00
     vertex -1.463387e+01 -1.309437e+01 -2.500000e+00
   endloop
 endfacet
 facet normal -2.437592e-01 -9.698358e-01  0.000000e+00
   outer loop
     vertex -1.308137e+01 -1.349887e+01 -2.500000e+00
     vertex -1.308137e+01 -1.349887e+01  2.500000e+00
     vertex -1.386352e+01 -1.330228e+01 -2.500000e+00
   endloop
 endfacet
 facet normal -2.272194e-01 -9.738436e-01  0.000000e+00
   outer loop
     vertex -1.228807e+01 -1.368396e+01 -2.500000e+00
     vertex -1.308137e+01 -1.349887e+01  2.500000e+00
     vertex -1.308137e+01 -1.349887e+01 -2.500000e+00
   endloop
 endfacet
 facet normal -2.272194e-01 -9.738436e-01  0.000000e+00
   outer loop
     vertex -1.228807e+01 -1.368396e+01 -2.500000e+00
     vertex -1.228807e+01 -1.368396e+01  2.500000e+00
     vertex -1.308137e+01 -1.349887e+01  2.500000e+00
   endloop
 endfacet
 facet normal -2.109330e-01 -9.775005e-01  0.000000e+00
   outer loop
     vertex -1.148432e+01 -1.385740e+01 -2.500000e+00
     vertex -1.228807e+01 -1.368396e+01  2.500000e+00
     vertex -1.228807e+01 -1.368396e+01 -2.500000e+00
   endloop
 endfacet
 facet normal -2.109330e-01 -9.775005e-01  0.000000e+00
   outer loop
     vertex -1.148432e+01 -1.385740e+01 -2.500000e+00
     vertex -1.148432e+01 -1.385740e+01  2.500000e+00
     vertex -1.228807e+01 -1.368396e+01  2.500000e+00
   endloop
 endfacet
 facet normal -1.948807e-01 -9.808269e-01  0.000000e+00
   outer loop
     vertex -1.067079e+01 -1.401904e+01 -2.500000e+00
     vertex -1.148432e+01 -1.385740e+01  2.500000e+00
     vertex -1.148432e+01 -1.385740e+01 -2.500000e+00
   endloop
 endfacet
 facet normal -1.948807e-01 -9.808269e-01  0.000000e+00
   outer loop
     vertex -1.067079e+01 -1.401904e+01 -2.500000e+00
     vertex -1.067079e+01 -1.401904e+01  2.500000e+00
     vertex -1.148432e+01 -1.385740e+01  2.500000e+00
   endloop
 endfacet
 facet normal -1.790438e-01 -9.838411e-01  0.000000e+00
   outer loop
     vertex -1.067079e+01 -1.401904e+01 -2.500000e+00
     vertex -9.848168e+00 -1.416875e+01  2.500000e+00
     vertex -1.067079e+01 -1.401904e+01  2.500000e+00
   endloop
 endfacet
 facet normal -1.790438e-01 -9.838411e-01  0.000000e+00
   outer loop
     vertex -9.848168e+00 -1.416875e+01 -2.500000e+00
     vertex -9.848168e+00 -1.416875e+01  2.500000e+00
     vertex -1.067079e+01 -1.401904e+01 -2.500000e+00
   endloop
 endfacet
 facet normal -1.634037e-01 -9.865593e-01  0.000000e+00
   outer loop
     vertex -9.017163e+00 -1.430639e+01 -2.500000e+00
     vertex -9.848168e+00 -1.416875e+01  2.500000e+00
     vertex -9.848168e+00 -1.416875e+01 -2.500000e+00
   endloop
 endfacet
 facet normal -1.634037e-01 -9.865593e-01  0.000000e+00
   outer loop
     vertex -9.017163e+00 -1.430639e+01 -2.500000e+00
     vertex -9.017163e+00 -1.430639e+01  2.500000e+00
     vertex -9.848168e+00 -1.416875e+01  2.500000e+00
   endloop
 endfacet
 facet normal -1.479425e-01 -9.889960e-01  0.000000e+00
   outer loop
     vertex -8.178480e+00 -1.443184e+01 -2.500000e+00
     vertex -9.017163e+00 -1.430639e+01  2.500000e+00
     vertex -9.017163e+00 -1.430639e+01 -2.500000e+00
   endloop
 endfacet
 facet normal -1.479425e-01 -9.889960e-01  0.000000e+00
   outer loop
     vertex -8.178480e+00 -1.443184e+01 -2.500000e+00
     vertex -8.178480e+00 -1.443184e+01  2.500000e+00
     vertex -9.017163e+00 -1.430639e+01  2.500000e+00
   endloop
 endfacet
 facet normal -1.326425e-01 -9.911639e-01  0.000000e+00
   outer loop
     vertex -7.332834e+00 -1.454501e+01 -2.500000e+00
     vertex -8.178480e+00 -1.443184e+01  2.500000e+00
     vertex -8.178480e+00 -1.443184e+01 -2.500000e+00
   endloop
 endfacet
 facet normal -1.326425e-01 -9.911639e-01  0.000000e+00
   outer loop
     vertex -7.332834e+00 -1.454501e+01 -2.500000e+00
     vertex -7.332834e+00 -1.454501e+01  2.500000e+00
     vertex -8.178480e+00 -1.443184e+01  2.500000e+00
   endloop
 endfacet
 facet normal -1.174865e-01 -9.930745e-01  0.000000e+00
   outer loop
     vertex -6.480943e+00 -1.464580e+01 -2.500000e+00
     vertex -7.332834e+00 -1.454501e+01  2.500000e+00
     vertex -7.332834e+00 -1.454501e+01 -2.500000e+00
   endloop
 endfacet
 facet normal -1.174865e-01 -9.930745e-01  0.000000e+00
   outer loop
     vertex -6.480943e+00 -1.464580e+01 -2.500000e+00
     vertex -6.480943e+00 -1.464580e+01  2.500000e+00
     vertex -7.332834e+00 -1.454501e+01  2.500000e+00
   endloop
 endfacet
 facet normal -9.996392e-02 -9.949911e-01  0.000000e+00
   outer loop
     vertex -5.336630e+00 -1.476076e+01 -2.500000e+00
     vertex -5.336630e+00 -1.476076e+01  2.500000e+00
     vertex -6.480943e+00 -1.464580e+01  2.500000e+00
   endloop
 endfacet
 facet normal -9.996392e-02 -9.949911e-01  0.000000e+00
   outer loop
     vertex -5.336630e+00 -1.476076e+01 -2.500000e+00
     vertex -6.480943e+00 -1.464580e+01  2.500000e+00
     vertex -6.480943e+00 -1.464580e+01 -2.500000e+00
   endloop
 endfacet
 facet normal -7.888095e-02 -9.968840e-01  0.000000e+00
   outer loop
     vertex -4.039709e+00 -1.486338e+01 -2.500000e+00
     vertex -4.039709e+00 -1.486338e+01  2.500000e+00
     vertex -5.336630e+00 -1.476076e+01  2.500000e+00
   endloop
 endfacet
 facet normal -7.888095e-02 -9.968840e-01  0.000000e+00
   outer loop
     vertex -4.039709e+00 -1.486338e+01 -2.500000e+00
     vertex -5.336630e+00 -1.476076e+01  2.500000e+00
     vertex -5.336630e+00 -1.476076e+01 -2.500000e+00
   endloop
 endfacet
 facet normal -5.674192e-02 -9.983889e-01  0.000000e+00
   outer loop
     vertex -2.735050e+00 -1.493753e+01 -2.500000e+00
     vertex -2.735050e+00 -1.493753e+01  2.500000e+00
     vertex -4.039709e+00 -1.486338e+01  2.500000e+00
   endloop
 endfacet
 facet normal -5.674192e-02 -9.983889e-01  0.000000e+00
   outer loop
     vertex -2.735050e+00 -1.493753e+01 -2.500000e+00
     vertex -4.039709e+00 -1.486338e+01  2.500000e+00
     vertex -4.039709e+00 -1.486338e+01 -2.500000e+00
   endloop
 endfacet
 facet normal -3.473936e-02 -9.993964e-01  0.000000e+00
   outer loop
     vertex -1.425151e+00 -1.498306e+01 -2.500000e+00
     vertex -1.425151e+00 -1.498306e+01  2.500000e+00
     vertex -2.735050e+00 -1.493753e+01  2.500000e+00
   endloop
 endfacet
 facet normal -1.282017e-02 -9.999178e-01  0.000000e+00
   outer loop
     vertex -1.425151e+00 -1.498306e+01 -2.500000e+00
     vertex -1.125215e-01 -1.499989e+01  2.500000e+00
     vertex -1.425151e+00 -1.498306e+01  2.500000e+00
   endloop
 endfacet
 facet normal -3.473936e-02 -9.993964e-01  0.000000e+00
   outer loop
     vertex -1.425151e+00 -1.498306e+01 -2.500000e+00
     vertex -2.735050e+00 -1.493753e+01  2.500000e+00
     vertex -2.735050e+00 -1.493753e+01 -2.500000e+00
   endloop
 endfacet
 facet normal -1.282017e-02 -9.999178e-01  0.000000e+00
   outer loop
     vertex -1.125215e-01 -1.499989e+01 -2.500000e+00
     vertex -1.125215e-01 -1.499989e+01  2.500000e+00
     vertex -1.425151e+00 -1.498306e+01 -2.500000e+00
   endloop
 endfacet
 facet normal  9.068304e-03 -9.999589e-01  0.000000e+00
   outer loop
     vertex -1.125215e-01 -1.499989e+01 -2.500000e+00
     vertex  1.200323e+00 -1.498799e+01  2.500000e+00
     vertex -1.125215e-01 -1.499989e+01  2.500000e+00
   endloop
 endfacet
 facet normal  3.097851e-02 -9.995201e-01  0.000000e+00
   outer loop
     vertex  1.200323e+00 -1.498799e+01 -2.500000e+00
     vertex  2.510869e+00 -1.494737e+01  2.500000e+00
     vertex  1.200323e+00 -1.498799e+01  2.500000e+00
   endloop
 endfacet
 facet normal  9.068304e-03 -9.999589e-01  0.000000e+00
   outer loop
     vertex  1.200323e+00 -1.498799e+01 -2.500000e+00
     vertex  1.200323e+00 -1.498799e+01  2.500000e+00
     vertex -1.125215e-01 -1.499989e+01 -2.500000e+00
   endloop
 endfacet
 facet normal  3.097851e-02 -9.995201e-01  0.000000e+00
   outer loop
     vertex  2.510869e+00 -1.494737e+01 -2.500000e+00
     vertex  2.510869e+00 -1.494737e+01  2.500000e+00
     vertex  1.200323e+00 -1.498799e+01 -2.500000e+00
   endloop
 endfacet
 facet normal  5.296302e-02 -9.985965e-01  0.000000e+00
   outer loop
     vertex  3.816604e+00 -1.487812e+01 -2.500000e+00
     vertex  3.816604e+00 -1.487812e+01  2.500000e+00
     vertex  2.510869e+00 -1.494737e+01  2.500000e+00
   endloop
 endfacet
 facet normal  5.296302e-02 -9.985965e-01  0.000000e+00
   outer loop
     vertex  3.816604e+00 -1.487812e+01 -2.500000e+00
     vertex  2.510869e+00 -1.494737e+01  2.500000e+00
     vertex  2.510869e+00 -1.494737e+01 -2.500000e+00
   endloop
 endfacet
 facet normal  7.507487e-02 -9.971779e-01  0.000000e+00
   outer loop
     vertex  5.115028e+00 -1.478036e+01 -2.500000e+00
     vertex  5.115028e+00 -1.478036e+01  2.500000e+00
     vertex  3.816604e+00 -1.487812e+01  2.500000e+00
   endloop
 endfacet
 facet normal  7.507487e-02 -9.971779e-01  0.000000e+00
   outer loop
     vertex  5.115028e+00 -1.478036e+01 -2.500000e+00
     vertex  3.816604e+00 -1.487812e+01  2.500000e+00
     vertex  3.816604e+00 -1.487812e+01 -2.500000e+00
   endloop
 endfacet
 facet normal  9.736779e-02 -9.952485e-01  0.000000e+00
   outer loop
     vertex  6.403653e+00 -1.465429e+01 -2.500000e+00
     vertex  6.403653e+00 -1.465429e+01  2.500000e+00
     vertex  5.115028e+00 -1.478036e+01  2.500000e+00
   endloop
 endfacet
 facet normal  1.198966e-01 -9.927864e-01  0.000000e+00
   outer loop
     vertex  6.403653e+00 -1.465429e+01 -2.500000e+00
     vertex  7.680010e+00 -1.450015e+01  2.500000e+00
     vertex  6.403653e+00 -1.465429e+01  2.500000e+00
   endloop
 endfacet
 facet normal  9.736779e-02 -9.952485e-01  0.000000e+00
   outer loop
     vertex  6.403653e+00 -1.465429e+01 -2.500000e+00
     vertex  5.115028e+00 -1.478036e+01  2.500000e+00
     vertex  5.115028e+00 -1.478036e+01 -2.500000e+00
   endloop
 endfacet
 facet normal  1.198966e-01 -9.927864e-01  0.000000e+00
   outer loop
     vertex  7.680010e+00 -1.450015e+01 -2.500000e+00
     vertex  7.680010e+00 -1.450015e+01  2.500000e+00
     vertex  6.403653e+00 -1.465429e+01 -2.500000e+00
   endloop
 endfacet
 facet normal  1.427172e-01 -9.897635e-01  0.000000e+00
   outer loop
     vertex  8.941655e+00 -1.431823e+01 -2.500000e+00
     vertex  8.941655e+00 -1.431823e+01  2.500000e+00
     vertex  7.680010e+00 -1.450015e+01  2.500000e+00
   endloop
 endfacet
 facet normal  1.427172e-01 -9.897635e-01  0.000000e+00
   outer loop
     vertex  8.941655e+00 -1.431823e+01 -2.500000e+00
     vertex  7.680010e+00 -1.450015e+01  2.500000e+00
     vertex  7.680010e+00 -1.450015e+01 -2.500000e+00
   endloop
 endfacet
 facet normal  1.658875e-01 -9.861447e-01  0.000000e+00
   outer loop
     vertex  1.018617e+01 -1.410888e+01 -2.500000e+00
     vertex  8.941655e+00 -1.431823e+01  2.500000e+00
     vertex  8.941655e+00 -1.431823e+01 -2.500000e+00
   endloop
 endfacet
 facet normal  1.658875e-01 -9.861447e-01  0.000000e+00
   outer loop
     vertex  1.018617e+01 -1.410888e+01 -2.500000e+00
     vertex  1.018617e+01 -1.410888e+01  2.500000e+00
     vertex  8.941655e+00 -1.431823e+01  2.500000e+00
   endloop
 endfacet
 facet normal  1.894666e-01 -9.818872e-01  0.000000e+00
   outer loop
     vertex  1.141117e+01 -1.387250e+01 -2.500000e+00
     vertex  1.141117e+01 -1.387250e+01  2.500000e+00
     vertex  1.018617e+01 -1.410888e+01  2.500000e+00
   endloop
 endfacet
 facet normal  1.894666e-01 -9.818872e-01  0.000000e+00
   outer loop
     vertex  1.141117e+01 -1.387250e+01 -2.500000e+00
     vertex  1.018617e+01 -1.410888e+01  2.500000e+00
     vertex  1.018617e+01 -1.410888e+01 -2.500000e+00
   endloop
 endfacet
 facet normal  2.135162e-01 -9.769395e-01  0.000000e+00
   outer loop
     vertex  1.261431e+01 -1.360955e+01 -2.500000e+00
     vertex  1.261431e+01 -1.360955e+01  2.500000e+00
     vertex  1.141117e+01 -1.387250e+01  2.500000e+00
   endloop
 endfacet
 facet normal  2.135162e-01 -9.769395e-01  0.000000e+00
   outer loop
     vertex  1.261431e+01 -1.360955e+01 -2.500000e+00
     vertex  1.141117e+01 -1.387250e+01  2.500000e+00
     vertex  1.141117e+01 -1.387250e+01 -2.500000e+00
   endloop
 endfacet
 facet normal  2.380995e-01 -9.712408e-01  0.000000e+00
   outer loop
     vertex  1.379329e+01 -1.332052e+01 -2.500000e+00
     vertex  1.379329e+01 -1.332052e+01  2.500000e+00
     vertex  1.261431e+01 -1.360955e+01  2.500000e+00
   endloop
 endfacet
 facet normal  2.380995e-01 -9.712408e-01  0.000000e+00
   outer loop
     vertex  1.379329e+01 -1.332052e+01 -2.500000e+00
     vertex  1.261431e+01 -1.360955e+01  2.500000e+00
     vertex  1.261431e+01 -1.360955e+01 -2.500000e+00
   endloop
 endfacet
 facet normal  2.632821e-01 -9.647189e-01  0.000000e+00
   outer loop
     vertex  1.494584e+01 -1.300598e+01 -2.500000e+00
     vertex  1.494584e+01 -1.300598e+01  2.500000e+00
     vertex  1.379329e+01 -1.332052e+01  2.500000e+00
   endloop
 endfacet
 facet normal  2.891315e-01 -9.572894e-01  0.000000e+00
   outer loop
     vertex  1.494584e+01 -1.300598e+01 -2.500000e+00
     vertex  1.606976e+01 -1.266652e+01  2.500000e+00
     vertex  1.494584e+01 -1.300598e+01  2.500000e+00
   endloop
 endfacet
 facet normal  2.632821e-01 -9.647189e-01  0.000000e+00
   outer loop
     vertex  1.494584e+01 -1.300598e+01 -2.500000e+00
     vertex  1.379329e+01 -1.332052e+01  2.500000e+00
     vertex  1.379329e+01 -1.332052e+01 -2.500000e+00
   endloop
 endfacet
 facet normal  2.891315e-01 -9.572894e-01  0.000000e+00
   outer loop
     vertex  1.606976e+01 -1.266652e+01 -2.500000e+00
     vertex  1.606976e+01 -1.266652e+01  2.500000e+00
     vertex  1.494584e+01 -1.300598e+01 -2.500000e+00
   endloop
 endfacet
 facet normal  3.143690e-01 -9.493009e-01  0.000000e+00
   outer loop
     vertex  1.705503e+01 -1.234024e+01 -2.500000e+00
     vertex  1.705503e+01 -1.234024e+01  2.500000e+00
     vertex  1.606976e+01 -1.266652e+01  2.500000e+00
   endloop
 endfacet
 facet normal  3.143690e-01 -9.493009e-01  0.000000e+00
   outer loop
     vertex  1.705503e+01 -1.234024e+01 -2.500000e+00
     vertex  1.606976e+01 -1.266652e+01  2.500000e+00
     vertex  1.606976e+01 -1.266652e+01 -2.500000e+00
   endloop
 endfacet
 facet normal  3.377003e-01 -9.412537e-01  0.000000e+00
   outer loop
     vertex  1.791919e+01 -1.203020e+01 -2.500000e+00
     vertex  1.705503e+01 -1.234024e+01  2.500000e+00
     vertex  1.705503e+01 -1.234024e+01 -2.500000e+00
   endloop
 endfacet
 facet normal  3.377003e-01 -9.412537e-01  0.000000e+00
   outer loop
     vertex  1.791919e+01 -1.203020e+01 -2.500000e+00
     vertex  1.791919e+01 -1.203020e+01  2.500000e+00
     vertex  1.705503e+01 -1.234024e+01  2.500000e+00
   endloop
 endfacet
 facet normal  3.603845e-01 -9.328038e-01  0.000000e+00
   outer loop
     vertex  1.876082e+01 -1.170504e+01 -2.500000e+00
     vertex  1.791919e+01 -1.203020e+01  2.500000e+00
     vertex  1.791919e+01 -1.203020e+01 -2.500000e+00
   endloop
 endfacet
 facet normal  3.603845e-01 -9.328038e-01  0.000000e+00
   outer loop
     vertex  1.876082e+01 -1.170504e+01 -2.500000e+00
     vertex  1.876082e+01 -1.170504e+01  2.500000e+00
     vertex  1.791919e+01 -1.203020e+01  2.500000e+00
   endloop
 endfacet
 facet normal  3.836717e-01 -9.234696e-01  0.000000e+00
   outer loop
     vertex  1.957887e+01 -1.136516e+01 -2.500000e+00
     vertex  1.876082e+01 -1.170504e+01  2.500000e+00
     vertex  1.876082e+01 -1.170504e+01 -2.500000e+00
   endloop
 endfacet
 facet normal  3.836717e-01 -9.234696e-01  0.000000e+00
   outer loop
     vertex  1.957887e+01 -1.136516e+01 -2.500000e+00
     vertex  1.957887e+01 -1.136516e+01  2.500000e+00
     vertex  1.876082e+01 -1.170504e+01  2.500000e+00
   endloop
 endfacet
 facet normal  4.075975e-01 -9.131617e-01  0.000000e+00
   outer loop
     vertex  2.037231e+01 -1.101101e+01 -2.500000e+00
     vertex  1.957887e+01 -1.136516e+01  2.500000e+00
     vertex  1.957887e+01 -1.136516e+01 -2.500000e+00
   endloop
 endfacet
 facet normal  4.075975e-01 -9.131617e-01  0.000000e+00
   outer loop
     vertex  2.037231e+01 -1.101101e+01 -2.500000e+00
     vertex  2.037231e+01 -1.101101e+01  2.500000e+00
     vertex  1.957887e+01 -1.136516e+01  2.500000e+00
   endloop
 endfacet
 facet normal  4.309494e-01 -9.023761e-01  0.000000e+00
   outer loop
     vertex  2.106454e+01 -1.068042e+01 -2.500000e+00
     vertex  2.037231e+01 -1.101101e+01  2.500000e+00
     vertex  2.037231e+01 -1.101101e+01 -2.500000e+00
   endloop
 endfacet
 facet normal  4.309494e-01 -9.023761e-01  0.000000e+00
   outer loop
     vertex  2.106454e+01 -1.068042e+01 -2.500000e+00
     vertex  2.106454e+01 -1.068042e+01  2.500000e+00
     vertex  2.037231e+01 -1.101101e+01  2.500000e+00
   endloop
 endfacet
 facet normal  4.525069e-01 -8.917609e-01  0.000000e+00
   outer loop
     vertex  2.166923e+01 -1.037358e+01 -2.500000e+00
     vertex  2.106454e+01 -1.068042e+01  2.500000e+00
     vertex  2.106454e+01 -1.068042e+01 -2.500000e+00
   endloop
 endfacet
 facet normal  4.525069e-01 -8.917609e-01  0.000000e+00
   outer loop
     vertex  2.166923e+01 -1.037358e+01 -2.500000e+00
     vertex  2.166923e+01 -1.037358e+01  2.500000e+00
     vertex  2.106454e+01 -1.068042e+01  2.500000e+00
   endloop
 endfacet
 facet normal  4.734180e-01 -8.808379e-01  0.000000e+00
   outer loop
     vertex  2.166923e+01 -1.037358e+01 -2.500000e+00
     vertex  2.225605e+01 -1.005818e+01  2.500000e+00
     vertex  2.166923e+01 -1.037358e+01  2.500000e+00
   endloop
 endfacet
 facet normal  4.734180e-01 -8.808379e-01  0.000000e+00
   outer loop
     vertex  2.225605e+01 -1.005818e+01 -2.500000e+00
     vertex  2.225605e+01 -1.005818e+01  2.500000e+00
     vertex  2.166923e+01 -1.037358e+01 -2.500000e+00
   endloop
 endfacet
 facet normal  4.948157e-01 -8.689979e-01  0.000000e+00
   outer loop
     vertex  2.282451e+01 -9.734496e+00 -2.500000e+00
     vertex  2.225605e+01 -1.005818e+01  2.500000e+00
     vertex  2.225605e+01 -1.005818e+01 -2.500000e+00
   endloop
 endfacet
 facet normal  4.948157e-01 -8.689979e-01  0.000000e+00
   outer loop
     vertex  2.282451e+01 -9.734496e+00 -2.500000e+00
     vertex  2.282451e+01 -9.734496e+00  2.500000e+00
     vertex  2.225605e+01 -1.005818e+01  2.500000e+00
   endloop
 endfacet
 facet normal  5.167080e-01 -8.561617e-01  0.000000e+00
   outer loop
     vertex  2.337415e+01 -9.402779e+00 -2.500000e+00
     vertex  2.282451e+01 -9.734496e+00  2.500000e+00
     vertex  2.282451e+01 -9.734496e+00 -2.500000e+00
   endloop
 endfacet
 facet normal  5.167080e-01 -8.561617e-01  0.000000e+00
   outer loop
     vertex  2.337415e+01 -9.402779e+00 -2.500000e+00
     vertex  2.337415e+01 -9.402779e+00  2.500000e+00
     vertex  2.282451e+01 -9.734496e+00  2.500000e+00
   endloop
 endfacet
 facet normal  5.390981e-01 -8.422430e-01  0.000000e+00
   outer loop
     vertex  2.337415e+01 -9.402779e+00 -2.500000e+00
     vertex  2.390452e+01 -9.063307e+00  2.500000e+00
     vertex  2.337415e+01 -9.402779e+00  2.500000e+00
   endloop
 endfacet
 facet normal  5.390981e-01 -8.422430e-01  0.000000e+00
   outer loop
     vertex  2.390452e+01 -9.063307e+00 -2.500000e+00
     vertex  2.390452e+01 -9.063307e+00  2.500000e+00
     vertex  2.337415e+01 -9.402779e+00 -2.500000e+00
   endloop
 endfacet
 facet normal  5.608278e-01 -8.279325e-01  0.000000e+00
   outer loop
     vertex  2.436500e+01 -8.751384e+00 -2.500000e+00
     vertex  2.390452e+01 -9.063307e+00  2.500000e+00
     vertex  2.390452e+01 -9.063307e+00 -2.500000e+00
   endloop
 endfacet
 facet normal  5.608278e-01 -8.279325e-01  0.000000e+00
   outer loop
     vertex  2.436500e+01 -8.751384e+00 -2.500000e+00
     vertex  2.436500e+01 -8.751384e+00  2.500000e+00
     vertex  2.390452e+01 -9.063307e+00  2.500000e+00
   endloop
 endfacet
 facet normal  5.807606e-01 -8.140744e-01  0.000000e+00
   outer loop
     vertex  2.476552e+01 -8.465648e+00 -2.500000e+00
     vertex  2.476552e+01 -8.465648e+00  2.500000e+00
     vertex  2.436500e+01 -8.751384e+00  2.500000e+00
   endloop
 endfacet
 facet normal  5.807606e-01 -8.140744e-01  0.000000e+00
   outer loop
     vertex  2.476552e+01 -8.465648e+00 -2.500000e+00
     vertex  2.436500e+01 -8.751384e+00  2.500000e+00
     vertex  2.436500e+01 -8.751384e+00 -2.500000e+00
   endloop
 endfacet
 facet normal  5.999633e-01 -8.000275e-01  0.000000e+00
   outer loop
     vertex  2.515265e+01 -8.175332e+00 -2.500000e+00
     vertex  2.515265e+01 -8.175332e+00  2.500000e+00
     vertex  2.476552e+01 -8.465648e+00  2.500000e+00
   endloop
 endfacet
 facet normal  5.999633e-01 -8.000275e-01  0.000000e+00
   outer loop
     vertex  2.515265e+01 -8.175332e+00 -2.500000e+00
     vertex  2.476552e+01 -8.465648e+00  2.500000e+00
     vertex  2.476552e+01 -8.465648e+00 -2.500000e+00
   endloop
 endfacet
 facet normal  6.194628e-01 -7.850260e-01  0.000000e+00
   outer loop
     vertex  2.552616e+01 -7.880592e+00 -2.500000e+00
     vertex  2.552616e+01 -7.880592e+00  2.500000e+00
     vertex  2.515265e+01 -8.175332e+00  2.500000e+00
   endloop
 endfacet
 facet normal  6.194628e-01 -7.850260e-01  0.000000e+00
   outer loop
     vertex  2.552616e+01 -7.880592e+00 -2.500000e+00
     vertex  2.515265e+01 -8.175332e+00  2.500000e+00
     vertex  2.515265e+01 -8.175332e+00 -2.500000e+00
   endloop
 endfacet
 facet normal  6.392405e-01 -7.690069e-01  0.000000e+00
   outer loop
     vertex  2.588587e+01 -7.581587e+00 -2.500000e+00
     vertex  2.588587e+01 -7.581587e+00  2.500000e+00
     vertex  2.552616e+01 -7.880592e+00  2.500000e+00
   endloop
 endfacet
 facet normal  6.392405e-01 -7.690069e-01  0.000000e+00
   outer loop
     vertex  2.588587e+01 -7.581587e+00 -2.500000e+00
     vertex  2.552616e+01 -7.880592e+00  2.500000e+00
     vertex  2.552616e+01 -7.880592e+00 -2.500000e+00
   endloop
 endfacet
 facet normal  6.592722e-01 -7.519043e-01  0.000000e+00
   outer loop
     vertex  2.623156e+01 -7.278480e+00 -2.500000e+00
     vertex  2.623156e+01 -7.278480e+00  2.500000e+00
     vertex  2.588587e+01 -7.581587e+00  2.500000e+00
   endloop
 endfacet
 facet normal  6.592722e-01 -7.519043e-01  0.000000e+00
   outer loop
     vertex  2.623156e+01 -7.278480e+00 -2.500000e+00
     vertex  2.588587e+01 -7.581587e+00  2.500000e+00
     vertex  2.588587e+01 -7.581587e+00 -2.500000e+00
   endloop
 endfacet
 facet normal  6.785095e-01 -7.345916e-01  0.000000e+00
   outer loop
     vertex  2.653056e+01 -7.002312e+00 -2.500000e+00
     vertex  2.653056e+01 -7.002312e+00  2.500000e+00
     vertex  2.623156e+01 -7.278480e+00  2.500000e+00
   endloop
 endfacet
 facet normal  6.959681e-01 -7.180727e-01  0.000000e+00
   outer loop
     vertex  2.653056e+01 -7.002312e+00 -2.500000e+00
     vertex  2.678971e+01 -6.751133e+00  2.500000e+00
     vertex  2.653056e+01 -7.002312e+00  2.500000e+00
   endloop
 endfacet
 facet normal  6.785095e-01 -7.345916e-01  0.000000e+00
   outer loop
     vertex  2.653056e+01 -7.002312e+00 -2.500000e+00
     vertex  2.623156e+01 -7.278480e+00  2.500000e+00
     vertex  2.623156e+01 -7.278480e+00 -2.500000e+00
   endloop
 endfacet
 facet normal  6.959681e-01 -7.180727e-01  0.000000e+00
   outer loop
     vertex  2.678971e+01 -6.751133e+00 -2.500000e+00
     vertex  2.678971e+01 -6.751133e+00  2.500000e+00
     vertex  2.653056e+01 -7.002312e+00 -2.500000e+00
   endloop
 endfacet
 facet normal  7.126077e-01 -7.015627e-01  0.000000e+00
   outer loop
     vertex  2.703936e+01 -6.497557e+00 -2.500000e+00
     vertex  2.703936e+01 -6.497557e+00  2.500000e+00
     vertex  2.678971e+01 -6.751133e+00  2.500000e+00
   endloop
 endfacet
 facet normal  7.293155e-01 -6.841775e-01  0.000000e+00
   outer loop
     vertex  2.703936e+01 -6.497557e+00 -2.500000e+00
     vertex  2.727941e+01 -6.241674e+00  2.500000e+00
     vertex  2.703936e+01 -6.497557e+00  2.500000e+00
   endloop
 endfacet
 facet normal  7.126077e-01 -7.015627e-01  0.000000e+00
   outer loop
     vertex  2.703936e+01 -6.497557e+00 -2.500000e+00
     vertex  2.678971e+01 -6.751133e+00  2.500000e+00
     vertex  2.678971e+01 -6.751133e+00 -2.500000e+00
   endloop
 endfacet
 facet normal  7.293155e-01 -6.841775e-01  0.000000e+00
   outer loop
     vertex  2.727941e+01 -6.241674e+00 -2.500000e+00
     vertex  2.727941e+01 -6.241674e+00  2.500000e+00
     vertex  2.703936e+01 -6.497557e+00 -2.500000e+00
   endloop
 endfacet
 facet normal  7.460588e-01 -6.658801e-01  0.000000e+00
   outer loop
     vertex  2.750977e+01 -5.983575e+00 -2.500000e+00
     vertex  2.727941e+01 -6.241674e+00  2.500000e+00
     vertex  2.727941e+01 -6.241674e+00 -2.500000e+00
   endloop
 endfacet
 facet normal  7.460588e-01 -6.658801e-01  0.000000e+00
   outer loop
     vertex  2.750977e+01 -5.983575e+00 -2.500000e+00
     vertex  2.750977e+01 -5.983575e+00  2.500000e+00
     vertex  2.727941e+01 -6.241674e+00  2.500000e+00
   endloop
 endfacet
 facet normal  7.628000e-01 -6.466345e-01  0.000000e+00
   outer loop
     vertex  2.750977e+01 -5.983575e+00 -2.500000e+00
     vertex  2.773036e+01 -5.723352e+00  2.500000e+00
     vertex  2.750977e+01 -5.983575e+00  2.500000e+00
   endloop
 endfacet
 facet normal  7.628000e-01 -6.466345e-01  0.000000e+00
   outer loop
     vertex  2.773036e+01 -5.723352e+00 -2.500000e+00
     vertex  2.773036e+01 -5.723352e+00  2.500000e+00
     vertex  2.750977e+01 -5.983575e+00 -2.500000e+00
   endloop
 endfacet
 facet normal  7.794967e-01 -6.264064e-01  0.000000e+00
   outer loop
     vertex  2.794111e+01 -5.461097e+00 -2.500000e+00
     vertex  2.773036e+01 -5.723352e+00  2.500000e+00
     vertex  2.773036e+01 -5.723352e+00 -2.500000e+00
   endloop
 endfacet
 facet normal  7.794967e-01 -6.264064e-01  0.000000e+00
   outer loop
     vertex  2.794111e+01 -5.461097e+00 -2.500000e+00
     vertex  2.794111e+01 -5.461097e+00  2.500000e+00
     vertex  2.773036e+01 -5.723352e+00  2.500000e+00
   endloop
 endfacet
 facet normal  7.961014e-01 -6.051632e-01  0.000000e+00
   outer loop
     vertex  2.814194e+01 -5.196903e+00 -2.500000e+00
     vertex  2.794111e+01 -5.461097e+00  2.500000e+00
     vertex  2.794111e+01 -5.461097e+00 -2.500000e+00
   endloop
 endfacet
 facet normal  7.961014e-01 -6.051632e-01  0.000000e+00
   outer loop
     vertex  2.814194e+01 -5.196903e+00 -2.500000e+00
     vertex  2.814194e+01 -5.196903e+00  2.500000e+00
     vertex  2.794111e+01 -5.461097e+00  2.500000e+00
   endloop
 endfacet
 facet normal  8.117427e-01 -5.840152e-01  0.000000e+00
   outer loop
     vertex  2.831415e+01 -4.957549e+00 -2.500000e+00
     vertex  2.814194e+01 -5.196903e+00  2.500000e+00
     vertex  2.814194e+01 -5.196903e+00 -2.500000e+00
   endloop
 endfacet
 facet normal  8.117427e-01 -5.840152e-01  0.000000e+00
   outer loop
     vertex  2.831415e+01 -4.957549e+00 -2.500000e+00
     vertex  2.831415e+01 -4.957549e+00  2.500000e+00
     vertex  2.814194e+01 -5.196903e+00  2.500000e+00
   endloop
 endfacet
 facet normal  8.256671e-01 -5.641576e-01  0.000000e+00
   outer loop
     vertex  2.831415e+01 -4.957549e+00 -2.500000e+00
     vertex  2.846217e+01 -4.740908e+00  2.500000e+00
     vertex  2.831415e+01 -4.957549e+00  2.500000e+00
   endloop
 endfacet
 facet normal  8.256671e-01 -5.641576e-01  0.000000e+00
   outer loop
     vertex  2.846217e+01 -4.740908e+00 -2.500000e+00
     vertex  2.846217e+01 -4.740908e+00  2.500000e+00
     vertex  2.831415e+01 -4.957549e+00 -2.500000e+00
   endloop
 endfacet
 facet normal  8.386882e-01 -5.446118e-01  0.000000e+00
   outer loop
     vertex  2.846217e+01 -4.740908e+00 -2.500000e+00
     vertex  2.860357e+01 -4.523164e+00  2.500000e+00
     vertex  2.846217e+01 -4.740908e+00  2.500000e+00
   endloop
 endfacet
 facet normal  8.386882e-01 -5.446118e-01  0.000000e+00
   outer loop
     vertex  2.860357e+01 -4.523164e+00 -2.500000e+00
     vertex  2.860357e+01 -4.523164e+00  2.500000e+00
     vertex  2.846217e+01 -4.740908e+00 -2.500000e+00
   endloop
 endfacet
 facet normal  8.515070e-01 -5.243432e-01  0.000000e+00
   outer loop
     vertex  2.873830e+01 -4.304366e+00 -2.500000e+00
     vertex  2.860357e+01 -4.523164e+00  2.500000e+00
     vertex  2.860357e+01 -4.523164e+00 -2.500000e+00
   endloop
 endfacet
 facet normal  8.515070e-01 -5.243432e-01  0.000000e+00
   outer loop
     vertex  2.873830e+01 -4.304366e+00 -2.500000e+00
     vertex  2.873830e+01 -4.304366e+00  2.500000e+00
     vertex  2.860357e+01 -4.523164e+00  2.500000e+00
   endloop
 endfacet
 facet normal  8.640854e-01 -5.033452e-01  0.000000e+00
   outer loop
     vertex  2.886634e+01 -4.084565e+00 -2.500000e+00
     vertex  2.873830e+01 -4.304366e+00  2.500000e+00
     vertex  2.873830e+01 -4.304366e+00 -2.500000e+00
   endloop
 endfacet
 facet normal  8.640854e-01 -5.033452e-01  0.000000e+00
   outer loop
     vertex  2.886634e+01 -4.084565e+00 -2.500000e+00
     vertex  2.886634e+01 -4.084565e+00  2.500000e+00
     vertex  2.873830e+01 -4.304366e+00  2.500000e+00
   endloop
 endfacet
 facet normal  8.763833e-01 -4.816143e-01  0.000000e+00
   outer loop
     vertex  2.898765e+01 -3.863813e+00 -2.500000e+00
     vertex  2.886634e+01 -4.084565e+00  2.500000e+00
     vertex  2.886634e+01 -4.084565e+00 -2.500000e+00
   endloop
 endfacet
 facet normal  8.763833e-01 -4.816143e-01  0.000000e+00
   outer loop
     vertex  2.898765e+01 -3.863813e+00 -2.500000e+00
     vertex  2.898765e+01 -3.863813e+00  2.500000e+00
     vertex  2.886634e+01 -4.084565e+00  2.500000e+00
   endloop
 endfacet
 facet normal  8.883585e-01 -4.591504e-01  0.000000e+00
   outer loop
     vertex  2.910221e+01 -3.642161e+00 -2.500000e+00
     vertex  2.898765e+01 -3.863813e+00  2.500000e+00
     vertex  2.898765e+01 -3.863813e+00 -2.500000e+00
   endloop
 endfacet
 facet normal  8.883585e-01 -4.591504e-01  0.000000e+00
   outer loop
     vertex  2.910221e+01 -3.642161e+00 -2.500000e+00
     vertex  2.910221e+01 -3.642161e+00  2.500000e+00
     vertex  2.898765e+01 -3.863813e+00  2.500000e+00
   endloop
 endfacet
 facet normal  8.999673e-01 -4.359573e-01  0.000000e+00
   outer loop
     vertex  2.910221e+01 -3.642161e+00 -2.500000e+00
     vertex  2.920999e+01 -3.419660e+00  2.500000e+00
     vertex  2.910221e+01 -3.642161e+00  2.500000e+00
   endloop
 endfacet
 facet normal  8.999673e-01 -4.359573e-01  0.000000e+00
   outer loop
     vertex  2.920999e+01 -3.419660e+00 -2.500000e+00
     vertex  2.920999e+01 -3.419660e+00  2.500000e+00
     vertex  2.910221e+01 -3.642161e+00 -2.500000e+00
   endloop
 endfacet
 facet normal  9.111645e-01 -4.120428e-01  0.000000e+00
   outer loop
     vertex  2.931097e+01 -3.196363e+00 -2.500000e+00
     vertex  2.920999e+01 -3.419660e+00  2.500000e+00
     vertex  2.920999e+01 -3.419660e+00 -2.500000e+00
   endloop
 endfacet
 facet normal  9.111645e-01 -4.120428e-01  0.000000e+00
   outer loop
     vertex  2.931097e+01 -3.196363e+00 -2.500000e+00
     vertex  2.931097e+01 -3.196363e+00  2.500000e+00
     vertex  2.920999e+01 -3.419660e+00  2.500000e+00
   endloop
 endfacet
 facet normal  9.219037e-01 -3.874190e-01  0.000000e+00
   outer loop
     vertex  2.940512e+01 -2.972321e+00 -2.500000e+00
     vertex  2.931097e+01 -3.196363e+00  2.500000e+00
     vertex  2.931097e+01 -3.196363e+00 -2.500000e+00
   endloop
 endfacet
 facet normal  9.219037e-01 -3.874190e-01  0.000000e+00
   outer loop
     vertex  2.940512e+01 -2.972321e+00 -2.500000e+00
     vertex  2.940512e+01 -2.972321e+00  2.500000e+00
     vertex  2.931097e+01 -3.196363e+00  2.500000e+00
   endloop
 endfacet
 facet normal  9.316391e-01 -3.633849e-01  0.000000e+00
   outer loop
     vertex  2.948400e+01 -2.770090e+00 -2.500000e+00
     vertex  2.940512e+01 -2.972321e+00  2.500000e+00
     vertex  2.940512e+01 -2.972321e+00 -2.500000e+00
   endloop
 endfacet
 facet normal  9.316391e-01 -3.633849e-01  0.000000e+00
   outer loop
     vertex  2.948400e+01 -2.770090e+00 -2.500000e+00
     vertex  2.948400e+01 -2.770090e+00  2.500000e+00
     vertex  2.940512e+01 -2.972321e+00  2.500000e+00
   endloop
 endfacet
 facet normal  9.399779e-01 -3.412354e-01  0.000000e+00
   outer loop
     vertex  2.948400e+01 -2.770090e+00 -2.500000e+00
     vertex  2.955024e+01 -2.587634e+00  2.500000e+00
     vertex  2.948400e+01 -2.770090e+00  2.500000e+00
   endloop
 endfacet
 facet normal  9.399779e-01 -3.412354e-01  0.000000e+00
   outer loop
     vertex  2.955024e+01 -2.587634e+00 -2.500000e+00
     vertex  2.955024e+01 -2.587634e+00  2.500000e+00
     vertex  2.948400e+01 -2.770090e+00 -2.500000e+00
   endloop
 endfacet
 facet normal  9.474805e-01 -3.198135e-01  0.000000e+00
   outer loop
     vertex  2.961196e+01 -2.404783e+00 -2.500000e+00
     vertex  2.955024e+01 -2.587634e+00  2.500000e+00
     vertex  2.955024e+01 -2.587634e+00 -2.500000e+00
   endloop
 endfacet
 facet normal  9.474805e-01 -3.198135e-01  0.000000e+00
   outer loop
     vertex  2.961196e+01 -2.404783e+00 -2.500000e+00
     vertex  2.961196e+01 -2.404783e+00  2.500000e+00
     vertex  2.955024e+01 -2.587634e+00  2.500000e+00
   endloop
 endfacet
 facet normal  9.545714e-01 -2.979822e-01  0.000000e+00
   outer loop
     vertex  2.961196e+01 -2.404783e+00 -2.500000e+00
     vertex  2.966915e+01 -2.221564e+00  2.500000e+00
     vertex  2.961196e+01 -2.404783e+00  2.500000e+00
   endloop
 endfacet
 facet normal  9.545714e-01 -2.979822e-01  0.000000e+00
   outer loop
     vertex  2.966915e+01 -2.221564e+00 -2.500000e+00
     vertex  2.966915e+01 -2.221564e+00  2.500000e+00
     vertex  2.961196e+01 -2.404783e+00 -2.500000e+00
   endloop
 endfacet
 facet normal  9.612266e-01 -2.757599e-01  0.000000e+00
   outer loop
     vertex  2.972181e+01 -2.038006e+00 -2.500000e+00
     vertex  2.966915e+01 -2.221564e+00  2.500000e+00
     vertex  2.966915e+01 -2.221564e+00 -2.500000e+00
   endloop
 endfacet
 facet normal  9.612266e-01 -2.757599e-01  0.000000e+00
   outer loop
     vertex  2.972181e+01 -2.038006e+00 -2.500000e+00
     vertex  2.972181e+01 -2.038006e+00  2.500000e+00
     vertex  2.966915e+01 -2.221564e+00  2.500000e+00
   endloop
 endfacet
 facet normal  9.674224e-01 -2.531676e-01  0.000000e+00
   outer loop
     vertex  2.976993e+01 -1.854136e+00 -2.500000e+00
     vertex  2.972181e+01 -2.038006e+00  2.500000e+00
     vertex  2.972181e+01 -2.038006e+00 -2.500000e+00
   endloop
 endfacet
 facet normal  9.674224e-01 -2.531676e-01  0.000000e+00
   outer loop
     vertex  2.976993e+01 -1.854136e+00 -2.500000e+00
     vertex  2.976993e+01 -1.854136e+00  2.500000e+00
     vertex  2.972181e+01 -2.038006e+00  2.500000e+00
   endloop
 endfacet
 facet normal  9.731366e-01 -2.302284e-01  0.000000e+00
   outer loop
     vertex  2.976993e+01 -1.854136e+00 -2.500000e+00
     vertex  2.981350e+01 -1.669983e+00  2.500000e+00
     vertex  2.976993e+01 -1.854136e+00  2.500000e+00
   endloop
 endfacet
 facet normal  9.731366e-01 -2.302284e-01  0.000000e+00
   outer loop
     vertex  2.981350e+01 -1.669983e+00 -2.500000e+00
     vertex  2.981350e+01 -1.669983e+00  2.500000e+00
     vertex  2.976993e+01 -1.854136e+00 -2.500000e+00
   endloop
 endfacet
 facet normal  9.783478e-01 -2.069676e-01  0.000000e+00
   outer loop
     vertex  2.985251e+01 -1.485574e+00 -2.500000e+00
     vertex  2.981350e+01 -1.669983e+00  2.500000e+00
     vertex  2.981350e+01 -1.669983e+00 -2.500000e+00
   endloop
 endfacet
 facet normal  9.783478e-01 -2.069676e-01  0.000000e+00
   outer loop
     vertex  2.985251e+01 -1.485574e+00 -2.500000e+00
     vertex  2.985251e+01 -1.485574e+00  2.500000e+00
     vertex  2.981350e+01 -1.669983e+00  2.500000e+00
   endloop
 endfacet
 facet normal  9.830360e-01 -1.834126e-01  0.000000e+00
   outer loop
     vertex  2.988696e+01 -1.300939e+00 -2.500000e+00
     vertex  2.985251e+01 -1.485574e+00  2.500000e+00
     vertex  2.985251e+01 -1.485574e+00 -2.500000e+00
   endloop
 endfacet
 facet normal  9.830360e-01 -1.834126e-01  0.000000e+00
   outer loop
     vertex  2.988696e+01 -1.300939e+00 -2.500000e+00
     vertex  2.988696e+01 -1.300939e+00  2.500000e+00
     vertex  2.985251e+01 -1.485574e+00  2.500000e+00
   endloop
 endfacet
 facet normal  9.871829e-01 -1.595928e-01  0.000000e+00
   outer loop
     vertex  2.991684e+01 -1.116104e+00 -2.500000e+00
     vertex  2.988696e+01 -1.300939e+00  2.500000e+00
     vertex  2.988696e+01 -1.300939e+00 -2.500000e+00
   endloop
 endfacet
 facet normal  9.871829e-01 -1.595928e-01  0.000000e+00
   outer loop
     vertex  2.991684e+01 -1.116104e+00 -2.500000e+00
     vertex  2.991684e+01 -1.116104e+00  2.500000e+00
     vertex  2.988696e+01 -1.300939e+00  2.500000e+00
   endloop
 endfacet
 facet normal  9.907720e-01 -1.355393e-01  0.000000e+00
   outer loop
     vertex  2.994215e+01 -9.310993e-01 -2.500000e+00
     vertex  2.991684e+01 -1.116104e+00  2.500000e+00
     vertex  2.991684e+01 -1.116104e+00 -2.500000e+00
   endloop
 endfacet
 facet normal  9.907720e-01 -1.355393e-01  0.000000e+00
   outer loop
     vertex  2.994215e+01 -9.310993e-01 -2.500000e+00
     vertex  2.994215e+01 -9.310993e-01  2.500000e+00
     vertex  2.991684e+01 -1.116104e+00  2.500000e+00
   endloop
 endfacet
 facet normal  9.937885e-01 -1.112851e-01  0.000000e+00
   outer loop
     vertex  2.996288e+01 -7.459521e-01 -2.500000e+00
     vertex  2.994215e+01 -9.310993e-01  2.500000e+00
     vertex  2.994215e+01 -9.310993e-01 -2.500000e+00
   endloop
 endfacet
 facet normal  9.937885e-01 -1.112851e-01  0.000000e+00
   outer loop
     vertex  2.996288e+01 -7.459521e-01 -2.500000e+00
     vertex  2.996288e+01 -7.459521e-01  2.500000e+00
     vertex  2.994215e+01 -9.310993e-01  2.500000e+00
   endloop
 endfacet
 facet normal  9.962201e-01 -8.686436e-02  0.000000e+00
   outer loop
     vertex  2.996288e+01 -7.459521e-01 -2.500000e+00
     vertex  2.997903e+01 -5.606909e-01  2.500000e+00
     vertex  2.996288e+01 -7.459521e-01  2.500000e+00
   endloop
 endfacet
 facet normal  9.962201e-01 -8.686436e-02  0.000000e+00
   outer loop
     vertex  2.997903e+01 -5.606909e-01 -2.500000e+00
     vertex  2.997903e+01 -5.606909e-01  2.500000e+00
     vertex  2.996288e+01 -7.459521e-01 -2.500000e+00
   endloop
 endfacet
 facet normal  9.980567e-01 -6.231259e-02  0.000000e+00
   outer loop
     vertex  2.999061e+01 -3.753440e-01 -2.500000e+00
     vertex  2.997903e+01 -5.606909e-01  2.500000e+00
     vertex  2.997903e+01 -5.606909e-01 -2.500000e+00
   endloop
 endfacet
 facet normal  9.980567e-01 -6.231259e-02  0.000000e+00
   outer loop
     vertex  2.999061e+01 -3.753440e-01 -2.500000e+00
     vertex  2.999061e+01 -3.753440e-01  2.500000e+00
     vertex  2.997903e+01 -5.606909e-01  2.500000e+00
   endloop
 endfacet
 facet normal  9.992904e-01 -3.766625e-02  0.000000e+00
   outer loop
     vertex  2.999759e+01 -1.899397e-01 -2.500000e+00
     vertex  2.999061e+01 -3.753440e-01  2.500000e+00
     vertex  2.999061e+01 -3.753440e-01 -2.500000e+00
   endloop
 endfacet
 facet normal  9.992904e-01 -3.766625e-02  0.000000e+00
   outer loop
     vertex  2.999759e+01 -1.899397e-01 -2.500000e+00
     vertex  2.999759e+01 -1.899397e-01  2.500000e+00
     vertex  2.999061e+01 -3.753440e-01  2.500000e+00
   endloop
 endfacet
 facet normal  9.998196e-01 -1.899163e-02  0.000000e+00
   outer loop
     vertex  2.999759e+01 -1.899397e-01 -2.500000e+00
     vertex  2.999940e+01 -9.497177e-02  2.500000e+00
     vertex  2.999759e+01 -1.899397e-01  2.500000e+00
   endloop
 endfacet
 facet normal  9.998196e-01 -1.899163e-02  0.000000e+00
   outer loop
     vertex  2.999940e+01 -9.497177e-02 -2.500000e+00
     vertex  2.999940e+01 -9.497177e-02  2.500000e+00
     vertex  2.999759e+01 -1.899397e-01 -2.500000e+00
   endloop
 endfacet
 facet normal  9.999800e-01 -6.331388e-03  0.000000e+00
   outer loop
     vertex  3.000000e+01  0.000000e+00 -2.500000e+00
     vertex  3.000000e+01  0.000000e+00  2.500000e+00
     vertex  2.999940e+01 -9.497177e-02  2.500000e+00
   endloop
 endfacet
 facet normal  9.999800e-01 -6.331388e-03  0.000000e+00
   outer loop
     vertex  3.000000e+01  0.000000e+00 -2.500000e+00
     vertex  2.999940e+01 -9.497177e-02  2.500000e+00
     vertex  2.999940e+01 -9.497177e-02 -2.500000e+00
   endloop
 endfacet
 facet normal  1.000000e+00 -1.390792e-13  0.000000e+00
   outer loop
     vertex -7.500000e+00  7.071068e+00  2.500000e+00
     vertex -7.500000e+00  7.071068e+00 -2.500000e+00
     vertex -7.500000e+00  1.452369e+01 -2.500000e+00
   endloop
 endfacet
 facet normal  1.000000e+00 -1.390792e-13  0.000000e+00
   outer loop
     vertex -7.500000e+00  7.071068e+00  2.500000e+00
     vertex -7.500000e+00  1.452369e+01 -2.500000e+00
     vertex -7.500000e+00  1.452369e+01  2.500000e+00
   endloop
 endfacet
 facet normal  1.289155e-01 -9.916556e-01  0.000000e+00
   outer loop
     vertex -7.500000e+00  7.071068e+00 -2.500000e+00
     vertex -7.500000e+00  7.071068e+00  2.500000e+00
     vertex -8.842191e+00  6.896583e+00  2.500000e+00
   endloop
 endfacet
 facet normal  1.289155e-01 -9.916556e-01  0.000000e+00
   outer loop
     vertex -8.842191e+00  6.896583e+00 -2.500000e+00
     vertex -7.500000e+00  7.071068e+00 -2.500000e+00
     vertex -8.842191e+00  6.896583e+00  2.500000e+00
   endloop
 endfacet
 facet normal  1.534211e-01 -9.881609e-01  0.000000e+00
   outer loop
     vertex -1.014813e+01  6.693823e+00 -2.500000e+00
     vertex -8.842191e+00  6.896583e+00  2.500000e+00
     vertex -1.014813e+01  6.693823e+00  2.500000e+00
   endloop
 endfacet
 facet normal  1.534211e-01 -9.881609e-01  0.000000e+00
   outer loop
     vertex -1.014813e+01  6.693823e+00 -2.500000e+00
     vertex -8.842191e+00  6.896583e+00 -2.500000e+00
     vertex -8.842191e+00  6.896583e+00  2.500000e+00
   endloop
 endfacet
 facet normal  1.791286e-01 -9.838257e-01  0.000000e+00
   outer loop
     vertex -1.141247e+01  6.463621e+00 -2.500000e+00
     vertex -1.014813e+01  6.693823e+00  2.500000e+00
     vertex -1.141247e+01  6.463621e+00  2.500000e+00
   endloop
 endfacet
 facet normal  1.791286e-01 -9.838257e-01  0.000000e+00
   outer loop
     vertex -1.141247e+01  6.463621e+00 -2.500000e+00
     vertex -1.014813e+01  6.693823e+00 -2.500000e+00
     vertex -1.014813e+01  6.693823e+00  2.500000e+00
   endloop
 endfacet
 facet normal  2.049015e-01 -9.787826e-01  0.000000e+00
   outer loop
     vertex -1.251051e+01  6.233753e+00 -2.500000e+00
     vertex -1.141247e+01  6.463621e+00  2.500000e+00
     vertex -1.251051e+01  6.233753e+00  2.500000e+00
   endloop
 endfacet
 facet normal  2.049015e-01 -9.787826e-01  0.000000e+00
   outer loop
     vertex -1.251051e+01  6.233753e+00 -2.500000e+00
     vertex -1.141247e+01  6.463621e+00 -2.500000e+00
     vertex -1.141247e+01  6.463621e+00  2.500000e+00
   endloop
 endfacet
 facet normal  2.294385e-01 -9.733232e-01  0.000000e+00
   outer loop
     vertex -1.346333e+01  6.009149e+00 -2.500000e+00
     vertex -1.251051e+01  6.233753e+00  2.500000e+00
     vertex -1.346333e+01  6.009149e+00  2.500000e+00
   endloop
 endfacet
 facet normal  2.294385e-01 -9.733232e-01  0.000000e+00
   outer loop
     vertex -1.346333e+01  6.009149e+00 -2.500000e+00
     vertex -1.251051e+01  6.233753e+00 -2.500000e+00
     vertex -1.251051e+01  6.233753e+00  2.500000e+00
   endloop
 endfacet
 facet normal  2.540590e-01 -9.671887e-01  0.000000e+00
   outer loop
     vertex -1.437993e+01  5.768379e+00 -2.500000e+00
     vertex -1.346333e+01  6.009149e+00  2.500000e+00
     vertex -1.437993e+01  5.768379e+00  2.500000e+00
   endloop
 endfacet
 facet normal  2.540590e-01 -9.671887e-01  0.000000e+00
   outer loop
     vertex -1.437993e+01  5.768379e+00 -2.500000e+00
     vertex -1.346333e+01  6.009149e+00 -2.500000e+00
     vertex -1.346333e+01  6.009149e+00  2.500000e+00
   endloop
 endfacet
 facet normal  2.788822e-01 -9.603253e-01  0.000000e+00
   outer loop
     vertex -1.517186e+01  5.538398e+00 -2.500000e+00
     vertex -1.437993e+01  5.768379e+00  2.500000e+00
     vertex -1.517186e+01  5.538398e+00  2.500000e+00
   endloop
 endfacet
 facet normal  2.788822e-01 -9.603253e-01  0.000000e+00
   outer loop
     vertex -1.517186e+01  5.538398e+00 -2.500000e+00
     vertex -1.437993e+01  5.768379e+00 -2.500000e+00
     vertex -1.437993e+01  5.768379e+00  2.500000e+00
   endloop
 endfacet
 facet normal  3.025893e-01 -9.531210e-01  0.000000e+00
   outer loop
     vertex -1.585638e+01  5.321083e+00 -2.500000e+00
     vertex -1.517186e+01  5.538398e+00  2.500000e+00
     vertex -1.585638e+01  5.321083e+00  2.500000e+00
   endloop
 endfacet
 facet normal  3.025893e-01 -9.531210e-01  0.000000e+00
   outer loop
     vertex -1.585638e+01  5.321083e+00 -2.500000e+00
     vertex -1.517186e+01  5.538398e+00 -2.500000e+00
     vertex -1.517186e+01  5.538398e+00  2.500000e+00
   endloop
 endfacet
 facet normal  3.264003e-01 -9.452316e-01  0.000000e+00
   outer loop
     vertex -1.651291e+01  5.094375e+00 -2.500000e+00
     vertex -1.585638e+01  5.321083e+00  2.500000e+00
     vertex -1.651291e+01  5.094375e+00  2.500000e+00
   endloop
 endfacet
 facet normal  3.264003e-01 -9.452316e-01  0.000000e+00
   outer loop
     vertex -1.651291e+01  5.094375e+00 -2.500000e+00
     vertex -1.585638e+01  5.321083e+00 -2.500000e+00
     vertex -1.585638e+01  5.321083e+00  2.500000e+00
   endloop
 endfacet
 facet normal  3.503862e-01 -9.366053e-01  0.000000e+00
   outer loop
     vertex -1.707890e+01  4.882637e+00 -2.500000e+00
     vertex -1.651291e+01  5.094375e+00  2.500000e+00
     vertex -1.707890e+01  4.882637e+00  2.500000e+00
   endloop
 endfacet
 facet normal  3.503862e-01 -9.366053e-01  0.000000e+00
   outer loop
     vertex -1.707890e+01  4.882637e+00 -2.500000e+00
     vertex -1.651291e+01  5.094375e+00 -2.500000e+00
     vertex -1.651291e+01  5.094375e+00  2.500000e+00
   endloop
 endfacet
 facet normal  3.732370e-01 -9.277360e-01  0.000000e+00
   outer loop
     vertex -1.756743e+01  4.686096e+00 -2.500000e+00
     vertex -1.707890e+01  4.882637e+00  2.500000e+00
     vertex -1.756743e+01  4.686096e+00  2.500000e+00
   endloop
 endfacet
 facet normal  3.732370e-01 -9.277360e-01  0.000000e+00
   outer loop
     vertex -1.756743e+01  4.686096e+00 -2.500000e+00
     vertex -1.707890e+01  4.882637e+00 -2.500000e+00
     vertex -1.707890e+01  4.882637e+00  2.500000e+00
   endloop
 endfacet
 facet normal  3.961005e-01 -9.182071e-01  0.000000e+00
   outer loop
     vertex -1.803562e+01  4.484127e+00 -2.500000e+00
     vertex -1.756743e+01  4.686096e+00  2.500000e+00
     vertex -1.803562e+01  4.484127e+00  2.500000e+00
   endloop
 endfacet
 facet normal  3.961005e-01 -9.182071e-01  0.000000e+00
   outer loop
     vertex -1.803562e+01  4.484127e+00 -2.500000e+00
     vertex -1.756743e+01  4.686096e+00 -2.500000e+00
     vertex -1.756743e+01  4.686096e+00  2.500000e+00
   endloop
 endfacet
 facet normal  4.202561e-01 -9.074056e-01  0.000000e+00
   outer loop
     vertex -1.848292e+01  4.276965e+00 -2.500000e+00
     vertex -1.803562e+01  4.484127e+00  2.500000e+00
     vertex -1.848292e+01  4.276965e+00  2.500000e+00
   endloop
 endfacet
 facet normal  4.445031e-01 -8.957773e-01  0.000000e+00
   outer loop
     vertex -1.848292e+01  4.276965e+00 -2.500000e+00
     vertex -1.848292e+01  4.276965e+00  2.500000e+00
     vertex -1.886720e+01  4.086277e+00  2.500000e+00
   endloop
 endfacet
 facet normal  4.202561e-01 -9.074056e-01  0.000000e+00
   outer loop
     vertex -1.848292e+01  4.276965e+00 -2.500000e+00
     vertex -1.803562e+01  4.484127e+00 -2.500000e+00
     vertex -1.803562e+01  4.484127e+00  2.500000e+00
   endloop
 endfacet
 facet normal  4.445031e-01 -8.957773e-01  0.000000e+00
   outer loop
     vertex -1.886720e+01  4.086277e+00 -2.500000e+00
     vertex -1.848292e+01  4.276965e+00 -2.500000e+00
     vertex -1.886720e+01  4.086277e+00  2.500000e+00
   endloop
 endfacet
 facet normal  4.674912e-01 -8.839978e-01  0.000000e+00
   outer loop
     vertex -1.919793e+01  3.911375e+00 -2.500000e+00
     vertex -1.886720e+01  4.086277e+00  2.500000e+00
     vertex -1.919793e+01  3.911375e+00  2.500000e+00
   endloop
 endfacet
 facet normal  4.674912e-01 -8.839978e-01  0.000000e+00
   outer loop
     vertex -1.919793e+01  3.911375e+00 -2.500000e+00
     vertex -1.886720e+01  4.086277e+00 -2.500000e+00
     vertex -1.886720e+01  4.086277e+00  2.500000e+00
   endloop
 endfacet
 facet normal  4.903556e-01 -8.715224e-01  0.000000e+00
   outer loop
     vertex -1.951407e+01  3.733500e+00 -2.500000e+00
     vertex -1.919793e+01  3.911375e+00  2.500000e+00
     vertex -1.951407e+01  3.733500e+00  2.500000e+00
   endloop
 endfacet
 facet normal  5.131105e-01 -8.583226e-01  0.000000e+00
   outer loop
     vertex -1.951407e+01  3.733500e+00 -2.500000e+00
     vertex -1.951407e+01  3.733500e+00  2.500000e+00
     vertex -1.978592e+01  3.570984e+00  2.500000e+00
   endloop
 endfacet
 facet normal  4.903556e-01 -8.715224e-01  0.000000e+00
   outer loop
     vertex -1.951407e+01  3.733500e+00 -2.500000e+00
     vertex -1.919793e+01  3.911375e+00 -2.500000e+00
     vertex -1.919793e+01  3.911375e+00  2.500000e+00
   endloop
 endfacet
 facet normal  5.131105e-01 -8.583226e-01  0.000000e+00
   outer loop
     vertex -1.978592e+01  3.570984e+00 -2.500000e+00
     vertex -1.951407e+01  3.733500e+00 -2.500000e+00
     vertex -1.978592e+01  3.570984e+00  2.500000e+00
   endloop
 endfacet
 facet normal  5.344896e-01 -8.451750e-01  0.000000e+00
   outer loop
     vertex -2.002018e+01  3.422837e+00 -2.500000e+00
     vertex -1.978592e+01  3.570984e+00 -2.500000e+00
     vertex -1.978592e+01  3.570984e+00  2.500000e+00
   endloop
 endfacet
 facet normal  5.344896e-01 -8.451750e-01  0.000000e+00
   outer loop
     vertex -2.002018e+01  3.422837e+00 -2.500000e+00
     vertex -1.978592e+01  3.570984e+00  2.500000e+00
     vertex -2.002018e+01  3.422837e+00  2.500000e+00
   endloop
 endfacet
 facet normal  5.555569e-01 -8.314785e-01  0.000000e+00
   outer loop
     vertex -2.024446e+01  3.272983e+00 -2.500000e+00
     vertex -2.002018e+01  3.422837e+00 -2.500000e+00
     vertex -2.002018e+01  3.422837e+00  2.500000e+00
   endloop
 endfacet
 facet normal  5.555569e-01 -8.314785e-01  0.000000e+00
   outer loop
     vertex -2.024446e+01  3.272983e+00 -2.500000e+00
     vertex -2.002018e+01  3.422837e+00  2.500000e+00
     vertex -2.024446e+01  3.272983e+00  2.500000e+00
   endloop
 endfacet
 facet normal  5.774342e-01 -8.164372e-01  0.000000e+00
   outer loop
     vertex -2.045865e+01  3.121498e+00 -2.500000e+00
     vertex -2.024446e+01  3.272983e+00  2.500000e+00
     vertex -2.045865e+01  3.121498e+00  2.500000e+00
   endloop
 endfacet
 facet normal  5.774342e-01 -8.164372e-01  0.000000e+00
   outer loop
     vertex -2.045865e+01  3.121498e+00 -2.500000e+00
     vertex -2.024446e+01  3.272983e+00 -2.500000e+00
     vertex -2.024446e+01  3.272983e+00  2.500000e+00
   endloop
 endfacet
 facet normal  5.989772e-01 -8.007661e-01  0.000000e+00
   outer loop
     vertex -2.064270e+01  2.983828e+00 -2.500000e+00
     vertex -2.045865e+01  3.121498e+00  2.500000e+00
     vertex -2.064270e+01  2.983828e+00  2.500000e+00
   endloop
 endfacet
 facet normal  5.989772e-01 -8.007661e-01  0.000000e+00
   outer loop
     vertex -2.064270e+01  2.983828e+00 -2.500000e+00
     vertex -2.045865e+01  3.121498e+00 -2.500000e+00
     vertex -2.045865e+01  3.121498e+00  2.500000e+00
   endloop
 endfacet
 facet normal  6.189985e-01 -7.853922e-01  0.000000e+00
   outer loop
     vertex -2.080121e+01  2.858894e+00 -2.500000e+00
     vertex -2.064270e+01  2.983828e+00  2.500000e+00
     vertex -2.080121e+01  2.858894e+00  2.500000e+00
   endloop
 endfacet
 facet normal  6.189985e-01 -7.853922e-01  0.000000e+00
   outer loop
     vertex -2.080121e+01  2.858894e+00 -2.500000e+00
     vertex -2.064270e+01  2.983828e+00 -2.500000e+00
     vertex -2.064270e+01  2.983828e+00  2.500000e+00
   endloop
 endfacet
 facet normal  6.385111e-01 -7.696126e-01  0.000000e+00
   outer loop
     vertex -2.095293e+01  2.733024e+00 -2.500000e+00
     vertex -2.080121e+01  2.858894e+00  2.500000e+00
     vertex -2.095293e+01  2.733024e+00  2.500000e+00
   endloop
 endfacet
 facet normal  6.385111e-01 -7.696126e-01  0.000000e+00
   outer loop
     vertex -2.095293e+01  2.733024e+00 -2.500000e+00
     vertex -2.080121e+01  2.858894e+00 -2.500000e+00
     vertex -2.080121e+01  2.858894e+00  2.500000e+00
   endloop
 endfacet
 facet normal  6.585388e-01 -7.525468e-01  0.000000e+00
   outer loop
     vertex -2.109779e+01  2.606260e+00 -2.500000e+00
     vertex -2.095293e+01  2.733024e+00  2.500000e+00
     vertex -2.109779e+01  2.606260e+00  2.500000e+00
   endloop
 endfacet
 facet normal  6.585388e-01 -7.525468e-01  0.000000e+00
   outer loop
     vertex -2.109779e+01  2.606260e+00 -2.500000e+00
     vertex -2.095293e+01  2.733024e+00 -2.500000e+00
     vertex -2.095293e+01  2.733024e+00  2.500000e+00
   endloop
 endfacet
 facet normal  6.780198e-01 -7.350437e-01  0.000000e+00
   outer loop
     vertex -2.122226e+01  2.491442e+00 -2.500000e+00
     vertex -2.109779e+01  2.606260e+00  2.500000e+00
     vertex -2.122226e+01  2.491442e+00  2.500000e+00
   endloop
 endfacet
 facet normal  6.959058e-01 -7.181331e-01  0.000000e+00
   outer loop
     vertex -2.122226e+01  2.491442e+00 -2.500000e+00
     vertex -2.122226e+01  2.491442e+00  2.500000e+00
     vertex -2.132948e+01  2.387541e+00  2.500000e+00
   endloop
 endfacet
 facet normal  6.780198e-01 -7.350437e-01  0.000000e+00
   outer loop
     vertex -2.122226e+01  2.491442e+00 -2.500000e+00
     vertex -2.109779e+01  2.606260e+00 -2.500000e+00
     vertex -2.109779e+01  2.606260e+00  2.500000e+00
   endloop
 endfacet
 facet normal  6.959058e-01 -7.181331e-01  0.000000e+00
   outer loop
     vertex -2.132948e+01  2.387541e+00 -2.500000e+00
     vertex -2.122226e+01  2.491442e+00 -2.500000e+00
     vertex -2.132948e+01  2.387541e+00  2.500000e+00
   endloop
 endfacet
 facet normal  7.131312e-01 -7.010306e-01  0.000000e+00
   outer loop
     vertex -2.143212e+01  2.283128e+00 -2.500000e+00
     vertex -2.132948e+01  2.387541e+00  2.500000e+00
     vertex -2.143212e+01  2.283128e+00  2.500000e+00
   endloop
 endfacet
 facet normal  7.131312e-01 -7.010306e-01  0.000000e+00
   outer loop
     vertex -2.143212e+01  2.283128e+00 -2.500000e+00
     vertex -2.132948e+01  2.387541e+00 -2.500000e+00
     vertex -2.132948e+01  2.387541e+00  2.500000e+00
   endloop
 endfacet
 facet normal  7.305968e-01 -6.828091e-01  0.000000e+00
   outer loop
     vertex -2.153017e+01  2.178224e+00 -2.500000e+00
     vertex -2.143212e+01  2.283128e+00  2.500000e+00
     vertex -2.153017e+01  2.178224e+00  2.500000e+00
   endloop
 endfacet
 facet normal  7.482628e-01 -6.634024e-01  0.000000e+00
   outer loop
     vertex -2.153017e+01  2.178224e+00 -2.500000e+00
     vertex -2.153017e+01  2.178224e+00  2.500000e+00
     vertex -2.162359e+01  2.072853e+00  2.500000e+00
   endloop
 endfacet
 facet normal  7.305968e-01 -6.828091e-01  0.000000e+00
   outer loop
     vertex -2.153017e+01  2.178224e+00 -2.500000e+00
     vertex -2.143212e+01  2.283128e+00 -2.500000e+00
     vertex -2.143212e+01  2.283128e+00  2.500000e+00
   endloop
 endfacet
 facet normal  7.651871e-01 -6.438079e-01  0.000000e+00
   outer loop
     vertex -2.162359e+01  2.072853e+00 -2.500000e+00
     vertex -2.162359e+01  2.072853e+00  2.500000e+00
     vertex -2.170370e+01  1.977638e+00  2.500000e+00
   endloop
 endfacet
 facet normal  7.482628e-01 -6.634024e-01  0.000000e+00
   outer loop
     vertex -2.162359e+01  2.072853e+00 -2.500000e+00
     vertex -2.153017e+01  2.178224e+00 -2.500000e+00
     vertex -2.162359e+01  2.072853e+00  2.500000e+00
   endloop
 endfacet
 facet normal  7.651871e-01 -6.438079e-01  0.000000e+00
   outer loop
     vertex -2.170370e+01  1.977638e+00 -2.500000e+00
     vertex -2.162359e+01  2.072853e+00 -2.500000e+00
     vertex -2.170370e+01  1.977638e+00  2.500000e+00
   endloop
 endfacet
 facet normal  7.804958e-01 -6.251610e-01  0.000000e+00
   outer loop
     vertex -2.177257e+01  1.891650e+00 -2.500000e+00
     vertex -2.170370e+01  1.977638e+00  2.500000e+00
     vertex -2.177257e+01  1.891650e+00  2.500000e+00
   endloop
 endfacet
 facet normal  7.804958e-01 -6.251610e-01  0.000000e+00
   outer loop
     vertex -2.177257e+01  1.891650e+00 -2.500000e+00
     vertex -2.170370e+01  1.977638e+00 -2.500000e+00
     vertex -2.170370e+01  1.977638e+00  2.500000e+00
   endloop
 endfacet
 facet normal  7.950272e-01 -6.065738e-01  0.000000e+00
   outer loop
     vertex -2.183838e+01  1.805396e+00 -2.500000e+00
     vertex -2.177257e+01  1.891650e+00  2.500000e+00
     vertex -2.183838e+01  1.805396e+00  2.500000e+00
   endloop
 endfacet
 facet normal  8.095453e-01 -5.870574e-01  0.000000e+00
   outer loop
     vertex -2.183838e+01  1.805396e+00 -2.500000e+00
     vertex -2.183838e+01  1.805396e+00  2.500000e+00
     vertex -2.190112e+01  1.718887e+00  2.500000e+00
   endloop
 endfacet
 facet normal  7.950272e-01 -6.065738e-01  0.000000e+00
   outer loop
     vertex -2.183838e+01  1.805396e+00 -2.500000e+00
     vertex -2.177257e+01  1.891650e+00 -2.500000e+00
     vertex -2.177257e+01  1.891650e+00  2.500000e+00
   endloop
 endfacet
 facet normal  8.095453e-01 -5.870574e-01  0.000000e+00
   outer loop
     vertex -2.190112e+01  1.718887e+00 -2.500000e+00
     vertex -2.183838e+01  1.805396e+00 -2.500000e+00
     vertex -2.190112e+01  1.718887e+00  2.500000e+00
   endloop
 endfacet
 facet normal  8.240054e-01 -5.665820e-01  0.000000e+00
   outer loop
     vertex -2.196076e+01  1.632136e+00 -2.500000e+00
     vertex -2.190112e+01  1.718887e+00 -2.500000e+00
     vertex -2.190112e+01  1.718887e+00  2.500000e+00
   endloop
 endfacet
 facet normal  8.240054e-01 -5.665820e-01  0.000000e+00
   outer loop
     vertex -2.196076e+01  1.632136e+00 -2.500000e+00
     vertex -2.190112e+01  1.718887e+00  2.500000e+00
     vertex -2.196076e+01  1.632136e+00  2.500000e+00
   endloop
 endfacet
 facet normal  8.383576e-01 -5.451207e-01  0.000000e+00
   outer loop
     vertex -2.201732e+01  1.545156e+00 -2.500000e+00
     vertex -2.196076e+01  1.632136e+00 -2.500000e+00
     vertex -2.196076e+01  1.632136e+00  2.500000e+00
   endloop
 endfacet
 facet normal  8.383576e-01 -5.451207e-01  0.000000e+00
   outer loop
     vertex -2.201732e+01  1.545156e+00 -2.500000e+00
     vertex -2.196076e+01  1.632136e+00  2.500000e+00
     vertex -2.201732e+01  1.545156e+00  2.500000e+00
   endloop
 endfacet
 facet normal  8.525471e-01 -5.226504e-01  0.000000e+00
   outer loop
     vertex -2.207078e+01  1.457958e+00 -2.500000e+00
     vertex -2.201732e+01  1.545156e+00 -2.500000e+00
     vertex -2.201732e+01  1.545156e+00  2.500000e+00
   endloop
 endfacet
 facet normal  8.525471e-01 -5.226504e-01  0.000000e+00
   outer loop
     vertex -2.207078e+01  1.457958e+00 -2.500000e+00
     vertex -2.201732e+01  1.545156e+00  2.500000e+00
     vertex -2.207078e+01  1.457958e+00  2.500000e+00
   endloop
 endfacet
 facet normal  8.658219e-01 -5.003523e-01  0.000000e+00
   outer loop
     vertex -2.211623e+01  1.379304e+00 -2.500000e+00
     vertex -2.207078e+01  1.457958e+00 -2.500000e+00
     vertex -2.207078e+01  1.457958e+00  2.500000e+00
   endloop
 endfacet
 facet normal  8.658219e-01 -5.003523e-01  0.000000e+00
   outer loop
     vertex -2.211623e+01  1.379304e+00 -2.500000e+00
     vertex -2.207078e+01  1.457958e+00  2.500000e+00
     vertex -2.211623e+01  1.379304e+00  2.500000e+00
   endloop
 endfacet
 facet normal  8.775518e-01 -4.794818e-01  0.000000e+00
   outer loop
     vertex -2.211623e+01  1.379304e+00 -2.500000e+00
     vertex -2.211623e+01  1.379304e+00  2.500000e+00
     vertex -2.215498e+01  1.308380e+00  2.500000e+00
   endloop
 endfacet
 facet normal  8.775518e-01 -4.794818e-01  0.000000e+00
   outer loop
     vertex -2.215498e+01  1.308380e+00 -2.500000e+00
     vertex -2.211623e+01  1.379304e+00 -2.500000e+00
     vertex -2.215498e+01  1.308380e+00  2.500000e+00
   endloop
 endfacet
 facet normal  8.884341e-01 -4.590042e-01  0.000000e+00
   outer loop
     vertex -2.215498e+01  1.308380e+00 -2.500000e+00
     vertex -2.215498e+01  1.308380e+00  2.500000e+00
     vertex -2.219169e+01  1.237336e+00  2.500000e+00
   endloop
 endfacet
 facet normal  8.884341e-01 -4.590042e-01  0.000000e+00
   outer loop
     vertex -2.219169e+01  1.237336e+00 -2.500000e+00
     vertex -2.215498e+01  1.308380e+00 -2.500000e+00
     vertex -2.219169e+01  1.237336e+00  2.500000e+00
   endloop
 endfacet
 facet normal  8.990531e-01 -4.378396e-01  0.000000e+00
   outer loop
     vertex -2.222634e+01  1.166177e+00 -2.500000e+00
     vertex -2.219169e+01  1.237336e+00 -2.500000e+00
     vertex -2.219169e+01  1.237336e+00  2.500000e+00
   endloop
 endfacet
 facet normal  8.990531e-01 -4.378396e-01  0.000000e+00
   outer loop
     vertex -2.222634e+01  1.166177e+00 -2.500000e+00
     vertex -2.219169e+01  1.237336e+00  2.500000e+00
     vertex -2.222634e+01  1.166177e+00  2.500000e+00
   endloop
 endfacet
 facet normal  9.093688e-01 -4.159908e-01  0.000000e+00
   outer loop
     vertex -2.225894e+01  1.094911e+00 -2.500000e+00
     vertex -2.222634e+01  1.166177e+00  2.500000e+00
     vertex -2.225894e+01  1.094911e+00  2.500000e+00
   endloop
 endfacet
 facet normal  9.093688e-01 -4.159908e-01  0.000000e+00
   outer loop
     vertex -2.225894e+01  1.094911e+00 -2.500000e+00
     vertex -2.222634e+01  1.166177e+00 -2.500000e+00
     vertex -2.222634e+01  1.166177e+00  2.500000e+00
   endloop
 endfacet
 facet normal  9.193399e-01 -3.934643e-01  0.000000e+00
   outer loop
     vertex -2.225894e+01  1.094911e+00 -2.500000e+00
     vertex -2.225894e+01  1.094911e+00  2.500000e+00
     vertex -2.228949e+01  1.023543e+00  2.500000e+00
   endloop
 endfacet
 facet normal  9.289238e-01 -3.702708e-01  0.000000e+00
   outer loop
     vertex -2.228949e+01  1.023543e+00 -2.500000e+00
     vertex -2.228949e+01  1.023543e+00  2.500000e+00
     vertex -2.231797e+01  9.520811e-01  2.500000e+00
   endloop
 endfacet
 facet normal  9.193399e-01 -3.934643e-01  0.000000e+00
   outer loop
     vertex -2.228949e+01  1.023543e+00 -2.500000e+00
     vertex -2.225894e+01  1.094911e+00 -2.500000e+00
     vertex -2.228949e+01  1.023543e+00  2.500000e+00
   endloop
 endfacet
 facet normal  9.289238e-01 -3.702708e-01  0.000000e+00
   outer loop
     vertex -2.231797e+01  9.520811e-01 -2.500000e+00
     vertex -2.228949e+01  1.023543e+00 -2.500000e+00
     vertex -2.231797e+01  9.520811e-01  2.500000e+00
   endloop
 endfacet
 facet normal  9.380774e-01 -3.464256e-01  0.000000e+00
   outer loop
     vertex -2.234439e+01  8.805310e-01 -2.500000e+00
     vertex -2.231797e+01  9.520811e-01  2.500000e+00
     vertex -2.234439e+01  8.805310e-01  2.500000e+00
   endloop
 endfacet
 facet normal  9.380774e-01 -3.464256e-01  0.000000e+00
   outer loop
     vertex -2.234439e+01  8.805310e-01 -2.500000e+00
     vertex -2.231797e+01  9.520811e-01 -2.500000e+00
     vertex -2.231797e+01  9.520811e-01  2.500000e+00
   endloop
 endfacet
 facet normal  9.467572e-01 -3.219484e-01  0.000000e+00
   outer loop
     vertex -2.236875e+01  8.088996e-01 -2.500000e+00
     vertex -2.234439e+01  8.805310e-01  2.500000e+00
     vertex -2.236875e+01  8.088996e-01  2.500000e+00
   endloop
 endfacet
 facet normal  9.549199e-01 -2.968636e-01  0.000000e+00
   outer loop
     vertex -2.236875e+01  8.088996e-01 -2.500000e+00
     vertex -2.236875e+01  8.088996e-01  2.500000e+00
     vertex -2.239105e+01  7.371934e-01  2.500000e+00
   endloop
 endfacet
 facet normal  9.467572e-01 -3.219484e-01  0.000000e+00
   outer loop
     vertex -2.236875e+01  8.088996e-01 -2.500000e+00
     vertex -2.234439e+01  8.805310e-01 -2.500000e+00
     vertex -2.234439e+01  8.805310e-01  2.500000e+00
   endloop
 endfacet
 facet normal  9.625228e-01 -2.712007e-01  0.000000e+00
   outer loop
     vertex -2.239105e+01  7.371934e-01 -2.500000e+00
     vertex -2.239105e+01  7.371934e-01  2.500000e+00
     vertex -2.241127e+01  6.654190e-01  2.500000e+00
   endloop
 endfacet
 facet normal  9.549199e-01 -2.968636e-01  0.000000e+00
   outer loop
     vertex -2.239105e+01  7.371934e-01 -2.500000e+00
     vertex -2.236875e+01  8.088996e-01 -2.500000e+00
     vertex -2.239105e+01  7.371934e-01  2.500000e+00
   endloop
 endfacet
 facet normal  9.625228e-01 -2.712007e-01  0.000000e+00
   outer loop
     vertex -2.241127e+01  6.654190e-01 -2.500000e+00
     vertex -2.239105e+01  7.371934e-01 -2.500000e+00
     vertex -2.241127e+01  6.654190e-01  2.500000e+00
   endloop
 endfacet
 facet normal  9.695246e-01 -2.449941e-01  0.000000e+00
   outer loop
     vertex -2.242942e+01  5.935833e-01 -2.500000e+00
     vertex -2.241127e+01  6.654190e-01  2.500000e+00
     vertex -2.242942e+01  5.935833e-01  2.500000e+00
   endloop
 endfacet
 facet normal  9.755833e-01 -2.196299e-01  0.000000e+00
   outer loop
     vertex -2.242942e+01  5.935833e-01 -2.500000e+00
     vertex -2.242942e+01  5.935833e-01  2.500000e+00
     vertex -2.244399e+01  5.288840e-01  2.500000e+00
   endloop
 endfacet
 facet normal  9.695246e-01 -2.449941e-01  0.000000e+00
   outer loop
     vertex -2.242942e+01  5.935833e-01 -2.500000e+00
     vertex -2.241127e+01  6.654190e-01 -2.500000e+00
     vertex -2.241127e+01  6.654190e-01  2.500000e+00
   endloop
 endfacet
 facet normal  9.755833e-01 -2.196299e-01  0.000000e+00
   outer loop
     vertex -2.244399e+01  5.288840e-01 -2.500000e+00
     vertex -2.242942e+01  5.935833e-01 -2.500000e+00
     vertex -2.244399e+01  5.288840e-01  2.500000e+00
   endloop
 endfacet
 facet normal  9.805151e-01 -1.964439e-01  0.000000e+00
   outer loop
     vertex -2.245566e+01  4.706206e-01 -2.500000e+00
     vertex -2.244399e+01  5.288840e-01  2.500000e+00
     vertex -2.245566e+01  4.706206e-01  2.500000e+00
   endloop
 endfacet
 facet normal  9.805151e-01 -1.964439e-01  0.000000e+00
   outer loop
     vertex -2.245566e+01  4.706206e-01 -2.500000e+00
     vertex -2.244399e+01  5.288840e-01 -2.500000e+00
     vertex -2.244399e+01  5.288840e-01  2.500000e+00
   endloop
 endfacet
 facet normal  9.847115e-01 -1.741934e-01  0.000000e+00
   outer loop
     vertex -2.246597e+01  4.123288e-01 -2.500000e+00
     vertex -2.245566e+01  4.706206e-01 -2.500000e+00
     vertex -2.245566e+01  4.706206e-01  2.500000e+00
   endloop
 endfacet
 facet normal  9.847115e-01 -1.741934e-01  0.000000e+00
   outer loop
     vertex -2.246597e+01  4.123288e-01 -2.500000e+00
     vertex -2.245566e+01  4.706206e-01  2.500000e+00
     vertex -2.246597e+01  4.123288e-01  2.500000e+00
   endloop
 endfacet
 facet normal  9.884276e-01 -1.516937e-01  0.000000e+00
   outer loop
     vertex -2.246597e+01  4.123288e-01 -2.500000e+00
     vertex -2.246597e+01  4.123288e-01  2.500000e+00
     vertex -2.247492e+01  3.540119e-01  2.500000e+00
   endloop
 endfacet
 facet normal  9.916480e-01 -1.289739e-01  0.000000e+00
   outer loop
     vertex -2.247492e+01  3.540119e-01 -2.500000e+00
     vertex -2.247492e+01  3.540119e-01  2.500000e+00
     vertex -2.248251e+01  2.956736e-01  2.500000e+00
   endloop
 endfacet
 facet normal  9.884276e-01 -1.516937e-01  0.000000e+00
   outer loop
     vertex -2.247492e+01  3.540119e-01 -2.500000e+00
     vertex -2.246597e+01  4.123288e-01 -2.500000e+00
     vertex -2.247492e+01  3.540119e-01  2.500000e+00
   endloop
 endfacet
 facet normal  9.916480e-01 -1.289739e-01  0.000000e+00
   outer loop
     vertex -2.248251e+01  2.956736e-01 -2.500000e+00
     vertex -2.247492e+01  3.540119e-01 -2.500000e+00
     vertex -2.248251e+01  2.956736e-01  2.500000e+00
   endloop
 endfacet
 facet normal  9.943592e-01 -1.060647e-01  0.000000e+00
   outer loop
     vertex -2.248873e+01  2.373173e-01 -2.500000e+00
     vertex -2.248251e+01  2.956736e-01  2.500000e+00
     vertex -2.248873e+01  2.373173e-01  2.500000e+00
   endloop
 endfacet
 facet normal  9.943592e-01 -1.060647e-01  0.000000e+00
   outer loop
     vertex -2.248873e+01  2.373173e-01 -2.500000e+00
     vertex -2.248251e+01  2.956736e-01 -2.500000e+00
     vertex -2.248251e+01  2.956736e-01  2.500000e+00
   endloop
 endfacet
 facet normal  9.965497e-01 -8.299815e-02  0.000000e+00
   outer loop
     vertex -2.249359e+01  1.789467e-01 -2.500000e+00
     vertex -2.248873e+01  2.373173e-01  2.500000e+00
     vertex -2.249359e+01  1.789467e-01  2.500000e+00
   endloop
 endfacet
 facet normal  9.982099e-01 -5.980753e-02  0.000000e+00
   outer loop
     vertex -2.249359e+01  1.789467e-01 -2.500000e+00
     vertex -2.249359e+01  1.789467e-01  2.500000e+00
     vertex -2.249709e+01  1.205652e-01  2.500000e+00
   endloop
 endfacet
 facet normal  9.965497e-01 -8.299815e-02  0.000000e+00
   outer loop
     vertex -2.249359e+01  1.789467e-01 -2.500000e+00
     vertex -2.248873e+01  2.373173e-01 -2.500000e+00
     vertex -2.248873e+01  2.373173e-01  2.500000e+00
   endloop
 endfacet
 facet normal  9.982099e-01 -5.980753e-02  0.000000e+00
   outer loop
     vertex -2.249709e+01  1.205652e-01 -2.500000e+00
     vertex -2.249359e+01  1.789467e-01 -2.500000e+00
     vertex -2.249709e+01  1.205652e-01  2.500000e+00
   endloop
 endfacet
 facet normal  9.993327e-01 -3.652692e-02  0.000000e+00
   outer loop
     vertex -2.249923e+01  6.217642e-02 -2.500000e+00
     vertex -2.249709e+01  1.205652e-01 -2.500000e+00
     vertex -2.249709e+01  1.205652e-01  2.500000e+00
   endloop
 endfacet
 facet normal  9.993327e-01 -3.652692e-02  0.000000e+00
   outer loop
     vertex -2.249923e+01  6.217642e-02 -2.500000e+00
     vertex -2.249709e+01  1.205652e-01  2.500000e+00
     vertex -2.249923e+01  6.217642e-02  2.500000e+00
   endloop
 endfacet
 facet normal  9.999130e-01 -1.319114e-02  0.000000e+00
   outer loop
     vertex -2.249923e+01  6.217642e-02 -2.500000e+00
     vertex -2.249923e+01  6.217642e-02  2.500000e+00
     vertex -2.250000e+01  3.783863e-03  2.500000e+00
   endloop
 endfacet
 facet normal  9.999130e-01 -1.319114e-02  0.000000e+00
   outer loop
     vertex -2.250000e+01  3.783863e-03 -2.500000e+00
     vertex -2.249923e+01  6.217642e-02 -2.500000e+00
     vertex -2.250000e+01  3.783863e-03  2.500000e+00
   endloop
 endfacet
 facet normal  9.999483e-01  1.016462e-02  0.000000e+00
   outer loop
     vertex -2.249940e+01 -5.460892e-02 -2.500000e+00
     vertex -2.250000e+01  3.783863e-03 -2.500000e+00
     vertex -2.250000e+01  3.783863e-03  2.500000e+00
   endloop
 endfacet
 facet normal  9.999483e-01  1.016462e-02 -0.000000e+00
   outer loop
     vertex -2.249940e+01 -5.460892e-02 -2.500000e+00
     vertex -2.250000e+01  3.783863e-03  2.500000e+00
     vertex -2.249940e+01 -5.460892e-02  2.500000e+00
   endloop
 endfacet
 facet normal  9.994386e-01  3.350499e-02 -0.000000e+00
   outer loop
     vertex -2.249940e+01 -5.460892e-02 -2.500000e+00
     vertex -2.249940e+01 -5.460892e-02  2.500000e+00
     vertex -2.249745e+01 -1.129984e-01  2.500000e+00
   endloop
 endfacet
 facet normal  9.994386e-01  3.350499e-02 -0.000000e+00
   outer loop
     vertex -2.249745e+01 -1.129984e-01 -2.500000e+00
     vertex -2.249940e+01 -5.460892e-02 -2.500000e+00
     vertex -2.249745e+01 -1.129984e-01  2.500000e+00
   endloop
 endfacet
 facet normal  9.983859e-01  5.679472e-02  0.000000e+00
   outer loop
     vertex -2.249412e+01 -1.713810e-01 -2.500000e+00
     vertex -2.249745e+01 -1.129984e-01 -2.500000e+00
     vertex -2.249745e+01 -1.129984e-01  2.500000e+00
   endloop
 endfacet
 facet normal  9.983859e-01  5.679472e-02 -0.000000e+00
   outer loop
     vertex -2.249412e+01 -1.713810e-01 -2.500000e+00
     vertex -2.249745e+01 -1.129984e-01  2.500000e+00
     vertex -2.249412e+01 -1.713810e-01  2.500000e+00
   endloop
 endfacet
 facet normal  9.967949e-01  7.999894e-02 -0.000000e+00
   outer loop
     vertex -2.249412e+01 -1.713810e-01 -2.500000e+00
     vertex -2.249412e+01 -1.713810e-01  2.500000e+00
     vertex -2.248944e+01 -2.297533e-01  2.500000e+00
   endloop
 endfacet
 facet normal  9.967949e-01  7.999894e-02 -0.000000e+00
   outer loop
     vertex -2.248944e+01 -2.297533e-01 -2.500000e+00
     vertex -2.249412e+01 -1.713810e-01 -2.500000e+00
     vertex -2.248944e+01 -2.297533e-01  2.500000e+00
   endloop
 endfacet
 facet normal  9.946727e-01  1.030834e-01  0.000000e+00
   outer loop
     vertex -2.248339e+01 -2.881116e-01 -2.500000e+00
     vertex -2.248944e+01 -2.297533e-01 -2.500000e+00
     vertex -2.248944e+01 -2.297533e-01  2.500000e+00
   endloop
 endfacet
 facet normal  9.946727e-01  1.030834e-01 -0.000000e+00
   outer loop
     vertex -2.248339e+01 -2.881116e-01 -2.500000e+00
     vertex -2.248944e+01 -2.297533e-01  2.500000e+00
     vertex -2.248339e+01 -2.881116e-01  2.500000e+00
   endloop
 endfacet
 facet normal  9.920284e-01  1.260149e-01  0.000000e+00
   outer loop
     vertex -2.247598e+01 -3.464524e-01 -2.500000e+00
     vertex -2.248339e+01 -2.881116e-01 -2.500000e+00
     vertex -2.248339e+01 -2.881116e-01  2.500000e+00
   endloop
 endfacet
 facet normal  9.920284e-01  1.260149e-01 -0.000000e+00
   outer loop
     vertex -2.247598e+01 -3.464524e-01 -2.500000e+00
     vertex -2.248339e+01 -2.881116e-01  2.500000e+00
     vertex -2.247598e+01 -3.464524e-01  2.500000e+00
   endloop
 endfacet
 facet normal  9.888732e-01  1.487610e-01 -0.000000e+00
   outer loop
     vertex -2.247598e+01 -3.464524e-01 -2.500000e+00
     vertex -2.247598e+01 -3.464524e-01  2.500000e+00
     vertex -2.246721e+01 -4.047723e-01  2.500000e+00
   endloop
 endfacet
 facet normal  9.852205e-01  1.712909e-01 -0.000000e+00
   outer loop
     vertex -2.246721e+01 -4.047723e-01 -2.500000e+00
     vertex -2.246721e+01 -4.047723e-01  2.500000e+00
     vertex -2.245707e+01 -4.630676e-01  2.500000e+00
   endloop
 endfacet
 facet normal  9.888732e-01  1.487610e-01 -0.000000e+00
   outer loop
     vertex -2.246721e+01 -4.047723e-01 -2.500000e+00
     vertex -2.247598e+01 -3.464524e-01 -2.500000e+00
     vertex -2.246721e+01 -4.047723e-01  2.500000e+00
   endloop
 endfacet
 facet normal  9.852205e-01  1.712909e-01 -0.000000e+00
   outer loop
     vertex -2.245707e+01 -4.630676e-01 -2.500000e+00
     vertex -2.246721e+01 -4.047723e-01 -2.500000e+00
     vertex -2.245707e+01 -4.630676e-01  2.500000e+00
   endloop
 endfacet
 facet normal  9.810854e-01  1.935753e-01  0.000000e+00
   outer loop
     vertex -2.244558e+01 -5.213348e-01 -2.500000e+00
     vertex -2.245707e+01 -4.630676e-01 -2.500000e+00
     vertex -2.245707e+01 -4.630676e-01  2.500000e+00
   endloop
 endfacet
 facet normal  9.810854e-01  1.935753e-01 -0.000000e+00
   outer loop
     vertex -2.244558e+01 -5.213348e-01 -2.500000e+00
     vertex -2.245707e+01 -4.630676e-01  2.500000e+00
     vertex -2.244558e+01 -5.213348e-01  2.500000e+00
   endloop
 endfacet
 facet normal  9.764847e-01  2.155865e-01  0.000000e+00
   outer loop
     vertex -2.243272e+01 -5.795704e-01 -2.500000e+00
     vertex -2.244558e+01 -5.213348e-01 -2.500000e+00
     vertex -2.244558e+01 -5.213348e-01  2.500000e+00
   endloop
 endfacet
 facet normal  9.764847e-01  2.155865e-01 -0.000000e+00
   outer loop
     vertex -2.243272e+01 -5.795704e-01 -2.500000e+00
     vertex -2.244558e+01 -5.213348e-01  2.500000e+00
     vertex -2.243272e+01 -5.795704e-01  2.500000e+00
   endloop
 endfacet
 facet normal  9.714368e-01  2.372986e-01 -0.000000e+00
   outer loop
     vertex -2.243272e+01 -5.795704e-01 -2.500000e+00
     vertex -2.243272e+01 -5.795704e-01  2.500000e+00
     vertex -2.241850e+01 -6.377709e-01  2.500000e+00
   endloop
 endfacet
 facet normal  9.714368e-01  2.372986e-01 -0.000000e+00
   outer loop
     vertex -2.241850e+01 -6.377709e-01 -2.500000e+00
     vertex -2.243272e+01 -5.795704e-01 -2.500000e+00
     vertex -2.241850e+01 -6.377709e-01  2.500000e+00
   endloop
 endfacet
 facet normal  9.659610e-01  2.586877e-01 -0.000000e+00
   outer loop
     vertex -2.241850e+01 -6.377709e-01 -2.500000e+00
     vertex -2.241850e+01 -6.377709e-01  2.500000e+00
     vertex -2.240293e+01 -6.959328e-01  2.500000e+00
   endloop
 endfacet
 facet normal  9.659610e-01  2.586877e-01 -0.000000e+00
   outer loop
     vertex -2.240293e+01 -6.959328e-01 -2.500000e+00
     vertex -2.241850e+01 -6.377709e-01 -2.500000e+00
     vertex -2.240293e+01 -6.959328e-01  2.500000e+00
   endloop
 endfacet
 facet normal  9.600781e-01  2.797320e-01  0.000000e+00
   outer loop
     vertex -2.238599e+01 -7.540524e-01 -2.500000e+00
     vertex -2.240293e+01 -6.959328e-01 -2.500000e+00
     vertex -2.240293e+01 -6.959328e-01  2.500000e+00
   endloop
 endfacet
 facet normal  9.600781e-01  2.797320e-01 -0.000000e+00
   outer loop
     vertex -2.238599e+01 -7.540524e-01 -2.500000e+00
     vertex -2.240293e+01 -6.959328e-01  2.500000e+00
     vertex -2.238599e+01 -7.540524e-01  2.500000e+00
   endloop
 endfacet
 facet normal  9.538097e-01  3.004116e-01  0.000000e+00
   outer loop
     vertex -2.236770e+01 -8.121264e-01 -2.500000e+00
     vertex -2.238599e+01 -7.540524e-01 -2.500000e+00
     vertex -2.238599e+01 -7.540524e-01  2.500000e+00
   endloop
 endfacet
 facet normal  9.538097e-01  3.004116e-01 -0.000000e+00
   outer loop
     vertex -2.236770e+01 -8.121264e-01 -2.500000e+00
     vertex -2.238599e+01 -7.540524e-01  2.500000e+00
     vertex -2.236770e+01 -8.121264e-01  2.500000e+00
   endloop
 endfacet
 facet normal  9.471778e-01  3.207089e-01 -0.000000e+00
   outer loop
     vertex -2.236770e+01 -8.121264e-01 -2.500000e+00
     vertex -2.236770e+01 -8.121264e-01  2.500000e+00
     vertex -2.234805e+01 -8.701511e-01  2.500000e+00
   endloop
 endfacet
 facet normal  9.471778e-01  3.207089e-01 -0.000000e+00
   outer loop
     vertex -2.234805e+01 -8.701511e-01 -2.500000e+00
     vertex -2.236770e+01 -8.121264e-01 -2.500000e+00
     vertex -2.234805e+01 -8.701511e-01  2.500000e+00
   endloop
 endfacet
 facet normal  9.402052e-01  3.406085e-01  0.000000e+00
   outer loop
     vertex -2.232705e+01 -9.281231e-01 -2.500000e+00
     vertex -2.234805e+01 -8.701511e-01 -2.500000e+00
     vertex -2.234805e+01 -8.701511e-01  2.500000e+00
   endloop
 endfacet
 facet normal  9.402052e-01  3.406085e-01 -0.000000e+00
   outer loop
     vertex -2.232705e+01 -9.281231e-01 -2.500000e+00
     vertex -2.234805e+01 -8.701511e-01  2.500000e+00
     vertex -2.232705e+01 -9.281231e-01  2.500000e+00
   endloop
 endfacet
 facet normal  9.329149e-01  3.600968e-01 -0.000000e+00
   outer loop
     vertex -2.232705e+01 -9.281231e-01 -2.500000e+00
     vertex -2.232705e+01 -9.281231e-01  2.500000e+00
     vertex -2.230470e+01 -9.860388e-01  2.500000e+00
   endloop
 endfacet
 facet normal  9.329149e-01  3.600968e-01 -0.000000e+00
   outer loop
     vertex -2.230470e+01 -9.860388e-01 -2.500000e+00
     vertex -2.232705e+01 -9.281231e-01 -2.500000e+00
     vertex -2.230470e+01 -9.860388e-01  2.500000e+00
   endloop
 endfacet
 facet normal  9.253301e-01  3.791626e-01  0.000000e+00
   outer loop
     vertex -2.228099e+01 -1.043895e+00 -2.500000e+00
     vertex -2.230470e+01 -9.860388e-01 -2.500000e+00
     vertex -2.230470e+01 -9.860388e-01  2.500000e+00
   endloop
 endfacet
 facet normal  9.253301e-01  3.791626e-01 -0.000000e+00
   outer loop
     vertex -2.228099e+01 -1.043895e+00 -2.500000e+00
     vertex -2.230470e+01 -9.860388e-01  2.500000e+00
     vertex -2.228099e+01 -1.043895e+00  2.500000e+00
   endloop
 endfacet
 facet normal  9.174736e-01  3.977966e-01 -0.000000e+00
   outer loop
     vertex -2.228099e+01 -1.043895e+00 -2.500000e+00
     vertex -2.228099e+01 -1.043895e+00  2.500000e+00
     vertex -2.225593e+01 -1.101687e+00  2.500000e+00
   endloop
 endfacet
 facet normal  9.174736e-01  3.977966e-01 -0.000000e+00
   outer loop
     vertex -2.225593e+01 -1.101687e+00 -2.500000e+00
     vertex -2.228099e+01 -1.043895e+00 -2.500000e+00
     vertex -2.225593e+01 -1.101687e+00  2.500000e+00
   endloop
 endfacet
 facet normal  9.093686e-01  4.159913e-01  0.000000e+00
   outer loop
     vertex -2.222953e+01 -1.159413e+00 -2.500000e+00
     vertex -2.225593e+01 -1.101687e+00 -2.500000e+00
     vertex -2.225593e+01 -1.101687e+00  2.500000e+00
   endloop
 endfacet
 facet normal  9.093686e-01  4.159913e-01 -0.000000e+00
   outer loop
     vertex -2.222953e+01 -1.159413e+00 -2.500000e+00
     vertex -2.225593e+01 -1.101687e+00  2.500000e+00
     vertex -2.222953e+01 -1.159413e+00  2.500000e+00
   endloop
 endfacet
 facet normal  9.010374e-01  4.337414e-01 -0.000000e+00
   outer loop
     vertex -2.222953e+01 -1.159413e+00 -2.500000e+00
     vertex -2.222953e+01 -1.159413e+00  2.500000e+00
     vertex -2.220177e+01 -1.217069e+00  2.500000e+00
   endloop
 endfacet
 facet normal  9.010374e-01  4.337414e-01 -0.000000e+00
   outer loop
     vertex -2.220177e+01 -1.217069e+00 -2.500000e+00
     vertex -2.222953e+01 -1.159413e+00 -2.500000e+00
     vertex -2.220177e+01 -1.217069e+00  2.500000e+00
   endloop
 endfacet
 facet normal  8.925022e-01  4.510431e-01  0.000000e+00
   outer loop
     vertex -2.217267e+01 -1.274651e+00 -2.500000e+00
     vertex -2.220177e+01 -1.217069e+00 -2.500000e+00
     vertex -2.220177e+01 -1.217069e+00  2.500000e+00
   endloop
 endfacet
 facet normal  8.925022e-01  4.510431e-01 -0.000000e+00
   outer loop
     vertex -2.217267e+01 -1.274651e+00 -2.500000e+00
     vertex -2.220177e+01 -1.217069e+00  2.500000e+00
     vertex -2.217267e+01 -1.274651e+00  2.500000e+00
   endloop
 endfacet
 facet normal  8.837844e-01  4.678943e-01  0.000000e+00
   outer loop
     vertex -2.214223e+01 -1.332155e+00 -2.500000e+00
     vertex -2.217267e+01 -1.274651e+00 -2.500000e+00
     vertex -2.217267e+01 -1.274651e+00  2.500000e+00
   endloop
 endfacet
 facet normal  8.837844e-01  4.678943e-01 -0.000000e+00
   outer loop
     vertex -2.214223e+01 -1.332155e+00 -2.500000e+00
     vertex -2.217267e+01 -1.274651e+00  2.500000e+00
     vertex -2.214223e+01 -1.332155e+00  2.500000e+00
   endloop
 endfacet
 facet normal  8.749050e-01  4.842946e-01 -0.000000e+00
   outer loop
     vertex -2.214223e+01 -1.332155e+00 -2.500000e+00
     vertex -2.214223e+01 -1.332155e+00  2.500000e+00
     vertex -2.211044e+01 -1.389579e+00  2.500000e+00
   endloop
 endfacet
 facet normal  8.749050e-01  4.842946e-01 -0.000000e+00
   outer loop
     vertex -2.211044e+01 -1.389579e+00 -2.500000e+00
     vertex -2.214223e+01 -1.332155e+00 -2.500000e+00
     vertex -2.211044e+01 -1.389579e+00  2.500000e+00
   endloop
 endfacet
 facet normal  8.658840e-01  5.002449e-01 -0.000000e+00
   outer loop
     vertex -2.211044e+01 -1.389579e+00 -2.500000e+00
     vertex -2.211044e+01 -1.389579e+00  2.500000e+00
     vertex -2.207732e+01 -1.446919e+00  2.500000e+00
   endloop
 endfacet
 facet normal  8.658840e-01  5.002449e-01 -0.000000e+00
   outer loop
     vertex -2.207732e+01 -1.446919e+00 -2.500000e+00
     vertex -2.211044e+01 -1.389579e+00 -2.500000e+00
     vertex -2.207732e+01 -1.446919e+00  2.500000e+00
   endloop
 endfacet
 facet normal  8.567407e-01  5.157474e-01 -0.000000e+00
   outer loop
     vertex -2.204285e+01 -1.504170e+00 -2.500000e+00
     vertex -2.207732e+01 -1.446919e+00  2.500000e+00
     vertex -2.204285e+01 -1.504170e+00  2.500000e+00
   endloop
 endfacet
 facet normal  8.567407e-01  5.157474e-01  0.000000e+00
   outer loop
     vertex -2.204285e+01 -1.504170e+00 -2.500000e+00
     vertex -2.207732e+01 -1.446919e+00 -2.500000e+00
     vertex -2.207732e+01 -1.446919e+00  2.500000e+00
   endloop
 endfacet
 facet normal  8.474936e-01  5.308057e-01  0.000000e+00
   outer loop
     vertex -2.200705e+01 -1.561331e+00 -2.500000e+00
     vertex -2.204285e+01 -1.504170e+00 -2.500000e+00
     vertex -2.204285e+01 -1.504170e+00  2.500000e+00
   endloop
 endfacet
 facet normal  8.474936e-01  5.308057e-01 -0.000000e+00
   outer loop
     vertex -2.200705e+01 -1.561331e+00 -2.500000e+00
     vertex -2.204285e+01 -1.504170e+00  2.500000e+00
     vertex -2.200705e+01 -1.561331e+00  2.500000e+00
   endloop
 endfacet
 facet normal  8.381602e-01  5.454241e-01 -0.000000e+00
   outer loop
     vertex -2.200705e+01 -1.561331e+00 -2.500000e+00
     vertex -2.200705e+01 -1.561331e+00  2.500000e+00
     vertex -2.196991e+01 -1.618397e+00  2.500000e+00
   endloop
 endfacet
 facet normal  8.381602e-01  5.454241e-01 -0.000000e+00
   outer loop
     vertex -2.196991e+01 -1.618397e+00 -2.500000e+00
     vertex -2.200705e+01 -1.561331e+00 -2.500000e+00
     vertex -2.196991e+01 -1.618397e+00  2.500000e+00
   endloop
 endfacet
 facet normal  8.287573e-01  5.596083e-01 -0.000000e+00
   outer loop
     vertex -2.193145e+01 -1.675365e+00 -2.500000e+00
     vertex -2.196991e+01 -1.618397e+00  2.500000e+00
     vertex -2.193145e+01 -1.675365e+00  2.500000e+00
   endloop
 endfacet
 facet normal  8.193004e-01  5.733645e-01 -0.000000e+00
   outer loop
     vertex -2.193145e+01 -1.675365e+00 -2.500000e+00
     vertex -2.193145e+01 -1.675365e+00  2.500000e+00
     vertex -2.189165e+01 -1.732231e+00  2.500000e+00
   endloop
 endfacet
 facet normal  8.287573e-01  5.596083e-01  0.000000e+00
   outer loop
     vertex -2.193145e+01 -1.675365e+00 -2.500000e+00
     vertex -2.196991e+01 -1.618397e+00 -2.500000e+00
     vertex -2.196991e+01 -1.618397e+00  2.500000e+00
   endloop
 endfacet
 facet normal  8.193004e-01  5.733645e-01 -0.000000e+00
   outer loop
     vertex -2.189165e+01 -1.732231e+00 -2.500000e+00
     vertex -2.193145e+01 -1.675365e+00 -2.500000e+00
     vertex -2.189165e+01 -1.732231e+00  2.500000e+00
   endloop
 endfacet
 facet normal  8.098045e-01  5.866998e-01  0.000000e+00
   outer loop
     vertex -2.185053e+01 -1.788993e+00 -2.500000e+00
     vertex -2.189165e+01 -1.732231e+00 -2.500000e+00
     vertex -2.189165e+01 -1.732231e+00  2.500000e+00
   endloop
 endfacet
 facet normal  8.098045e-01  5.866998e-01 -0.000000e+00
   outer loop
     vertex -2.185053e+01 -1.788993e+00 -2.500000e+00
     vertex -2.189165e+01 -1.732231e+00  2.500000e+00
     vertex -2.185053e+01 -1.788993e+00  2.500000e+00
   endloop
 endfacet
 facet normal  8.002833e-01  5.996221e-01 -0.000000e+00
   outer loop
     vertex -2.185053e+01 -1.788993e+00 -2.500000e+00
     vertex -2.185053e+01 -1.788993e+00  2.500000e+00
     vertex -2.180808e+01 -1.845646e+00  2.500000e+00
   endloop
 endfacet
 facet normal  8.002833e-01  5.996221e-01 -0.000000e+00
   outer loop
     vertex -2.180808e+01 -1.845646e+00 -2.500000e+00
     vertex -2.185053e+01 -1.788993e+00 -2.500000e+00
     vertex -2.180808e+01 -1.845646e+00  2.500000e+00
   endloop
 endfacet
 facet normal  7.907498e-01  6.121395e-01 -0.000000e+00
   outer loop
     vertex -2.176431e+01 -1.902187e+00 -2.500000e+00
     vertex -2.180808e+01 -1.845646e+00  2.500000e+00
     vertex -2.176431e+01 -1.902187e+00  2.500000e+00
   endloop
 endfacet
 facet normal  7.907498e-01  6.121395e-01  0.000000e+00
   outer loop
     vertex -2.176431e+01 -1.902187e+00 -2.500000e+00
     vertex -2.180808e+01 -1.845646e+00 -2.500000e+00
     vertex -2.180808e+01 -1.845646e+00  2.500000e+00
   endloop
 endfacet
 facet normal  7.812160e-01  6.242608e-01  0.000000e+00
   outer loop
     vertex -2.171922e+01 -1.958613e+00 -2.500000e+00
     vertex -2.176431e+01 -1.902187e+00 -2.500000e+00
     vertex -2.176431e+01 -1.902187e+00  2.500000e+00
   endloop
 endfacet
 facet normal  7.812160e-01  6.242608e-01 -0.000000e+00
   outer loop
     vertex -2.171922e+01 -1.958613e+00 -2.500000e+00
     vertex -2.176431e+01 -1.902187e+00  2.500000e+00
     vertex -2.171922e+01 -1.958613e+00  2.500000e+00
   endloop
 endfacet
 facet normal  7.701077e-01  6.379139e-01 -0.000000e+00
   outer loop
     vertex -2.171922e+01 -1.958613e+00 -2.500000e+00
     vertex -2.171922e+01 -1.958613e+00  2.500000e+00
     vertex -2.165705e+01 -2.033662e+00  2.500000e+00
   endloop
 endfacet
 facet normal  7.701077e-01  6.379139e-01 -0.000000e+00
   outer loop
     vertex -2.165705e+01 -2.033662e+00 -2.500000e+00
     vertex -2.171922e+01 -1.958613e+00 -2.500000e+00
     vertex -2.165705e+01 -2.033662e+00  2.500000e+00
   endloop
 endfacet
 facet normal  7.566621e-01  6.538062e-01  0.000000e+00
   outer loop
     vertex -2.158433e+01 -2.117829e+00 -2.500000e+00
     vertex -2.165705e+01 -2.033662e+00 -2.500000e+00
     vertex -2.165705e+01 -2.033662e+00  2.500000e+00
   endloop
 endfacet
 facet normal  7.566621e-01  6.538062e-01 -0.000000e+00
   outer loop
     vertex -2.158433e+01 -2.117829e+00 -2.500000e+00
     vertex -2.165705e+01 -2.033662e+00  2.500000e+00
     vertex -2.158433e+01 -2.117829e+00  2.500000e+00
   endloop
 endfacet
 facet normal  7.425041e-01  6.698415e-01 -0.000000e+00
   outer loop
     vertex -2.158433e+01 -2.117829e+00 -2.500000e+00
     vertex -2.158433e+01 -2.117829e+00  2.500000e+00
     vertex -2.150866e+01 -2.201708e+00  2.500000e+00
   endloop
 endfacet
 facet normal  7.425041e-01  6.698415e-01 -0.000000e+00
   outer loop
     vertex -2.150866e+01 -2.201708e+00 -2.500000e+00
     vertex -2.158433e+01 -2.117829e+00 -2.500000e+00
     vertex -2.150866e+01 -2.201708e+00  2.500000e+00
   endloop
 endfacet
 facet normal  7.284535e-01  6.850953e-01  0.000000e+00
   outer loop
     vertex -2.143005e+01 -2.285287e+00 -2.500000e+00
     vertex -2.150866e+01 -2.201708e+00 -2.500000e+00
     vertex -2.150866e+01 -2.201708e+00  2.500000e+00
   endloop
 endfacet
 facet normal  7.284535e-01  6.850953e-01 -0.000000e+00
   outer loop
     vertex -2.143005e+01 -2.285287e+00 -2.500000e+00
     vertex -2.150866e+01 -2.201708e+00  2.500000e+00
     vertex -2.143005e+01 -2.285287e+00  2.500000e+00
   endloop
 endfacet
 facet normal  7.145337e-01  6.996010e-01 -0.000000e+00
   outer loop
     vertex -2.143005e+01 -2.285287e+00 -2.500000e+00
     vertex -2.143005e+01 -2.285287e+00  2.500000e+00
     vertex -2.134853e+01 -2.368554e+00  2.500000e+00
   endloop
 endfacet
 facet normal  7.145337e-01  6.996010e-01 -0.000000e+00
   outer loop
     vertex -2.134853e+01 -2.368554e+00 -2.500000e+00
     vertex -2.143005e+01 -2.285287e+00 -2.500000e+00
     vertex -2.134853e+01 -2.368554e+00  2.500000e+00
   endloop
 endfacet
 facet normal  7.007649e-01  7.133923e-01 -0.000000e+00
   outer loop
     vertex -2.126409e+01 -2.451498e+00 -2.500000e+00
     vertex -2.134853e+01 -2.368554e+00  2.500000e+00
     vertex -2.126409e+01 -2.451498e+00  2.500000e+00
   endloop
 endfacet
 facet normal  7.007649e-01  7.133923e-01  0.000000e+00
   outer loop
     vertex -2.126409e+01 -2.451498e+00 -2.500000e+00
     vertex -2.134853e+01 -2.368554e+00 -2.500000e+00
     vertex -2.134853e+01 -2.368554e+00  2.500000e+00
   endloop
 endfacet
 facet normal  6.871641e-01  7.265022e-01 -0.000000e+00
   outer loop
     vertex -2.117675e+01 -2.534108e+00 -2.500000e+00
     vertex -2.126409e+01 -2.451498e+00  2.500000e+00
     vertex -2.117675e+01 -2.534108e+00  2.500000e+00
   endloop
 endfacet
 facet normal  6.871641e-01  7.265022e-01  0.000000e+00
   outer loop
     vertex -2.117675e+01 -2.534108e+00 -2.500000e+00
     vertex -2.126409e+01 -2.451498e+00 -2.500000e+00
     vertex -2.126409e+01 -2.451498e+00  2.500000e+00
   endloop
 endfacet
 facet normal  6.737455e-01  7.389634e-01 -0.000000e+00
   outer loop
     vertex -2.108652e+01 -2.616371e+00 -2.500000e+00
     vertex -2.117675e+01 -2.534108e+00  2.500000e+00
     vertex -2.108652e+01 -2.616371e+00  2.500000e+00
   endloop
 endfacet
 facet normal  6.605210e-01  7.508076e-01 -0.000000e+00
   outer loop
     vertex -2.108652e+01 -2.616371e+00 -2.500000e+00
     vertex -2.108652e+01 -2.616371e+00  2.500000e+00
     vertex -2.099342e+01 -2.698279e+00  2.500000e+00
   endloop
 endfacet
 facet normal  6.737455e-01  7.389634e-01  0.000000e+00
   outer loop
     vertex -2.108652e+01 -2.616371e+00 -2.500000e+00
     vertex -2.117675e+01 -2.534108e+00 -2.500000e+00
     vertex -2.117675e+01 -2.534108e+00  2.500000e+00
   endloop
 endfacet
 facet normal  6.605210e-01  7.508076e-01 -0.000000e+00
   outer loop
     vertex -2.099342e+01 -2.698279e+00 -2.500000e+00
     vertex -2.108652e+01 -2.616371e+00 -2.500000e+00
     vertex -2.099342e+01 -2.698279e+00  2.500000e+00
   endloop
 endfacet
 facet normal  6.474998e-01  7.620657e-01 -0.000000e+00
   outer loop
     vertex -2.089745e+01 -2.779818e+00 -2.500000e+00
     vertex -2.099342e+01 -2.698279e+00  2.500000e+00
     vertex -2.089745e+01 -2.779818e+00  2.500000e+00
   endloop
 endfacet
 facet normal  6.474998e-01  7.620657e-01  0.000000e+00
   outer loop
     vertex -2.089745e+01 -2.779818e+00 -2.500000e+00
     vertex -2.099342e+01 -2.698279e+00 -2.500000e+00
     vertex -2.099342e+01 -2.698279e+00  2.500000e+00
   endloop
 endfacet
 facet normal  6.346894e-01  7.727674e-01 -0.000000e+00
   outer loop
     vertex -2.079864e+01 -2.860978e+00 -2.500000e+00
     vertex -2.089745e+01 -2.779818e+00  2.500000e+00
     vertex -2.079864e+01 -2.860978e+00  2.500000e+00
   endloop
 endfacet
 facet normal  6.346894e-01  7.727674e-01  0.000000e+00
   outer loop
     vertex -2.079864e+01 -2.860978e+00 -2.500000e+00
     vertex -2.089745e+01 -2.779818e+00 -2.500000e+00
     vertex -2.089745e+01 -2.779818e+00  2.500000e+00
   endloop
 endfacet
 facet normal  6.220954e-01  7.829414e-01 -0.000000e+00
   outer loop
     vertex -2.069698e+01 -2.941747e+00 -2.500000e+00
     vertex -2.079864e+01 -2.860978e+00  2.500000e+00
     vertex -2.069698e+01 -2.941747e+00  2.500000e+00
   endloop
 endfacet
 facet normal  6.097219e-01  7.926154e-01 -0.000000e+00
   outer loop
     vertex -2.069698e+01 -2.941747e+00 -2.500000e+00
     vertex -2.069698e+01 -2.941747e+00  2.500000e+00
     vertex -2.059251e+01 -3.022116e+00  2.500000e+00
   endloop
 endfacet
 facet normal  6.220954e-01  7.829414e-01  0.000000e+00
   outer loop
     vertex -2.069698e+01 -2.941747e+00 -2.500000e+00
     vertex -2.079864e+01 -2.860978e+00 -2.500000e+00
     vertex -2.079864e+01 -2.860978e+00  2.500000e+00
   endloop
 endfacet
 facet normal  6.097219e-01  7.926154e-01 -0.000000e+00
   outer loop
     vertex -2.059251e+01 -3.022116e+00 -2.500000e+00
     vertex -2.069698e+01 -2.941747e+00 -2.500000e+00
     vertex -2.059251e+01 -3.022116e+00  2.500000e+00
   endloop
 endfacet
 facet normal  5.955683e-01  8.033047e-01 -0.000000e+00
   outer loop
     vertex -2.044884e+01 -3.128631e+00 -2.500000e+00
     vertex -2.059251e+01 -3.022116e+00  2.500000e+00
     vertex -2.044884e+01 -3.128631e+00  2.500000e+00
   endloop
 endfacet
 facet normal  5.787926e-01  8.154748e-01 -0.000000e+00
   outer loop
     vertex -2.044884e+01 -3.128631e+00 -2.500000e+00
     vertex -2.044884e+01 -3.128631e+00  2.500000e+00
     vertex -2.028129e+01 -3.247552e+00  2.500000e+00
   endloop
 endfacet
 facet normal  5.955683e-01  8.033047e-01  0.000000e+00
   outer loop
     vertex -2.044884e+01 -3.128631e+00 -2.500000e+00
     vertex -2.059251e+01 -3.022116e+00 -2.500000e+00
     vertex -2.059251e+01 -3.022116e+00  2.500000e+00
   endloop
 endfacet
 facet normal  5.787926e-01  8.154748e-01 -0.000000e+00
   outer loop
     vertex -2.028129e+01 -3.247552e+00 -2.500000e+00
     vertex -2.044884e+01 -3.128631e+00 -2.500000e+00
     vertex -2.028129e+01 -3.247552e+00  2.500000e+00
   endloop
 endfacet
 facet normal  5.615213e-01  8.274623e-01 -0.000000e+00
   outer loop
     vertex -2.010751e+01 -3.365477e+00 -2.500000e+00
     vertex -2.028129e+01 -3.247552e+00  2.500000e+00
     vertex -2.010751e+01 -3.365477e+00  2.500000e+00
   endloop
 endfacet
 facet normal  5.615213e-01  8.274623e-01  0.000000e+00
   outer loop
     vertex -2.010751e+01 -3.365477e+00 -2.500000e+00
     vertex -2.028129e+01 -3.247552e+00 -2.500000e+00
     vertex -2.028129e+01 -3.247552e+00  2.500000e+00
   endloop
 endfacet
 facet normal  5.447509e-01  8.385979e-01  0.000000e+00
   outer loop
     vertex -1.992757e+01 -3.482369e+00 -2.500000e+00
     vertex -2.010751e+01 -3.365477e+00 -2.500000e+00
     vertex -2.010751e+01 -3.365477e+00  2.500000e+00
   endloop
 endfacet
 facet normal  5.447509e-01  8.385979e-01 -0.000000e+00
   outer loop
     vertex -1.992757e+01 -3.482369e+00 -2.500000e+00
     vertex -2.010751e+01 -3.365477e+00  2.500000e+00
     vertex -1.992757e+01 -3.482369e+00  2.500000e+00
   endloop
 endfacet
 facet normal  5.284741e-01  8.489494e-01 -0.000000e+00
   outer loop
     vertex -1.992757e+01 -3.482369e+00 -2.500000e+00
     vertex -1.992757e+01 -3.482369e+00  2.500000e+00
     vertex -1.974151e+01 -3.598192e+00  2.500000e+00
   endloop
 endfacet
 facet normal  5.284741e-01  8.489494e-01 -0.000000e+00
   outer loop
     vertex -1.974151e+01 -3.598192e+00 -2.500000e+00
     vertex -1.992757e+01 -3.482369e+00 -2.500000e+00
     vertex -1.974151e+01 -3.598192e+00  2.500000e+00
   endloop
 endfacet
 facet normal  5.126807e-01  8.585794e-01 -0.000000e+00
   outer loop
     vertex -1.954939e+01 -3.712911e+00 -2.500000e+00
     vertex -1.974151e+01 -3.598192e+00  2.500000e+00
     vertex -1.954939e+01 -3.712911e+00  2.500000e+00
   endloop
 endfacet
 facet normal  4.973586e-01  8.675451e-01 -0.000000e+00
   outer loop
     vertex -1.954939e+01 -3.712911e+00 -2.500000e+00
     vertex -1.954939e+01 -3.712911e+00  2.500000e+00
     vertex -1.935127e+01 -3.826491e+00  2.500000e+00
   endloop
 endfacet
 facet normal  5.126807e-01  8.585794e-01  0.000000e+00
   outer loop
     vertex -1.954939e+01 -3.712911e+00 -2.500000e+00
     vertex -1.974151e+01 -3.598192e+00 -2.500000e+00
     vertex -1.974151e+01 -3.598192e+00  2.500000e+00
   endloop
 endfacet
 facet normal  4.973586e-01  8.675451e-01 -0.000000e+00
   outer loop
     vertex -1.935127e+01 -3.826491e+00 -2.500000e+00
     vertex -1.954939e+01 -3.712911e+00 -2.500000e+00
     vertex -1.935127e+01 -3.826491e+00  2.500000e+00
   endloop
 endfacet
 facet normal  4.824942e-01  8.758992e-01 -0.000000e+00
   outer loop
     vertex -1.914722e+01 -3.938897e+00 -2.500000e+00
     vertex -1.935127e+01 -3.826491e+00  2.500000e+00
     vertex -1.914722e+01 -3.938897e+00  2.500000e+00
   endloop
 endfacet
 facet normal  4.824942e-01  8.758992e-01  0.000000e+00
   outer loop
     vertex -1.914722e+01 -3.938897e+00 -2.500000e+00
     vertex -1.935127e+01 -3.826491e+00 -2.500000e+00
     vertex -1.935127e+01 -3.826491e+00  2.500000e+00
   endloop
 endfacet
 facet normal  4.680731e-01  8.836898e-01  0.000000e+00
   outer loop
     vertex -1.893728e+01 -4.050093e+00 -2.500000e+00
     vertex -1.914722e+01 -3.938897e+00 -2.500000e+00
     vertex -1.914722e+01 -3.938897e+00  2.500000e+00
   endloop
 endfacet
 facet normal  4.680731e-01  8.836898e-01 -0.000000e+00
   outer loop
     vertex -1.893728e+01 -4.050093e+00 -2.500000e+00
     vertex -1.914722e+01 -3.938897e+00  2.500000e+00
     vertex -1.893728e+01 -4.050093e+00  2.500000e+00
   endloop
 endfacet
 facet normal  4.540799e-01  8.909609e-01 -0.000000e+00
   outer loop
     vertex -1.893728e+01 -4.050093e+00 -2.500000e+00
     vertex -1.893728e+01 -4.050093e+00  2.500000e+00
     vertex -1.872154e+01 -4.160047e+00  2.500000e+00
   endloop
 endfacet
 facet normal  4.540799e-01  8.909609e-01 -0.000000e+00
   outer loop
     vertex -1.872154e+01 -4.160047e+00 -2.500000e+00
     vertex -1.893728e+01 -4.050093e+00 -2.500000e+00
     vertex -1.872154e+01 -4.160047e+00  2.500000e+00
   endloop
 endfacet
 facet normal  4.382746e-01  8.988411e-01 -0.000000e+00
   outer loop
     vertex -1.842496e+01 -4.304661e+00 -2.500000e+00
     vertex -1.872154e+01 -4.160047e+00  2.500000e+00
     vertex -1.842496e+01 -4.304661e+00  2.500000e+00
   endloop
 endfacet
 facet normal  4.198008e-01  9.076163e-01 -0.000000e+00
   outer loop
     vertex -1.842496e+01 -4.304661e+00 -2.500000e+00
     vertex -1.842496e+01 -4.304661e+00  2.500000e+00
     vertex -1.807930e+01 -4.464540e+00  2.500000e+00
   endloop
 endfacet
 facet normal  4.382746e-01  8.988411e-01  0.000000e+00
   outer loop
     vertex -1.842496e+01 -4.304661e+00 -2.500000e+00
     vertex -1.872154e+01 -4.160047e+00 -2.500000e+00
     vertex -1.872154e+01 -4.160047e+00  2.500000e+00
   endloop
 endfacet
 facet normal  4.010521e-01  9.160553e-01 -0.000000e+00
   outer loop
     vertex -1.807930e+01 -4.464540e+00 -2.500000e+00
     vertex -1.807930e+01 -4.464540e+00  2.500000e+00
     vertex -1.772115e+01 -4.621337e+00  2.500000e+00
   endloop
 endfacet
 facet normal  4.198008e-01  9.076163e-01 -0.000000e+00
   outer loop
     vertex -1.807930e+01 -4.464540e+00 -2.500000e+00
     vertex -1.842496e+01 -4.304661e+00 -2.500000e+00
     vertex -1.807930e+01 -4.464540e+00  2.500000e+00
   endloop
 endfacet
 facet normal  4.010521e-01  9.160553e-01 -0.000000e+00
   outer loop
     vertex -1.772115e+01 -4.621337e+00 -2.500000e+00
     vertex -1.807930e+01 -4.464540e+00 -2.500000e+00
     vertex -1.772115e+01 -4.621337e+00  2.500000e+00
   endloop
 endfacet
 facet normal  3.830873e-01  9.237121e-01 -0.000000e+00
   outer loop
     vertex -1.735077e+01 -4.774943e+00 -2.500000e+00
     vertex -1.772115e+01 -4.621337e+00  2.500000e+00
     vertex -1.735077e+01 -4.774943e+00  2.500000e+00
   endloop
 endfacet
 facet normal  3.830873e-01  9.237121e-01  0.000000e+00
   outer loop
     vertex -1.735077e+01 -4.774943e+00 -2.500000e+00
     vertex -1.772115e+01 -4.621337e+00 -2.500000e+00
     vertex -1.772115e+01 -4.621337e+00  2.500000e+00
   endloop
 endfacet
 facet normal  3.658561e-01  9.306714e-01 -0.000000e+00
   outer loop
     vertex -1.696841e+01 -4.925253e+00 -2.500000e+00
     vertex -1.735077e+01 -4.774943e+00  2.500000e+00
     vertex -1.696841e+01 -4.925253e+00  2.500000e+00
   endloop
 endfacet
 facet normal  3.493103e-01  9.370071e-01 -0.000000e+00
   outer loop
     vertex -1.696841e+01 -4.925253e+00 -2.500000e+00
     vertex -1.696841e+01 -4.925253e+00  2.500000e+00
     vertex -1.657434e+01 -5.072161e+00  2.500000e+00
   endloop
 endfacet
 facet normal  3.658561e-01  9.306714e-01  0.000000e+00
   outer loop
     vertex -1.696841e+01 -4.925253e+00 -2.500000e+00
     vertex -1.735077e+01 -4.774943e+00 -2.500000e+00
     vertex -1.735077e+01 -4.774943e+00  2.500000e+00
   endloop
 endfacet
 facet normal  3.493103e-01  9.370071e-01 -0.000000e+00
   outer loop
     vertex -1.657434e+01 -5.072161e+00 -2.500000e+00
     vertex -1.696841e+01 -4.925253e+00 -2.500000e+00
     vertex -1.657434e+01 -5.072161e+00  2.500000e+00
   endloop
 endfacet
 facet normal  3.334039e-01  9.427841e-01  0.000000e+00
   outer loop
     vertex -1.616882e+01 -5.215568e+00 -2.500000e+00
     vertex -1.657434e+01 -5.072161e+00 -2.500000e+00
     vertex -1.657434e+01 -5.072161e+00  2.500000e+00
   endloop
 endfacet
 facet normal  3.334039e-01  9.427841e-01 -0.000000e+00
   outer loop
     vertex -1.616882e+01 -5.215568e+00 -2.500000e+00
     vertex -1.657434e+01 -5.072161e+00  2.500000e+00
     vertex -1.616882e+01 -5.215568e+00  2.500000e+00
   endloop
 endfacet
 facet normal  3.180937e-01  9.480593e-01 -0.000000e+00
   outer loop
     vertex -1.616882e+01 -5.215568e+00 -2.500000e+00
     vertex -1.616882e+01 -5.215568e+00  2.500000e+00
     vertex -1.575213e+01 -5.355374e+00  2.500000e+00
   endloop
 endfacet
 facet normal  3.180937e-01  9.480593e-01 -0.000000e+00
   outer loop
     vertex -1.575213e+01 -5.355374e+00 -2.500000e+00
     vertex -1.616882e+01 -5.215568e+00 -2.500000e+00
     vertex -1.575213e+01 -5.355374e+00  2.500000e+00
   endloop
 endfacet
 facet normal  3.033389e-01  9.528827e-01  0.000000e+00
   outer loop
     vertex -1.532458e+01 -5.491482e+00 -2.500000e+00
     vertex -1.575213e+01 -5.355374e+00 -2.500000e+00
     vertex -1.575213e+01 -5.355374e+00  2.500000e+00
   endloop
 endfacet
 facet normal  3.033389e-01  9.528827e-01 -0.000000e+00
   outer loop
     vertex -1.532458e+01 -5.491482e+00 -2.500000e+00
     vertex -1.575213e+01 -5.355374e+00  2.500000e+00
     vertex -1.532458e+01 -5.491482e+00  2.500000e+00
   endloop
 endfacet
 facet normal  2.867759e-01  9.579977e-01 -0.000000e+00
   outer loop
     vertex -1.532458e+01 -5.491482e+00 -2.500000e+00
     vertex -1.532458e+01 -5.491482e+00  2.500000e+00
     vertex -1.473809e+01 -5.667046e+00  2.500000e+00
   endloop
 endfacet
 facet normal  2.867759e-01  9.579977e-01 -0.000000e+00
   outer loop
     vertex -1.473809e+01 -5.667046e+00 -2.500000e+00
     vertex -1.532458e+01 -5.491482e+00 -2.500000e+00
     vertex -1.473809e+01 -5.667046e+00  2.500000e+00
   endloop
 endfacet
 facet normal  2.675284e-01  9.635500e-01 -0.000000e+00
   outer loop
     vertex -1.473809e+01 -5.667046e+00 -2.500000e+00
     vertex -1.473809e+01 -5.667046e+00  2.500000e+00
     vertex -1.405671e+01 -5.856230e+00  2.500000e+00
   endloop
 endfacet
 facet normal  2.675284e-01  9.635500e-01 -0.000000e+00
   outer loop
     vertex -1.405671e+01 -5.856230e+00 -2.500000e+00
     vertex -1.473809e+01 -5.667046e+00 -2.500000e+00
     vertex -1.405671e+01 -5.856230e+00  2.500000e+00
   endloop
 endfacet
 facet normal  2.480854e-01  9.687382e-01  0.000000e+00
   outer loop
     vertex -1.335349e+01 -6.036318e+00 -2.500000e+00
     vertex -1.405671e+01 -5.856230e+00 -2.500000e+00
     vertex -1.405671e+01 -5.856230e+00  2.500000e+00
   endloop
 endfacet
 facet normal  2.480854e-01  9.687382e-01 -0.000000e+00
   outer loop
     vertex -1.335349e+01 -6.036318e+00 -2.500000e+00
     vertex -1.405671e+01 -5.856230e+00  2.500000e+00
     vertex -1.335349e+01 -6.036318e+00  2.500000e+00
   endloop
 endfacet
 facet normal  2.295075e-01  9.733069e-01 -0.000000e+00
   outer loop
     vertex -1.335349e+01 -6.036318e+00 -2.500000e+00
     vertex -1.335349e+01 -6.036318e+00  2.500000e+00
     vertex -1.262953e+01 -6.207029e+00  2.500000e+00
   endloop
 endfacet
 facet normal  2.295075e-01  9.733069e-01 -0.000000e+00
   outer loop
     vertex -1.262953e+01 -6.207029e+00 -2.500000e+00
     vertex -1.335349e+01 -6.036318e+00 -2.500000e+00
     vertex -1.262953e+01 -6.207029e+00  2.500000e+00
   endloop
 endfacet
 facet normal  2.117038e-01  9.773339e-01 -0.000000e+00
   outer loop
     vertex -1.188596e+01 -6.368098e+00 -2.500000e+00
     vertex -1.262953e+01 -6.207029e+00  2.500000e+00
     vertex -1.188596e+01 -6.368098e+00  2.500000e+00
   endloop
 endfacet
 facet normal  2.117038e-01  9.773339e-01  0.000000e+00
   outer loop
     vertex -1.188596e+01 -6.368098e+00 -2.500000e+00
     vertex -1.262953e+01 -6.207029e+00 -2.500000e+00
     vertex -1.262953e+01 -6.207029e+00  2.500000e+00
   endloop
 endfacet
 facet normal  1.945921e-01  9.808843e-01  0.000000e+00
   outer loop
     vertex -1.112392e+01 -6.519275e+00 -2.500000e+00
     vertex -1.188596e+01 -6.368098e+00 -2.500000e+00
     vertex -1.188596e+01 -6.368098e+00  2.500000e+00
   endloop
 endfacet
 facet normal  1.945921e-01  9.808843e-01 -0.000000e+00
   outer loop
     vertex -1.112392e+01 -6.519275e+00 -2.500000e+00
     vertex -1.188596e+01 -6.368098e+00  2.500000e+00
     vertex -1.112392e+01 -6.519275e+00  2.500000e+00
   endloop
 endfacet
 facet normal  1.780976e-01  9.840128e-01 -0.000000e+00
   outer loop
     vertex -1.034460e+01 -6.660325e+00 -2.500000e+00
     vertex -1.112392e+01 -6.519275e+00  2.500000e+00
     vertex -1.034460e+01 -6.660325e+00  2.500000e+00
   endloop
 endfacet
 facet normal  1.780976e-01  9.840128e-01  0.000000e+00
   outer loop
     vertex -1.034460e+01 -6.660325e+00 -2.500000e+00
     vertex -1.112392e+01 -6.519275e+00 -2.500000e+00
     vertex -1.112392e+01 -6.519275e+00  2.500000e+00
   endloop
 endfacet
 facet normal  1.621524e-01  9.867657e-01 -0.000000e+00
   outer loop
     vertex -9.549205e+00 -6.791029e+00 -2.500000e+00
     vertex -1.034460e+01 -6.660325e+00  2.500000e+00
     vertex -9.549205e+00 -6.791029e+00  2.500000e+00
   endloop
 endfacet
 facet normal  1.466944e-01  9.891819e-01 -0.000000e+00
   outer loop
     vertex -9.549205e+00 -6.791029e+00 -2.500000e+00
     vertex -9.549205e+00 -6.791029e+00  2.500000e+00
     vertex -8.738982e+00 -6.911184e+00  2.500000e+00
   endloop
 endfacet
 facet normal  1.621524e-01  9.867657e-01  0.000000e+00
   outer loop
     vertex -9.549205e+00 -6.791029e+00 -2.500000e+00
     vertex -1.034460e+01 -6.660325e+00 -2.500000e+00
     vertex -1.034460e+01 -6.660325e+00  2.500000e+00
   endloop
 endfacet
 facet normal  1.466944e-01  9.891819e-01 -0.000000e+00
   outer loop
     vertex -8.738982e+00 -6.911184e+00 -2.500000e+00
     vertex -9.549205e+00 -6.791029e+00 -2.500000e+00
     vertex -8.738982e+00 -6.911184e+00  2.500000e+00
   endloop
 endfacet
 facet normal  1.292002e-01  9.916185e-01 -0.000000e+00
   outer loop
     vertex -7.637788e+00 -7.054661e+00 -2.500000e+00
     vertex -8.738982e+00 -6.911184e+00  2.500000e+00
     vertex -7.637788e+00 -7.054661e+00  2.500000e+00
   endloop
 endfacet
 facet normal  1.292002e-01  9.916185e-01  0.000000e+00
   outer loop
     vertex -7.637788e+00 -7.054661e+00 -2.500000e+00
     vertex -8.738982e+00 -6.911184e+00 -2.500000e+00
     vertex -8.738982e+00 -6.911184e+00  2.500000e+00
   endloop
 endfacet
 facet normal  1.086259e-01  9.940827e-01 -0.000000e+00
   outer loop
     vertex -6.373890e+00 -7.192771e+00 -2.500000e+00
     vertex -7.637788e+00 -7.054661e+00  2.500000e+00
     vertex -6.373890e+00 -7.192771e+00  2.500000e+00
   endloop
 endfacet
 facet normal  8.750050e-02  9.961645e-01 -0.000000e+00
   outer loop
     vertex -6.373890e+00 -7.192771e+00 -2.500000e+00
     vertex -6.373890e+00 -7.192771e+00  2.500000e+00
     vertex -5.087717e+00 -7.305745e+00  2.500000e+00
   endloop
 endfacet
 facet normal  1.086259e-01  9.940827e-01  0.000000e+00
   outer loop
     vertex -6.373890e+00 -7.192771e+00 -2.500000e+00
     vertex -7.637788e+00 -7.054661e+00 -2.500000e+00
     vertex -7.637788e+00 -7.054661e+00  2.500000e+00
   endloop
 endfacet
 facet normal  8.750050e-02  9.961645e-01 -0.000000e+00
   outer loop
     vertex -5.087717e+00 -7.305745e+00 -2.500000e+00
     vertex -6.373890e+00 -7.192771e+00 -2.500000e+00
     vertex -5.087717e+00 -7.305745e+00  2.500000e+00
   endloop
 endfacet
 facet normal  6.691039e-02  9.977590e-01 -0.000000e+00
   outer loop
     vertex -3.783766e+00 -7.393188e+00 -2.500000e+00
     vertex -5.087717e+00 -7.305745e+00  2.500000e+00
     vertex -3.783766e+00 -7.393188e+00  2.500000e+00
   endloop
 endfacet
 facet normal  4.672188e-02  9.989079e-01 -0.000000e+00
   outer loop
     vertex -3.783766e+00 -7.393188e+00 -2.500000e+00
     vertex -3.783766e+00 -7.393188e+00  2.500000e+00
     vertex -2.466592e+00 -7.454797e+00  2.500000e+00
   endloop
 endfacet
 facet normal  6.691039e-02  9.977590e-01  0.000000e+00
   outer loop
     vertex -3.783766e+00 -7.393188e+00 -2.500000e+00
     vertex -5.087717e+00 -7.305745e+00 -2.500000e+00
     vertex -5.087717e+00 -7.305745e+00  2.500000e+00
   endloop
 endfacet
 facet normal  4.672188e-02  9.989079e-01 -0.000000e+00
   outer loop
     vertex -2.466592e+00 -7.454797e+00 -2.500000e+00
     vertex -3.783766e+00 -7.393188e+00 -2.500000e+00
     vertex -2.466592e+00 -7.454797e+00  2.500000e+00
   endloop
 endfacet
 facet normal  2.680984e-02  9.996406e-01 -0.000000e+00
   outer loop
     vertex -2.466592e+00 -7.454797e+00 -2.500000e+00
     vertex -2.466592e+00 -7.454797e+00  2.500000e+00
     vertex -1.140799e+00 -7.490354e+00  2.500000e+00
   endloop
 endfacet
 facet normal  2.680984e-02  9.996406e-01 -0.000000e+00
   outer loop
     vertex -1.140799e+00 -7.490354e+00 -2.500000e+00
     vertex -2.466592e+00 -7.454797e+00 -2.500000e+00
     vertex -1.140799e+00 -7.490354e+00  2.500000e+00
   endloop
 endfacet
 facet normal  7.054983e-03  9.999751e-01 -0.000000e+00
   outer loop
     vertex  1.889815e-01 -7.499735e+00 -2.500000e+00
     vertex -1.140799e+00 -7.490354e+00  2.500000e+00
     vertex  1.889815e-01 -7.499735e+00  2.500000e+00
   endloop
 endfacet
 facet normal  7.054983e-03  9.999751e-01  0.000000e+00
   outer loop
     vertex  1.889815e-01 -7.499735e+00 -2.500000e+00
     vertex -1.140799e+00 -7.490354e+00 -2.500000e+00
     vertex -1.140799e+00 -7.490354e+00  2.500000e+00
   endloop
 endfacet
 facet normal -1.265869e-02  9.999199e-01  0.000000e+00
   outer loop
     vertex  1.518101e+00 -7.482909e+00 -2.500000e+00
     vertex  1.889815e-01 -7.499735e+00  2.500000e+00
     vertex  1.518101e+00 -7.482909e+00  2.500000e+00
   endloop
 endfacet
 facet normal -3.244632e-02  9.994735e-01  0.000000e+00
   outer loop
     vertex  1.518101e+00 -7.482909e+00 -2.500000e+00
     vertex  1.518101e+00 -7.482909e+00  2.500000e+00
     vertex  2.841916e+00 -7.439934e+00  2.500000e+00
   endloop
 endfacet
 facet normal -1.265869e-02  9.999199e-01  0.000000e+00
   outer loop
     vertex  1.518101e+00 -7.482909e+00 -2.500000e+00
     vertex  1.889815e-01 -7.499735e+00 -2.500000e+00
     vertex  1.889815e-01 -7.499735e+00  2.500000e+00
   endloop
 endfacet
 facet normal -3.244632e-02  9.994735e-01  0.000000e+00
   outer loop
     vertex  2.841916e+00 -7.439934e+00 -2.500000e+00
     vertex  1.518101e+00 -7.482909e+00 -2.500000e+00
     vertex  2.841916e+00 -7.439934e+00  2.500000e+00
   endloop
 endfacet
 facet normal -5.242457e-02  9.986249e-01  0.000000e+00
   outer loop
     vertex  4.155799e+00 -7.370959e+00 -2.500000e+00
     vertex  2.841916e+00 -7.439934e+00  2.500000e+00
     vertex  4.155799e+00 -7.370959e+00  2.500000e+00
   endloop
 endfacet
 facet normal -5.242457e-02  9.986249e-01  0.000000e+00
   outer loop
     vertex  4.155799e+00 -7.370959e+00 -2.500000e+00
     vertex  2.841916e+00 -7.439934e+00 -2.500000e+00
     vertex  2.841916e+00 -7.439934e+00  2.500000e+00
   endloop
 endfacet
 facet normal -7.271414e-02  9.973528e-01  0.000000e+00
   outer loop
     vertex  5.455160e+00 -7.276226e+00 -2.500000e+00
     vertex  4.155799e+00 -7.370959e+00  2.500000e+00
     vertex  5.455160e+00 -7.276226e+00  2.500000e+00
   endloop
 endfacet
 facet normal -9.344230e-02  9.956247e-01  0.000000e+00
   outer loop
     vertex  5.455160e+00 -7.276226e+00 -2.500000e+00
     vertex  5.455160e+00 -7.276226e+00  2.500000e+00
     vertex  6.735458e+00 -7.156067e+00  2.500000e+00
   endloop
 endfacet
 facet normal -7.271414e-02  9.973528e-01  0.000000e+00
   outer loop
     vertex  5.455160e+00 -7.276226e+00 -2.500000e+00
     vertex  4.155799e+00 -7.370959e+00 -2.500000e+00
     vertex  4.155799e+00 -7.370959e+00  2.500000e+00
   endloop
 endfacet
 facet normal -9.344230e-02  9.956247e-01  0.000000e+00
   outer loop
     vertex  6.735458e+00 -7.156067e+00 -2.500000e+00
     vertex  5.455160e+00 -7.276226e+00 -2.500000e+00
     vertex  6.735458e+00 -7.156067e+00  2.500000e+00
   endloop
 endfacet
 facet normal -1.147458e-01  9.933949e-01  0.000000e+00
   outer loop
     vertex  7.992218e+00 -7.010900e+00 -2.500000e+00
     vertex  6.735458e+00 -7.156067e+00  2.500000e+00
     vertex  7.992218e+00 -7.010900e+00  2.500000e+00
   endloop
 endfacet
 facet normal -1.367740e-01  9.906023e-01  0.000000e+00
   outer loop
     vertex  7.992218e+00 -7.010900e+00 -2.500000e+00
     vertex  7.992218e+00 -7.010900e+00  2.500000e+00
     vertex  9.221049e+00 -6.841233e+00  2.500000e+00
   endloop
 endfacet
 facet normal -1.147458e-01  9.933949e-01  0.000000e+00
   outer loop
     vertex  7.992218e+00 -7.010900e+00 -2.500000e+00
     vertex  6.735458e+00 -7.156067e+00 -2.500000e+00
     vertex  6.735458e+00 -7.156067e+00  2.500000e+00
   endloop
 endfacet
 facet normal -1.367740e-01  9.906023e-01  0.000000e+00
   outer loop
     vertex  9.221049e+00 -6.841233e+00 -2.500000e+00
     vertex  7.992218e+00 -7.010900e+00 -2.500000e+00
     vertex  9.221049e+00 -6.841233e+00  2.500000e+00
   endloop
 endfacet
 facet normal -1.596925e-01  9.871668e-01  0.000000e+00
   outer loop
     vertex  1.041766e+01 -6.647660e+00 -2.500000e+00
     vertex  9.221049e+00 -6.841233e+00  2.500000e+00
     vertex  1.041766e+01 -6.647660e+00  2.500000e+00
   endloop
 endfacet
 facet normal -1.836877e-01  9.829847e-01  0.000000e+00
   outer loop
     vertex  1.041766e+01 -6.647660e+00 -2.500000e+00
     vertex  1.041766e+01 -6.647660e+00  2.500000e+00
     vertex  1.157786e+01 -6.430856e+00  2.500000e+00
   endloop
 endfacet
 facet normal -1.596925e-01  9.871668e-01  0.000000e+00
   outer loop
     vertex  1.041766e+01 -6.647660e+00 -2.500000e+00
     vertex  9.221049e+00 -6.841233e+00 -2.500000e+00
     vertex  9.221049e+00 -6.841233e+00  2.500000e+00
   endloop
 endfacet
 facet normal -1.836877e-01  9.829847e-01  0.000000e+00
   outer loop
     vertex  1.157786e+01 -6.430856e+00 -2.500000e+00
     vertex  1.041766e+01 -6.647660e+00 -2.500000e+00
     vertex  1.157786e+01 -6.430856e+00  2.500000e+00
   endloop
 endfacet
 facet normal -2.089710e-01  9.779218e-01  0.000000e+00
   outer loop
     vertex  1.269760e+01 -6.191579e+00 -2.500000e+00
     vertex  1.157786e+01 -6.430856e+00 -2.500000e+00
     vertex  1.157786e+01 -6.430856e+00  2.500000e+00
   endloop
 endfacet
 facet normal -2.089710e-01  9.779218e-01  0.000000e+00
   outer loop
     vertex  1.269760e+01 -6.191579e+00 -2.500000e+00
     vertex  1.157786e+01 -6.430856e+00  2.500000e+00
     vertex  1.269760e+01 -6.191579e+00  2.500000e+00
   endloop
 endfacet
 facet normal -2.344043e-01  9.721392e-01  0.000000e+00
   outer loop
     vertex  1.366754e+01 -5.957705e+00 -2.500000e+00
     vertex  1.269760e+01 -6.191579e+00 -2.500000e+00
     vertex  1.269760e+01 -6.191579e+00  2.500000e+00
   endloop
 endfacet
 facet normal -2.344043e-01  9.721392e-01  0.000000e+00
   outer loop
     vertex  1.366754e+01 -5.957705e+00 -2.500000e+00
     vertex  1.269760e+01 -6.191579e+00  2.500000e+00
     vertex  1.366754e+01 -5.957705e+00  2.500000e+00
   endloop
 endfacet
 facet normal -2.586728e-01  9.659650e-01  0.000000e+00
   outer loop
     vertex  1.450749e+01 -5.732779e+00 -2.500000e+00
     vertex  1.366754e+01 -5.957705e+00 -2.500000e+00
     vertex  1.366754e+01 -5.957705e+00  2.500000e+00
   endloop
 endfacet
 facet normal -2.586728e-01  9.659650e-01  0.000000e+00
   outer loop
     vertex  1.450749e+01 -5.732779e+00 -2.500000e+00
     vertex  1.366754e+01 -5.957705e+00  2.500000e+00
     vertex  1.450749e+01 -5.732779e+00  2.500000e+00
   endloop
 endfacet
 facet normal -2.830558e-01  9.591034e-01  0.000000e+00
   outer loop
     vertex  1.531416e+01 -5.494708e+00 -2.500000e+00
     vertex  1.450749e+01 -5.732779e+00 -2.500000e+00
     vertex  1.450749e+01 -5.732779e+00  2.500000e+00
   endloop
 endfacet
 facet normal -2.830558e-01  9.591034e-01  0.000000e+00
   outer loop
     vertex  1.531416e+01 -5.494708e+00 -2.500000e+00
     vertex  1.450749e+01 -5.732779e+00  2.500000e+00
     vertex  1.531416e+01 -5.494708e+00  2.500000e+00
   endloop
 endfacet
 facet normal -3.076520e-01  9.514990e-01  0.000000e+00
   outer loop
     vertex  1.531416e+01 -5.494708e+00 -2.500000e+00
     vertex  1.531416e+01 -5.494708e+00  2.500000e+00
     vertex  1.601020e+01 -5.269656e+00  2.500000e+00
   endloop
 endfacet
 facet normal -3.076520e-01  9.514990e-01  0.000000e+00
   outer loop
     vertex  1.601020e+01 -5.269656e+00 -2.500000e+00
     vertex  1.531416e+01 -5.494708e+00 -2.500000e+00
     vertex  1.601020e+01 -5.269656e+00  2.500000e+00
   endloop
 endfacet
 facet normal -3.311374e-01  9.435826e-01  0.000000e+00
   outer loop
     vertex  1.661124e+01 -5.058728e+00 -2.500000e+00
     vertex  1.601020e+01 -5.269656e+00 -2.500000e+00
     vertex  1.601020e+01 -5.269656e+00  2.500000e+00
   endloop
 endfacet
 facet normal -3.311374e-01  9.435826e-01  0.000000e+00
   outer loop
     vertex  1.661124e+01 -5.058728e+00 -2.500000e+00
     vertex  1.601020e+01 -5.269656e+00  2.500000e+00
     vertex  1.661124e+01 -5.058728e+00  2.500000e+00
   endloop
 endfacet
 facet normal -3.547064e-01  9.349777e-01  0.000000e+00
   outer loop
     vertex  1.718730e+01 -4.840189e+00 -2.500000e+00
     vertex  1.661124e+01 -5.058728e+00 -2.500000e+00
     vertex  1.661124e+01 -5.058728e+00  2.500000e+00
   endloop
 endfacet
 facet normal -3.547064e-01  9.349777e-01  0.000000e+00
   outer loop
     vertex  1.718730e+01 -4.840189e+00 -2.500000e+00
     vertex  1.661124e+01 -5.058728e+00  2.500000e+00
     vertex  1.718730e+01 -4.840189e+00  2.500000e+00
   endloop
 endfacet
 facet normal -3.784160e-01  9.256356e-01  0.000000e+00
   outer loop
     vertex  1.768366e+01 -4.637268e+00 -2.500000e+00
     vertex  1.718730e+01 -4.840189e+00 -2.500000e+00
     vertex  1.718730e+01 -4.840189e+00  2.500000e+00
   endloop
 endfacet
 facet normal -3.784160e-01  9.256356e-01  0.000000e+00
   outer loop
     vertex  1.768366e+01 -4.637268e+00 -2.500000e+00
     vertex  1.718730e+01 -4.840189e+00  2.500000e+00
     vertex  1.768366e+01 -4.637268e+00  2.500000e+00
   endloop
 endfacet
 facet normal -4.009627e-01  9.160944e-01  0.000000e+00
   outer loop
     vertex  1.811197e+01 -4.449800e+00 -2.500000e+00
     vertex  1.768366e+01 -4.637268e+00 -2.500000e+00
     vertex  1.768366e+01 -4.637268e+00  2.500000e+00
   endloop
 endfacet
 facet normal -4.009627e-01  9.160944e-01  0.000000e+00
   outer loop
     vertex  1.811197e+01 -4.449800e+00 -2.500000e+00
     vertex  1.768366e+01 -4.637268e+00  2.500000e+00
     vertex  1.811197e+01 -4.449800e+00  2.500000e+00
   endloop
 endfacet
 facet normal -4.234727e-01  9.059089e-01  0.000000e+00
   outer loop
     vertex  1.852241e+01 -4.257939e+00 -2.500000e+00
     vertex  1.811197e+01 -4.449800e+00 -2.500000e+00
     vertex  1.811197e+01 -4.449800e+00  2.500000e+00
   endloop
 endfacet
 facet normal -4.234727e-01  9.059089e-01  0.000000e+00
   outer loop
     vertex  1.852241e+01 -4.257939e+00 -2.500000e+00
     vertex  1.811197e+01 -4.449800e+00  2.500000e+00
     vertex  1.852241e+01 -4.257939e+00  2.500000e+00
   endloop
 endfacet
 facet normal -4.471926e-01  8.944377e-01  0.000000e+00
   outer loop
     vertex  1.891456e+01 -4.061875e+00 -2.500000e+00
     vertex  1.852241e+01 -4.257939e+00  2.500000e+00
     vertex  1.891456e+01 -4.061875e+00  2.500000e+00
   endloop
 endfacet
 facet normal -4.709300e-01  8.821706e-01  0.000000e+00
   outer loop
     vertex  1.891456e+01 -4.061875e+00 -2.500000e+00
     vertex  1.891456e+01 -4.061875e+00  2.500000e+00
     vertex  1.925154e+01 -3.881983e+00  2.500000e+00
   endloop
 endfacet
 facet normal -4.471926e-01  8.944377e-01  0.000000e+00
   outer loop
     vertex  1.891456e+01 -4.061875e+00 -2.500000e+00
     vertex  1.852241e+01 -4.257939e+00 -2.500000e+00
     vertex  1.852241e+01 -4.257939e+00  2.500000e+00
   endloop
 endfacet
 facet normal -4.709300e-01  8.821706e-01  0.000000e+00
   outer loop
     vertex  1.925154e+01 -3.881983e+00 -2.500000e+00
     vertex  1.891456e+01 -4.061875e+00 -2.500000e+00
     vertex  1.925154e+01 -3.881983e+00  2.500000e+00
   endloop
 endfacet
 facet normal -4.933614e-01  8.698244e-01  0.000000e+00
   outer loop
     vertex  1.954167e+01 -3.717423e+00 -2.500000e+00
     vertex  1.925154e+01 -3.881983e+00  2.500000e+00
     vertex  1.954167e+01 -3.717423e+00  2.500000e+00
   endloop
 endfacet
 facet normal -4.933614e-01  8.698244e-01  0.000000e+00
   outer loop
     vertex  1.954167e+01 -3.717423e+00 -2.500000e+00
     vertex  1.925154e+01 -3.881983e+00 -2.500000e+00
     vertex  1.925154e+01 -3.881983e+00  2.500000e+00
   endloop
 endfacet
 facet normal -5.155960e-01  8.568318e-01  0.000000e+00
   outer loop
     vertex  1.981914e+01 -3.550454e+00 -2.500000e+00
     vertex  1.954167e+01 -3.717423e+00  2.500000e+00
     vertex  1.981914e+01 -3.550454e+00  2.500000e+00
   endloop
 endfacet
 facet normal -5.155960e-01  8.568318e-01  0.000000e+00
   outer loop
     vertex  1.981914e+01 -3.550454e+00 -2.500000e+00
     vertex  1.954167e+01 -3.717423e+00 -2.500000e+00
     vertex  1.954167e+01 -3.717423e+00  2.500000e+00
   endloop
 endfacet
 facet normal -5.376442e-01  8.431718e-01  0.000000e+00
   outer loop
     vertex  2.005790e+01 -3.398214e+00 -2.500000e+00
     vertex  1.981914e+01 -3.550454e+00  2.500000e+00
     vertex  2.005790e+01 -3.398214e+00  2.500000e+00
   endloop
 endfacet
 facet normal -5.582837e-01  8.296501e-01  0.000000e+00
   outer loop
     vertex  2.005790e+01 -3.398214e+00 -2.500000e+00
     vertex  2.005790e+01 -3.398214e+00  2.500000e+00
     vertex  2.026378e+01 -3.259670e+00  2.500000e+00
   endloop
 endfacet
 facet normal -5.376442e-01  8.431718e-01  0.000000e+00
   outer loop
     vertex  2.005790e+01 -3.398214e+00 -2.500000e+00
     vertex  1.981914e+01 -3.550454e+00 -2.500000e+00
     vertex  1.981914e+01 -3.550454e+00  2.500000e+00
   endloop
 endfacet
 facet normal -5.785478e-01  8.156485e-01  0.000000e+00
   outer loop
     vertex  2.026378e+01 -3.259670e+00 -2.500000e+00
     vertex  2.026378e+01 -3.259670e+00  2.500000e+00
     vertex  2.046106e+01 -3.119742e+00  2.500000e+00
   endloop
 endfacet
 facet normal -5.582837e-01  8.296501e-01  0.000000e+00
   outer loop
     vertex  2.026378e+01 -3.259670e+00 -2.500000e+00
     vertex  2.005790e+01 -3.398214e+00 -2.500000e+00
     vertex  2.026378e+01 -3.259670e+00  2.500000e+00
   endloop
 endfacet
 facet normal -5.785478e-01  8.156485e-01  0.000000e+00
   outer loop
     vertex  2.046106e+01 -3.119742e+00 -2.500000e+00
     vertex  2.026378e+01 -3.259670e+00 -2.500000e+00
     vertex  2.046106e+01 -3.119742e+00  2.500000e+00
   endloop
 endfacet
 facet normal -5.995113e-01  8.003663e-01  0.000000e+00
   outer loop
     vertex  2.064964e+01 -2.978487e+00 -2.500000e+00
     vertex  2.046106e+01 -3.119742e+00 -2.500000e+00
     vertex  2.046106e+01 -3.119742e+00  2.500000e+00
   endloop
 endfacet
 facet normal -5.995113e-01  8.003663e-01  0.000000e+00
   outer loop
     vertex  2.064964e+01 -2.978487e+00 -2.500000e+00
     vertex  2.046106e+01 -3.119742e+00  2.500000e+00
     vertex  2.064964e+01 -2.978487e+00  2.500000e+00
   endloop
 endfacet
 facet normal -6.200736e-01  7.845436e-01  0.000000e+00
   outer loop
     vertex  2.081186e+01 -2.850274e+00 -2.500000e+00
     vertex  2.064964e+01 -2.978487e+00 -2.500000e+00
     vertex  2.064964e+01 -2.978487e+00  2.500000e+00
   endloop
 endfacet
 facet normal -6.200736e-01  7.845436e-01  0.000000e+00
   outer loop
     vertex  2.081186e+01 -2.850274e+00 -2.500000e+00
     vertex  2.064964e+01 -2.978487e+00  2.500000e+00
     vertex  2.081186e+01 -2.850274e+00  2.500000e+00
   endloop
 endfacet
 facet normal -6.391110e-01  7.691145e-01  0.000000e+00
   outer loop
     vertex  2.081186e+01 -2.850274e+00 -2.500000e+00
     vertex  2.081186e+01 -2.850274e+00  2.500000e+00
     vertex  2.095173e+01 -2.734043e+00  2.500000e+00
   endloop
 endfacet
 facet normal -6.391110e-01  7.691145e-01  0.000000e+00
   outer loop
     vertex  2.095173e+01 -2.734043e+00 -2.500000e+00
     vertex  2.081186e+01 -2.850274e+00 -2.500000e+00
     vertex  2.095173e+01 -2.734043e+00  2.500000e+00
   endloop
 endfacet
 facet normal -6.575973e-01  7.533696e-01  0.000000e+00
   outer loop
     vertex  2.095173e+01 -2.734043e+00 -2.500000e+00
     vertex  2.095173e+01 -2.734043e+00  2.500000e+00
     vertex  2.108577e+01 -2.617049e+00  2.500000e+00
   endloop
 endfacet
 facet normal -6.575973e-01  7.533696e-01  0.000000e+00
   outer loop
     vertex  2.108577e+01 -2.617049e+00 -2.500000e+00
     vertex  2.095173e+01 -2.734043e+00 -2.500000e+00
     vertex  2.108577e+01 -2.617049e+00  2.500000e+00
   endloop
 endfacet
 facet normal -6.765029e-01  7.364399e-01  0.000000e+00
   outer loop
     vertex  2.121392e+01 -2.499325e+00 -2.500000e+00
     vertex  2.108577e+01 -2.617049e+00 -2.500000e+00
     vertex  2.108577e+01 -2.617049e+00  2.500000e+00
   endloop
 endfacet
 facet normal -6.765029e-01  7.364399e-01  0.000000e+00
   outer loop
     vertex  2.121392e+01 -2.499325e+00 -2.500000e+00
     vertex  2.108577e+01 -2.617049e+00  2.500000e+00
     vertex  2.121392e+01 -2.499325e+00  2.500000e+00
   endloop
 endfacet
 facet normal -6.958001e-01  7.182355e-01  0.000000e+00
   outer loop
     vertex  2.121392e+01 -2.499325e+00 -2.500000e+00
     vertex  2.121392e+01 -2.499325e+00  2.500000e+00
     vertex  2.133616e+01 -2.380904e+00  2.500000e+00
   endloop
 endfacet
 facet normal -6.958001e-01  7.182355e-01  0.000000e+00
   outer loop
     vertex  2.133616e+01 -2.380904e+00 -2.500000e+00
     vertex  2.121392e+01 -2.499325e+00 -2.500000e+00
     vertex  2.133616e+01 -2.380904e+00  2.500000e+00
   endloop
 endfacet
 facet normal -7.144611e-01  6.996751e-01  0.000000e+00
   outer loop
     vertex  2.144109e+01 -2.273757e+00 -2.500000e+00
     vertex  2.133616e+01 -2.380904e+00 -2.500000e+00
     vertex  2.133616e+01 -2.380904e+00  2.500000e+00
   endloop
 endfacet
 facet normal -7.144611e-01  6.996751e-01  0.000000e+00
   outer loop
     vertex  2.144109e+01 -2.273757e+00 -2.500000e+00
     vertex  2.133616e+01 -2.380904e+00  2.500000e+00
     vertex  2.144109e+01 -2.273757e+00  2.500000e+00
   endloop
 endfacet
 facet normal -7.314954e-01  6.818463e-01  0.000000e+00
   outer loop
     vertex  2.153138e+01 -2.176885e+00 -2.500000e+00
     vertex  2.144109e+01 -2.273757e+00 -2.500000e+00
     vertex  2.144109e+01 -2.273757e+00  2.500000e+00
   endloop
 endfacet
 facet normal -7.314954e-01  6.818463e-01  0.000000e+00
   outer loop
     vertex  2.153138e+01 -2.176885e+00 -2.500000e+00
     vertex  2.144109e+01 -2.273757e+00  2.500000e+00
     vertex  2.153138e+01 -2.176885e+00  2.500000e+00
   endloop
 endfacet
 facet normal -7.478074e-01  6.639157e-01  0.000000e+00
   outer loop
     vertex  2.153138e+01 -2.176885e+00 -2.500000e+00
     vertex  2.153138e+01 -2.176885e+00  2.500000e+00
     vertex  2.161774e+01 -2.079615e+00  2.500000e+00
   endloop
 endfacet
 facet normal -7.478074e-01  6.639157e-01  0.000000e+00
   outer loop
     vertex  2.161774e+01 -2.079615e+00 -2.500000e+00
     vertex  2.153138e+01 -2.176885e+00 -2.500000e+00
     vertex  2.161774e+01 -2.079615e+00  2.500000e+00
   endloop
 endfacet
 facet normal -7.642502e-01  6.449198e-01  0.000000e+00
   outer loop
     vertex  2.170015e+01 -1.981964e+00 -2.500000e+00
     vertex  2.161774e+01 -2.079615e+00 -2.500000e+00
     vertex  2.161774e+01 -2.079615e+00  2.500000e+00
   endloop
 endfacet
 facet normal -7.642502e-01  6.449198e-01  0.000000e+00
   outer loop
     vertex  2.170015e+01 -1.981964e+00 -2.500000e+00
     vertex  2.161774e+01 -2.079615e+00  2.500000e+00
     vertex  2.170015e+01 -1.981964e+00  2.500000e+00
   endloop
 endfacet
 facet normal -7.807790e-01  6.248073e-01  0.000000e+00
   outer loop
     vertex  2.170015e+01 -1.981964e+00 -2.500000e+00
     vertex  2.170015e+01 -1.981964e+00  2.500000e+00
     vertex  2.177858e+01 -1.883951e+00  2.500000e+00
   endloop
 endfacet
 facet normal -7.807790e-01  6.248073e-01  0.000000e+00
   outer loop
     vertex  2.177858e+01 -1.883951e+00 -2.500000e+00
     vertex  2.170015e+01 -1.981964e+00 -2.500000e+00
     vertex  2.177858e+01 -1.883951e+00  2.500000e+00
   endloop
 endfacet
 facet normal -7.973415e-01  6.035284e-01  0.000000e+00
   outer loop
     vertex  2.177858e+01 -1.883951e+00 -2.500000e+00
     vertex  2.177858e+01 -1.883951e+00  2.500000e+00
     vertex  2.185303e+01 -1.785593e+00  2.500000e+00
   endloop
 endfacet
 facet normal -8.130527e-01  5.821901e-01  0.000000e+00
   outer loop
     vertex  2.185303e+01 -1.785593e+00 -2.500000e+00
     vertex  2.185303e+01 -1.785593e+00  2.500000e+00
     vertex  2.191662e+01 -1.696791e+00  2.500000e+00
   endloop
 endfacet
 facet normal -7.973415e-01  6.035284e-01  0.000000e+00
   outer loop
     vertex  2.185303e+01 -1.785593e+00 -2.500000e+00
     vertex  2.177858e+01 -1.883951e+00 -2.500000e+00
     vertex  2.185303e+01 -1.785593e+00  2.500000e+00
   endloop
 endfacet
 facet normal -8.130527e-01  5.821901e-01  0.000000e+00
   outer loop
     vertex  2.191662e+01 -1.696791e+00 -2.500000e+00
     vertex  2.185303e+01 -1.785593e+00 -2.500000e+00
     vertex  2.191662e+01 -1.696791e+00  2.500000e+00
   endloop
 endfacet
 facet normal -8.271247e-01  5.620184e-01  0.000000e+00
   outer loop
     vertex  2.197107e+01 -1.616654e+00 -2.500000e+00
     vertex  2.191662e+01 -1.696791e+00 -2.500000e+00
     vertex  2.191662e+01 -1.696791e+00  2.500000e+00
   endloop
 endfacet
 facet normal -8.271247e-01  5.620184e-01  0.000000e+00
   outer loop
     vertex  2.197107e+01 -1.616654e+00 -2.500000e+00
     vertex  2.191662e+01 -1.696791e+00  2.500000e+00
     vertex  2.197107e+01 -1.616654e+00  2.500000e+00
   endloop
 endfacet
 facet normal -8.403524e-01  5.420405e-01  0.000000e+00
   outer loop
     vertex  2.202288e+01 -1.536323e+00 -2.500000e+00
     vertex  2.197107e+01 -1.616654e+00 -2.500000e+00
     vertex  2.197107e+01 -1.616654e+00  2.500000e+00
   endloop
 endfacet
 facet normal -8.403524e-01  5.420405e-01  0.000000e+00
   outer loop
     vertex  2.202288e+01 -1.536323e+00 -2.500000e+00
     vertex  2.197107e+01 -1.616654e+00  2.500000e+00
     vertex  2.202288e+01 -1.536323e+00  2.500000e+00
   endloop
 endfacet
 facet normal -8.534346e-01  5.212000e-01  0.000000e+00
   outer loop
     vertex  2.207206e+01 -1.455807e+00 -2.500000e+00
     vertex  2.202288e+01 -1.536323e+00 -2.500000e+00
     vertex  2.202288e+01 -1.536323e+00  2.500000e+00
   endloop
 endfacet
 facet normal -8.534346e-01  5.212000e-01  0.000000e+00
   outer loop
     vertex  2.207206e+01 -1.455807e+00 -2.500000e+00
     vertex  2.202288e+01 -1.536323e+00  2.500000e+00
     vertex  2.207206e+01 -1.455807e+00  2.500000e+00
   endloop
 endfacet
 facet normal -8.663237e-01  4.994830e-01  0.000000e+00
   outer loop
     vertex  2.207206e+01 -1.455807e+00 -2.500000e+00
     vertex  2.207206e+01 -1.455807e+00  2.500000e+00
     vertex  2.211858e+01 -1.375117e+00  2.500000e+00
   endloop
 endfacet
 facet normal -8.663237e-01  4.994830e-01  0.000000e+00
   outer loop
     vertex  2.211858e+01 -1.375117e+00 -2.500000e+00
     vertex  2.207206e+01 -1.455807e+00 -2.500000e+00
     vertex  2.211858e+01 -1.375117e+00  2.500000e+00
   endloop
 endfacet
 facet normal -8.789688e-01  4.768793e-01  0.000000e+00
   outer loop
     vertex  2.216245e+01 -1.294262e+00 -2.500000e+00
     vertex  2.211858e+01 -1.375117e+00 -2.500000e+00
     vertex  2.211858e+01 -1.375117e+00  2.500000e+00
   endloop
 endfacet
 facet normal -8.789688e-01  4.768793e-01  0.000000e+00
   outer loop
     vertex  2.216245e+01 -1.294262e+00 -2.500000e+00
     vertex  2.211858e+01 -1.375117e+00  2.500000e+00
     vertex  2.216245e+01 -1.294262e+00  2.500000e+00
   endloop
 endfacet
 facet normal -8.913155e-01  4.533836e-01  0.000000e+00
   outer loop
     vertex  2.216245e+01 -1.294262e+00 -2.500000e+00
     vertex  2.216245e+01 -1.294262e+00  2.500000e+00
     vertex  2.220365e+01 -1.213251e+00  2.500000e+00
   endloop
 endfacet
 facet normal -8.913155e-01  4.533836e-01  0.000000e+00
   outer loop
     vertex  2.220365e+01 -1.213251e+00 -2.500000e+00
     vertex  2.216245e+01 -1.294262e+00 -2.500000e+00
     vertex  2.220365e+01 -1.213251e+00  2.500000e+00
   endloop
 endfacet
 facet normal -9.033064e-01  4.289960e-01  0.000000e+00
   outer loop
     vertex  2.224220e+01 -1.132095e+00 -2.500000e+00
     vertex  2.220365e+01 -1.213251e+00 -2.500000e+00
     vertex  2.220365e+01 -1.213251e+00  2.500000e+00
   endloop
 endfacet
 facet normal -9.033064e-01  4.289960e-01  0.000000e+00
   outer loop
     vertex  2.224220e+01 -1.132095e+00 -2.500000e+00
     vertex  2.220365e+01 -1.213251e+00  2.500000e+00
     vertex  2.224220e+01 -1.132095e+00  2.500000e+00
   endloop
 endfacet
 facet normal -9.143136e-01  4.050070e-01  0.000000e+00
   outer loop
     vertex  2.224220e+01 -1.132095e+00 -2.500000e+00
     vertex  2.224220e+01 -1.132095e+00  2.500000e+00
     vertex  2.227460e+01 -1.058937e+00  2.500000e+00
   endloop
 endfacet
 facet normal -9.143136e-01  4.050070e-01  0.000000e+00
   outer loop
     vertex  2.227460e+01 -1.058937e+00 -2.500000e+00
     vertex  2.224220e+01 -1.132095e+00 -2.500000e+00
     vertex  2.227460e+01 -1.058937e+00  2.500000e+00
   endloop
 endfacet
 facet normal -9.238553e-01  3.827420e-01  0.000000e+00
   outer loop
     vertex  2.230192e+01 -9.930078e-01 -2.500000e+00
     vertex  2.227460e+01 -1.058937e+00 -2.500000e+00
     vertex  2.227460e+01 -1.058937e+00  2.500000e+00
   endloop
 endfacet
 facet normal -9.238553e-01  3.827420e-01  0.000000e+00
   outer loop
     vertex  2.230192e+01 -9.930078e-01 -2.500000e+00
     vertex  2.227460e+01 -1.058937e+00  2.500000e+00
     vertex  2.230192e+01 -9.930078e-01  2.500000e+00
   endloop
 endfacet
 facet normal -9.325387e-01  3.610700e-01  0.000000e+00
   outer loop
     vertex  2.232747e+01 -9.269999e-01 -2.500000e+00
     vertex  2.230192e+01 -9.930078e-01 -2.500000e+00
     vertex  2.230192e+01 -9.930078e-01  2.500000e+00
   endloop
 endfacet
 facet normal -9.325387e-01  3.610700e-01  0.000000e+00
   outer loop
     vertex  2.232747e+01 -9.269999e-01 -2.500000e+00
     vertex  2.230192e+01 -9.930078e-01  2.500000e+00
     vertex  2.232747e+01 -9.269999e-01  2.500000e+00
   endloop
 endfacet
 facet normal -9.408409e-01  3.388485e-01  0.000000e+00
   outer loop
     vertex  2.235127e+01 -8.609191e-01 -2.500000e+00
     vertex  2.232747e+01 -9.269999e-01 -2.500000e+00
     vertex  2.232747e+01 -9.269999e-01  2.500000e+00
   endloop
 endfacet
 facet normal -9.408409e-01  3.388485e-01  0.000000e+00
   outer loop
     vertex  2.235127e+01 -8.609191e-01 -2.500000e+00
     vertex  2.232747e+01 -9.269999e-01  2.500000e+00
     vertex  2.235127e+01 -8.609191e-01  2.500000e+00
   endloop
 endfacet
 facet normal -9.487278e-01  3.160943e-01  0.000000e+00
   outer loop
     vertex  2.237331e+01 -7.947705e-01 -2.500000e+00
     vertex  2.235127e+01 -8.609191e-01 -2.500000e+00
     vertex  2.235127e+01 -8.609191e-01  2.500000e+00
   endloop
 endfacet
 facet normal -9.487278e-01  3.160943e-01  0.000000e+00
   outer loop
     vertex  2.237331e+01 -7.947705e-01 -2.500000e+00
     vertex  2.235127e+01 -8.609191e-01  2.500000e+00
     vertex  2.237331e+01 -7.947705e-01  2.500000e+00
   endloop
 endfacet
 facet normal -9.561652e-01  2.928278e-01  0.000000e+00
   outer loop
     vertex  2.239359e+01 -7.285592e-01 -2.500000e+00
     vertex  2.237331e+01 -7.947705e-01 -2.500000e+00
     vertex  2.237331e+01 -7.947705e-01  2.500000e+00
   endloop
 endfacet
 facet normal -9.561652e-01  2.928278e-01  0.000000e+00
   outer loop
     vertex  2.239359e+01 -7.285592e-01 -2.500000e+00
     vertex  2.237331e+01 -7.947705e-01  2.500000e+00
     vertex  2.239359e+01 -7.285592e-01  2.500000e+00
   endloop
 endfacet
 facet normal -9.631198e-01  2.690729e-01  0.000000e+00
   outer loop
     vertex  2.239359e+01 -7.285592e-01 -2.500000e+00
     vertex  2.239359e+01 -7.285592e-01  2.500000e+00
     vertex  2.241210e+01 -6.622906e-01  2.500000e+00
   endloop
 endfacet
 facet normal -9.631198e-01  2.690729e-01  0.000000e+00
   outer loop
     vertex  2.241210e+01 -6.622906e-01 -2.500000e+00
     vertex  2.239359e+01 -7.285592e-01 -2.500000e+00
     vertex  2.241210e+01 -6.622906e-01  2.500000e+00
   endloop
 endfacet
 facet normal -9.695592e-01  2.448570e-01  0.000000e+00
   outer loop
     vertex  2.242885e+01 -5.959699e-01 -2.500000e+00
     vertex  2.241210e+01 -6.622906e-01 -2.500000e+00
     vertex  2.241210e+01 -6.622906e-01  2.500000e+00
   endloop
 endfacet
 facet normal -9.695592e-01  2.448570e-01  0.000000e+00
   outer loop
     vertex  2.242885e+01 -5.959699e-01 -2.500000e+00
     vertex  2.241210e+01 -6.622906e-01  2.500000e+00
     vertex  2.242885e+01 -5.959699e-01  2.500000e+00
   endloop
 endfacet
 facet normal -9.754522e-01  2.202114e-01  0.000000e+00
   outer loop
     vertex  2.244383e+01 -5.296022e-01 -2.500000e+00
     vertex  2.242885e+01 -5.959699e-01 -2.500000e+00
     vertex  2.242885e+01 -5.959699e-01  2.500000e+00
   endloop
 endfacet
 facet normal -9.754522e-01  2.202114e-01  0.000000e+00
   outer loop
     vertex  2.244383e+01 -5.296022e-01 -2.500000e+00
     vertex  2.242885e+01 -5.959699e-01  2.500000e+00
     vertex  2.244383e+01 -5.296022e-01  2.500000e+00
   endloop
 endfacet
 facet normal -9.807693e-01  1.951705e-01  0.000000e+00
   outer loop
     vertex  2.245705e+01 -4.631928e-01 -2.500000e+00
     vertex  2.244383e+01 -5.296022e-01 -2.500000e+00
     vertex  2.244383e+01 -5.296022e-01  2.500000e+00
   endloop
 endfacet
 facet normal -9.807693e-01  1.951705e-01  0.000000e+00
   outer loop
     vertex  2.245705e+01 -4.631928e-01 -2.500000e+00
     vertex  2.244383e+01 -5.296022e-01  2.500000e+00
     vertex  2.245705e+01 -4.631928e-01  2.500000e+00
   endloop
 endfacet
 facet normal -9.854833e-01  1.697722e-01  0.000000e+00
   outer loop
     vertex  2.246850e+01 -3.967470e-01 -2.500000e+00
     vertex  2.245705e+01 -4.631928e-01 -2.500000e+00
     vertex  2.245705e+01 -4.631928e-01  2.500000e+00
   endloop
 endfacet
 facet normal -9.854833e-01  1.697722e-01  0.000000e+00
   outer loop
     vertex  2.246850e+01 -3.967470e-01 -2.500000e+00
     vertex  2.245705e+01 -4.631928e-01  2.500000e+00
     vertex  2.246850e+01 -3.967470e-01  2.500000e+00
   endloop
 endfacet
 facet normal -9.895693e-01  1.440574e-01  0.000000e+00
   outer loop
     vertex  2.247817e+01 -3.302698e-01 -2.500000e+00
     vertex  2.246850e+01 -3.967470e-01 -2.500000e+00
     vertex  2.246850e+01 -3.967470e-01  2.500000e+00
   endloop
 endfacet
 facet normal -9.895693e-01  1.440574e-01  0.000000e+00
   outer loop
     vertex  2.247817e+01 -3.302698e-01 -2.500000e+00
     vertex  2.246850e+01 -3.967470e-01  2.500000e+00
     vertex  2.247817e+01 -3.302698e-01  2.500000e+00
   endloop
 endfacet
 facet normal -9.930053e-01  1.180701e-01  0.000000e+00
   outer loop
     vertex  2.248608e+01 -2.637667e-01 -2.500000e+00
     vertex  2.247817e+01 -3.302698e-01  2.500000e+00
     vertex  2.248608e+01 -2.637667e-01  2.500000e+00
   endloop
 endfacet
 facet normal -9.930053e-01  1.180701e-01  0.000000e+00
   outer loop
     vertex  2.248608e+01 -2.637667e-01 -2.500000e+00
     vertex  2.247817e+01 -3.302698e-01 -2.500000e+00
     vertex  2.247817e+01 -3.302698e-01  2.500000e+00
   endloop
 endfacet
 facet normal -9.957723e-01  9.185641e-02  0.000000e+00
   outer loop
     vertex  2.249222e+01 -1.972428e-01 -2.500000e+00
     vertex  2.248608e+01 -2.637667e-01  2.500000e+00
     vertex  2.249222e+01 -1.972428e-01  2.500000e+00
   endloop
 endfacet
 facet normal -9.957723e-01  9.185641e-02  0.000000e+00
   outer loop
     vertex  2.249222e+01 -1.972428e-01 -2.500000e+00
     vertex  2.248608e+01 -2.637667e-01 -2.500000e+00
     vertex  2.248608e+01 -2.637667e-01  2.500000e+00
   endloop
 endfacet
 facet normal -9.978549e-01  6.546485e-02  0.000000e+00
   outer loop
     vertex  2.249658e+01 -1.307034e-01 -2.500000e+00
     vertex  2.249222e+01 -1.972428e-01  2.500000e+00
     vertex  2.249658e+01 -1.307034e-01  2.500000e+00
   endloop
 endfacet
 facet normal -9.978549e-01  6.546485e-02  0.000000e+00
   outer loop
     vertex  2.249658e+01 -1.307034e-01 -2.500000e+00
     vertex  2.249222e+01 -1.972428e-01 -2.500000e+00
     vertex  2.249222e+01 -1.972428e-01  2.500000e+00
   endloop
 endfacet
 facet normal -9.992320e-01  3.918513e-02  0.000000e+00
   outer loop
     vertex  2.249915e+01 -6.535420e-02 -2.500000e+00
     vertex  2.249658e+01 -1.307034e-01  2.500000e+00
     vertex  2.249915e+01 -6.535420e-02  2.500000e+00
   endloop
 endfacet
 facet normal -9.999146e-01  1.306997e-02  0.000000e+00
   outer loop
     vertex  2.249915e+01 -6.535420e-02 -2.500000e+00
     vertex  2.249915e+01 -6.535420e-02  2.500000e+00
     vertex  2.250000e+01  0.000000e+00  2.500000e+00
   endloop
 endfacet
 facet normal -9.992320e-01  3.918513e-02  0.000000e+00
   outer loop
     vertex  2.249915e+01 -6.535420e-02 -2.500000e+00
     vertex  2.249658e+01 -1.307034e-01 -2.500000e+00
     vertex  2.249658e+01 -1.307034e-01  2.500000e+00
   endloop
 endfacet
 facet normal -9.999146e-01  1.306997e-02  0.000000e+00
   outer loop
     vertex  2.250000e+01  0.000000e+00 -2.500000e+00
     vertex  2.249915e+01 -6.535420e-02 -2.500000e+00
     vertex  2.250000e+01  0.000000e+00  2.500000e+00
   endloop
 endfacet
 facet normal -9.999180e-01 -1.280625e-02  0.000000e+00
   outer loop
     vertex  2.249918e+01  6.403534e-02 -2.500000e+00
     vertex  2.250000e+01  0.000000e+00 -2.500000e+00
     vertex  2.250000e+01  0.000000e+00  2.500000e+00
   endloop
 endfacet
 facet normal -9.999180e-01 -1.280625e-02  0.000000e+00
   outer loop
     vertex  2.249918e+01  6.403534e-02 -2.500000e+00
     vertex  2.250000e+01  0.000000e+00  2.500000e+00
     vertex  2.249918e+01  6.403534e-02  2.500000e+00
   endloop
 endfacet
 facet normal -9.992626e-01 -3.839544e-02  0.000000e+00
   outer loop
     vertex  2.249672e+01  1.280660e-01 -2.500000e+00
     vertex  2.249918e+01  6.403534e-02 -2.500000e+00
     vertex  2.249918e+01  6.403534e-02  2.500000e+00
   endloop
 endfacet
 facet normal -9.992626e-01 -3.839544e-02  0.000000e+00
   outer loop
     vertex  2.249672e+01  1.280660e-01 -2.500000e+00
     vertex  2.249918e+01  6.403534e-02  2.500000e+00
     vertex  2.249672e+01  1.280660e-01  2.500000e+00
   endloop
 endfacet
 facet normal -9.979554e-01 -6.391490e-02  0.000000e+00
   outer loop
     vertex  2.249262e+01  1.920874e-01 -2.500000e+00
     vertex  2.249672e+01  1.280660e-01  2.500000e+00
     vertex  2.249262e+01  1.920874e-01  2.500000e+00
   endloop
 endfacet
 facet normal -9.979554e-01 -6.391490e-02  0.000000e+00
   outer loop
     vertex  2.249262e+01  1.920874e-01 -2.500000e+00
     vertex  2.249672e+01  1.280660e-01 -2.500000e+00
     vertex  2.249672e+01  1.280660e-01  2.500000e+00
   endloop
 endfacet
 facet normal -9.960031e-01 -8.931884e-02  0.000000e+00
   outer loop
     vertex  2.248688e+01  2.560947e-01 -2.500000e+00
     vertex  2.249262e+01  1.920874e-01 -2.500000e+00
     vertex  2.249262e+01  1.920874e-01  2.500000e+00
   endloop
 endfacet
 facet normal -9.960031e-01 -8.931884e-02  0.000000e+00
   outer loop
     vertex  2.248688e+01  2.560947e-01 -2.500000e+00
     vertex  2.249262e+01  1.920874e-01  2.500000e+00
     vertex  2.248688e+01  2.560947e-01  2.500000e+00
   endloop
 endfacet
 facet normal -9.934160e-01 -1.145625e-01  0.000000e+00
   outer loop
     vertex  2.247950e+01  3.200834e-01 -2.500000e+00
     vertex  2.248688e+01  2.560947e-01  2.500000e+00
     vertex  2.247950e+01  3.200834e-01  2.500000e+00
   endloop
 endfacet
 facet normal -9.934160e-01 -1.145625e-01  0.000000e+00
   outer loop
     vertex  2.247950e+01  3.200834e-01 -2.500000e+00
     vertex  2.248688e+01  2.560947e-01 -2.500000e+00
     vertex  2.248688e+01  2.560947e-01  2.500000e+00
   endloop
 endfacet
 facet normal -9.902076e-01 -1.396026e-01  0.000000e+00
   outer loop
     vertex  2.247048e+01  3.840487e-01 -2.500000e+00
     vertex  2.247950e+01  3.200834e-01 -2.500000e+00
     vertex  2.247950e+01  3.200834e-01  2.500000e+00
   endloop
 endfacet
 facet normal -9.902076e-01 -1.396026e-01  0.000000e+00
   outer loop
     vertex  2.247048e+01  3.840487e-01 -2.500000e+00
     vertex  2.247950e+01  3.200834e-01  2.500000e+00
     vertex  2.247048e+01  3.840487e-01  2.500000e+00
   endloop
 endfacet
 facet normal -9.863942e-01 -1.643974e-01  0.000000e+00
   outer loop
     vertex  2.245983e+01  4.479860e-01 -2.500000e+00
     vertex  2.247048e+01  3.840487e-01  2.500000e+00
     vertex  2.245983e+01  4.479860e-01  2.500000e+00
   endloop
 endfacet
 facet normal -9.863942e-01 -1.643974e-01  0.000000e+00
   outer loop
     vertex  2.245983e+01  4.479860e-01 -2.500000e+00
     vertex  2.247048e+01  3.840487e-01 -2.500000e+00
     vertex  2.247048e+01  3.840487e-01  2.500000e+00
   endloop
 endfacet
 facet normal -9.819948e-01 -1.889077e-01  0.000000e+00
   outer loop
     vertex  2.244753e+01  5.118907e-01 -2.500000e+00
     vertex  2.245983e+01  4.479860e-01 -2.500000e+00
     vertex  2.245983e+01  4.479860e-01  2.500000e+00
   endloop
 endfacet
 facet normal -9.819948e-01 -1.889077e-01  0.000000e+00
   outer loop
     vertex  2.244753e+01  5.118907e-01 -2.500000e+00
     vertex  2.245983e+01  4.479860e-01  2.500000e+00
     vertex  2.244753e+01  5.118907e-01  2.500000e+00
   endloop
 endfacet
 facet normal -9.770312e-01 -2.130962e-01  0.000000e+00
   outer loop
     vertex  2.243360e+01  5.757581e-01 -2.500000e+00
     vertex  2.244753e+01  5.118907e-01  2.500000e+00
     vertex  2.243360e+01  5.757581e-01  2.500000e+00
   endloop
 endfacet
 facet normal -9.770312e-01 -2.130962e-01  0.000000e+00
   outer loop
     vertex  2.243360e+01  5.757581e-01 -2.500000e+00
     vertex  2.244753e+01  5.118907e-01 -2.500000e+00
     vertex  2.244753e+01  5.118907e-01  2.500000e+00
   endloop
 endfacet
 facet normal -9.715271e-01 -2.369286e-01  0.000000e+00
   outer loop
     vertex  2.241804e+01  6.395835e-01 -2.500000e+00
     vertex  2.243360e+01  5.757581e-01 -2.500000e+00
     vertex  2.243360e+01  5.757581e-01  2.500000e+00
   endloop
 endfacet
 facet normal -9.715271e-01 -2.369286e-01  0.000000e+00
   outer loop
     vertex  2.241804e+01  6.395835e-01 -2.500000e+00
     vertex  2.243360e+01  5.757581e-01  2.500000e+00
     vertex  2.241804e+01  6.395835e-01  2.500000e+00
   endloop
 endfacet
 facet normal -9.655081e-01 -2.603730e-01  0.000000e+00
   outer loop
     vertex  2.240084e+01  7.033622e-01 -2.500000e+00
     vertex  2.241804e+01  6.395835e-01  2.500000e+00
     vertex  2.240084e+01  7.033622e-01  2.500000e+00
   endloop
 endfacet
 facet normal -9.655081e-01 -2.603730e-01  0.000000e+00
   outer loop
     vertex  2.240084e+01  7.033622e-01 -2.500000e+00
     vertex  2.241804e+01  6.395835e-01 -2.500000e+00
     vertex  2.241804e+01  6.395835e-01  2.500000e+00
   endloop
 endfacet
 facet normal -9.590016e-01 -2.834008e-01  0.000000e+00
   outer loop
     vertex  2.238201e+01  7.670897e-01 -2.500000e+00
     vertex  2.240084e+01  7.033622e-01 -2.500000e+00
     vertex  2.240084e+01  7.033622e-01  2.500000e+00
   endloop
 endfacet
 facet normal -9.590016e-01 -2.834008e-01  0.000000e+00
   outer loop
     vertex  2.238201e+01  7.670897e-01 -2.500000e+00
     vertex  2.240084e+01  7.033622e-01  2.500000e+00
     vertex  2.238201e+01  7.670897e-01  2.500000e+00
   endloop
 endfacet
 facet normal -9.520360e-01 -3.059861e-01  0.000000e+00
   outer loop
     vertex  2.236154e+01  8.307613e-01 -2.500000e+00
     vertex  2.238201e+01  7.670897e-01  2.500000e+00
     vertex  2.236154e+01  8.307613e-01  2.500000e+00
   endloop
 endfacet
 facet normal -9.520360e-01 -3.059861e-01  0.000000e+00
   outer loop
     vertex  2.236154e+01  8.307613e-01 -2.500000e+00
     vertex  2.238201e+01  7.670897e-01 -2.500000e+00
     vertex  2.238201e+01  7.670897e-01  2.500000e+00
   endloop
 endfacet
 facet normal -9.446407e-01 -3.281065e-01  0.000000e+00
   outer loop
     vertex  2.233945e+01  8.943723e-01 -2.500000e+00
     vertex  2.236154e+01  8.307613e-01 -2.500000e+00
     vertex  2.236154e+01  8.307613e-01  2.500000e+00
   endloop
 endfacet
 facet normal -9.446407e-01 -3.281065e-01  0.000000e+00
   outer loop
     vertex  2.233945e+01  8.943723e-01 -2.500000e+00
     vertex  2.236154e+01  8.307613e-01  2.500000e+00
     vertex  2.233945e+01  8.943723e-01  2.500000e+00
   endloop
 endfacet
 facet normal -9.368460e-01 -3.497422e-01  0.000000e+00
   outer loop
     vertex  2.231572e+01  9.579181e-01 -2.500000e+00
     vertex  2.233945e+01  8.943723e-01 -2.500000e+00
     vertex  2.233945e+01  8.943723e-01  2.500000e+00
   endloop
 endfacet
 facet normal -9.368460e-01 -3.497422e-01  0.000000e+00
   outer loop
     vertex  2.231572e+01  9.579181e-01 -2.500000e+00
     vertex  2.233945e+01  8.943723e-01  2.500000e+00
     vertex  2.231572e+01  9.579181e-01  2.500000e+00
   endloop
 endfacet
 facet normal -9.286821e-01 -3.708768e-01  0.000000e+00
   outer loop
     vertex  2.229037e+01  1.021394e+00 -2.500000e+00
     vertex  2.231572e+01  9.579181e-01 -2.500000e+00
     vertex  2.231572e+01  9.579181e-01  2.500000e+00
   endloop
 endfacet
 facet normal -9.286821e-01 -3.708768e-01  0.000000e+00
   outer loop
     vertex  2.229037e+01  1.021394e+00 -2.500000e+00
     vertex  2.231572e+01  9.579181e-01  2.500000e+00
     vertex  2.229037e+01  1.021394e+00  2.500000e+00
   endloop
 endfacet
 facet normal -9.201795e-01 -3.914967e-01  0.000000e+00
   outer loop
     vertex  2.226340e+01  1.084796e+00 -2.500000e+00
     vertex  2.229037e+01  1.021394e+00  2.500000e+00
     vertex  2.226340e+01  1.084796e+00  2.500000e+00
   endloop
 endfacet
 facet normal -9.201795e-01 -3.914967e-01  0.000000e+00
   outer loop
     vertex  2.226340e+01  1.084796e+00 -2.500000e+00
     vertex  2.229037e+01  1.021394e+00 -2.500000e+00
     vertex  2.229037e+01  1.021394e+00  2.500000e+00
   endloop
 endfacet
 facet normal -9.113686e-01 -4.115912e-01  0.000000e+00
   outer loop
     vertex  2.223480e+01  1.148118e+00 -2.500000e+00
     vertex  2.226340e+01  1.084796e+00 -2.500000e+00
     vertex  2.226340e+01  1.084796e+00  2.500000e+00
   endloop
 endfacet
 facet normal -9.113686e-01 -4.115912e-01  0.000000e+00
   outer loop
     vertex  2.223480e+01  1.148118e+00 -2.500000e+00
     vertex  2.226340e+01  1.084796e+00  2.500000e+00
     vertex  2.223480e+01  1.148118e+00  2.500000e+00
   endloop
 endfacet
 facet normal -9.022792e-01 -4.311523e-01  0.000000e+00
   outer loop
     vertex  2.220458e+01  1.211357e+00 -2.500000e+00
     vertex  2.223480e+01  1.148118e+00 -2.500000e+00
     vertex  2.223480e+01  1.148118e+00  2.500000e+00
   endloop
 endfacet
 facet normal -9.022792e-01 -4.311523e-01  0.000000e+00
   outer loop
     vertex  2.220458e+01  1.211357e+00 -2.500000e+00
     vertex  2.223480e+01  1.148118e+00  2.500000e+00
     vertex  2.220458e+01  1.211357e+00  2.500000e+00
   endloop
 endfacet
 facet normal -8.929404e-01 -4.501748e-01  0.000000e+00
   outer loop
     vertex  2.217275e+01  1.274507e+00 -2.500000e+00
     vertex  2.220458e+01  1.211357e+00 -2.500000e+00
     vertex  2.220458e+01  1.211357e+00  2.500000e+00
   endloop
 endfacet
 facet normal -8.929404e-01 -4.501748e-01  0.000000e+00
   outer loop
     vertex  2.217275e+01  1.274507e+00 -2.500000e+00
     vertex  2.220458e+01  1.211357e+00  2.500000e+00
     vertex  2.217275e+01  1.274507e+00  2.500000e+00
   endloop
 endfacet
 facet normal -8.833809e-01 -4.686557e-01  0.000000e+00
   outer loop
     vertex  2.213929e+01  1.337565e+00 -2.500000e+00
     vertex  2.217275e+01  1.274507e+00 -2.500000e+00
     vertex  2.217275e+01  1.274507e+00  2.500000e+00
   endloop
 endfacet
 facet normal -8.833809e-01 -4.686557e-01  0.000000e+00
   outer loop
     vertex  2.213929e+01  1.337565e+00 -2.500000e+00
     vertex  2.217275e+01  1.274507e+00  2.500000e+00
     vertex  2.213929e+01  1.337565e+00  2.500000e+00
   endloop
 endfacet
 facet normal -8.736280e-01 -4.865943e-01  0.000000e+00
   outer loop
     vertex  2.210423e+01  1.400525e+00 -2.500000e+00
     vertex  2.213929e+01  1.337565e+00 -2.500000e+00
     vertex  2.213929e+01  1.337565e+00  2.500000e+00
   endloop
 endfacet
 facet normal -8.736280e-01 -4.865943e-01  0.000000e+00
   outer loop
     vertex  2.210423e+01  1.400525e+00 -2.500000e+00
     vertex  2.213929e+01  1.337565e+00  2.500000e+00
     vertex  2.210423e+01  1.400525e+00  2.500000e+00
   endloop
 endfacet
 facet normal -8.637083e-01 -5.039921e-01  0.000000e+00
   outer loop
     vertex  2.206755e+01  1.463383e+00 -2.500000e+00
     vertex  2.210423e+01  1.400525e+00 -2.500000e+00
     vertex  2.210423e+01  1.400525e+00  2.500000e+00
   endloop
 endfacet
 facet normal -8.637083e-01 -5.039921e-01  0.000000e+00
   outer loop
     vertex  2.206755e+01  1.463383e+00 -2.500000e+00
     vertex  2.210423e+01  1.400525e+00  2.500000e+00
     vertex  2.206755e+01  1.463383e+00  2.500000e+00
   endloop
 endfacet
 facet normal -8.536468e-01 -5.208523e-01  0.000000e+00
   outer loop
     vertex  2.202926e+01  1.526134e+00 -2.500000e+00
     vertex  2.206755e+01  1.463383e+00 -2.500000e+00
     vertex  2.206755e+01  1.463383e+00  2.500000e+00
   endloop
 endfacet
 facet normal -8.536468e-01 -5.208523e-01  0.000000e+00
   outer loop
     vertex  2.202926e+01  1.526134e+00 -2.500000e+00
     vertex  2.206755e+01  1.463383e+00  2.500000e+00
     vertex  2.202926e+01  1.526134e+00  2.500000e+00
   endloop
 endfacet
 facet normal -8.434677e-01 -5.371798e-01  0.000000e+00
   outer loop
     vertex  2.198937e+01  1.588774e+00 -2.500000e+00
     vertex  2.202926e+01  1.526134e+00 -2.500000e+00
     vertex  2.202926e+01  1.526134e+00  2.500000e+00
   endloop
 endfacet
 facet normal -8.434677e-01 -5.371798e-01  0.000000e+00
   outer loop
     vertex  2.198937e+01  1.588774e+00 -2.500000e+00
     vertex  2.202926e+01  1.526134e+00  2.500000e+00
     vertex  2.198937e+01  1.588774e+00  2.500000e+00
   endloop
 endfacet
 facet normal -8.331937e-01 -5.529813e-01  0.000000e+00
   outer loop
     vertex  2.194787e+01  1.651298e+00 -2.500000e+00
     vertex  2.198937e+01  1.588774e+00  2.500000e+00
     vertex  2.194787e+01  1.651298e+00  2.500000e+00
   endloop
 endfacet
 facet normal -8.331937e-01 -5.529813e-01  0.000000e+00
   outer loop
     vertex  2.194787e+01  1.651298e+00 -2.500000e+00
     vertex  2.198937e+01  1.588774e+00 -2.500000e+00
     vertex  2.198937e+01  1.588774e+00  2.500000e+00
   endloop
 endfacet
 facet normal -8.228461e-01 -5.682643e-01  0.000000e+00
   outer loop
     vertex  2.190477e+01  1.713702e+00 -2.500000e+00
     vertex  2.194787e+01  1.651298e+00  2.500000e+00
     vertex  2.190477e+01  1.713702e+00  2.500000e+00
   endloop
 endfacet
 facet normal -8.228461e-01 -5.682643e-01  0.000000e+00
   outer loop
     vertex  2.190477e+01  1.713702e+00 -2.500000e+00
     vertex  2.194787e+01  1.651298e+00 -2.500000e+00
     vertex  2.194787e+01  1.651298e+00  2.500000e+00
   endloop
 endfacet
 facet normal -8.124449e-01 -5.830380e-01  0.000000e+00
   outer loop
     vertex  2.186008e+01  1.775981e+00 -2.500000e+00
     vertex  2.190477e+01  1.713702e+00  2.500000e+00
     vertex  2.186008e+01  1.775981e+00  2.500000e+00
   endloop
 endfacet
 facet normal -8.020088e-01 -5.973122e-01  0.000000e+00
   outer loop
     vertex  2.186008e+01  1.775981e+00 -2.500000e+00
     vertex  2.186008e+01  1.775981e+00  2.500000e+00
     vertex  2.181379e+01  1.838130e+00  2.500000e+00
   endloop
 endfacet
 facet normal -8.124449e-01 -5.830380e-01  0.000000e+00
   outer loop
     vertex  2.186008e+01  1.775981e+00 -2.500000e+00
     vertex  2.190477e+01  1.713702e+00 -2.500000e+00
     vertex  2.190477e+01  1.713702e+00  2.500000e+00
   endloop
 endfacet
 facet normal -8.020088e-01 -5.973122e-01  0.000000e+00
   outer loop
     vertex  2.181379e+01  1.838130e+00 -2.500000e+00
     vertex  2.186008e+01  1.775981e+00 -2.500000e+00
     vertex  2.181379e+01  1.838130e+00  2.500000e+00
   endloop
 endfacet
 facet normal -7.915551e-01 -6.110978e-01  0.000000e+00
   outer loop
     vertex  2.176591e+01  1.900145e+00 -2.500000e+00
     vertex  2.181379e+01  1.838130e+00  2.500000e+00
     vertex  2.176591e+01  1.900145e+00  2.500000e+00
   endloop
 endfacet
 facet normal -7.915551e-01 -6.110978e-01  0.000000e+00
   outer loop
     vertex  2.176591e+01  1.900145e+00 -2.500000e+00
     vertex  2.181379e+01  1.838130e+00 -2.500000e+00
     vertex  2.181379e+01  1.838130e+00  2.500000e+00
   endloop
 endfacet
 facet normal -7.810999e-01 -6.244060e-01  0.000000e+00
   outer loop
     vertex  2.171645e+01  1.962022e+00 -2.500000e+00
     vertex  2.176591e+01  1.900145e+00  2.500000e+00
     vertex  2.171645e+01  1.962022e+00  2.500000e+00
   endloop
 endfacet
 facet normal -7.810999e-01 -6.244060e-01  0.000000e+00
   outer loop
     vertex  2.171645e+01  1.962022e+00 -2.500000e+00
     vertex  2.176591e+01  1.900145e+00 -2.500000e+00
     vertex  2.176591e+01  1.900145e+00  2.500000e+00
   endloop
 endfacet
 facet normal -7.706579e-01 -6.372491e-01  0.000000e+00
   outer loop
     vertex  2.166540e+01  2.023756e+00 -2.500000e+00
     vertex  2.171645e+01  1.962022e+00  2.500000e+00
     vertex  2.166540e+01  2.023756e+00  2.500000e+00
   endloop
 endfacet
 facet normal -7.602426e-01 -6.496393e-01  0.000000e+00
   outer loop
     vertex  2.166540e+01  2.023756e+00 -2.500000e+00
     vertex  2.166540e+01  2.023756e+00  2.500000e+00
     vertex  2.161278e+01  2.085342e+00  2.500000e+00
   endloop
 endfacet
 facet normal -7.706579e-01 -6.372491e-01  0.000000e+00
   outer loop
     vertex  2.166540e+01  2.023756e+00 -2.500000e+00
     vertex  2.171645e+01  1.962022e+00 -2.500000e+00
     vertex  2.171645e+01  1.962022e+00  2.500000e+00
   endloop
 endfacet
 facet normal -7.602426e-01 -6.496393e-01  0.000000e+00
   outer loop
     vertex  2.161278e+01  2.085342e+00 -2.500000e+00
     vertex  2.166540e+01  2.023756e+00 -2.500000e+00
     vertex  2.161278e+01  2.085342e+00  2.500000e+00
   endloop
 endfacet
 facet normal -7.498663e-01 -6.615894e-01  0.000000e+00
   outer loop
     vertex  2.155857e+01  2.146777e+00 -2.500000e+00
     vertex  2.161278e+01  2.085342e+00  2.500000e+00
     vertex  2.155857e+01  2.146777e+00  2.500000e+00
   endloop
 endfacet
 facet normal -7.498663e-01 -6.615894e-01  0.000000e+00
   outer loop
     vertex  2.155857e+01  2.146777e+00 -2.500000e+00
     vertex  2.161278e+01  2.085342e+00 -2.500000e+00
     vertex  2.161278e+01  2.085342e+00  2.500000e+00
   endloop
 endfacet
 facet normal -7.395401e-01 -6.731125e-01  0.000000e+00
   outer loop
     vertex  2.150280e+01  2.208055e+00 -2.500000e+00
     vertex  2.155857e+01  2.146777e+00  2.500000e+00
     vertex  2.150280e+01  2.208055e+00  2.500000e+00
   endloop
 endfacet
 facet normal -7.395401e-01 -6.731125e-01  0.000000e+00
   outer loop
     vertex  2.150280e+01  2.208055e+00 -2.500000e+00
     vertex  2.155857e+01  2.146777e+00 -2.500000e+00
     vertex  2.155857e+01  2.146777e+00  2.500000e+00
   endloop
 endfacet
 facet normal -7.275697e-01 -6.860338e-01  0.000000e+00
   outer loop
     vertex  2.142600e+01  2.289507e+00 -2.500000e+00
     vertex  2.150280e+01  2.208055e+00  2.500000e+00
     vertex  2.142600e+01  2.289507e+00  2.500000e+00
   endloop
 endfacet
 facet normal -7.275697e-01 -6.860338e-01  0.000000e+00
   outer loop
     vertex  2.142600e+01  2.289507e+00 -2.500000e+00
     vertex  2.150280e+01  2.208055e+00 -2.500000e+00
     vertex  2.150280e+01  2.208055e+00  2.500000e+00
   endloop
 endfacet
 facet normal -7.131649e-01 -7.009964e-01  0.000000e+00
   outer loop
     vertex  2.133628e+01  2.380786e+00 -2.500000e+00
     vertex  2.142600e+01  2.289507e+00  2.500000e+00
     vertex  2.133628e+01  2.380786e+00  2.500000e+00
   endloop
 endfacet
 facet normal -7.131649e-01 -7.009964e-01  0.000000e+00
   outer loop
     vertex  2.133628e+01  2.380786e+00 -2.500000e+00
     vertex  2.142600e+01  2.289507e+00 -2.500000e+00
     vertex  2.142600e+01  2.289507e+00  2.500000e+00
   endloop
 endfacet
 facet normal -6.980917e-01 -7.160084e-01  0.000000e+00
   outer loop
     vertex  2.124306e+01  2.471674e+00 -2.500000e+00
     vertex  2.133628e+01  2.380786e+00  2.500000e+00
     vertex  2.124306e+01  2.471674e+00  2.500000e+00
   endloop
 endfacet
 facet normal -6.980917e-01 -7.160084e-01  0.000000e+00
   outer loop
     vertex  2.124306e+01  2.471674e+00 -2.500000e+00
     vertex  2.133628e+01  2.380786e+00 -2.500000e+00
     vertex  2.133628e+01  2.380786e+00  2.500000e+00
   endloop
 endfacet
 facet normal -6.832241e-01 -7.302088e-01  0.000000e+00
   outer loop
     vertex  2.114635e+01  2.562157e+00 -2.500000e+00
     vertex  2.124306e+01  2.471674e+00  2.500000e+00
     vertex  2.114635e+01  2.562157e+00  2.500000e+00
   endloop
 endfacet
 facet normal -6.685800e-01 -7.436402e-01  0.000000e+00
   outer loop
     vertex  2.114635e+01  2.562157e+00 -2.500000e+00
     vertex  2.114635e+01  2.562157e+00  2.500000e+00
     vertex  2.104618e+01  2.652220e+00  2.500000e+00
   endloop
 endfacet
 facet normal -6.832241e-01 -7.302088e-01  0.000000e+00
   outer loop
     vertex  2.114635e+01  2.562157e+00 -2.500000e+00
     vertex  2.124306e+01  2.471674e+00 -2.500000e+00
     vertex  2.124306e+01  2.471674e+00  2.500000e+00
   endloop
 endfacet
 facet normal -6.685800e-01 -7.436402e-01  0.000000e+00
   outer loop
     vertex  2.104618e+01  2.652220e+00 -2.500000e+00
     vertex  2.114635e+01  2.562157e+00 -2.500000e+00
     vertex  2.104618e+01  2.652220e+00  2.500000e+00
   endloop
 endfacet
 facet normal -6.541739e-01 -7.563442e-01  0.000000e+00
   outer loop
     vertex  2.094255e+01  2.741848e+00 -2.500000e+00
     vertex  2.104618e+01  2.652220e+00  2.500000e+00
     vertex  2.094255e+01  2.741848e+00  2.500000e+00
   endloop
 endfacet
 facet normal -6.541739e-01 -7.563442e-01  0.000000e+00
   outer loop
     vertex  2.094255e+01  2.741848e+00 -2.500000e+00
     vertex  2.104618e+01  2.652220e+00 -2.500000e+00
     vertex  2.104618e+01  2.652220e+00  2.500000e+00
   endloop
 endfacet
 facet normal -6.400170e-01 -7.683607e-01  0.000000e+00
   outer loop
     vertex  2.083549e+01  2.831026e+00 -2.500000e+00
     vertex  2.094255e+01  2.741848e+00  2.500000e+00
     vertex  2.083549e+01  2.831026e+00  2.500000e+00
   endloop
 endfacet
 facet normal -6.400170e-01 -7.683607e-01  0.000000e+00
   outer loop
     vertex  2.083549e+01  2.831026e+00 -2.500000e+00
     vertex  2.094255e+01  2.741848e+00 -2.500000e+00
     vertex  2.094255e+01  2.741848e+00  2.500000e+00
   endloop
 endfacet
 facet normal -6.261178e-01 -7.797285e-01  0.000000e+00
   outer loop
     vertex  2.072501e+01  2.919740e+00 -2.500000e+00
     vertex  2.083549e+01  2.831026e+00  2.500000e+00
     vertex  2.072501e+01  2.919740e+00  2.500000e+00
   endloop
 endfacet
 facet normal -6.124822e-01 -7.904844e-01  0.000000e+00
   outer loop
     vertex  2.072501e+01  2.919740e+00 -2.500000e+00
     vertex  2.072501e+01  2.919740e+00  2.500000e+00
     vertex  2.061113e+01  3.007974e+00  2.500000e+00
   endloop
 endfacet
 facet normal -6.261178e-01 -7.797285e-01  0.000000e+00
   outer loop
     vertex  2.072501e+01  2.919740e+00 -2.500000e+00
     vertex  2.083549e+01  2.831026e+00 -2.500000e+00
     vertex  2.083549e+01  2.831026e+00  2.500000e+00
   endloop
 endfacet
 facet normal -6.124822e-01 -7.904844e-01  0.000000e+00
   outer loop
     vertex  2.061113e+01  3.007974e+00 -2.500000e+00
     vertex  2.072501e+01  2.919740e+00 -2.500000e+00
     vertex  2.061113e+01  3.007974e+00  2.500000e+00
   endloop
 endfacet
 facet normal -5.991144e-01 -8.006634e-01  0.000000e+00
   outer loop
     vertex  2.049387e+01  3.095716e+00 -2.500000e+00
     vertex  2.061113e+01  3.007974e+00  2.500000e+00
     vertex  2.049387e+01  3.095716e+00  2.500000e+00
   endloop
 endfacet
 facet normal -5.991144e-01 -8.006634e-01  0.000000e+00
   outer loop
     vertex  2.049387e+01  3.095716e+00 -2.500000e+00
     vertex  2.061113e+01  3.007974e+00 -2.500000e+00
     vertex  2.061113e+01  3.007974e+00  2.500000e+00
   endloop
 endfacet
 facet normal -5.860163e-01 -8.102992e-01  0.000000e+00
   outer loop
     vertex  2.037325e+01  3.182949e+00 -2.500000e+00
     vertex  2.049387e+01  3.095716e+00  2.500000e+00
     vertex  2.037325e+01  3.182949e+00  2.500000e+00
   endloop
 endfacet
 facet normal -5.731887e-01 -8.194234e-01  0.000000e+00
   outer loop
     vertex  2.037325e+01  3.182949e+00 -2.500000e+00
     vertex  2.037325e+01  3.182949e+00  2.500000e+00
     vertex  2.024929e+01  3.269661e+00  2.500000e+00
   endloop
 endfacet
 facet normal -5.860163e-01 -8.102992e-01  0.000000e+00
   outer loop
     vertex  2.037325e+01  3.182949e+00 -2.500000e+00
     vertex  2.049387e+01  3.095716e+00 -2.500000e+00
     vertex  2.049387e+01  3.095716e+00  2.500000e+00
   endloop
 endfacet
 facet normal -5.731887e-01 -8.194234e-01  0.000000e+00
   outer loop
     vertex  2.024929e+01  3.269661e+00 -2.500000e+00
     vertex  2.037325e+01  3.182949e+00 -2.500000e+00
     vertex  2.024929e+01  3.269661e+00  2.500000e+00
   endloop
 endfacet
 facet normal -5.585636e-01 -8.294617e-01  0.000000e+00
   outer loop
     vertex  2.007885e+01  3.384440e+00 -2.500000e+00
     vertex  2.024929e+01  3.269661e+00  2.500000e+00
     vertex  2.007885e+01  3.384440e+00  2.500000e+00
   endloop
 endfacet
 facet normal -5.412933e-01 -8.408339e-01  0.000000e+00
   outer loop
     vertex  2.007885e+01  3.384440e+00 -2.500000e+00
     vertex  2.007885e+01  3.384440e+00  2.500000e+00
     vertex  1.988010e+01  3.512384e+00  2.500000e+00
   endloop
 endfacet
 facet normal -5.585636e-01 -8.294617e-01  0.000000e+00
   outer loop
     vertex  2.007885e+01  3.384440e+00 -2.500000e+00
     vertex  2.024929e+01  3.269661e+00 -2.500000e+00
     vertex  2.024929e+01  3.269661e+00  2.500000e+00
   endloop
 endfacet
 facet normal -5.412933e-01 -8.408339e-01  0.000000e+00
   outer loop
     vertex  1.988010e+01  3.512384e+00 -2.500000e+00
     vertex  2.007885e+01  3.384440e+00 -2.500000e+00
     vertex  1.988010e+01  3.512384e+00  2.500000e+00
   endloop
 endfacet
 facet normal -5.235815e-01 -8.519756e-01  0.000000e+00
   outer loop
     vertex  1.967402e+01  3.639033e+00 -2.500000e+00
     vertex  1.988010e+01  3.512384e+00  2.500000e+00
     vertex  1.967402e+01  3.639033e+00  2.500000e+00
   endloop
 endfacet
 facet normal -5.235815e-01 -8.519756e-01  0.000000e+00
   outer loop
     vertex  1.967402e+01  3.639033e+00 -2.500000e+00
     vertex  1.988010e+01  3.512384e+00 -2.500000e+00
     vertex  1.988010e+01  3.512384e+00  2.500000e+00
   endloop
 endfacet
 facet normal -5.064467e-01 -8.622712e-01  0.000000e+00
   outer loop
     vertex  1.946067e+01  3.764338e+00 -2.500000e+00
     vertex  1.967402e+01  3.639033e+00  2.500000e+00
     vertex  1.946067e+01  3.764338e+00  2.500000e+00
   endloop
 endfacet
 facet normal -5.064467e-01 -8.622712e-01  0.000000e+00
   outer loop
     vertex  1.946067e+01  3.764338e+00 -2.500000e+00
     vertex  1.967402e+01  3.639033e+00 -2.500000e+00
     vertex  1.967402e+01  3.639033e+00  2.500000e+00
   endloop
 endfacet
 facet normal -4.898724e-01 -8.717941e-01  0.000000e+00
   outer loop
     vertex  1.924015e+01  3.888255e+00 -2.500000e+00
     vertex  1.946067e+01  3.764338e+00  2.500000e+00
     vertex  1.924015e+01  3.888255e+00  2.500000e+00
   endloop
 endfacet
 facet normal -4.898724e-01 -8.717941e-01  0.000000e+00
   outer loop
     vertex  1.924015e+01  3.888255e+00 -2.500000e+00
     vertex  1.946067e+01  3.764338e+00 -2.500000e+00
     vertex  1.946067e+01  3.764338e+00  2.500000e+00
   endloop
 endfacet
 facet normal -4.738400e-01 -8.806110e-01  0.000000e+00
   outer loop
     vertex  1.901252e+01  4.010736e+00 -2.500000e+00
     vertex  1.924015e+01  3.888255e+00 -2.500000e+00
     vertex  1.924015e+01  3.888255e+00  2.500000e+00
   endloop
 endfacet
 facet normal -4.738400e-01 -8.806110e-01  0.000000e+00
   outer loop
     vertex  1.901252e+01  4.010736e+00 -2.500000e+00
     vertex  1.924015e+01  3.888255e+00  2.500000e+00
     vertex  1.901252e+01  4.010736e+00  2.500000e+00
   endloop
 endfacet
 facet normal -4.583297e-01 -8.887822e-01  0.000000e+00
   outer loop
     vertex  1.877788e+01  4.131737e+00 -2.500000e+00
     vertex  1.901252e+01  4.010736e+00  2.500000e+00
     vertex  1.877788e+01  4.131737e+00  2.500000e+00
   endloop
 endfacet
 facet normal -4.433211e-01 -8.963629e-01  0.000000e+00
   outer loop
     vertex  1.877788e+01  4.131737e+00 -2.500000e+00
     vertex  1.877788e+01  4.131737e+00  2.500000e+00
     vertex  1.853631e+01  4.251214e+00  2.500000e+00
   endloop
 endfacet
 facet normal -4.583297e-01 -8.887822e-01  0.000000e+00
   outer loop
     vertex  1.877788e+01  4.131737e+00 -2.500000e+00
     vertex  1.901252e+01  4.010736e+00 -2.500000e+00
     vertex  1.901252e+01  4.010736e+00  2.500000e+00
   endloop
 endfacet
 facet normal -4.433211e-01 -8.963629e-01  0.000000e+00
   outer loop
     vertex  1.853631e+01  4.251214e+00 -2.500000e+00
     vertex  1.877788e+01  4.131737e+00 -2.500000e+00
     vertex  1.853631e+01  4.251214e+00  2.500000e+00
   endloop
 endfacet
 facet normal -4.287933e-01 -9.034026e-01  0.000000e+00
   outer loop
     vertex  1.828789e+01  4.369121e+00 -2.500000e+00
     vertex  1.853631e+01  4.251214e+00  2.500000e+00
     vertex  1.828789e+01  4.369121e+00  2.500000e+00
   endloop
 endfacet
 facet normal -4.147255e-01 -9.099466e-01  0.000000e+00
   outer loop
     vertex  1.828789e+01  4.369121e+00 -2.500000e+00
     vertex  1.828789e+01  4.369121e+00  2.500000e+00
     vertex  1.803273e+01  4.485417e+00  2.500000e+00
   endloop
 endfacet
 facet normal -4.287933e-01 -9.034026e-01  0.000000e+00
   outer loop
     vertex  1.828789e+01  4.369121e+00 -2.500000e+00
     vertex  1.853631e+01  4.251214e+00 -2.500000e+00
     vertex  1.853631e+01  4.251214e+00  2.500000e+00
   endloop
 endfacet
 facet normal -3.988669e-01 -9.170088e-01  0.000000e+00
   outer loop
     vertex  1.803273e+01  4.485417e+00 -2.500000e+00
     vertex  1.803273e+01  4.485417e+00  2.500000e+00
     vertex  1.768218e+01  4.637894e+00  2.500000e+00
   endloop
 endfacet
 facet normal -4.147255e-01 -9.099466e-01  0.000000e+00
   outer loop
     vertex  1.803273e+01  4.485417e+00 -2.500000e+00
     vertex  1.828789e+01  4.369121e+00 -2.500000e+00
     vertex  1.803273e+01  4.485417e+00  2.500000e+00
   endloop
 endfacet
 facet normal -3.988669e-01 -9.170088e-01  0.000000e+00
   outer loop
     vertex  1.768218e+01  4.637894e+00 -2.500000e+00
     vertex  1.803273e+01  4.485417e+00 -2.500000e+00
     vertex  1.768218e+01  4.637894e+00  2.500000e+00
   endloop
 endfacet
 facet normal -3.803678e-01 -9.248353e-01  0.000000e+00
   outer loop
     vertex  1.727395e+01  4.805790e+00 -2.500000e+00
     vertex  1.768218e+01  4.637894e+00  2.500000e+00
     vertex  1.727395e+01  4.805790e+00  2.500000e+00
   endloop
 endfacet
 facet normal -3.616281e-01 -9.323224e-01  0.000000e+00
   outer loop
     vertex  1.727395e+01  4.805790e+00 -2.500000e+00
     vertex  1.727395e+01  4.805790e+00  2.500000e+00
     vertex  1.685138e+01  4.969696e+00  2.500000e+00
   endloop
 endfacet
 facet normal -3.803678e-01 -9.248353e-01  0.000000e+00
   outer loop
     vertex  1.727395e+01  4.805790e+00 -2.500000e+00
     vertex  1.768218e+01  4.637894e+00 -2.500000e+00
     vertex  1.768218e+01  4.637894e+00  2.500000e+00
   endloop
 endfacet
 facet normal -3.616281e-01 -9.323224e-01  0.000000e+00
   outer loop
     vertex  1.685138e+01  4.969696e+00 -2.500000e+00
     vertex  1.727395e+01  4.805790e+00 -2.500000e+00
     vertex  1.685138e+01  4.969696e+00  2.500000e+00
   endloop
 endfacet
 facet normal -3.436985e-01 -9.390800e-01  0.000000e+00
   outer loop
     vertex  1.641482e+01  5.129475e+00 -2.500000e+00
     vertex  1.685138e+01  4.969696e+00 -2.500000e+00
     vertex  1.685138e+01  4.969696e+00  2.500000e+00
   endloop
 endfacet
 facet normal -3.436985e-01 -9.390800e-01  0.000000e+00
   outer loop
     vertex  1.641482e+01  5.129475e+00 -2.500000e+00
     vertex  1.685138e+01  4.969696e+00  2.500000e+00
     vertex  1.641482e+01  5.129475e+00  2.500000e+00
   endloop
 endfacet
 facet normal -3.265196e-01 -9.451904e-01  0.000000e+00
   outer loop
     vertex  1.596463e+01  5.284994e+00 -2.500000e+00
     vertex  1.641482e+01  5.129475e+00 -2.500000e+00
     vertex  1.641482e+01  5.129475e+00  2.500000e+00
   endloop
 endfacet
 facet normal -3.265196e-01 -9.451904e-01  0.000000e+00
   outer loop
     vertex  1.596463e+01  5.284994e+00 -2.500000e+00
     vertex  1.641482e+01  5.129475e+00  2.500000e+00
     vertex  1.596463e+01  5.284994e+00  2.500000e+00
   endloop
 endfacet
 facet normal -3.100354e-01 -9.507250e-01  0.000000e+00
   outer loop
     vertex  1.550119e+01  5.436126e+00 -2.500000e+00
     vertex  1.596463e+01  5.284994e+00 -2.500000e+00
     vertex  1.596463e+01  5.284994e+00  2.500000e+00
   endloop
 endfacet
 facet normal -3.100354e-01 -9.507250e-01  0.000000e+00
   outer loop
     vertex  1.550119e+01  5.436126e+00 -2.500000e+00
     vertex  1.596463e+01  5.284994e+00  2.500000e+00
     vertex  1.550119e+01  5.436126e+00  2.500000e+00
   endloop
 endfacet
 facet normal -2.941938e-01 -9.557458e-01  0.000000e+00
   outer loop
     vertex  1.502487e+01  5.582744e+00 -2.500000e+00
     vertex  1.550119e+01  5.436126e+00  2.500000e+00
     vertex  1.502487e+01  5.582744e+00  2.500000e+00
   endloop
 endfacet
 facet normal -2.789461e-01 -9.603067e-01  0.000000e+00
   outer loop
     vertex  1.502487e+01  5.582744e+00 -2.500000e+00
     vertex  1.502487e+01  5.582744e+00  2.500000e+00
     vertex  1.453608e+01  5.724726e+00  2.500000e+00
   endloop
 endfacet
 facet normal -2.941938e-01 -9.557458e-01  0.000000e+00
   outer loop
     vertex  1.502487e+01  5.582744e+00 -2.500000e+00
     vertex  1.550119e+01  5.436126e+00 -2.500000e+00
     vertex  1.550119e+01  5.436126e+00  2.500000e+00
   endloop
 endfacet
 facet normal -2.789461e-01 -9.603067e-01  0.000000e+00
   outer loop
     vertex  1.453608e+01  5.724726e+00 -2.500000e+00
     vertex  1.502487e+01  5.582744e+00 -2.500000e+00
     vertex  1.453608e+01  5.724726e+00  2.500000e+00
   endloop
 endfacet
 facet normal -2.618476e-01 -9.651092e-01  0.000000e+00
   outer loop
     vertex  1.386565e+01  5.906623e+00 -2.500000e+00
     vertex  1.453608e+01  5.724726e+00 -2.500000e+00
     vertex  1.453608e+01  5.724726e+00  2.500000e+00
   endloop
 endfacet
 facet normal -2.618476e-01 -9.651092e-01  0.000000e+00
   outer loop
     vertex  1.386565e+01  5.906623e+00 -2.500000e+00
     vertex  1.453608e+01  5.724726e+00  2.500000e+00
     vertex  1.386565e+01  5.906623e+00  2.500000e+00
   endloop
 endfacet
 facet normal -2.419940e-01 -9.702777e-01  0.000000e+00
   outer loop
     vertex  1.308701e+01  6.100821e+00 -2.500000e+00
     vertex  1.386565e+01  5.906623e+00 -2.500000e+00
     vertex  1.386565e+01  5.906623e+00  2.500000e+00
   endloop
 endfacet
 facet normal -2.419940e-01 -9.702777e-01  0.000000e+00
   outer loop
     vertex  1.308701e+01  6.100821e+00 -2.500000e+00
     vertex  1.386565e+01  5.906623e+00  2.500000e+00
     vertex  1.308701e+01  6.100821e+00  2.500000e+00
   endloop
 endfacet
 facet normal -2.219464e-01 -9.750589e-01  0.000000e+00
   outer loop
     vertex  1.308701e+01  6.100821e+00 -2.500000e+00
     vertex  1.308701e+01  6.100821e+00  2.500000e+00
     vertex  1.228392e+01  6.283624e+00  2.500000e+00
   endloop
 endfacet
 facet normal -2.219464e-01 -9.750589e-01  0.000000e+00
   outer loop
     vertex  1.228392e+01  6.283624e+00 -2.500000e+00
     vertex  1.308701e+01  6.100821e+00 -2.500000e+00
     vertex  1.228392e+01  6.283624e+00  2.500000e+00
   endloop
 endfacet
 facet normal -2.027873e-01 -9.792228e-01  0.000000e+00
   outer loop
     vertex  1.145788e+01  6.454688e+00 -2.500000e+00
     vertex  1.228392e+01  6.283624e+00 -2.500000e+00
     vertex  1.228392e+01  6.283624e+00  2.500000e+00
   endloop
 endfacet
 facet normal -2.027873e-01 -9.792228e-01  0.000000e+00
   outer loop
     vertex  1.145788e+01  6.454688e+00 -2.500000e+00
     vertex  1.228392e+01  6.283624e+00  2.500000e+00
     vertex  1.145788e+01  6.454688e+00  2.500000e+00
   endloop
 endfacet
 facet normal -1.844131e-01 -9.828488e-01  0.000000e+00
   outer loop
     vertex  1.061044e+01  6.613694e+00 -2.500000e+00
     vertex  1.145788e+01  6.454688e+00  2.500000e+00
     vertex  1.061044e+01  6.613694e+00  2.500000e+00
   endloop
 endfacet
 facet normal -1.667303e-01 -9.860025e-01  0.000000e+00
   outer loop
     vertex  1.061044e+01  6.613694e+00 -2.500000e+00
     vertex  1.061044e+01  6.613694e+00  2.500000e+00
     vertex  9.743179e+00  6.760346e+00  2.500000e+00
   endloop
 endfacet
 facet normal -1.844131e-01 -9.828488e-01  0.000000e+00
   outer loop
     vertex  1.061044e+01  6.613694e+00 -2.500000e+00
     vertex  1.145788e+01  6.454688e+00 -2.500000e+00
     vertex  1.145788e+01  6.454688e+00  2.500000e+00
   endloop
 endfacet
 facet normal -1.667303e-01 -9.860025e-01  0.000000e+00
   outer loop
     vertex  9.743179e+00  6.760346e+00 -2.500000e+00
     vertex  1.061044e+01  6.613694e+00 -2.500000e+00
     vertex  9.743179e+00  6.760346e+00  2.500000e+00
   endloop
 endfacet
 facet normal -1.496546e-01 -9.887383e-01  0.000000e+00
   outer loop
     vertex  8.857716e+00  6.894369e+00 -2.500000e+00
     vertex  9.743179e+00  6.760346e+00 -2.500000e+00
     vertex  9.743179e+00  6.760346e+00  2.500000e+00
   endloop
 endfacet
 facet normal -1.496546e-01 -9.887383e-01  0.000000e+00
   outer loop
     vertex  8.857716e+00  6.894369e+00 -2.500000e+00
     vertex  9.743179e+00  6.760346e+00  2.500000e+00
     vertex  8.857716e+00  6.894369e+00  2.500000e+00
   endloop
 endfacet
 facet normal -1.351552e-01 -9.908244e-01  0.000000e+00
   outer loop
     vertex  8.183151e+00  6.986384e+00 -2.500000e+00
     vertex  8.857716e+00  6.894369e+00 -2.500000e+00
     vertex  8.857716e+00  6.894369e+00  2.500000e+00
   endloop
 endfacet
 facet normal -1.351552e-01 -9.908244e-01  0.000000e+00
   outer loop
     vertex  8.183151e+00  6.986384e+00 -2.500000e+00
     vertex  8.857716e+00  6.894369e+00  2.500000e+00
     vertex  8.183151e+00  6.986384e+00  2.500000e+00
   endloop
 endfacet
 facet normal -1.230192e-01 -9.924043e-01  0.000000e+00
   outer loop
     vertex  7.500000e+00  7.071068e+00 -2.500000e+00
     vertex  8.183151e+00  6.986384e+00  2.500000e+00
     vertex  7.500000e+00  7.071068e+00  2.500000e+00
   endloop
 endfacet
 facet normal -1.230192e-01 -9.924043e-01  0.000000e+00
   outer loop
     vertex  7.500000e+00  7.071068e+00 -2.500000e+00
     vertex  8.183151e+00  6.986384e+00 -2.500000e+00
     vertex  8.183151e+00  6.986384e+00  2.500000e+00
   endloop
 endfacet
endsolid
