solid 
 facet normal  0.000000e+00  0.000000e+00  1.000000e+00
   outer loop
     vertex  8.000000e+01  2.000000e+01  2.500000e+01
     vertex  0.000000e+00  2.000000e+01  2.500000e+01
     vertex  5.000000e+01  1.000000e+01  2.500000e+01
   endloop
 endfacet
 facet normal  0.000000e+00  0.000000e+00  1.000000e+00
   outer loop
     vertex  5.000000e+01 -1.000000e+01  2.500000e+01
     vertex  0.000000e+00  2.000000e+01  2.500000e+01
     vertex  0.000000e+00 -2.000000e+01  2.500000e+01
   endloop
 endfacet
 facet normal  0.000000e+00 -0.000000e+00  1.000000e+00
   outer loop
     vertex  5.000000e+01 -1.000000e+01  2.500000e+01
     vertex  5.000000e+01  1.000000e+01  2.500000e+01
     vertex  0.000000e+00  2.000000e+01  2.500000e+01
   endloop
 endfacet
 facet normal  0.000000e+00 -0.000000e+00  1.000000e+00
   outer loop
     vertex  8.000000e+01  1.000000e+01  2.500000e+01
     vertex  8.000000e+01  2.000000e+01  2.500000e+01
     vertex  5.000000e+01  1.000000e+01  2.500000e+01
   endloop
 endfacet
 facet normal  0.000000e+00 -0.000000e+00  1.000000e+00
   outer loop
     vertex  8.000000e+01 -2.000000e+01  2.500000e+01
     vertex  8.000000e+01 -1.000000e+01  2.500000e+01
     vertex  5.000000e+01 -1.000000e+01  2.500000e+01
   endloop
 endfacet
 facet normal  0.000000e+00  0.000000e+00  1.000000e+00
   outer loop
     vertex  8.000000e+01 -2.000000e+01  2.500000e+01
     vertex  5.000000e+01 -1.000000e+01  2.500000e+01
     vertex  0.000000e+00 -2.000000e+01  2.500000e+01
   endloop
 endfacet
 facet normal -0.000000e+00 -1.000000e+00 -0.000000e+00
   outer loop
     vertex  8.000000e+01 -2.000000e+01  2.500000e+01
     vertex  0.000000e+00 -2.000000e+01  2.500000e+01
     vertex  8.000000e+01 -2.000000e+01  0.000000e+00
   endloop
 endfacet
 facet normal  1.000000e+00  0.000000e+00 -0.000000e+00
   outer loop
     vertex  8.000000e+01  2.000000e+01  0.000000e+00
     vertex  8.000000e+01  2.000000e+01  2.500000e+01
     vertex  8.000000e+01  1.000000e+01  2.500000e+01
   endloop
 endfacet
 facet normal  1.000000e+00  0.000000e+00  0.000000e+00
   outer loop
     vertex  8.000000e+01 -2.000000e+01  0.000000e+00
     vertex  8.000000e+01 -1.000000e+01  2.500000e+01
     vertex  8.000000e+01 -2.000000e+01  2.500000e+01
   endloop
 endfacet
 facet normal  1.000000e+00  0.000000e+00  0.000000e+00
   outer loop
     vertex  8.000000e+01 -2.000000e+01  0.000000e+00
     vertex  8.000000e+01  1.000000e+01  2.500000e+01
     vertex  8.000000e+01 -1.000000e+01  2.500000e+01
   endloop
 endfacet
 facet normal  1.000000e+00  0.000000e+00  0.000000e+00
   outer loop
     vertex  8.000000e+01 -2.000000e+01  0.000000e+00
     vertex  8.000000e+01  2.000000e+01  0.000000e+00
     vertex  8.000000e+01  1.000000e+01  2.500000e+01
   endloop
 endfacet
 facet normal  0.000000e+00 -1.000000e+00 -0.000000e+00
   outer loop
     vertex  8.000000e+01 -1.000000e+01  4.500000e+01
     vertex  5.000000e+01 -1.000000e+01  2.500000e+01
     vertex  8.000000e+01 -1.000000e+01  2.500000e+01
   endloop
 endfacet
 facet normal -0.000000e+00 -1.000000e+00  0.000000e+00
   outer loop
     vertex  8.000000e+01 -1.000000e+01  4.500000e+01
     vertex  5.000000e+01 -1.000000e+01  4.500000e+01
     vertex  5.000000e+01 -1.000000e+01  2.500000e+01
   endloop
 endfacet
 facet normal -1.000000e+00  0.000000e+00  0.000000e+00
   outer loop
     vertex  5.000000e+01 -1.000000e+01  4.500000e+01
     vertex  5.000000e+01  1.000000e+01  2.500000e+01
     vertex  5.000000e+01 -1.000000e+01  2.500000e+01
   endloop
 endfacet
 facet normal -1.000000e+00  0.000000e+00  0.000000e+00
   outer loop
     vertex  5.000000e+01 -1.000000e+01  4.500000e+01
     vertex  5.000000e+01  1.000000e+01  4.500000e+01
     vertex  5.000000e+01  1.000000e+01  2.500000e+01
   endloop
 endfacet
 facet normal  0.000000e+00  1.000000e+00  0.000000e+00
   outer loop
     vertex  8.000000e+01  1.000000e+01  4.500000e+01
     vertex  8.000000e+01  1.000000e+01  2.500000e+01
     vertex  5.000000e+01  1.000000e+01  2.500000e+01
   endloop
 endfacet
 facet normal  0.000000e+00  1.000000e+00  0.000000e+00
   outer loop
     vertex  8.000000e+01  1.000000e+01  4.500000e+01
     vertex  5.000000e+01  1.000000e+01  2.500000e+01
     vertex  5.000000e+01  1.000000e+01  4.500000e+01
   endloop
 endfacet
 facet normal  0.000000e+00  1.000000e+00  0.000000e+00
   outer loop
     vertex  8.000000e+01  2.000000e+01  2.500000e+01
     vertex  8.000000e+01  2.000000e+01  0.000000e+00
     vertex  0.000000e+00  2.000000e+01  2.500000e+01
   endloop
 endfacet
 facet normal -2.982750e-01  0.000000e+00 -9.544800e-01
   outer loop
     vertex  0.000000e+00  2.000000e+01  2.500000e+01
     vertex  8.000000e+01  2.000000e+01  0.000000e+00
     vertex  8.000000e+01 -2.000000e+01  0.000000e+00
   endloop
 endfacet
 facet normal -2.982750e-01  0.000000e+00 -9.544800e-01
   outer loop
     vertex  0.000000e+00 -2.000000e+01  2.500000e+01
     vertex  0.000000e+00  2.000000e+01  2.500000e+01
     vertex  8.000000e+01 -2.000000e+01  0.000000e+00
   endloop
 endfacet
 facet normal  1.000000e+00  0.000000e+00  0.000000e+00
   outer loop
     vertex  8.000000e+01 -1.000000e+01  4.500000e+01
     vertex  8.000000e+01 -1.000000e+01  2.500000e+01
     vertex  8.000000e+01  1.000000e+01  2.500000e+01
   endloop
 endfacet
 facet normal  1.000000e+00 -0.000000e+00  0.000000e+00
   outer loop
     vertex  8.000000e+01 -1.000000e+01  4.500000e+01
     vertex  8.000000e+01  1.000000e+01  2.500000e+01
     vertex  8.000000e+01  1.000000e+01  4.500000e+01
   endloop
 endfacet
 facet normal  0.000000e+00  0.000000e+00  1.000000e+00
   outer loop
     vertex  6.155036e+01 -3.619387e+00  4.500000e+01
     vertex  6.145236e+01 -3.523387e+00  4.500000e+01
     vertex  5.000000e+01 -1.000000e+01  4.500000e+01
   endloop
 endfacet
 facet normal  0.000000e+00  0.000000e+00  1.000000e+00
   outer loop
     vertex  6.135704e+01 -3.424735e+00  4.500000e+01
     vertex  5.000000e+01 -1.000000e+01  4.500000e+01
     vertex  6.145236e+01 -3.523387e+00  4.500000e+01
   endloop
 endfacet
 facet normal  0.000000e+00  0.000000e+00  1.000000e+00
   outer loop
     vertex  6.165095e+01 -3.712663e+00  4.500000e+01
     vertex  6.155036e+01 -3.619387e+00  4.500000e+01
     vertex  5.000000e+01 -1.000000e+01  4.500000e+01
   endloop
 endfacet
 facet normal  0.000000e+00  0.000000e+00  1.000000e+00
   outer loop
     vertex  6.126445e+01 -3.323505e+00  4.500000e+01
     vertex  5.000000e+01 -1.000000e+01  4.500000e+01
     vertex  6.135704e+01 -3.424735e+00  4.500000e+01
   endloop
 endfacet
 facet normal  0.000000e+00  0.000000e+00  1.000000e+00
   outer loop
     vertex  6.175406e+01 -3.803143e+00  4.500000e+01
     vertex  6.165095e+01 -3.712663e+00  4.500000e+01
     vertex  5.000000e+01 -1.000000e+01  4.500000e+01
   endloop
 endfacet
 facet normal  0.000000e+00  0.000000e+00  1.000000e+00
   outer loop
     vertex  6.117468e+01 -3.219773e+00  4.500000e+01
     vertex  5.000000e+01 -1.000000e+01  4.500000e+01
     vertex  6.126445e+01 -3.323505e+00  4.500000e+01
   endloop
 endfacet
 facet normal  0.000000e+00  0.000000e+00  1.000000e+00
   outer loop
     vertex  6.185962e+01 -3.890761e+00  4.500000e+01
     vertex  6.175406e+01 -3.803143e+00  4.500000e+01
     vertex  5.000000e+01 -1.000000e+01  4.500000e+01
   endloop
 endfacet
 facet normal  0.000000e+00  0.000000e+00  1.000000e+00
   outer loop
     vertex  6.108779e+01 -3.113617e+00  4.500000e+01
     vertex  5.000000e+01 -1.000000e+01  4.500000e+01
     vertex  6.117468e+01 -3.219773e+00  4.500000e+01
   endloop
 endfacet
 facet normal  0.000000e+00  0.000000e+00  1.000000e+00
   outer loop
     vertex  6.196754e+01 -3.975450e+00  4.500000e+01
     vertex  6.185962e+01 -3.890761e+00  4.500000e+01
     vertex  5.000000e+01 -1.000000e+01  4.500000e+01
   endloop
 endfacet
 facet normal  0.000000e+00  0.000000e+00  1.000000e+00
   outer loop
     vertex  6.100384e+01 -3.005117e+00  4.500000e+01
     vertex  5.000000e+01 -1.000000e+01  4.500000e+01
     vertex  6.108779e+01 -3.113617e+00  4.500000e+01
   endloop
 endfacet
 facet normal  0.000000e+00  0.000000e+00  1.000000e+00
   outer loop
     vertex  6.207775e+01 -4.057146e+00  4.500000e+01
     vertex  6.196754e+01 -3.975450e+00  4.500000e+01
     vertex  5.000000e+01 -1.000000e+01  4.500000e+01
   endloop
 endfacet
 facet normal  0.000000e+00  0.000000e+00  1.000000e+00
   outer loop
     vertex  6.092290e+01 -2.894355e+00  4.500000e+01
     vertex  5.000000e+01 -1.000000e+01  4.500000e+01
     vertex  6.100384e+01 -3.005117e+00  4.500000e+01
   endloop
 endfacet
 facet normal  0.000000e+00  0.000000e+00  1.000000e+00
   outer loop
     vertex  6.219015e+01 -4.135788e+00  4.500000e+01
     vertex  6.207775e+01 -4.057146e+00  4.500000e+01
     vertex  5.000000e+01 -1.000000e+01  4.500000e+01
   endloop
 endfacet
 facet normal  0.000000e+00  0.000000e+00  1.000000e+00
   outer loop
     vertex  6.084504e+01 -2.781415e+00  4.500000e+01
     vertex  5.000000e+01 -1.000000e+01  4.500000e+01
     vertex  6.092290e+01 -2.894355e+00  4.500000e+01
   endloop
 endfacet
 facet normal  0.000000e+00  0.000000e+00  1.000000e+00
   outer loop
     vertex  6.230467e+01 -4.211317e+00  4.500000e+01
     vertex  6.219015e+01 -4.135788e+00  4.500000e+01
     vertex  5.000000e+01 -1.000000e+01  4.500000e+01
   endloop
 endfacet
 facet normal  0.000000e+00  0.000000e+00  1.000000e+00
   outer loop
     vertex  6.077029e+01 -2.666380e+00  4.500000e+01
     vertex  5.000000e+01 -1.000000e+01  4.500000e+01
     vertex  6.084504e+01 -2.781415e+00  4.500000e+01
   endloop
 endfacet
 facet normal  0.000000e+00  0.000000e+00  1.000000e+00
   outer loop
     vertex  6.242122e+01 -4.283676e+00  4.500000e+01
     vertex  6.230467e+01 -4.211317e+00  4.500000e+01
     vertex  5.000000e+01 -1.000000e+01  4.500000e+01
   endloop
 endfacet
 facet normal  0.000000e+00  0.000000e+00  1.000000e+00
   outer loop
     vertex  6.069874e+01 -2.549339e+00  4.500000e+01
     vertex  5.000000e+01 -1.000000e+01  4.500000e+01
     vertex  6.077029e+01 -2.666380e+00  4.500000e+01
   endloop
 endfacet
 facet normal  0.000000e+00  0.000000e+00  1.000000e+00
   outer loop
     vertex  6.253971e+01 -4.352810e+00  4.500000e+01
     vertex  6.242122e+01 -4.283676e+00  4.500000e+01
     vertex  5.000000e+01 -1.000000e+01  4.500000e+01
   endloop
 endfacet
 facet normal  0.000000e+00  0.000000e+00  1.000000e+00
   outer loop
     vertex  6.063042e+01 -2.430378e+00  4.500000e+01
     vertex  5.000000e+01 -1.000000e+01  4.500000e+01
     vertex  6.069874e+01 -2.549339e+00  4.500000e+01
   endloop
 endfacet
 facet normal  0.000000e+00  0.000000e+00  1.000000e+00
   outer loop
     vertex  6.266005e+01 -4.418668e+00  4.500000e+01
     vertex  6.253971e+01 -4.352810e+00  4.500000e+01
     vertex  5.000000e+01 -1.000000e+01  4.500000e+01
   endloop
 endfacet
 facet normal  0.000000e+00  0.000000e+00  1.000000e+00
   outer loop
     vertex  6.056539e+01 -2.309588e+00  4.500000e+01
     vertex  5.000000e+01 -1.000000e+01  4.500000e+01
     vertex  6.063042e+01 -2.430378e+00  4.500000e+01
   endloop
 endfacet
 facet normal  0.000000e+00  0.000000e+00  1.000000e+00
   outer loop
     vertex  6.278215e+01 -4.481199e+00  4.500000e+01
     vertex  6.266005e+01 -4.418668e+00  4.500000e+01
     vertex  5.000000e+01 -1.000000e+01  4.500000e+01
   endloop
 endfacet
 facet normal  0.000000e+00  0.000000e+00  1.000000e+00
   outer loop
     vertex  6.050369e+01 -2.187059e+00  4.500000e+01
     vertex  5.000000e+01 -1.000000e+01  4.500000e+01
     vertex  6.056539e+01 -2.309588e+00  4.500000e+01
   endloop
 endfacet
 facet normal  0.000000e+00  0.000000e+00  1.000000e+00
   outer loop
     vertex  6.290592e+01 -4.540357e+00  4.500000e+01
     vertex  6.278215e+01 -4.481199e+00  4.500000e+01
     vertex  5.000000e+01 -1.000000e+01  4.500000e+01
   endloop
 endfacet
 facet normal  0.000000e+00  0.000000e+00  1.000000e+00
   outer loop
     vertex  6.044539e+01 -2.062884e+00  4.500000e+01
     vertex  5.000000e+01 -1.000000e+01  4.500000e+01
     vertex  6.050369e+01 -2.187059e+00  4.500000e+01
   endloop
 endfacet
 facet normal  0.000000e+00  0.000000e+00  1.000000e+00
   outer loop
     vertex  6.303127e+01 -4.596097e+00  4.500000e+01
     vertex  6.290592e+01 -4.540357e+00  4.500000e+01
     vertex  5.000000e+01 -1.000000e+01  4.500000e+01
   endloop
 endfacet
 facet normal  0.000000e+00  0.000000e+00  1.000000e+00
   outer loop
     vertex  6.039051e+01 -1.937156e+00  4.500000e+01
     vertex  5.000000e+01 -1.000000e+01  4.500000e+01
     vertex  6.044539e+01 -2.062884e+00  4.500000e+01
   endloop
 endfacet
 facet normal  0.000000e+00  0.000000e+00  1.000000e+00
   outer loop
     vertex  6.315810e+01 -4.648377e+00  4.500000e+01
     vertex  6.303127e+01 -4.596097e+00  4.500000e+01
     vertex  5.000000e+01 -1.000000e+01  4.500000e+01
   endloop
 endfacet
 facet normal  0.000000e+00  0.000000e+00  1.000000e+00
   outer loop
     vertex  6.033910e+01 -1.809970e+00  4.500000e+01
     vertex  5.000000e+01 -1.000000e+01  4.500000e+01
     vertex  6.039051e+01 -1.937156e+00  4.500000e+01
   endloop
 endfacet
 facet normal  0.000000e+00  0.000000e+00  1.000000e+00
   outer loop
     vertex  6.328632e+01 -4.697158e+00  4.500000e+01
     vertex  6.315810e+01 -4.648377e+00  4.500000e+01
     vertex  5.000000e+01 -1.000000e+01  4.500000e+01
   endloop
 endfacet
 facet normal  0.000000e+00  0.000000e+00  1.000000e+00
   outer loop
     vertex  6.029120e+01 -1.681422e+00  4.500000e+01
     vertex  5.000000e+01 -1.000000e+01  4.500000e+01
     vertex  6.033910e+01 -1.809970e+00  4.500000e+01
   endloop
 endfacet
 facet normal  0.000000e+00  0.000000e+00  1.000000e+00
   outer loop
     vertex  6.341583e+01 -4.742404e+00  4.500000e+01
     vertex  6.328632e+01 -4.697158e+00  4.500000e+01
     vertex  5.000000e+01 -1.000000e+01  4.500000e+01
   endloop
 endfacet
 facet normal  0.000000e+00  0.000000e+00  1.000000e+00
   outer loop
     vertex  6.024684e+01 -1.551607e+00  4.500000e+01
     vertex  5.000000e+01 -1.000000e+01  4.500000e+01
     vertex  6.029120e+01 -1.681422e+00  4.500000e+01
   endloop
 endfacet
 facet normal  0.000000e+00  0.000000e+00  1.000000e+00
   outer loop
     vertex  6.354653e+01 -4.784079e+00  4.500000e+01
     vertex  6.341583e+01 -4.742404e+00  4.500000e+01
     vertex  5.000000e+01 -1.000000e+01  4.500000e+01
   endloop
 endfacet
 facet normal  0.000000e+00  0.000000e+00  1.000000e+00
   outer loop
     vertex  6.020606e+01 -1.420625e+00  4.500000e+01
     vertex  5.000000e+01 -1.000000e+01  4.500000e+01
     vertex  6.024684e+01 -1.551607e+00  4.500000e+01
   endloop
 endfacet
 facet normal  0.000000e+00  0.000000e+00  1.000000e+00
   outer loop
     vertex  6.367832e+01 -4.822153e+00  4.500000e+01
     vertex  6.354653e+01 -4.784079e+00  4.500000e+01
     vertex  5.000000e+01 -1.000000e+01  4.500000e+01
   endloop
 endfacet
 facet normal  0.000000e+00  0.000000e+00  1.000000e+00
   outer loop
     vertex  6.016889e+01 -1.288573e+00  4.500000e+01
     vertex  5.000000e+01 -1.000000e+01  4.500000e+01
     vertex  6.020606e+01 -1.420625e+00  4.500000e+01
   endloop
 endfacet
 facet normal  0.000000e+00  0.000000e+00  1.000000e+00
   outer loop
     vertex  6.381111e+01 -4.856597e+00  4.500000e+01
     vertex  6.367832e+01 -4.822153e+00  4.500000e+01
     vertex  5.000000e+01 -1.000000e+01  4.500000e+01
   endloop
 endfacet
 facet normal  0.000000e+00  0.000000e+00  1.000000e+00
   outer loop
     vertex  6.013536e+01 -1.155551e+00  4.500000e+01
     vertex  5.000000e+01 -1.000000e+01  4.500000e+01
     vertex  6.016889e+01 -1.288573e+00  4.500000e+01
   endloop
 endfacet
 facet normal  0.000000e+00  0.000000e+00  1.000000e+00
   outer loop
     vertex  6.394479e+01 -4.887385e+00  4.500000e+01
     vertex  6.381111e+01 -4.856597e+00  4.500000e+01
     vertex  5.000000e+01 -1.000000e+01  4.500000e+01
   endloop
 endfacet
 facet normal  0.000000e+00  0.000000e+00  1.000000e+00
   outer loop
     vertex  6.010549e+01 -1.021660e+00  4.500000e+01
     vertex  5.000000e+01 -1.000000e+01  4.500000e+01
     vertex  6.013536e+01 -1.155551e+00  4.500000e+01
   endloop
 endfacet
 facet normal  0.000000e+00  0.000000e+00  1.000000e+00
   outer loop
     vertex  6.407927e+01 -4.914494e+00  4.500000e+01
     vertex  6.394479e+01 -4.887385e+00  4.500000e+01
     vertex  5.000000e+01 -1.000000e+01  4.500000e+01
   endloop
 endfacet
 facet normal  0.000000e+00  0.000000e+00  1.000000e+00
   outer loop
     vertex  6.007931e+01 -8.869989e-01  4.500000e+01
     vertex  5.000000e+01 -1.000000e+01  4.500000e+01
     vertex  6.010549e+01 -1.021660e+00  4.500000e+01
   endloop
 endfacet
 facet normal  0.000000e+00  0.000000e+00  1.000000e+00
   outer loop
     vertex  6.421444e+01 -4.937904e+00  4.500000e+01
     vertex  6.407927e+01 -4.914494e+00  4.500000e+01
     vertex  5.000000e+01 -1.000000e+01  4.500000e+01
   endloop
 endfacet
 facet normal  0.000000e+00  0.000000e+00  1.000000e+00
   outer loop
     vertex  6.005682e+01 -7.516705e-01  4.500000e+01
     vertex  5.000000e+01 -1.000000e+01  4.500000e+01
     vertex  6.007931e+01 -8.869989e-01  4.500000e+01
   endloop
 endfacet
 facet normal  0.000000e+00  0.000000e+00  1.000000e+00
   outer loop
     vertex  6.435020e+01 -4.957597e+00  4.500000e+01
     vertex  6.421444e+01 -4.937904e+00  4.500000e+01
     vertex  5.000000e+01 -1.000000e+01  4.500000e+01
   endloop
 endfacet
 facet normal  0.000000e+00  0.000000e+00  1.000000e+00
   outer loop
     vertex  6.003806e+01 -6.157762e-01  4.500000e+01
     vertex  5.000000e+01 -1.000000e+01  4.500000e+01
     vertex  6.005682e+01 -7.516705e-01  4.500000e+01
   endloop
 endfacet
 facet normal  0.000000e+00  0.000000e+00  1.000000e+00
   outer loop
     vertex  6.448645e+01 -4.973557e+00  4.500000e+01
     vertex  6.435020e+01 -4.957597e+00  4.500000e+01
     vertex  5.000000e+01 -1.000000e+01  4.500000e+01
   endloop
 endfacet
 facet normal  0.000000e+00  0.000000e+00  1.000000e+00
   outer loop
     vertex  6.002304e+01 -4.794184e-01  4.500000e+01
     vertex  5.000000e+01 -1.000000e+01  4.500000e+01
     vertex  6.003806e+01 -6.157762e-01  4.500000e+01
   endloop
 endfacet
 facet normal  0.000000e+00  0.000000e+00  1.000000e+00
   outer loop
     vertex  6.462309e+01 -4.985774e+00  4.500000e+01
     vertex  6.448645e+01 -4.973557e+00  4.500000e+01
     vertex  5.000000e+01 -1.000000e+01  4.500000e+01
   endloop
 endfacet
 facet normal  0.000000e+00  0.000000e+00  1.000000e+00
   outer loop
     vertex  6.001176e+01 -3.426997e-01  4.500000e+01
     vertex  5.000000e+01 -1.000000e+01  4.500000e+01
     vertex  6.002304e+01 -4.794184e-01  4.500000e+01
   endloop
 endfacet
 facet normal  0.000000e+00  0.000000e+00  1.000000e+00
   outer loop
     vertex  6.476001e+01 -4.994237e+00  4.500000e+01
     vertex  6.462309e+01 -4.985774e+00  4.500000e+01
     vertex  5.000000e+01 -1.000000e+01  4.500000e+01
   endloop
 endfacet
 facet normal  0.000000e+00  0.000000e+00  1.000000e+00
   outer loop
     vertex  6.000423e+01 -2.057231e-01  4.500000e+01
     vertex  5.000000e+01 -1.000000e+01  4.500000e+01
     vertex  6.001176e+01 -3.426997e-01  4.500000e+01
   endloop
 endfacet
 facet normal  0.000000e+00  0.000000e+00  1.000000e+00
   outer loop
     vertex  6.489712e+01 -4.998941e+00  4.500000e+01
     vertex  6.476001e+01 -4.994237e+00  4.500000e+01
     vertex  5.000000e+01 -1.000000e+01  4.500000e+01
   endloop
 endfacet
 facet normal  0.000000e+00  0.000000e+00  1.000000e+00
   outer loop
     vertex  6.000047e+01 -6.859157e-02  4.500000e+01
     vertex  5.000000e+01 -1.000000e+01  4.500000e+01
     vertex  6.000423e+01 -2.057231e-01  4.500000e+01
   endloop
 endfacet
 facet normal  0.000000e+00  0.000000e+00  1.000000e+00
   outer loop
     vertex  6.503430e+01 -4.999882e+00  4.500000e+01
     vertex  6.489712e+01 -4.998941e+00  4.500000e+01
     vertex  5.000000e+01 -1.000000e+01  4.500000e+01
   endloop
 endfacet
 facet normal  0.000000e+00  0.000000e+00  1.000000e+00
   outer loop
     vertex  6.000047e+01  6.859157e-02  4.500000e+01
     vertex  5.000000e+01  1.000000e+01  4.500000e+01
     vertex  5.000000e+01 -1.000000e+01  4.500000e+01
   endloop
 endfacet
 facet normal  0.000000e+00  0.000000e+00  1.000000e+00
   outer loop
     vertex  6.000047e+01  6.859157e-02  4.500000e+01
     vertex  5.000000e+01 -1.000000e+01  4.500000e+01
     vertex  6.000047e+01 -6.859157e-02  4.500000e+01
   endloop
 endfacet
 facet normal  0.000000e+00  0.000000e+00  1.000000e+00
   outer loop
     vertex  6.000423e+01  2.057231e-01  4.500000e+01
     vertex  5.000000e+01  1.000000e+01  4.500000e+01
     vertex  6.000047e+01  6.859157e-02  4.500000e+01
   endloop
 endfacet
 facet normal  0.000000e+00  0.000000e+00  1.000000e+00
   outer loop
     vertex  6.001176e+01  3.426997e-01  4.500000e+01
     vertex  5.000000e+01  1.000000e+01  4.500000e+01
     vertex  6.000423e+01  2.057231e-01  4.500000e+01
   endloop
 endfacet
 facet normal  0.000000e+00  0.000000e+00  1.000000e+00
   outer loop
     vertex  6.002304e+01  4.794184e-01  4.500000e+01
     vertex  5.000000e+01  1.000000e+01  4.500000e+01
     vertex  6.001176e+01  3.426997e-01  4.500000e+01
   endloop
 endfacet
 facet normal  0.000000e+00  0.000000e+00  1.000000e+00
   outer loop
     vertex  6.003806e+01  6.157762e-01  4.500000e+01
     vertex  5.000000e+01  1.000000e+01  4.500000e+01
     vertex  6.002304e+01  4.794184e-01  4.500000e+01
   endloop
 endfacet
 facet normal  0.000000e+00  0.000000e+00  1.000000e+00
   outer loop
     vertex  6.005682e+01  7.516705e-01  4.500000e+01
     vertex  5.000000e+01  1.000000e+01  4.500000e+01
     vertex  6.003806e+01  6.157762e-01  4.500000e+01
   endloop
 endfacet
 facet normal  0.000000e+00  0.000000e+00  1.000000e+00
   outer loop
     vertex  6.007931e+01  8.869989e-01  4.500000e+01
     vertex  5.000000e+01  1.000000e+01  4.500000e+01
     vertex  6.005682e+01  7.516705e-01  4.500000e+01
   endloop
 endfacet
 facet normal  0.000000e+00  0.000000e+00  1.000000e+00
   outer loop
     vertex  6.010549e+01  1.021660e+00  4.500000e+01
     vertex  5.000000e+01  1.000000e+01  4.500000e+01
     vertex  6.007931e+01  8.869989e-01  4.500000e+01
   endloop
 endfacet
 facet normal  0.000000e+00  0.000000e+00  1.000000e+00
   outer loop
     vertex  6.013536e+01  1.155551e+00  4.500000e+01
     vertex  5.000000e+01  1.000000e+01  4.500000e+01
     vertex  6.010549e+01  1.021660e+00  4.500000e+01
   endloop
 endfacet
 facet normal  0.000000e+00  0.000000e+00  1.000000e+00
   outer loop
     vertex  6.016889e+01  1.288573e+00  4.500000e+01
     vertex  5.000000e+01  1.000000e+01  4.500000e+01
     vertex  6.013536e+01  1.155551e+00  4.500000e+01
   endloop
 endfacet
 facet normal  0.000000e+00  0.000000e+00  1.000000e+00
   outer loop
     vertex  6.020606e+01  1.420625e+00  4.500000e+01
     vertex  5.000000e+01  1.000000e+01  4.500000e+01
     vertex  6.016889e+01  1.288573e+00  4.500000e+01
   endloop
 endfacet
 facet normal  0.000000e+00  0.000000e+00  1.000000e+00
   outer loop
     vertex  6.024684e+01  1.551607e+00  4.500000e+01
     vertex  5.000000e+01  1.000000e+01  4.500000e+01
     vertex  6.020606e+01  1.420625e+00  4.500000e+01
   endloop
 endfacet
 facet normal  0.000000e+00  0.000000e+00  1.000000e+00
   outer loop
     vertex  6.029120e+01  1.681422e+00  4.500000e+01
     vertex  5.000000e+01  1.000000e+01  4.500000e+01
     vertex  6.024684e+01  1.551607e+00  4.500000e+01
   endloop
 endfacet
 facet normal  0.000000e+00  0.000000e+00  1.000000e+00
   outer loop
     vertex  6.033910e+01  1.809970e+00  4.500000e+01
     vertex  5.000000e+01  1.000000e+01  4.500000e+01
     vertex  6.029120e+01  1.681422e+00  4.500000e+01
   endloop
 endfacet
 facet normal  0.000000e+00  0.000000e+00  1.000000e+00
   outer loop
     vertex  6.039051e+01  1.937156e+00  4.500000e+01
     vertex  5.000000e+01  1.000000e+01  4.500000e+01
     vertex  6.033910e+01  1.809970e+00  4.500000e+01
   endloop
 endfacet
 facet normal  0.000000e+00  0.000000e+00  1.000000e+00
   outer loop
     vertex  6.044539e+01  2.062884e+00  4.500000e+01
     vertex  5.000000e+01  1.000000e+01  4.500000e+01
     vertex  6.039051e+01  1.937156e+00  4.500000e+01
   endloop
 endfacet
 facet normal  0.000000e+00  0.000000e+00  1.000000e+00
   outer loop
     vertex  6.050369e+01  2.187059e+00  4.500000e+01
     vertex  5.000000e+01  1.000000e+01  4.500000e+01
     vertex  6.044539e+01  2.062884e+00  4.500000e+01
   endloop
 endfacet
 facet normal  0.000000e+00  0.000000e+00  1.000000e+00
   outer loop
     vertex  6.056539e+01  2.309588e+00  4.500000e+01
     vertex  5.000000e+01  1.000000e+01  4.500000e+01
     vertex  6.050369e+01  2.187059e+00  4.500000e+01
   endloop
 endfacet
 facet normal  0.000000e+00  0.000000e+00  1.000000e+00
   outer loop
     vertex  6.063042e+01  2.430378e+00  4.500000e+01
     vertex  5.000000e+01  1.000000e+01  4.500000e+01
     vertex  6.056539e+01  2.309588e+00  4.500000e+01
   endloop
 endfacet
 facet normal  0.000000e+00  0.000000e+00  1.000000e+00
   outer loop
     vertex  6.069874e+01  2.549339e+00  4.500000e+01
     vertex  5.000000e+01  1.000000e+01  4.500000e+01
     vertex  6.063042e+01  2.430378e+00  4.500000e+01
   endloop
 endfacet
 facet normal  0.000000e+00  0.000000e+00  1.000000e+00
   outer loop
     vertex  6.077029e+01  2.666380e+00  4.500000e+01
     vertex  5.000000e+01  1.000000e+01  4.500000e+01
     vertex  6.069874e+01  2.549339e+00  4.500000e+01
   endloop
 endfacet
 facet normal  0.000000e+00  0.000000e+00  1.000000e+00
   outer loop
     vertex  6.084504e+01  2.781415e+00  4.500000e+01
     vertex  5.000000e+01  1.000000e+01  4.500000e+01
     vertex  6.077029e+01  2.666380e+00  4.500000e+01
   endloop
 endfacet
 facet normal  0.000000e+00  0.000000e+00  1.000000e+00
   outer loop
     vertex  6.092290e+01  2.894355e+00  4.500000e+01
     vertex  5.000000e+01  1.000000e+01  4.500000e+01
     vertex  6.084504e+01  2.781415e+00  4.500000e+01
   endloop
 endfacet
 facet normal  0.000000e+00  0.000000e+00  1.000000e+00
   outer loop
     vertex  6.100384e+01  3.005117e+00  4.500000e+01
     vertex  5.000000e+01  1.000000e+01  4.500000e+01
     vertex  6.092290e+01  2.894355e+00  4.500000e+01
   endloop
 endfacet
 facet normal  0.000000e+00  0.000000e+00  1.000000e+00
   outer loop
     vertex  6.108779e+01  3.113617e+00  4.500000e+01
     vertex  5.000000e+01  1.000000e+01  4.500000e+01
     vertex  6.100384e+01  3.005117e+00  4.500000e+01
   endloop
 endfacet
 facet normal  0.000000e+00  0.000000e+00  1.000000e+00
   outer loop
     vertex  6.117468e+01  3.219773e+00  4.500000e+01
     vertex  5.000000e+01  1.000000e+01  4.500000e+01
     vertex  6.108779e+01  3.113617e+00  4.500000e+01
   endloop
 endfacet
 facet normal  0.000000e+00  0.000000e+00  1.000000e+00
   outer loop
     vertex  6.126445e+01  3.323505e+00  4.500000e+01
     vertex  5.000000e+01  1.000000e+01  4.500000e+01
     vertex  6.117468e+01  3.219773e+00  4.500000e+01
   endloop
 endfacet
 facet normal  0.000000e+00  0.000000e+00  1.000000e+00
   outer loop
     vertex  6.135704e+01  3.424735e+00  4.500000e+01
     vertex  5.000000e+01  1.000000e+01  4.500000e+01
     vertex  6.126445e+01  3.323505e+00  4.500000e+01
   endloop
 endfacet
 facet normal  0.000000e+00  0.000000e+00  1.000000e+00
   outer loop
     vertex  6.145236e+01  3.523387e+00  4.500000e+01
     vertex  5.000000e+01  1.000000e+01  4.500000e+01
     vertex  6.135704e+01  3.424735e+00  4.500000e+01
   endloop
 endfacet
 facet normal  0.000000e+00  0.000000e+00  1.000000e+00
   outer loop
     vertex  6.155036e+01  3.619387e+00  4.500000e+01
     vertex  5.000000e+01  1.000000e+01  4.500000e+01
     vertex  6.145236e+01  3.523387e+00  4.500000e+01
   endloop
 endfacet
 facet normal  0.000000e+00  0.000000e+00  1.000000e+00
   outer loop
     vertex  6.165095e+01  3.712663e+00  4.500000e+01
     vertex  5.000000e+01  1.000000e+01  4.500000e+01
     vertex  6.155036e+01  3.619387e+00  4.500000e+01
   endloop
 endfacet
 facet normal  0.000000e+00  0.000000e+00  1.000000e+00
   outer loop
     vertex  6.175406e+01  3.803143e+00  4.500000e+01
     vertex  5.000000e+01  1.000000e+01  4.500000e+01
     vertex  6.165095e+01  3.712663e+00  4.500000e+01
   endloop
 endfacet
 facet normal  0.000000e+00  0.000000e+00  1.000000e+00
   outer loop
     vertex  6.185962e+01  3.890761e+00  4.500000e+01
     vertex  5.000000e+01  1.000000e+01  4.500000e+01
     vertex  6.175406e+01  3.803143e+00  4.500000e+01
   endloop
 endfacet
 facet normal  0.000000e+00  0.000000e+00  1.000000e+00
   outer loop
     vertex  6.196754e+01  3.975450e+00  4.500000e+01
     vertex  5.000000e+01  1.000000e+01  4.500000e+01
     vertex  6.185962e+01  3.890761e+00  4.500000e+01
   endloop
 endfacet
 facet normal  0.000000e+00  0.000000e+00  1.000000e+00
   outer loop
     vertex  6.207775e+01  4.057146e+00  4.500000e+01
     vertex  5.000000e+01  1.000000e+01  4.500000e+01
     vertex  6.196754e+01  3.975450e+00  4.500000e+01
   endloop
 endfacet
 facet normal  0.000000e+00  0.000000e+00  1.000000e+00
   outer loop
     vertex  6.219015e+01  4.135788e+00  4.500000e+01
     vertex  5.000000e+01  1.000000e+01  4.500000e+01
     vertex  6.207775e+01  4.057146e+00  4.500000e+01
   endloop
 endfacet
 facet normal  0.000000e+00  0.000000e+00  1.000000e+00
   outer loop
     vertex  6.230467e+01  4.211317e+00  4.500000e+01
     vertex  5.000000e+01  1.000000e+01  4.500000e+01
     vertex  6.219015e+01  4.135788e+00  4.500000e+01
   endloop
 endfacet
 facet normal  0.000000e+00  0.000000e+00  1.000000e+00
   outer loop
     vertex  6.242122e+01  4.283676e+00  4.500000e+01
     vertex  5.000000e+01  1.000000e+01  4.500000e+01
     vertex  6.230467e+01  4.211317e+00  4.500000e+01
   endloop
 endfacet
 facet normal  0.000000e+00  0.000000e+00  1.000000e+00
   outer loop
     vertex  6.253971e+01  4.352810e+00  4.500000e+01
     vertex  5.000000e+01  1.000000e+01  4.500000e+01
     vertex  6.242122e+01  4.283676e+00  4.500000e+01
   endloop
 endfacet
 facet normal  0.000000e+00  0.000000e+00  1.000000e+00
   outer loop
     vertex  6.266005e+01  4.418668e+00  4.500000e+01
     vertex  5.000000e+01  1.000000e+01  4.500000e+01
     vertex  6.253971e+01  4.352810e+00  4.500000e+01
   endloop
 endfacet
 facet normal  0.000000e+00  0.000000e+00  1.000000e+00
   outer loop
     vertex  6.278215e+01  4.481199e+00  4.500000e+01
     vertex  5.000000e+01  1.000000e+01  4.500000e+01
     vertex  6.266005e+01  4.418668e+00  4.500000e+01
   endloop
 endfacet
 facet normal  0.000000e+00  0.000000e+00  1.000000e+00
   outer loop
     vertex  6.290592e+01  4.540357e+00  4.500000e+01
     vertex  5.000000e+01  1.000000e+01  4.500000e+01
     vertex  6.278215e+01  4.481199e+00  4.500000e+01
   endloop
 endfacet
 facet normal  0.000000e+00  0.000000e+00  1.000000e+00
   outer loop
     vertex  6.303127e+01  4.596097e+00  4.500000e+01
     vertex  5.000000e+01  1.000000e+01  4.500000e+01
     vertex  6.290592e+01  4.540357e+00  4.500000e+01
   endloop
 endfacet
 facet normal  0.000000e+00  0.000000e+00  1.000000e+00
   outer loop
     vertex  6.315810e+01  4.648377e+00  4.500000e+01
     vertex  5.000000e+01  1.000000e+01  4.500000e+01
     vertex  6.303127e+01  4.596097e+00  4.500000e+01
   endloop
 endfacet
 facet normal  0.000000e+00  0.000000e+00  1.000000e+00
   outer loop
     vertex  6.328632e+01  4.697158e+00  4.500000e+01
     vertex  5.000000e+01  1.000000e+01  4.500000e+01
     vertex  6.315810e+01  4.648377e+00  4.500000e+01
   endloop
 endfacet
 facet normal  0.000000e+00  0.000000e+00  1.000000e+00
   outer loop
     vertex  6.341583e+01  4.742404e+00  4.500000e+01
     vertex  5.000000e+01  1.000000e+01  4.500000e+01
     vertex  6.328632e+01  4.697158e+00  4.500000e+01
   endloop
 endfacet
 facet normal  0.000000e+00  0.000000e+00  1.000000e+00
   outer loop
     vertex  6.354653e+01  4.784079e+00  4.500000e+01
     vertex  5.000000e+01  1.000000e+01  4.500000e+01
     vertex  6.341583e+01  4.742404e+00  4.500000e+01
   endloop
 endfacet
 facet normal  0.000000e+00  0.000000e+00  1.000000e+00
   outer loop
     vertex  6.367832e+01  4.822153e+00  4.500000e+01
     vertex  5.000000e+01  1.000000e+01  4.500000e+01
     vertex  6.354653e+01  4.784079e+00  4.500000e+01
   endloop
 endfacet
 facet normal  0.000000e+00  0.000000e+00  1.000000e+00
   outer loop
     vertex  6.381111e+01  4.856597e+00  4.500000e+01
     vertex  5.000000e+01  1.000000e+01  4.500000e+01
     vertex  6.367832e+01  4.822153e+00  4.500000e+01
   endloop
 endfacet
 facet normal  0.000000e+00  0.000000e+00  1.000000e+00
   outer loop
     vertex  6.394479e+01  4.887385e+00  4.500000e+01
     vertex  5.000000e+01  1.000000e+01  4.500000e+01
     vertex  6.381111e+01  4.856597e+00  4.500000e+01
   endloop
 endfacet
 facet normal  0.000000e+00  0.000000e+00  1.000000e+00
   outer loop
     vertex  6.407927e+01  4.914494e+00  4.500000e+01
     vertex  5.000000e+01  1.000000e+01  4.500000e+01
     vertex  6.394479e+01  4.887385e+00  4.500000e+01
   endloop
 endfacet
 facet normal  0.000000e+00  0.000000e+00  1.000000e+00
   outer loop
     vertex  6.421444e+01  4.937904e+00  4.500000e+01
     vertex  5.000000e+01  1.000000e+01  4.500000e+01
     vertex  6.407927e+01  4.914494e+00  4.500000e+01
   endloop
 endfacet
 facet normal  0.000000e+00  0.000000e+00  1.000000e+00
   outer loop
     vertex  6.435020e+01  4.957597e+00  4.500000e+01
     vertex  5.000000e+01  1.000000e+01  4.500000e+01
     vertex  6.421444e+01  4.937904e+00  4.500000e+01
   endloop
 endfacet
 facet normal  0.000000e+00  0.000000e+00  1.000000e+00
   outer loop
     vertex  6.448645e+01  4.973557e+00  4.500000e+01
     vertex  5.000000e+01  1.000000e+01  4.500000e+01
     vertex  6.435020e+01  4.957597e+00  4.500000e+01
   endloop
 endfacet
 facet normal  0.000000e+00  0.000000e+00  1.000000e+00
   outer loop
     vertex  8.000000e+01 -1.000000e+01  4.500000e+01
     vertex  6.829780e+01 -3.758257e+00  4.500000e+01
     vertex  6.819346e+01 -3.847314e+00  4.500000e+01
   endloop
 endfacet
 facet normal  0.000000e+00  0.000000e+00  1.000000e+00
   outer loop
     vertex  8.000000e+01 -1.000000e+01  4.500000e+01
     vertex  6.839967e+01 -3.666370e+00  4.500000e+01
     vertex  6.829780e+01 -3.758257e+00  4.500000e+01
   endloop
 endfacet
 facet normal  0.000000e+00  0.000000e+00  1.000000e+00
   outer loop
     vertex  8.000000e+01 -1.000000e+01  4.500000e+01
     vertex  6.849897e+01 -3.571723e+00  4.500000e+01
     vertex  6.839967e+01 -3.666370e+00  4.500000e+01
   endloop
 endfacet
 facet normal  0.000000e+00  0.000000e+00  1.000000e+00
   outer loop
     vertex  8.000000e+01 -1.000000e+01  4.500000e+01
     vertex  6.859564e+01 -3.474388e+00  4.500000e+01
     vertex  6.849897e+01 -3.571723e+00  4.500000e+01
   endloop
 endfacet
 facet normal  0.000000e+00  0.000000e+00  1.000000e+00
   outer loop
     vertex  8.000000e+01 -1.000000e+01  4.500000e+01
     vertex  6.868960e+01 -3.374438e+00  4.500000e+01
     vertex  6.859564e+01 -3.474388e+00  4.500000e+01
   endloop
 endfacet
 facet normal  0.000000e+00  0.000000e+00  1.000000e+00
   outer loop
     vertex  8.000000e+01 -1.000000e+01  4.500000e+01
     vertex  6.878079e+01 -3.271947e+00  4.500000e+01
     vertex  6.868960e+01 -3.374438e+00  4.500000e+01
   endloop
 endfacet
 facet normal  0.000000e+00  0.000000e+00  1.000000e+00
   outer loop
     vertex  8.000000e+01 -1.000000e+01  4.500000e+01
     vertex  6.886913e+01 -3.166993e+00  4.500000e+01
     vertex  6.878079e+01 -3.271947e+00  4.500000e+01
   endloop
 endfacet
 facet normal  0.000000e+00  0.000000e+00  1.000000e+00
   outer loop
     vertex  8.000000e+01 -1.000000e+01  4.500000e+01
     vertex  6.895456e+01 -3.059655e+00  4.500000e+01
     vertex  6.886913e+01 -3.166993e+00  4.500000e+01
   endloop
 endfacet
 facet normal  0.000000e+00  0.000000e+00  1.000000e+00
   outer loop
     vertex  8.000000e+01 -1.000000e+01  4.500000e+01
     vertex  6.903701e+01 -2.950014e+00  4.500000e+01
     vertex  6.895456e+01 -3.059655e+00  4.500000e+01
   endloop
 endfacet
 facet normal  0.000000e+00  0.000000e+00  1.000000e+00
   outer loop
     vertex  8.000000e+01 -1.000000e+01  4.500000e+01
     vertex  6.911642e+01 -2.838152e+00  4.500000e+01
     vertex  6.903701e+01 -2.950014e+00  4.500000e+01
   endloop
 endfacet
 facet normal  0.000000e+00  0.000000e+00  1.000000e+00
   outer loop
     vertex  8.000000e+01 -1.000000e+01  4.500000e+01
     vertex  6.919273e+01 -2.724154e+00  4.500000e+01
     vertex  6.911642e+01 -2.838152e+00  4.500000e+01
   endloop
 endfacet
 facet normal  0.000000e+00  0.000000e+00  1.000000e+00
   outer loop
     vertex  8.000000e+01 -1.000000e+01  4.500000e+01
     vertex  6.926589e+01 -2.608105e+00  4.500000e+01
     vertex  6.919273e+01 -2.724154e+00  4.500000e+01
   endloop
 endfacet
 facet normal  0.000000e+00  0.000000e+00  1.000000e+00
   outer loop
     vertex  8.000000e+01 -1.000000e+01  4.500000e+01
     vertex  6.933583e+01 -2.490093e+00  4.500000e+01
     vertex  6.926589e+01 -2.608105e+00  4.500000e+01
   endloop
 endfacet
 facet normal  0.000000e+00  0.000000e+00  1.000000e+00
   outer loop
     vertex  8.000000e+01 -1.000000e+01  4.500000e+01
     vertex  6.940251e+01 -2.370206e+00  4.500000e+01
     vertex  6.933583e+01 -2.490093e+00  4.500000e+01
   endloop
 endfacet
 facet normal  0.000000e+00  0.000000e+00  1.000000e+00
   outer loop
     vertex  8.000000e+01 -1.000000e+01  4.500000e+01
     vertex  6.946588e+01 -2.248535e+00  4.500000e+01
     vertex  6.940251e+01 -2.370206e+00  4.500000e+01
   endloop
 endfacet
 facet normal  0.000000e+00  0.000000e+00  1.000000e+00
   outer loop
     vertex  8.000000e+01 -1.000000e+01  4.500000e+01
     vertex  6.952589e+01 -2.125172e+00  4.500000e+01
     vertex  6.946588e+01 -2.248535e+00  4.500000e+01
   endloop
 endfacet
 facet normal  0.000000e+00  0.000000e+00  1.000000e+00
   outer loop
     vertex  8.000000e+01 -1.000000e+01  4.500000e+01
     vertex  6.958248e+01 -2.000209e+00  4.500000e+01
     vertex  6.952589e+01 -2.125172e+00  4.500000e+01
   endloop
 endfacet
 facet normal  0.000000e+00  0.000000e+00  1.000000e+00
   outer loop
     vertex  8.000000e+01 -1.000000e+01  4.500000e+01
     vertex  6.963563e+01 -1.873740e+00  4.500000e+01
     vertex  6.958248e+01 -2.000209e+00  4.500000e+01
   endloop
 endfacet
 facet normal  0.000000e+00  0.000000e+00  1.000000e+00
   outer loop
     vertex  8.000000e+01 -1.000000e+01  4.500000e+01
     vertex  6.968529e+01 -1.745860e+00  4.500000e+01
     vertex  6.963563e+01 -1.873740e+00  4.500000e+01
   endloop
 endfacet
 facet normal  0.000000e+00  0.000000e+00  1.000000e+00
   outer loop
     vertex  8.000000e+01 -1.000000e+01  4.500000e+01
     vertex  6.973143e+01 -1.616666e+00  4.500000e+01
     vertex  6.968529e+01 -1.745860e+00  4.500000e+01
   endloop
 endfacet
 facet normal  0.000000e+00  0.000000e+00  1.000000e+00
   outer loop
     vertex  8.000000e+01 -1.000000e+01  4.500000e+01
     vertex  6.977400e+01 -1.486256e+00  4.500000e+01
     vertex  6.973143e+01 -1.616666e+00  4.500000e+01
   endloop
 endfacet
 facet normal  0.000000e+00  0.000000e+00  1.000000e+00
   outer loop
     vertex  8.000000e+01 -1.000000e+01  4.500000e+01
     vertex  6.981297e+01 -1.354726e+00  4.500000e+01
     vertex  6.977400e+01 -1.486256e+00  4.500000e+01
   endloop
 endfacet
 facet normal  0.000000e+00  0.000000e+00  1.000000e+00
   outer loop
     vertex  8.000000e+01 -1.000000e+01  4.500000e+01
     vertex  6.984833e+01 -1.222177e+00  4.500000e+01
     vertex  6.981297e+01 -1.354726e+00  4.500000e+01
   endloop
 endfacet
 facet normal  0.000000e+00  0.000000e+00  1.000000e+00
   outer loop
     vertex  8.000000e+01 -1.000000e+01  4.500000e+01
     vertex  6.988003e+01 -1.088708e+00  4.500000e+01
     vertex  6.984833e+01 -1.222177e+00  4.500000e+01
   endloop
 endfacet
 facet normal  0.000000e+00  0.000000e+00  1.000000e+00
   outer loop
     vertex  8.000000e+01 -1.000000e+01  4.500000e+01
     vertex  6.990806e+01 -9.544190e-01  4.500000e+01
     vertex  6.988003e+01 -1.088708e+00  4.500000e+01
   endloop
 endfacet
 facet normal  0.000000e+00  0.000000e+00  1.000000e+00
   outer loop
     vertex  8.000000e+01 -1.000000e+01  4.500000e+01
     vertex  6.993240e+01 -8.194118e-01  4.500000e+01
     vertex  6.990806e+01 -9.544190e-01  4.500000e+01
   endloop
 endfacet
 facet normal  0.000000e+00  0.000000e+00  1.000000e+00
   outer loop
     vertex  8.000000e+01 -1.000000e+01  4.500000e+01
     vertex  6.995302e+01 -6.837877e-01  4.500000e+01
     vertex  6.993240e+01 -8.194118e-01  4.500000e+01
   endloop
 endfacet
 facet normal  0.000000e+00  0.000000e+00  1.000000e+00
   outer loop
     vertex  8.000000e+01 -1.000000e+01  4.500000e+01
     vertex  6.996992e+01 -5.476489e-01  4.500000e+01
     vertex  6.995302e+01 -6.837877e-01  4.500000e+01
   endloop
 endfacet
 facet normal  0.000000e+00  0.000000e+00  1.000000e+00
   outer loop
     vertex  8.000000e+01 -1.000000e+01  4.500000e+01
     vertex  6.998307e+01 -4.110978e-01  4.500000e+01
     vertex  6.996992e+01 -5.476489e-01  4.500000e+01
   endloop
 endfacet
 facet normal  0.000000e+00  0.000000e+00  1.000000e+00
   outer loop
     vertex  8.000000e+01 -1.000000e+01  4.500000e+01
     vertex  6.999247e+01 -2.742372e-01  4.500000e+01
     vertex  6.998307e+01 -4.110978e-01  4.500000e+01
   endloop
 endfacet
 facet normal  0.000000e+00  0.000000e+00  1.000000e+00
   outer loop
     vertex  8.000000e+01 -1.000000e+01  4.500000e+01
     vertex  6.999812e+01 -1.371702e-01  4.500000e+01
     vertex  6.999247e+01 -2.742372e-01  4.500000e+01
   endloop
 endfacet
 facet normal  0.000000e+00  0.000000e+00  1.000000e+00
   outer loop
     vertex  8.000000e+01 -1.000000e+01  4.500000e+01
     vertex  7.000000e+01 -1.224647e-15  4.500000e+01
     vertex  6.999812e+01 -1.371702e-01  4.500000e+01
   endloop
 endfacet
 facet normal  0.000000e+00  0.000000e+00  1.000000e+00
   outer loop
     vertex  8.000000e+01 -1.000000e+01  4.500000e+01
     vertex  6.503430e+01 -4.999882e+00  4.500000e+01
     vertex  5.000000e+01 -1.000000e+01  4.500000e+01
   endloop
 endfacet
 facet normal  0.000000e+00  0.000000e+00  1.000000e+00
   outer loop
     vertex  8.000000e+01 -1.000000e+01  4.500000e+01
     vertex  6.517145e+01 -4.997060e+00  4.500000e+01
     vertex  6.503430e+01 -4.999882e+00  4.500000e+01
   endloop
 endfacet
 facet normal  0.000000e+00  0.000000e+00  1.000000e+00
   outer loop
     vertex  8.000000e+01 -1.000000e+01  4.500000e+01
     vertex  6.530848e+01 -4.990475e+00  4.500000e+01
     vertex  6.517145e+01 -4.997060e+00  4.500000e+01
   endloop
 endfacet
 facet normal  0.000000e+00  0.000000e+00  1.000000e+00
   outer loop
     vertex  8.000000e+01 -1.000000e+01  4.500000e+01
     vertex  6.544527e+01 -4.980134e+00  4.500000e+01
     vertex  6.530848e+01 -4.990475e+00  4.500000e+01
   endloop
 endfacet
 facet normal  0.000000e+00  0.000000e+00  1.000000e+00
   outer loop
     vertex  8.000000e+01 -1.000000e+01  4.500000e+01
     vertex  6.558173e+01 -4.966044e+00  4.500000e+01
     vertex  6.544527e+01 -4.980134e+00  4.500000e+01
   endloop
 endfacet
 facet normal  0.000000e+00  0.000000e+00  1.000000e+00
   outer loop
     vertex  8.000000e+01 -1.000000e+01  4.500000e+01
     vertex  6.571775e+01 -4.948216e+00  4.500000e+01
     vertex  6.558173e+01 -4.966044e+00  4.500000e+01
   endloop
 endfacet
 facet normal  0.000000e+00  0.000000e+00  1.000000e+00
   outer loop
     vertex  8.000000e+01 -1.000000e+01  4.500000e+01
     vertex  6.585323e+01 -4.926663e+00  4.500000e+01
     vertex  6.571775e+01 -4.948216e+00  4.500000e+01
   endloop
 endfacet
 facet normal  0.000000e+00  0.000000e+00  1.000000e+00
   outer loop
     vertex  8.000000e+01 -1.000000e+01  4.500000e+01
     vertex  6.598806e+01 -4.901401e+00  4.500000e+01
     vertex  6.585323e+01 -4.926663e+00  4.500000e+01
   endloop
 endfacet
 facet normal  0.000000e+00  0.000000e+00  1.000000e+00
   outer loop
     vertex  8.000000e+01 -1.000000e+01  4.500000e+01
     vertex  6.612216e+01 -4.872450e+00  4.500000e+01
     vertex  6.598806e+01 -4.901401e+00  4.500000e+01
   endloop
 endfacet
 facet normal  0.000000e+00  0.000000e+00  1.000000e+00
   outer loop
     vertex  8.000000e+01 -1.000000e+01  4.500000e+01
     vertex  6.625540e+01 -4.839831e+00  4.500000e+01
     vertex  6.612216e+01 -4.872450e+00  4.500000e+01
   endloop
 endfacet
 facet normal  0.000000e+00  0.000000e+00  1.000000e+00
   outer loop
     vertex  8.000000e+01 -1.000000e+01  4.500000e+01
     vertex  6.638771e+01 -4.803568e+00  4.500000e+01
     vertex  6.625540e+01 -4.839831e+00  4.500000e+01
   endloop
 endfacet
 facet normal  0.000000e+00  0.000000e+00  1.000000e+00
   outer loop
     vertex  8.000000e+01 -1.000000e+01  4.500000e+01
     vertex  6.651897e+01 -4.763690e+00  4.500000e+01
     vertex  6.638771e+01 -4.803568e+00  4.500000e+01
   endloop
 endfacet
 facet normal  0.000000e+00  0.000000e+00  1.000000e+00
   outer loop
     vertex  8.000000e+01 -1.000000e+01  4.500000e+01
     vertex  6.664908e+01 -4.720225e+00  4.500000e+01
     vertex  6.651897e+01 -4.763690e+00  4.500000e+01
   endloop
 endfacet
 facet normal  0.000000e+00  0.000000e+00  1.000000e+00
   outer loop
     vertex  8.000000e+01 -1.000000e+01  4.500000e+01
     vertex  6.677796e+01 -4.673208e+00  4.500000e+01
     vertex  6.664908e+01 -4.720225e+00  4.500000e+01
   endloop
 endfacet
 facet normal  0.000000e+00  0.000000e+00  1.000000e+00
   outer loop
     vertex  8.000000e+01 -1.000000e+01  4.500000e+01
     vertex  6.690549e+01 -4.622672e+00  4.500000e+01
     vertex  6.677796e+01 -4.673208e+00  4.500000e+01
   endloop
 endfacet
 facet normal  0.000000e+00  0.000000e+00  1.000000e+00
   outer loop
     vertex  8.000000e+01 -1.000000e+01  4.500000e+01
     vertex  6.703159e+01 -4.568657e+00  4.500000e+01
     vertex  6.690549e+01 -4.622672e+00  4.500000e+01
   endloop
 endfacet
 facet normal  0.000000e+00  0.000000e+00  1.000000e+00
   outer loop
     vertex  8.000000e+01 -1.000000e+01  4.500000e+01
     vertex  6.715617e+01 -4.511202e+00  4.500000e+01
     vertex  6.703159e+01 -4.568657e+00  4.500000e+01
   endloop
 endfacet
 facet normal  0.000000e+00  0.000000e+00  1.000000e+00
   outer loop
     vertex  8.000000e+01 -1.000000e+01  4.500000e+01
     vertex  6.727912e+01 -4.450352e+00  4.500000e+01
     vertex  6.715617e+01 -4.511202e+00  4.500000e+01
   endloop
 endfacet
 facet normal  0.000000e+00  0.000000e+00  1.000000e+00
   outer loop
     vertex  8.000000e+01 -1.000000e+01  4.500000e+01
     vertex  6.740035e+01 -4.386152e+00  4.500000e+01
     vertex  6.727912e+01 -4.450352e+00  4.500000e+01
   endloop
 endfacet
 facet normal  0.000000e+00  0.000000e+00  1.000000e+00
   outer loop
     vertex  8.000000e+01 -1.000000e+01  4.500000e+01
     vertex  6.751978e+01 -4.318649e+00  4.500000e+01
     vertex  6.740035e+01 -4.386152e+00  4.500000e+01
   endloop
 endfacet
 facet normal  0.000000e+00  0.000000e+00  1.000000e+00
   outer loop
     vertex  8.000000e+01 -1.000000e+01  4.500000e+01
     vertex  6.763730e+01 -4.247896e+00  4.500000e+01
     vertex  6.751978e+01 -4.318649e+00  4.500000e+01
   endloop
 endfacet
 facet normal  0.000000e+00  0.000000e+00  1.000000e+00
   outer loop
     vertex  8.000000e+01 -1.000000e+01  4.500000e+01
     vertex  6.775285e+01 -4.173946e+00  4.500000e+01
     vertex  6.763730e+01 -4.247896e+00  4.500000e+01
   endloop
 endfacet
 facet normal  0.000000e+00  0.000000e+00  1.000000e+00
   outer loop
     vertex  8.000000e+01 -1.000000e+01  4.500000e+01
     vertex  6.786632e+01 -4.096853e+00  4.500000e+01
     vertex  6.775285e+01 -4.173946e+00  4.500000e+01
   endloop
 endfacet
 facet normal  0.000000e+00  0.000000e+00  1.000000e+00
   outer loop
     vertex  8.000000e+01 -1.000000e+01  4.500000e+01
     vertex  6.797764e+01 -4.016676e+00  4.500000e+01
     vertex  6.786632e+01 -4.096853e+00  4.500000e+01
   endloop
 endfacet
 facet normal  0.000000e+00  0.000000e+00  1.000000e+00
   outer loop
     vertex  8.000000e+01 -1.000000e+01  4.500000e+01
     vertex  6.808671e+01 -3.933476e+00  4.500000e+01
     vertex  6.797764e+01 -4.016676e+00  4.500000e+01
   endloop
 endfacet
 facet normal  0.000000e+00  0.000000e+00  1.000000e+00
   outer loop
     vertex  8.000000e+01 -1.000000e+01  4.500000e+01
     vertex  6.819346e+01 -3.847314e+00  4.500000e+01
     vertex  6.808671e+01 -3.933476e+00  4.500000e+01
   endloop
 endfacet
 facet normal  0.000000e+00  0.000000e+00  1.000000e+00
   outer loop
     vertex  8.000000e+01  1.000000e+01  4.500000e+01
     vertex  6.999812e+01  1.371702e-01  4.500000e+01
     vertex  7.000000e+01 -1.224647e-15  4.500000e+01
   endloop
 endfacet
 facet normal  0.000000e+00  0.000000e+00  1.000000e+00
   outer loop
     vertex  8.000000e+01  1.000000e+01  4.500000e+01
     vertex  6.999247e+01  2.742372e-01  4.500000e+01
     vertex  6.999812e+01  1.371702e-01  4.500000e+01
   endloop
 endfacet
 facet normal  0.000000e+00  0.000000e+00  1.000000e+00
   outer loop
     vertex  8.000000e+01  1.000000e+01  4.500000e+01
     vertex  6.998307e+01  4.110978e-01  4.500000e+01
     vertex  6.999247e+01  2.742372e-01  4.500000e+01
   endloop
 endfacet
 facet normal  0.000000e+00  0.000000e+00  1.000000e+00
   outer loop
     vertex  8.000000e+01  1.000000e+01  4.500000e+01
     vertex  6.996992e+01  5.476489e-01  4.500000e+01
     vertex  6.998307e+01  4.110978e-01  4.500000e+01
   endloop
 endfacet
 facet normal  0.000000e+00  0.000000e+00  1.000000e+00
   outer loop
     vertex  8.000000e+01  1.000000e+01  4.500000e+01
     vertex  6.995302e+01  6.837877e-01  4.500000e+01
     vertex  6.996992e+01  5.476489e-01  4.500000e+01
   endloop
 endfacet
 facet normal  0.000000e+00  0.000000e+00  1.000000e+00
   outer loop
     vertex  8.000000e+01  1.000000e+01  4.500000e+01
     vertex  6.993240e+01  8.194118e-01  4.500000e+01
     vertex  6.995302e+01  6.837877e-01  4.500000e+01
   endloop
 endfacet
 facet normal  0.000000e+00  0.000000e+00  1.000000e+00
   outer loop
     vertex  8.000000e+01  1.000000e+01  4.500000e+01
     vertex  6.990806e+01  9.544190e-01  4.500000e+01
     vertex  6.993240e+01  8.194118e-01  4.500000e+01
   endloop
 endfacet
 facet normal  0.000000e+00  0.000000e+00  1.000000e+00
   outer loop
     vertex  8.000000e+01  1.000000e+01  4.500000e+01
     vertex  6.988003e+01  1.088708e+00  4.500000e+01
     vertex  6.990806e+01  9.544190e-01  4.500000e+01
   endloop
 endfacet
 facet normal  0.000000e+00  0.000000e+00  1.000000e+00
   outer loop
     vertex  8.000000e+01  1.000000e+01  4.500000e+01
     vertex  6.984833e+01  1.222177e+00  4.500000e+01
     vertex  6.988003e+01  1.088708e+00  4.500000e+01
   endloop
 endfacet
 facet normal  0.000000e+00  0.000000e+00  1.000000e+00
   outer loop
     vertex  8.000000e+01  1.000000e+01  4.500000e+01
     vertex  6.981297e+01  1.354726e+00  4.500000e+01
     vertex  6.984833e+01  1.222177e+00  4.500000e+01
   endloop
 endfacet
 facet normal  0.000000e+00  0.000000e+00  1.000000e+00
   outer loop
     vertex  8.000000e+01  1.000000e+01  4.500000e+01
     vertex  6.977400e+01  1.486256e+00  4.500000e+01
     vertex  6.981297e+01  1.354726e+00  4.500000e+01
   endloop
 endfacet
 facet normal  0.000000e+00  0.000000e+00  1.000000e+00
   outer loop
     vertex  8.000000e+01  1.000000e+01  4.500000e+01
     vertex  6.973143e+01  1.616666e+00  4.500000e+01
     vertex  6.977400e+01  1.486256e+00  4.500000e+01
   endloop
 endfacet
 facet normal  0.000000e+00  0.000000e+00  1.000000e+00
   outer loop
     vertex  8.000000e+01  1.000000e+01  4.500000e+01
     vertex  6.968529e+01  1.745860e+00  4.500000e+01
     vertex  6.973143e+01  1.616666e+00  4.500000e+01
   endloop
 endfacet
 facet normal  0.000000e+00  0.000000e+00  1.000000e+00
   outer loop
     vertex  8.000000e+01  1.000000e+01  4.500000e+01
     vertex  6.963563e+01  1.873740e+00  4.500000e+01
     vertex  6.968529e+01  1.745860e+00  4.500000e+01
   endloop
 endfacet
 facet normal  0.000000e+00  0.000000e+00  1.000000e+00
   outer loop
     vertex  8.000000e+01  1.000000e+01  4.500000e+01
     vertex  6.958248e+01  2.000209e+00  4.500000e+01
     vertex  6.963563e+01  1.873740e+00  4.500000e+01
   endloop
 endfacet
 facet normal  0.000000e+00  0.000000e+00  1.000000e+00
   outer loop
     vertex  8.000000e+01  1.000000e+01  4.500000e+01
     vertex  6.952589e+01  2.125172e+00  4.500000e+01
     vertex  6.958248e+01  2.000209e+00  4.500000e+01
   endloop
 endfacet
 facet normal  0.000000e+00  0.000000e+00  1.000000e+00
   outer loop
     vertex  8.000000e+01  1.000000e+01  4.500000e+01
     vertex  6.946588e+01  2.248535e+00  4.500000e+01
     vertex  6.952589e+01  2.125172e+00  4.500000e+01
   endloop
 endfacet
 facet normal  0.000000e+00  0.000000e+00  1.000000e+00
   outer loop
     vertex  8.000000e+01  1.000000e+01  4.500000e+01
     vertex  6.940251e+01  2.370206e+00  4.500000e+01
     vertex  6.946588e+01  2.248535e+00  4.500000e+01
   endloop
 endfacet
 facet normal  0.000000e+00  0.000000e+00  1.000000e+00
   outer loop
     vertex  8.000000e+01  1.000000e+01  4.500000e+01
     vertex  6.933583e+01  2.490093e+00  4.500000e+01
     vertex  6.940251e+01  2.370206e+00  4.500000e+01
   endloop
 endfacet
 facet normal  0.000000e+00  0.000000e+00  1.000000e+00
   outer loop
     vertex  8.000000e+01  1.000000e+01  4.500000e+01
     vertex  6.926589e+01  2.608105e+00  4.500000e+01
     vertex  6.933583e+01  2.490093e+00  4.500000e+01
   endloop
 endfacet
 facet normal  0.000000e+00  0.000000e+00  1.000000e+00
   outer loop
     vertex  8.000000e+01  1.000000e+01  4.500000e+01
     vertex  6.919273e+01  2.724154e+00  4.500000e+01
     vertex  6.926589e+01  2.608105e+00  4.500000e+01
   endloop
 endfacet
 facet normal  0.000000e+00  0.000000e+00  1.000000e+00
   outer loop
     vertex  8.000000e+01  1.000000e+01  4.500000e+01
     vertex  6.911642e+01  2.838152e+00  4.500000e+01
     vertex  6.919273e+01  2.724154e+00  4.500000e+01
   endloop
 endfacet
 facet normal  0.000000e+00  0.000000e+00  1.000000e+00
   outer loop
     vertex  8.000000e+01  1.000000e+01  4.500000e+01
     vertex  6.903701e+01  2.950014e+00  4.500000e+01
     vertex  6.911642e+01  2.838152e+00  4.500000e+01
   endloop
 endfacet
 facet normal  0.000000e+00  0.000000e+00  1.000000e+00
   outer loop
     vertex  8.000000e+01  1.000000e+01  4.500000e+01
     vertex  6.895456e+01  3.059655e+00  4.500000e+01
     vertex  6.903701e+01  2.950014e+00  4.500000e+01
   endloop
 endfacet
 facet normal  0.000000e+00  0.000000e+00  1.000000e+00
   outer loop
     vertex  8.000000e+01  1.000000e+01  4.500000e+01
     vertex  6.886913e+01  3.166993e+00  4.500000e+01
     vertex  6.895456e+01  3.059655e+00  4.500000e+01
   endloop
 endfacet
 facet normal  0.000000e+00  0.000000e+00  1.000000e+00
   outer loop
     vertex  8.000000e+01  1.000000e+01  4.500000e+01
     vertex  6.878079e+01  3.271947e+00  4.500000e+01
     vertex  6.886913e+01  3.166993e+00  4.500000e+01
   endloop
 endfacet
 facet normal  0.000000e+00  0.000000e+00  1.000000e+00
   outer loop
     vertex  8.000000e+01  1.000000e+01  4.500000e+01
     vertex  6.868960e+01  3.374438e+00  4.500000e+01
     vertex  6.878079e+01  3.271947e+00  4.500000e+01
   endloop
 endfacet
 facet normal  0.000000e+00  0.000000e+00  1.000000e+00
   outer loop
     vertex  8.000000e+01  1.000000e+01  4.500000e+01
     vertex  7.000000e+01 -1.224647e-15  4.500000e+01
     vertex  8.000000e+01 -1.000000e+01  4.500000e+01
   endloop
 endfacet
 facet normal  0.000000e+00  0.000000e+00  1.000000e+00
   outer loop
     vertex  8.000000e+01  1.000000e+01  4.500000e+01
     vertex  6.859564e+01  3.474388e+00  4.500000e+01
     vertex  6.868960e+01  3.374438e+00  4.500000e+01
   endloop
 endfacet
 facet normal  0.000000e+00  0.000000e+00  1.000000e+00
   outer loop
     vertex  8.000000e+01  1.000000e+01  4.500000e+01
     vertex  6.849897e+01  3.571723e+00  4.500000e+01
     vertex  6.859564e+01  3.474388e+00  4.500000e+01
   endloop
 endfacet
 facet normal  0.000000e+00  0.000000e+00  1.000000e+00
   outer loop
     vertex  8.000000e+01  1.000000e+01  4.500000e+01
     vertex  6.839967e+01  3.666370e+00  4.500000e+01
     vertex  6.849897e+01  3.571723e+00  4.500000e+01
   endloop
 endfacet
 facet normal  0.000000e+00  0.000000e+00  1.000000e+00
   outer loop
     vertex  8.000000e+01  1.000000e+01  4.500000e+01
     vertex  6.829780e+01  3.758257e+00  4.500000e+01
     vertex  6.839967e+01  3.666370e+00  4.500000e+01
   endloop
 endfacet
 facet normal  0.000000e+00  0.000000e+00  1.000000e+00
   outer loop
     vertex  8.000000e+01  1.000000e+01  4.500000e+01
     vertex  6.819346e+01  3.847314e+00  4.500000e+01
     vertex  6.829780e+01  3.758257e+00  4.500000e+01
   endloop
 endfacet
 facet normal  0.000000e+00  0.000000e+00  1.000000e+00
   outer loop
     vertex  8.000000e+01  1.000000e+01  4.500000e+01
     vertex  6.808671e+01  3.933476e+00  4.500000e+01
     vertex  6.819346e+01  3.847314e+00  4.500000e+01
   endloop
 endfacet
 facet normal  0.000000e+00  0.000000e+00  1.000000e+00
   outer loop
     vertex  8.000000e+01  1.000000e+01  4.500000e+01
     vertex  6.797764e+01  4.016676e+00  4.500000e+01
     vertex  6.808671e+01  3.933476e+00  4.500000e+01
   endloop
 endfacet
 facet normal  0.000000e+00  0.000000e+00  1.000000e+00
   outer loop
     vertex  8.000000e+01  1.000000e+01  4.500000e+01
     vertex  6.786632e+01  4.096853e+00  4.500000e+01
     vertex  6.797764e+01  4.016676e+00  4.500000e+01
   endloop
 endfacet
 facet normal  0.000000e+00  0.000000e+00  1.000000e+00
   outer loop
     vertex  8.000000e+01  1.000000e+01  4.500000e+01
     vertex  6.775285e+01  4.173946e+00  4.500000e+01
     vertex  6.786632e+01  4.096853e+00  4.500000e+01
   endloop
 endfacet
 facet normal  0.000000e+00  0.000000e+00  1.000000e+00
   outer loop
     vertex  8.000000e+01  1.000000e+01  4.500000e+01
     vertex  6.763730e+01  4.247896e+00  4.500000e+01
     vertex  6.775285e+01  4.173946e+00  4.500000e+01
   endloop
 endfacet
 facet normal  0.000000e+00  0.000000e+00  1.000000e+00
   outer loop
     vertex  8.000000e+01  1.000000e+01  4.500000e+01
     vertex  6.751978e+01  4.318649e+00  4.500000e+01
     vertex  6.763730e+01  4.247896e+00  4.500000e+01
   endloop
 endfacet
 facet normal  0.000000e+00  0.000000e+00  1.000000e+00
   outer loop
     vertex  8.000000e+01  1.000000e+01  4.500000e+01
     vertex  6.740035e+01  4.386152e+00  4.500000e+01
     vertex  6.751978e+01  4.318649e+00  4.500000e+01
   endloop
 endfacet
 facet normal  0.000000e+00  0.000000e+00  1.000000e+00
   outer loop
     vertex  8.000000e+01  1.000000e+01  4.500000e+01
     vertex  6.727912e+01  4.450352e+00  4.500000e+01
     vertex  6.740035e+01  4.386152e+00  4.500000e+01
   endloop
 endfacet
 facet normal  0.000000e+00  0.000000e+00  1.000000e+00
   outer loop
     vertex  8.000000e+01  1.000000e+01  4.500000e+01
     vertex  6.715617e+01  4.511202e+00  4.500000e+01
     vertex  6.727912e+01  4.450352e+00  4.500000e+01
   endloop
 endfacet
 facet normal  0.000000e+00  0.000000e+00  1.000000e+00
   outer loop
     vertex  8.000000e+01  1.000000e+01  4.500000e+01
     vertex  6.703159e+01  4.568657e+00  4.500000e+01
     vertex  6.715617e+01  4.511202e+00  4.500000e+01
   endloop
 endfacet
 facet normal  0.000000e+00  0.000000e+00  1.000000e+00
   outer loop
     vertex  8.000000e+01  1.000000e+01  4.500000e+01
     vertex  6.690549e+01  4.622672e+00  4.500000e+01
     vertex  6.703159e+01  4.568657e+00  4.500000e+01
   endloop
 endfacet
 facet normal  0.000000e+00  0.000000e+00  1.000000e+00
   outer loop
     vertex  8.000000e+01  1.000000e+01  4.500000e+01
     vertex  6.677796e+01  4.673208e+00  4.500000e+01
     vertex  6.690549e+01  4.622672e+00  4.500000e+01
   endloop
 endfacet
 facet normal  0.000000e+00  0.000000e+00  1.000000e+00
   outer loop
     vertex  8.000000e+01  1.000000e+01  4.500000e+01
     vertex  6.664908e+01  4.720225e+00  4.500000e+01
     vertex  6.677796e+01  4.673208e+00  4.500000e+01
   endloop
 endfacet
 facet normal  0.000000e+00  0.000000e+00  1.000000e+00
   outer loop
     vertex  8.000000e+01  1.000000e+01  4.500000e+01
     vertex  6.651897e+01  4.763690e+00  4.500000e+01
     vertex  6.664908e+01  4.720225e+00  4.500000e+01
   endloop
 endfacet
 facet normal  0.000000e+00  0.000000e+00  1.000000e+00
   outer loop
     vertex  8.000000e+01  1.000000e+01  4.500000e+01
     vertex  6.638771e+01  4.803568e+00  4.500000e+01
     vertex  6.651897e+01  4.763690e+00  4.500000e+01
   endloop
 endfacet
 facet normal  0.000000e+00  0.000000e+00  1.000000e+00
   outer loop
     vertex  8.000000e+01  1.000000e+01  4.500000e+01
     vertex  6.625540e+01  4.839831e+00  4.500000e+01
     vertex  6.638771e+01  4.803568e+00  4.500000e+01
   endloop
 endfacet
 facet normal  0.000000e+00  0.000000e+00  1.000000e+00
   outer loop
     vertex  8.000000e+01  1.000000e+01  4.500000e+01
     vertex  6.612216e+01  4.872450e+00  4.500000e+01
     vertex  6.625540e+01  4.839831e+00  4.500000e+01
   endloop
 endfacet
 facet normal  0.000000e+00  0.000000e+00  1.000000e+00
   outer loop
     vertex  8.000000e+01  1.000000e+01  4.500000e+01
     vertex  6.598806e+01  4.901401e+00  4.500000e+01
     vertex  6.612216e+01  4.872450e+00  4.500000e+01
   endloop
 endfacet
 facet normal  0.000000e+00  0.000000e+00  1.000000e+00
   outer loop
     vertex  8.000000e+01  1.000000e+01  4.500000e+01
     vertex  6.585323e+01  4.926663e+00  4.500000e+01
     vertex  6.598806e+01  4.901401e+00  4.500000e+01
   endloop
 endfacet
 facet normal  0.000000e+00  0.000000e+00  1.000000e+00
   outer loop
     vertex  8.000000e+01  1.000000e+01  4.500000e+01
     vertex  6.571775e+01  4.948216e+00  4.500000e+01
     vertex  6.585323e+01  4.926663e+00  4.500000e+01
   endloop
 endfacet
 facet normal  0.000000e+00  0.000000e+00  1.000000e+00
   outer loop
     vertex  8.000000e+01  1.000000e+01  4.500000e+01
     vertex  6.558173e+01  4.966044e+00  4.500000e+01
     vertex  6.571775e+01  4.948216e+00  4.500000e+01
   endloop
 endfacet
 facet normal  0.000000e+00  0.000000e+00  1.000000e+00
   outer loop
     vertex  8.000000e+01  1.000000e+01  4.500000e+01
     vertex  5.000000e+01  1.000000e+01  4.500000e+01
     vertex  6.503430e+01  4.999882e+00  4.500000e+01
   endloop
 endfacet
 facet normal  0.000000e+00  0.000000e+00  1.000000e+00
   outer loop
     vertex  6.503430e+01  4.999882e+00  4.500000e+01
     vertex  5.000000e+01  1.000000e+01  4.500000e+01
     vertex  6.489712e+01  4.998941e+00  4.500000e+01
   endloop
 endfacet
 facet normal  0.000000e+00  0.000000e+00  1.000000e+00
   outer loop
     vertex  6.489712e+01  4.998941e+00  4.500000e+01
     vertex  5.000000e+01  1.000000e+01  4.500000e+01
     vertex  6.476001e+01  4.994237e+00  4.500000e+01
   endloop
 endfacet
 facet normal  0.000000e+00  0.000000e+00  1.000000e+00
   outer loop
     vertex  6.476001e+01  4.994237e+00  4.500000e+01
     vertex  5.000000e+01  1.000000e+01  4.500000e+01
     vertex  6.462309e+01  4.985774e+00  4.500000e+01
   endloop
 endfacet
 facet normal  0.000000e+00  0.000000e+00  1.000000e+00
   outer loop
     vertex  6.462309e+01  4.985774e+00  4.500000e+01
     vertex  5.000000e+01  1.000000e+01  4.500000e+01
     vertex  6.448645e+01  4.973557e+00  4.500000e+01
   endloop
 endfacet
 facet normal  0.000000e+00  0.000000e+00  1.000000e+00
   outer loop
     vertex  8.000000e+01  1.000000e+01  4.500000e+01
     vertex  6.503430e+01  4.999882e+00  4.500000e+01
     vertex  6.517145e+01  4.997060e+00  4.500000e+01
   endloop
 endfacet
 facet normal  0.000000e+00  0.000000e+00  1.000000e+00
   outer loop
     vertex  8.000000e+01  1.000000e+01  4.500000e+01
     vertex  6.517145e+01  4.997060e+00  4.500000e+01
     vertex  6.530848e+01  4.990475e+00  4.500000e+01
   endloop
 endfacet
 facet normal  0.000000e+00  0.000000e+00  1.000000e+00
   outer loop
     vertex  8.000000e+01  1.000000e+01  4.500000e+01
     vertex  6.530848e+01  4.990475e+00  4.500000e+01
     vertex  6.544527e+01  4.980134e+00  4.500000e+01
   endloop
 endfacet
 facet normal  0.000000e+00  0.000000e+00  1.000000e+00
   outer loop
     vertex  8.000000e+01  1.000000e+01  4.500000e+01
     vertex  6.544527e+01  4.980134e+00  4.500000e+01
     vertex  6.558173e+01  4.966044e+00  4.500000e+01
   endloop
 endfacet
 facet normal  9.999059e-01  1.371831e-02  0.000000e+00
   outer loop
     vertex  7.000000e+01 -1.224647e-15  6.000000e+01
     vertex  7.000000e+01 -1.224647e-15  4.500000e+01
     vertex  6.999812e+01  1.371702e-01  4.500000e+01
   endloop
 endfacet
 facet normal  9.999059e-01  1.371831e-02  0.000000e+00
   outer loop
     vertex  6.999812e+01  1.371702e-01  6.000000e+01
     vertex  7.000000e+01 -1.224647e-15  6.000000e+01
     vertex  6.999812e+01  1.371702e-01  4.500000e+01
   endloop
 endfacet
 facet normal  9.991532e-01  4.114462e-02  0.000000e+00
   outer loop
     vertex  6.999247e+01  2.742372e-01  6.000000e+01
     vertex  6.999812e+01  1.371702e-01  4.500000e+01
     vertex  6.999247e+01  2.742372e-01  4.500000e+01
   endloop
 endfacet
 facet normal  9.991532e-01  4.114462e-02  0.000000e+00
   outer loop
     vertex  6.999247e+01  2.742372e-01  6.000000e+01
     vertex  6.999812e+01  1.371702e-01  6.000000e+01
     vertex  6.999812e+01  1.371702e-01  4.500000e+01
   endloop
 endfacet
 facet normal  9.976484e-01  6.853995e-02  0.000000e+00
   outer loop
     vertex  6.998307e+01  4.110978e-01  6.000000e+01
     vertex  6.999247e+01  2.742372e-01  4.500000e+01
     vertex  6.998307e+01  4.110978e-01  4.500000e+01
   endloop
 endfacet
 facet normal  9.953925e-01  9.588368e-02  0.000000e+00
   outer loop
     vertex  6.998307e+01  4.110978e-01  6.000000e+01
     vertex  6.998307e+01  4.110978e-01  4.500000e+01
     vertex  6.996992e+01  5.476489e-01  4.500000e+01
   endloop
 endfacet
 facet normal  9.976484e-01  6.853995e-02  0.000000e+00
   outer loop
     vertex  6.998307e+01  4.110978e-01  6.000000e+01
     vertex  6.999247e+01  2.742372e-01  6.000000e+01
     vertex  6.999247e+01  2.742372e-01  4.500000e+01
   endloop
 endfacet
 facet normal  9.953925e-01  9.588368e-02  0.000000e+00
   outer loop
     vertex  6.996992e+01  5.476489e-01  6.000000e+01
     vertex  6.998307e+01  4.110978e-01  6.000000e+01
     vertex  6.996992e+01  5.476489e-01  4.500000e+01
   endloop
 endfacet
 facet normal  9.923874e-01  1.231552e-01  0.000000e+00
   outer loop
     vertex  6.995302e+01  6.837877e-01  6.000000e+01
     vertex  6.996992e+01  5.476489e-01  4.500000e+01
     vertex  6.995302e+01  6.837877e-01  4.500000e+01
   endloop
 endfacet
 facet normal  9.923874e-01  1.231552e-01  0.000000e+00
   outer loop
     vertex  6.995302e+01  6.837877e-01  6.000000e+01
     vertex  6.996992e+01  5.476489e-01  6.000000e+01
     vertex  6.996992e+01  5.476489e-01  4.500000e+01
   endloop
 endfacet
 facet normal  9.886353e-01  1.503341e-01  0.000000e+00
   outer loop
     vertex  6.993240e+01  8.194118e-01  6.000000e+01
     vertex  6.995302e+01  6.837877e-01  4.500000e+01
     vertex  6.993240e+01  8.194118e-01  4.500000e+01
   endloop
 endfacet
 facet normal  9.841389e-01  1.773998e-01  0.000000e+00
   outer loop
     vertex  6.993240e+01  8.194118e-01  6.000000e+01
     vertex  6.993240e+01  8.194118e-01  4.500000e+01
     vertex  6.990806e+01  9.544190e-01  4.500000e+01
   endloop
 endfacet
 facet normal  9.886353e-01  1.503341e-01  0.000000e+00
   outer loop
     vertex  6.993240e+01  8.194118e-01  6.000000e+01
     vertex  6.995302e+01  6.837877e-01  6.000000e+01
     vertex  6.995302e+01  6.837877e-01  4.500000e+01
   endloop
 endfacet
 facet normal  9.841389e-01  1.773998e-01  0.000000e+00
   outer loop
     vertex  6.990806e+01  9.544190e-01  6.000000e+01
     vertex  6.993240e+01  8.194118e-01  6.000000e+01
     vertex  6.990806e+01  9.544190e-01  4.500000e+01
   endloop
 endfacet
 facet normal  9.789017e-01  2.043319e-01  0.000000e+00
   outer loop
     vertex  6.988003e+01  1.088708e+00  6.000000e+01
     vertex  6.990806e+01  9.544190e-01  4.500000e+01
     vertex  6.988003e+01  1.088708e+00  4.500000e+01
   endloop
 endfacet
 facet normal  9.729276e-01  2.311102e-01  0.000000e+00
   outer loop
     vertex  6.988003e+01  1.088708e+00  6.000000e+01
     vertex  6.988003e+01  1.088708e+00  4.500000e+01
     vertex  6.984833e+01  1.222177e+00  4.500000e+01
   endloop
 endfacet
 facet normal  9.789017e-01  2.043319e-01  0.000000e+00
   outer loop
     vertex  6.988003e+01  1.088708e+00  6.000000e+01
     vertex  6.990806e+01  9.544190e-01  6.000000e+01
     vertex  6.990806e+01  9.544190e-01  4.500000e+01
   endloop
 endfacet
 facet normal  9.729276e-01  2.311102e-01  0.000000e+00
   outer loop
     vertex  6.984833e+01  1.222177e+00  6.000000e+01
     vertex  6.988003e+01  1.088708e+00  6.000000e+01
     vertex  6.984833e+01  1.222177e+00  4.500000e+01
   endloop
 endfacet
 facet normal  9.662211e-01  2.577146e-01  0.000000e+00
   outer loop
     vertex  6.981297e+01  1.354726e+00  6.000000e+01
     vertex  6.984833e+01  1.222177e+00  6.000000e+01
     vertex  6.984833e+01  1.222177e+00  4.500000e+01
   endloop
 endfacet
 facet normal  9.662211e-01  2.577146e-01  0.000000e+00
   outer loop
     vertex  6.981297e+01  1.354726e+00  6.000000e+01
     vertex  6.984833e+01  1.222177e+00  4.500000e+01
     vertex  6.981297e+01  1.354726e+00  4.500000e+01
   endloop
 endfacet
 facet normal  9.587873e-01  2.841250e-01  0.000000e+00
   outer loop
     vertex  6.977400e+01  1.486256e+00  6.000000e+01
     vertex  6.981297e+01  1.354726e+00  6.000000e+01
     vertex  6.981297e+01  1.354726e+00  4.500000e+01
   endloop
 endfacet
 facet normal  9.587873e-01  2.841250e-01  0.000000e+00
   outer loop
     vertex  6.977400e+01  1.486256e+00  6.000000e+01
     vertex  6.981297e+01  1.354726e+00  4.500000e+01
     vertex  6.977400e+01  1.486256e+00  4.500000e+01
   endloop
 endfacet
 facet normal  9.506317e-01  3.103214e-01  0.000000e+00
   outer loop
     vertex  6.977400e+01  1.486256e+00  6.000000e+01
     vertex  6.977400e+01  1.486256e+00  4.500000e+01
     vertex  6.973143e+01  1.616666e+00  4.500000e+01
   endloop
 endfacet
 facet normal  9.506317e-01  3.103214e-01  0.000000e+00
   outer loop
     vertex  6.973143e+01  1.616666e+00  6.000000e+01
     vertex  6.977400e+01  1.486256e+00  6.000000e+01
     vertex  6.973143e+01  1.616666e+00  4.500000e+01
   endloop
 endfacet
 facet normal  9.417605e-01  3.362843e-01  0.000000e+00
   outer loop
     vertex  6.973143e+01  1.616666e+00  6.000000e+01
     vertex  6.973143e+01  1.616666e+00  4.500000e+01
     vertex  6.968529e+01  1.745860e+00  4.500000e+01
   endloop
 endfacet
 facet normal  9.417605e-01  3.362843e-01  0.000000e+00
   outer loop
     vertex  6.968529e+01  1.745860e+00  6.000000e+01
     vertex  6.973143e+01  1.616666e+00  6.000000e+01
     vertex  6.968529e+01  1.745860e+00  4.500000e+01
   endloop
 endfacet
 facet normal  9.321804e-01  3.619940e-01  0.000000e+00
   outer loop
     vertex  6.963563e+01  1.873740e+00  6.000000e+01
     vertex  6.968529e+01  1.745860e+00  6.000000e+01
     vertex  6.968529e+01  1.745860e+00  4.500000e+01
   endloop
 endfacet
 facet normal  9.321804e-01  3.619940e-01  0.000000e+00
   outer loop
     vertex  6.963563e+01  1.873740e+00  6.000000e+01
     vertex  6.968529e+01  1.745860e+00  4.500000e+01
     vertex  6.963563e+01  1.873740e+00  4.500000e+01
   endloop
 endfacet
 facet normal  9.218986e-01  3.874313e-01  0.000000e+00
   outer loop
     vertex  6.958248e+01  2.000209e+00  6.000000e+01
     vertex  6.963563e+01  1.873740e+00  6.000000e+01
     vertex  6.963563e+01  1.873740e+00  4.500000e+01
   endloop
 endfacet
 facet normal  9.218986e-01  3.874313e-01  0.000000e+00
   outer loop
     vertex  6.958248e+01  2.000209e+00  6.000000e+01
     vertex  6.963563e+01  1.873740e+00  4.500000e+01
     vertex  6.958248e+01  2.000209e+00  4.500000e+01
   endloop
 endfacet
 facet normal  9.109228e-01  4.125769e-01  0.000000e+00
   outer loop
     vertex  6.952589e+01  2.125172e+00  6.000000e+01
     vertex  6.958248e+01  2.000209e+00  6.000000e+01
     vertex  6.958248e+01  2.000209e+00  4.500000e+01
   endloop
 endfacet
 facet normal  9.109228e-01  4.125769e-01  0.000000e+00
   outer loop
     vertex  6.952589e+01  2.125172e+00  6.000000e+01
     vertex  6.958248e+01  2.000209e+00  4.500000e+01
     vertex  6.952589e+01  2.125172e+00  4.500000e+01
   endloop
 endfacet
 facet normal  8.992613e-01  4.374119e-01  0.000000e+00
   outer loop
     vertex  6.952589e+01  2.125172e+00  6.000000e+01
     vertex  6.952589e+01  2.125172e+00  4.500000e+01
     vertex  6.946588e+01  2.248535e+00  4.500000e+01
   endloop
 endfacet
 facet normal  8.992613e-01  4.374119e-01  0.000000e+00
   outer loop
     vertex  6.946588e+01  2.248535e+00  6.000000e+01
     vertex  6.952589e+01  2.125172e+00  6.000000e+01
     vertex  6.946588e+01  2.248535e+00  4.500000e+01
   endloop
 endfacet
 facet normal  8.869228e-01  4.619176e-01  0.000000e+00
   outer loop
     vertex  6.946588e+01  2.248535e+00  6.000000e+01
     vertex  6.946588e+01  2.248535e+00  4.500000e+01
     vertex  6.940251e+01  2.370206e+00  4.500000e+01
   endloop
 endfacet
 facet normal  8.869228e-01  4.619176e-01  0.000000e+00
   outer loop
     vertex  6.940251e+01  2.370206e+00  6.000000e+01
     vertex  6.946588e+01  2.248535e+00  6.000000e+01
     vertex  6.940251e+01  2.370206e+00  4.500000e+01
   endloop
 endfacet
 facet normal  8.739167e-01  4.860756e-01  0.000000e+00
   outer loop
     vertex  6.933583e+01  2.490093e+00  6.000000e+01
     vertex  6.940251e+01  2.370206e+00  6.000000e+01
     vertex  6.940251e+01  2.370206e+00  4.500000e+01
   endloop
 endfacet
 facet normal  8.739167e-01  4.860756e-01  0.000000e+00
   outer loop
     vertex  6.933583e+01  2.490093e+00  6.000000e+01
     vertex  6.940251e+01  2.370206e+00  4.500000e+01
     vertex  6.933583e+01  2.490093e+00  4.500000e+01
   endloop
 endfacet
 facet normal  8.602528e-01  5.098678e-01  0.000000e+00
   outer loop
     vertex  6.926589e+01  2.608105e+00  6.000000e+01
     vertex  6.933583e+01  2.490093e+00  6.000000e+01
     vertex  6.933583e+01  2.490093e+00  4.500000e+01
   endloop
 endfacet
 facet normal  8.602528e-01  5.098678e-01  0.000000e+00
   outer loop
     vertex  6.926589e+01  2.608105e+00  6.000000e+01
     vertex  6.933583e+01  2.490093e+00  4.500000e+01
     vertex  6.926589e+01  2.608105e+00  4.500000e+01
   endloop
 endfacet
 facet normal  8.459413e-01  5.332761e-01  0.000000e+00
   outer loop
     vertex  6.919273e+01  2.724154e+00  6.000000e+01
     vertex  6.926589e+01  2.608105e+00  6.000000e+01
     vertex  6.926589e+01  2.608105e+00  4.500000e+01
   endloop
 endfacet
 facet normal  8.459413e-01  5.332761e-01  0.000000e+00
   outer loop
     vertex  6.919273e+01  2.724154e+00  6.000000e+01
     vertex  6.926589e+01  2.608105e+00  4.500000e+01
     vertex  6.919273e+01  2.724154e+00  4.500000e+01
   endloop
 endfacet
 facet normal  8.309929e-01  5.562829e-01  0.000000e+00
   outer loop
     vertex  6.919273e+01  2.724154e+00  6.000000e+01
     vertex  6.919273e+01  2.724154e+00  4.500000e+01
     vertex  6.911642e+01  2.838152e+00  4.500000e+01
   endloop
 endfacet
 facet normal  8.309929e-01  5.562829e-01  0.000000e+00
   outer loop
     vertex  6.911642e+01  2.838152e+00  6.000000e+01
     vertex  6.919273e+01  2.724154e+00  6.000000e+01
     vertex  6.911642e+01  2.838152e+00  4.500000e+01
   endloop
 endfacet
 facet normal  8.154191e-01  5.788711e-01  0.000000e+00
   outer loop
     vertex  6.903701e+01  2.950014e+00  6.000000e+01
     vertex  6.911642e+01  2.838152e+00  4.500000e+01
     vertex  6.903701e+01  2.950014e+00  4.500000e+01
   endloop
 endfacet
 facet normal  8.154191e-01  5.788711e-01  0.000000e+00
   outer loop
     vertex  6.903701e+01  2.950014e+00  6.000000e+01
     vertex  6.911642e+01  2.838152e+00  6.000000e+01
     vertex  6.911642e+01  2.838152e+00  4.500000e+01
   endloop
 endfacet
 facet normal  7.992314e-01  6.010234e-01  0.000000e+00
   outer loop
     vertex  6.895456e+01  3.059655e+00  6.000000e+01
     vertex  6.903701e+01  2.950014e+00  4.500000e+01
     vertex  6.895456e+01  3.059655e+00  4.500000e+01
   endloop
 endfacet
 facet normal  7.992314e-01  6.010234e-01  0.000000e+00
   outer loop
     vertex  6.895456e+01  3.059655e+00  6.000000e+01
     vertex  6.903701e+01  2.950014e+00  6.000000e+01
     vertex  6.903701e+01  2.950014e+00  4.500000e+01
   endloop
 endfacet
 facet normal  7.824421e-01  6.227234e-01  0.000000e+00
   outer loop
     vertex  6.886913e+01  3.166993e+00  6.000000e+01
     vertex  6.895456e+01  3.059655e+00  4.500000e+01
     vertex  6.886913e+01  3.166993e+00  4.500000e+01
   endloop
 endfacet
 facet normal  7.824421e-01  6.227234e-01  0.000000e+00
   outer loop
     vertex  6.886913e+01  3.166993e+00  6.000000e+01
     vertex  6.895456e+01  3.059655e+00  6.000000e+01
     vertex  6.895456e+01  3.059655e+00  4.500000e+01
   endloop
 endfacet
 facet normal  7.650637e-01  6.439545e-01  0.000000e+00
   outer loop
     vertex  6.878079e+01  3.271947e+00  6.000000e+01
     vertex  6.886913e+01  3.166993e+00  4.500000e+01
     vertex  6.878079e+01  3.271947e+00  4.500000e+01
   endloop
 endfacet
 facet normal  7.471095e-01  6.647010e-01  0.000000e+00
   outer loop
     vertex  6.878079e+01  3.271947e+00  6.000000e+01
     vertex  6.878079e+01  3.271947e+00  4.500000e+01
     vertex  6.868960e+01  3.374438e+00  4.500000e+01
   endloop
 endfacet
 facet normal  7.650637e-01  6.439545e-01  0.000000e+00
   outer loop
     vertex  6.878079e+01  3.271947e+00  6.000000e+01
     vertex  6.886913e+01  3.166993e+00  6.000000e+01
     vertex  6.886913e+01  3.166993e+00  4.500000e+01
   endloop
 endfacet
 facet normal  7.471095e-01  6.647010e-01  0.000000e+00
   outer loop
     vertex  6.868960e+01  3.374438e+00  6.000000e+01
     vertex  6.878079e+01  3.271947e+00  6.000000e+01
     vertex  6.868960e+01  3.374438e+00  4.500000e+01
   endloop
 endfacet
 facet normal  7.285929e-01  6.849470e-01  0.000000e+00
   outer loop
     vertex  6.859564e+01  3.474388e+00  6.000000e+01
     vertex  6.868960e+01  3.374438e+00  4.500000e+01
     vertex  6.859564e+01  3.474388e+00  4.500000e+01
   endloop
 endfacet
 facet normal  7.285929e-01  6.849470e-01  0.000000e+00
   outer loop
     vertex  6.859564e+01  3.474388e+00  6.000000e+01
     vertex  6.868960e+01  3.374438e+00  6.000000e+01
     vertex  6.868960e+01  3.374438e+00  4.500000e+01
   endloop
 endfacet
 facet normal  7.095278e-01  7.046775e-01  0.000000e+00
   outer loop
     vertex  6.849897e+01  3.571723e+00  6.000000e+01
     vertex  6.859564e+01  3.474388e+00  4.500000e+01
     vertex  6.849897e+01  3.571723e+00  4.500000e+01
   endloop
 endfacet
 facet normal  7.095278e-01  7.046775e-01  0.000000e+00
   outer loop
     vertex  6.849897e+01  3.571723e+00  6.000000e+01
     vertex  6.859564e+01  3.474388e+00  6.000000e+01
     vertex  6.859564e+01  3.474388e+00  4.500000e+01
   endloop
 endfacet
 facet normal  6.899286e-01  7.238775e-01  0.000000e+00
   outer loop
     vertex  6.839967e+01  3.666370e+00  6.000000e+01
     vertex  6.849897e+01  3.571723e+00  4.500000e+01
     vertex  6.839967e+01  3.666370e+00  4.500000e+01
   endloop
 endfacet
 facet normal  6.899286e-01  7.238775e-01  0.000000e+00
   outer loop
     vertex  6.839967e+01  3.666370e+00  6.000000e+01
     vertex  6.849897e+01  3.571723e+00  6.000000e+01
     vertex  6.849897e+01  3.571723e+00  4.500000e+01
   endloop
 endfacet
 facet normal  6.698100e-01  7.425325e-01  0.000000e+00
   outer loop
     vertex  6.829780e+01  3.758257e+00  6.000000e+01
     vertex  6.839967e+01  3.666370e+00  4.500000e+01
     vertex  6.829780e+01  3.758257e+00  4.500000e+01
   endloop
 endfacet
 facet normal  6.698100e-01  7.425325e-01  0.000000e+00
   outer loop
     vertex  6.829780e+01  3.758257e+00  6.000000e+01
     vertex  6.839967e+01  3.666370e+00  6.000000e+01
     vertex  6.839967e+01  3.666370e+00  4.500000e+01
   endloop
 endfacet
 facet normal  6.491872e-01  7.606287e-01  0.000000e+00
   outer loop
     vertex  6.819346e+01  3.847314e+00  6.000000e+01
     vertex  6.829780e+01  3.758257e+00  4.500000e+01
     vertex  6.819346e+01  3.847314e+00  4.500000e+01
   endloop
 endfacet
 facet normal  6.491872e-01  7.606287e-01  0.000000e+00
   outer loop
     vertex  6.819346e+01  3.847314e+00  6.000000e+01
     vertex  6.829780e+01  3.758257e+00  6.000000e+01
     vertex  6.829780e+01  3.758257e+00  4.500000e+01
   endloop
 endfacet
 facet normal  6.280757e-01  7.781522e-01  0.000000e+00
   outer loop
     vertex  6.808671e+01  3.933476e+00  6.000000e+01
     vertex  6.819346e+01  3.847314e+00  4.500000e+01
     vertex  6.808671e+01  3.933476e+00  4.500000e+01
   endloop
 endfacet
 facet normal  6.280757e-01  7.781522e-01  0.000000e+00
   outer loop
     vertex  6.808671e+01  3.933476e+00  6.000000e+01
     vertex  6.819346e+01  3.847314e+00  6.000000e+01
     vertex  6.819346e+01  3.847314e+00  4.500000e+01
   endloop
 endfacet
 facet normal  6.064915e-01  7.950900e-01  0.000000e+00
   outer loop
     vertex  6.797764e+01  4.016676e+00  6.000000e+01
     vertex  6.808671e+01  3.933476e+00  4.500000e+01
     vertex  6.797764e+01  4.016676e+00  4.500000e+01
   endloop
 endfacet
 facet normal  6.064915e-01  7.950900e-01  0.000000e+00
   outer loop
     vertex  6.797764e+01  4.016676e+00  6.000000e+01
     vertex  6.808671e+01  3.933476e+00  6.000000e+01
     vertex  6.808671e+01  3.933476e+00  4.500000e+01
   endloop
 endfacet
 facet normal  5.844507e-01  8.114292e-01  0.000000e+00
   outer loop
     vertex  6.786632e+01  4.096853e+00  6.000000e+01
     vertex  6.797764e+01  4.016676e+00  4.500000e+01
     vertex  6.786632e+01  4.096853e+00  4.500000e+01
   endloop
 endfacet
 facet normal  5.844507e-01  8.114292e-01  0.000000e+00
   outer loop
     vertex  6.786632e+01  4.096853e+00  6.000000e+01
     vertex  6.797764e+01  4.016676e+00  6.000000e+01
     vertex  6.797764e+01  4.016676e+00  4.500000e+01
   endloop
 endfacet
 facet normal  5.619699e-01  8.271577e-01  0.000000e+00
   outer loop
     vertex  6.775285e+01  4.173946e+00  6.000000e+01
     vertex  6.786632e+01  4.096853e+00  4.500000e+01
     vertex  6.775285e+01  4.173946e+00  4.500000e+01
   endloop
 endfacet
 facet normal  5.619699e-01  8.271577e-01  0.000000e+00
   outer loop
     vertex  6.775285e+01  4.173946e+00  6.000000e+01
     vertex  6.786632e+01  4.096853e+00  6.000000e+01
     vertex  6.786632e+01  4.096853e+00  4.500000e+01
   endloop
 endfacet
 facet normal  5.390661e-01  8.422635e-01  0.000000e+00
   outer loop
     vertex  6.763730e+01  4.247896e+00  6.000000e+01
     vertex  6.775285e+01  4.173946e+00  6.000000e+01
     vertex  6.775285e+01  4.173946e+00  4.500000e+01
   endloop
 endfacet
 facet normal  5.390661e-01  8.422635e-01  0.000000e+00
   outer loop
     vertex  6.763730e+01  4.247896e+00  6.000000e+01
     vertex  6.775285e+01  4.173946e+00  4.500000e+01
     vertex  6.763730e+01  4.247896e+00  4.500000e+01
   endloop
 endfacet
 facet normal  5.157565e-01  8.567352e-01  0.000000e+00
   outer loop
     vertex  6.751978e+01  4.318649e+00  6.000000e+01
     vertex  6.763730e+01  4.247896e+00  6.000000e+01
     vertex  6.763730e+01  4.247896e+00  4.500000e+01
   endloop
 endfacet
 facet normal  5.157565e-01  8.567352e-01  0.000000e+00
   outer loop
     vertex  6.751978e+01  4.318649e+00  6.000000e+01
     vertex  6.763730e+01  4.247896e+00  4.500000e+01
     vertex  6.751978e+01  4.318649e+00  4.500000e+01
   endloop
 endfacet
 facet normal  4.920587e-01  8.705620e-01  0.000000e+00
   outer loop
     vertex  6.740035e+01  4.386152e+00  6.000000e+01
     vertex  6.751978e+01  4.318649e+00  6.000000e+01
     vertex  6.751978e+01  4.318649e+00  4.500000e+01
   endloop
 endfacet
 facet normal  4.920587e-01  8.705620e-01  0.000000e+00
   outer loop
     vertex  6.740035e+01  4.386152e+00  6.000000e+01
     vertex  6.751978e+01  4.318649e+00  4.500000e+01
     vertex  6.740035e+01  4.386152e+00  4.500000e+01
   endloop
 endfacet
 facet normal  4.679904e-01  8.837335e-01  0.000000e+00
   outer loop
     vertex  6.740035e+01  4.386152e+00  6.000000e+01
     vertex  6.740035e+01  4.386152e+00  4.500000e+01
     vertex  6.727912e+01  4.450352e+00  4.500000e+01
   endloop
 endfacet
 facet normal  4.679904e-01  8.837335e-01  0.000000e+00
   outer loop
     vertex  6.727912e+01  4.450352e+00  6.000000e+01
     vertex  6.740035e+01  4.386152e+00  6.000000e+01
     vertex  6.727912e+01  4.450352e+00  4.500000e+01
   endloop
 endfacet
 facet normal  4.435699e-01  8.962398e-01  0.000000e+00
   outer loop
     vertex  6.715617e+01  4.511202e+00  6.000000e+01
     vertex  6.727912e+01  4.450352e+00  6.000000e+01
     vertex  6.727912e+01  4.450352e+00  4.500000e+01
   endloop
 endfacet
 facet normal  4.435699e-01  8.962398e-01  0.000000e+00
   outer loop
     vertex  6.715617e+01  4.511202e+00  6.000000e+01
     vertex  6.727912e+01  4.450352e+00  4.500000e+01
     vertex  6.715617e+01  4.511202e+00  4.500000e+01
   endloop
 endfacet
 facet normal  4.188155e-01  9.080714e-01  0.000000e+00
   outer loop
     vertex  6.703159e+01  4.568657e+00  6.000000e+01
     vertex  6.715617e+01  4.511202e+00  6.000000e+01
     vertex  6.715617e+01  4.511202e+00  4.500000e+01
   endloop
 endfacet
 facet normal  4.188155e-01  9.080714e-01  0.000000e+00
   outer loop
     vertex  6.703159e+01  4.568657e+00  6.000000e+01
     vertex  6.715617e+01  4.511202e+00  4.500000e+01
     vertex  6.703159e+01  4.568657e+00  4.500000e+01
   endloop
 endfacet
 facet normal  3.937458e-01  9.192194e-01  0.000000e+00
   outer loop
     vertex  6.690549e+01  4.622672e+00  6.000000e+01
     vertex  6.703159e+01  4.568657e+00  6.000000e+01
     vertex  6.703159e+01  4.568657e+00  4.500000e+01
   endloop
 endfacet
 facet normal  3.937458e-01  9.192194e-01  0.000000e+00
   outer loop
     vertex  6.690549e+01  4.622672e+00  6.000000e+01
     vertex  6.703159e+01  4.568657e+00  4.500000e+01
     vertex  6.690549e+01  4.622672e+00  4.500000e+01
   endloop
 endfacet
 facet normal  3.683796e-01  9.296754e-01  0.000000e+00
   outer loop
     vertex  6.677796e+01  4.673208e+00  6.000000e+01
     vertex  6.690549e+01  4.622672e+00  6.000000e+01
     vertex  6.690549e+01  4.622672e+00  4.500000e+01
   endloop
 endfacet
 facet normal  3.683796e-01  9.296754e-01  0.000000e+00
   outer loop
     vertex  6.677796e+01  4.673208e+00  6.000000e+01
     vertex  6.690549e+01  4.622672e+00  4.500000e+01
     vertex  6.677796e+01  4.673208e+00  4.500000e+01
   endloop
 endfacet
 facet normal  3.427362e-01  9.394317e-01  0.000000e+00
   outer loop
     vertex  6.664908e+01  4.720225e+00  6.000000e+01
     vertex  6.677796e+01  4.673208e+00  6.000000e+01
     vertex  6.677796e+01  4.673208e+00  4.500000e+01
   endloop
 endfacet
 facet normal  3.427362e-01  9.394317e-01  0.000000e+00
   outer loop
     vertex  6.664908e+01  4.720225e+00  6.000000e+01
     vertex  6.677796e+01  4.673208e+00  4.500000e+01
     vertex  6.664908e+01  4.720225e+00  4.500000e+01
   endloop
 endfacet
 facet normal  3.168348e-01  9.484807e-01  0.000000e+00
   outer loop
     vertex  6.664908e+01  4.720225e+00  6.000000e+01
     vertex  6.664908e+01  4.720225e+00  4.500000e+01
     vertex  6.651897e+01  4.763690e+00  4.500000e+01
   endloop
 endfacet
 facet normal  3.168348e-01  9.484807e-01  0.000000e+00
   outer loop
     vertex  6.651897e+01  4.763690e+00  6.000000e+01
     vertex  6.664908e+01  4.720225e+00  6.000000e+01
     vertex  6.651897e+01  4.763690e+00  4.500000e+01
   endloop
 endfacet
 facet normal  2.906949e-01  9.568158e-01  0.000000e+00
   outer loop
     vertex  6.638771e+01  4.803568e+00  6.000000e+01
     vertex  6.651897e+01  4.763690e+00  6.000000e+01
     vertex  6.651897e+01  4.763690e+00  4.500000e+01
   endloop
 endfacet
 facet normal  2.906949e-01  9.568158e-01  0.000000e+00
   outer loop
     vertex  6.638771e+01  4.803568e+00  6.000000e+01
     vertex  6.651897e+01  4.763690e+00  4.500000e+01
     vertex  6.638771e+01  4.803568e+00  4.500000e+01
   endloop
 endfacet
 facet normal  2.643362e-01  9.644306e-01  0.000000e+00
   outer loop
     vertex  6.625540e+01  4.839831e+00  6.000000e+01
     vertex  6.638771e+01  4.803568e+00  6.000000e+01
     vertex  6.638771e+01  4.803568e+00  4.500000e+01
   endloop
 endfacet
 facet normal  2.643362e-01  9.644306e-01  0.000000e+00
   outer loop
     vertex  6.625540e+01  4.839831e+00  6.000000e+01
     vertex  6.638771e+01  4.803568e+00  4.500000e+01
     vertex  6.625540e+01  4.839831e+00  4.500000e+01
   endloop
 endfacet
 facet normal  2.377784e-01  9.713194e-01  0.000000e+00
   outer loop
     vertex  6.625540e+01  4.839831e+00  6.000000e+01
     vertex  6.625540e+01  4.839831e+00  4.500000e+01
     vertex  6.612216e+01  4.872450e+00  4.500000e+01
   endloop
 endfacet
 facet normal  2.377784e-01  9.713194e-01  0.000000e+00
   outer loop
     vertex  6.612216e+01  4.872450e+00  6.000000e+01
     vertex  6.625540e+01  4.839831e+00  6.000000e+01
     vertex  6.612216e+01  4.872450e+00  4.500000e+01
   endloop
 endfacet
 facet normal  2.110417e-01  9.774771e-01  0.000000e+00
   outer loop
     vertex  6.598806e+01  4.901401e+00  6.000000e+01
     vertex  6.612216e+01  4.872450e+00  6.000000e+01
     vertex  6.612216e+01  4.872450e+00  4.500000e+01
   endloop
 endfacet
 facet normal  2.110417e-01  9.774771e-01  0.000000e+00
   outer loop
     vertex  6.598806e+01  4.901401e+00  6.000000e+01
     vertex  6.612216e+01  4.872450e+00  4.500000e+01
     vertex  6.598806e+01  4.901401e+00  4.500000e+01
   endloop
 endfacet
 facet normal  1.841461e-01  9.828989e-01  0.000000e+00
   outer loop
     vertex  6.585323e+01  4.926663e+00  6.000000e+01
     vertex  6.598806e+01  4.901401e+00  6.000000e+01
     vertex  6.598806e+01  4.901401e+00  4.500000e+01
   endloop
 endfacet
 facet normal  1.841461e-01  9.828989e-01  0.000000e+00
   outer loop
     vertex  6.585323e+01  4.926663e+00  6.000000e+01
     vertex  6.598806e+01  4.901401e+00  4.500000e+01
     vertex  6.585323e+01  4.926663e+00  4.500000e+01
   endloop
 endfacet
 facet normal  1.571119e-01  9.875808e-01  0.000000e+00
   outer loop
     vertex  6.571775e+01  4.948216e+00  6.000000e+01
     vertex  6.585323e+01  4.926663e+00  6.000000e+01
     vertex  6.585323e+01  4.926663e+00  4.500000e+01
   endloop
 endfacet
 facet normal  1.571119e-01  9.875808e-01  0.000000e+00
   outer loop
     vertex  6.571775e+01  4.948216e+00  6.000000e+01
     vertex  6.585323e+01  4.926663e+00  4.500000e+01
     vertex  6.571775e+01  4.948216e+00  4.500000e+01
   endloop
 endfacet
 facet normal  1.299594e-01  9.915193e-01  0.000000e+00
   outer loop
     vertex  6.571775e+01  4.948216e+00  6.000000e+01
     vertex  6.571775e+01  4.948216e+00  4.500000e+01
     vertex  6.558173e+01  4.966044e+00  4.500000e+01
   endloop
 endfacet
 facet normal  1.299594e-01  9.915193e-01  0.000000e+00
   outer loop
     vertex  6.558173e+01  4.966044e+00  6.000000e+01
     vertex  6.571775e+01  4.948216e+00  6.000000e+01
     vertex  6.558173e+01  4.966044e+00  4.500000e+01
   endloop
 endfacet
 facet normal  1.027091e-01  9.947114e-01  0.000000e+00
   outer loop
     vertex  6.544527e+01  4.980134e+00  6.000000e+01
     vertex  6.558173e+01  4.966044e+00  6.000000e+01
     vertex  6.558173e+01  4.966044e+00  4.500000e+01
   endloop
 endfacet
 facet normal  1.027091e-01  9.947114e-01  0.000000e+00
   outer loop
     vertex  6.544527e+01  4.980134e+00  6.000000e+01
     vertex  6.558173e+01  4.966044e+00  4.500000e+01
     vertex  6.544527e+01  4.980134e+00  4.500000e+01
   endloop
 endfacet
 facet normal  7.538152e-02  9.971548e-01  0.000000e+00
   outer loop
     vertex  6.544527e+01  4.980134e+00  6.000000e+01
     vertex  6.544527e+01  4.980134e+00  4.500000e+01
     vertex  6.530848e+01  4.990475e+00  4.500000e+01
   endloop
 endfacet
 facet normal  7.538152e-02  9.971548e-01  0.000000e+00
   outer loop
     vertex  6.530848e+01  4.990475e+00  6.000000e+01
     vertex  6.544527e+01  4.980134e+00  6.000000e+01
     vertex  6.530848e+01  4.990475e+00  4.500000e+01
   endloop
 endfacet
 facet normal  4.799716e-02  9.988475e-01  0.000000e+00
   outer loop
     vertex  6.517145e+01  4.997060e+00  6.000000e+01
     vertex  6.530848e+01  4.990475e+00  6.000000e+01
     vertex  6.530848e+01  4.990475e+00  4.500000e+01
   endloop
 endfacet
 facet normal  4.799716e-02  9.988475e-01  0.000000e+00
   outer loop
     vertex  6.517145e+01  4.997060e+00  6.000000e+01
     vertex  6.530848e+01  4.990475e+00  4.500000e+01
     vertex  6.517145e+01  4.997060e+00  4.500000e+01
   endloop
 endfacet
 facet normal  2.057667e-02  9.997883e-01  0.000000e+00
   outer loop
     vertex  6.503430e+01  4.999882e+00  6.000000e+01
     vertex  6.517145e+01  4.997060e+00  4.500000e+01
     vertex  6.503430e+01  4.999882e+00  4.500000e+01
   endloop
 endfacet
 facet normal  2.057667e-02  9.997883e-01  0.000000e+00
   outer loop
     vertex  6.503430e+01  4.999882e+00  6.000000e+01
     vertex  6.517145e+01  4.997060e+00  6.000000e+01
     vertex  6.517145e+01  4.997060e+00  4.500000e+01
   endloop
 endfacet
 facet normal -6.859319e-03  9.999765e-01  0.000000e+00
   outer loop
     vertex  6.489712e+01  4.998941e+00  6.000000e+01
     vertex  6.503430e+01  4.999882e+00  4.500000e+01
     vertex  6.489712e+01  4.998941e+00  4.500000e+01
   endloop
 endfacet
 facet normal -3.429014e-02  9.994119e-01  0.000000e+00
   outer loop
     vertex  6.489712e+01  4.998941e+00  6.000000e+01
     vertex  6.489712e+01  4.998941e+00  4.500000e+01
     vertex  6.476001e+01  4.994237e+00  4.500000e+01
   endloop
 endfacet
 facet normal -6.859319e-03  9.999765e-01  0.000000e+00
   outer loop
     vertex  6.489712e+01  4.998941e+00  6.000000e+01
     vertex  6.503430e+01  4.999882e+00  6.000000e+01
     vertex  6.503430e+01  4.999882e+00  4.500000e+01
   endloop
 endfacet
 facet normal -6.169515e-02  9.980950e-01  0.000000e+00
   outer loop
     vertex  6.476001e+01  4.994237e+00  6.000000e+01
     vertex  6.476001e+01  4.994237e+00  4.500000e+01
     vertex  6.462309e+01  4.985774e+00  4.500000e+01
   endloop
 endfacet
 facet normal -3.429014e-02  9.994119e-01  0.000000e+00
   outer loop
     vertex  6.476001e+01  4.994237e+00  6.000000e+01
     vertex  6.489712e+01  4.998941e+00  6.000000e+01
     vertex  6.476001e+01  4.994237e+00  4.500000e+01
   endloop
 endfacet
 facet normal -6.169515e-02  9.980950e-01  0.000000e+00
   outer loop
     vertex  6.462309e+01  4.985774e+00  6.000000e+01
     vertex  6.476001e+01  4.994237e+00  6.000000e+01
     vertex  6.462309e+01  4.985774e+00  4.500000e+01
   endloop
 endfacet
 facet normal -8.905371e-02  9.960268e-01  0.000000e+00
   outer loop
     vertex  6.448645e+01  4.973557e+00  6.000000e+01
     vertex  6.462309e+01  4.985774e+00  6.000000e+01
     vertex  6.462309e+01  4.985774e+00  4.500000e+01
   endloop
 endfacet
 facet normal -8.905371e-02  9.960268e-01  0.000000e+00
   outer loop
     vertex  6.448645e+01  4.973557e+00  6.000000e+01
     vertex  6.462309e+01  4.985774e+00  4.500000e+01
     vertex  6.448645e+01  4.973557e+00  4.500000e+01
   endloop
 endfacet
 facet normal -1.163452e-01  9.932088e-01  0.000000e+00
   outer loop
     vertex  6.448645e+01  4.973557e+00  6.000000e+01
     vertex  6.448645e+01  4.973557e+00  4.500000e+01
     vertex  6.435020e+01  4.957597e+00  4.500000e+01
   endloop
 endfacet
 facet normal -1.163452e-01  9.932088e-01  0.000000e+00
   outer loop
     vertex  6.435020e+01  4.957597e+00  6.000000e+01
     vertex  6.448645e+01  4.973557e+00  6.000000e+01
     vertex  6.435020e+01  4.957597e+00  4.500000e+01
   endloop
 endfacet
 facet normal -1.435492e-01  9.896432e-01  0.000000e+00
   outer loop
     vertex  6.421444e+01  4.937904e+00  6.000000e+01
     vertex  6.435020e+01  4.957597e+00  6.000000e+01
     vertex  6.435020e+01  4.957597e+00  4.500000e+01
   endloop
 endfacet
 facet normal -1.435492e-01  9.896432e-01  0.000000e+00
   outer loop
     vertex  6.421444e+01  4.937904e+00  6.000000e+01
     vertex  6.435020e+01  4.957597e+00  4.500000e+01
     vertex  6.421444e+01  4.937904e+00  4.500000e+01
   endloop
 endfacet
 facet normal -1.706451e-01  9.853326e-01  0.000000e+00
   outer loop
     vertex  6.421444e+01  4.937904e+00  6.000000e+01
     vertex  6.421444e+01  4.937904e+00  4.500000e+01
     vertex  6.407927e+01  4.914494e+00  4.500000e+01
   endloop
 endfacet
 facet normal -1.706451e-01  9.853326e-01  0.000000e+00
   outer loop
     vertex  6.407927e+01  4.914494e+00  6.000000e+01
     vertex  6.421444e+01  4.937904e+00  6.000000e+01
     vertex  6.407927e+01  4.914494e+00  4.500000e+01
   endloop
 endfacet
 facet normal -1.976125e-01  9.802802e-01  0.000000e+00
   outer loop
     vertex  6.394479e+01  4.887385e+00  6.000000e+01
     vertex  6.407927e+01  4.914494e+00  6.000000e+01
     vertex  6.407927e+01  4.914494e+00  4.500000e+01
   endloop
 endfacet
 facet normal -1.976125e-01  9.802802e-01  0.000000e+00
   outer loop
     vertex  6.394479e+01  4.887385e+00  6.000000e+01
     vertex  6.407927e+01  4.914494e+00  4.500000e+01
     vertex  6.394479e+01  4.887385e+00  4.500000e+01
   endloop
 endfacet
 facet normal -2.244312e-01  9.744899e-01  0.000000e+00
   outer loop
     vertex  6.381111e+01  4.856597e+00  6.000000e+01
     vertex  6.394479e+01  4.887385e+00  6.000000e+01
     vertex  6.394479e+01  4.887385e+00  4.500000e+01
   endloop
 endfacet
 facet normal -2.244312e-01  9.744899e-01  0.000000e+00
   outer loop
     vertex  6.381111e+01  4.856597e+00  6.000000e+01
     vertex  6.394479e+01  4.887385e+00  4.500000e+01
     vertex  6.381111e+01  4.856597e+00  4.500000e+01
   endloop
 endfacet
 facet normal -2.510809e-01  9.679661e-01  0.000000e+00
   outer loop
     vertex  6.367832e+01  4.822153e+00  6.000000e+01
     vertex  6.381111e+01  4.856597e+00  6.000000e+01
     vertex  6.381111e+01  4.856597e+00  4.500000e+01
   endloop
 endfacet
 facet normal -2.510809e-01  9.679661e-01  0.000000e+00
   outer loop
     vertex  6.367832e+01  4.822153e+00  6.000000e+01
     vertex  6.381111e+01  4.856597e+00  4.500000e+01
     vertex  6.367832e+01  4.822153e+00  4.500000e+01
   endloop
 endfacet
 facet normal -2.775416e-01  9.607136e-01  0.000000e+00
   outer loop
     vertex  6.354653e+01  4.784079e+00  6.000000e+01
     vertex  6.367832e+01  4.822153e+00  6.000000e+01
     vertex  6.367832e+01  4.822153e+00  4.500000e+01
   endloop
 endfacet
 facet normal -2.775416e-01  9.607136e-01  0.000000e+00
   outer loop
     vertex  6.354653e+01  4.784079e+00  6.000000e+01
     vertex  6.367832e+01  4.822153e+00  4.500000e+01
     vertex  6.354653e+01  4.784079e+00  4.500000e+01
   endloop
 endfacet
 facet normal -3.037934e-01  9.527379e-01  0.000000e+00
   outer loop
     vertex  6.341583e+01  4.742404e+00  6.000000e+01
     vertex  6.354653e+01  4.784079e+00  6.000000e+01
     vertex  6.354653e+01  4.784079e+00  4.500000e+01
   endloop
 endfacet
 facet normal -3.037934e-01  9.527379e-01  0.000000e+00
   outer loop
     vertex  6.341583e+01  4.742404e+00  6.000000e+01
     vertex  6.354653e+01  4.784079e+00  4.500000e+01
     vertex  6.341583e+01  4.742404e+00  4.500000e+01
   endloop
 endfacet
 facet normal -3.298166e-01  9.440450e-01  0.000000e+00
   outer loop
     vertex  6.341583e+01  4.742404e+00  6.000000e+01
     vertex  6.341583e+01  4.742404e+00  4.500000e+01
     vertex  6.328632e+01  4.697158e+00  4.500000e+01
   endloop
 endfacet
 facet normal -3.298166e-01  9.440450e-01  0.000000e+00
   outer loop
     vertex  6.328632e+01  4.697158e+00  6.000000e+01
     vertex  6.341583e+01  4.742404e+00  6.000000e+01
     vertex  6.328632e+01  4.697158e+00  4.500000e+01
   endloop
 endfacet
 facet normal -3.555914e-01  9.346415e-01  0.000000e+00
   outer loop
     vertex  6.315810e+01  4.648377e+00  6.000000e+01
     vertex  6.328632e+01  4.697158e+00  6.000000e+01
     vertex  6.328632e+01  4.697158e+00  4.500000e+01
   endloop
 endfacet
 facet normal -3.555914e-01  9.346415e-01  0.000000e+00
   outer loop
     vertex  6.315810e+01  4.648377e+00  6.000000e+01
     vertex  6.328632e+01  4.697158e+00  4.500000e+01
     vertex  6.315810e+01  4.648377e+00  4.500000e+01
   endloop
 endfacet
 facet normal -3.810986e-01  9.245344e-01  0.000000e+00
   outer loop
     vertex  6.315810e+01  4.648377e+00  6.000000e+01
     vertex  6.315810e+01  4.648377e+00  4.500000e+01
     vertex  6.303127e+01  4.596097e+00  4.500000e+01
   endloop
 endfacet
 facet normal -4.063188e-01  9.137314e-01  0.000000e+00
   outer loop
     vertex  6.303127e+01  4.596097e+00  6.000000e+01
     vertex  6.303127e+01  4.596097e+00  4.500000e+01
     vertex  6.290592e+01  4.540357e+00  4.500000e+01
   endloop
 endfacet
 facet normal -3.810986e-01  9.245344e-01  0.000000e+00
   outer loop
     vertex  6.303127e+01  4.596097e+00  6.000000e+01
     vertex  6.315810e+01  4.648377e+00  6.000000e+01
     vertex  6.303127e+01  4.596097e+00  4.500000e+01
   endloop
 endfacet
 facet normal -4.063188e-01  9.137314e-01  0.000000e+00
   outer loop
     vertex  6.290592e+01  4.540357e+00  6.000000e+01
     vertex  6.303127e+01  4.596097e+00  6.000000e+01
     vertex  6.290592e+01  4.540357e+00  4.500000e+01
   endloop
 endfacet
 facet normal -4.312333e-01  9.022405e-01  0.000000e+00
   outer loop
     vertex  6.278215e+01  4.481199e+00  6.000000e+01
     vertex  6.290592e+01  4.540357e+00  4.500000e+01
     vertex  6.278215e+01  4.481199e+00  4.500000e+01
   endloop
 endfacet
 facet normal -4.558231e-01  8.900704e-01  0.000000e+00
   outer loop
     vertex  6.278215e+01  4.481199e+00  6.000000e+01
     vertex  6.278215e+01  4.481199e+00  4.500000e+01
     vertex  6.266005e+01  4.418668e+00  4.500000e+01
   endloop
 endfacet
 facet normal -4.312333e-01  9.022405e-01  0.000000e+00
   outer loop
     vertex  6.278215e+01  4.481199e+00  6.000000e+01
     vertex  6.290592e+01  4.540357e+00  6.000000e+01
     vertex  6.290592e+01  4.540357e+00  4.500000e+01
   endloop
 endfacet
 facet normal -4.800697e-01  8.772303e-01  0.000000e+00
   outer loop
     vertex  6.266005e+01  4.418668e+00  6.000000e+01
     vertex  6.266005e+01  4.418668e+00  4.500000e+01
     vertex  6.253971e+01  4.352810e+00  4.500000e+01
   endloop
 endfacet
 facet normal -4.558231e-01  8.900704e-01  0.000000e+00
   outer loop
     vertex  6.266005e+01  4.418668e+00  6.000000e+01
     vertex  6.278215e+01  4.481199e+00  6.000000e+01
     vertex  6.266005e+01  4.418668e+00  4.500000e+01
   endloop
 endfacet
 facet normal -4.800697e-01  8.772303e-01  0.000000e+00
   outer loop
     vertex  6.253971e+01  4.352810e+00  6.000000e+01
     vertex  6.266005e+01  4.418668e+00  6.000000e+01
     vertex  6.253971e+01  4.352810e+00  4.500000e+01
   endloop
 endfacet
 facet normal -5.039550e-01  8.637299e-01  0.000000e+00
   outer loop
     vertex  6.242122e+01  4.283676e+00  6.000000e+01
     vertex  6.253971e+01  4.352810e+00  4.500000e+01
     vertex  6.242122e+01  4.283676e+00  4.500000e+01
   endloop
 endfacet
 facet normal -5.039550e-01  8.637299e-01  0.000000e+00
   outer loop
     vertex  6.242122e+01  4.283676e+00  6.000000e+01
     vertex  6.253971e+01  4.352810e+00  6.000000e+01
     vertex  6.253971e+01  4.352810e+00  4.500000e+01
   endloop
 endfacet
 facet normal -5.274609e-01  8.495793e-01  0.000000e+00
   outer loop
     vertex  6.230467e+01  4.211317e+00  6.000000e+01
     vertex  6.242122e+01  4.283676e+00  4.500000e+01
     vertex  6.230467e+01  4.211317e+00  4.500000e+01
   endloop
 endfacet
 facet normal -5.274609e-01  8.495793e-01  0.000000e+00
   outer loop
     vertex  6.230467e+01  4.211317e+00  6.000000e+01
     vertex  6.242122e+01  4.283676e+00  6.000000e+01
     vertex  6.242122e+01  4.283676e+00  4.500000e+01
   endloop
 endfacet
 facet normal -5.505698e-01  8.347891e-01  0.000000e+00
   outer loop
     vertex  6.219015e+01  4.135788e+00  6.000000e+01
     vertex  6.230467e+01  4.211317e+00  4.500000e+01
     vertex  6.219015e+01  4.135788e+00  4.500000e+01
   endloop
 endfacet
 facet normal -5.732642e-01  8.193706e-01  0.000000e+00
   outer loop
     vertex  6.219015e+01  4.135788e+00  6.000000e+01
     vertex  6.219015e+01  4.135788e+00  4.500000e+01
     vertex  6.207775e+01  4.057146e+00  4.500000e+01
   endloop
 endfacet
 facet normal -5.505698e-01  8.347891e-01  0.000000e+00
   outer loop
     vertex  6.219015e+01  4.135788e+00  6.000000e+01
     vertex  6.230467e+01  4.211317e+00  6.000000e+01
     vertex  6.230467e+01  4.211317e+00  4.500000e+01
   endloop
 endfacet
 facet normal -5.732642e-01  8.193706e-01  0.000000e+00
   outer loop
     vertex  6.207775e+01  4.057146e+00  6.000000e+01
     vertex  6.219015e+01  4.135788e+00  6.000000e+01
     vertex  6.207775e+01  4.057146e+00  4.500000e+01
   endloop
 endfacet
 facet normal -5.955271e-01  8.033352e-01  0.000000e+00
   outer loop
     vertex  6.196754e+01  3.975450e+00  6.000000e+01
     vertex  6.207775e+01  4.057146e+00  4.500000e+01
     vertex  6.196754e+01  3.975450e+00  4.500000e+01
   endloop
 endfacet
 facet normal -5.955271e-01  8.033352e-01  0.000000e+00
   outer loop
     vertex  6.196754e+01  3.975450e+00  6.000000e+01
     vertex  6.207775e+01  4.057146e+00  6.000000e+01
     vertex  6.207775e+01  4.057146e+00  4.500000e+01
   endloop
 endfacet
 facet normal -6.173417e-01  7.866951e-01  0.000000e+00
   outer loop
     vertex  6.185962e+01  3.890761e+00  6.000000e+01
     vertex  6.196754e+01  3.975450e+00  4.500000e+01
     vertex  6.185962e+01  3.890761e+00  4.500000e+01
   endloop
 endfacet
 facet normal -6.173417e-01  7.866951e-01  0.000000e+00
   outer loop
     vertex  6.185962e+01  3.890761e+00  6.000000e+01
     vertex  6.196754e+01  3.975450e+00  6.000000e+01
     vertex  6.196754e+01  3.975450e+00  4.500000e+01
   endloop
 endfacet
 facet normal -6.386916e-01  7.694628e-01  0.000000e+00
   outer loop
     vertex  6.175406e+01  3.803143e+00  6.000000e+01
     vertex  6.185962e+01  3.890761e+00  4.500000e+01
     vertex  6.175406e+01  3.803143e+00  4.500000e+01
   endloop
 endfacet
 facet normal -6.595607e-01  7.516513e-01  0.000000e+00
   outer loop
     vertex  6.175406e+01  3.803143e+00  6.000000e+01
     vertex  6.175406e+01  3.803143e+00  4.500000e+01
     vertex  6.165095e+01  3.712663e+00  4.500000e+01
   endloop
 endfacet
 facet normal -6.386916e-01  7.694628e-01  0.000000e+00
   outer loop
     vertex  6.175406e+01  3.803143e+00  6.000000e+01
     vertex  6.185962e+01  3.890761e+00  6.000000e+01
     vertex  6.185962e+01  3.890761e+00  4.500000e+01
   endloop
 endfacet
 facet normal -6.595607e-01  7.516513e-01  0.000000e+00
   outer loop
     vertex  6.165095e+01  3.712663e+00  6.000000e+01
     vertex  6.175406e+01  3.803143e+00  6.000000e+01
     vertex  6.165095e+01  3.712663e+00  4.500000e+01
   endloop
 endfacet
 facet normal -6.799333e-01  7.332740e-01  0.000000e+00
   outer loop
     vertex  6.155036e+01  3.619387e+00  6.000000e+01
     vertex  6.165095e+01  3.712663e+00  4.500000e+01
     vertex  6.155036e+01  3.619387e+00  4.500000e+01
   endloop
 endfacet
 facet normal -6.799333e-01  7.332740e-01  0.000000e+00
   outer loop
     vertex  6.155036e+01  3.619387e+00  6.000000e+01
     vertex  6.165095e+01  3.712663e+00  6.000000e+01
     vertex  6.165095e+01  3.712663e+00  4.500000e+01
   endloop
 endfacet
 facet normal -6.997940e-01  7.143447e-01  0.000000e+00
   outer loop
     vertex  6.145236e+01  3.523387e+00  6.000000e+01
     vertex  6.155036e+01  3.619387e+00  4.500000e+01
     vertex  6.145236e+01  3.523387e+00  4.500000e+01
   endloop
 endfacet
 facet normal -7.191280e-01  6.948776e-01  0.000000e+00
   outer loop
     vertex  6.145236e+01  3.523387e+00  6.000000e+01
     vertex  6.145236e+01  3.523387e+00  4.500000e+01
     vertex  6.135704e+01  3.424735e+00  4.500000e+01
   endloop
 endfacet
 facet normal -6.997940e-01  7.143447e-01  0.000000e+00
   outer loop
     vertex  6.145236e+01  3.523387e+00  6.000000e+01
     vertex  6.155036e+01  3.619387e+00  6.000000e+01
     vertex  6.155036e+01  3.619387e+00  4.500000e+01
   endloop
 endfacet
 facet normal -7.191280e-01  6.948776e-01  0.000000e+00
   outer loop
     vertex  6.135704e+01  3.424735e+00  6.000000e+01
     vertex  6.145236e+01  3.523387e+00  6.000000e+01
     vertex  6.135704e+01  3.424735e+00  4.500000e+01
   endloop
 endfacet
 facet normal -7.379206e-01  6.748875e-01  0.000000e+00
   outer loop
     vertex  6.126445e+01  3.323505e+00  6.000000e+01
     vertex  6.135704e+01  3.424735e+00  6.000000e+01
     vertex  6.135704e+01  3.424735e+00  4.500000e+01
   endloop
 endfacet
 facet normal -7.379206e-01  6.748875e-01  0.000000e+00
   outer loop
     vertex  6.126445e+01  3.323505e+00  6.000000e+01
     vertex  6.135704e+01  3.424735e+00  4.500000e+01
     vertex  6.126445e+01  3.323505e+00  4.500000e+01
   endloop
 endfacet
 facet normal -7.561578e-01  6.543893e-01  0.000000e+00
   outer loop
     vertex  6.126445e+01  3.323505e+00  6.000000e+01
     vertex  6.126445e+01  3.323505e+00  4.500000e+01
     vertex  6.117468e+01  3.219773e+00  4.500000e+01
   endloop
 endfacet
 facet normal -7.561578e-01  6.543893e-01  0.000000e+00
   outer loop
     vertex  6.117468e+01  3.219773e+00  6.000000e+01
     vertex  6.126445e+01  3.323505e+00  6.000000e+01
     vertex  6.117468e+01  3.219773e+00  4.500000e+01
   endloop
 endfacet
 facet normal -7.738257e-01  6.333986e-01  0.000000e+00
   outer loop
     vertex  6.108779e+01  3.113617e+00  6.000000e+01
     vertex  6.117468e+01  3.219773e+00  4.500000e+01
     vertex  6.108779e+01  3.113617e+00  4.500000e+01
   endloop
 endfacet
 facet normal -7.909112e-01  6.119310e-01  0.000000e+00
   outer loop
     vertex  6.108779e+01  3.113617e+00  6.000000e+01
     vertex  6.108779e+01  3.113617e+00  4.500000e+01
     vertex  6.100384e+01  3.005117e+00  4.500000e+01
   endloop
 endfacet
 facet normal -7.738257e-01  6.333986e-01  0.000000e+00
   outer loop
     vertex  6.108779e+01  3.113617e+00  6.000000e+01
     vertex  6.117468e+01  3.219773e+00  6.000000e+01
     vertex  6.117468e+01  3.219773e+00  4.500000e+01
   endloop
 endfacet
 facet normal -7.909112e-01  6.119310e-01  0.000000e+00
   outer loop
     vertex  6.100384e+01  3.005117e+00  6.000000e+01
     vertex  6.108779e+01  3.113617e+00  6.000000e+01
     vertex  6.100384e+01  3.005117e+00  4.500000e+01
   endloop
 endfacet
 facet normal -8.074012e-01  5.900028e-01  0.000000e+00
   outer loop
     vertex  6.092290e+01  2.894355e+00  6.000000e+01
     vertex  6.100384e+01  3.005117e+00  4.500000e+01
     vertex  6.092290e+01  2.894355e+00  4.500000e+01
   endloop
 endfacet
 facet normal -8.074012e-01  5.900028e-01  0.000000e+00
   outer loop
     vertex  6.092290e+01  2.894355e+00  6.000000e+01
     vertex  6.100384e+01  3.005117e+00  6.000000e+01
     vertex  6.100384e+01  3.005117e+00  4.500000e+01
   endloop
 endfacet
 facet normal -8.232835e-01  5.676304e-01  0.000000e+00
   outer loop
     vertex  6.084504e+01  2.781415e+00  6.000000e+01
     vertex  6.092290e+01  2.894355e+00  4.500000e+01
     vertex  6.084504e+01  2.781415e+00  4.500000e+01
   endloop
 endfacet
 facet normal -8.232835e-01  5.676304e-01  0.000000e+00
   outer loop
     vertex  6.084504e+01  2.781415e+00  6.000000e+01
     vertex  6.092290e+01  2.894355e+00  6.000000e+01
     vertex  6.092290e+01  2.894355e+00  4.500000e+01
   endloop
 endfacet
 facet normal -8.385460e-01  5.448308e-01  0.000000e+00
   outer loop
     vertex  6.077029e+01  2.666380e+00  6.000000e+01
     vertex  6.084504e+01  2.781415e+00  4.500000e+01
     vertex  6.077029e+01  2.666380e+00  4.500000e+01
   endloop
 endfacet
 facet normal -8.531773e-01  5.216210e-01  0.000000e+00
   outer loop
     vertex  6.077029e+01  2.666380e+00  6.000000e+01
     vertex  6.077029e+01  2.666380e+00  4.500000e+01
     vertex  6.069874e+01  2.549339e+00  4.500000e+01
   endloop
 endfacet
 facet normal -8.385460e-01  5.448308e-01  0.000000e+00
   outer loop
     vertex  6.077029e+01  2.666380e+00  6.000000e+01
     vertex  6.084504e+01  2.781415e+00  6.000000e+01
     vertex  6.084504e+01  2.781415e+00  4.500000e+01
   endloop
 endfacet
 facet normal -8.531773e-01  5.216210e-01  0.000000e+00
   outer loop
     vertex  6.069874e+01  2.549339e+00  6.000000e+01
     vertex  6.077029e+01  2.666380e+00  6.000000e+01
     vertex  6.069874e+01  2.549339e+00  4.500000e+01
   endloop
 endfacet
 facet normal -8.671664e-01  4.980186e-01  0.000000e+00
   outer loop
     vertex  6.063042e+01  2.430378e+00  6.000000e+01
     vertex  6.069874e+01  2.549339e+00  4.500000e+01
     vertex  6.063042e+01  2.430378e+00  4.500000e+01
   endloop
 endfacet
 facet normal -8.671664e-01  4.980186e-01  0.000000e+00
   outer loop
     vertex  6.063042e+01  2.430378e+00  6.000000e+01
     vertex  6.069874e+01  2.549339e+00  6.000000e+01
     vertex  6.069874e+01  2.549339e+00  4.500000e+01
   endloop
 endfacet
 facet normal -8.805026e-01  4.740412e-01  0.000000e+00
   outer loop
     vertex  6.056539e+01  2.309588e+00  6.000000e+01
     vertex  6.063042e+01  2.430378e+00  4.500000e+01
     vertex  6.056539e+01  2.309588e+00  4.500000e+01
   endloop
 endfacet
 facet normal -8.931761e-01  4.497071e-01  0.000000e+00
   outer loop
     vertex  6.056539e+01  2.309588e+00  6.000000e+01
     vertex  6.056539e+01  2.309588e+00  4.500000e+01
     vertex  6.050369e+01  2.187059e+00  4.500000e+01
   endloop
 endfacet
 facet normal -8.805026e-01  4.740412e-01  0.000000e+00
   outer loop
     vertex  6.056539e+01  2.309588e+00  6.000000e+01
     vertex  6.063042e+01  2.430378e+00  6.000000e+01
     vertex  6.063042e+01  2.430378e+00  4.500000e+01
   endloop
 endfacet
 facet normal -9.051772e-01  4.250344e-01  0.000000e+00
   outer loop
     vertex  6.050369e+01  2.187059e+00  6.000000e+01
     vertex  6.050369e+01  2.187059e+00  4.500000e+01
     vertex  6.044539e+01  2.062884e+00  4.500000e+01
   endloop
 endfacet
 facet normal -8.931761e-01  4.497071e-01  0.000000e+00
   outer loop
     vertex  6.050369e+01  2.187059e+00  6.000000e+01
     vertex  6.056539e+01  2.309588e+00  6.000000e+01
     vertex  6.050369e+01  2.187059e+00  4.500000e+01
   endloop
 endfacet
 facet normal -9.051772e-01  4.250344e-01  0.000000e+00
   outer loop
     vertex  6.044539e+01  2.062884e+00  6.000000e+01
     vertex  6.050369e+01  2.187059e+00  6.000000e+01
     vertex  6.044539e+01  2.062884e+00  4.500000e+01
   endloop
 endfacet
 facet normal -9.164969e-01  4.000417e-01  0.000000e+00
   outer loop
     vertex  6.039051e+01  1.937156e+00  6.000000e+01
     vertex  6.044539e+01  2.062884e+00  4.500000e+01
     vertex  6.039051e+01  1.937156e+00  4.500000e+01
   endloop
 endfacet
 facet normal -9.164969e-01  4.000417e-01  0.000000e+00
   outer loop
     vertex  6.039051e+01  1.937156e+00  6.000000e+01
     vertex  6.044539e+01  2.062884e+00  6.000000e+01
     vertex  6.044539e+01  2.062884e+00  4.500000e+01
   endloop
 endfacet
 facet normal -9.271267e-01  3.747479e-01  0.000000e+00
   outer loop
     vertex  6.033910e+01  1.809970e+00  6.000000e+01
     vertex  6.039051e+01  1.937156e+00  4.500000e+01
     vertex  6.033910e+01  1.809970e+00  4.500000e+01
   endloop
 endfacet
 facet normal -9.271267e-01  3.747479e-01  0.000000e+00
   outer loop
     vertex  6.033910e+01  1.809970e+00  6.000000e+01
     vertex  6.039051e+01  1.937156e+00  6.000000e+01
     vertex  6.039051e+01  1.937156e+00  4.500000e+01
   endloop
 endfacet
 facet normal -9.370586e-01  3.491720e-01  0.000000e+00
   outer loop
     vertex  6.029120e+01  1.681422e+00  6.000000e+01
     vertex  6.033910e+01  1.809970e+00  4.500000e+01
     vertex  6.029120e+01  1.681422e+00  4.500000e+01
   endloop
 endfacet
 facet normal -9.370586e-01  3.491720e-01  0.000000e+00
   outer loop
     vertex  6.029120e+01  1.681422e+00  6.000000e+01
     vertex  6.033910e+01  1.809970e+00  6.000000e+01
     vertex  6.033910e+01  1.809970e+00  4.500000e+01
   endloop
 endfacet
 facet normal -9.462851e-01  3.233333e-01  0.000000e+00
   outer loop
     vertex  6.024684e+01  1.551607e+00  6.000000e+01
     vertex  6.029120e+01  1.681422e+00  4.500000e+01
     vertex  6.024684e+01  1.551607e+00  4.500000e+01
   endloop
 endfacet
 facet normal -9.462851e-01  3.233333e-01  0.000000e+00
   outer loop
     vertex  6.024684e+01  1.551607e+00  6.000000e+01
     vertex  6.029120e+01  1.681422e+00  6.000000e+01
     vertex  6.029120e+01  1.681422e+00  4.500000e+01
   endloop
 endfacet
 facet normal -9.547993e-01  2.972512e-01  0.000000e+00
   outer loop
     vertex  6.020606e+01  1.420625e+00  6.000000e+01
     vertex  6.024684e+01  1.551607e+00  4.500000e+01
     vertex  6.020606e+01  1.420625e+00  4.500000e+01
   endloop
 endfacet
 facet normal -9.547993e-01  2.972512e-01  0.000000e+00
   outer loop
     vertex  6.020606e+01  1.420625e+00  6.000000e+01
     vertex  6.024684e+01  1.551607e+00  6.000000e+01
     vertex  6.024684e+01  1.551607e+00  4.500000e+01
   endloop
 endfacet
 facet normal -9.625948e-01  2.709453e-01  0.000000e+00
   outer loop
     vertex  6.016889e+01  1.288573e+00  6.000000e+01
     vertex  6.020606e+01  1.420625e+00  4.500000e+01
     vertex  6.016889e+01  1.288573e+00  4.500000e+01
   endloop
 endfacet
 facet normal -9.696656e-01  2.444354e-01  0.000000e+00
   outer loop
     vertex  6.016889e+01  1.288573e+00  6.000000e+01
     vertex  6.016889e+01  1.288573e+00  4.500000e+01
     vertex  6.013536e+01  1.155551e+00  4.500000e+01
   endloop
 endfacet
 facet normal -9.625948e-01  2.709453e-01  0.000000e+00
   outer loop
     vertex  6.016889e+01  1.288573e+00  6.000000e+01
     vertex  6.020606e+01  1.420625e+00  6.000000e+01
     vertex  6.020606e+01  1.420625e+00  4.500000e+01
   endloop
 endfacet
 facet normal -9.696656e-01  2.444354e-01  0.000000e+00
   outer loop
     vertex  6.013536e+01  1.155551e+00  6.000000e+01
     vertex  6.016889e+01  1.288573e+00  6.000000e+01
     vertex  6.013536e+01  1.155551e+00  4.500000e+01
   endloop
 endfacet
 facet normal -9.760065e-01  2.177416e-01  0.000000e+00
   outer loop
     vertex  6.010549e+01  1.021660e+00  6.000000e+01
     vertex  6.013536e+01  1.155551e+00  4.500000e+01
     vertex  6.010549e+01  1.021660e+00  4.500000e+01
   endloop
 endfacet
 facet normal -9.760065e-01  2.177416e-01  0.000000e+00
   outer loop
     vertex  6.010549e+01  1.021660e+00  6.000000e+01
     vertex  6.013536e+01  1.155551e+00  6.000000e+01
     vertex  6.013536e+01  1.155551e+00  4.500000e+01
   endloop
 endfacet
 facet normal -9.816126e-01  1.908838e-01  0.000000e+00
   outer loop
     vertex  6.007931e+01  8.869989e-01  6.000000e+01
     vertex  6.010549e+01  1.021660e+00  4.500000e+01
     vertex  6.007931e+01  8.869989e-01  4.500000e+01
   endloop
 endfacet
 facet normal -9.816126e-01  1.908838e-01  0.000000e+00
   outer loop
     vertex  6.007931e+01  8.869989e-01  6.000000e+01
     vertex  6.010549e+01  1.021660e+00  6.000000e+01
     vertex  6.010549e+01  1.021660e+00  4.500000e+01
   endloop
 endfacet
 facet normal -9.864799e-01  1.638824e-01  0.000000e+00
   outer loop
     vertex  6.005682e+01  7.516705e-01  6.000000e+01
     vertex  6.007931e+01  8.869989e-01  4.500000e+01
     vertex  6.005682e+01  7.516705e-01  4.500000e+01
   endloop
 endfacet
 facet normal -9.906046e-01  1.367575e-01  0.000000e+00
   outer loop
     vertex  6.005682e+01  7.516705e-01  6.000000e+01
     vertex  6.005682e+01  7.516705e-01  4.500000e+01
     vertex  6.003806e+01  6.157762e-01  4.500000e+01
   endloop
 endfacet
 facet normal -9.864799e-01  1.638824e-01  0.000000e+00
   outer loop
     vertex  6.005682e+01  7.516705e-01  6.000000e+01
     vertex  6.007931e+01  8.869989e-01  6.000000e+01
     vertex  6.007931e+01  8.869989e-01  4.500000e+01
   endloop
 endfacet
 facet normal -9.906046e-01  1.367575e-01  0.000000e+00
   outer loop
     vertex  6.003806e+01  6.157762e-01  6.000000e+01
     vertex  6.005682e+01  7.516705e-01  6.000000e+01
     vertex  6.003806e+01  6.157762e-01  4.500000e+01
   endloop
 endfacet
 facet normal -9.939835e-01  1.095298e-01  0.000000e+00
   outer loop
     vertex  6.002304e+01  4.794184e-01  6.000000e+01
     vertex  6.003806e+01  6.157762e-01  6.000000e+01
     vertex  6.003806e+01  6.157762e-01  4.500000e+01
   endloop
 endfacet
 facet normal -9.939835e-01  1.095298e-01  0.000000e+00
   outer loop
     vertex  6.002304e+01  4.794184e-01  6.000000e+01
     vertex  6.003806e+01  6.157762e-01  4.500000e+01
     vertex  6.002304e+01  4.794184e-01  4.500000e+01
   endloop
 endfacet
 facet normal -9.966142e-01  8.221955e-02  0.000000e+00
   outer loop
     vertex  6.001176e+01  3.426997e-01  6.000000e+01
     vertex  6.002304e+01  4.794184e-01  6.000000e+01
     vertex  6.002304e+01  4.794184e-01  4.500000e+01
   endloop
 endfacet
 facet normal -9.966142e-01  8.221955e-02  0.000000e+00
   outer loop
     vertex  6.001176e+01  3.426997e-01  6.000000e+01
     vertex  6.002304e+01  4.794184e-01  4.500000e+01
     vertex  6.001176e+01  3.426997e-01  4.500000e+01
   endloop
 endfacet
 facet normal -9.984947e-01  5.484744e-02  0.000000e+00
   outer loop
     vertex  6.001176e+01  3.426997e-01  6.000000e+01
     vertex  6.001176e+01  3.426997e-01  4.500000e+01
     vertex  6.000423e+01  2.057231e-01  4.500000e+01
   endloop
 endfacet
 facet normal -9.984947e-01  5.484744e-02  0.000000e+00
   outer loop
     vertex  6.000423e+01  2.057231e-01  6.000000e+01
     vertex  6.001176e+01  3.426997e-01  6.000000e+01
     vertex  6.000423e+01  2.057231e-01  4.500000e+01
   endloop
 endfacet
 facet normal -9.996236e-01  2.743405e-02  0.000000e+00
   outer loop
     vertex  6.000047e+01  6.859157e-02  6.000000e+01
     vertex  6.000423e+01  2.057231e-01  6.000000e+01
     vertex  6.000423e+01  2.057231e-01  4.500000e+01
   endloop
 endfacet
 facet normal -9.996236e-01  2.743405e-02  0.000000e+00
   outer loop
     vertex  6.000047e+01  6.859157e-02  6.000000e+01
     vertex  6.000423e+01  2.057231e-01  4.500000e+01
     vertex  6.000047e+01  6.859157e-02  4.500000e+01
   endloop
 endfacet
 facet normal -1.000000e+00  0.000000e+00  0.000000e+00
   outer loop
     vertex  6.000047e+01 -6.859157e-02  6.000000e+01
     vertex  6.000047e+01  6.859157e-02  6.000000e+01
     vertex  6.000047e+01  6.859157e-02  4.500000e+01
   endloop
 endfacet
 facet normal -1.000000e+00  0.000000e+00  0.000000e+00
   outer loop
     vertex  6.000047e+01 -6.859157e-02  6.000000e+01
     vertex  6.000047e+01  6.859157e-02  4.500000e+01
     vertex  6.000047e+01 -6.859157e-02  4.500000e+01
   endloop
 endfacet
 facet normal -9.996236e-01 -2.743405e-02  0.000000e+00
   outer loop
     vertex  6.000423e+01 -2.057231e-01  6.000000e+01
     vertex  6.000047e+01 -6.859157e-02  6.000000e+01
     vertex  6.000047e+01 -6.859157e-02  4.500000e+01
   endloop
 endfacet
 facet normal -9.996236e-01 -2.743405e-02 -0.000000e+00
   outer loop
     vertex  6.000423e+01 -2.057231e-01  6.000000e+01
     vertex  6.000047e+01 -6.859157e-02  4.500000e+01
     vertex  6.000423e+01 -2.057231e-01  4.500000e+01
   endloop
 endfacet
 facet normal -9.984947e-01 -5.484744e-02 -0.000000e+00
   outer loop
     vertex  6.000423e+01 -2.057231e-01  6.000000e+01
     vertex  6.000423e+01 -2.057231e-01  4.500000e+01
     vertex  6.001176e+01 -3.426997e-01  4.500000e+01
   endloop
 endfacet
 facet normal -9.984947e-01 -5.484744e-02 -0.000000e+00
   outer loop
     vertex  6.001176e+01 -3.426997e-01  6.000000e+01
     vertex  6.000423e+01 -2.057231e-01  6.000000e+01
     vertex  6.001176e+01 -3.426997e-01  4.500000e+01
   endloop
 endfacet
 facet normal -9.966142e-01 -8.221955e-02  0.000000e+00
   outer loop
     vertex  6.002304e+01 -4.794184e-01  6.000000e+01
     vertex  6.001176e+01 -3.426997e-01  6.000000e+01
     vertex  6.001176e+01 -3.426997e-01  4.500000e+01
   endloop
 endfacet
 facet normal -9.966142e-01 -8.221955e-02 -0.000000e+00
   outer loop
     vertex  6.002304e+01 -4.794184e-01  6.000000e+01
     vertex  6.001176e+01 -3.426997e-01  4.500000e+01
     vertex  6.002304e+01 -4.794184e-01  4.500000e+01
   endloop
 endfacet
 facet normal -9.939835e-01 -1.095298e-01  0.000000e+00
   outer loop
     vertex  6.003806e+01 -6.157762e-01  6.000000e+01
     vertex  6.002304e+01 -4.794184e-01  6.000000e+01
     vertex  6.002304e+01 -4.794184e-01  4.500000e+01
   endloop
 endfacet
 facet normal -9.939835e-01 -1.095298e-01 -0.000000e+00
   outer loop
     vertex  6.003806e+01 -6.157762e-01  6.000000e+01
     vertex  6.002304e+01 -4.794184e-01  4.500000e+01
     vertex  6.003806e+01 -6.157762e-01  4.500000e+01
   endloop
 endfacet
 facet normal -9.906046e-01 -1.367575e-01 -0.000000e+00
   outer loop
     vertex  6.003806e+01 -6.157762e-01  6.000000e+01
     vertex  6.003806e+01 -6.157762e-01  4.500000e+01
     vertex  6.005682e+01 -7.516705e-01  4.500000e+01
   endloop
 endfacet
 facet normal -9.906046e-01 -1.367575e-01 -0.000000e+00
   outer loop
     vertex  6.005682e+01 -7.516705e-01  6.000000e+01
     vertex  6.003806e+01 -6.157762e-01  6.000000e+01
     vertex  6.005682e+01 -7.516705e-01  4.500000e+01
   endloop
 endfacet
 facet normal -9.864799e-01 -1.638824e-01 -0.000000e+00
   outer loop
     vertex  6.005682e+01 -7.516705e-01  6.000000e+01
     vertex  6.005682e+01 -7.516705e-01  4.500000e+01
     vertex  6.007931e+01 -8.869989e-01  4.500000e+01
   endloop
 endfacet
 facet normal -9.864799e-01 -1.638824e-01 -0.000000e+00
   outer loop
     vertex  6.007931e+01 -8.869989e-01  6.000000e+01
     vertex  6.005682e+01 -7.516705e-01  6.000000e+01
     vertex  6.007931e+01 -8.869989e-01  4.500000e+01
   endloop
 endfacet
 facet normal -9.816126e-01 -1.908838e-01  0.000000e+00
   outer loop
     vertex  6.010549e+01 -1.021660e+00  6.000000e+01
     vertex  6.007931e+01 -8.869989e-01  6.000000e+01
     vertex  6.007931e+01 -8.869989e-01  4.500000e+01
   endloop
 endfacet
 facet normal -9.816126e-01 -1.908838e-01 -0.000000e+00
   outer loop
     vertex  6.010549e+01 -1.021660e+00  6.000000e+01
     vertex  6.007931e+01 -8.869989e-01  4.500000e+01
     vertex  6.010549e+01 -1.021660e+00  4.500000e+01
   endloop
 endfacet
 facet normal -9.760065e-01 -2.177416e-01 -0.000000e+00
   outer loop
     vertex  6.013536e+01 -1.155551e+00  6.000000e+01
     vertex  6.010549e+01 -1.021660e+00  4.500000e+01
     vertex  6.013536e+01 -1.155551e+00  4.500000e+01
   endloop
 endfacet
 facet normal -9.760065e-01 -2.177416e-01  0.000000e+00
   outer loop
     vertex  6.013536e+01 -1.155551e+00  6.000000e+01
     vertex  6.010549e+01 -1.021660e+00  6.000000e+01
     vertex  6.010549e+01 -1.021660e+00  4.500000e+01
   endloop
 endfacet
 facet normal -9.696656e-01 -2.444354e-01 -0.000000e+00
   outer loop
     vertex  6.016889e+01 -1.288573e+00  6.000000e+01
     vertex  6.013536e+01 -1.155551e+00  4.500000e+01
     vertex  6.016889e+01 -1.288573e+00  4.500000e+01
   endloop
 endfacet
 facet normal -9.696656e-01 -2.444354e-01  0.000000e+00
   outer loop
     vertex  6.016889e+01 -1.288573e+00  6.000000e+01
     vertex  6.013536e+01 -1.155551e+00  6.000000e+01
     vertex  6.013536e+01 -1.155551e+00  4.500000e+01
   endloop
 endfacet
 facet normal -9.625948e-01 -2.709453e-01  0.000000e+00
   outer loop
     vertex  6.020606e+01 -1.420625e+00  6.000000e+01
     vertex  6.016889e+01 -1.288573e+00  6.000000e+01
     vertex  6.016889e+01 -1.288573e+00  4.500000e+01
   endloop
 endfacet
 facet normal -9.625948e-01 -2.709453e-01 -0.000000e+00
   outer loop
     vertex  6.020606e+01 -1.420625e+00  6.000000e+01
     vertex  6.016889e+01 -1.288573e+00  4.500000e+01
     vertex  6.020606e+01 -1.420625e+00  4.500000e+01
   endloop
 endfacet
 facet normal -9.547993e-01 -2.972512e-01 -0.000000e+00
   outer loop
     vertex  6.024684e+01 -1.551607e+00  6.000000e+01
     vertex  6.020606e+01 -1.420625e+00  4.500000e+01
     vertex  6.024684e+01 -1.551607e+00  4.500000e+01
   endloop
 endfacet
 facet normal -9.547993e-01 -2.972512e-01  0.000000e+00
   outer loop
     vertex  6.024684e+01 -1.551607e+00  6.000000e+01
     vertex  6.020606e+01 -1.420625e+00  6.000000e+01
     vertex  6.020606e+01 -1.420625e+00  4.500000e+01
   endloop
 endfacet
 facet normal -9.462851e-01 -3.233333e-01 -0.000000e+00
   outer loop
     vertex  6.029120e+01 -1.681422e+00  6.000000e+01
     vertex  6.024684e+01 -1.551607e+00  4.500000e+01
     vertex  6.029120e+01 -1.681422e+00  4.500000e+01
   endloop
 endfacet
 facet normal -9.462851e-01 -3.233333e-01  0.000000e+00
   outer loop
     vertex  6.029120e+01 -1.681422e+00  6.000000e+01
     vertex  6.024684e+01 -1.551607e+00  6.000000e+01
     vertex  6.024684e+01 -1.551607e+00  4.500000e+01
   endloop
 endfacet
 facet normal -9.370586e-01 -3.491720e-01 -0.000000e+00
   outer loop
     vertex  6.033910e+01 -1.809970e+00  6.000000e+01
     vertex  6.029120e+01 -1.681422e+00  4.500000e+01
     vertex  6.033910e+01 -1.809970e+00  4.500000e+01
   endloop
 endfacet
 facet normal -9.370586e-01 -3.491720e-01  0.000000e+00
   outer loop
     vertex  6.033910e+01 -1.809970e+00  6.000000e+01
     vertex  6.029120e+01 -1.681422e+00  6.000000e+01
     vertex  6.029120e+01 -1.681422e+00  4.500000e+01
   endloop
 endfacet
 facet normal -9.271267e-01 -3.747479e-01 -0.000000e+00
   outer loop
     vertex  6.039051e+01 -1.937156e+00  6.000000e+01
     vertex  6.033910e+01 -1.809970e+00  4.500000e+01
     vertex  6.039051e+01 -1.937156e+00  4.500000e+01
   endloop
 endfacet
 facet normal -9.271267e-01 -3.747479e-01  0.000000e+00
   outer loop
     vertex  6.039051e+01 -1.937156e+00  6.000000e+01
     vertex  6.033910e+01 -1.809970e+00  6.000000e+01
     vertex  6.033910e+01 -1.809970e+00  4.500000e+01
   endloop
 endfacet
 facet normal -9.164969e-01 -4.000417e-01 -0.000000e+00
   outer loop
     vertex  6.044539e+01 -2.062884e+00  6.000000e+01
     vertex  6.039051e+01 -1.937156e+00  4.500000e+01
     vertex  6.044539e+01 -2.062884e+00  4.500000e+01
   endloop
 endfacet
 facet normal -9.164969e-01 -4.000417e-01  0.000000e+00
   outer loop
     vertex  6.044539e+01 -2.062884e+00  6.000000e+01
     vertex  6.039051e+01 -1.937156e+00  6.000000e+01
     vertex  6.039051e+01 -1.937156e+00  4.500000e+01
   endloop
 endfacet
 facet normal -9.051772e-01 -4.250344e-01 -0.000000e+00
   outer loop
     vertex  6.050369e+01 -2.187059e+00  6.000000e+01
     vertex  6.044539e+01 -2.062884e+00  4.500000e+01
     vertex  6.050369e+01 -2.187059e+00  4.500000e+01
   endloop
 endfacet
 facet normal -9.051772e-01 -4.250344e-01  0.000000e+00
   outer loop
     vertex  6.050369e+01 -2.187059e+00  6.000000e+01
     vertex  6.044539e+01 -2.062884e+00  6.000000e+01
     vertex  6.044539e+01 -2.062884e+00  4.500000e+01
   endloop
 endfacet
 facet normal -8.931761e-01 -4.497071e-01 -0.000000e+00
   outer loop
     vertex  6.056539e+01 -2.309588e+00  6.000000e+01
     vertex  6.050369e+01 -2.187059e+00  4.500000e+01
     vertex  6.056539e+01 -2.309588e+00  4.500000e+01
   endloop
 endfacet
 facet normal -8.931761e-01 -4.497071e-01  0.000000e+00
   outer loop
     vertex  6.056539e+01 -2.309588e+00  6.000000e+01
     vertex  6.050369e+01 -2.187059e+00  6.000000e+01
     vertex  6.050369e+01 -2.187059e+00  4.500000e+01
   endloop
 endfacet
 facet normal -8.805026e-01 -4.740412e-01 -0.000000e+00
   outer loop
     vertex  6.063042e+01 -2.430378e+00  6.000000e+01
     vertex  6.056539e+01 -2.309588e+00  4.500000e+01
     vertex  6.063042e+01 -2.430378e+00  4.500000e+01
   endloop
 endfacet
 facet normal -8.805026e-01 -4.740412e-01  0.000000e+00
   outer loop
     vertex  6.063042e+01 -2.430378e+00  6.000000e+01
     vertex  6.056539e+01 -2.309588e+00  6.000000e+01
     vertex  6.056539e+01 -2.309588e+00  4.500000e+01
   endloop
 endfacet
 facet normal -8.671664e-01 -4.980186e-01 -0.000000e+00
   outer loop
     vertex  6.069874e+01 -2.549339e+00  6.000000e+01
     vertex  6.063042e+01 -2.430378e+00  4.500000e+01
     vertex  6.069874e+01 -2.549339e+00  4.500000e+01
   endloop
 endfacet
 facet normal -8.671664e-01 -4.980186e-01  0.000000e+00
   outer loop
     vertex  6.069874e+01 -2.549339e+00  6.000000e+01
     vertex  6.063042e+01 -2.430378e+00  6.000000e+01
     vertex  6.063042e+01 -2.430378e+00  4.500000e+01
   endloop
 endfacet
 facet normal -8.531773e-01 -5.216210e-01 -0.000000e+00
   outer loop
     vertex  6.077029e+01 -2.666380e+00  6.000000e+01
     vertex  6.069874e+01 -2.549339e+00  4.500000e+01
     vertex  6.077029e+01 -2.666380e+00  4.500000e+01
   endloop
 endfacet
 facet normal -8.385460e-01 -5.448308e-01 -0.000000e+00
   outer loop
     vertex  6.077029e+01 -2.666380e+00  6.000000e+01
     vertex  6.077029e+01 -2.666380e+00  4.500000e+01
     vertex  6.084504e+01 -2.781415e+00  4.500000e+01
   endloop
 endfacet
 facet normal -8.531773e-01 -5.216210e-01  0.000000e+00
   outer loop
     vertex  6.077029e+01 -2.666380e+00  6.000000e+01
     vertex  6.069874e+01 -2.549339e+00  6.000000e+01
     vertex  6.069874e+01 -2.549339e+00  4.500000e+01
   endloop
 endfacet
 facet normal -8.385460e-01 -5.448308e-01 -0.000000e+00
   outer loop
     vertex  6.084504e+01 -2.781415e+00  6.000000e+01
     vertex  6.077029e+01 -2.666380e+00  6.000000e+01
     vertex  6.084504e+01 -2.781415e+00  4.500000e+01
   endloop
 endfacet
 facet normal -8.232835e-01 -5.676304e-01  0.000000e+00
   outer loop
     vertex  6.092290e+01 -2.894355e+00  6.000000e+01
     vertex  6.084504e+01 -2.781415e+00  6.000000e+01
     vertex  6.084504e+01 -2.781415e+00  4.500000e+01
   endloop
 endfacet
 facet normal -8.232835e-01 -5.676304e-01 -0.000000e+00
   outer loop
     vertex  6.092290e+01 -2.894355e+00  6.000000e+01
     vertex  6.084504e+01 -2.781415e+00  4.500000e+01
     vertex  6.092290e+01 -2.894355e+00  4.500000e+01
   endloop
 endfacet
 facet normal -8.074012e-01 -5.900028e-01  0.000000e+00
   outer loop
     vertex  6.100384e+01 -3.005117e+00  6.000000e+01
     vertex  6.092290e+01 -2.894355e+00  6.000000e+01
     vertex  6.092290e+01 -2.894355e+00  4.500000e+01
   endloop
 endfacet
 facet normal -8.074012e-01 -5.900028e-01 -0.000000e+00
   outer loop
     vertex  6.100384e+01 -3.005117e+00  6.000000e+01
     vertex  6.092290e+01 -2.894355e+00  4.500000e+01
     vertex  6.100384e+01 -3.005117e+00  4.500000e+01
   endloop
 endfacet
 facet normal -7.909112e-01 -6.119310e-01  0.000000e+00
   outer loop
     vertex  6.108779e+01 -3.113617e+00  6.000000e+01
     vertex  6.100384e+01 -3.005117e+00  6.000000e+01
     vertex  6.100384e+01 -3.005117e+00  4.500000e+01
   endloop
 endfacet
 facet normal -7.909112e-01 -6.119310e-01 -0.000000e+00
   outer loop
     vertex  6.108779e+01 -3.113617e+00  6.000000e+01
     vertex  6.100384e+01 -3.005117e+00  4.500000e+01
     vertex  6.108779e+01 -3.113617e+00  4.500000e+01
   endloop
 endfacet
 facet normal -7.738257e-01 -6.333986e-01  0.000000e+00
   outer loop
     vertex  6.117468e+01 -3.219773e+00  6.000000e+01
     vertex  6.108779e+01 -3.113617e+00  6.000000e+01
     vertex  6.108779e+01 -3.113617e+00  4.500000e+01
   endloop
 endfacet
 facet normal -7.738257e-01 -6.333986e-01 -0.000000e+00
   outer loop
     vertex  6.117468e+01 -3.219773e+00  6.000000e+01
     vertex  6.108779e+01 -3.113617e+00  4.500000e+01
     vertex  6.117468e+01 -3.219773e+00  4.500000e+01
   endloop
 endfacet
 facet normal -7.561578e-01 -6.543893e-01  0.000000e+00
   outer loop
     vertex  6.126445e+01 -3.323505e+00  6.000000e+01
     vertex  6.117468e+01 -3.219773e+00  6.000000e+01
     vertex  6.117468e+01 -3.219773e+00  4.500000e+01
   endloop
 endfacet
 facet normal -7.561578e-01 -6.543893e-01 -0.000000e+00
   outer loop
     vertex  6.126445e+01 -3.323505e+00  6.000000e+01
     vertex  6.117468e+01 -3.219773e+00  4.500000e+01
     vertex  6.126445e+01 -3.323505e+00  4.500000e+01
   endloop
 endfacet
 facet normal -7.379206e-01 -6.748875e-01 -0.000000e+00
   outer loop
     vertex  6.126445e+01 -3.323505e+00  6.000000e+01
     vertex  6.126445e+01 -3.323505e+00  4.500000e+01
     vertex  6.135704e+01 -3.424735e+00  4.500000e+01
   endloop
 endfacet
 facet normal -7.379206e-01 -6.748875e-01 -0.000000e+00
   outer loop
     vertex  6.135704e+01 -3.424735e+00  6.000000e+01
     vertex  6.126445e+01 -3.323505e+00  6.000000e+01
     vertex  6.135704e+01 -3.424735e+00  4.500000e+01
   endloop
 endfacet
 facet normal -7.191280e-01 -6.948776e-01  0.000000e+00
   outer loop
     vertex  6.145236e+01 -3.523387e+00  6.000000e+01
     vertex  6.135704e+01 -3.424735e+00  6.000000e+01
     vertex  6.135704e+01 -3.424735e+00  4.500000e+01
   endloop
 endfacet
 facet normal -7.191280e-01 -6.948776e-01 -0.000000e+00
   outer loop
     vertex  6.145236e+01 -3.523387e+00  6.000000e+01
     vertex  6.135704e+01 -3.424735e+00  4.500000e+01
     vertex  6.145236e+01 -3.523387e+00  4.500000e+01
   endloop
 endfacet
 facet normal -6.997940e-01 -7.143447e-01 -0.000000e+00
   outer loop
     vertex  6.145236e+01 -3.523387e+00  6.000000e+01
     vertex  6.145236e+01 -3.523387e+00  4.500000e+01
     vertex  6.155036e+01 -3.619387e+00  4.500000e+01
   endloop
 endfacet
 facet normal -6.997940e-01 -7.143447e-01 -0.000000e+00
   outer loop
     vertex  6.155036e+01 -3.619387e+00  6.000000e+01
     vertex  6.145236e+01 -3.523387e+00  6.000000e+01
     vertex  6.155036e+01 -3.619387e+00  4.500000e+01
   endloop
 endfacet
 facet normal -6.799333e-01 -7.332740e-01  0.000000e+00
   outer loop
     vertex  6.165095e+01 -3.712663e+00  6.000000e+01
     vertex  6.155036e+01 -3.619387e+00  6.000000e+01
     vertex  6.155036e+01 -3.619387e+00  4.500000e+01
   endloop
 endfacet
 facet normal -6.799333e-01 -7.332740e-01 -0.000000e+00
   outer loop
     vertex  6.165095e+01 -3.712663e+00  6.000000e+01
     vertex  6.155036e+01 -3.619387e+00  4.500000e+01
     vertex  6.165095e+01 -3.712663e+00  4.500000e+01
   endloop
 endfacet
 facet normal -6.595607e-01 -7.516513e-01 -0.000000e+00
   outer loop
     vertex  6.165095e+01 -3.712663e+00  6.000000e+01
     vertex  6.165095e+01 -3.712663e+00  4.500000e+01
     vertex  6.175406e+01 -3.803143e+00  4.500000e+01
   endloop
 endfacet
 facet normal -6.595607e-01 -7.516513e-01 -0.000000e+00
   outer loop
     vertex  6.175406e+01 -3.803143e+00  6.000000e+01
     vertex  6.165095e+01 -3.712663e+00  6.000000e+01
     vertex  6.175406e+01 -3.803143e+00  4.500000e+01
   endloop
 endfacet
 facet normal -6.386916e-01 -7.694628e-01  0.000000e+00
   outer loop
     vertex  6.185962e+01 -3.890761e+00  6.000000e+01
     vertex  6.175406e+01 -3.803143e+00  6.000000e+01
     vertex  6.175406e+01 -3.803143e+00  4.500000e+01
   endloop
 endfacet
 facet normal -6.386916e-01 -7.694628e-01 -0.000000e+00
   outer loop
     vertex  6.185962e+01 -3.890761e+00  6.000000e+01
     vertex  6.175406e+01 -3.803143e+00  4.500000e+01
     vertex  6.185962e+01 -3.890761e+00  4.500000e+01
   endloop
 endfacet
 facet normal -6.173417e-01 -7.866951e-01 -0.000000e+00
   outer loop
     vertex  6.185962e+01 -3.890761e+00  6.000000e+01
     vertex  6.185962e+01 -3.890761e+00  4.500000e+01
     vertex  6.196754e+01 -3.975450e+00  4.500000e+01
   endloop
 endfacet
 facet normal -6.173417e-01 -7.866951e-01 -0.000000e+00
   outer loop
     vertex  6.196754e+01 -3.975450e+00  6.000000e+01
     vertex  6.185962e+01 -3.890761e+00  6.000000e+01
     vertex  6.196754e+01 -3.975450e+00  4.500000e+01
   endloop
 endfacet
 facet normal -5.955271e-01 -8.033352e-01  0.000000e+00
   outer loop
     vertex  6.207775e+01 -4.057146e+00  6.000000e+01
     vertex  6.196754e+01 -3.975450e+00  6.000000e+01
     vertex  6.196754e+01 -3.975450e+00  4.500000e+01
   endloop
 endfacet
 facet normal -5.955271e-01 -8.033352e-01 -0.000000e+00
   outer loop
     vertex  6.207775e+01 -4.057146e+00  6.000000e+01
     vertex  6.196754e+01 -3.975450e+00  4.500000e+01
     vertex  6.207775e+01 -4.057146e+00  4.500000e+01
   endloop
 endfacet
 facet normal -5.732642e-01 -8.193706e-01  0.000000e+00
   outer loop
     vertex  6.219015e+01 -4.135788e+00  6.000000e+01
     vertex  6.207775e+01 -4.057146e+00  6.000000e+01
     vertex  6.207775e+01 -4.057146e+00  4.500000e+01
   endloop
 endfacet
 facet normal -5.732642e-01 -8.193706e-01 -0.000000e+00
   outer loop
     vertex  6.219015e+01 -4.135788e+00  6.000000e+01
     vertex  6.207775e+01 -4.057146e+00  4.500000e+01
     vertex  6.219015e+01 -4.135788e+00  4.500000e+01
   endloop
 endfacet
 facet normal -5.505698e-01 -8.347891e-01  0.000000e+00
   outer loop
     vertex  6.230467e+01 -4.211317e+00  6.000000e+01
     vertex  6.219015e+01 -4.135788e+00  6.000000e+01
     vertex  6.219015e+01 -4.135788e+00  4.500000e+01
   endloop
 endfacet
 facet normal -5.505698e-01 -8.347891e-01 -0.000000e+00
   outer loop
     vertex  6.230467e+01 -4.211317e+00  6.000000e+01
     vertex  6.219015e+01 -4.135788e+00  4.500000e+01
     vertex  6.230467e+01 -4.211317e+00  4.500000e+01
   endloop
 endfacet
 facet normal -5.274609e-01 -8.495793e-01  0.000000e+00
   outer loop
     vertex  6.242122e+01 -4.283676e+00  6.000000e+01
     vertex  6.230467e+01 -4.211317e+00  6.000000e+01
     vertex  6.230467e+01 -4.211317e+00  4.500000e+01
   endloop
 endfacet
 facet normal -5.274609e-01 -8.495793e-01 -0.000000e+00
   outer loop
     vertex  6.242122e+01 -4.283676e+00  6.000000e+01
     vertex  6.230467e+01 -4.211317e+00  4.500000e+01
     vertex  6.242122e+01 -4.283676e+00  4.500000e+01
   endloop
 endfacet
 facet normal -5.039550e-01 -8.637299e-01 -0.000000e+00
   outer loop
     vertex  6.242122e+01 -4.283676e+00  6.000000e+01
     vertex  6.242122e+01 -4.283676e+00  4.500000e+01
     vertex  6.253971e+01 -4.352810e+00  4.500000e+01
   endloop
 endfacet
 facet normal -5.039550e-01 -8.637299e-01 -0.000000e+00
   outer loop
     vertex  6.253971e+01 -4.352810e+00  6.000000e+01
     vertex  6.242122e+01 -4.283676e+00  6.000000e+01
     vertex  6.253971e+01 -4.352810e+00  4.500000e+01
   endloop
 endfacet
 facet normal -4.800697e-01 -8.772303e-01  0.000000e+00
   outer loop
     vertex  6.266005e+01 -4.418668e+00  6.000000e+01
     vertex  6.253971e+01 -4.352810e+00  6.000000e+01
     vertex  6.253971e+01 -4.352810e+00  4.500000e+01
   endloop
 endfacet
 facet normal -4.800697e-01 -8.772303e-01 -0.000000e+00
   outer loop
     vertex  6.266005e+01 -4.418668e+00  6.000000e+01
     vertex  6.253971e+01 -4.352810e+00  4.500000e+01
     vertex  6.266005e+01 -4.418668e+00  4.500000e+01
   endloop
 endfacet
 facet normal -4.558231e-01 -8.900704e-01  0.000000e+00
   outer loop
     vertex  6.278215e+01 -4.481199e+00  6.000000e+01
     vertex  6.266005e+01 -4.418668e+00  6.000000e+01
     vertex  6.266005e+01 -4.418668e+00  4.500000e+01
   endloop
 endfacet
 facet normal -4.558231e-01 -8.900704e-01 -0.000000e+00
   outer loop
     vertex  6.278215e+01 -4.481199e+00  6.000000e+01
     vertex  6.266005e+01 -4.418668e+00  4.500000e+01
     vertex  6.278215e+01 -4.481199e+00  4.500000e+01
   endloop
 endfacet
 facet normal -4.312333e-01 -9.022405e-01 -0.000000e+00
   outer loop
     vertex  6.278215e+01 -4.481199e+00  6.000000e+01
     vertex  6.278215e+01 -4.481199e+00  4.500000e+01
     vertex  6.290592e+01 -4.540357e+00  4.500000e+01
   endloop
 endfacet
 facet normal -4.312333e-01 -9.022405e-01 -0.000000e+00
   outer loop
     vertex  6.290592e+01 -4.540357e+00  6.000000e+01
     vertex  6.278215e+01 -4.481199e+00  6.000000e+01
     vertex  6.290592e+01 -4.540357e+00  4.500000e+01
   endloop
 endfacet
 facet normal -4.063188e-01 -9.137314e-01  0.000000e+00
   outer loop
     vertex  6.303127e+01 -4.596097e+00  6.000000e+01
     vertex  6.290592e+01 -4.540357e+00  6.000000e+01
     vertex  6.290592e+01 -4.540357e+00  4.500000e+01
   endloop
 endfacet
 facet normal -4.063188e-01 -9.137314e-01 -0.000000e+00
   outer loop
     vertex  6.303127e+01 -4.596097e+00  6.000000e+01
     vertex  6.290592e+01 -4.540357e+00  4.500000e+01
     vertex  6.303127e+01 -4.596097e+00  4.500000e+01
   endloop
 endfacet
 facet normal -3.810986e-01 -9.245344e-01 -0.000000e+00
   outer loop
     vertex  6.315810e+01 -4.648377e+00  6.000000e+01
     vertex  6.303127e+01 -4.596097e+00  4.500000e+01
     vertex  6.315810e+01 -4.648377e+00  4.500000e+01
   endloop
 endfacet
 facet normal -3.810986e-01 -9.245344e-01  0.000000e+00
   outer loop
     vertex  6.315810e+01 -4.648377e+00  6.000000e+01
     vertex  6.303127e+01 -4.596097e+00  6.000000e+01
     vertex  6.303127e+01 -4.596097e+00  4.500000e+01
   endloop
 endfacet
 facet normal -3.555914e-01 -9.346415e-01 -0.000000e+00
   outer loop
     vertex  6.315810e+01 -4.648377e+00  6.000000e+01
     vertex  6.315810e+01 -4.648377e+00  4.500000e+01
     vertex  6.328632e+01 -4.697158e+00  4.500000e+01
   endloop
 endfacet
 facet normal -3.555914e-01 -9.346415e-01 -0.000000e+00
   outer loop
     vertex  6.328632e+01 -4.697158e+00  6.000000e+01
     vertex  6.315810e+01 -4.648377e+00  6.000000e+01
     vertex  6.328632e+01 -4.697158e+00  4.500000e+01
   endloop
 endfacet
 facet normal -3.298166e-01 -9.440450e-01 -0.000000e+00
   outer loop
     vertex  6.341583e+01 -4.742404e+00  6.000000e+01
     vertex  6.328632e+01 -4.697158e+00  4.500000e+01
     vertex  6.341583e+01 -4.742404e+00  4.500000e+01
   endloop
 endfacet
 facet normal -3.037934e-01 -9.527379e-01 -0.000000e+00
   outer loop
     vertex  6.341583e+01 -4.742404e+00  6.000000e+01
     vertex  6.341583e+01 -4.742404e+00  4.500000e+01
     vertex  6.354653e+01 -4.784079e+00  4.500000e+01
   endloop
 endfacet
 facet normal -3.298166e-01 -9.440450e-01  0.000000e+00
   outer loop
     vertex  6.341583e+01 -4.742404e+00  6.000000e+01
     vertex  6.328632e+01 -4.697158e+00  6.000000e+01
     vertex  6.328632e+01 -4.697158e+00  4.500000e+01
   endloop
 endfacet
 facet normal -3.037934e-01 -9.527379e-01 -0.000000e+00
   outer loop
     vertex  6.354653e+01 -4.784079e+00  6.000000e+01
     vertex  6.341583e+01 -4.742404e+00  6.000000e+01
     vertex  6.354653e+01 -4.784079e+00  4.500000e+01
   endloop
 endfacet
 facet normal -2.775416e-01 -9.607136e-01  0.000000e+00
   outer loop
     vertex  6.367832e+01 -4.822153e+00  6.000000e+01
     vertex  6.354653e+01 -4.784079e+00  6.000000e+01
     vertex  6.354653e+01 -4.784079e+00  4.500000e+01
   endloop
 endfacet
 facet normal -2.775416e-01 -9.607136e-01 -0.000000e+00
   outer loop
     vertex  6.367832e+01 -4.822153e+00  6.000000e+01
     vertex  6.354653e+01 -4.784079e+00  4.500000e+01
     vertex  6.367832e+01 -4.822153e+00  4.500000e+01
   endloop
 endfacet
 facet normal -2.510809e-01 -9.679661e-01  0.000000e+00
   outer loop
     vertex  6.381111e+01 -4.856597e+00  6.000000e+01
     vertex  6.367832e+01 -4.822153e+00  6.000000e+01
     vertex  6.367832e+01 -4.822153e+00  4.500000e+01
   endloop
 endfacet
 facet normal -2.510809e-01 -9.679661e-01 -0.000000e+00
   outer loop
     vertex  6.381111e+01 -4.856597e+00  6.000000e+01
     vertex  6.367832e+01 -4.822153e+00  4.500000e+01
     vertex  6.381111e+01 -4.856597e+00  4.500000e+01
   endloop
 endfacet
 facet normal -2.244312e-01 -9.744899e-01  0.000000e+00
   outer loop
     vertex  6.394479e+01 -4.887385e+00  6.000000e+01
     vertex  6.381111e+01 -4.856597e+00  6.000000e+01
     vertex  6.381111e+01 -4.856597e+00  4.500000e+01
   endloop
 endfacet
 facet normal -2.244312e-01 -9.744899e-01 -0.000000e+00
   outer loop
     vertex  6.394479e+01 -4.887385e+00  6.000000e+01
     vertex  6.381111e+01 -4.856597e+00  4.500000e+01
     vertex  6.394479e+01 -4.887385e+00  4.500000e+01
   endloop
 endfacet
 facet normal -1.976125e-01 -9.802802e-01 -0.000000e+00
   outer loop
     vertex  6.394479e+01 -4.887385e+00  6.000000e+01
     vertex  6.394479e+01 -4.887385e+00  4.500000e+01
     vertex  6.407927e+01 -4.914494e+00  4.500000e+01
   endloop
 endfacet
 facet normal -1.976125e-01 -9.802802e-01 -0.000000e+00
   outer loop
     vertex  6.407927e+01 -4.914494e+00  6.000000e+01
     vertex  6.394479e+01 -4.887385e+00  6.000000e+01
     vertex  6.407927e+01 -4.914494e+00  4.500000e+01
   endloop
 endfacet
 facet normal -1.706451e-01 -9.853326e-01  0.000000e+00
   outer loop
     vertex  6.421444e+01 -4.937904e+00  6.000000e+01
     vertex  6.407927e+01 -4.914494e+00  6.000000e+01
     vertex  6.407927e+01 -4.914494e+00  4.500000e+01
   endloop
 endfacet
 facet normal -1.706451e-01 -9.853326e-01 -0.000000e+00
   outer loop
     vertex  6.421444e+01 -4.937904e+00  6.000000e+01
     vertex  6.407927e+01 -4.914494e+00  4.500000e+01
     vertex  6.421444e+01 -4.937904e+00  4.500000e+01
   endloop
 endfacet
 facet normal -1.435492e-01 -9.896432e-01 -0.000000e+00
   outer loop
     vertex  6.421444e+01 -4.937904e+00  6.000000e+01
     vertex  6.421444e+01 -4.937904e+00  4.500000e+01
     vertex  6.435020e+01 -4.957597e+00  4.500000e+01
   endloop
 endfacet
 facet normal -1.435492e-01 -9.896432e-01 -0.000000e+00
   outer loop
     vertex  6.435020e+01 -4.957597e+00  6.000000e+01
     vertex  6.421444e+01 -4.937904e+00  6.000000e+01
     vertex  6.435020e+01 -4.957597e+00  4.500000e+01
   endloop
 endfacet
 facet normal -1.163452e-01 -9.932088e-01 -0.000000e+00
   outer loop
     vertex  6.435020e+01 -4.957597e+00  6.000000e+01
     vertex  6.435020e+01 -4.957597e+00  4.500000e+01
     vertex  6.448645e+01 -4.973557e+00  4.500000e+01
   endloop
 endfacet
 facet normal -1.163452e-01 -9.932088e-01 -0.000000e+00
   outer loop
     vertex  6.448645e+01 -4.973557e+00  6.000000e+01
     vertex  6.435020e+01 -4.957597e+00  6.000000e+01
     vertex  6.448645e+01 -4.973557e+00  4.500000e+01
   endloop
 endfacet
 facet normal -8.905371e-02 -9.960268e-01  0.000000e+00
   outer loop
     vertex  6.462309e+01 -4.985774e+00  6.000000e+01
     vertex  6.448645e+01 -4.973557e+00  6.000000e+01
     vertex  6.448645e+01 -4.973557e+00  4.500000e+01
   endloop
 endfacet
 facet normal -8.905371e-02 -9.960268e-01 -0.000000e+00
   outer loop
     vertex  6.462309e+01 -4.985774e+00  6.000000e+01
     vertex  6.448645e+01 -4.973557e+00  4.500000e+01
     vertex  6.462309e+01 -4.985774e+00  4.500000e+01
   endloop
 endfacet
 facet normal -6.169515e-02 -9.980950e-01 -0.000000e+00
   outer loop
     vertex  6.462309e+01 -4.985774e+00  6.000000e+01
     vertex  6.462309e+01 -4.985774e+00  4.500000e+01
     vertex  6.476001e+01 -4.994237e+00  4.500000e+01
   endloop
 endfacet
 facet normal -6.169515e-02 -9.980950e-01 -0.000000e+00
   outer loop
     vertex  6.476001e+01 -4.994237e+00  6.000000e+01
     vertex  6.462309e+01 -4.985774e+00  6.000000e+01
     vertex  6.476001e+01 -4.994237e+00  4.500000e+01
   endloop
 endfacet
 facet normal -3.429014e-02 -9.994119e-01 -0.000000e+00
   outer loop
     vertex  6.476001e+01 -4.994237e+00  6.000000e+01
     vertex  6.476001e+01 -4.994237e+00  4.500000e+01
     vertex  6.489712e+01 -4.998941e+00  4.500000e+01
   endloop
 endfacet
 facet normal -3.429014e-02 -9.994119e-01 -0.000000e+00
   outer loop
     vertex  6.489712e+01 -4.998941e+00  6.000000e+01
     vertex  6.476001e+01 -4.994237e+00  6.000000e+01
     vertex  6.489712e+01 -4.998941e+00  4.500000e+01
   endloop
 endfacet
 facet normal -6.859319e-03 -9.999765e-01  0.000000e+00
   outer loop
     vertex  6.503430e+01 -4.999882e+00  6.000000e+01
     vertex  6.489712e+01 -4.998941e+00  6.000000e+01
     vertex  6.489712e+01 -4.998941e+00  4.500000e+01
   endloop
 endfacet
 facet normal -6.859319e-03 -9.999765e-01 -0.000000e+00
   outer loop
     vertex  6.503430e+01 -4.999882e+00  6.000000e+01
     vertex  6.489712e+01 -4.998941e+00  4.500000e+01
     vertex  6.503430e+01 -4.999882e+00  4.500000e+01
   endloop
 endfacet
 facet normal  4.799716e-02 -9.988475e-01  0.000000e+00
   outer loop
     vertex  6.517145e+01 -4.997060e+00  6.000000e+01
     vertex  6.517145e+01 -4.997060e+00  4.500000e+01
     vertex  6.530848e+01 -4.990475e+00  4.500000e+01
   endloop
 endfacet
 facet normal  2.057667e-02 -9.997883e-01  0.000000e+00
   outer loop
     vertex  6.517145e+01 -4.997060e+00  6.000000e+01
     vertex  6.503430e+01 -4.999882e+00  6.000000e+01
     vertex  6.503430e+01 -4.999882e+00  4.500000e+01
   endloop
 endfacet
 facet normal  2.057667e-02 -9.997883e-01  0.000000e+00
   outer loop
     vertex  6.517145e+01 -4.997060e+00  6.000000e+01
     vertex  6.503430e+01 -4.999882e+00  4.500000e+01
     vertex  6.517145e+01 -4.997060e+00  4.500000e+01
   endloop
 endfacet
 facet normal  7.538152e-02 -9.971548e-01  0.000000e+00
   outer loop
     vertex  6.530848e+01 -4.990475e+00  6.000000e+01
     vertex  6.530848e+01 -4.990475e+00  4.500000e+01
     vertex  6.544527e+01 -4.980134e+00  4.500000e+01
   endloop
 endfacet
 facet normal  4.799716e-02 -9.988475e-01  0.000000e+00
   outer loop
     vertex  6.530848e+01 -4.990475e+00  6.000000e+01
     vertex  6.517145e+01 -4.997060e+00  6.000000e+01
     vertex  6.530848e+01 -4.990475e+00  4.500000e+01
   endloop
 endfacet
 facet normal  7.538152e-02 -9.971548e-01  0.000000e+00
   outer loop
     vertex  6.544527e+01 -4.980134e+00  6.000000e+01
     vertex  6.530848e+01 -4.990475e+00  6.000000e+01
     vertex  6.544527e+01 -4.980134e+00  4.500000e+01
   endloop
 endfacet
 facet normal  1.027091e-01 -9.947114e-01  0.000000e+00
   outer loop
     vertex  6.558173e+01 -4.966044e+00  6.000000e+01
     vertex  6.544527e+01 -4.980134e+00  4.500000e+01
     vertex  6.558173e+01 -4.966044e+00  4.500000e+01
   endloop
 endfacet
 facet normal  1.299594e-01 -9.915193e-01  0.000000e+00
   outer loop
     vertex  6.558173e+01 -4.966044e+00  6.000000e+01
     vertex  6.558173e+01 -4.966044e+00  4.500000e+01
     vertex  6.571775e+01 -4.948216e+00  4.500000e+01
   endloop
 endfacet
 facet normal  1.027091e-01 -9.947114e-01  0.000000e+00
   outer loop
     vertex  6.558173e+01 -4.966044e+00  6.000000e+01
     vertex  6.544527e+01 -4.980134e+00  6.000000e+01
     vertex  6.544527e+01 -4.980134e+00  4.500000e+01
   endloop
 endfacet
 facet normal  1.299594e-01 -9.915193e-01  0.000000e+00
   outer loop
     vertex  6.571775e+01 -4.948216e+00  6.000000e+01
     vertex  6.558173e+01 -4.966044e+00  6.000000e+01
     vertex  6.571775e+01 -4.948216e+00  4.500000e+01
   endloop
 endfacet
 facet normal  1.571119e-01 -9.875808e-01  0.000000e+00
   outer loop
     vertex  6.585323e+01 -4.926663e+00  6.000000e+01
     vertex  6.571775e+01 -4.948216e+00  4.500000e+01
     vertex  6.585323e+01 -4.926663e+00  4.500000e+01
   endloop
 endfacet
 facet normal  1.571119e-01 -9.875808e-01  0.000000e+00
   outer loop
     vertex  6.585323e+01 -4.926663e+00  6.000000e+01
     vertex  6.571775e+01 -4.948216e+00  6.000000e+01
     vertex  6.571775e+01 -4.948216e+00  4.500000e+01
   endloop
 endfacet
 facet normal  1.841461e-01 -9.828989e-01  0.000000e+00
   outer loop
     vertex  6.598806e+01 -4.901401e+00  6.000000e+01
     vertex  6.585323e+01 -4.926663e+00  4.500000e+01
     vertex  6.598806e+01 -4.901401e+00  4.500000e+01
   endloop
 endfacet
 facet normal  1.841461e-01 -9.828989e-01  0.000000e+00
   outer loop
     vertex  6.598806e+01 -4.901401e+00  6.000000e+01
     vertex  6.585323e+01 -4.926663e+00  6.000000e+01
     vertex  6.585323e+01 -4.926663e+00  4.500000e+01
   endloop
 endfacet
 facet normal  2.110417e-01 -9.774771e-01  0.000000e+00
   outer loop
     vertex  6.612216e+01 -4.872450e+00  6.000000e+01
     vertex  6.598806e+01 -4.901401e+00  4.500000e+01
     vertex  6.612216e+01 -4.872450e+00  4.500000e+01
   endloop
 endfacet
 facet normal  2.110417e-01 -9.774771e-01  0.000000e+00
   outer loop
     vertex  6.612216e+01 -4.872450e+00  6.000000e+01
     vertex  6.598806e+01 -4.901401e+00  6.000000e+01
     vertex  6.598806e+01 -4.901401e+00  4.500000e+01
   endloop
 endfacet
 facet normal  2.377784e-01 -9.713194e-01  0.000000e+00
   outer loop
     vertex  6.625540e+01 -4.839831e+00  6.000000e+01
     vertex  6.612216e+01 -4.872450e+00  4.500000e+01
     vertex  6.625540e+01 -4.839831e+00  4.500000e+01
   endloop
 endfacet
 facet normal  2.643362e-01 -9.644306e-01  0.000000e+00
   outer loop
     vertex  6.625540e+01 -4.839831e+00  6.000000e+01
     vertex  6.625540e+01 -4.839831e+00  4.500000e+01
     vertex  6.638771e+01 -4.803568e+00  4.500000e+01
   endloop
 endfacet
 facet normal  2.377784e-01 -9.713194e-01  0.000000e+00
   outer loop
     vertex  6.625540e+01 -4.839831e+00  6.000000e+01
     vertex  6.612216e+01 -4.872450e+00  6.000000e+01
     vertex  6.612216e+01 -4.872450e+00  4.500000e+01
   endloop
 endfacet
 facet normal  2.643362e-01 -9.644306e-01  0.000000e+00
   outer loop
     vertex  6.638771e+01 -4.803568e+00  6.000000e+01
     vertex  6.625540e+01 -4.839831e+00  6.000000e+01
     vertex  6.638771e+01 -4.803568e+00  4.500000e+01
   endloop
 endfacet
 facet normal  2.906949e-01 -9.568158e-01  0.000000e+00
   outer loop
     vertex  6.651897e+01 -4.763690e+00  6.000000e+01
     vertex  6.638771e+01 -4.803568e+00  4.500000e+01
     vertex  6.651897e+01 -4.763690e+00  4.500000e+01
   endloop
 endfacet
 facet normal  2.906949e-01 -9.568158e-01  0.000000e+00
   outer loop
     vertex  6.651897e+01 -4.763690e+00  6.000000e+01
     vertex  6.638771e+01 -4.803568e+00  6.000000e+01
     vertex  6.638771e+01 -4.803568e+00  4.500000e+01
   endloop
 endfacet
 facet normal  3.168348e-01 -9.484807e-01  0.000000e+00
   outer loop
     vertex  6.664908e+01 -4.720225e+00  6.000000e+01
     vertex  6.651897e+01 -4.763690e+00  4.500000e+01
     vertex  6.664908e+01 -4.720225e+00  4.500000e+01
   endloop
 endfacet
 facet normal  3.168348e-01 -9.484807e-01  0.000000e+00
   outer loop
     vertex  6.664908e+01 -4.720225e+00  6.000000e+01
     vertex  6.651897e+01 -4.763690e+00  6.000000e+01
     vertex  6.651897e+01 -4.763690e+00  4.500000e+01
   endloop
 endfacet
 facet normal  3.427362e-01 -9.394317e-01  0.000000e+00
   outer loop
     vertex  6.677796e+01 -4.673208e+00  6.000000e+01
     vertex  6.664908e+01 -4.720225e+00  4.500000e+01
     vertex  6.677796e+01 -4.673208e+00  4.500000e+01
   endloop
 endfacet
 facet normal  3.427362e-01 -9.394317e-01  0.000000e+00
   outer loop
     vertex  6.677796e+01 -4.673208e+00  6.000000e+01
     vertex  6.664908e+01 -4.720225e+00  6.000000e+01
     vertex  6.664908e+01 -4.720225e+00  4.500000e+01
   endloop
 endfacet
 facet normal  3.683796e-01 -9.296754e-01  0.000000e+00
   outer loop
     vertex  6.690549e+01 -4.622672e+00  6.000000e+01
     vertex  6.677796e+01 -4.673208e+00  4.500000e+01
     vertex  6.690549e+01 -4.622672e+00  4.500000e+01
   endloop
 endfacet
 facet normal  3.683796e-01 -9.296754e-01  0.000000e+00
   outer loop
     vertex  6.690549e+01 -4.622672e+00  6.000000e+01
     vertex  6.677796e+01 -4.673208e+00  6.000000e+01
     vertex  6.677796e+01 -4.673208e+00  4.500000e+01
   endloop
 endfacet
 facet normal  3.937458e-01 -9.192194e-01  0.000000e+00
   outer loop
     vertex  6.703159e+01 -4.568657e+00  6.000000e+01
     vertex  6.690549e+01 -4.622672e+00  6.000000e+01
     vertex  6.690549e+01 -4.622672e+00  4.500000e+01
   endloop
 endfacet
 facet normal  3.937458e-01 -9.192194e-01  0.000000e+00
   outer loop
     vertex  6.703159e+01 -4.568657e+00  6.000000e+01
     vertex  6.690549e+01 -4.622672e+00  4.500000e+01
     vertex  6.703159e+01 -4.568657e+00  4.500000e+01
   endloop
 endfacet
 facet normal  4.188155e-01 -9.080714e-01  0.000000e+00
   outer loop
     vertex  6.715617e+01 -4.511202e+00  6.000000e+01
     vertex  6.703159e+01 -4.568657e+00  6.000000e+01
     vertex  6.703159e+01 -4.568657e+00  4.500000e+01
   endloop
 endfacet
 facet normal  4.188155e-01 -9.080714e-01  0.000000e+00
   outer loop
     vertex  6.715617e+01 -4.511202e+00  6.000000e+01
     vertex  6.703159e+01 -4.568657e+00  4.500000e+01
     vertex  6.715617e+01 -4.511202e+00  4.500000e+01
   endloop
 endfacet
 facet normal  4.435699e-01 -8.962398e-01  0.000000e+00
   outer loop
     vertex  6.715617e+01 -4.511202e+00  6.000000e+01
     vertex  6.715617e+01 -4.511202e+00  4.500000e+01
     vertex  6.727912e+01 -4.450352e+00  4.500000e+01
   endloop
 endfacet
 facet normal  4.435699e-01 -8.962398e-01  0.000000e+00
   outer loop
     vertex  6.727912e+01 -4.450352e+00  6.000000e+01
     vertex  6.715617e+01 -4.511202e+00  6.000000e+01
     vertex  6.727912e+01 -4.450352e+00  4.500000e+01
   endloop
 endfacet
 facet normal  4.679904e-01 -8.837335e-01  0.000000e+00
   outer loop
     vertex  6.740035e+01 -4.386152e+00  6.000000e+01
     vertex  6.727912e+01 -4.450352e+00  6.000000e+01
     vertex  6.727912e+01 -4.450352e+00  4.500000e+01
   endloop
 endfacet
 facet normal  4.679904e-01 -8.837335e-01  0.000000e+00
   outer loop
     vertex  6.740035e+01 -4.386152e+00  6.000000e+01
     vertex  6.727912e+01 -4.450352e+00  4.500000e+01
     vertex  6.740035e+01 -4.386152e+00  4.500000e+01
   endloop
 endfacet
 facet normal  4.920587e-01 -8.705620e-01  0.000000e+00
   outer loop
     vertex  6.751978e+01 -4.318649e+00  6.000000e+01
     vertex  6.740035e+01 -4.386152e+00  4.500000e+01
     vertex  6.751978e+01 -4.318649e+00  4.500000e+01
   endloop
 endfacet
 facet normal  4.920587e-01 -8.705620e-01  0.000000e+00
   outer loop
     vertex  6.751978e+01 -4.318649e+00  6.000000e+01
     vertex  6.740035e+01 -4.386152e+00  6.000000e+01
     vertex  6.740035e+01 -4.386152e+00  4.500000e+01
   endloop
 endfacet
 facet normal  5.157565e-01 -8.567352e-01  0.000000e+00
   outer loop
     vertex  6.763730e+01 -4.247896e+00  6.000000e+01
     vertex  6.751978e+01 -4.318649e+00  4.500000e+01
     vertex  6.763730e+01 -4.247896e+00  4.500000e+01
   endloop
 endfacet
 facet normal  5.157565e-01 -8.567352e-01  0.000000e+00
   outer loop
     vertex  6.763730e+01 -4.247896e+00  6.000000e+01
     vertex  6.751978e+01 -4.318649e+00  6.000000e+01
     vertex  6.751978e+01 -4.318649e+00  4.500000e+01
   endloop
 endfacet
 facet normal  5.390661e-01 -8.422635e-01  0.000000e+00
   outer loop
     vertex  6.775285e+01 -4.173946e+00  6.000000e+01
     vertex  6.763730e+01 -4.247896e+00  4.500000e+01
     vertex  6.775285e+01 -4.173946e+00  4.500000e+01
   endloop
 endfacet
 facet normal  5.390661e-01 -8.422635e-01  0.000000e+00
   outer loop
     vertex  6.775285e+01 -4.173946e+00  6.000000e+01
     vertex  6.763730e+01 -4.247896e+00  6.000000e+01
     vertex  6.763730e+01 -4.247896e+00  4.500000e+01
   endloop
 endfacet
 facet normal  5.619699e-01 -8.271577e-01  0.000000e+00
   outer loop
     vertex  6.786632e+01 -4.096853e+00  6.000000e+01
     vertex  6.775285e+01 -4.173946e+00  4.500000e+01
     vertex  6.786632e+01 -4.096853e+00  4.500000e+01
   endloop
 endfacet
 facet normal  5.619699e-01 -8.271577e-01  0.000000e+00
   outer loop
     vertex  6.786632e+01 -4.096853e+00  6.000000e+01
     vertex  6.775285e+01 -4.173946e+00  6.000000e+01
     vertex  6.775285e+01 -4.173946e+00  4.500000e+01
   endloop
 endfacet
 facet normal  5.844507e-01 -8.114292e-01  0.000000e+00
   outer loop
     vertex  6.797764e+01 -4.016676e+00  6.000000e+01
     vertex  6.786632e+01 -4.096853e+00  4.500000e+01
     vertex  6.797764e+01 -4.016676e+00  4.500000e+01
   endloop
 endfacet
 facet normal  5.844507e-01 -8.114292e-01  0.000000e+00
   outer loop
     vertex  6.797764e+01 -4.016676e+00  6.000000e+01
     vertex  6.786632e+01 -4.096853e+00  6.000000e+01
     vertex  6.786632e+01 -4.096853e+00  4.500000e+01
   endloop
 endfacet
 facet normal  6.064915e-01 -7.950900e-01  0.000000e+00
   outer loop
     vertex  6.808671e+01 -3.933476e+00  6.000000e+01
     vertex  6.797764e+01 -4.016676e+00  4.500000e+01
     vertex  6.808671e+01 -3.933476e+00  4.500000e+01
   endloop
 endfacet
 facet normal  6.064915e-01 -7.950900e-01  0.000000e+00
   outer loop
     vertex  6.808671e+01 -3.933476e+00  6.000000e+01
     vertex  6.797764e+01 -4.016676e+00  6.000000e+01
     vertex  6.797764e+01 -4.016676e+00  4.500000e+01
   endloop
 endfacet
 facet normal  6.280757e-01 -7.781522e-01  0.000000e+00
   outer loop
     vertex  6.819346e+01 -3.847314e+00  6.000000e+01
     vertex  6.808671e+01 -3.933476e+00  4.500000e+01
     vertex  6.819346e+01 -3.847314e+00  4.500000e+01
   endloop
 endfacet
 facet normal  6.280757e-01 -7.781522e-01  0.000000e+00
   outer loop
     vertex  6.819346e+01 -3.847314e+00  6.000000e+01
     vertex  6.808671e+01 -3.933476e+00  6.000000e+01
     vertex  6.808671e+01 -3.933476e+00  4.500000e+01
   endloop
 endfacet
 facet normal  6.491872e-01 -7.606287e-01  0.000000e+00
   outer loop
     vertex  6.829780e+01 -3.758257e+00  6.000000e+01
     vertex  6.819346e+01 -3.847314e+00  4.500000e+01
     vertex  6.829780e+01 -3.758257e+00  4.500000e+01
   endloop
 endfacet
 facet normal  6.698100e-01 -7.425325e-01  0.000000e+00
   outer loop
     vertex  6.829780e+01 -3.758257e+00  6.000000e+01
     vertex  6.829780e+01 -3.758257e+00  4.500000e+01
     vertex  6.839967e+01 -3.666370e+00  4.500000e+01
   endloop
 endfacet
 facet normal  6.491872e-01 -7.606287e-01  0.000000e+00
   outer loop
     vertex  6.829780e+01 -3.758257e+00  6.000000e+01
     vertex  6.819346e+01 -3.847314e+00  6.000000e+01
     vertex  6.819346e+01 -3.847314e+00  4.500000e+01
   endloop
 endfacet
 facet normal  6.698100e-01 -7.425325e-01  0.000000e+00
   outer loop
     vertex  6.839967e+01 -3.666370e+00  6.000000e+01
     vertex  6.829780e+01 -3.758257e+00  6.000000e+01
     vertex  6.839967e+01 -3.666370e+00  4.500000e+01
   endloop
 endfacet
 facet normal  6.899286e-01 -7.238775e-01  0.000000e+00
   outer loop
     vertex  6.849897e+01 -3.571723e+00  6.000000e+01
     vertex  6.839967e+01 -3.666370e+00  4.500000e+01
     vertex  6.849897e+01 -3.571723e+00  4.500000e+01
   endloop
 endfacet
 facet normal  6.899286e-01 -7.238775e-01  0.000000e+00
   outer loop
     vertex  6.849897e+01 -3.571723e+00  6.000000e+01
     vertex  6.839967e+01 -3.666370e+00  6.000000e+01
     vertex  6.839967e+01 -3.666370e+00  4.500000e+01
   endloop
 endfacet
 facet normal  7.095278e-01 -7.046775e-01  0.000000e+00
   outer loop
     vertex  6.859564e+01 -3.474388e+00  6.000000e+01
     vertex  6.849897e+01 -3.571723e+00  4.500000e+01
     vertex  6.859564e+01 -3.474388e+00  4.500000e+01
   endloop
 endfacet
 facet normal  7.095278e-01 -7.046775e-01  0.000000e+00
   outer loop
     vertex  6.859564e+01 -3.474388e+00  6.000000e+01
     vertex  6.849897e+01 -3.571723e+00  6.000000e+01
     vertex  6.849897e+01 -3.571723e+00  4.500000e+01
   endloop
 endfacet
 facet normal  7.285929e-01 -6.849470e-01  0.000000e+00
   outer loop
     vertex  6.868960e+01 -3.374438e+00  6.000000e+01
     vertex  6.859564e+01 -3.474388e+00  4.500000e+01
     vertex  6.868960e+01 -3.374438e+00  4.500000e+01
   endloop
 endfacet
 facet normal  7.285929e-01 -6.849470e-01  0.000000e+00
   outer loop
     vertex  6.868960e+01 -3.374438e+00  6.000000e+01
     vertex  6.859564e+01 -3.474388e+00  6.000000e+01
     vertex  6.859564e+01 -3.474388e+00  4.500000e+01
   endloop
 endfacet
 facet normal  7.471095e-01 -6.647010e-01  0.000000e+00
   outer loop
     vertex  6.878079e+01 -3.271947e+00  6.000000e+01
     vertex  6.868960e+01 -3.374438e+00  4.500000e+01
     vertex  6.878079e+01 -3.271947e+00  4.500000e+01
   endloop
 endfacet
 facet normal  7.471095e-01 -6.647010e-01  0.000000e+00
   outer loop
     vertex  6.878079e+01 -3.271947e+00  6.000000e+01
     vertex  6.868960e+01 -3.374438e+00  6.000000e+01
     vertex  6.868960e+01 -3.374438e+00  4.500000e+01
   endloop
 endfacet
 facet normal  7.650637e-01 -6.439545e-01  0.000000e+00
   outer loop
     vertex  6.886913e+01 -3.166993e+00  6.000000e+01
     vertex  6.878079e+01 -3.271947e+00  4.500000e+01
     vertex  6.886913e+01 -3.166993e+00  4.500000e+01
   endloop
 endfacet
 facet normal  7.650637e-01 -6.439545e-01  0.000000e+00
   outer loop
     vertex  6.886913e+01 -3.166993e+00  6.000000e+01
     vertex  6.878079e+01 -3.271947e+00  6.000000e+01
     vertex  6.878079e+01 -3.271947e+00  4.500000e+01
   endloop
 endfacet
 facet normal  7.824421e-01 -6.227234e-01  0.000000e+00
   outer loop
     vertex  6.895456e+01 -3.059655e+00  6.000000e+01
     vertex  6.886913e+01 -3.166993e+00  4.500000e+01
     vertex  6.895456e+01 -3.059655e+00  4.500000e+01
   endloop
 endfacet
 facet normal  7.824421e-01 -6.227234e-01  0.000000e+00
   outer loop
     vertex  6.895456e+01 -3.059655e+00  6.000000e+01
     vertex  6.886913e+01 -3.166993e+00  6.000000e+01
     vertex  6.886913e+01 -3.166993e+00  4.500000e+01
   endloop
 endfacet
 facet normal  7.992314e-01 -6.010234e-01  0.000000e+00
   outer loop
     vertex  6.903701e+01 -2.950014e+00  6.000000e+01
     vertex  6.895456e+01 -3.059655e+00  4.500000e+01
     vertex  6.903701e+01 -2.950014e+00  4.500000e+01
   endloop
 endfacet
 facet normal  7.992314e-01 -6.010234e-01  0.000000e+00
   outer loop
     vertex  6.903701e+01 -2.950014e+00  6.000000e+01
     vertex  6.895456e+01 -3.059655e+00  6.000000e+01
     vertex  6.895456e+01 -3.059655e+00  4.500000e+01
   endloop
 endfacet
 facet normal  8.154191e-01 -5.788711e-01  0.000000e+00
   outer loop
     vertex  6.911642e+01 -2.838152e+00  6.000000e+01
     vertex  6.903701e+01 -2.950014e+00  4.500000e+01
     vertex  6.911642e+01 -2.838152e+00  4.500000e+01
   endloop
 endfacet
 facet normal  8.154191e-01 -5.788711e-01  0.000000e+00
   outer loop
     vertex  6.911642e+01 -2.838152e+00  6.000000e+01
     vertex  6.903701e+01 -2.950014e+00  6.000000e+01
     vertex  6.903701e+01 -2.950014e+00  4.500000e+01
   endloop
 endfacet
 facet normal  8.309929e-01 -5.562829e-01  0.000000e+00
   outer loop
     vertex  6.919273e+01 -2.724154e+00  6.000000e+01
     vertex  6.911642e+01 -2.838152e+00  4.500000e+01
     vertex  6.919273e+01 -2.724154e+00  4.500000e+01
   endloop
 endfacet
 facet normal  8.459413e-01 -5.332761e-01  0.000000e+00
   outer loop
     vertex  6.919273e+01 -2.724154e+00  6.000000e+01
     vertex  6.919273e+01 -2.724154e+00  4.500000e+01
     vertex  6.926589e+01 -2.608105e+00  4.500000e+01
   endloop
 endfacet
 facet normal  8.309929e-01 -5.562829e-01  0.000000e+00
   outer loop
     vertex  6.919273e+01 -2.724154e+00  6.000000e+01
     vertex  6.911642e+01 -2.838152e+00  6.000000e+01
     vertex  6.911642e+01 -2.838152e+00  4.500000e+01
   endloop
 endfacet
 facet normal  8.459413e-01 -5.332761e-01  0.000000e+00
   outer loop
     vertex  6.926589e+01 -2.608105e+00  6.000000e+01
     vertex  6.919273e+01 -2.724154e+00  6.000000e+01
     vertex  6.926589e+01 -2.608105e+00  4.500000e+01
   endloop
 endfacet
 facet normal  8.602528e-01 -5.098678e-01  0.000000e+00
   outer loop
     vertex  6.926589e+01 -2.608105e+00  6.000000e+01
     vertex  6.926589e+01 -2.608105e+00  4.500000e+01
     vertex  6.933583e+01 -2.490093e+00  4.500000e+01
   endloop
 endfacet
 facet normal  8.602528e-01 -5.098678e-01  0.000000e+00
   outer loop
     vertex  6.933583e+01 -2.490093e+00  6.000000e+01
     vertex  6.926589e+01 -2.608105e+00  6.000000e+01
     vertex  6.933583e+01 -2.490093e+00  4.500000e+01
   endloop
 endfacet
 facet normal  8.739167e-01 -4.860756e-01  0.000000e+00
   outer loop
     vertex  6.940251e+01 -2.370206e+00  6.000000e+01
     vertex  6.933583e+01 -2.490093e+00  4.500000e+01
     vertex  6.940251e+01 -2.370206e+00  4.500000e+01
   endloop
 endfacet
 facet normal  8.869228e-01 -4.619176e-01  0.000000e+00
   outer loop
     vertex  6.940251e+01 -2.370206e+00  6.000000e+01
     vertex  6.940251e+01 -2.370206e+00  4.500000e+01
     vertex  6.946588e+01 -2.248535e+00  4.500000e+01
   endloop
 endfacet
 facet normal  8.739167e-01 -4.860756e-01  0.000000e+00
   outer loop
     vertex  6.940251e+01 -2.370206e+00  6.000000e+01
     vertex  6.933583e+01 -2.490093e+00  6.000000e+01
     vertex  6.933583e+01 -2.490093e+00  4.500000e+01
   endloop
 endfacet
 facet normal  8.869228e-01 -4.619176e-01  0.000000e+00
   outer loop
     vertex  6.946588e+01 -2.248535e+00  6.000000e+01
     vertex  6.940251e+01 -2.370206e+00  6.000000e+01
     vertex  6.946588e+01 -2.248535e+00  4.500000e+01
   endloop
 endfacet
 facet normal  8.992613e-01 -4.374119e-01  0.000000e+00
   outer loop
     vertex  6.952589e+01 -2.125172e+00  6.000000e+01
     vertex  6.946588e+01 -2.248535e+00  4.500000e+01
     vertex  6.952589e+01 -2.125172e+00  4.500000e+01
   endloop
 endfacet
 facet normal  9.109228e-01 -4.125769e-01  0.000000e+00
   outer loop
     vertex  6.952589e+01 -2.125172e+00  6.000000e+01
     vertex  6.952589e+01 -2.125172e+00  4.500000e+01
     vertex  6.958248e+01 -2.000209e+00  4.500000e+01
   endloop
 endfacet
 facet normal  8.992613e-01 -4.374119e-01  0.000000e+00
   outer loop
     vertex  6.952589e+01 -2.125172e+00  6.000000e+01
     vertex  6.946588e+01 -2.248535e+00  6.000000e+01
     vertex  6.946588e+01 -2.248535e+00  4.500000e+01
   endloop
 endfacet
 facet normal  9.109228e-01 -4.125769e-01  0.000000e+00
   outer loop
     vertex  6.958248e+01 -2.000209e+00  6.000000e+01
     vertex  6.952589e+01 -2.125172e+00  6.000000e+01
     vertex  6.958248e+01 -2.000209e+00  4.500000e+01
   endloop
 endfacet
 facet normal  9.218986e-01 -3.874313e-01  0.000000e+00
   outer loop
     vertex  6.963563e+01 -1.873740e+00  6.000000e+01
     vertex  6.958248e+01 -2.000209e+00  6.000000e+01
     vertex  6.958248e+01 -2.000209e+00  4.500000e+01
   endloop
 endfacet
 facet normal  9.218986e-01 -3.874313e-01  0.000000e+00
   outer loop
     vertex  6.963563e+01 -1.873740e+00  6.000000e+01
     vertex  6.958248e+01 -2.000209e+00  4.500000e+01
     vertex  6.963563e+01 -1.873740e+00  4.500000e+01
   endloop
 endfacet
 facet normal  9.321804e-01 -3.619940e-01  0.000000e+00
   outer loop
     vertex  6.968529e+01 -1.745860e+00  6.000000e+01
     vertex  6.963563e+01 -1.873740e+00  6.000000e+01
     vertex  6.963563e+01 -1.873740e+00  4.500000e+01
   endloop
 endfacet
 facet normal  9.321804e-01 -3.619940e-01  0.000000e+00
   outer loop
     vertex  6.968529e+01 -1.745860e+00  6.000000e+01
     vertex  6.963563e+01 -1.873740e+00  4.500000e+01
     vertex  6.968529e+01 -1.745860e+00  4.500000e+01
   endloop
 endfacet
 facet normal  9.417605e-01 -3.362843e-01  0.000000e+00
   outer loop
     vertex  6.973143e+01 -1.616666e+00  6.000000e+01
     vertex  6.968529e+01 -1.745860e+00  6.000000e+01
     vertex  6.968529e+01 -1.745860e+00  4.500000e+01
   endloop
 endfacet
 facet normal  9.417605e-01 -3.362843e-01  0.000000e+00
   outer loop
     vertex  6.973143e+01 -1.616666e+00  6.000000e+01
     vertex  6.968529e+01 -1.745860e+00  4.500000e+01
     vertex  6.973143e+01 -1.616666e+00  4.500000e+01
   endloop
 endfacet
 facet normal  9.506317e-01 -3.103214e-01  0.000000e+00
   outer loop
     vertex  6.977400e+01 -1.486256e+00  6.000000e+01
     vertex  6.973143e+01 -1.616666e+00  6.000000e+01
     vertex  6.973143e+01 -1.616666e+00  4.500000e+01
   endloop
 endfacet
 facet normal  9.506317e-01 -3.103214e-01  0.000000e+00
   outer loop
     vertex  6.977400e+01 -1.486256e+00  6.000000e+01
     vertex  6.973143e+01 -1.616666e+00  4.500000e+01
     vertex  6.977400e+01 -1.486256e+00  4.500000e+01
   endloop
 endfacet
 facet normal  9.587873e-01 -2.841250e-01  0.000000e+00
   outer loop
     vertex  6.977400e+01 -1.486256e+00  6.000000e+01
     vertex  6.977400e+01 -1.486256e+00  4.500000e+01
     vertex  6.981297e+01 -1.354726e+00  4.500000e+01
   endloop
 endfacet
 facet normal  9.587873e-01 -2.841250e-01  0.000000e+00
   outer loop
     vertex  6.981297e+01 -1.354726e+00  6.000000e+01
     vertex  6.977400e+01 -1.486256e+00  6.000000e+01
     vertex  6.981297e+01 -1.354726e+00  4.500000e+01
   endloop
 endfacet
 facet normal  9.662211e-01 -2.577146e-01  0.000000e+00
   outer loop
     vertex  6.981297e+01 -1.354726e+00  6.000000e+01
     vertex  6.981297e+01 -1.354726e+00  4.500000e+01
     vertex  6.984833e+01 -1.222177e+00  4.500000e+01
   endloop
 endfacet
 facet normal  9.662211e-01 -2.577146e-01  0.000000e+00
   outer loop
     vertex  6.984833e+01 -1.222177e+00  6.000000e+01
     vertex  6.981297e+01 -1.354726e+00  6.000000e+01
     vertex  6.984833e+01 -1.222177e+00  4.500000e+01
   endloop
 endfacet
 facet normal  9.729276e-01 -2.311102e-01  0.000000e+00
   outer loop
     vertex  6.988003e+01 -1.088708e+00  6.000000e+01
     vertex  6.984833e+01 -1.222177e+00  6.000000e+01
     vertex  6.984833e+01 -1.222177e+00  4.500000e+01
   endloop
 endfacet
 facet normal  9.729276e-01 -2.311102e-01  0.000000e+00
   outer loop
     vertex  6.988003e+01 -1.088708e+00  6.000000e+01
     vertex  6.984833e+01 -1.222177e+00  4.500000e+01
     vertex  6.988003e+01 -1.088708e+00  4.500000e+01
   endloop
 endfacet
 facet normal  9.789017e-01 -2.043319e-01  0.000000e+00
   outer loop
     vertex  6.990806e+01 -9.544190e-01  6.000000e+01
     vertex  6.988003e+01 -1.088708e+00  6.000000e+01
     vertex  6.988003e+01 -1.088708e+00  4.500000e+01
   endloop
 endfacet
 facet normal  9.789017e-01 -2.043319e-01  0.000000e+00
   outer loop
     vertex  6.990806e+01 -9.544190e-01  6.000000e+01
     vertex  6.988003e+01 -1.088708e+00  4.500000e+01
     vertex  6.990806e+01 -9.544190e-01  4.500000e+01
   endloop
 endfacet
 facet normal  9.841389e-01 -1.773998e-01  0.000000e+00
   outer loop
     vertex  6.993240e+01 -8.194118e-01  6.000000e+01
     vertex  6.990806e+01 -9.544190e-01  6.000000e+01
     vertex  6.990806e+01 -9.544190e-01  4.500000e+01
   endloop
 endfacet
 facet normal  9.841389e-01 -1.773998e-01  0.000000e+00
   outer loop
     vertex  6.993240e+01 -8.194118e-01  6.000000e+01
     vertex  6.990806e+01 -9.544190e-01  4.500000e+01
     vertex  6.993240e+01 -8.194118e-01  4.500000e+01
   endloop
 endfacet
 facet normal  9.886353e-01 -1.503341e-01  0.000000e+00
   outer loop
     vertex  6.993240e+01 -8.194118e-01  6.000000e+01
     vertex  6.993240e+01 -8.194118e-01  4.500000e+01
     vertex  6.995302e+01 -6.837877e-01  4.500000e+01
   endloop
 endfacet
 facet normal  9.923874e-01 -1.231552e-01  0.000000e+00
   outer loop
     vertex  6.995302e+01 -6.837877e-01  6.000000e+01
     vertex  6.995302e+01 -6.837877e-01  4.500000e+01
     vertex  6.996992e+01 -5.476489e-01  4.500000e+01
   endloop
 endfacet
 facet normal  9.886353e-01 -1.503341e-01  0.000000e+00
   outer loop
     vertex  6.995302e+01 -6.837877e-01  6.000000e+01
     vertex  6.993240e+01 -8.194118e-01  6.000000e+01
     vertex  6.995302e+01 -6.837877e-01  4.500000e+01
   endloop
 endfacet
 facet normal  9.923874e-01 -1.231552e-01  0.000000e+00
   outer loop
     vertex  6.996992e+01 -5.476489e-01  6.000000e+01
     vertex  6.995302e+01 -6.837877e-01  6.000000e+01
     vertex  6.996992e+01 -5.476489e-01  4.500000e+01
   endloop
 endfacet
 facet normal  9.953925e-01 -9.588368e-02  0.000000e+00
   outer loop
     vertex  6.998307e+01 -4.110978e-01  6.000000e+01
     vertex  6.996992e+01 -5.476489e-01  4.500000e+01
     vertex  6.998307e+01 -4.110978e-01  4.500000e+01
   endloop
 endfacet
 facet normal  9.976484e-01 -6.853995e-02  0.000000e+00
   outer loop
     vertex  6.998307e+01 -4.110978e-01  6.000000e+01
     vertex  6.998307e+01 -4.110978e-01  4.500000e+01
     vertex  6.999247e+01 -2.742372e-01  4.500000e+01
   endloop
 endfacet
 facet normal  9.953925e-01 -9.588368e-02  0.000000e+00
   outer loop
     vertex  6.998307e+01 -4.110978e-01  6.000000e+01
     vertex  6.996992e+01 -5.476489e-01  6.000000e+01
     vertex  6.996992e+01 -5.476489e-01  4.500000e+01
   endloop
 endfacet
 facet normal  9.976484e-01 -6.853995e-02  0.000000e+00
   outer loop
     vertex  6.999247e+01 -2.742372e-01  6.000000e+01
     vertex  6.998307e+01 -4.110978e-01  6.000000e+01
     vertex  6.999247e+01 -2.742372e-01  4.500000e+01
   endloop
 endfacet
 facet normal  9.991532e-01 -4.114462e-02  0.000000e+00
   outer loop
     vertex  6.999812e+01 -1.371702e-01  6.000000e+01
     vertex  6.999247e+01 -2.742372e-01  4.500000e+01
     vertex  6.999812e+01 -1.371702e-01  4.500000e+01
   endloop
 endfacet
 facet normal  9.999059e-01 -1.371831e-02  0.000000e+00
   outer loop
     vertex  6.999812e+01 -1.371702e-01  6.000000e+01
     vertex  6.999812e+01 -1.371702e-01  4.500000e+01
     vertex  7.000000e+01 -1.224647e-15  4.500000e+01
   endloop
 endfacet
 facet normal  9.991532e-01 -4.114462e-02  0.000000e+00
   outer loop
     vertex  6.999812e+01 -1.371702e-01  6.000000e+01
     vertex  6.999247e+01 -2.742372e-01  6.000000e+01
     vertex  6.999247e+01 -2.742372e-01  4.500000e+01
   endloop
 endfacet
 facet normal  9.999059e-01 -1.371831e-02  0.000000e+00
   outer loop
     vertex  7.000000e+01 -1.224647e-15  6.000000e+01
     vertex  6.999812e+01 -1.371702e-01  6.000000e+01
     vertex  7.000000e+01 -1.224647e-15  4.500000e+01
   endloop
 endfacet
 facet normal  0.000000e+00  0.000000e+00  1.000000e+00
   outer loop
     vertex  6.175406e+01 -3.803143e+00  6.000000e+01
     vertex  6.155036e+01 -3.619387e+00  6.000000e+01
     vertex  6.165095e+01 -3.712663e+00  6.000000e+01
   endloop
 endfacet
 facet normal  0.000000e+00  0.000000e+00  1.000000e+00
   outer loop
     vertex  6.117468e+01 -3.219773e+00  6.000000e+01
     vertex  6.126445e+01 -3.323505e+00  6.000000e+01
     vertex  6.135704e+01 -3.424735e+00  6.000000e+01
   endloop
 endfacet
 facet normal  0.000000e+00  0.000000e+00  1.000000e+00
   outer loop
     vertex  6.185962e+01 -3.890761e+00  6.000000e+01
     vertex  6.135704e+01 -3.424735e+00  6.000000e+01
     vertex  6.145236e+01 -3.523387e+00  6.000000e+01
   endloop
 endfacet
 facet normal  0.000000e+00  0.000000e+00  1.000000e+00
   outer loop
     vertex  6.185962e+01 -3.890761e+00  6.000000e+01
     vertex  6.155036e+01 -3.619387e+00  6.000000e+01
     vertex  6.175406e+01 -3.803143e+00  6.000000e+01
   endloop
 endfacet
 facet normal  0.000000e+00  0.000000e+00  1.000000e+00
   outer loop
     vertex  6.185962e+01 -3.890761e+00  6.000000e+01
     vertex  6.145236e+01 -3.523387e+00  6.000000e+01
     vertex  6.155036e+01 -3.619387e+00  6.000000e+01
   endloop
 endfacet
 facet normal  0.000000e+00  0.000000e+00  1.000000e+00
   outer loop
     vertex  6.185962e+01 -3.890761e+00  6.000000e+01
     vertex  6.117468e+01 -3.219773e+00  6.000000e+01
     vertex  6.135704e+01 -3.424735e+00  6.000000e+01
   endloop
 endfacet
 facet normal  0.000000e+00  0.000000e+00  1.000000e+00
   outer loop
     vertex  6.219015e+01 -4.135788e+00  6.000000e+01
     vertex  6.185962e+01 -3.890761e+00  6.000000e+01
     vertex  6.196754e+01 -3.975450e+00  6.000000e+01
   endloop
 endfacet
 facet normal  0.000000e+00  0.000000e+00  1.000000e+00
   outer loop
     vertex  6.219015e+01 -4.135788e+00  6.000000e+01
     vertex  6.196754e+01 -3.975450e+00  6.000000e+01
     vertex  6.207775e+01 -4.057146e+00  6.000000e+01
   endloop
 endfacet
 facet normal  0.000000e+00  0.000000e+00  1.000000e+00
   outer loop
     vertex  6.084504e+01 -2.781415e+00  6.000000e+01
     vertex  6.092290e+01 -2.894355e+00  6.000000e+01
     vertex  6.100384e+01 -3.005117e+00  6.000000e+01
   endloop
 endfacet
 facet normal  0.000000e+00  0.000000e+00  1.000000e+00
   outer loop
     vertex  6.084504e+01 -2.781415e+00  6.000000e+01
     vertex  6.100384e+01 -3.005117e+00  6.000000e+01
     vertex  6.108779e+01 -3.113617e+00  6.000000e+01
   endloop
 endfacet
 facet normal  0.000000e+00  0.000000e+00  1.000000e+00
   outer loop
     vertex  6.077029e+01 -2.666380e+00  6.000000e+01
     vertex  6.108779e+01 -3.113617e+00  6.000000e+01
     vertex  6.117468e+01 -3.219773e+00  6.000000e+01
   endloop
 endfacet
 facet normal  0.000000e+00  0.000000e+00  1.000000e+00
   outer loop
     vertex  6.077029e+01 -2.666380e+00  6.000000e+01
     vertex  6.084504e+01 -2.781415e+00  6.000000e+01
     vertex  6.108779e+01 -3.113617e+00  6.000000e+01
   endloop
 endfacet
 facet normal  0.000000e+00  0.000000e+00  1.000000e+00
   outer loop
     vertex  6.242122e+01 -4.283676e+00  6.000000e+01
     vertex  6.219015e+01 -4.135788e+00  6.000000e+01
     vertex  6.230467e+01 -4.211317e+00  6.000000e+01
   endloop
 endfacet
 facet normal  0.000000e+00  0.000000e+00  1.000000e+00
   outer loop
     vertex  6.063042e+01 -2.430378e+00  6.000000e+01
     vertex  6.069874e+01 -2.549339e+00  6.000000e+01
     vertex  6.077029e+01 -2.666380e+00  6.000000e+01
   endloop
 endfacet
 facet normal  0.000000e+00  0.000000e+00  1.000000e+00
   outer loop
     vertex  6.278215e+01 -4.481199e+00  6.000000e+01
     vertex  6.253971e+01 -4.352810e+00  6.000000e+01
     vertex  6.266005e+01 -4.418668e+00  6.000000e+01
   endloop
 endfacet
 facet normal  0.000000e+00  0.000000e+00  1.000000e+00
   outer loop
     vertex  6.290592e+01 -4.540357e+00  6.000000e+01
     vertex  6.253971e+01 -4.352810e+00  6.000000e+01
     vertex  6.278215e+01 -4.481199e+00  6.000000e+01
   endloop
 endfacet
 facet normal  0.000000e+00  0.000000e+00  1.000000e+00
   outer loop
     vertex  6.303127e+01 -4.596097e+00  6.000000e+01
     vertex  6.242122e+01 -4.283676e+00  6.000000e+01
     vertex  6.253971e+01 -4.352810e+00  6.000000e+01
   endloop
 endfacet
 facet normal  0.000000e+00  0.000000e+00  1.000000e+00
   outer loop
     vertex  6.303127e+01 -4.596097e+00  6.000000e+01
     vertex  6.253971e+01 -4.352810e+00  6.000000e+01
     vertex  6.290592e+01 -4.540357e+00  6.000000e+01
   endloop
 endfacet
 facet normal  0.000000e+00  0.000000e+00  1.000000e+00
   outer loop
     vertex  6.033910e+01 -1.809970e+00  6.000000e+01
     vertex  6.039051e+01 -1.937156e+00  6.000000e+01
     vertex  6.044539e+01 -2.062884e+00  6.000000e+01
   endloop
 endfacet
 facet normal  0.000000e+00  0.000000e+00  1.000000e+00
   outer loop
     vertex  6.033910e+01 -1.809970e+00  6.000000e+01
     vertex  6.044539e+01 -2.062884e+00  6.000000e+01
     vertex  6.050369e+01 -2.187059e+00  6.000000e+01
   endloop
 endfacet
 facet normal  0.000000e+00  0.000000e+00  1.000000e+00
   outer loop
     vertex  6.033910e+01 -1.809970e+00  6.000000e+01
     vertex  6.050369e+01 -2.187059e+00  6.000000e+01
     vertex  6.056539e+01 -2.309588e+00  6.000000e+01
   endloop
 endfacet
 facet normal  0.000000e+00  0.000000e+00  1.000000e+00
   outer loop
     vertex  6.033910e+01 -1.809970e+00  6.000000e+01
     vertex  6.056539e+01 -2.309588e+00  6.000000e+01
     vertex  6.063042e+01 -2.430378e+00  6.000000e+01
   endloop
 endfacet
 facet normal  0.000000e+00  0.000000e+00  1.000000e+00
   outer loop
     vertex  6.033910e+01 -1.809970e+00  6.000000e+01
     vertex  6.117468e+01 -3.219773e+00  6.000000e+01
     vertex  6.185962e+01 -3.890761e+00  6.000000e+01
   endloop
 endfacet
 facet normal  0.000000e+00  0.000000e+00  1.000000e+00
   outer loop
     vertex  6.033910e+01 -1.809970e+00  6.000000e+01
     vertex  6.185962e+01 -3.890761e+00  6.000000e+01
     vertex  6.219015e+01 -4.135788e+00  6.000000e+01
   endloop
 endfacet
 facet normal  0.000000e+00  0.000000e+00  1.000000e+00
   outer loop
     vertex  6.033910e+01 -1.809970e+00  6.000000e+01
     vertex  6.077029e+01 -2.666380e+00  6.000000e+01
     vertex  6.117468e+01 -3.219773e+00  6.000000e+01
   endloop
 endfacet
 facet normal  0.000000e+00  0.000000e+00  1.000000e+00
   outer loop
     vertex  6.033910e+01 -1.809970e+00  6.000000e+01
     vertex  6.063042e+01 -2.430378e+00  6.000000e+01
     vertex  6.077029e+01 -2.666380e+00  6.000000e+01
   endloop
 endfacet
 facet normal  0.000000e+00  0.000000e+00  1.000000e+00
   outer loop
     vertex  6.328632e+01 -4.697158e+00  6.000000e+01
     vertex  6.303127e+01 -4.596097e+00  6.000000e+01
     vertex  6.315810e+01 -4.648377e+00  6.000000e+01
   endloop
 endfacet
 facet normal  0.000000e+00  0.000000e+00  1.000000e+00
   outer loop
     vertex  6.341583e+01 -4.742404e+00  6.000000e+01
     vertex  6.242122e+01 -4.283676e+00  6.000000e+01
     vertex  6.303127e+01 -4.596097e+00  6.000000e+01
   endloop
 endfacet
 facet normal  0.000000e+00  0.000000e+00  1.000000e+00
   outer loop
     vertex  6.341583e+01 -4.742404e+00  6.000000e+01
     vertex  6.303127e+01 -4.596097e+00  6.000000e+01
     vertex  6.328632e+01 -4.697158e+00  6.000000e+01
   endloop
 endfacet
 facet normal  0.000000e+00  0.000000e+00  1.000000e+00
   outer loop
     vertex  6.024684e+01 -1.551607e+00  6.000000e+01
     vertex  6.029120e+01 -1.681422e+00  6.000000e+01
     vertex  6.033910e+01 -1.809970e+00  6.000000e+01
   endloop
 endfacet
 facet normal  0.000000e+00  0.000000e+00  1.000000e+00
   outer loop
     vertex  6.024684e+01 -1.551607e+00  6.000000e+01
     vertex  6.219015e+01 -4.135788e+00  6.000000e+01
     vertex  6.242122e+01 -4.283676e+00  6.000000e+01
   endloop
 endfacet
 facet normal  0.000000e+00  0.000000e+00  1.000000e+00
   outer loop
     vertex  6.024684e+01 -1.551607e+00  6.000000e+01
     vertex  6.033910e+01 -1.809970e+00  6.000000e+01
     vertex  6.219015e+01 -4.135788e+00  6.000000e+01
   endloop
 endfacet
 facet normal  0.000000e+00  0.000000e+00  1.000000e+00
   outer loop
     vertex  6.020606e+01 -1.420625e+00  6.000000e+01
     vertex  6.024684e+01 -1.551607e+00  6.000000e+01
     vertex  6.242122e+01 -4.283676e+00  6.000000e+01
   endloop
 endfacet
 facet normal  0.000000e+00  0.000000e+00  1.000000e+00
   outer loop
     vertex  6.381111e+01 -4.856597e+00  6.000000e+01
     vertex  6.341583e+01 -4.742404e+00  6.000000e+01
     vertex  6.354653e+01 -4.784079e+00  6.000000e+01
   endloop
 endfacet
 facet normal  0.000000e+00  0.000000e+00  1.000000e+00
   outer loop
     vertex  6.381111e+01 -4.856597e+00  6.000000e+01
     vertex  6.354653e+01 -4.784079e+00  6.000000e+01
     vertex  6.367832e+01 -4.822153e+00  6.000000e+01
   endloop
 endfacet
 facet normal  0.000000e+00  0.000000e+00  1.000000e+00
   outer loop
     vertex  6.407927e+01 -4.914494e+00  6.000000e+01
     vertex  6.381111e+01 -4.856597e+00  6.000000e+01
     vertex  6.394479e+01 -4.887385e+00  6.000000e+01
   endloop
 endfacet
 facet normal  0.000000e+00  0.000000e+00  1.000000e+00
   outer loop
     vertex  6.007931e+01 -8.869989e-01  6.000000e+01
     vertex  6.010549e+01 -1.021660e+00  6.000000e+01
     vertex  6.013536e+01 -1.155551e+00  6.000000e+01
   endloop
 endfacet
 facet normal  0.000000e+00  0.000000e+00  1.000000e+00
   outer loop
     vertex  6.007931e+01 -8.869989e-01  6.000000e+01
     vertex  6.013536e+01 -1.155551e+00  6.000000e+01
     vertex  6.016889e+01 -1.288573e+00  6.000000e+01
   endloop
 endfacet
 facet normal  0.000000e+00  0.000000e+00  1.000000e+00
   outer loop
     vertex  6.421444e+01 -4.937904e+00  6.000000e+01
     vertex  6.381111e+01 -4.856597e+00  6.000000e+01
     vertex  6.407927e+01 -4.914494e+00  6.000000e+01
   endloop
 endfacet
 facet normal  0.000000e+00  0.000000e+00  1.000000e+00
   outer loop
     vertex  6.005682e+01 -7.516705e-01  6.000000e+01
     vertex  6.007931e+01 -8.869989e-01  6.000000e+01
     vertex  6.016889e+01 -1.288573e+00  6.000000e+01
   endloop
 endfacet
 facet normal  0.000000e+00  0.000000e+00  1.000000e+00
   outer loop
     vertex  6.005682e+01 -7.516705e-01  6.000000e+01
     vertex  6.016889e+01 -1.288573e+00  6.000000e+01
     vertex  6.020606e+01 -1.420625e+00  6.000000e+01
   endloop
 endfacet
 facet normal  0.000000e+00  0.000000e+00  1.000000e+00
   outer loop
     vertex  6.462309e+01 -4.985774e+00  6.000000e+01
     vertex  6.435020e+01 -4.957597e+00  6.000000e+01
     vertex  6.448645e+01 -4.973557e+00  6.000000e+01
   endloop
 endfacet
 facet normal  0.000000e+00  0.000000e+00  1.000000e+00
   outer loop
     vertex  6.001176e+01 -3.426997e-01  6.000000e+01
     vertex  6.002304e+01 -4.794184e-01  6.000000e+01
     vertex  6.003806e+01 -6.157762e-01  6.000000e+01
   endloop
 endfacet
 facet normal  0.000000e+00  0.000000e+00  1.000000e+00
   outer loop
     vertex  6.476001e+01 -4.994237e+00  6.000000e+01
     vertex  6.381111e+01 -4.856597e+00  6.000000e+01
     vertex  6.421444e+01 -4.937904e+00  6.000000e+01
   endloop
 endfacet
 facet normal  0.000000e+00  0.000000e+00  1.000000e+00
   outer loop
     vertex  6.476001e+01 -4.994237e+00  6.000000e+01
     vertex  6.435020e+01 -4.957597e+00  6.000000e+01
     vertex  6.462309e+01 -4.985774e+00  6.000000e+01
   endloop
 endfacet
 facet normal  0.000000e+00  0.000000e+00  1.000000e+00
   outer loop
     vertex  6.476001e+01 -4.994237e+00  6.000000e+01
     vertex  6.421444e+01 -4.937904e+00  6.000000e+01
     vertex  6.435020e+01 -4.957597e+00  6.000000e+01
   endloop
 endfacet
 facet normal  0.000000e+00  0.000000e+00  1.000000e+00
   outer loop
     vertex  6.000423e+01 -2.057231e-01  6.000000e+01
     vertex  6.003806e+01 -6.157762e-01  6.000000e+01
     vertex  6.005682e+01 -7.516705e-01  6.000000e+01
   endloop
 endfacet
 facet normal  0.000000e+00  0.000000e+00  1.000000e+00
   outer loop
     vertex  6.000423e+01 -2.057231e-01  6.000000e+01
     vertex  6.001176e+01 -3.426997e-01  6.000000e+01
     vertex  6.003806e+01 -6.157762e-01  6.000000e+01
   endloop
 endfacet
 facet normal  0.000000e+00  0.000000e+00  1.000000e+00
   outer loop
     vertex  6.000047e+01 -6.859157e-02  6.000000e+01
     vertex  6.005682e+01 -7.516705e-01  6.000000e+01
     vertex  6.020606e+01 -1.420625e+00  6.000000e+01
   endloop
 endfacet
 facet normal  0.000000e+00  0.000000e+00  1.000000e+00
   outer loop
     vertex  6.000047e+01 -6.859157e-02  6.000000e+01
     vertex  6.000423e+01 -2.057231e-01  6.000000e+01
     vertex  6.005682e+01 -7.516705e-01  6.000000e+01
   endloop
 endfacet
 facet normal  0.000000e+00  0.000000e+00  1.000000e+00
   outer loop
     vertex  6.503430e+01 -4.999882e+00  6.000000e+01
     vertex  6.381111e+01 -4.856597e+00  6.000000e+01
     vertex  6.476001e+01 -4.994237e+00  6.000000e+01
   endloop
 endfacet
 facet normal  0.000000e+00  0.000000e+00  1.000000e+00
   outer loop
     vertex  6.503430e+01 -4.999882e+00  6.000000e+01
     vertex  6.476001e+01 -4.994237e+00  6.000000e+01
     vertex  6.489712e+01 -4.998941e+00  6.000000e+01
   endloop
 endfacet
 facet normal  0.000000e+00  0.000000e+00  1.000000e+00
   outer loop
     vertex  6.000423e+01  2.057231e-01  6.000000e+01
     vertex  6.000047e+01  6.859157e-02  6.000000e+01
     vertex  6.000047e+01 -6.859157e-02  6.000000e+01
   endloop
 endfacet
 facet normal  0.000000e+00  0.000000e+00  1.000000e+00
   outer loop
     vertex  6.530848e+01 -4.990475e+00  6.000000e+01
     vertex  6.503430e+01 -4.999882e+00  6.000000e+01
     vertex  6.517145e+01 -4.997060e+00  6.000000e+01
   endloop
 endfacet
 facet normal  0.000000e+00  0.000000e+00  1.000000e+00
   outer loop
     vertex  6.558173e+01 -4.966044e+00  6.000000e+01
     vertex  6.530848e+01 -4.990475e+00  6.000000e+01
     vertex  6.544527e+01 -4.980134e+00  6.000000e+01
   endloop
 endfacet
 facet normal  0.000000e+00  0.000000e+00  1.000000e+00
   outer loop
     vertex  6.003806e+01  6.157762e-01  6.000000e+01
     vertex  6.002304e+01  4.794184e-01  6.000000e+01
     vertex  6.001176e+01  3.426997e-01  6.000000e+01
   endloop
 endfacet
 facet normal  0.000000e+00  0.000000e+00  1.000000e+00
   outer loop
     vertex  6.003806e+01  6.157762e-01  6.000000e+01
     vertex  6.001176e+01  3.426997e-01  6.000000e+01
     vertex  6.000423e+01  2.057231e-01  6.000000e+01
   endloop
 endfacet
 facet normal  0.000000e+00  0.000000e+00  1.000000e+00
   outer loop
     vertex  6.003806e+01  6.157762e-01  6.000000e+01
     vertex  6.000047e+01 -6.859157e-02  6.000000e+01
     vertex  6.020606e+01 -1.420625e+00  6.000000e+01
   endloop
 endfacet
 facet normal  0.000000e+00  0.000000e+00  1.000000e+00
   outer loop
     vertex  6.003806e+01  6.157762e-01  6.000000e+01
     vertex  6.000423e+01  2.057231e-01  6.000000e+01
     vertex  6.000047e+01 -6.859157e-02  6.000000e+01
   endloop
 endfacet
 facet normal  0.000000e+00  0.000000e+00  1.000000e+00
   outer loop
     vertex  6.571775e+01 -4.948216e+00  6.000000e+01
     vertex  6.530848e+01 -4.990475e+00  6.000000e+01
     vertex  6.558173e+01 -4.966044e+00  6.000000e+01
   endloop
 endfacet
 facet normal  0.000000e+00  0.000000e+00  1.000000e+00
   outer loop
     vertex  6.007931e+01  8.869989e-01  6.000000e+01
     vertex  6.005682e+01  7.516705e-01  6.000000e+01
     vertex  6.003806e+01  6.157762e-01  6.000000e+01
   endloop
 endfacet
 facet normal  0.000000e+00  0.000000e+00  1.000000e+00
   outer loop
     vertex  6.598806e+01 -4.901401e+00  6.000000e+01
     vertex  6.571775e+01 -4.948216e+00  6.000000e+01
     vertex  6.585323e+01 -4.926663e+00  6.000000e+01
   endloop
 endfacet
 facet normal  0.000000e+00  0.000000e+00  1.000000e+00
   outer loop
     vertex  6.612216e+01 -4.872450e+00  6.000000e+01
     vertex  6.530848e+01 -4.990475e+00  6.000000e+01
     vertex  6.571775e+01 -4.948216e+00  6.000000e+01
   endloop
 endfacet
 facet normal  0.000000e+00  0.000000e+00  1.000000e+00
   outer loop
     vertex  6.612216e+01 -4.872450e+00  6.000000e+01
     vertex  6.571775e+01 -4.948216e+00  6.000000e+01
     vertex  6.598806e+01 -4.901401e+00  6.000000e+01
   endloop
 endfacet
 facet normal  0.000000e+00  0.000000e+00  1.000000e+00
   outer loop
     vertex  6.013536e+01  1.155551e+00  6.000000e+01
     vertex  6.010549e+01  1.021660e+00  6.000000e+01
     vertex  6.007931e+01  8.869989e-01  6.000000e+01
   endloop
 endfacet
 facet normal  0.000000e+00  0.000000e+00  1.000000e+00
   outer loop
     vertex  6.625540e+01 -4.839831e+00  6.000000e+01
     vertex  6.530848e+01 -4.990475e+00  6.000000e+01
     vertex  6.612216e+01 -4.872450e+00  6.000000e+01
   endloop
 endfacet
 facet normal  0.000000e+00  0.000000e+00  1.000000e+00
   outer loop
     vertex  6.638771e+01 -4.803568e+00  6.000000e+01
     vertex  6.530848e+01 -4.990475e+00  6.000000e+01
     vertex  6.625540e+01 -4.839831e+00  6.000000e+01
   endloop
 endfacet
 facet normal  0.000000e+00  0.000000e+00  1.000000e+00
   outer loop
     vertex  6.020606e+01  1.420625e+00  6.000000e+01
     vertex  6.016889e+01  1.288573e+00  6.000000e+01
     vertex  6.013536e+01  1.155551e+00  6.000000e+01
   endloop
 endfacet
 facet normal  0.000000e+00  0.000000e+00  1.000000e+00
   outer loop
     vertex  6.020606e+01  1.420625e+00  6.000000e+01
     vertex  6.003806e+01  6.157762e-01  6.000000e+01
     vertex  6.020606e+01 -1.420625e+00  6.000000e+01
   endloop
 endfacet
 facet normal  0.000000e+00  0.000000e+00  1.000000e+00
   outer loop
     vertex  6.020606e+01  1.420625e+00  6.000000e+01
     vertex  6.007931e+01  8.869989e-01  6.000000e+01
     vertex  6.003806e+01  6.157762e-01  6.000000e+01
   endloop
 endfacet
 facet normal  0.000000e+00  0.000000e+00  1.000000e+00
   outer loop
     vertex  6.020606e+01  1.420625e+00  6.000000e+01
     vertex  6.013536e+01  1.155551e+00  6.000000e+01
     vertex  6.007931e+01  8.869989e-01  6.000000e+01
   endloop
 endfacet
 facet normal  0.000000e+00  0.000000e+00  1.000000e+00
   outer loop
     vertex  6.029120e+01  1.681422e+00  6.000000e+01
     vertex  6.024684e+01  1.551607e+00  6.000000e+01
     vertex  6.020606e+01  1.420625e+00  6.000000e+01
   endloop
 endfacet
 facet normal  0.000000e+00  0.000000e+00  1.000000e+00
   outer loop
     vertex  6.677796e+01 -4.673208e+00  6.000000e+01
     vertex  6.638771e+01 -4.803568e+00  6.000000e+01
     vertex  6.651897e+01 -4.763690e+00  6.000000e+01
   endloop
 endfacet
 facet normal  0.000000e+00  0.000000e+00  1.000000e+00
   outer loop
     vertex  6.677796e+01 -4.673208e+00  6.000000e+01
     vertex  6.651897e+01 -4.763690e+00  6.000000e+01
     vertex  6.664908e+01 -4.720225e+00  6.000000e+01
   endloop
 endfacet
 facet normal  0.000000e+00  0.000000e+00  1.000000e+00
   outer loop
     vertex  6.703159e+01 -4.568657e+00  6.000000e+01
     vertex  6.677796e+01 -4.673208e+00  6.000000e+01
     vertex  6.690549e+01 -4.622672e+00  6.000000e+01
   endloop
 endfacet
 facet normal  0.000000e+00  0.000000e+00  1.000000e+00
   outer loop
     vertex  6.703159e+01 -4.568657e+00  6.000000e+01
     vertex  6.638771e+01 -4.803568e+00  6.000000e+01
     vertex  6.677796e+01 -4.673208e+00  6.000000e+01
   endloop
 endfacet
 facet normal  0.000000e+00  0.000000e+00  1.000000e+00
   outer loop
     vertex  6.044539e+01  2.062884e+00  6.000000e+01
     vertex  6.039051e+01  1.937156e+00  6.000000e+01
     vertex  6.033910e+01  1.809970e+00  6.000000e+01
   endloop
 endfacet
 facet normal  0.000000e+00  0.000000e+00  1.000000e+00
   outer loop
     vertex  6.044539e+01  2.062884e+00  6.000000e+01
     vertex  6.033910e+01  1.809970e+00  6.000000e+01
     vertex  6.029120e+01  1.681422e+00  6.000000e+01
   endloop
 endfacet
 facet normal  0.000000e+00  0.000000e+00  1.000000e+00
   outer loop
     vertex  6.715617e+01 -4.511202e+00  6.000000e+01
     vertex  6.638771e+01 -4.803568e+00  6.000000e+01
     vertex  6.703159e+01 -4.568657e+00  6.000000e+01
   endloop
 endfacet
 facet normal  0.000000e+00  0.000000e+00  1.000000e+00
   outer loop
     vertex  6.727912e+01 -4.450352e+00  6.000000e+01
     vertex  6.638771e+01 -4.803568e+00  6.000000e+01
     vertex  6.715617e+01 -4.511202e+00  6.000000e+01
   endloop
 endfacet
 facet normal  0.000000e+00  0.000000e+00  1.000000e+00
   outer loop
     vertex  6.727912e+01 -4.450352e+00  6.000000e+01
     vertex  6.503430e+01 -4.999882e+00  6.000000e+01
     vertex  6.530848e+01 -4.990475e+00  6.000000e+01
   endloop
 endfacet
 facet normal  0.000000e+00  0.000000e+00  1.000000e+00
   outer loop
     vertex  6.727912e+01 -4.450352e+00  6.000000e+01
     vertex  6.530848e+01 -4.990475e+00  6.000000e+01
     vertex  6.638771e+01 -4.803568e+00  6.000000e+01
   endloop
 endfacet
 facet normal  0.000000e+00  0.000000e+00  1.000000e+00
   outer loop
     vertex  6.056539e+01  2.309588e+00  6.000000e+01
     vertex  6.029120e+01  1.681422e+00  6.000000e+01
     vertex  6.020606e+01  1.420625e+00  6.000000e+01
   endloop
 endfacet
 facet normal  0.000000e+00  0.000000e+00  1.000000e+00
   outer loop
     vertex  6.056539e+01  2.309588e+00  6.000000e+01
     vertex  6.050369e+01  2.187059e+00  6.000000e+01
     vertex  6.044539e+01  2.062884e+00  6.000000e+01
   endloop
 endfacet
 facet normal  0.000000e+00  0.000000e+00  1.000000e+00
   outer loop
     vertex  6.056539e+01  2.309588e+00  6.000000e+01
     vertex  6.044539e+01  2.062884e+00  6.000000e+01
     vertex  6.029120e+01  1.681422e+00  6.000000e+01
   endloop
 endfacet
 facet normal  0.000000e+00  0.000000e+00  1.000000e+00
   outer loop
     vertex  6.063042e+01  2.430378e+00  6.000000e+01
     vertex  6.056539e+01  2.309588e+00  6.000000e+01
     vertex  6.020606e+01  1.420625e+00  6.000000e+01
   endloop
 endfacet
 facet normal  0.000000e+00  0.000000e+00  1.000000e+00
   outer loop
     vertex  6.063042e+01  2.430378e+00  6.000000e+01
     vertex  6.020606e+01  1.420625e+00  6.000000e+01
     vertex  6.020606e+01 -1.420625e+00  6.000000e+01
   endloop
 endfacet
 facet normal  0.000000e+00  0.000000e+00  1.000000e+00
   outer loop
     vertex  6.077029e+01  2.666380e+00  6.000000e+01
     vertex  6.069874e+01  2.549339e+00  6.000000e+01
     vertex  6.063042e+01  2.430378e+00  6.000000e+01
   endloop
 endfacet
 facet normal  0.000000e+00  0.000000e+00  1.000000e+00
   outer loop
     vertex  6.775285e+01 -4.173946e+00  6.000000e+01
     vertex  6.341583e+01 -4.742404e+00  6.000000e+01
     vertex  6.381111e+01 -4.856597e+00  6.000000e+01
   endloop
 endfacet
 facet normal  0.000000e+00  0.000000e+00  1.000000e+00
   outer loop
     vertex  6.775285e+01 -4.173946e+00  6.000000e+01
     vertex  6.503430e+01 -4.999882e+00  6.000000e+01
     vertex  6.727912e+01 -4.450352e+00  6.000000e+01
   endloop
 endfacet
 facet normal  0.000000e+00  0.000000e+00  1.000000e+00
   outer loop
     vertex  6.775285e+01 -4.173946e+00  6.000000e+01
     vertex  6.381111e+01 -4.856597e+00  6.000000e+01
     vertex  6.503430e+01 -4.999882e+00  6.000000e+01
   endloop
 endfacet
 facet normal  0.000000e+00  0.000000e+00  1.000000e+00
   outer loop
     vertex  6.775285e+01 -4.173946e+00  6.000000e+01
     vertex  6.727912e+01 -4.450352e+00  6.000000e+01
     vertex  6.740035e+01 -4.386152e+00  6.000000e+01
   endloop
 endfacet
 facet normal  0.000000e+00  0.000000e+00  1.000000e+00
   outer loop
     vertex  6.775285e+01 -4.173946e+00  6.000000e+01
     vertex  6.740035e+01 -4.386152e+00  6.000000e+01
     vertex  6.751978e+01 -4.318649e+00  6.000000e+01
   endloop
 endfacet
 facet normal  0.000000e+00  0.000000e+00  1.000000e+00
   outer loop
     vertex  6.775285e+01 -4.173946e+00  6.000000e+01
     vertex  6.751978e+01 -4.318649e+00  6.000000e+01
     vertex  6.763730e+01 -4.247896e+00  6.000000e+01
   endloop
 endfacet
 facet normal  0.000000e+00  0.000000e+00  1.000000e+00
   outer loop
     vertex  6.775285e+01 -4.173946e+00  6.000000e+01
     vertex  6.242122e+01 -4.283676e+00  6.000000e+01
     vertex  6.341583e+01 -4.742404e+00  6.000000e+01
   endloop
 endfacet
 facet normal  0.000000e+00  0.000000e+00  1.000000e+00
   outer loop
     vertex  6.084504e+01  2.781415e+00  6.000000e+01
     vertex  6.077029e+01  2.666380e+00  6.000000e+01
     vertex  6.063042e+01  2.430378e+00  6.000000e+01
   endloop
 endfacet
 facet normal  0.000000e+00  0.000000e+00  1.000000e+00
   outer loop
     vertex  6.092290e+01  2.894355e+00  6.000000e+01
     vertex  6.084504e+01  2.781415e+00  6.000000e+01
     vertex  6.063042e+01  2.430378e+00  6.000000e+01
   endloop
 endfacet
 facet normal  0.000000e+00  0.000000e+00  1.000000e+00
   outer loop
     vertex  6.797764e+01 -4.016676e+00  6.000000e+01
     vertex  6.775285e+01 -4.173946e+00  6.000000e+01
     vertex  6.786632e+01 -4.096853e+00  6.000000e+01
   endloop
 endfacet
 facet normal  0.000000e+00  0.000000e+00  1.000000e+00
   outer loop
     vertex  6.108779e+01  3.113617e+00  6.000000e+01
     vertex  6.020606e+01 -1.420625e+00  6.000000e+01
     vertex  6.242122e+01 -4.283676e+00  6.000000e+01
   endloop
 endfacet
 facet normal  0.000000e+00  0.000000e+00  1.000000e+00
   outer loop
     vertex  6.108779e+01  3.113617e+00  6.000000e+01
     vertex  6.063042e+01  2.430378e+00  6.000000e+01
     vertex  6.020606e+01 -1.420625e+00  6.000000e+01
   endloop
 endfacet
 facet normal  0.000000e+00  0.000000e+00  1.000000e+00
   outer loop
     vertex  6.108779e+01  3.113617e+00  6.000000e+01
     vertex  6.092290e+01  2.894355e+00  6.000000e+01
     vertex  6.063042e+01  2.430378e+00  6.000000e+01
   endloop
 endfacet
 facet normal  0.000000e+00  0.000000e+00  1.000000e+00
   outer loop
     vertex  6.108779e+01  3.113617e+00  6.000000e+01
     vertex  6.100384e+01  3.005117e+00  6.000000e+01
     vertex  6.092290e+01  2.894355e+00  6.000000e+01
   endloop
 endfacet
 facet normal  0.000000e+00  0.000000e+00  1.000000e+00
   outer loop
     vertex  6.819346e+01 -3.847314e+00  6.000000e+01
     vertex  6.797764e+01 -4.016676e+00  6.000000e+01
     vertex  6.808671e+01 -3.933476e+00  6.000000e+01
   endloop
 endfacet
 facet normal  0.000000e+00  0.000000e+00  1.000000e+00
   outer loop
     vertex  6.849897e+01 -3.571723e+00  6.000000e+01
     vertex  6.797764e+01 -4.016676e+00  6.000000e+01
     vertex  6.819346e+01 -3.847314e+00  6.000000e+01
   endloop
 endfacet
 facet normal  0.000000e+00  0.000000e+00  1.000000e+00
   outer loop
     vertex  6.849897e+01 -3.571723e+00  6.000000e+01
     vertex  6.819346e+01 -3.847314e+00  6.000000e+01
     vertex  6.829780e+01 -3.758257e+00  6.000000e+01
   endloop
 endfacet
 facet normal  0.000000e+00  0.000000e+00  1.000000e+00
   outer loop
     vertex  6.849897e+01 -3.571723e+00  6.000000e+01
     vertex  6.829780e+01 -3.758257e+00  6.000000e+01
     vertex  6.839967e+01 -3.666370e+00  6.000000e+01
   endloop
 endfacet
 facet normal  0.000000e+00  0.000000e+00  1.000000e+00
   outer loop
     vertex  6.868960e+01 -3.374438e+00  6.000000e+01
     vertex  6.849897e+01 -3.571723e+00  6.000000e+01
     vertex  6.859564e+01 -3.474388e+00  6.000000e+01
   endloop
 endfacet
 facet normal  0.000000e+00  0.000000e+00  1.000000e+00
   outer loop
     vertex  6.175406e+01  3.803143e+00  6.000000e+01
     vertex  6.165095e+01  3.712663e+00  6.000000e+01
     vertex  6.155036e+01  3.619387e+00  6.000000e+01
   endloop
 endfacet
 facet normal  0.000000e+00  0.000000e+00  1.000000e+00
   outer loop
     vertex  6.175406e+01  3.803143e+00  6.000000e+01
     vertex  6.155036e+01  3.619387e+00  6.000000e+01
     vertex  6.145236e+01  3.523387e+00  6.000000e+01
   endloop
 endfacet
 facet normal  0.000000e+00  0.000000e+00  1.000000e+00
   outer loop
     vertex  6.175406e+01  3.803143e+00  6.000000e+01
     vertex  6.145236e+01  3.523387e+00  6.000000e+01
     vertex  6.135704e+01  3.424735e+00  6.000000e+01
   endloop
 endfacet
 facet normal  0.000000e+00  0.000000e+00  1.000000e+00
   outer loop
     vertex  6.886913e+01 -3.166993e+00  6.000000e+01
     vertex  6.868960e+01 -3.374438e+00  6.000000e+01
     vertex  6.878079e+01 -3.271947e+00  6.000000e+01
   endloop
 endfacet
 facet normal  0.000000e+00  0.000000e+00  1.000000e+00
   outer loop
     vertex  6.886913e+01 -3.166993e+00  6.000000e+01
     vertex  6.797764e+01 -4.016676e+00  6.000000e+01
     vertex  6.849897e+01 -3.571723e+00  6.000000e+01
   endloop
 endfacet
 facet normal  0.000000e+00  0.000000e+00  1.000000e+00
   outer loop
     vertex  6.886913e+01 -3.166993e+00  6.000000e+01
     vertex  6.775285e+01 -4.173946e+00  6.000000e+01
     vertex  6.797764e+01 -4.016676e+00  6.000000e+01
   endloop
 endfacet
 facet normal  0.000000e+00  0.000000e+00  1.000000e+00
   outer loop
     vertex  6.886913e+01 -3.166993e+00  6.000000e+01
     vertex  6.849897e+01 -3.571723e+00  6.000000e+01
     vertex  6.868960e+01 -3.374438e+00  6.000000e+01
   endloop
 endfacet
 facet normal  0.000000e+00  0.000000e+00  1.000000e+00
   outer loop
     vertex  6.196754e+01  3.975450e+00  6.000000e+01
     vertex  6.175406e+01  3.803143e+00  6.000000e+01
     vertex  6.135704e+01  3.424735e+00  6.000000e+01
   endloop
 endfacet
 facet normal  0.000000e+00  0.000000e+00  1.000000e+00
   outer loop
     vertex  6.196754e+01  3.975450e+00  6.000000e+01
     vertex  6.185962e+01  3.890761e+00  6.000000e+01
     vertex  6.175406e+01  3.803143e+00  6.000000e+01
   endloop
 endfacet
 facet normal  0.000000e+00  0.000000e+00  1.000000e+00
   outer loop
     vertex  6.196754e+01  3.975450e+00  6.000000e+01
     vertex  6.135704e+01  3.424735e+00  6.000000e+01
     vertex  6.126445e+01  3.323505e+00  6.000000e+01
   endloop
 endfacet
 facet normal  0.000000e+00  0.000000e+00  1.000000e+00
   outer loop
     vertex  6.196754e+01  3.975450e+00  6.000000e+01
     vertex  6.126445e+01  3.323505e+00  6.000000e+01
     vertex  6.117468e+01  3.219773e+00  6.000000e+01
   endloop
 endfacet
 facet normal  0.000000e+00  0.000000e+00  1.000000e+00
   outer loop
     vertex  6.196754e+01  3.975450e+00  6.000000e+01
     vertex  6.117468e+01  3.219773e+00  6.000000e+01
     vertex  6.108779e+01  3.113617e+00  6.000000e+01
   endloop
 endfacet
 facet normal  0.000000e+00  0.000000e+00  1.000000e+00
   outer loop
     vertex  6.207775e+01  4.057146e+00  6.000000e+01
     vertex  6.196754e+01  3.975450e+00  6.000000e+01
     vertex  6.108779e+01  3.113617e+00  6.000000e+01
   endloop
 endfacet
 facet normal  0.000000e+00  0.000000e+00  1.000000e+00
   outer loop
     vertex  6.230467e+01  4.211317e+00  6.000000e+01
     vertex  6.219015e+01  4.135788e+00  6.000000e+01
     vertex  6.207775e+01  4.057146e+00  6.000000e+01
   endloop
 endfacet
 facet normal  0.000000e+00  0.000000e+00  1.000000e+00
   outer loop
     vertex  6.230467e+01  4.211317e+00  6.000000e+01
     vertex  6.207775e+01  4.057146e+00  6.000000e+01
     vertex  6.108779e+01  3.113617e+00  6.000000e+01
   endloop
 endfacet
 facet normal  0.000000e+00  0.000000e+00  1.000000e+00
   outer loop
     vertex  6.926589e+01 -2.608105e+00  6.000000e+01
     vertex  6.886913e+01 -3.166993e+00  6.000000e+01
     vertex  6.895456e+01 -3.059655e+00  6.000000e+01
   endloop
 endfacet
 facet normal  0.000000e+00  0.000000e+00  1.000000e+00
   outer loop
     vertex  6.926589e+01 -2.608105e+00  6.000000e+01
     vertex  6.895456e+01 -3.059655e+00  6.000000e+01
     vertex  6.903701e+01 -2.950014e+00  6.000000e+01
   endloop
 endfacet
 facet normal  0.000000e+00  0.000000e+00  1.000000e+00
   outer loop
     vertex  6.926589e+01 -2.608105e+00  6.000000e+01
     vertex  6.903701e+01 -2.950014e+00  6.000000e+01
     vertex  6.911642e+01 -2.838152e+00  6.000000e+01
   endloop
 endfacet
 facet normal  0.000000e+00  0.000000e+00  1.000000e+00
   outer loop
     vertex  6.926589e+01 -2.608105e+00  6.000000e+01
     vertex  6.911642e+01 -2.838152e+00  6.000000e+01
     vertex  6.919273e+01 -2.724154e+00  6.000000e+01
   endloop
 endfacet
 facet normal  0.000000e+00  0.000000e+00  1.000000e+00
   outer loop
     vertex  6.253971e+01  4.352810e+00  6.000000e+01
     vertex  6.242122e+01  4.283676e+00  6.000000e+01
     vertex  6.230467e+01  4.211317e+00  6.000000e+01
   endloop
 endfacet
 facet normal  0.000000e+00  0.000000e+00  1.000000e+00
   outer loop
     vertex  6.940251e+01 -2.370206e+00  6.000000e+01
     vertex  6.926589e+01 -2.608105e+00  6.000000e+01
     vertex  6.933583e+01 -2.490093e+00  6.000000e+01
   endloop
 endfacet
 facet normal  0.000000e+00  0.000000e+00  1.000000e+00
   outer loop
     vertex  6.278215e+01  4.481199e+00  6.000000e+01
     vertex  6.266005e+01  4.418668e+00  6.000000e+01
     vertex  6.253971e+01  4.352810e+00  6.000000e+01
   endloop
 endfacet
 facet normal  0.000000e+00  0.000000e+00  1.000000e+00
   outer loop
     vertex  6.278215e+01  4.481199e+00  6.000000e+01
     vertex  6.253971e+01  4.352810e+00  6.000000e+01
     vertex  6.230467e+01  4.211317e+00  6.000000e+01
   endloop
 endfacet
 facet normal  0.000000e+00  0.000000e+00  1.000000e+00
   outer loop
     vertex  6.952589e+01 -2.125172e+00  6.000000e+01
     vertex  6.940251e+01 -2.370206e+00  6.000000e+01
     vertex  6.946588e+01 -2.248535e+00  6.000000e+01
   endloop
 endfacet
 facet normal  0.000000e+00  0.000000e+00  1.000000e+00
   outer loop
     vertex  6.952589e+01 -2.125172e+00  6.000000e+01
     vertex  6.886913e+01 -3.166993e+00  6.000000e+01
     vertex  6.926589e+01 -2.608105e+00  6.000000e+01
   endloop
 endfacet
 facet normal  0.000000e+00  0.000000e+00  1.000000e+00
   outer loop
     vertex  6.952589e+01 -2.125172e+00  6.000000e+01
     vertex  6.926589e+01 -2.608105e+00  6.000000e+01
     vertex  6.940251e+01 -2.370206e+00  6.000000e+01
   endloop
 endfacet
 facet normal  0.000000e+00  0.000000e+00  1.000000e+00
   outer loop
     vertex  6.290592e+01  4.540357e+00  6.000000e+01
     vertex  6.278215e+01  4.481199e+00  6.000000e+01
     vertex  6.230467e+01  4.211317e+00  6.000000e+01
   endloop
 endfacet
 facet normal  0.000000e+00  0.000000e+00  1.000000e+00
   outer loop
     vertex  6.963563e+01 -1.873740e+00  6.000000e+01
     vertex  6.886913e+01 -3.166993e+00  6.000000e+01
     vertex  6.952589e+01 -2.125172e+00  6.000000e+01
   endloop
 endfacet
 facet normal  0.000000e+00  0.000000e+00  1.000000e+00
   outer loop
     vertex  6.963563e+01 -1.873740e+00  6.000000e+01
     vertex  6.952589e+01 -2.125172e+00  6.000000e+01
     vertex  6.958248e+01 -2.000209e+00  6.000000e+01
   endloop
 endfacet
 facet normal  0.000000e+00  0.000000e+00  1.000000e+00
   outer loop
     vertex  6.963563e+01 -1.873740e+00  6.000000e+01
     vertex  6.775285e+01 -4.173946e+00  6.000000e+01
     vertex  6.886913e+01 -3.166993e+00  6.000000e+01
   endloop
 endfacet
 facet normal  0.000000e+00  0.000000e+00  1.000000e+00
   outer loop
     vertex  6.315810e+01  4.648377e+00  6.000000e+01
     vertex  6.303127e+01  4.596097e+00  6.000000e+01
     vertex  6.290592e+01  4.540357e+00  6.000000e+01
   endloop
 endfacet
 facet normal  0.000000e+00  0.000000e+00  1.000000e+00
   outer loop
     vertex  6.315810e+01  4.648377e+00  6.000000e+01
     vertex  6.290592e+01  4.540357e+00  6.000000e+01
     vertex  6.230467e+01  4.211317e+00  6.000000e+01
   endloop
 endfacet
 facet normal  0.000000e+00  0.000000e+00  1.000000e+00
   outer loop
     vertex  6.977400e+01 -1.486256e+00  6.000000e+01
     vertex  6.963563e+01 -1.873740e+00  6.000000e+01
     vertex  6.968529e+01 -1.745860e+00  6.000000e+01
   endloop
 endfacet
 facet normal  0.000000e+00  0.000000e+00  1.000000e+00
   outer loop
     vertex  6.977400e+01 -1.486256e+00  6.000000e+01
     vertex  6.968529e+01 -1.745860e+00  6.000000e+01
     vertex  6.973143e+01 -1.616666e+00  6.000000e+01
   endloop
 endfacet
 facet normal  0.000000e+00  0.000000e+00  1.000000e+00
   outer loop
     vertex  6.354653e+01  4.784079e+00  6.000000e+01
     vertex  6.315810e+01  4.648377e+00  6.000000e+01
     vertex  6.230467e+01  4.211317e+00  6.000000e+01
   endloop
 endfacet
 facet normal  0.000000e+00  0.000000e+00  1.000000e+00
   outer loop
     vertex  6.354653e+01  4.784079e+00  6.000000e+01
     vertex  6.341583e+01  4.742404e+00  6.000000e+01
     vertex  6.328632e+01  4.697158e+00  6.000000e+01
   endloop
 endfacet
 facet normal  0.000000e+00  0.000000e+00  1.000000e+00
   outer loop
     vertex  6.354653e+01  4.784079e+00  6.000000e+01
     vertex  6.328632e+01  4.697158e+00  6.000000e+01
     vertex  6.315810e+01  4.648377e+00  6.000000e+01
   endloop
 endfacet
 facet normal  0.000000e+00  0.000000e+00  1.000000e+00
   outer loop
     vertex  6.984833e+01 -1.222177e+00  6.000000e+01
     vertex  6.977400e+01 -1.486256e+00  6.000000e+01
     vertex  6.981297e+01 -1.354726e+00  6.000000e+01
   endloop
 endfacet
 facet normal  0.000000e+00  0.000000e+00  1.000000e+00
   outer loop
     vertex  6.984833e+01 -1.222177e+00  6.000000e+01
     vertex  6.963563e+01 -1.873740e+00  6.000000e+01
     vertex  6.977400e+01 -1.486256e+00  6.000000e+01
   endloop
 endfacet
 facet normal  0.000000e+00  0.000000e+00  1.000000e+00
   outer loop
     vertex  6.394479e+01  4.887385e+00  6.000000e+01
     vertex  6.381111e+01  4.856597e+00  6.000000e+01
     vertex  6.367832e+01  4.822153e+00  6.000000e+01
   endloop
 endfacet
 facet normal  0.000000e+00  0.000000e+00  1.000000e+00
   outer loop
     vertex  6.394479e+01  4.887385e+00  6.000000e+01
     vertex  6.367832e+01  4.822153e+00  6.000000e+01
     vertex  6.354653e+01  4.784079e+00  6.000000e+01
   endloop
 endfacet
 facet normal  0.000000e+00  0.000000e+00  1.000000e+00
   outer loop
     vertex  6.990806e+01 -9.544190e-01  6.000000e+01
     vertex  6.984833e+01 -1.222177e+00  6.000000e+01
     vertex  6.988003e+01 -1.088708e+00  6.000000e+01
   endloop
 endfacet
 facet normal  0.000000e+00  0.000000e+00  1.000000e+00
   outer loop
     vertex  6.407927e+01  4.914494e+00  6.000000e+01
     vertex  6.394479e+01  4.887385e+00  6.000000e+01
     vertex  6.354653e+01  4.784079e+00  6.000000e+01
   endloop
 endfacet
 facet normal  0.000000e+00  0.000000e+00  1.000000e+00
   outer loop
     vertex  6.993240e+01 -8.194118e-01  6.000000e+01
     vertex  6.963563e+01 -1.873740e+00  6.000000e+01
     vertex  6.984833e+01 -1.222177e+00  6.000000e+01
   endloop
 endfacet
 facet normal  0.000000e+00  0.000000e+00  1.000000e+00
   outer loop
     vertex  6.993240e+01 -8.194118e-01  6.000000e+01
     vertex  6.984833e+01 -1.222177e+00  6.000000e+01
     vertex  6.990806e+01 -9.544190e-01  6.000000e+01
   endloop
 endfacet
 facet normal  0.000000e+00  0.000000e+00  1.000000e+00
   outer loop
     vertex  6.435020e+01  4.957597e+00  6.000000e+01
     vertex  6.354653e+01  4.784079e+00  6.000000e+01
     vertex  6.230467e+01  4.211317e+00  6.000000e+01
   endloop
 endfacet
 facet normal  0.000000e+00  0.000000e+00  1.000000e+00
   outer loop
     vertex  6.435020e+01  4.957597e+00  6.000000e+01
     vertex  6.108779e+01  3.113617e+00  6.000000e+01
     vertex  6.242122e+01 -4.283676e+00  6.000000e+01
   endloop
 endfacet
 facet normal  0.000000e+00  0.000000e+00  1.000000e+00
   outer loop
     vertex  6.435020e+01  4.957597e+00  6.000000e+01
     vertex  6.407927e+01  4.914494e+00  6.000000e+01
     vertex  6.354653e+01  4.784079e+00  6.000000e+01
   endloop
 endfacet
 facet normal  0.000000e+00  0.000000e+00  1.000000e+00
   outer loop
     vertex  6.435020e+01  4.957597e+00  6.000000e+01
     vertex  6.421444e+01  4.937904e+00  6.000000e+01
     vertex  6.407927e+01  4.914494e+00  6.000000e+01
   endloop
 endfacet
 facet normal  0.000000e+00  0.000000e+00  1.000000e+00
   outer loop
     vertex  6.435020e+01  4.957597e+00  6.000000e+01
     vertex  6.230467e+01  4.211317e+00  6.000000e+01
     vertex  6.108779e+01  3.113617e+00  6.000000e+01
   endloop
 endfacet
 facet normal  0.000000e+00  0.000000e+00  1.000000e+00
   outer loop
     vertex  6.996992e+01 -5.476489e-01  6.000000e+01
     vertex  6.993240e+01 -8.194118e-01  6.000000e+01
     vertex  6.995302e+01 -6.837877e-01  6.000000e+01
   endloop
 endfacet
 facet normal  0.000000e+00  0.000000e+00  1.000000e+00
   outer loop
     vertex  6.996992e+01 -5.476489e-01  6.000000e+01
     vertex  6.963563e+01 -1.873740e+00  6.000000e+01
     vertex  6.993240e+01 -8.194118e-01  6.000000e+01
   endloop
 endfacet
 facet normal  0.000000e+00  0.000000e+00  1.000000e+00
   outer loop
     vertex  6.462309e+01  4.985774e+00  6.000000e+01
     vertex  6.448645e+01  4.973557e+00  6.000000e+01
     vertex  6.435020e+01  4.957597e+00  6.000000e+01
   endloop
 endfacet
 facet normal  0.000000e+00  0.000000e+00  1.000000e+00
   outer loop
     vertex  6.999247e+01 -2.742372e-01  6.000000e+01
     vertex  6.996992e+01 -5.476489e-01  6.000000e+01
     vertex  6.998307e+01 -4.110978e-01  6.000000e+01
   endloop
 endfacet
 facet normal  0.000000e+00  0.000000e+00  1.000000e+00
   outer loop
     vertex  6.999247e+01 -2.742372e-01  6.000000e+01
     vertex  6.963563e+01 -1.873740e+00  6.000000e+01
     vertex  6.996992e+01 -5.476489e-01  6.000000e+01
   endloop
 endfacet
 facet normal  0.000000e+00  0.000000e+00  1.000000e+00
   outer loop
     vertex  6.999812e+01 -1.371702e-01  6.000000e+01
     vertex  6.963563e+01 -1.873740e+00  6.000000e+01
     vertex  6.999247e+01 -2.742372e-01  6.000000e+01
   endloop
 endfacet
 facet normal  0.000000e+00  0.000000e+00  1.000000e+00
   outer loop
     vertex  6.489712e+01  4.998941e+00  6.000000e+01
     vertex  6.476001e+01  4.994237e+00  6.000000e+01
     vertex  6.462309e+01  4.985774e+00  6.000000e+01
   endloop
 endfacet
 facet normal  0.000000e+00  0.000000e+00  1.000000e+00
   outer loop
     vertex  7.000000e+01 -1.224647e-15  6.000000e+01
     vertex  6.963563e+01 -1.873740e+00  6.000000e+01
     vertex  6.999812e+01 -1.371702e-01  6.000000e+01
   endloop
 endfacet
 facet normal  0.000000e+00  0.000000e+00  1.000000e+00
   outer loop
     vertex  6.530848e+01  4.990475e+00  6.000000e+01
     vertex  6.435020e+01  4.957597e+00  6.000000e+01
     vertex  6.242122e+01 -4.283676e+00  6.000000e+01
   endloop
 endfacet
 facet normal  0.000000e+00  0.000000e+00  1.000000e+00
   outer loop
     vertex  6.530848e+01  4.990475e+00  6.000000e+01
     vertex  6.517145e+01  4.997060e+00  6.000000e+01
     vertex  6.503430e+01  4.999882e+00  6.000000e+01
   endloop
 endfacet
 facet normal  0.000000e+00  0.000000e+00  1.000000e+00
   outer loop
     vertex  6.530848e+01  4.990475e+00  6.000000e+01
     vertex  6.503430e+01  4.999882e+00  6.000000e+01
     vertex  6.489712e+01  4.998941e+00  6.000000e+01
   endloop
 endfacet
 facet normal  0.000000e+00  0.000000e+00  1.000000e+00
   outer loop
     vertex  6.530848e+01  4.990475e+00  6.000000e+01
     vertex  6.462309e+01  4.985774e+00  6.000000e+01
     vertex  6.435020e+01  4.957597e+00  6.000000e+01
   endloop
 endfacet
 facet normal  0.000000e+00  0.000000e+00  1.000000e+00
   outer loop
     vertex  6.530848e+01  4.990475e+00  6.000000e+01
     vertex  6.489712e+01  4.998941e+00  6.000000e+01
     vertex  6.462309e+01  4.985774e+00  6.000000e+01
   endloop
 endfacet
 facet normal  0.000000e+00  0.000000e+00  1.000000e+00
   outer loop
     vertex  6.998307e+01  4.110978e-01  6.000000e+01
     vertex  7.000000e+01 -1.224647e-15  6.000000e+01
     vertex  6.999812e+01  1.371702e-01  6.000000e+01
   endloop
 endfacet
 facet normal  0.000000e+00  0.000000e+00  1.000000e+00
   outer loop
     vertex  6.998307e+01  4.110978e-01  6.000000e+01
     vertex  6.999812e+01  1.371702e-01  6.000000e+01
     vertex  6.999247e+01  2.742372e-01  6.000000e+01
   endloop
 endfacet
 facet normal  0.000000e+00  0.000000e+00  1.000000e+00
   outer loop
     vertex  6.996992e+01  5.476489e-01  6.000000e+01
     vertex  7.000000e+01 -1.224647e-15  6.000000e+01
     vertex  6.998307e+01  4.110978e-01  6.000000e+01
   endloop
 endfacet
 facet normal  0.000000e+00  0.000000e+00  1.000000e+00
   outer loop
     vertex  6.995302e+01  6.837877e-01  6.000000e+01
     vertex  7.000000e+01 -1.224647e-15  6.000000e+01
     vertex  6.996992e+01  5.476489e-01  6.000000e+01
   endloop
 endfacet
 facet normal  0.000000e+00  0.000000e+00  1.000000e+00
   outer loop
     vertex  6.993240e+01  8.194118e-01  6.000000e+01
     vertex  7.000000e+01 -1.224647e-15  6.000000e+01
     vertex  6.995302e+01  6.837877e-01  6.000000e+01
   endloop
 endfacet
 facet normal  0.000000e+00  0.000000e+00  1.000000e+00
   outer loop
     vertex  6.585323e+01  4.926663e+00  6.000000e+01
     vertex  6.571775e+01  4.948216e+00  6.000000e+01
     vertex  6.558173e+01  4.966044e+00  6.000000e+01
   endloop
 endfacet
 facet normal  0.000000e+00  0.000000e+00  1.000000e+00
   outer loop
     vertex  6.988003e+01  1.088708e+00  6.000000e+01
     vertex  6.993240e+01  8.194118e-01  6.000000e+01
     vertex  6.990806e+01  9.544190e-01  6.000000e+01
   endloop
 endfacet
 facet normal  0.000000e+00  0.000000e+00  1.000000e+00
   outer loop
     vertex  6.612216e+01  4.872450e+00  6.000000e+01
     vertex  6.598806e+01  4.901401e+00  6.000000e+01
     vertex  6.585323e+01  4.926663e+00  6.000000e+01
   endloop
 endfacet
 facet normal  0.000000e+00  0.000000e+00  1.000000e+00
   outer loop
     vertex  6.612216e+01  4.872450e+00  6.000000e+01
     vertex  6.558173e+01  4.966044e+00  6.000000e+01
     vertex  6.544527e+01  4.980134e+00  6.000000e+01
   endloop
 endfacet
 facet normal  0.000000e+00  0.000000e+00  1.000000e+00
   outer loop
     vertex  6.612216e+01  4.872450e+00  6.000000e+01
     vertex  6.544527e+01  4.980134e+00  6.000000e+01
     vertex  6.530848e+01  4.990475e+00  6.000000e+01
   endloop
 endfacet
 facet normal  0.000000e+00  0.000000e+00  1.000000e+00
   outer loop
     vertex  6.612216e+01  4.872450e+00  6.000000e+01
     vertex  6.585323e+01  4.926663e+00  6.000000e+01
     vertex  6.558173e+01  4.966044e+00  6.000000e+01
   endloop
 endfacet
 facet normal  0.000000e+00  0.000000e+00  1.000000e+00
   outer loop
     vertex  6.981297e+01  1.354726e+00  6.000000e+01
     vertex  6.988003e+01  1.088708e+00  6.000000e+01
     vertex  6.984833e+01  1.222177e+00  6.000000e+01
   endloop
 endfacet
 facet normal  0.000000e+00  0.000000e+00  1.000000e+00
   outer loop
     vertex  6.981297e+01  1.354726e+00  6.000000e+01
     vertex  6.963563e+01 -1.873740e+00  6.000000e+01
     vertex  7.000000e+01 -1.224647e-15  6.000000e+01
   endloop
 endfacet
 facet normal  0.000000e+00  0.000000e+00  1.000000e+00
   outer loop
     vertex  6.981297e+01  1.354726e+00  6.000000e+01
     vertex  7.000000e+01 -1.224647e-15  6.000000e+01
     vertex  6.993240e+01  8.194118e-01  6.000000e+01
   endloop
 endfacet
 facet normal  0.000000e+00  0.000000e+00  1.000000e+00
   outer loop
     vertex  6.981297e+01  1.354726e+00  6.000000e+01
     vertex  6.993240e+01  8.194118e-01  6.000000e+01
     vertex  6.988003e+01  1.088708e+00  6.000000e+01
   endloop
 endfacet
 facet normal  0.000000e+00  0.000000e+00  1.000000e+00
   outer loop
     vertex  6.973143e+01  1.616666e+00  6.000000e+01
     vertex  6.981297e+01  1.354726e+00  6.000000e+01
     vertex  6.977400e+01  1.486256e+00  6.000000e+01
   endloop
 endfacet
 facet normal  0.000000e+00  0.000000e+00  1.000000e+00
   outer loop
     vertex  6.664908e+01  4.720225e+00  6.000000e+01
     vertex  6.651897e+01  4.763690e+00  6.000000e+01
     vertex  6.638771e+01  4.803568e+00  6.000000e+01
   endloop
 endfacet
 facet normal  0.000000e+00  0.000000e+00  1.000000e+00
   outer loop
     vertex  6.677796e+01  4.673208e+00  6.000000e+01
     vertex  6.664908e+01  4.720225e+00  6.000000e+01
     vertex  6.638771e+01  4.803568e+00  6.000000e+01
   endloop
 endfacet
 facet normal  0.000000e+00  0.000000e+00  1.000000e+00
   outer loop
     vertex  6.963563e+01  1.873740e+00  6.000000e+01
     vertex  6.973143e+01  1.616666e+00  6.000000e+01
     vertex  6.968529e+01  1.745860e+00  6.000000e+01
   endloop
 endfacet
 facet normal  0.000000e+00  0.000000e+00  1.000000e+00
   outer loop
     vertex  6.958248e+01  2.000209e+00  6.000000e+01
     vertex  6.981297e+01  1.354726e+00  6.000000e+01
     vertex  6.973143e+01  1.616666e+00  6.000000e+01
   endloop
 endfacet
 facet normal  0.000000e+00  0.000000e+00  1.000000e+00
   outer loop
     vertex  6.958248e+01  2.000209e+00  6.000000e+01
     vertex  6.973143e+01  1.616666e+00  6.000000e+01
     vertex  6.963563e+01  1.873740e+00  6.000000e+01
   endloop
 endfacet
 facet normal  0.000000e+00  0.000000e+00  1.000000e+00
   outer loop
     vertex  6.703159e+01  4.568657e+00  6.000000e+01
     vertex  6.677796e+01  4.673208e+00  6.000000e+01
     vertex  6.638771e+01  4.803568e+00  6.000000e+01
   endloop
 endfacet
 facet normal  0.000000e+00  0.000000e+00  1.000000e+00
   outer loop
     vertex  6.703159e+01  4.568657e+00  6.000000e+01
     vertex  6.690549e+01  4.622672e+00  6.000000e+01
     vertex  6.677796e+01  4.673208e+00  6.000000e+01
   endloop
 endfacet
 facet normal  0.000000e+00  0.000000e+00  1.000000e+00
   outer loop
     vertex  6.703159e+01  4.568657e+00  6.000000e+01
     vertex  6.638771e+01  4.803568e+00  6.000000e+01
     vertex  6.625540e+01  4.839831e+00  6.000000e+01
   endloop
 endfacet
 facet normal  0.000000e+00  0.000000e+00  1.000000e+00
   outer loop
     vertex  6.703159e+01  4.568657e+00  6.000000e+01
     vertex  6.625540e+01  4.839831e+00  6.000000e+01
     vertex  6.612216e+01  4.872450e+00  6.000000e+01
   endloop
 endfacet
 facet normal  0.000000e+00  0.000000e+00  1.000000e+00
   outer loop
     vertex  6.952589e+01  2.125172e+00  6.000000e+01
     vertex  6.981297e+01  1.354726e+00  6.000000e+01
     vertex  6.958248e+01  2.000209e+00  6.000000e+01
   endloop
 endfacet
 facet normal  0.000000e+00  0.000000e+00  1.000000e+00
   outer loop
     vertex  6.715617e+01  4.511202e+00  6.000000e+01
     vertex  6.703159e+01  4.568657e+00  6.000000e+01
     vertex  6.612216e+01  4.872450e+00  6.000000e+01
   endloop
 endfacet
 facet normal  0.000000e+00  0.000000e+00  1.000000e+00
   outer loop
     vertex  6.940251e+01  2.370206e+00  6.000000e+01
     vertex  6.952589e+01  2.125172e+00  6.000000e+01
     vertex  6.946588e+01  2.248535e+00  6.000000e+01
   endloop
 endfacet
 facet normal  0.000000e+00  0.000000e+00  1.000000e+00
   outer loop
     vertex  6.740035e+01  4.386152e+00  6.000000e+01
     vertex  6.727912e+01  4.450352e+00  6.000000e+01
     vertex  6.715617e+01  4.511202e+00  6.000000e+01
   endloop
 endfacet
 facet normal  0.000000e+00  0.000000e+00  1.000000e+00
   outer loop
     vertex  6.933583e+01  2.490093e+00  6.000000e+01
     vertex  6.981297e+01  1.354726e+00  6.000000e+01
     vertex  6.952589e+01  2.125172e+00  6.000000e+01
   endloop
 endfacet
 facet normal  0.000000e+00  0.000000e+00  1.000000e+00
   outer loop
     vertex  6.933583e+01  2.490093e+00  6.000000e+01
     vertex  6.952589e+01  2.125172e+00  6.000000e+01
     vertex  6.940251e+01  2.370206e+00  6.000000e+01
   endloop
 endfacet
 facet normal  0.000000e+00  0.000000e+00  1.000000e+00
   outer loop
     vertex  6.751978e+01  4.318649e+00  6.000000e+01
     vertex  6.740035e+01  4.386152e+00  6.000000e+01
     vertex  6.715617e+01  4.511202e+00  6.000000e+01
   endloop
 endfacet
 facet normal  0.000000e+00  0.000000e+00  1.000000e+00
   outer loop
     vertex  6.763730e+01  4.247896e+00  6.000000e+01
     vertex  6.715617e+01  4.511202e+00  6.000000e+01
     vertex  6.612216e+01  4.872450e+00  6.000000e+01
   endloop
 endfacet
 facet normal  0.000000e+00  0.000000e+00  1.000000e+00
   outer loop
     vertex  6.763730e+01  4.247896e+00  6.000000e+01
     vertex  6.751978e+01  4.318649e+00  6.000000e+01
     vertex  6.715617e+01  4.511202e+00  6.000000e+01
   endloop
 endfacet
 facet normal  0.000000e+00  0.000000e+00  1.000000e+00
   outer loop
     vertex  6.775285e+01  4.173946e+00  6.000000e+01
     vertex  6.763730e+01  4.247896e+00  6.000000e+01
     vertex  6.612216e+01  4.872450e+00  6.000000e+01
   endloop
 endfacet
 facet normal  0.000000e+00  0.000000e+00  1.000000e+00
   outer loop
     vertex  6.775285e+01  4.173946e+00  6.000000e+01
     vertex  6.612216e+01  4.872450e+00  6.000000e+01
     vertex  6.530848e+01  4.990475e+00  6.000000e+01
   endloop
 endfacet
 facet normal  0.000000e+00  0.000000e+00  1.000000e+00
   outer loop
     vertex  6.911642e+01  2.838152e+00  6.000000e+01
     vertex  6.981297e+01  1.354726e+00  6.000000e+01
     vertex  6.933583e+01  2.490093e+00  6.000000e+01
   endloop
 endfacet
 facet normal  0.000000e+00  0.000000e+00  1.000000e+00
   outer loop
     vertex  6.911642e+01  2.838152e+00  6.000000e+01
     vertex  6.933583e+01  2.490093e+00  6.000000e+01
     vertex  6.926589e+01  2.608105e+00  6.000000e+01
   endloop
 endfacet
 facet normal  0.000000e+00  0.000000e+00  1.000000e+00
   outer loop
     vertex  6.911642e+01  2.838152e+00  6.000000e+01
     vertex  6.926589e+01  2.608105e+00  6.000000e+01
     vertex  6.919273e+01  2.724154e+00  6.000000e+01
   endloop
 endfacet
 facet normal  0.000000e+00  0.000000e+00  1.000000e+00
   outer loop
     vertex  6.903701e+01  2.950014e+00  6.000000e+01
     vertex  6.963563e+01 -1.873740e+00  6.000000e+01
     vertex  6.981297e+01  1.354726e+00  6.000000e+01
   endloop
 endfacet
 facet normal  0.000000e+00  0.000000e+00  1.000000e+00
   outer loop
     vertex  6.903701e+01  2.950014e+00  6.000000e+01
     vertex  6.981297e+01  1.354726e+00  6.000000e+01
     vertex  6.911642e+01  2.838152e+00  6.000000e+01
   endloop
 endfacet
 facet normal  0.000000e+00  0.000000e+00  1.000000e+00
   outer loop
     vertex  6.797764e+01  4.016676e+00  6.000000e+01
     vertex  6.786632e+01  4.096853e+00  6.000000e+01
     vertex  6.775285e+01  4.173946e+00  6.000000e+01
   endloop
 endfacet
 facet normal  0.000000e+00  0.000000e+00  1.000000e+00
   outer loop
     vertex  6.819346e+01  3.847314e+00  6.000000e+01
     vertex  6.808671e+01  3.933476e+00  6.000000e+01
     vertex  6.797764e+01  4.016676e+00  6.000000e+01
   endloop
 endfacet
 facet normal  0.000000e+00  0.000000e+00  1.000000e+00
   outer loop
     vertex  6.868960e+01  3.374438e+00  6.000000e+01
     vertex  6.886913e+01  3.166993e+00  6.000000e+01
     vertex  6.878079e+01  3.271947e+00  6.000000e+01
   endloop
 endfacet
 facet normal  0.000000e+00  0.000000e+00  1.000000e+00
   outer loop
     vertex  6.839967e+01  3.666370e+00  6.000000e+01
     vertex  6.829780e+01  3.758257e+00  6.000000e+01
     vertex  6.819346e+01  3.847314e+00  6.000000e+01
   endloop
 endfacet
 facet normal  0.000000e+00  0.000000e+00  1.000000e+00
   outer loop
     vertex  6.839967e+01  3.666370e+00  6.000000e+01
     vertex  6.819346e+01  3.847314e+00  6.000000e+01
     vertex  6.797764e+01  4.016676e+00  6.000000e+01
   endloop
 endfacet
 facet normal  0.000000e+00  0.000000e+00  1.000000e+00
   outer loop
     vertex  6.859564e+01  3.474388e+00  6.000000e+01
     vertex  6.903701e+01  2.950014e+00  6.000000e+01
     vertex  6.895456e+01  3.059655e+00  6.000000e+01
   endloop
 endfacet
 facet normal  0.000000e+00  0.000000e+00  1.000000e+00
   outer loop
     vertex  6.859564e+01  3.474388e+00  6.000000e+01
     vertex  6.895456e+01  3.059655e+00  6.000000e+01
     vertex  6.886913e+01  3.166993e+00  6.000000e+01
   endloop
 endfacet
 facet normal  0.000000e+00  0.000000e+00  1.000000e+00
   outer loop
     vertex  6.859564e+01  3.474388e+00  6.000000e+01
     vertex  6.886913e+01  3.166993e+00  6.000000e+01
     vertex  6.868960e+01  3.374438e+00  6.000000e+01
   endloop
 endfacet
 facet normal  0.000000e+00  0.000000e+00  1.000000e+00
   outer loop
     vertex  6.849897e+01  3.571723e+00  6.000000e+01
     vertex  6.775285e+01 -4.173946e+00  6.000000e+01
     vertex  6.963563e+01 -1.873740e+00  6.000000e+01
   endloop
 endfacet
 facet normal  0.000000e+00  0.000000e+00  1.000000e+00
   outer loop
     vertex  6.849897e+01  3.571723e+00  6.000000e+01
     vertex  6.242122e+01 -4.283676e+00  6.000000e+01
     vertex  6.775285e+01 -4.173946e+00  6.000000e+01
   endloop
 endfacet
 facet normal  0.000000e+00  0.000000e+00  1.000000e+00
   outer loop
     vertex  6.849897e+01  3.571723e+00  6.000000e+01
     vertex  6.963563e+01 -1.873740e+00  6.000000e+01
     vertex  6.903701e+01  2.950014e+00  6.000000e+01
   endloop
 endfacet
 facet normal  0.000000e+00  0.000000e+00  1.000000e+00
   outer loop
     vertex  6.849897e+01  3.571723e+00  6.000000e+01
     vertex  6.775285e+01  4.173946e+00  6.000000e+01
     vertex  6.530848e+01  4.990475e+00  6.000000e+01
   endloop
 endfacet
 facet normal  0.000000e+00  0.000000e+00  1.000000e+00
   outer loop
     vertex  6.849897e+01  3.571723e+00  6.000000e+01
     vertex  6.797764e+01  4.016676e+00  6.000000e+01
     vertex  6.775285e+01  4.173946e+00  6.000000e+01
   endloop
 endfacet
 facet normal  0.000000e+00  0.000000e+00  1.000000e+00
   outer loop
     vertex  6.849897e+01  3.571723e+00  6.000000e+01
     vertex  6.839967e+01  3.666370e+00  6.000000e+01
     vertex  6.797764e+01  4.016676e+00  6.000000e+01
   endloop
 endfacet
 facet normal  0.000000e+00  0.000000e+00  1.000000e+00
   outer loop
     vertex  6.849897e+01  3.571723e+00  6.000000e+01
     vertex  6.530848e+01  4.990475e+00  6.000000e+01
     vertex  6.242122e+01 -4.283676e+00  6.000000e+01
   endloop
 endfacet
 facet normal  0.000000e+00  0.000000e+00  1.000000e+00
   outer loop
     vertex  6.849897e+01  3.571723e+00  6.000000e+01
     vertex  6.903701e+01  2.950014e+00  6.000000e+01
     vertex  6.859564e+01  3.474388e+00  6.000000e+01
   endloop
 endfacet
 facet normal  0.000000e+00  0.000000e+00 -1.000000e+00
   outer loop
     vertex  7.800000e+01 -1.800000e+01  2.300000e+01
     vertex  1.310522e+01 -1.800000e+01  2.300000e+01
     vertex  1.310522e+01  1.800000e+01  2.300000e+01
   endloop
 endfacet
 facet normal  0.000000e+00  0.000000e+00 -1.000000e+00
   outer loop
     vertex  7.800000e+01 -1.800000e+01  2.300000e+01
     vertex  1.310522e+01  1.800000e+01  2.300000e+01
     vertex  7.800000e+01  1.800000e+01  2.300000e+01
   endloop
 endfacet
 facet normal  2.982750e-01  0.000000e+00  9.544800e-01
   outer loop
     vertex  1.310522e+01 -1.800000e+01  2.300000e+01
     vertex  7.800000e+01 -1.800000e+01  2.720382e+00
     vertex  7.800000e+01  1.800000e+01  2.720382e+00
   endloop
 endfacet
 facet normal  2.982750e-01 -0.000000e+00  9.544800e-01
   outer loop
     vertex  1.310522e+01 -1.800000e+01  2.300000e+01
     vertex  7.800000e+01  1.800000e+01  2.720382e+00
     vertex  1.310522e+01  1.800000e+01  2.300000e+01
   endloop
 endfacet
 facet normal -1.000000e+00  0.000000e+00  0.000000e+00
   outer loop
     vertex  7.800000e+01 -1.800000e+01  2.720382e+00
     vertex  7.800000e+01 -1.800000e+01  2.300000e+01
     vertex  7.800000e+01  1.800000e+01  2.300000e+01
   endloop
 endfacet
 facet normal -1.000000e+00  0.000000e+00  0.000000e+00
   outer loop
     vertex  7.800000e+01 -1.800000e+01  2.720382e+00
     vertex  7.800000e+01  1.800000e+01  2.300000e+01
     vertex  7.800000e+01  1.800000e+01  2.720382e+00
   endloop
 endfacet
 facet normal  0.000000e+00  1.000000e+00  0.000000e+00
   outer loop
     vertex  7.800000e+01 -1.800000e+01  2.300000e+01
     vertex  7.800000e+01 -1.800000e+01  2.720382e+00
     vertex  1.310522e+01 -1.800000e+01  2.300000e+01
   endloop
 endfacet
 facet normal -0.000000e+00 -1.000000e+00 -0.000000e+00
   outer loop
     vertex  7.800000e+01  1.800000e+01  2.300000e+01
     vertex  1.310522e+01  1.800000e+01  2.300000e+01
     vertex  7.800000e+01  1.800000e+01  2.720382e+00
   endloop
 endfacet
 facet normal  1.000000e+00  0.000000e+00  0.000000e+00
   outer loop
     vertex  5.200000e+01 -8.000000e+00  4.300000e+01
     vertex  5.200000e+01 -8.000000e+00  2.700000e+01
     vertex  5.200000e+01  8.000000e+00  2.700000e+01
   endloop
 endfacet
 facet normal  1.000000e+00 -0.000000e+00  0.000000e+00
   outer loop
     vertex  5.200000e+01 -8.000000e+00  4.300000e+01
     vertex  5.200000e+01  8.000000e+00  2.700000e+01
     vertex  5.200000e+01  8.000000e+00  4.300000e+01
   endloop
 endfacet
 facet normal  0.000000e+00  1.000000e+00  0.000000e+00
   outer loop
     vertex  7.800000e+01 -8.000000e+00  2.700000e+01
     vertex  5.200000e+01 -8.000000e+00  2.700000e+01
     vertex  5.200000e+01 -8.000000e+00  4.300000e+01
   endloop
 endfacet
 facet normal  0.000000e+00  1.000000e+00  0.000000e+00
   outer loop
     vertex  7.800000e+01 -8.000000e+00  4.300000e+01
     vertex  7.800000e+01 -8.000000e+00  2.700000e+01
     vertex  5.200000e+01 -8.000000e+00  4.300000e+01
   endloop
 endfacet
 facet normal -0.000000e+00  0.000000e+00 -1.000000e+00
   outer loop
     vertex  7.800000e+01  8.000000e+00  4.300000e+01
     vertex  5.200000e+01 -8.000000e+00  4.300000e+01
     vertex  5.200000e+01  8.000000e+00  4.300000e+01
   endloop
 endfacet
 facet normal  0.000000e+00 -0.000000e+00 -1.000000e+00
   outer loop
     vertex  7.800000e+01  8.000000e+00  4.300000e+01
     vertex  7.800000e+01 -8.000000e+00  4.300000e+01
     vertex  5.200000e+01 -8.000000e+00  4.300000e+01
   endloop
 endfacet
 facet normal  0.000000e+00 -1.000000e+00  0.000000e+00
   outer loop
     vertex  7.800000e+01  8.000000e+00  2.700000e+01
     vertex  5.200000e+01  8.000000e+00  4.300000e+01
     vertex  5.200000e+01  8.000000e+00  2.700000e+01
   endloop
 endfacet
 facet normal -0.000000e+00 -1.000000e+00 -0.000000e+00
   outer loop
     vertex  7.800000e+01  8.000000e+00  4.300000e+01
     vertex  5.200000e+01  8.000000e+00  4.300000e+01
     vertex  7.800000e+01  8.000000e+00  2.700000e+01
   endloop
 endfacet
 facet normal  0.000000e+00  0.000000e+00  1.000000e+00
   outer loop
     vertex  7.800000e+01  8.000000e+00  2.700000e+01
     vertex  5.200000e+01  8.000000e+00  2.700000e+01
     vertex  5.200000e+01 -8.000000e+00  2.700000e+01
   endloop
 endfacet
 facet normal  0.000000e+00  0.000000e+00  1.000000e+00
   outer loop
     vertex  7.800000e+01  8.000000e+00  2.700000e+01
     vertex  5.200000e+01 -8.000000e+00  2.700000e+01
     vertex  7.800000e+01 -8.000000e+00  2.700000e+01
   endloop
 endfacet
 facet normal -1.000000e+00  0.000000e+00  0.000000e+00
   outer loop
     vertex  7.800000e+01 -8.000000e+00  4.300000e+01
     vertex  7.800000e+01  8.000000e+00  2.700000e+01
     vertex  7.800000e+01 -8.000000e+00  2.700000e+01
   endloop
 endfacet
 facet normal -1.000000e+00  0.000000e+00  0.000000e+00
   outer loop
     vertex  7.800000e+01 -8.000000e+00  4.300000e+01
     vertex  7.800000e+01  8.000000e+00  4.300000e+01
     vertex  7.800000e+01  8.000000e+00  2.700000e+01
   endloop
 endfacet
endsolid
