solid 
 facet normal  8.660254e-01  5.000000e-01  0.000000e+00
   outer loop
     vertex  1.500000e+01  2.598076e+01  0.000000e+00
     vertex  3.000000e+01  4.440892e-16  3.000000e+01
     vertex  3.000000e+01  0.000000e+00  0.000000e+00
   endloop
 endfacet
 facet normal  8.660254e-01  5.000000e-01 -0.000000e+00
   outer loop
     vertex  1.500000e+01  2.598076e+01  0.000000e+00
     vertex  1.500000e+01  2.598076e+01  3.000000e+01
     vertex  3.000000e+01  4.440892e-16  3.000000e+01
   endloop
 endfacet
 facet normal  8.660254e-01 -5.000000e-01  0.000000e+00
   outer loop
     vertex  3.000000e+01  0.000000e+00  0.000000e+00
     vertex  1.500000e+01 -2.598076e+01  3.000000e+01
     vertex  1.500000e+01 -2.598076e+01  0.000000e+00
   endloop
 endfacet
 facet normal  8.660254e-01 -5.000000e-01  7.401487e-18
   outer loop
     vertex  3.000000e+01  0.000000e+00  0.000000e+00
     vertex  3.000000e+01  4.440892e-16  3.000000e+01
     vertex  1.500000e+01 -2.598076e+01  3.000000e+01
   endloop
 endfacet
 facet normal  6.123724e-01  3.535534e-01  7.071068e-01
   outer loop
     vertex  9.226497e+00  1.598076e+01  4.000000e+01
     vertex  1.845299e+01 -7.549517e-15  4.000000e+01
     vertex  3.000000e+01  4.440892e-16  3.000000e+01
   endloop
 endfacet
 facet normal  6.123724e-01  3.535534e-01  7.071068e-01
   outer loop
     vertex  9.226497e+00  1.598076e+01  4.000000e+01
     vertex  3.000000e+01  4.440892e-16  3.000000e+01
     vertex  1.500000e+01  2.598076e+01  3.000000e+01
   endloop
 endfacet
 facet normal  0.000000e+00  0.000000e+00 -1.000000e+00
   outer loop
     vertex -1.500000e+01  2.598076e+01  0.000000e+00
     vertex -1.500000e+01 -2.598076e+01  0.000000e+00
     vertex -3.000000e+01  3.673940e-15  0.000000e+00
   endloop
 endfacet
 facet normal  0.000000e+00 -0.000000e+00 -1.000000e+00
   outer loop
     vertex -1.500000e+01  2.598076e+01  0.000000e+00
     vertex  1.500000e+01 -2.598076e+01  0.000000e+00
     vertex -1.500000e+01 -2.598076e+01  0.000000e+00
   endloop
 endfacet
 facet normal  0.000000e+00  0.000000e+00 -1.000000e+00
   outer loop
     vertex  1.500000e+01  2.598076e+01  0.000000e+00
     vertex  3.000000e+01  0.000000e+00  0.000000e+00
     vertex  1.500000e+01 -2.598076e+01  0.000000e+00
   endloop
 endfacet
 facet normal -0.000000e+00 -0.000000e+00 -1.000000e+00
   outer loop
     vertex  1.500000e+01  2.598076e+01  0.000000e+00
     vertex  1.500000e+01 -2.598076e+01  0.000000e+00
     vertex -1.500000e+01  2.598076e+01  0.000000e+00
   endloop
 endfacet
 facet normal  1.184238e-16  1.000000e+00  0.000000e+00
   outer loop
     vertex -1.500000e+01  2.598076e+01  0.000000e+00
     vertex  1.500000e+01  2.598076e+01  3.000000e+01
     vertex  1.500000e+01  2.598076e+01  0.000000e+00
   endloop
 endfacet
 facet normal  1.184238e-16  1.000000e+00 -0.000000e+00
   outer loop
     vertex -1.500000e+01  2.598076e+01  0.000000e+00
     vertex -1.500000e+01  2.598076e+01  3.000000e+01
     vertex  1.500000e+01  2.598076e+01  3.000000e+01
   endloop
 endfacet
 facet normal -1.184238e-16 -1.000000e+00  2.804839e-32
   outer loop
     vertex  1.500000e+01 -2.598076e+01  0.000000e+00
     vertex -1.500000e+01 -2.598076e+01  3.000000e+01
     vertex -1.500000e+01 -2.598076e+01  0.000000e+00
   endloop
 endfacet
 facet normal -1.184238e-16 -1.000000e+00  0.000000e+00
   outer loop
     vertex  1.500000e+01 -2.598076e+01  0.000000e+00
     vertex  1.500000e+01 -2.598076e+01  3.000000e+01
     vertex -1.500000e+01 -2.598076e+01  3.000000e+01
   endloop
 endfacet
 facet normal  6.123724e-01 -3.535534e-01  7.071068e-01
   outer loop
     vertex  1.845299e+01 -7.549517e-15  4.000000e+01
     vertex  9.226497e+00 -1.598076e+01  4.000000e+01
     vertex  1.500000e+01 -2.598076e+01  3.000000e+01
   endloop
 endfacet
 facet normal  6.123724e-01 -3.535534e-01  7.071068e-01
   outer loop
     vertex  1.845299e+01 -7.549517e-15  4.000000e+01
     vertex  1.500000e+01 -2.598076e+01  3.000000e+01
     vertex  3.000000e+01  4.440892e-16  3.000000e+01
   endloop
 endfacet
 facet normal  0.000000e+00  0.000000e+00  1.000000e+00
   outer loop
     vertex -7.589214e+00 -7.962652e+00  4.000000e+01
     vertex -7.804805e+00 -7.751452e+00  4.000000e+01
     vertex -9.226497e+00 -1.598076e+01  4.000000e+01
   endloop
 endfacet
 facet normal  0.000000e+00  0.000000e+00  1.000000e+00
   outer loop
     vertex -8.014522e+00 -7.534417e+00  4.000000e+01
     vertex -9.226497e+00 -1.598076e+01  4.000000e+01
     vertex -7.804805e+00 -7.751452e+00  4.000000e+01
   endloop
 endfacet
 facet normal  0.000000e+00  0.000000e+00  1.000000e+00
   outer loop
     vertex -7.367910e+00 -8.167858e+00  4.000000e+01
     vertex -7.589214e+00 -7.962652e+00  4.000000e+01
     vertex -9.226497e+00 -1.598076e+01  4.000000e+01
   endloop
 endfacet
 facet normal  0.000000e+00  0.000000e+00  1.000000e+00
   outer loop
     vertex -8.218205e+00 -7.311711e+00  4.000000e+01
     vertex -9.226497e+00 -1.598076e+01  4.000000e+01
     vertex -8.014522e+00 -7.534417e+00  4.000000e+01
   endloop
 endfacet
 facet normal  0.000000e+00  0.000000e+00  1.000000e+00
   outer loop
     vertex -7.141059e+00 -8.366915e+00  4.000000e+01
     vertex -7.367910e+00 -8.167858e+00  4.000000e+01
     vertex -9.226497e+00 -1.598076e+01  4.000000e+01
   endloop
 endfacet
 facet normal  0.000000e+00  0.000000e+00  1.000000e+00
   outer loop
     vertex -8.415701e+00 -7.083500e+00  4.000000e+01
     vertex -9.226497e+00 -1.598076e+01  4.000000e+01
     vertex -8.218205e+00 -7.311711e+00  4.000000e+01
   endloop
 endfacet
 facet normal  0.000000e+00  0.000000e+00  1.000000e+00
   outer loop
     vertex -6.908833e+00 -8.559674e+00  4.000000e+01
     vertex -7.141059e+00 -8.366915e+00  4.000000e+01
     vertex -9.226497e+00 -1.598076e+01  4.000000e+01
   endloop
 endfacet
 facet normal  0.000000e+00  0.000000e+00  1.000000e+00
   outer loop
     vertex -8.606863e+00 -6.849957e+00  4.000000e+01
     vertex -9.226497e+00 -1.598076e+01  4.000000e+01
     vertex -8.415701e+00 -7.083500e+00  4.000000e+01
   endloop
 endfacet
 facet normal  0.000000e+00  0.000000e+00  1.000000e+00
   outer loop
     vertex -6.671406e+00 -8.745990e+00  4.000000e+01
     vertex -6.908833e+00 -8.559674e+00  4.000000e+01
     vertex -9.226497e+00 -1.598076e+01  4.000000e+01
   endloop
 endfacet
 facet normal  0.000000e+00  0.000000e+00  1.000000e+00
   outer loop
     vertex -8.791545e+00 -6.611258e+00  4.000000e+01
     vertex -9.226497e+00 -1.598076e+01  4.000000e+01
     vertex -8.606863e+00 -6.849957e+00  4.000000e+01
   endloop
 endfacet
 facet normal  0.000000e+00  0.000000e+00  1.000000e+00
   outer loop
     vertex -6.428957e+00 -8.925722e+00  4.000000e+01
     vertex -6.671406e+00 -8.745990e+00  4.000000e+01
     vertex -9.226497e+00 -1.598076e+01  4.000000e+01
   endloop
 endfacet
 facet normal  0.000000e+00  0.000000e+00  1.000000e+00
   outer loop
     vertex -8.969610e+00 -6.367582e+00  4.000000e+01
     vertex -9.226497e+00 -1.598076e+01  4.000000e+01
     vertex -8.791545e+00 -6.611258e+00  4.000000e+01
   endloop
 endfacet
 facet normal  0.000000e+00  0.000000e+00  1.000000e+00
   outer loop
     vertex -6.181669e+00 -9.098734e+00  4.000000e+01
     vertex -6.428957e+00 -8.925722e+00  4.000000e+01
     vertex -9.226497e+00 -1.598076e+01  4.000000e+01
   endloop
 endfacet
 facet normal  0.000000e+00  0.000000e+00  1.000000e+00
   outer loop
     vertex -9.140922e+00 -6.119112e+00  4.000000e+01
     vertex -9.226497e+00 -1.598076e+01  4.000000e+01
     vertex -8.969610e+00 -6.367582e+00  4.000000e+01
   endloop
 endfacet
 facet normal  0.000000e+00  0.000000e+00  1.000000e+00
   outer loop
     vertex -5.929727e+00 -9.264898e+00  4.000000e+01
     vertex -6.181669e+00 -9.098734e+00  4.000000e+01
     vertex -9.226497e+00 -1.598076e+01  4.000000e+01
   endloop
 endfacet
 facet normal  0.000000e+00  0.000000e+00  1.000000e+00
   outer loop
     vertex -9.305354e+00 -5.866037e+00  4.000000e+01
     vertex -9.226497e+00 -1.598076e+01  4.000000e+01
     vertex -9.140922e+00 -6.119112e+00  4.000000e+01
   endloop
 endfacet
 facet normal  0.000000e+00  0.000000e+00  1.000000e+00
   outer loop
     vertex -5.673322e+00 -9.424087e+00  4.000000e+01
     vertex -5.929727e+00 -9.264898e+00  4.000000e+01
     vertex -9.226497e+00 -1.598076e+01  4.000000e+01
   endloop
 endfacet
 facet normal  0.000000e+00  0.000000e+00  1.000000e+00
   outer loop
     vertex -9.462781e+00 -5.608545e+00  4.000000e+01
     vertex -1.845299e+01  1.421085e-14  4.000000e+01
     vertex -9.226497e+00 -1.598076e+01  4.000000e+01
   endloop
 endfacet
 facet normal  0.000000e+00  0.000000e+00  1.000000e+00
   outer loop
     vertex -9.462781e+00 -5.608545e+00  4.000000e+01
     vertex -9.226497e+00 -1.598076e+01  4.000000e+01
     vertex -9.305354e+00 -5.866037e+00  4.000000e+01
   endloop
 endfacet
 facet normal  0.000000e+00  0.000000e+00  1.000000e+00
   outer loop
     vertex -5.412645e+00 -9.576182e+00  4.000000e+01
     vertex -5.673322e+00 -9.424087e+00  4.000000e+01
     vertex -9.226497e+00 -1.598076e+01  4.000000e+01
   endloop
 endfacet
 facet normal  0.000000e+00  0.000000e+00  1.000000e+00
   outer loop
     vertex -9.613084e+00 -5.346832e+00  4.000000e+01
     vertex -1.845299e+01  1.421085e-14  4.000000e+01
     vertex -9.462781e+00 -5.608545e+00  4.000000e+01
   endloop
 endfacet
 facet normal  0.000000e+00  0.000000e+00  1.000000e+00
   outer loop
     vertex -5.147895e+00 -9.721069e+00  4.000000e+01
     vertex -5.412645e+00 -9.576182e+00  4.000000e+01
     vertex -9.226497e+00 -1.598076e+01  4.000000e+01
   endloop
 endfacet
 facet normal  0.000000e+00  0.000000e+00  1.000000e+00
   outer loop
     vertex -9.756151e+00 -5.081094e+00  4.000000e+01
     vertex -1.845299e+01  1.421085e-14  4.000000e+01
     vertex -9.613084e+00 -5.346832e+00  4.000000e+01
   endloop
 endfacet
 facet normal  0.000000e+00  0.000000e+00  1.000000e+00
   outer loop
     vertex -4.879269e+00 -9.858638e+00  4.000000e+01
     vertex -5.147895e+00 -9.721069e+00  4.000000e+01
     vertex -9.226497e+00 -1.598076e+01  4.000000e+01
   endloop
 endfacet
 facet normal  0.000000e+00  0.000000e+00  1.000000e+00
   outer loop
     vertex -9.891874e+00 -4.811531e+00  4.000000e+01
     vertex -1.845299e+01  1.421085e-14  4.000000e+01
     vertex -9.756151e+00 -5.081094e+00  4.000000e+01
   endloop
 endfacet
 facet normal  0.000000e+00  0.000000e+00  1.000000e+00
   outer loop
     vertex -4.606970e+00 -9.988785e+00  4.000000e+01
     vertex -4.879269e+00 -9.858638e+00  4.000000e+01
     vertex -9.226497e+00 -1.598076e+01  4.000000e+01
   endloop
 endfacet
 facet normal  0.000000e+00  0.000000e+00  1.000000e+00
   outer loop
     vertex -1.002015e+01 -4.538345e+00  4.000000e+01
     vertex -1.845299e+01  1.421085e-14  4.000000e+01
     vertex -9.891874e+00 -4.811531e+00  4.000000e+01
   endloop
 endfacet
 facet normal  0.000000e+00  0.000000e+00  1.000000e+00
   outer loop
     vertex -4.331203e+00 -1.011141e+01  4.000000e+01
     vertex -4.606970e+00 -9.988785e+00  4.000000e+01
     vertex -9.226497e+00 -1.598076e+01  4.000000e+01
   endloop
 endfacet
 facet normal  0.000000e+00  0.000000e+00  1.000000e+00
   outer loop
     vertex -1.014088e+01 -4.261744e+00  4.000000e+01
     vertex -1.845299e+01  1.421085e-14  4.000000e+01
     vertex -1.002015e+01 -4.538345e+00  4.000000e+01
   endloop
 endfacet
 facet normal  0.000000e+00  0.000000e+00  1.000000e+00
   outer loop
     vertex -4.052176e+00 -1.022643e+01  4.000000e+01
     vertex -4.331203e+00 -1.011141e+01  4.000000e+01
     vertex -9.226497e+00 -1.598076e+01  4.000000e+01
   endloop
 endfacet
 facet normal  0.000000e+00  0.000000e+00  1.000000e+00
   outer loop
     vertex -1.025398e+01 -3.981934e+00  4.000000e+01
     vertex -1.845299e+01  1.421085e-14  4.000000e+01
     vertex -1.014088e+01 -4.261744e+00  4.000000e+01
   endloop
 endfacet
 facet normal  0.000000e+00  0.000000e+00  1.000000e+00
   outer loop
     vertex -3.770099e+00 -1.033375e+01  4.000000e+01
     vertex -4.052176e+00 -1.022643e+01  4.000000e+01
     vertex -9.226497e+00 -1.598076e+01  4.000000e+01
   endloop
 endfacet
 facet normal  0.000000e+00  0.000000e+00  1.000000e+00
   outer loop
     vertex -1.035937e+01 -3.699127e+00  4.000000e+01
     vertex -1.845299e+01  1.421085e-14  4.000000e+01
     vertex -1.025398e+01 -3.981934e+00  4.000000e+01
   endloop
 endfacet
 facet normal  0.000000e+00  0.000000e+00  1.000000e+00
   outer loop
     vertex -3.485183e+00 -1.043329e+01  4.000000e+01
     vertex -3.770099e+00 -1.033375e+01  4.000000e+01
     vertex -9.226497e+00 -1.598076e+01  4.000000e+01
   endloop
 endfacet
 facet normal  0.000000e+00  0.000000e+00  1.000000e+00
   outer loop
     vertex -1.045695e+01 -3.413536e+00  4.000000e+01
     vertex -1.845299e+01  1.421085e-14  4.000000e+01
     vertex -1.035937e+01 -3.699127e+00  4.000000e+01
   endloop
 endfacet
 facet normal  0.000000e+00  0.000000e+00  1.000000e+00
   outer loop
     vertex -3.197644e+00 -1.052497e+01  4.000000e+01
     vertex -3.485183e+00 -1.043329e+01  4.000000e+01
     vertex -9.226497e+00 -1.598076e+01  4.000000e+01
   endloop
 endfacet
 facet normal  0.000000e+00  0.000000e+00  1.000000e+00
   outer loop
     vertex -1.054666e+01 -3.125375e+00  4.000000e+01
     vertex -1.845299e+01  1.421085e-14  4.000000e+01
     vertex -1.045695e+01 -3.413536e+00  4.000000e+01
   endloop
 endfacet
 facet normal  0.000000e+00  0.000000e+00  1.000000e+00
   outer loop
     vertex -2.907698e+00 -1.060874e+01  4.000000e+01
     vertex -3.197644e+00 -1.052497e+01  4.000000e+01
     vertex -9.226497e+00 -1.598076e+01  4.000000e+01
   endloop
 endfacet
 facet normal  0.000000e+00  0.000000e+00  1.000000e+00
   outer loop
     vertex -1.062843e+01 -2.834861e+00  4.000000e+01
     vertex -1.845299e+01  1.421085e-14  4.000000e+01
     vertex -1.054666e+01 -3.125375e+00  4.000000e+01
   endloop
 endfacet
 facet normal  0.000000e+00  0.000000e+00  1.000000e+00
   outer loop
     vertex -2.615563e+00 -1.068451e+01  4.000000e+01
     vertex -2.907698e+00 -1.060874e+01  4.000000e+01
     vertex -9.226497e+00 -1.598076e+01  4.000000e+01
   endloop
 endfacet
 facet normal  0.000000e+00  0.000000e+00  1.000000e+00
   outer loop
     vertex -1.070220e+01 -2.542213e+00  4.000000e+01
     vertex -1.845299e+01  1.421085e-14  4.000000e+01
     vertex -1.062843e+01 -2.834861e+00  4.000000e+01
   endloop
 endfacet
 facet normal  0.000000e+00  0.000000e+00  1.000000e+00
   outer loop
     vertex -2.321459e+00 -1.075225e+01  4.000000e+01
     vertex -2.615563e+00 -1.068451e+01  4.000000e+01
     vertex -9.226497e+00 -1.598076e+01  4.000000e+01
   endloop
 endfacet
 facet normal  0.000000e+00  0.000000e+00  1.000000e+00
   outer loop
     vertex -1.076792e+01 -2.247651e+00  4.000000e+01
     vertex -1.845299e+01  1.421085e-14  4.000000e+01
     vertex -1.070220e+01 -2.542213e+00  4.000000e+01
   endloop
 endfacet
 facet normal  0.000000e+00  0.000000e+00  1.000000e+00
   outer loop
     vertex -2.025607e+00 -1.081189e+01  4.000000e+01
     vertex -2.321459e+00 -1.075225e+01  4.000000e+01
     vertex -9.226497e+00 -1.598076e+01  4.000000e+01
   endloop
 endfacet
 facet normal  0.000000e+00  0.000000e+00  1.000000e+00
   outer loop
     vertex -1.082553e+01 -1.951398e+00  4.000000e+01
     vertex -1.845299e+01  1.421085e-14  4.000000e+01
     vertex -1.076792e+01 -2.247651e+00  4.000000e+01
   endloop
 endfacet
 facet normal  0.000000e+00  0.000000e+00  1.000000e+00
   outer loop
     vertex -1.728231e+00 -1.086339e+01  4.000000e+01
     vertex -2.025607e+00 -1.081189e+01  4.000000e+01
     vertex -9.226497e+00 -1.598076e+01  4.000000e+01
   endloop
 endfacet
 facet normal  0.000000e+00  0.000000e+00  1.000000e+00
   outer loop
     vertex -1.087499e+01 -1.653675e+00  4.000000e+01
     vertex -1.845299e+01  1.421085e-14  4.000000e+01
     vertex -1.082553e+01 -1.951398e+00  4.000000e+01
   endloop
 endfacet
 facet normal  0.000000e+00  0.000000e+00  1.000000e+00
   outer loop
     vertex -1.429554e+00 -1.090671e+01  4.000000e+01
     vertex -1.728231e+00 -1.086339e+01  4.000000e+01
     vertex -9.226497e+00 -1.598076e+01  4.000000e+01
   endloop
 endfacet
 facet normal  0.000000e+00  0.000000e+00  1.000000e+00
   outer loop
     vertex -1.091626e+01 -1.354708e+00  4.000000e+01
     vertex -1.845299e+01  1.421085e-14  4.000000e+01
     vertex -1.087499e+01 -1.653675e+00  4.000000e+01
   endloop
 endfacet
 facet normal  0.000000e+00  0.000000e+00  1.000000e+00
   outer loop
     vertex -1.129801e+00 -1.094183e+01  4.000000e+01
     vertex -1.429554e+00 -1.090671e+01  4.000000e+01
     vertex -9.226497e+00 -1.598076e+01  4.000000e+01
   endloop
 endfacet
 facet normal  0.000000e+00  0.000000e+00  1.000000e+00
   outer loop
     vertex -1.094932e+01 -1.054721e+00  4.000000e+01
     vertex -1.845299e+01  1.421085e-14  4.000000e+01
     vertex -1.091626e+01 -1.354708e+00  4.000000e+01
   endloop
 endfacet
 facet normal  0.000000e+00  0.000000e+00  1.000000e+00
   outer loop
     vertex -8.291968e-01 -1.096870e+01  4.000000e+01
     vertex -1.129801e+00 -1.094183e+01  4.000000e+01
     vertex -9.226497e+00 -1.598076e+01  4.000000e+01
   endloop
 endfacet
 facet normal  0.000000e+00  0.000000e+00  1.000000e+00
   outer loop
     vertex -1.097413e+01 -7.539394e-01  4.000000e+01
     vertex -1.845299e+01  1.421085e-14  4.000000e+01
     vertex -1.094932e+01 -1.054721e+00  4.000000e+01
   endloop
 endfacet
 facet normal  0.000000e+00  0.000000e+00  1.000000e+00
   outer loop
     vertex -5.279688e-01 -1.098732e+01  4.000000e+01
     vertex -8.291968e-01 -1.096870e+01  4.000000e+01
     vertex -9.226497e+00 -1.598076e+01  4.000000e+01
   endloop
 endfacet
 facet normal  0.000000e+00  0.000000e+00  1.000000e+00
   outer loop
     vertex -1.099069e+01 -4.525908e-01  4.000000e+01
     vertex -1.845299e+01  1.421085e-14  4.000000e+01
     vertex -1.097413e+01 -7.539394e-01  4.000000e+01
   endloop
 endfacet
 facet normal  0.000000e+00  0.000000e+00  1.000000e+00
   outer loop
     vertex -2.263433e-01 -1.099767e+01  4.000000e+01
     vertex -5.279688e-01 -1.098732e+01  4.000000e+01
     vertex -9.226497e+00 -1.598076e+01  4.000000e+01
   endloop
 endfacet
 facet normal  0.000000e+00  0.000000e+00  1.000000e+00
   outer loop
     vertex -1.099896e+01 -1.509015e-01  4.000000e+01
     vertex -1.845299e+01  1.421085e-14  4.000000e+01
     vertex -1.099069e+01 -4.525908e-01  4.000000e+01
   endloop
 endfacet
 facet normal  0.000000e+00  0.000000e+00  1.000000e+00
   outer loop
     vertex  7.545251e-02 -1.099974e+01  4.000000e+01
     vertex -2.263433e-01 -1.099767e+01  4.000000e+01
     vertex -9.226497e+00 -1.598076e+01  4.000000e+01
   endloop
 endfacet
 facet normal  0.000000e+00  0.000000e+00  1.000000e+00
   outer loop
     vertex -1.099896e+01  1.509015e-01  4.000000e+01
     vertex -1.845299e+01  1.421085e-14  4.000000e+01
     vertex -1.099896e+01 -1.509015e-01  4.000000e+01
   endloop
 endfacet
 facet normal  0.000000e+00  0.000000e+00  1.000000e+00
   outer loop
     vertex -1.099069e+01  4.525908e-01  4.000000e+01
     vertex -1.845299e+01  1.421085e-14  4.000000e+01
     vertex -1.099896e+01  1.509015e-01  4.000000e+01
   endloop
 endfacet
 facet normal  0.000000e+00  0.000000e+00  1.000000e+00
   outer loop
     vertex -1.097413e+01  7.539394e-01  4.000000e+01
     vertex -1.845299e+01  1.421085e-14  4.000000e+01
     vertex -1.099069e+01  4.525908e-01  4.000000e+01
   endloop
 endfacet
 facet normal  0.000000e+00  0.000000e+00  1.000000e+00
   outer loop
     vertex -1.094932e+01  1.054721e+00  4.000000e+01
     vertex -1.845299e+01  1.421085e-14  4.000000e+01
     vertex -1.097413e+01  7.539394e-01  4.000000e+01
   endloop
 endfacet
 facet normal  0.000000e+00  0.000000e+00  1.000000e+00
   outer loop
     vertex -1.091626e+01  1.354708e+00  4.000000e+01
     vertex -1.845299e+01  1.421085e-14  4.000000e+01
     vertex -1.094932e+01  1.054721e+00  4.000000e+01
   endloop
 endfacet
 facet normal  0.000000e+00  0.000000e+00  1.000000e+00
   outer loop
     vertex -1.087499e+01  1.653675e+00  4.000000e+01
     vertex -1.845299e+01  1.421085e-14  4.000000e+01
     vertex -1.091626e+01  1.354708e+00  4.000000e+01
   endloop
 endfacet
 facet normal  0.000000e+00  0.000000e+00  1.000000e+00
   outer loop
     vertex -1.082553e+01  1.951398e+00  4.000000e+01
     vertex -1.845299e+01  1.421085e-14  4.000000e+01
     vertex -1.087499e+01  1.653675e+00  4.000000e+01
   endloop
 endfacet
 facet normal  0.000000e+00  0.000000e+00  1.000000e+00
   outer loop
     vertex -1.076792e+01  2.247651e+00  4.000000e+01
     vertex -1.845299e+01  1.421085e-14  4.000000e+01
     vertex -1.082553e+01  1.951398e+00  4.000000e+01
   endloop
 endfacet
 facet normal  0.000000e+00  0.000000e+00  1.000000e+00
   outer loop
     vertex -1.070220e+01  2.542213e+00  4.000000e+01
     vertex -1.845299e+01  1.421085e-14  4.000000e+01
     vertex -1.076792e+01  2.247651e+00  4.000000e+01
   endloop
 endfacet
 facet normal  0.000000e+00  0.000000e+00  1.000000e+00
   outer loop
     vertex -1.062843e+01  2.834861e+00  4.000000e+01
     vertex -1.845299e+01  1.421085e-14  4.000000e+01
     vertex -1.070220e+01  2.542213e+00  4.000000e+01
   endloop
 endfacet
 facet normal  0.000000e+00  0.000000e+00  1.000000e+00
   outer loop
     vertex -1.054666e+01  3.125375e+00  4.000000e+01
     vertex -1.845299e+01  1.421085e-14  4.000000e+01
     vertex -1.062843e+01  2.834861e+00  4.000000e+01
   endloop
 endfacet
 facet normal  0.000000e+00  0.000000e+00  1.000000e+00
   outer loop
     vertex -1.045695e+01  3.413536e+00  4.000000e+01
     vertex -1.845299e+01  1.421085e-14  4.000000e+01
     vertex -1.054666e+01  3.125375e+00  4.000000e+01
   endloop
 endfacet
 facet normal  0.000000e+00  0.000000e+00  1.000000e+00
   outer loop
     vertex  9.226497e+00 -1.598076e+01  4.000000e+01
     vertex  7.545251e-02 -1.099974e+01  4.000000e+01
     vertex -9.226497e+00 -1.598076e+01  4.000000e+01
   endloop
 endfacet
 facet normal  0.000000e+00  0.000000e+00  1.000000e+00
   outer loop
     vertex  9.226497e+00 -1.598076e+01  4.000000e+01
     vertex  3.771915e-01 -1.099353e+01  4.000000e+01
     vertex  7.545251e-02 -1.099974e+01  4.000000e+01
   endloop
 endfacet
 facet normal  0.000000e+00  0.000000e+00  1.000000e+00
   outer loop
     vertex  9.226497e+00 -1.598076e+01  4.000000e+01
     vertex  6.786466e-01 -1.097905e+01  4.000000e+01
     vertex  3.771915e-01 -1.099353e+01  4.000000e+01
   endloop
 endfacet
 facet normal  0.000000e+00  0.000000e+00  1.000000e+00
   outer loop
     vertex  9.226497e+00 -1.598076e+01  4.000000e+01
     vertex  9.795909e-01 -1.095630e+01  4.000000e+01
     vertex  6.786466e-01 -1.097905e+01  4.000000e+01
   endloop
 endfacet
 facet normal  0.000000e+00  0.000000e+00  1.000000e+00
   outer loop
     vertex  9.226497e+00 -1.598076e+01  4.000000e+01
     vertex  1.279798e+00 -1.092530e+01  4.000000e+01
     vertex  9.795909e-01 -1.095630e+01  4.000000e+01
   endloop
 endfacet
 facet normal  0.000000e+00  0.000000e+00  1.000000e+00
   outer loop
     vertex  9.226497e+00 -1.598076e+01  4.000000e+01
     vertex  1.579041e+00 -1.088608e+01  4.000000e+01
     vertex  1.279798e+00 -1.092530e+01  4.000000e+01
   endloop
 endfacet
 facet normal  0.000000e+00  0.000000e+00  1.000000e+00
   outer loop
     vertex  9.226497e+00 -1.598076e+01  4.000000e+01
     vertex  1.877096e+00 -1.083866e+01  4.000000e+01
     vertex  1.579041e+00 -1.088608e+01  4.000000e+01
   endloop
 endfacet
 facet normal  0.000000e+00  0.000000e+00  1.000000e+00
   outer loop
     vertex  9.226497e+00 -1.598076e+01  4.000000e+01
     vertex  2.173738e+00 -1.078308e+01  4.000000e+01
     vertex  1.877096e+00 -1.083866e+01  4.000000e+01
   endloop
 endfacet
 facet normal  0.000000e+00  0.000000e+00  1.000000e+00
   outer loop
     vertex  9.226497e+00 -1.598076e+01  4.000000e+01
     vertex  2.468743e+00 -1.071939e+01  4.000000e+01
     vertex  2.173738e+00 -1.078308e+01  4.000000e+01
   endloop
 endfacet
 facet normal  0.000000e+00  0.000000e+00  1.000000e+00
   outer loop
     vertex  9.226497e+00 -1.598076e+01  4.000000e+01
     vertex  2.761890e+00 -1.064763e+01  4.000000e+01
     vertex  2.468743e+00 -1.071939e+01  4.000000e+01
   endloop
 endfacet
 facet normal  0.000000e+00  0.000000e+00  1.000000e+00
   outer loop
     vertex  9.226497e+00 -1.598076e+01  4.000000e+01
     vertex  3.052958e+00 -1.056785e+01  4.000000e+01
     vertex  2.761890e+00 -1.064763e+01  4.000000e+01
   endloop
 endfacet
 facet normal  0.000000e+00  0.000000e+00  1.000000e+00
   outer loop
     vertex  9.226497e+00 -1.598076e+01  4.000000e+01
     vertex  3.341728e+00 -1.048012e+01  4.000000e+01
     vertex  3.052958e+00 -1.056785e+01  4.000000e+01
   endloop
 endfacet
 facet normal  0.000000e+00  0.000000e+00  1.000000e+00
   outer loop
     vertex  9.226497e+00 -1.598076e+01  4.000000e+01
     vertex  3.627982e+00 -1.038450e+01  4.000000e+01
     vertex  3.341728e+00 -1.048012e+01  4.000000e+01
   endloop
 endfacet
 facet normal  0.000000e+00  0.000000e+00  1.000000e+00
   outer loop
     vertex -1.035937e+01  3.699127e+00  4.000000e+01
     vertex -1.845299e+01  1.421085e-14  4.000000e+01
     vertex -1.045695e+01  3.413536e+00  4.000000e+01
   endloop
 endfacet
 facet normal  0.000000e+00  0.000000e+00  1.000000e+00
   outer loop
     vertex  3.911505e+00 -1.028106e+01  4.000000e+01
     vertex  3.627982e+00 -1.038450e+01  4.000000e+01
     vertex  9.226497e+00 -1.598076e+01  4.000000e+01
   endloop
 endfacet
 facet normal  0.000000e+00  0.000000e+00  1.000000e+00
   outer loop
     vertex -1.025398e+01  3.981934e+00  4.000000e+01
     vertex -1.845299e+01  1.421085e-14  4.000000e+01
     vertex -1.035937e+01  3.699127e+00  4.000000e+01
   endloop
 endfacet
 facet normal  0.000000e+00  0.000000e+00  1.000000e+00
   outer loop
     vertex  4.192084e+00 -1.016988e+01  4.000000e+01
     vertex  3.911505e+00 -1.028106e+01  4.000000e+01
     vertex  9.226497e+00 -1.598076e+01  4.000000e+01
   endloop
 endfacet
 facet normal  0.000000e+00  0.000000e+00  1.000000e+00
   outer loop
     vertex -1.014088e+01  4.261744e+00  4.000000e+01
     vertex -1.845299e+01  1.421085e-14  4.000000e+01
     vertex -1.025398e+01  3.981934e+00  4.000000e+01
   endloop
 endfacet
 facet normal  0.000000e+00  0.000000e+00  1.000000e+00
   outer loop
     vertex  4.469507e+00 -1.005104e+01  4.000000e+01
     vertex  4.192084e+00 -1.016988e+01  4.000000e+01
     vertex  9.226497e+00 -1.598076e+01  4.000000e+01
   endloop
 endfacet
 facet normal  0.000000e+00  0.000000e+00  1.000000e+00
   outer loop
     vertex -1.002015e+01  4.538345e+00  4.000000e+01
     vertex -1.845299e+01  1.421085e-14  4.000000e+01
     vertex -1.014088e+01  4.261744e+00  4.000000e+01
   endloop
 endfacet
 facet normal  0.000000e+00  0.000000e+00  1.000000e+00
   outer loop
     vertex  4.743566e+00 -9.924645e+00  4.000000e+01
     vertex  4.469507e+00 -1.005104e+01  4.000000e+01
     vertex  9.226497e+00 -1.598076e+01  4.000000e+01
   endloop
 endfacet
 facet normal  0.000000e+00  0.000000e+00  1.000000e+00
   outer loop
     vertex -9.891874e+00  4.811531e+00  4.000000e+01
     vertex -1.845299e+01  1.421085e-14  4.000000e+01
     vertex -1.002015e+01  4.538345e+00  4.000000e+01
   endloop
 endfacet
 facet normal  0.000000e+00  0.000000e+00  1.000000e+00
   outer loop
     vertex  5.014054e+00 -9.790775e+00  4.000000e+01
     vertex  4.743566e+00 -9.924645e+00  4.000000e+01
     vertex  9.226497e+00 -1.598076e+01  4.000000e+01
   endloop
 endfacet
 facet normal  0.000000e+00  0.000000e+00  1.000000e+00
   outer loop
     vertex -9.756151e+00  5.081094e+00  4.000000e+01
     vertex -1.845299e+01  1.421085e-14  4.000000e+01
     vertex -9.891874e+00  4.811531e+00  4.000000e+01
   endloop
 endfacet
 facet normal  0.000000e+00  0.000000e+00  1.000000e+00
   outer loop
     vertex  5.280767e+00 -9.649534e+00  4.000000e+01
     vertex  5.014054e+00 -9.790775e+00  4.000000e+01
     vertex  9.226497e+00 -1.598076e+01  4.000000e+01
   endloop
 endfacet
 facet normal  0.000000e+00  0.000000e+00  1.000000e+00
   outer loop
     vertex -9.613084e+00  5.346832e+00  4.000000e+01
     vertex -1.845299e+01  1.421085e-14  4.000000e+01
     vertex -9.756151e+00  5.081094e+00  4.000000e+01
   endloop
 endfacet
 facet normal  0.000000e+00  0.000000e+00  1.000000e+00
   outer loop
     vertex  5.543505e+00 -9.501029e+00  4.000000e+01
     vertex  5.280767e+00 -9.649534e+00  4.000000e+01
     vertex  9.226497e+00 -1.598076e+01  4.000000e+01
   endloop
 endfacet
 facet normal  0.000000e+00  0.000000e+00  1.000000e+00
   outer loop
     vertex -9.462781e+00  5.608545e+00  4.000000e+01
     vertex -1.845299e+01  1.421085e-14  4.000000e+01
     vertex -9.613084e+00  5.346832e+00  4.000000e+01
   endloop
 endfacet
 facet normal  0.000000e+00  0.000000e+00  1.000000e+00
   outer loop
     vertex  5.802070e+00 -9.345372e+00  4.000000e+01
     vertex  5.543505e+00 -9.501029e+00  4.000000e+01
     vertex  9.226497e+00 -1.598076e+01  4.000000e+01
   endloop
 endfacet
 facet normal  0.000000e+00  0.000000e+00  1.000000e+00
   outer loop
     vertex  6.056268e+00 -9.182680e+00  4.000000e+01
     vertex  5.802070e+00 -9.345372e+00  4.000000e+01
     vertex  9.226497e+00 -1.598076e+01  4.000000e+01
   endloop
 endfacet
 facet normal  0.000000e+00  0.000000e+00  1.000000e+00
   outer loop
     vertex  6.305907e+00 -9.013076e+00  4.000000e+01
     vertex  6.056268e+00 -9.182680e+00  4.000000e+01
     vertex  9.226497e+00 -1.598076e+01  4.000000e+01
   endloop
 endfacet
 facet normal  0.000000e+00  0.000000e+00  1.000000e+00
   outer loop
     vertex  6.550798e+00 -8.836687e+00  4.000000e+01
     vertex  6.305907e+00 -9.013076e+00  4.000000e+01
     vertex  9.226497e+00 -1.598076e+01  4.000000e+01
   endloop
 endfacet
 facet normal  0.000000e+00  0.000000e+00  1.000000e+00
   outer loop
     vertex  6.790759e+00 -8.653646e+00  4.000000e+01
     vertex  6.550798e+00 -8.836687e+00  4.000000e+01
     vertex  9.226497e+00 -1.598076e+01  4.000000e+01
   endloop
 endfacet
 facet normal  0.000000e+00  0.000000e+00  1.000000e+00
   outer loop
     vertex  7.025607e+00 -8.464091e+00  4.000000e+01
     vertex  6.790759e+00 -8.653646e+00  4.000000e+01
     vertex  9.226497e+00 -1.598076e+01  4.000000e+01
   endloop
 endfacet
 facet normal  0.000000e+00  0.000000e+00  1.000000e+00
   outer loop
     vertex  7.255167e+00 -8.268165e+00  4.000000e+01
     vertex  7.025607e+00 -8.464091e+00  4.000000e+01
     vertex  9.226497e+00 -1.598076e+01  4.000000e+01
   endloop
 endfacet
 facet normal  0.000000e+00  0.000000e+00  1.000000e+00
   outer loop
     vertex  7.479266e+00 -8.066014e+00  4.000000e+01
     vertex  7.255167e+00 -8.268165e+00  4.000000e+01
     vertex  9.226497e+00 -1.598076e+01  4.000000e+01
   endloop
 endfacet
 facet normal  0.000000e+00  0.000000e+00  1.000000e+00
   outer loop
     vertex  7.697734e+00 -7.857792e+00  4.000000e+01
     vertex  7.479266e+00 -8.066014e+00  4.000000e+01
     vertex  9.226497e+00 -1.598076e+01  4.000000e+01
   endloop
 endfacet
 facet normal  0.000000e+00  0.000000e+00  1.000000e+00
   outer loop
     vertex  7.910408e+00 -7.643654e+00  4.000000e+01
     vertex  7.697734e+00 -7.857792e+00  4.000000e+01
     vertex  9.226497e+00 -1.598076e+01  4.000000e+01
   endloop
 endfacet
 facet normal  0.000000e+00  0.000000e+00  1.000000e+00
   outer loop
     vertex  8.117127e+00 -7.423763e+00  4.000000e+01
     vertex  7.910408e+00 -7.643654e+00  4.000000e+01
     vertex  9.226497e+00 -1.598076e+01  4.000000e+01
   endloop
 endfacet
 facet normal  0.000000e+00  0.000000e+00  1.000000e+00
   outer loop
     vertex  8.317736e+00 -7.198283e+00  4.000000e+01
     vertex  8.117127e+00 -7.423763e+00  4.000000e+01
     vertex  9.226497e+00 -1.598076e+01  4.000000e+01
   endloop
 endfacet
 facet normal  0.000000e+00  0.000000e+00  1.000000e+00
   outer loop
     vertex  8.512083e+00 -6.967384e+00  4.000000e+01
     vertex  8.317736e+00 -7.198283e+00  4.000000e+01
     vertex  9.226497e+00 -1.598076e+01  4.000000e+01
   endloop
 endfacet
 facet normal  0.000000e+00  0.000000e+00  1.000000e+00
   outer loop
     vertex  8.700023e+00 -6.731241e+00  4.000000e+01
     vertex  8.512083e+00 -6.967384e+00  4.000000e+01
     vertex  9.226497e+00 -1.598076e+01  4.000000e+01
   endloop
 endfacet
 facet normal  0.000000e+00  0.000000e+00  1.000000e+00
   outer loop
     vertex  8.881413e+00 -6.490031e+00  4.000000e+01
     vertex  8.700023e+00 -6.731241e+00  4.000000e+01
     vertex  9.226497e+00 -1.598076e+01  4.000000e+01
   endloop
 endfacet
 facet normal  0.000000e+00  0.000000e+00  1.000000e+00
   outer loop
     vertex  9.056118e+00 -6.243935e+00  4.000000e+01
     vertex  8.881413e+00 -6.490031e+00  4.000000e+01
     vertex  9.226497e+00 -1.598076e+01  4.000000e+01
   endloop
 endfacet
 facet normal  0.000000e+00  0.000000e+00  1.000000e+00
   outer loop
     vertex  9.224006e+00 -5.993139e+00  4.000000e+01
     vertex  9.056118e+00 -6.243935e+00  4.000000e+01
     vertex  9.226497e+00 -1.598076e+01  4.000000e+01
   endloop
 endfacet
 facet normal  0.000000e+00  0.000000e+00  1.000000e+00
   outer loop
     vertex  9.384950e+00 -5.737831e+00  4.000000e+01
     vertex  9.224006e+00 -5.993139e+00  4.000000e+01
     vertex  9.226497e+00 -1.598076e+01  4.000000e+01
   endloop
 endfacet
 facet normal  0.000000e+00  0.000000e+00  1.000000e+00
   outer loop
     vertex  9.538830e+00 -5.478204e+00  4.000000e+01
     vertex  9.384950e+00 -5.737831e+00  4.000000e+01
     vertex  9.226497e+00 -1.598076e+01  4.000000e+01
   endloop
 endfacet
 facet normal  0.000000e+00  0.000000e+00  1.000000e+00
   outer loop
     vertex -9.226497e+00  1.598076e+01  4.000000e+01
     vertex -9.462781e+00  5.608545e+00  4.000000e+01
     vertex -9.305354e+00  5.866037e+00  4.000000e+01
   endloop
 endfacet
 facet normal  0.000000e+00  0.000000e+00  1.000000e+00
   outer loop
     vertex -9.226497e+00  1.598076e+01  4.000000e+01
     vertex -1.845299e+01  1.421085e-14  4.000000e+01
     vertex -9.462781e+00  5.608545e+00  4.000000e+01
   endloop
 endfacet
 facet normal  0.000000e+00  0.000000e+00  1.000000e+00
   outer loop
     vertex -9.226497e+00  1.598076e+01  4.000000e+01
     vertex -4.052176e+00  1.022643e+01  4.000000e+01
     vertex -3.770099e+00  1.033375e+01  4.000000e+01
   endloop
 endfacet
 facet normal  0.000000e+00  0.000000e+00  1.000000e+00
   outer loop
     vertex -9.226497e+00  1.598076e+01  4.000000e+01
     vertex -4.331203e+00  1.011141e+01  4.000000e+01
     vertex -4.052176e+00  1.022643e+01  4.000000e+01
   endloop
 endfacet
 facet normal  0.000000e+00  0.000000e+00  1.000000e+00
   outer loop
     vertex -9.226497e+00  1.598076e+01  4.000000e+01
     vertex -4.606970e+00  9.988785e+00  4.000000e+01
     vertex -4.331203e+00  1.011141e+01  4.000000e+01
   endloop
 endfacet
 facet normal  0.000000e+00  0.000000e+00  1.000000e+00
   outer loop
     vertex -9.226497e+00  1.598076e+01  4.000000e+01
     vertex -4.879269e+00  9.858638e+00  4.000000e+01
     vertex -4.606970e+00  9.988785e+00  4.000000e+01
   endloop
 endfacet
 facet normal  0.000000e+00  0.000000e+00  1.000000e+00
   outer loop
     vertex -9.226497e+00  1.598076e+01  4.000000e+01
     vertex -5.147895e+00  9.721069e+00  4.000000e+01
     vertex -4.879269e+00  9.858638e+00  4.000000e+01
   endloop
 endfacet
 facet normal  0.000000e+00  0.000000e+00  1.000000e+00
   outer loop
     vertex -9.226497e+00  1.598076e+01  4.000000e+01
     vertex -5.412645e+00  9.576182e+00  4.000000e+01
     vertex -5.147895e+00  9.721069e+00  4.000000e+01
   endloop
 endfacet
 facet normal  0.000000e+00  0.000000e+00  1.000000e+00
   outer loop
     vertex -9.226497e+00  1.598076e+01  4.000000e+01
     vertex -5.673322e+00  9.424087e+00  4.000000e+01
     vertex -5.412645e+00  9.576182e+00  4.000000e+01
   endloop
 endfacet
 facet normal  0.000000e+00  0.000000e+00  1.000000e+00
   outer loop
     vertex -9.226497e+00  1.598076e+01  4.000000e+01
     vertex -5.929727e+00  9.264898e+00  4.000000e+01
     vertex -5.673322e+00  9.424087e+00  4.000000e+01
   endloop
 endfacet
 facet normal  0.000000e+00  0.000000e+00  1.000000e+00
   outer loop
     vertex -9.226497e+00  1.598076e+01  4.000000e+01
     vertex -6.181669e+00  9.098734e+00  4.000000e+01
     vertex -5.929727e+00  9.264898e+00  4.000000e+01
   endloop
 endfacet
 facet normal  0.000000e+00  0.000000e+00  1.000000e+00
   outer loop
     vertex -9.226497e+00  1.598076e+01  4.000000e+01
     vertex -6.428957e+00  8.925722e+00  4.000000e+01
     vertex -6.181669e+00  9.098734e+00  4.000000e+01
   endloop
 endfacet
 facet normal  0.000000e+00  0.000000e+00  1.000000e+00
   outer loop
     vertex -9.226497e+00  1.598076e+01  4.000000e+01
     vertex -6.671406e+00  8.745990e+00  4.000000e+01
     vertex -6.428957e+00  8.925722e+00  4.000000e+01
   endloop
 endfacet
 facet normal  0.000000e+00  0.000000e+00  1.000000e+00
   outer loop
     vertex -9.226497e+00  1.598076e+01  4.000000e+01
     vertex -6.908833e+00  8.559674e+00  4.000000e+01
     vertex -6.671406e+00  8.745990e+00  4.000000e+01
   endloop
 endfacet
 facet normal  0.000000e+00  0.000000e+00  1.000000e+00
   outer loop
     vertex -9.226497e+00  1.598076e+01  4.000000e+01
     vertex -7.141059e+00  8.366915e+00  4.000000e+01
     vertex -6.908833e+00  8.559674e+00  4.000000e+01
   endloop
 endfacet
 facet normal  0.000000e+00  0.000000e+00  1.000000e+00
   outer loop
     vertex -9.226497e+00  1.598076e+01  4.000000e+01
     vertex -7.367910e+00  8.167858e+00  4.000000e+01
     vertex -7.141059e+00  8.366915e+00  4.000000e+01
   endloop
 endfacet
 facet normal  0.000000e+00  0.000000e+00  1.000000e+00
   outer loop
     vertex -9.226497e+00  1.598076e+01  4.000000e+01
     vertex -7.589214e+00  7.962652e+00  4.000000e+01
     vertex -7.367910e+00  8.167858e+00  4.000000e+01
   endloop
 endfacet
 facet normal  0.000000e+00  0.000000e+00  1.000000e+00
   outer loop
     vertex -9.226497e+00  1.598076e+01  4.000000e+01
     vertex -7.804805e+00  7.751452e+00  4.000000e+01
     vertex -7.589214e+00  7.962652e+00  4.000000e+01
   endloop
 endfacet
 facet normal  0.000000e+00  0.000000e+00  1.000000e+00
   outer loop
     vertex -9.226497e+00  1.598076e+01  4.000000e+01
     vertex -8.014522e+00  7.534417e+00  4.000000e+01
     vertex -7.804805e+00  7.751452e+00  4.000000e+01
   endloop
 endfacet
 facet normal  0.000000e+00  0.000000e+00  1.000000e+00
   outer loop
     vertex -9.226497e+00  1.598076e+01  4.000000e+01
     vertex -8.218205e+00  7.311711e+00  4.000000e+01
     vertex -8.014522e+00  7.534417e+00  4.000000e+01
   endloop
 endfacet
 facet normal  0.000000e+00  0.000000e+00  1.000000e+00
   outer loop
     vertex -9.226497e+00  1.598076e+01  4.000000e+01
     vertex -8.415701e+00  7.083500e+00  4.000000e+01
     vertex -8.218205e+00  7.311711e+00  4.000000e+01
   endloop
 endfacet
 facet normal  0.000000e+00  0.000000e+00  1.000000e+00
   outer loop
     vertex -9.226497e+00  1.598076e+01  4.000000e+01
     vertex -8.606863e+00  6.849957e+00  4.000000e+01
     vertex -8.415701e+00  7.083500e+00  4.000000e+01
   endloop
 endfacet
 facet normal  0.000000e+00  0.000000e+00  1.000000e+00
   outer loop
     vertex -9.226497e+00  1.598076e+01  4.000000e+01
     vertex -8.791545e+00  6.611258e+00  4.000000e+01
     vertex -8.606863e+00  6.849957e+00  4.000000e+01
   endloop
 endfacet
 facet normal  0.000000e+00  0.000000e+00  1.000000e+00
   outer loop
     vertex -9.226497e+00  1.598076e+01  4.000000e+01
     vertex -8.969610e+00  6.367582e+00  4.000000e+01
     vertex -8.791545e+00  6.611258e+00  4.000000e+01
   endloop
 endfacet
 facet normal  0.000000e+00  0.000000e+00  1.000000e+00
   outer loop
     vertex -9.226497e+00  1.598076e+01  4.000000e+01
     vertex -9.140922e+00  6.119112e+00  4.000000e+01
     vertex -8.969610e+00  6.367582e+00  4.000000e+01
   endloop
 endfacet
 facet normal  0.000000e+00  0.000000e+00  1.000000e+00
   outer loop
     vertex -9.226497e+00  1.598076e+01  4.000000e+01
     vertex -9.305354e+00  5.866037e+00  4.000000e+01
     vertex -9.140922e+00  6.119112e+00  4.000000e+01
   endloop
 endfacet
 facet normal  0.000000e+00  0.000000e+00  1.000000e+00
   outer loop
     vertex -3.485183e+00  1.043329e+01  4.000000e+01
     vertex -9.226497e+00  1.598076e+01  4.000000e+01
     vertex -3.770099e+00  1.033375e+01  4.000000e+01
   endloop
 endfacet
 facet normal  0.000000e+00  0.000000e+00  1.000000e+00
   outer loop
     vertex -3.197644e+00  1.052497e+01  4.000000e+01
     vertex -9.226497e+00  1.598076e+01  4.000000e+01
     vertex -3.485183e+00  1.043329e+01  4.000000e+01
   endloop
 endfacet
 facet normal  0.000000e+00  0.000000e+00  1.000000e+00
   outer loop
     vertex -2.907698e+00  1.060874e+01  4.000000e+01
     vertex -9.226497e+00  1.598076e+01  4.000000e+01
     vertex -3.197644e+00  1.052497e+01  4.000000e+01
   endloop
 endfacet
 facet normal  0.000000e+00  0.000000e+00  1.000000e+00
   outer loop
     vertex -2.615563e+00  1.068451e+01  4.000000e+01
     vertex -9.226497e+00  1.598076e+01  4.000000e+01
     vertex -2.907698e+00  1.060874e+01  4.000000e+01
   endloop
 endfacet
 facet normal  0.000000e+00  0.000000e+00  1.000000e+00
   outer loop
     vertex -2.321459e+00  1.075225e+01  4.000000e+01
     vertex -9.226497e+00  1.598076e+01  4.000000e+01
     vertex -2.615563e+00  1.068451e+01  4.000000e+01
   endloop
 endfacet
 facet normal  0.000000e+00  0.000000e+00  1.000000e+00
   outer loop
     vertex -2.025607e+00  1.081189e+01  4.000000e+01
     vertex -9.226497e+00  1.598076e+01  4.000000e+01
     vertex -2.321459e+00  1.075225e+01  4.000000e+01
   endloop
 endfacet
 facet normal  0.000000e+00  0.000000e+00  1.000000e+00
   outer loop
     vertex -1.728231e+00  1.086339e+01  4.000000e+01
     vertex -9.226497e+00  1.598076e+01  4.000000e+01
     vertex -2.025607e+00  1.081189e+01  4.000000e+01
   endloop
 endfacet
 facet normal  0.000000e+00  0.000000e+00  1.000000e+00
   outer loop
     vertex -1.429554e+00  1.090671e+01  4.000000e+01
     vertex -9.226497e+00  1.598076e+01  4.000000e+01
     vertex -1.728231e+00  1.086339e+01  4.000000e+01
   endloop
 endfacet
 facet normal  0.000000e+00  0.000000e+00  1.000000e+00
   outer loop
     vertex -1.129801e+00  1.094183e+01  4.000000e+01
     vertex -9.226497e+00  1.598076e+01  4.000000e+01
     vertex -1.429554e+00  1.090671e+01  4.000000e+01
   endloop
 endfacet
 facet normal  0.000000e+00  0.000000e+00  1.000000e+00
   outer loop
     vertex -8.291968e-01  1.096870e+01  4.000000e+01
     vertex -9.226497e+00  1.598076e+01  4.000000e+01
     vertex -1.129801e+00  1.094183e+01  4.000000e+01
   endloop
 endfacet
 facet normal  0.000000e+00  0.000000e+00  1.000000e+00
   outer loop
     vertex -5.279688e-01  1.098732e+01  4.000000e+01
     vertex -9.226497e+00  1.598076e+01  4.000000e+01
     vertex -8.291968e-01  1.096870e+01  4.000000e+01
   endloop
 endfacet
 facet normal  0.000000e+00  0.000000e+00  1.000000e+00
   outer loop
     vertex -2.263433e-01  1.099767e+01  4.000000e+01
     vertex -9.226497e+00  1.598076e+01  4.000000e+01
     vertex -5.279688e-01  1.098732e+01  4.000000e+01
   endloop
 endfacet
 facet normal  0.000000e+00  0.000000e+00  1.000000e+00
   outer loop
     vertex  7.545251e-02  1.099974e+01  4.000000e+01
     vertex -9.226497e+00  1.598076e+01  4.000000e+01
     vertex -2.263433e-01  1.099767e+01  4.000000e+01
   endloop
 endfacet
 facet normal  0.000000e+00  0.000000e+00  1.000000e+00
   outer loop
     vertex  1.845299e+01 -7.549517e-15  4.000000e+01
     vertex  1.099586e+01  3.017745e-01  4.000000e+01
     vertex  1.100000e+01 -2.694223e-15  4.000000e+01
   endloop
 endfacet
 facet normal  0.000000e+00  0.000000e+00  1.000000e+00
   outer loop
     vertex  1.845299e+01 -7.549517e-15  4.000000e+01
     vertex  1.098344e+01  6.033219e-01  4.000000e+01
     vertex  1.099586e+01  3.017745e-01  4.000000e+01
   endloop
 endfacet
 facet normal  0.000000e+00  0.000000e+00  1.000000e+00
   outer loop
     vertex  1.845299e+01 -7.549517e-15  4.000000e+01
     vertex  9.538830e+00 -5.478204e+00  4.000000e+01
     vertex  9.226497e+00 -1.598076e+01  4.000000e+01
   endloop
 endfacet
 facet normal  0.000000e+00  0.000000e+00  1.000000e+00
   outer loop
     vertex  1.845299e+01 -7.549517e-15  4.000000e+01
     vertex  1.096276e+01  9.044151e-01  4.000000e+01
     vertex  1.098344e+01  6.033219e-01  4.000000e+01
   endloop
 endfacet
 facet normal  0.000000e+00  0.000000e+00  1.000000e+00
   outer loop
     vertex  1.845299e+01 -7.549517e-15  4.000000e+01
     vertex  1.093382e+01  1.204827e+00  4.000000e+01
     vertex  1.096276e+01  9.044151e-01  4.000000e+01
   endloop
 endfacet
 facet normal  0.000000e+00  0.000000e+00  1.000000e+00
   outer loop
     vertex  1.845299e+01 -7.549517e-15  4.000000e+01
     vertex  1.089665e+01  1.504333e+00  4.000000e+01
     vertex  1.093382e+01  1.204827e+00  4.000000e+01
   endloop
 endfacet
 facet normal  0.000000e+00  0.000000e+00  1.000000e+00
   outer loop
     vertex  1.845299e+01 -7.549517e-15  4.000000e+01
     vertex  1.085128e+01  1.802706e+00  4.000000e+01
     vertex  1.089665e+01  1.504333e+00  4.000000e+01
   endloop
 endfacet
 facet normal  0.000000e+00  0.000000e+00  1.000000e+00
   outer loop
     vertex  1.845299e+01 -7.549517e-15  4.000000e+01
     vertex  1.079774e+01  2.099722e+00  4.000000e+01
     vertex  1.085128e+01  1.802706e+00  4.000000e+01
   endloop
 endfacet
 facet normal  0.000000e+00  0.000000e+00  1.000000e+00
   outer loop
     vertex  1.845299e+01 -7.549517e-15  4.000000e+01
     vertex  1.073607e+01  2.395157e+00  4.000000e+01
     vertex  1.079774e+01  2.099722e+00  4.000000e+01
   endloop
 endfacet
 facet normal  0.000000e+00  0.000000e+00  1.000000e+00
   outer loop
     vertex  1.845299e+01 -7.549517e-15  4.000000e+01
     vertex  9.685529e+00 -5.214454e+00  4.000000e+01
     vertex  9.538830e+00 -5.478204e+00  4.000000e+01
   endloop
 endfacet
 facet normal  0.000000e+00  0.000000e+00  1.000000e+00
   outer loop
     vertex  1.845299e+01 -7.549517e-15  4.000000e+01
     vertex  1.066632e+01  2.688790e+00  4.000000e+01
     vertex  1.073607e+01  2.395157e+00  4.000000e+01
   endloop
 endfacet
 facet normal  0.000000e+00  0.000000e+00  1.000000e+00
   outer loop
     vertex  1.845299e+01 -7.549517e-15  4.000000e+01
     vertex  9.824937e+00 -4.946778e+00  4.000000e+01
     vertex  9.685529e+00 -5.214454e+00  4.000000e+01
   endloop
 endfacet
 facet normal  0.000000e+00  0.000000e+00  1.000000e+00
   outer loop
     vertex  1.845299e+01 -7.549517e-15  4.000000e+01
     vertex  1.058854e+01  2.980398e+00  4.000000e+01
     vertex  1.066632e+01  2.688790e+00  4.000000e+01
   endloop
 endfacet
 facet normal  0.000000e+00  0.000000e+00  1.000000e+00
   outer loop
     vertex  1.845299e+01 -7.549517e-15  4.000000e+01
     vertex  9.956949e+00 -4.675378e+00  4.000000e+01
     vertex  9.824937e+00 -4.946778e+00  4.000000e+01
   endloop
 endfacet
 facet normal  0.000000e+00  0.000000e+00  1.000000e+00
   outer loop
     vertex  1.845299e+01 -7.549517e-15  4.000000e+01
     vertex  1.050279e+01  3.269763e+00  4.000000e+01
     vertex  1.058854e+01  2.980398e+00  4.000000e+01
   endloop
 endfacet
 facet normal  0.000000e+00  0.000000e+00  1.000000e+00
   outer loop
     vertex  1.845299e+01 -7.549517e-15  4.000000e+01
     vertex  1.008147e+01 -4.400459e+00  4.000000e+01
     vertex  9.956949e+00 -4.675378e+00  4.000000e+01
   endloop
 endfacet
 facet normal  0.000000e+00  0.000000e+00  1.000000e+00
   outer loop
     vertex  1.845299e+01 -7.549517e-15  4.000000e+01
     vertex  1.040914e+01  3.556666e+00  4.000000e+01
     vertex  1.050279e+01  3.269763e+00  4.000000e+01
   endloop
 endfacet
 facet normal  0.000000e+00  0.000000e+00  1.000000e+00
   outer loop
     vertex  1.845299e+01 -7.549517e-15  4.000000e+01
     vertex  1.019839e+01 -4.122227e+00  4.000000e+01
     vertex  1.008147e+01 -4.400459e+00  4.000000e+01
   endloop
 endfacet
 facet normal  0.000000e+00  0.000000e+00  1.000000e+00
   outer loop
     vertex  1.845299e+01 -7.549517e-15  4.000000e+01
     vertex  1.030765e+01  3.840892e+00  4.000000e+01
     vertex  1.040914e+01  3.556666e+00  4.000000e+01
   endloop
 endfacet
 facet normal  0.000000e+00  0.000000e+00  1.000000e+00
   outer loop
     vertex  1.845299e+01 -7.549517e-15  4.000000e+01
     vertex  1.030765e+01 -3.840892e+00  4.000000e+01
     vertex  1.019839e+01 -4.122227e+00  4.000000e+01
   endloop
 endfacet
 facet normal  0.000000e+00  0.000000e+00  1.000000e+00
   outer loop
     vertex  1.845299e+01 -7.549517e-15  4.000000e+01
     vertex  1.019839e+01  4.122227e+00  4.000000e+01
     vertex  1.030765e+01  3.840892e+00  4.000000e+01
   endloop
 endfacet
 facet normal  0.000000e+00  0.000000e+00  1.000000e+00
   outer loop
     vertex  1.845299e+01 -7.549517e-15  4.000000e+01
     vertex  1.040914e+01 -3.556666e+00  4.000000e+01
     vertex  1.030765e+01 -3.840892e+00  4.000000e+01
   endloop
 endfacet
 facet normal  0.000000e+00  0.000000e+00  1.000000e+00
   outer loop
     vertex  1.845299e+01 -7.549517e-15  4.000000e+01
     vertex  1.008147e+01  4.400459e+00  4.000000e+01
     vertex  1.019839e+01  4.122227e+00  4.000000e+01
   endloop
 endfacet
 facet normal  0.000000e+00  0.000000e+00  1.000000e+00
   outer loop
     vertex  1.845299e+01 -7.549517e-15  4.000000e+01
     vertex  1.050279e+01 -3.269763e+00  4.000000e+01
     vertex  1.040914e+01 -3.556666e+00  4.000000e+01
   endloop
 endfacet
 facet normal  0.000000e+00  0.000000e+00  1.000000e+00
   outer loop
     vertex  1.845299e+01 -7.549517e-15  4.000000e+01
     vertex  9.956949e+00  4.675378e+00  4.000000e+01
     vertex  1.008147e+01  4.400459e+00  4.000000e+01
   endloop
 endfacet
 facet normal  0.000000e+00  0.000000e+00  1.000000e+00
   outer loop
     vertex  1.845299e+01 -7.549517e-15  4.000000e+01
     vertex  1.058854e+01 -2.980398e+00  4.000000e+01
     vertex  1.050279e+01 -3.269763e+00  4.000000e+01
   endloop
 endfacet
 facet normal  0.000000e+00  0.000000e+00  1.000000e+00
   outer loop
     vertex  1.845299e+01 -7.549517e-15  4.000000e+01
     vertex  9.824937e+00  4.946778e+00  4.000000e+01
     vertex  9.956949e+00  4.675378e+00  4.000000e+01
   endloop
 endfacet
 facet normal  0.000000e+00  0.000000e+00  1.000000e+00
   outer loop
     vertex  1.845299e+01 -7.549517e-15  4.000000e+01
     vertex  1.066632e+01 -2.688790e+00  4.000000e+01
     vertex  1.058854e+01 -2.980398e+00  4.000000e+01
   endloop
 endfacet
 facet normal  0.000000e+00  0.000000e+00  1.000000e+00
   outer loop
     vertex  1.845299e+01 -7.549517e-15  4.000000e+01
     vertex  9.685529e+00  5.214454e+00  4.000000e+01
     vertex  9.824937e+00  4.946778e+00  4.000000e+01
   endloop
 endfacet
 facet normal  0.000000e+00  0.000000e+00  1.000000e+00
   outer loop
     vertex  1.845299e+01 -7.549517e-15  4.000000e+01
     vertex  1.073607e+01 -2.395157e+00  4.000000e+01
     vertex  1.066632e+01 -2.688790e+00  4.000000e+01
   endloop
 endfacet
 facet normal  0.000000e+00  0.000000e+00  1.000000e+00
   outer loop
     vertex  1.845299e+01 -7.549517e-15  4.000000e+01
     vertex  9.538830e+00  5.478204e+00  4.000000e+01
     vertex  9.685529e+00  5.214454e+00  4.000000e+01
   endloop
 endfacet
 facet normal  0.000000e+00  0.000000e+00  1.000000e+00
   outer loop
     vertex  1.845299e+01 -7.549517e-15  4.000000e+01
     vertex  1.079774e+01 -2.099722e+00  4.000000e+01
     vertex  1.073607e+01 -2.395157e+00  4.000000e+01
   endloop
 endfacet
 facet normal  0.000000e+00  0.000000e+00  1.000000e+00
   outer loop
     vertex  1.845299e+01 -7.549517e-15  4.000000e+01
     vertex  1.085128e+01 -1.802706e+00  4.000000e+01
     vertex  1.079774e+01 -2.099722e+00  4.000000e+01
   endloop
 endfacet
 facet normal  0.000000e+00  0.000000e+00  1.000000e+00
   outer loop
     vertex  1.845299e+01 -7.549517e-15  4.000000e+01
     vertex  1.089665e+01 -1.504333e+00  4.000000e+01
     vertex  1.085128e+01 -1.802706e+00  4.000000e+01
   endloop
 endfacet
 facet normal  0.000000e+00  0.000000e+00  1.000000e+00
   outer loop
     vertex  1.845299e+01 -7.549517e-15  4.000000e+01
     vertex  1.093382e+01 -1.204827e+00  4.000000e+01
     vertex  1.089665e+01 -1.504333e+00  4.000000e+01
   endloop
 endfacet
 facet normal  0.000000e+00  0.000000e+00  1.000000e+00
   outer loop
     vertex  1.845299e+01 -7.549517e-15  4.000000e+01
     vertex  1.096276e+01 -9.044151e-01  4.000000e+01
     vertex  1.093382e+01 -1.204827e+00  4.000000e+01
   endloop
 endfacet
 facet normal  0.000000e+00  0.000000e+00  1.000000e+00
   outer loop
     vertex  1.845299e+01 -7.549517e-15  4.000000e+01
     vertex  1.098344e+01 -6.033219e-01  4.000000e+01
     vertex  1.096276e+01 -9.044151e-01  4.000000e+01
   endloop
 endfacet
 facet normal  0.000000e+00  0.000000e+00  1.000000e+00
   outer loop
     vertex  1.845299e+01 -7.549517e-15  4.000000e+01
     vertex  1.099586e+01 -3.017745e-01  4.000000e+01
     vertex  1.098344e+01 -6.033219e-01  4.000000e+01
   endloop
 endfacet
 facet normal  0.000000e+00  0.000000e+00  1.000000e+00
   outer loop
     vertex  1.845299e+01 -7.549517e-15  4.000000e+01
     vertex  1.100000e+01 -2.694223e-15  4.000000e+01
     vertex  1.099586e+01 -3.017745e-01  4.000000e+01
   endloop
 endfacet
 facet normal  0.000000e+00  0.000000e+00  1.000000e+00
   outer loop
     vertex  9.226497e+00  1.598076e+01  4.000000e+01
     vertex  9.384950e+00  5.737831e+00  4.000000e+01
     vertex  9.538830e+00  5.478204e+00  4.000000e+01
   endloop
 endfacet
 facet normal  0.000000e+00  0.000000e+00  1.000000e+00
   outer loop
     vertex  9.226497e+00  1.598076e+01  4.000000e+01
     vertex  9.224006e+00  5.993139e+00  4.000000e+01
     vertex  9.384950e+00  5.737831e+00  4.000000e+01
   endloop
 endfacet
 facet normal  0.000000e+00  0.000000e+00  1.000000e+00
   outer loop
     vertex  9.226497e+00  1.598076e+01  4.000000e+01
     vertex  9.056118e+00  6.243935e+00  4.000000e+01
     vertex  9.224006e+00  5.993139e+00  4.000000e+01
   endloop
 endfacet
 facet normal  0.000000e+00  0.000000e+00  1.000000e+00
   outer loop
     vertex  9.226497e+00  1.598076e+01  4.000000e+01
     vertex  8.881413e+00  6.490031e+00  4.000000e+01
     vertex  9.056118e+00  6.243935e+00  4.000000e+01
   endloop
 endfacet
 facet normal  0.000000e+00  0.000000e+00  1.000000e+00
   outer loop
     vertex  9.226497e+00  1.598076e+01  4.000000e+01
     vertex  8.700023e+00  6.731241e+00  4.000000e+01
     vertex  8.881413e+00  6.490031e+00  4.000000e+01
   endloop
 endfacet
 facet normal  0.000000e+00  0.000000e+00  1.000000e+00
   outer loop
     vertex  9.226497e+00  1.598076e+01  4.000000e+01
     vertex  8.512083e+00  6.967384e+00  4.000000e+01
     vertex  8.700023e+00  6.731241e+00  4.000000e+01
   endloop
 endfacet
 facet normal  0.000000e+00  0.000000e+00  1.000000e+00
   outer loop
     vertex  9.226497e+00  1.598076e+01  4.000000e+01
     vertex  8.317736e+00  7.198283e+00  4.000000e+01
     vertex  8.512083e+00  6.967384e+00  4.000000e+01
   endloop
 endfacet
 facet normal  0.000000e+00  0.000000e+00  1.000000e+00
   outer loop
     vertex  9.226497e+00  1.598076e+01  4.000000e+01
     vertex  8.117127e+00  7.423763e+00  4.000000e+01
     vertex  8.317736e+00  7.198283e+00  4.000000e+01
   endloop
 endfacet
 facet normal  0.000000e+00  0.000000e+00  1.000000e+00
   outer loop
     vertex  9.226497e+00  1.598076e+01  4.000000e+01
     vertex  7.910408e+00  7.643654e+00  4.000000e+01
     vertex  8.117127e+00  7.423763e+00  4.000000e+01
   endloop
 endfacet
 facet normal  0.000000e+00  0.000000e+00  1.000000e+00
   outer loop
     vertex  9.226497e+00  1.598076e+01  4.000000e+01
     vertex  7.697734e+00  7.857792e+00  4.000000e+01
     vertex  7.910408e+00  7.643654e+00  4.000000e+01
   endloop
 endfacet
 facet normal  0.000000e+00  0.000000e+00  1.000000e+00
   outer loop
     vertex  9.226497e+00  1.598076e+01  4.000000e+01
     vertex  7.479266e+00  8.066014e+00  4.000000e+01
     vertex  7.697734e+00  7.857792e+00  4.000000e+01
   endloop
 endfacet
 facet normal  0.000000e+00  0.000000e+00  1.000000e+00
   outer loop
     vertex  9.226497e+00  1.598076e+01  4.000000e+01
     vertex  7.255167e+00  8.268165e+00  4.000000e+01
     vertex  7.479266e+00  8.066014e+00  4.000000e+01
   endloop
 endfacet
 facet normal  0.000000e+00  0.000000e+00  1.000000e+00
   outer loop
     vertex  9.226497e+00  1.598076e+01  4.000000e+01
     vertex  7.025607e+00  8.464091e+00  4.000000e+01
     vertex  7.255167e+00  8.268165e+00  4.000000e+01
   endloop
 endfacet
 facet normal  0.000000e+00  0.000000e+00  1.000000e+00
   outer loop
     vertex  9.226497e+00  1.598076e+01  4.000000e+01
     vertex  6.790759e+00  8.653646e+00  4.000000e+01
     vertex  7.025607e+00  8.464091e+00  4.000000e+01
   endloop
 endfacet
 facet normal  0.000000e+00  0.000000e+00  1.000000e+00
   outer loop
     vertex  9.226497e+00  1.598076e+01  4.000000e+01
     vertex  6.550798e+00  8.836687e+00  4.000000e+01
     vertex  6.790759e+00  8.653646e+00  4.000000e+01
   endloop
 endfacet
 facet normal  0.000000e+00  0.000000e+00  1.000000e+00
   outer loop
     vertex  9.226497e+00  1.598076e+01  4.000000e+01
     vertex  6.305907e+00  9.013076e+00  4.000000e+01
     vertex  6.550798e+00  8.836687e+00  4.000000e+01
   endloop
 endfacet
 facet normal  0.000000e+00  0.000000e+00  1.000000e+00
   outer loop
     vertex  9.226497e+00  1.598076e+01  4.000000e+01
     vertex  6.056268e+00  9.182680e+00  4.000000e+01
     vertex  6.305907e+00  9.013076e+00  4.000000e+01
   endloop
 endfacet
 facet normal  0.000000e+00  0.000000e+00  1.000000e+00
   outer loop
     vertex  9.226497e+00  1.598076e+01  4.000000e+01
     vertex  5.802070e+00  9.345372e+00  4.000000e+01
     vertex  6.056268e+00  9.182680e+00  4.000000e+01
   endloop
 endfacet
 facet normal  0.000000e+00  0.000000e+00  1.000000e+00
   outer loop
     vertex  9.226497e+00  1.598076e+01  4.000000e+01
     vertex  5.543505e+00  9.501029e+00  4.000000e+01
     vertex  5.802070e+00  9.345372e+00  4.000000e+01
   endloop
 endfacet
 facet normal  0.000000e+00  0.000000e+00  1.000000e+00
   outer loop
     vertex  9.226497e+00  1.598076e+01  4.000000e+01
     vertex  5.280767e+00  9.649534e+00  4.000000e+01
     vertex  5.543505e+00  9.501029e+00  4.000000e+01
   endloop
 endfacet
 facet normal  0.000000e+00  0.000000e+00  1.000000e+00
   outer loop
     vertex  9.226497e+00  1.598076e+01  4.000000e+01
     vertex  5.014054e+00  9.790775e+00  4.000000e+01
     vertex  5.280767e+00  9.649534e+00  4.000000e+01
   endloop
 endfacet
 facet normal  0.000000e+00  0.000000e+00  1.000000e+00
   outer loop
     vertex  9.226497e+00  1.598076e+01  4.000000e+01
     vertex  4.743566e+00  9.924645e+00  4.000000e+01
     vertex  5.014054e+00  9.790775e+00  4.000000e+01
   endloop
 endfacet
 facet normal  0.000000e+00  0.000000e+00  1.000000e+00
   outer loop
     vertex  9.226497e+00  1.598076e+01  4.000000e+01
     vertex  4.469507e+00  1.005104e+01  4.000000e+01
     vertex  4.743566e+00  9.924645e+00  4.000000e+01
   endloop
 endfacet
 facet normal  0.000000e+00  0.000000e+00  1.000000e+00
   outer loop
     vertex  9.226497e+00  1.598076e+01  4.000000e+01
     vertex  4.192084e+00  1.016988e+01  4.000000e+01
     vertex  4.469507e+00  1.005104e+01  4.000000e+01
   endloop
 endfacet
 facet normal  0.000000e+00  0.000000e+00  1.000000e+00
   outer loop
     vertex  9.226497e+00  1.598076e+01  4.000000e+01
     vertex  3.911505e+00  1.028106e+01  4.000000e+01
     vertex  4.192084e+00  1.016988e+01  4.000000e+01
   endloop
 endfacet
 facet normal  0.000000e+00  0.000000e+00  1.000000e+00
   outer loop
     vertex  9.226497e+00  1.598076e+01  4.000000e+01
     vertex  3.627982e+00  1.038450e+01  4.000000e+01
     vertex  3.911505e+00  1.028106e+01  4.000000e+01
   endloop
 endfacet
 facet normal  0.000000e+00  0.000000e+00  1.000000e+00
   outer loop
     vertex  9.226497e+00  1.598076e+01  4.000000e+01
     vertex  3.341728e+00  1.048012e+01  4.000000e+01
     vertex  3.627982e+00  1.038450e+01  4.000000e+01
   endloop
 endfacet
 facet normal  0.000000e+00  0.000000e+00  1.000000e+00
   outer loop
     vertex  9.226497e+00  1.598076e+01  4.000000e+01
     vertex  3.052958e+00  1.056785e+01  4.000000e+01
     vertex  3.341728e+00  1.048012e+01  4.000000e+01
   endloop
 endfacet
 facet normal  0.000000e+00  0.000000e+00  1.000000e+00
   outer loop
     vertex  9.226497e+00  1.598076e+01  4.000000e+01
     vertex  2.761890e+00  1.064763e+01  4.000000e+01
     vertex  3.052958e+00  1.056785e+01  4.000000e+01
   endloop
 endfacet
 facet normal  0.000000e+00  0.000000e+00  1.000000e+00
   outer loop
     vertex  9.226497e+00  1.598076e+01  4.000000e+01
     vertex  2.468743e+00  1.071939e+01  4.000000e+01
     vertex  2.761890e+00  1.064763e+01  4.000000e+01
   endloop
 endfacet
 facet normal  0.000000e+00  0.000000e+00  1.000000e+00
   outer loop
     vertex  9.226497e+00  1.598076e+01  4.000000e+01
     vertex  2.173738e+00  1.078308e+01  4.000000e+01
     vertex  2.468743e+00  1.071939e+01  4.000000e+01
   endloop
 endfacet
 facet normal  0.000000e+00  0.000000e+00  1.000000e+00
   outer loop
     vertex  9.226497e+00  1.598076e+01  4.000000e+01
     vertex  1.877096e+00  1.083866e+01  4.000000e+01
     vertex  2.173738e+00  1.078308e+01  4.000000e+01
   endloop
 endfacet
 facet normal  0.000000e+00  0.000000e+00  1.000000e+00
   outer loop
     vertex  9.226497e+00  1.598076e+01  4.000000e+01
     vertex  1.579041e+00  1.088608e+01  4.000000e+01
     vertex  1.877096e+00  1.083866e+01  4.000000e+01
   endloop
 endfacet
 facet normal  0.000000e+00  0.000000e+00  1.000000e+00
   outer loop
     vertex  9.226497e+00  1.598076e+01  4.000000e+01
     vertex  1.279798e+00  1.092530e+01  4.000000e+01
     vertex  1.579041e+00  1.088608e+01  4.000000e+01
   endloop
 endfacet
 facet normal  0.000000e+00  0.000000e+00  1.000000e+00
   outer loop
     vertex  9.226497e+00  1.598076e+01  4.000000e+01
     vertex  9.795909e-01  1.095630e+01  4.000000e+01
     vertex  1.279798e+00  1.092530e+01  4.000000e+01
   endloop
 endfacet
 facet normal  0.000000e+00  0.000000e+00  1.000000e+00
   outer loop
     vertex  9.226497e+00  1.598076e+01  4.000000e+01
     vertex  6.786466e-01  1.097905e+01  4.000000e+01
     vertex  9.795909e-01  1.095630e+01  4.000000e+01
   endloop
 endfacet
 facet normal  0.000000e+00  0.000000e+00  1.000000e+00
   outer loop
     vertex  9.226497e+00  1.598076e+01  4.000000e+01
     vertex  3.771915e-01  1.099353e+01  4.000000e+01
     vertex  6.786466e-01  1.097905e+01  4.000000e+01
   endloop
 endfacet
 facet normal  0.000000e+00  0.000000e+00  1.000000e+00
   outer loop
     vertex  9.226497e+00  1.598076e+01  4.000000e+01
     vertex  7.545251e-02  1.099974e+01  4.000000e+01
     vertex  3.771915e-01  1.099353e+01  4.000000e+01
   endloop
 endfacet
 facet normal  0.000000e+00  0.000000e+00  1.000000e+00
   outer loop
     vertex  9.226497e+00  1.598076e+01  4.000000e+01
     vertex  9.538830e+00  5.478204e+00  4.000000e+01
     vertex  1.845299e+01 -7.549517e-15  4.000000e+01
   endloop
 endfacet
 facet normal  0.000000e+00  0.000000e+00  1.000000e+00
   outer loop
     vertex  9.226497e+00  1.598076e+01  4.000000e+01
     vertex -9.226497e+00  1.598076e+01  4.000000e+01
     vertex  7.545251e-02  1.099974e+01  4.000000e+01
   endloop
 endfacet
 facet normal  8.373826e-17  7.071068e-01  7.071068e-01
   outer loop
     vertex -1.500000e+01  2.598076e+01  3.000000e+01
     vertex  9.226497e+00  1.598076e+01  4.000000e+01
     vertex  1.500000e+01  2.598076e+01  3.000000e+01
   endloop
 endfacet
 facet normal  1.361377e-16  7.071068e-01  7.071068e-01
   outer loop
     vertex -9.226497e+00  1.598076e+01  4.000000e+01
     vertex  9.226497e+00  1.598076e+01  4.000000e+01
     vertex -1.500000e+01  2.598076e+01  3.000000e+01
   endloop
 endfacet
 facet normal -8.660254e-01  5.000000e-01  0.000000e+00
   outer loop
     vertex -1.500000e+01  2.598076e+01  0.000000e+00
     vertex -3.000000e+01  7.105427e-15  3.000000e+01
     vertex -1.500000e+01  2.598076e+01  3.000000e+01
   endloop
 endfacet
 facet normal -8.660254e-01  5.000000e-01 -2.623075e-16
   outer loop
     vertex -3.000000e+01  3.673940e-15  0.000000e+00
     vertex -3.000000e+01  7.105427e-15  3.000000e+01
     vertex -1.500000e+01  2.598076e+01  0.000000e+00
   endloop
 endfacet
 facet normal -8.660254e-01 -5.000000e-01 -1.263187e-16
   outer loop
     vertex -1.500000e+01 -2.598076e+01  0.000000e+00
     vertex -3.000000e+01  7.105427e-15  3.000000e+01
     vertex -3.000000e+01  3.673940e-15  0.000000e+00
   endloop
 endfacet
 facet normal -8.660254e-01 -5.000000e-01  2.051160e-16
   outer loop
     vertex -1.500000e+01 -2.598076e+01  0.000000e+00
     vertex -1.500000e+01 -2.598076e+01  3.000000e+01
     vertex -3.000000e+01  7.105427e-15  3.000000e+01
   endloop
 endfacet
 facet normal  0.000000e+00 -7.071068e-01  7.071068e-01
   outer loop
     vertex  1.500000e+01 -2.598076e+01  3.000000e+01
     vertex -9.226497e+00 -1.598076e+01  4.000000e+01
     vertex -1.500000e+01 -2.598076e+01  3.000000e+01
   endloop
 endfacet
 facet normal  0.000000e+00 -7.071068e-01  7.071068e-01
   outer loop
     vertex  9.226497e+00 -1.598076e+01  4.000000e+01
     vertex -9.226497e+00 -1.598076e+01  4.000000e+01
     vertex  1.500000e+01 -2.598076e+01  3.000000e+01
   endloop
 endfacet
 facet normal -6.123724e-01  3.535534e-01  7.071068e-01
   outer loop
     vertex -1.845299e+01  1.421085e-14  4.000000e+01
     vertex -9.226497e+00  1.598076e+01  4.000000e+01
     vertex -1.500000e+01  2.598076e+01  3.000000e+01
   endloop
 endfacet
 facet normal -6.123724e-01  3.535534e-01  7.071068e-01
   outer loop
     vertex -1.845299e+01  1.421085e-14  4.000000e+01
     vertex -1.500000e+01  2.598076e+01  3.000000e+01
     vertex -3.000000e+01  7.105427e-15  3.000000e+01
   endloop
 endfacet
 facet normal -6.123724e-01 -3.535534e-01  7.071068e-01
   outer loop
     vertex -9.226497e+00 -1.598076e+01  4.000000e+01
     vertex -1.845299e+01  1.421085e-14  4.000000e+01
     vertex -3.000000e+01  7.105427e-15  3.000000e+01
   endloop
 endfacet
 facet normal -6.123724e-01 -3.535534e-01  7.071068e-01
   outer loop
     vertex -9.226497e+00 -1.598076e+01  4.000000e+01
     vertex -3.000000e+01  7.105427e-15  3.000000e+01
     vertex -1.500000e+01 -2.598076e+01  3.000000e+01
   endloop
 endfacet
 facet normal -9.999059e-01 -1.371831e-02  0.000000e+00
   outer loop
     vertex  1.099586e+01  3.017745e-01  4.000000e+01
     vertex  1.100000e+01 -2.694223e-15  1.500000e+01
     vertex  1.100000e+01 -2.694223e-15  4.000000e+01
   endloop
 endfacet
 facet normal -9.999059e-01 -1.371831e-02 -0.000000e+00
   outer loop
     vertex  1.099586e+01  3.017745e-01  4.000000e+01
     vertex  1.099586e+01  3.017745e-01  1.500000e+01
     vertex  1.100000e+01 -2.694223e-15  1.500000e+01
   endloop
 endfacet
 facet normal -9.991532e-01 -4.114462e-02 -0.000000e+00
   outer loop
     vertex  1.098344e+01  6.033219e-01  4.000000e+01
     vertex  1.098344e+01  6.033219e-01  1.500000e+01
     vertex  1.099586e+01  3.017745e-01  1.500000e+01
   endloop
 endfacet
 facet normal -9.991532e-01 -4.114462e-02  0.000000e+00
   outer loop
     vertex  1.098344e+01  6.033219e-01  4.000000e+01
     vertex  1.099586e+01  3.017745e-01  1.500000e+01
     vertex  1.099586e+01  3.017745e-01  4.000000e+01
   endloop
 endfacet
 facet normal -9.976484e-01 -6.853995e-02 -0.000000e+00
   outer loop
     vertex  1.096276e+01  9.044151e-01  4.000000e+01
     vertex  1.096276e+01  9.044151e-01  1.500000e+01
     vertex  1.098344e+01  6.033219e-01  1.500000e+01
   endloop
 endfacet
 facet normal -9.953925e-01 -9.588368e-02 -0.000000e+00
   outer loop
     vertex  1.096276e+01  9.044151e-01  4.000000e+01
     vertex  1.093382e+01  1.204827e+00  1.500000e+01
     vertex  1.096276e+01  9.044151e-01  1.500000e+01
   endloop
 endfacet
 facet normal -9.976484e-01 -6.853995e-02  0.000000e+00
   outer loop
     vertex  1.096276e+01  9.044151e-01  4.000000e+01
     vertex  1.098344e+01  6.033219e-01  1.500000e+01
     vertex  1.098344e+01  6.033219e-01  4.000000e+01
   endloop
 endfacet
 facet normal -9.953925e-01 -9.588368e-02 -0.000000e+00
   outer loop
     vertex  1.093382e+01  1.204827e+00  4.000000e+01
     vertex  1.093382e+01  1.204827e+00  1.500000e+01
     vertex  1.096276e+01  9.044151e-01  4.000000e+01
   endloop
 endfacet
 facet normal -9.923874e-01 -1.231552e-01 -0.000000e+00
   outer loop
     vertex  1.089665e+01  1.504333e+00  4.000000e+01
     vertex  1.089665e+01  1.504333e+00  1.500000e+01
     vertex  1.093382e+01  1.204827e+00  1.500000e+01
   endloop
 endfacet
 facet normal -9.923874e-01 -1.231552e-01  0.000000e+00
   outer loop
     vertex  1.089665e+01  1.504333e+00  4.000000e+01
     vertex  1.093382e+01  1.204827e+00  1.500000e+01
     vertex  1.093382e+01  1.204827e+00  4.000000e+01
   endloop
 endfacet
 facet normal -9.886353e-01 -1.503341e-01 -0.000000e+00
   outer loop
     vertex  1.085128e+01  1.802706e+00  4.000000e+01
     vertex  1.085128e+01  1.802706e+00  1.500000e+01
     vertex  1.089665e+01  1.504333e+00  1.500000e+01
   endloop
 endfacet
 facet normal -9.886353e-01 -1.503341e-01  0.000000e+00
   outer loop
     vertex  1.085128e+01  1.802706e+00  4.000000e+01
     vertex  1.089665e+01  1.504333e+00  1.500000e+01
     vertex  1.089665e+01  1.504333e+00  4.000000e+01
   endloop
 endfacet
 facet normal -9.841389e-01 -1.773998e-01 -0.000000e+00
   outer loop
     vertex  1.079774e+01  2.099722e+00  4.000000e+01
     vertex  1.079774e+01  2.099722e+00  1.500000e+01
     vertex  1.085128e+01  1.802706e+00  1.500000e+01
   endloop
 endfacet
 facet normal -9.789017e-01 -2.043319e-01 -0.000000e+00
   outer loop
     vertex  1.079774e+01  2.099722e+00  4.000000e+01
     vertex  1.073607e+01  2.395157e+00  1.500000e+01
     vertex  1.079774e+01  2.099722e+00  1.500000e+01
   endloop
 endfacet
 facet normal -9.841389e-01 -1.773998e-01  0.000000e+00
   outer loop
     vertex  1.079774e+01  2.099722e+00  4.000000e+01
     vertex  1.085128e+01  1.802706e+00  1.500000e+01
     vertex  1.085128e+01  1.802706e+00  4.000000e+01
   endloop
 endfacet
 facet normal -9.789017e-01 -2.043319e-01 -0.000000e+00
   outer loop
     vertex  1.073607e+01  2.395157e+00  4.000000e+01
     vertex  1.073607e+01  2.395157e+00  1.500000e+01
     vertex  1.079774e+01  2.099722e+00  4.000000e+01
   endloop
 endfacet
 facet normal -9.729276e-01 -2.311102e-01 -0.000000e+00
   outer loop
     vertex  1.066632e+01  2.688790e+00  4.000000e+01
     vertex  1.066632e+01  2.688790e+00  1.500000e+01
     vertex  1.073607e+01  2.395157e+00  1.500000e+01
   endloop
 endfacet
 facet normal -9.662211e-01 -2.577146e-01 -0.000000e+00
   outer loop
     vertex  1.066632e+01  2.688790e+00  4.000000e+01
     vertex  1.058854e+01  2.980398e+00  1.500000e+01
     vertex  1.066632e+01  2.688790e+00  1.500000e+01
   endloop
 endfacet
 facet normal -9.729276e-01 -2.311102e-01  0.000000e+00
   outer loop
     vertex  1.066632e+01  2.688790e+00  4.000000e+01
     vertex  1.073607e+01  2.395157e+00  1.500000e+01
     vertex  1.073607e+01  2.395157e+00  4.000000e+01
   endloop
 endfacet
 facet normal -9.662211e-01 -2.577146e-01 -0.000000e+00
   outer loop
     vertex  1.058854e+01  2.980398e+00  4.000000e+01
     vertex  1.058854e+01  2.980398e+00  1.500000e+01
     vertex  1.066632e+01  2.688790e+00  4.000000e+01
   endloop
 endfacet
 facet normal -9.587873e-01 -2.841250e-01 -0.000000e+00
   outer loop
     vertex  1.058854e+01  2.980398e+00  4.000000e+01
     vertex  1.050279e+01  3.269763e+00  1.500000e+01
     vertex  1.058854e+01  2.980398e+00  1.500000e+01
   endloop
 endfacet
 facet normal -9.587873e-01 -2.841250e-01 -0.000000e+00
   outer loop
     vertex  1.050279e+01  3.269763e+00  4.000000e+01
     vertex  1.050279e+01  3.269763e+00  1.500000e+01
     vertex  1.058854e+01  2.980398e+00  4.000000e+01
   endloop
 endfacet
 facet normal -9.506317e-01 -3.103214e-01  0.000000e+00
   outer loop
     vertex  1.040914e+01  3.556666e+00  4.000000e+01
     vertex  1.050279e+01  3.269763e+00  1.500000e+01
     vertex  1.050279e+01  3.269763e+00  4.000000e+01
   endloop
 endfacet
 facet normal -9.506317e-01 -3.103214e-01 -0.000000e+00
   outer loop
     vertex  1.040914e+01  3.556666e+00  4.000000e+01
     vertex  1.040914e+01  3.556666e+00  1.500000e+01
     vertex  1.050279e+01  3.269763e+00  1.500000e+01
   endloop
 endfacet
 facet normal -9.417605e-01 -3.362843e-01 -0.000000e+00
   outer loop
     vertex  1.040914e+01  3.556666e+00  4.000000e+01
     vertex  1.030765e+01  3.840892e+00  1.500000e+01
     vertex  1.040914e+01  3.556666e+00  1.500000e+01
   endloop
 endfacet
 facet normal -9.417605e-01 -3.362843e-01 -0.000000e+00
   outer loop
     vertex  1.030765e+01  3.840892e+00  4.000000e+01
     vertex  1.030765e+01  3.840892e+00  1.500000e+01
     vertex  1.040914e+01  3.556666e+00  4.000000e+01
   endloop
 endfacet
 facet normal -9.321804e-01 -3.619940e-01  0.000000e+00
   outer loop
     vertex  1.019839e+01  4.122227e+00  4.000000e+01
     vertex  1.030765e+01  3.840892e+00  1.500000e+01
     vertex  1.030765e+01  3.840892e+00  4.000000e+01
   endloop
 endfacet
 facet normal -9.321804e-01 -3.619940e-01 -0.000000e+00
   outer loop
     vertex  1.019839e+01  4.122227e+00  4.000000e+01
     vertex  1.019839e+01  4.122227e+00  1.500000e+01
     vertex  1.030765e+01  3.840892e+00  1.500000e+01
   endloop
 endfacet
 facet normal -9.218986e-01 -3.874313e-01 -0.000000e+00
   outer loop
     vertex  1.019839e+01  4.122227e+00  4.000000e+01
     vertex  1.008147e+01  4.400459e+00  1.500000e+01
     vertex  1.019839e+01  4.122227e+00  1.500000e+01
   endloop
 endfacet
 facet normal -9.218986e-01 -3.874313e-01 -0.000000e+00
   outer loop
     vertex  1.008147e+01  4.400459e+00  4.000000e+01
     vertex  1.008147e+01  4.400459e+00  1.500000e+01
     vertex  1.019839e+01  4.122227e+00  4.000000e+01
   endloop
 endfacet
 facet normal -9.109228e-01 -4.125769e-01  0.000000e+00
   outer loop
     vertex  9.956949e+00  4.675378e+00  4.000000e+01
     vertex  1.008147e+01  4.400459e+00  1.500000e+01
     vertex  1.008147e+01  4.400459e+00  4.000000e+01
   endloop
 endfacet
 facet normal -9.109228e-01 -4.125769e-01 -0.000000e+00
   outer loop
     vertex  9.956949e+00  4.675378e+00  4.000000e+01
     vertex  9.956949e+00  4.675378e+00  1.500000e+01
     vertex  1.008147e+01  4.400459e+00  1.500000e+01
   endloop
 endfacet
 facet normal -8.992613e-01 -4.374119e-01 -0.000000e+00
   outer loop
     vertex  9.956949e+00  4.675378e+00  4.000000e+01
     vertex  9.824937e+00  4.946778e+00  1.500000e+01
     vertex  9.956949e+00  4.675378e+00  1.500000e+01
   endloop
 endfacet
 facet normal -8.992613e-01 -4.374119e-01 -0.000000e+00
   outer loop
     vertex  9.824937e+00  4.946778e+00  4.000000e+01
     vertex  9.824937e+00  4.946778e+00  1.500000e+01
     vertex  9.956949e+00  4.675378e+00  4.000000e+01
   endloop
 endfacet
 facet normal -8.869228e-01 -4.619176e-01  0.000000e+00
   outer loop
     vertex  9.685529e+00  5.214454e+00  4.000000e+01
     vertex  9.824937e+00  4.946778e+00  1.500000e+01
     vertex  9.824937e+00  4.946778e+00  4.000000e+01
   endloop
 endfacet
 facet normal -8.869228e-01 -4.619176e-01 -0.000000e+00
   outer loop
     vertex  9.685529e+00  5.214454e+00  4.000000e+01
     vertex  9.685529e+00  5.214454e+00  1.500000e+01
     vertex  9.824937e+00  4.946778e+00  1.500000e+01
   endloop
 endfacet
 facet normal -8.739167e-01 -4.860756e-01 -0.000000e+00
   outer loop
     vertex  9.685529e+00  5.214454e+00  4.000000e+01
     vertex  9.538830e+00  5.478204e+00  1.500000e+01
     vertex  9.685529e+00  5.214454e+00  1.500000e+01
   endloop
 endfacet
 facet normal -8.739167e-01 -4.860756e-01 -0.000000e+00
   outer loop
     vertex  9.538830e+00  5.478204e+00  4.000000e+01
     vertex  9.538830e+00  5.478204e+00  1.500000e+01
     vertex  9.685529e+00  5.214454e+00  4.000000e+01
   endloop
 endfacet
 facet normal -8.602528e-01 -5.098678e-01  0.000000e+00
   outer loop
     vertex  9.384950e+00  5.737831e+00  4.000000e+01
     vertex  9.538830e+00  5.478204e+00  1.500000e+01
     vertex  9.538830e+00  5.478204e+00  4.000000e+01
   endloop
 endfacet
 facet normal -8.602528e-01 -5.098678e-01 -0.000000e+00
   outer loop
     vertex  9.384950e+00  5.737831e+00  4.000000e+01
     vertex  9.384950e+00  5.737831e+00  1.500000e+01
     vertex  9.538830e+00  5.478204e+00  1.500000e+01
   endloop
 endfacet
 facet normal -8.459413e-01 -5.332761e-01  0.000000e+00
   outer loop
     vertex  9.224006e+00  5.993139e+00  4.000000e+01
     vertex  9.384950e+00  5.737831e+00  1.500000e+01
     vertex  9.384950e+00  5.737831e+00  4.000000e+01
   endloop
 endfacet
 facet normal -8.459413e-01 -5.332761e-01 -0.000000e+00
   outer loop
     vertex  9.224006e+00  5.993139e+00  4.000000e+01
     vertex  9.224006e+00  5.993139e+00  1.500000e+01
     vertex  9.384950e+00  5.737831e+00  1.500000e+01
   endloop
 endfacet
 facet normal -8.309929e-01 -5.562829e-01 -0.000000e+00
   outer loop
     vertex  9.056118e+00  6.243935e+00  4.000000e+01
     vertex  9.056118e+00  6.243935e+00  1.500000e+01
     vertex  9.224006e+00  5.993139e+00  1.500000e+01
   endloop
 endfacet
 facet normal -8.309929e-01 -5.562829e-01  0.000000e+00
   outer loop
     vertex  9.056118e+00  6.243935e+00  4.000000e+01
     vertex  9.224006e+00  5.993139e+00  1.500000e+01
     vertex  9.224006e+00  5.993139e+00  4.000000e+01
   endloop
 endfacet
 facet normal -8.154191e-01 -5.788711e-01 -0.000000e+00
   outer loop
     vertex  8.881413e+00  6.490031e+00  4.000000e+01
     vertex  8.881413e+00  6.490031e+00  1.500000e+01
     vertex  9.056118e+00  6.243935e+00  1.500000e+01
   endloop
 endfacet
 facet normal -8.154191e-01 -5.788711e-01  0.000000e+00
   outer loop
     vertex  8.881413e+00  6.490031e+00  4.000000e+01
     vertex  9.056118e+00  6.243935e+00  1.500000e+01
     vertex  9.056118e+00  6.243935e+00  4.000000e+01
   endloop
 endfacet
 facet normal -7.992314e-01 -6.010234e-01 -0.000000e+00
   outer loop
     vertex  8.700023e+00  6.731241e+00  4.000000e+01
     vertex  8.700023e+00  6.731241e+00  1.500000e+01
     vertex  8.881413e+00  6.490031e+00  1.500000e+01
   endloop
 endfacet
 facet normal -7.992314e-01 -6.010234e-01  0.000000e+00
   outer loop
     vertex  8.700023e+00  6.731241e+00  4.000000e+01
     vertex  8.881413e+00  6.490031e+00  1.500000e+01
     vertex  8.881413e+00  6.490031e+00  4.000000e+01
   endloop
 endfacet
 facet normal -7.824421e-01 -6.227234e-01 -0.000000e+00
   outer loop
     vertex  8.512083e+00  6.967384e+00  4.000000e+01
     vertex  8.512083e+00  6.967384e+00  1.500000e+01
     vertex  8.700023e+00  6.731241e+00  1.500000e+01
   endloop
 endfacet
 facet normal -7.824421e-01 -6.227234e-01  0.000000e+00
   outer loop
     vertex  8.512083e+00  6.967384e+00  4.000000e+01
     vertex  8.700023e+00  6.731241e+00  1.500000e+01
     vertex  8.700023e+00  6.731241e+00  4.000000e+01
   endloop
 endfacet
 facet normal -7.650637e-01 -6.439545e-01 -0.000000e+00
   outer loop
     vertex  8.317736e+00  7.198283e+00  4.000000e+01
     vertex  8.317736e+00  7.198283e+00  1.500000e+01
     vertex  8.512083e+00  6.967384e+00  1.500000e+01
   endloop
 endfacet
 facet normal -7.650637e-01 -6.439545e-01  0.000000e+00
   outer loop
     vertex  8.317736e+00  7.198283e+00  4.000000e+01
     vertex  8.512083e+00  6.967384e+00  1.500000e+01
     vertex  8.512083e+00  6.967384e+00  4.000000e+01
   endloop
 endfacet
 facet normal -7.471095e-01 -6.647010e-01 -0.000000e+00
   outer loop
     vertex  8.117127e+00  7.423763e+00  4.000000e+01
     vertex  8.117127e+00  7.423763e+00  1.500000e+01
     vertex  8.317736e+00  7.198283e+00  1.500000e+01
   endloop
 endfacet
 facet normal -7.471095e-01 -6.647010e-01  0.000000e+00
   outer loop
     vertex  8.117127e+00  7.423763e+00  4.000000e+01
     vertex  8.317736e+00  7.198283e+00  1.500000e+01
     vertex  8.317736e+00  7.198283e+00  4.000000e+01
   endloop
 endfacet
 facet normal -7.285929e-01 -6.849470e-01 -0.000000e+00
   outer loop
     vertex  7.910408e+00  7.643654e+00  4.000000e+01
     vertex  7.910408e+00  7.643654e+00  1.500000e+01
     vertex  8.117127e+00  7.423763e+00  1.500000e+01
   endloop
 endfacet
 facet normal -7.095278e-01 -7.046775e-01 -0.000000e+00
   outer loop
     vertex  7.910408e+00  7.643654e+00  4.000000e+01
     vertex  7.697734e+00  7.857792e+00  1.500000e+01
     vertex  7.910408e+00  7.643654e+00  1.500000e+01
   endloop
 endfacet
 facet normal -7.285929e-01 -6.849470e-01  0.000000e+00
   outer loop
     vertex  7.910408e+00  7.643654e+00  4.000000e+01
     vertex  8.117127e+00  7.423763e+00  1.500000e+01
     vertex  8.117127e+00  7.423763e+00  4.000000e+01
   endloop
 endfacet
 facet normal -7.095278e-01 -7.046775e-01 -0.000000e+00
   outer loop
     vertex  7.697734e+00  7.857792e+00  4.000000e+01
     vertex  7.697734e+00  7.857792e+00  1.500000e+01
     vertex  7.910408e+00  7.643654e+00  4.000000e+01
   endloop
 endfacet
 facet normal -6.899286e-01 -7.238775e-01 -0.000000e+00
   outer loop
     vertex  7.479266e+00  8.066014e+00  4.000000e+01
     vertex  7.479266e+00  8.066014e+00  1.500000e+01
     vertex  7.697734e+00  7.857792e+00  1.500000e+01
   endloop
 endfacet
 facet normal -6.899286e-01 -7.238775e-01  0.000000e+00
   outer loop
     vertex  7.479266e+00  8.066014e+00  4.000000e+01
     vertex  7.697734e+00  7.857792e+00  1.500000e+01
     vertex  7.697734e+00  7.857792e+00  4.000000e+01
   endloop
 endfacet
 facet normal -6.698100e-01 -7.425325e-01 -0.000000e+00
   outer loop
     vertex  7.255167e+00  8.268165e+00  4.000000e+01
     vertex  7.255167e+00  8.268165e+00  1.500000e+01
     vertex  7.479266e+00  8.066014e+00  1.500000e+01
   endloop
 endfacet
 facet normal -6.698100e-01 -7.425325e-01  0.000000e+00
   outer loop
     vertex  7.255167e+00  8.268165e+00  4.000000e+01
     vertex  7.479266e+00  8.066014e+00  1.500000e+01
     vertex  7.479266e+00  8.066014e+00  4.000000e+01
   endloop
 endfacet
 facet normal -6.491872e-01 -7.606287e-01 -0.000000e+00
   outer loop
     vertex  7.025607e+00  8.464091e+00  4.000000e+01
     vertex  7.025607e+00  8.464091e+00  1.500000e+01
     vertex  7.255167e+00  8.268165e+00  1.500000e+01
   endloop
 endfacet
 facet normal -6.491872e-01 -7.606287e-01  0.000000e+00
   outer loop
     vertex  7.025607e+00  8.464091e+00  4.000000e+01
     vertex  7.255167e+00  8.268165e+00  1.500000e+01
     vertex  7.255167e+00  8.268165e+00  4.000000e+01
   endloop
 endfacet
 facet normal -6.280757e-01 -7.781522e-01 -0.000000e+00
   outer loop
     vertex  6.790759e+00  8.653646e+00  4.000000e+01
     vertex  6.790759e+00  8.653646e+00  1.500000e+01
     vertex  7.025607e+00  8.464091e+00  1.500000e+01
   endloop
 endfacet
 facet normal -6.280757e-01 -7.781522e-01  0.000000e+00
   outer loop
     vertex  6.790759e+00  8.653646e+00  4.000000e+01
     vertex  7.025607e+00  8.464091e+00  1.500000e+01
     vertex  7.025607e+00  8.464091e+00  4.000000e+01
   endloop
 endfacet
 facet normal -6.064915e-01 -7.950900e-01 -0.000000e+00
   outer loop
     vertex  6.550798e+00  8.836687e+00  4.000000e+01
     vertex  6.550798e+00  8.836687e+00  1.500000e+01
     vertex  6.790759e+00  8.653646e+00  1.500000e+01
   endloop
 endfacet
 facet normal -6.064915e-01 -7.950900e-01  0.000000e+00
   outer loop
     vertex  6.550798e+00  8.836687e+00  4.000000e+01
     vertex  6.790759e+00  8.653646e+00  1.500000e+01
     vertex  6.790759e+00  8.653646e+00  4.000000e+01
   endloop
 endfacet
 facet normal -5.844507e-01 -8.114292e-01 -0.000000e+00
   outer loop
     vertex  6.305907e+00  9.013076e+00  4.000000e+01
     vertex  6.305907e+00  9.013076e+00  1.500000e+01
     vertex  6.550798e+00  8.836687e+00  1.500000e+01
   endloop
 endfacet
 facet normal -5.619699e-01 -8.271577e-01 -0.000000e+00
   outer loop
     vertex  6.305907e+00  9.013076e+00  4.000000e+01
     vertex  6.056268e+00  9.182680e+00  1.500000e+01
     vertex  6.305907e+00  9.013076e+00  1.500000e+01
   endloop
 endfacet
 facet normal -5.844507e-01 -8.114292e-01  0.000000e+00
   outer loop
     vertex  6.305907e+00  9.013076e+00  4.000000e+01
     vertex  6.550798e+00  8.836687e+00  1.500000e+01
     vertex  6.550798e+00  8.836687e+00  4.000000e+01
   endloop
 endfacet
 facet normal -5.619699e-01 -8.271577e-01 -0.000000e+00
   outer loop
     vertex  6.056268e+00  9.182680e+00  4.000000e+01
     vertex  6.056268e+00  9.182680e+00  1.500000e+01
     vertex  6.305907e+00  9.013076e+00  4.000000e+01
   endloop
 endfacet
 facet normal -5.390661e-01 -8.422635e-01  0.000000e+00
   outer loop
     vertex  5.802070e+00  9.345372e+00  4.000000e+01
     vertex  6.056268e+00  9.182680e+00  1.500000e+01
     vertex  6.056268e+00  9.182680e+00  4.000000e+01
   endloop
 endfacet
 facet normal -5.390661e-01 -8.422635e-01 -0.000000e+00
   outer loop
     vertex  5.802070e+00  9.345372e+00  4.000000e+01
     vertex  5.802070e+00  9.345372e+00  1.500000e+01
     vertex  6.056268e+00  9.182680e+00  1.500000e+01
   endloop
 endfacet
 facet normal -5.157565e-01 -8.567352e-01  0.000000e+00
   outer loop
     vertex  5.543505e+00  9.501029e+00  4.000000e+01
     vertex  5.802070e+00  9.345372e+00  1.500000e+01
     vertex  5.802070e+00  9.345372e+00  4.000000e+01
   endloop
 endfacet
 facet normal -5.157565e-01 -8.567352e-01 -0.000000e+00
   outer loop
     vertex  5.543505e+00  9.501029e+00  4.000000e+01
     vertex  5.543505e+00  9.501029e+00  1.500000e+01
     vertex  5.802070e+00  9.345372e+00  1.500000e+01
   endloop
 endfacet
 facet normal -4.920587e-01 -8.705620e-01 -0.000000e+00
   outer loop
     vertex  5.543505e+00  9.501029e+00  4.000000e+01
     vertex  5.280767e+00  9.649534e+00  1.500000e+01
     vertex  5.543505e+00  9.501029e+00  1.500000e+01
   endloop
 endfacet
 facet normal -4.920587e-01 -8.705620e-01 -0.000000e+00
   outer loop
     vertex  5.280767e+00  9.649534e+00  4.000000e+01
     vertex  5.280767e+00  9.649534e+00  1.500000e+01
     vertex  5.543505e+00  9.501029e+00  4.000000e+01
   endloop
 endfacet
 facet normal -4.679904e-01 -8.837335e-01  0.000000e+00
   outer loop
     vertex  5.014054e+00  9.790775e+00  4.000000e+01
     vertex  5.280767e+00  9.649534e+00  1.500000e+01
     vertex  5.280767e+00  9.649534e+00  4.000000e+01
   endloop
 endfacet
 facet normal -4.679904e-01 -8.837335e-01 -0.000000e+00
   outer loop
     vertex  5.014054e+00  9.790775e+00  4.000000e+01
     vertex  5.014054e+00  9.790775e+00  1.500000e+01
     vertex  5.280767e+00  9.649534e+00  1.500000e+01
   endloop
 endfacet
 facet normal -4.435699e-01 -8.962398e-01  0.000000e+00
   outer loop
     vertex  4.743566e+00  9.924645e+00  4.000000e+01
     vertex  5.014054e+00  9.790775e+00  1.500000e+01
     vertex  5.014054e+00  9.790775e+00  4.000000e+01
   endloop
 endfacet
 facet normal -4.435699e-01 -8.962398e-01 -0.000000e+00
   outer loop
     vertex  4.743566e+00  9.924645e+00  4.000000e+01
     vertex  4.743566e+00  9.924645e+00  1.500000e+01
     vertex  5.014054e+00  9.790775e+00  1.500000e+01
   endloop
 endfacet
 facet normal -4.188155e-01 -9.080714e-01  0.000000e+00
   outer loop
     vertex  4.469507e+00  1.005104e+01  4.000000e+01
     vertex  4.743566e+00  9.924645e+00  1.500000e+01
     vertex  4.743566e+00  9.924645e+00  4.000000e+01
   endloop
 endfacet
 facet normal -4.188155e-01 -9.080714e-01 -0.000000e+00
   outer loop
     vertex  4.469507e+00  1.005104e+01  4.000000e+01
     vertex  4.469507e+00  1.005104e+01  1.500000e+01
     vertex  4.743566e+00  9.924645e+00  1.500000e+01
   endloop
 endfacet
 facet normal -3.937458e-01 -9.192194e-01 -0.000000e+00
   outer loop
     vertex  4.469507e+00  1.005104e+01  4.000000e+01
     vertex  4.192084e+00  1.016988e+01  1.500000e+01
     vertex  4.469507e+00  1.005104e+01  1.500000e+01
   endloop
 endfacet
 facet normal -3.937458e-01 -9.192194e-01 -0.000000e+00
   outer loop
     vertex  4.192084e+00  1.016988e+01  4.000000e+01
     vertex  4.192084e+00  1.016988e+01  1.500000e+01
     vertex  4.469507e+00  1.005104e+01  4.000000e+01
   endloop
 endfacet
 facet normal -3.683796e-01 -9.296754e-01  0.000000e+00
   outer loop
     vertex  3.911505e+00  1.028106e+01  4.000000e+01
     vertex  4.192084e+00  1.016988e+01  1.500000e+01
     vertex  4.192084e+00  1.016988e+01  4.000000e+01
   endloop
 endfacet
 facet normal -3.683796e-01 -9.296754e-01 -0.000000e+00
   outer loop
     vertex  3.911505e+00  1.028106e+01  4.000000e+01
     vertex  3.911505e+00  1.028106e+01  1.500000e+01
     vertex  4.192084e+00  1.016988e+01  1.500000e+01
   endloop
 endfacet
 facet normal -3.427362e-01 -9.394317e-01  0.000000e+00
   outer loop
     vertex  3.627982e+00  1.038450e+01  4.000000e+01
     vertex  3.911505e+00  1.028106e+01  1.500000e+01
     vertex  3.911505e+00  1.028106e+01  4.000000e+01
   endloop
 endfacet
 facet normal -3.427362e-01 -9.394317e-01 -0.000000e+00
   outer loop
     vertex  3.627982e+00  1.038450e+01  4.000000e+01
     vertex  3.627982e+00  1.038450e+01  1.500000e+01
     vertex  3.911505e+00  1.028106e+01  1.500000e+01
   endloop
 endfacet
 facet normal -3.168348e-01 -9.484807e-01  0.000000e+00
   outer loop
     vertex  3.341728e+00  1.048012e+01  4.000000e+01
     vertex  3.627982e+00  1.038450e+01  1.500000e+01
     vertex  3.627982e+00  1.038450e+01  4.000000e+01
   endloop
 endfacet
 facet normal -3.168348e-01 -9.484807e-01 -0.000000e+00
   outer loop
     vertex  3.341728e+00  1.048012e+01  4.000000e+01
     vertex  3.341728e+00  1.048012e+01  1.500000e+01
     vertex  3.627982e+00  1.038450e+01  1.500000e+01
   endloop
 endfacet
 facet normal -2.906949e-01 -9.568158e-01  0.000000e+00
   outer loop
     vertex  3.052958e+00  1.056785e+01  4.000000e+01
     vertex  3.341728e+00  1.048012e+01  1.500000e+01
     vertex  3.341728e+00  1.048012e+01  4.000000e+01
   endloop
 endfacet
 facet normal -2.906949e-01 -9.568158e-01 -0.000000e+00
   outer loop
     vertex  3.052958e+00  1.056785e+01  4.000000e+01
     vertex  3.052958e+00  1.056785e+01  1.500000e+01
     vertex  3.341728e+00  1.048012e+01  1.500000e+01
   endloop
 endfacet
 facet normal -2.643362e-01 -9.644306e-01  0.000000e+00
   outer loop
     vertex  2.761890e+00  1.064763e+01  4.000000e+01
     vertex  3.052958e+00  1.056785e+01  1.500000e+01
     vertex  3.052958e+00  1.056785e+01  4.000000e+01
   endloop
 endfacet
 facet normal -2.643362e-01 -9.644306e-01 -0.000000e+00
   outer loop
     vertex  2.761890e+00  1.064763e+01  4.000000e+01
     vertex  2.761890e+00  1.064763e+01  1.500000e+01
     vertex  3.052958e+00  1.056785e+01  1.500000e+01
   endloop
 endfacet
 facet normal -2.377784e-01 -9.713194e-01  0.000000e+00
   outer loop
     vertex  2.468743e+00  1.071939e+01  4.000000e+01
     vertex  2.761890e+00  1.064763e+01  1.500000e+01
     vertex  2.761890e+00  1.064763e+01  4.000000e+01
   endloop
 endfacet
 facet normal -2.377784e-01 -9.713194e-01 -0.000000e+00
   outer loop
     vertex  2.468743e+00  1.071939e+01  4.000000e+01
     vertex  2.468743e+00  1.071939e+01  1.500000e+01
     vertex  2.761890e+00  1.064763e+01  1.500000e+01
   endloop
 endfacet
 facet normal -2.110417e-01 -9.774771e-01 -0.000000e+00
   outer loop
     vertex  2.468743e+00  1.071939e+01  4.000000e+01
     vertex  2.173738e+00  1.078308e+01  1.500000e+01
     vertex  2.468743e+00  1.071939e+01  1.500000e+01
   endloop
 endfacet
 facet normal -2.110417e-01 -9.774771e-01 -0.000000e+00
   outer loop
     vertex  2.173738e+00  1.078308e+01  4.000000e+01
     vertex  2.173738e+00  1.078308e+01  1.500000e+01
     vertex  2.468743e+00  1.071939e+01  4.000000e+01
   endloop
 endfacet
 facet normal -1.841461e-01 -9.828989e-01  0.000000e+00
   outer loop
     vertex  1.877096e+00  1.083866e+01  4.000000e+01
     vertex  2.173738e+00  1.078308e+01  1.500000e+01
     vertex  2.173738e+00  1.078308e+01  4.000000e+01
   endloop
 endfacet
 facet normal -1.841461e-01 -9.828989e-01 -0.000000e+00
   outer loop
     vertex  1.877096e+00  1.083866e+01  4.000000e+01
     vertex  1.877096e+00  1.083866e+01  1.500000e+01
     vertex  2.173738e+00  1.078308e+01  1.500000e+01
   endloop
 endfacet
 facet normal -1.571119e-01 -9.875808e-01 -0.000000e+00
   outer loop
     vertex  1.877096e+00  1.083866e+01  4.000000e+01
     vertex  1.579041e+00  1.088608e+01  1.500000e+01
     vertex  1.877096e+00  1.083866e+01  1.500000e+01
   endloop
 endfacet
 facet normal -1.571119e-01 -9.875808e-01 -0.000000e+00
   outer loop
     vertex  1.579041e+00  1.088608e+01  4.000000e+01
     vertex  1.579041e+00  1.088608e+01  1.500000e+01
     vertex  1.877096e+00  1.083866e+01  4.000000e+01
   endloop
 endfacet
 facet normal -1.299594e-01 -9.915193e-01  0.000000e+00
   outer loop
     vertex  1.279798e+00  1.092530e+01  4.000000e+01
     vertex  1.579041e+00  1.088608e+01  1.500000e+01
     vertex  1.579041e+00  1.088608e+01  4.000000e+01
   endloop
 endfacet
 facet normal -1.299594e-01 -9.915193e-01 -0.000000e+00
   outer loop
     vertex  1.279798e+00  1.092530e+01  4.000000e+01
     vertex  1.279798e+00  1.092530e+01  1.500000e+01
     vertex  1.579041e+00  1.088608e+01  1.500000e+01
   endloop
 endfacet
 facet normal -1.027091e-01 -9.947114e-01  0.000000e+00
   outer loop
     vertex  9.795909e-01  1.095630e+01  4.000000e+01
     vertex  1.279798e+00  1.092530e+01  1.500000e+01
     vertex  1.279798e+00  1.092530e+01  4.000000e+01
   endloop
 endfacet
 facet normal -1.027091e-01 -9.947114e-01 -0.000000e+00
   outer loop
     vertex  9.795909e-01  1.095630e+01  4.000000e+01
     vertex  9.795909e-01  1.095630e+01  1.500000e+01
     vertex  1.279798e+00  1.092530e+01  1.500000e+01
   endloop
 endfacet
 facet normal -7.538152e-02 -9.971548e-01  0.000000e+00
   outer loop
     vertex  6.786466e-01  1.097905e+01  4.000000e+01
     vertex  9.795909e-01  1.095630e+01  1.500000e+01
     vertex  9.795909e-01  1.095630e+01  4.000000e+01
   endloop
 endfacet
 facet normal -7.538152e-02 -9.971548e-01 -0.000000e+00
   outer loop
     vertex  6.786466e-01  1.097905e+01  4.000000e+01
     vertex  6.786466e-01  1.097905e+01  1.500000e+01
     vertex  9.795909e-01  1.095630e+01  1.500000e+01
   endloop
 endfacet
 facet normal -4.799716e-02 -9.988475e-01  0.000000e+00
   outer loop
     vertex  3.771915e-01  1.099353e+01  4.000000e+01
     vertex  6.786466e-01  1.097905e+01  1.500000e+01
     vertex  6.786466e-01  1.097905e+01  4.000000e+01
   endloop
 endfacet
 facet normal -4.799716e-02 -9.988475e-01 -0.000000e+00
   outer loop
     vertex  3.771915e-01  1.099353e+01  4.000000e+01
     vertex  3.771915e-01  1.099353e+01  1.500000e+01
     vertex  6.786466e-01  1.097905e+01  1.500000e+01
   endloop
 endfacet
 facet normal -2.057667e-02 -9.997883e-01 -0.000000e+00
   outer loop
     vertex  7.545251e-02  1.099974e+01  4.000000e+01
     vertex  7.545251e-02  1.099974e+01  1.500000e+01
     vertex  3.771915e-01  1.099353e+01  1.500000e+01
   endloop
 endfacet
 facet normal -2.057667e-02 -9.997883e-01  0.000000e+00
   outer loop
     vertex  7.545251e-02  1.099974e+01  4.000000e+01
     vertex  3.771915e-01  1.099353e+01  1.500000e+01
     vertex  3.771915e-01  1.099353e+01  4.000000e+01
   endloop
 endfacet
 facet normal  6.859319e-03 -9.999765e-01  0.000000e+00
   outer loop
     vertex -2.263433e-01  1.099767e+01  4.000000e+01
     vertex -2.263433e-01  1.099767e+01  1.500000e+01
     vertex  7.545251e-02  1.099974e+01  1.500000e+01
   endloop
 endfacet
 facet normal  6.859319e-03 -9.999765e-01  0.000000e+00
   outer loop
     vertex -2.263433e-01  1.099767e+01  4.000000e+01
     vertex  7.545251e-02  1.099974e+01  1.500000e+01
     vertex  7.545251e-02  1.099974e+01  4.000000e+01
   endloop
 endfacet
 facet normal  3.429014e-02 -9.994119e-01  0.000000e+00
   outer loop
     vertex -5.279688e-01  1.098732e+01  4.000000e+01
     vertex -5.279688e-01  1.098732e+01  1.500000e+01
     vertex -2.263433e-01  1.099767e+01  1.500000e+01
   endloop
 endfacet
 facet normal  3.429014e-02 -9.994119e-01  0.000000e+00
   outer loop
     vertex -5.279688e-01  1.098732e+01  4.000000e+01
     vertex -2.263433e-01  1.099767e+01  1.500000e+01
     vertex -2.263433e-01  1.099767e+01  4.000000e+01
   endloop
 endfacet
 facet normal  6.169515e-02 -9.980950e-01  0.000000e+00
   outer loop
     vertex -8.291968e-01  1.096870e+01  4.000000e+01
     vertex -8.291968e-01  1.096870e+01  1.500000e+01
     vertex -5.279688e-01  1.098732e+01  1.500000e+01
   endloop
 endfacet
 facet normal  6.169515e-02 -9.980950e-01  0.000000e+00
   outer loop
     vertex -8.291968e-01  1.096870e+01  4.000000e+01
     vertex -5.279688e-01  1.098732e+01  1.500000e+01
     vertex -5.279688e-01  1.098732e+01  4.000000e+01
   endloop
 endfacet
 facet normal  8.905371e-02 -9.960268e-01  0.000000e+00
   outer loop
     vertex -1.129801e+00  1.094183e+01  4.000000e+01
     vertex -8.291968e-01  1.096870e+01  1.500000e+01
     vertex -8.291968e-01  1.096870e+01  4.000000e+01
   endloop
 endfacet
 facet normal  8.905371e-02 -9.960268e-01  0.000000e+00
   outer loop
     vertex -1.129801e+00  1.094183e+01  4.000000e+01
     vertex -1.129801e+00  1.094183e+01  1.500000e+01
     vertex -8.291968e-01  1.096870e+01  1.500000e+01
   endloop
 endfacet
 facet normal  1.163452e-01 -9.932088e-01  0.000000e+00
   outer loop
     vertex -1.429554e+00  1.090671e+01  4.000000e+01
     vertex -1.129801e+00  1.094183e+01  1.500000e+01
     vertex -1.129801e+00  1.094183e+01  4.000000e+01
   endloop
 endfacet
 facet normal  1.163452e-01 -9.932088e-01  0.000000e+00
   outer loop
     vertex -1.429554e+00  1.090671e+01  4.000000e+01
     vertex -1.429554e+00  1.090671e+01  1.500000e+01
     vertex -1.129801e+00  1.094183e+01  1.500000e+01
   endloop
 endfacet
 facet normal  1.435492e-01 -9.896432e-01  0.000000e+00
   outer loop
     vertex -1.728231e+00  1.086339e+01  4.000000e+01
     vertex -1.429554e+00  1.090671e+01  1.500000e+01
     vertex -1.429554e+00  1.090671e+01  4.000000e+01
   endloop
 endfacet
 facet normal  1.435492e-01 -9.896432e-01  0.000000e+00
   outer loop
     vertex -1.728231e+00  1.086339e+01  4.000000e+01
     vertex -1.728231e+00  1.086339e+01  1.500000e+01
     vertex -1.429554e+00  1.090671e+01  1.500000e+01
   endloop
 endfacet
 facet normal  1.706451e-01 -9.853326e-01  0.000000e+00
   outer loop
     vertex -2.025607e+00  1.081189e+01  4.000000e+01
     vertex -1.728231e+00  1.086339e+01  1.500000e+01
     vertex -1.728231e+00  1.086339e+01  4.000000e+01
   endloop
 endfacet
 facet normal  1.706451e-01 -9.853326e-01  0.000000e+00
   outer loop
     vertex -2.025607e+00  1.081189e+01  4.000000e+01
     vertex -2.025607e+00  1.081189e+01  1.500000e+01
     vertex -1.728231e+00  1.086339e+01  1.500000e+01
   endloop
 endfacet
 facet normal  1.976125e-01 -9.802802e-01  0.000000e+00
   outer loop
     vertex -2.321459e+00  1.075225e+01  4.000000e+01
     vertex -2.025607e+00  1.081189e+01  1.500000e+01
     vertex -2.025607e+00  1.081189e+01  4.000000e+01
   endloop
 endfacet
 facet normal  1.976125e-01 -9.802802e-01  0.000000e+00
   outer loop
     vertex -2.321459e+00  1.075225e+01  4.000000e+01
     vertex -2.321459e+00  1.075225e+01  1.500000e+01
     vertex -2.025607e+00  1.081189e+01  1.500000e+01
   endloop
 endfacet
 facet normal  2.244312e-01 -9.744899e-01  0.000000e+00
   outer loop
     vertex -2.615563e+00  1.068451e+01  4.000000e+01
     vertex -2.321459e+00  1.075225e+01  1.500000e+01
     vertex -2.321459e+00  1.075225e+01  4.000000e+01
   endloop
 endfacet
 facet normal  2.244312e-01 -9.744899e-01  0.000000e+00
   outer loop
     vertex -2.615563e+00  1.068451e+01  4.000000e+01
     vertex -2.615563e+00  1.068451e+01  1.500000e+01
     vertex -2.321459e+00  1.075225e+01  1.500000e+01
   endloop
 endfacet
 facet normal  2.510809e-01 -9.679661e-01  0.000000e+00
   outer loop
     vertex -2.907698e+00  1.060874e+01  4.000000e+01
     vertex -2.615563e+00  1.068451e+01  1.500000e+01
     vertex -2.615563e+00  1.068451e+01  4.000000e+01
   endloop
 endfacet
 facet normal  2.510809e-01 -9.679661e-01  0.000000e+00
   outer loop
     vertex -2.907698e+00  1.060874e+01  4.000000e+01
     vertex -2.907698e+00  1.060874e+01  1.500000e+01
     vertex -2.615563e+00  1.068451e+01  1.500000e+01
   endloop
 endfacet
 facet normal  2.775416e-01 -9.607136e-01  0.000000e+00
   outer loop
     vertex -3.197644e+00  1.052497e+01  4.000000e+01
     vertex -2.907698e+00  1.060874e+01  1.500000e+01
     vertex -2.907698e+00  1.060874e+01  4.000000e+01
   endloop
 endfacet
 facet normal  2.775416e-01 -9.607136e-01  0.000000e+00
   outer loop
     vertex -3.197644e+00  1.052497e+01  4.000000e+01
     vertex -3.197644e+00  1.052497e+01  1.500000e+01
     vertex -2.907698e+00  1.060874e+01  1.500000e+01
   endloop
 endfacet
 facet normal  3.037934e-01 -9.527379e-01  0.000000e+00
   outer loop
     vertex -3.485183e+00  1.043329e+01  4.000000e+01
     vertex -3.197644e+00  1.052497e+01  1.500000e+01
     vertex -3.197644e+00  1.052497e+01  4.000000e+01
   endloop
 endfacet
 facet normal  3.037934e-01 -9.527379e-01  0.000000e+00
   outer loop
     vertex -3.485183e+00  1.043329e+01  4.000000e+01
     vertex -3.485183e+00  1.043329e+01  1.500000e+01
     vertex -3.197644e+00  1.052497e+01  1.500000e+01
   endloop
 endfacet
 facet normal  3.298166e-01 -9.440450e-01  0.000000e+00
   outer loop
     vertex -3.485183e+00  1.043329e+01  4.000000e+01
     vertex -3.770099e+00  1.033375e+01  1.500000e+01
     vertex -3.485183e+00  1.043329e+01  1.500000e+01
   endloop
 endfacet
 facet normal  3.298166e-01 -9.440450e-01  0.000000e+00
   outer loop
     vertex -3.770099e+00  1.033375e+01  4.000000e+01
     vertex -3.770099e+00  1.033375e+01  1.500000e+01
     vertex -3.485183e+00  1.043329e+01  4.000000e+01
   endloop
 endfacet
 facet normal  3.555914e-01 -9.346415e-01  0.000000e+00
   outer loop
     vertex -4.052176e+00  1.022643e+01  4.000000e+01
     vertex -3.770099e+00  1.033375e+01  1.500000e+01
     vertex -3.770099e+00  1.033375e+01  4.000000e+01
   endloop
 endfacet
 facet normal  3.555914e-01 -9.346415e-01  0.000000e+00
   outer loop
     vertex -4.052176e+00  1.022643e+01  4.000000e+01
     vertex -4.052176e+00  1.022643e+01  1.500000e+01
     vertex -3.770099e+00  1.033375e+01  1.500000e+01
   endloop
 endfacet
 facet normal  3.810986e-01 -9.245344e-01  0.000000e+00
   outer loop
     vertex -4.331203e+00  1.011141e+01  4.000000e+01
     vertex -4.052176e+00  1.022643e+01  1.500000e+01
     vertex -4.052176e+00  1.022643e+01  4.000000e+01
   endloop
 endfacet
 facet normal  3.810986e-01 -9.245344e-01  0.000000e+00
   outer loop
     vertex -4.331203e+00  1.011141e+01  4.000000e+01
     vertex -4.331203e+00  1.011141e+01  1.500000e+01
     vertex -4.052176e+00  1.022643e+01  1.500000e+01
   endloop
 endfacet
 facet normal  4.063188e-01 -9.137314e-01  0.000000e+00
   outer loop
     vertex -4.606970e+00  9.988785e+00  4.000000e+01
     vertex -4.606970e+00  9.988785e+00  1.500000e+01
     vertex -4.331203e+00  1.011141e+01  1.500000e+01
   endloop
 endfacet
 facet normal  4.063188e-01 -9.137314e-01  0.000000e+00
   outer loop
     vertex -4.606970e+00  9.988785e+00  4.000000e+01
     vertex -4.331203e+00  1.011141e+01  1.500000e+01
     vertex -4.331203e+00  1.011141e+01  4.000000e+01
   endloop
 endfacet
 facet normal  4.312333e-01 -9.022405e-01  0.000000e+00
   outer loop
     vertex -4.879269e+00  9.858638e+00  4.000000e+01
     vertex -4.879269e+00  9.858638e+00  1.500000e+01
     vertex -4.606970e+00  9.988785e+00  1.500000e+01
   endloop
 endfacet
 facet normal  4.312333e-01 -9.022405e-01  0.000000e+00
   outer loop
     vertex -4.879269e+00  9.858638e+00  4.000000e+01
     vertex -4.606970e+00  9.988785e+00  1.500000e+01
     vertex -4.606970e+00  9.988785e+00  4.000000e+01
   endloop
 endfacet
 facet normal  4.558231e-01 -8.900704e-01  0.000000e+00
   outer loop
     vertex -5.147895e+00  9.721069e+00  4.000000e+01
     vertex -5.147895e+00  9.721069e+00  1.500000e+01
     vertex -4.879269e+00  9.858638e+00  1.500000e+01
   endloop
 endfacet
 facet normal  4.558231e-01 -8.900704e-01  0.000000e+00
   outer loop
     vertex -5.147895e+00  9.721069e+00  4.000000e+01
     vertex -4.879269e+00  9.858638e+00  1.500000e+01
     vertex -4.879269e+00  9.858638e+00  4.000000e+01
   endloop
 endfacet
 facet normal  4.800697e-01 -8.772303e-01  0.000000e+00
   outer loop
     vertex -5.412645e+00  9.576182e+00  4.000000e+01
     vertex -5.412645e+00  9.576182e+00  1.500000e+01
     vertex -5.147895e+00  9.721069e+00  1.500000e+01
   endloop
 endfacet
 facet normal  4.800697e-01 -8.772303e-01  0.000000e+00
   outer loop
     vertex -5.412645e+00  9.576182e+00  4.000000e+01
     vertex -5.147895e+00  9.721069e+00  1.500000e+01
     vertex -5.147895e+00  9.721069e+00  4.000000e+01
   endloop
 endfacet
 facet normal  5.039550e-01 -8.637299e-01  0.000000e+00
   outer loop
     vertex -5.673322e+00  9.424087e+00  4.000000e+01
     vertex -5.673322e+00  9.424087e+00  1.500000e+01
     vertex -5.412645e+00  9.576182e+00  1.500000e+01
   endloop
 endfacet
 facet normal  5.039550e-01 -8.637299e-01  0.000000e+00
   outer loop
     vertex -5.673322e+00  9.424087e+00  4.000000e+01
     vertex -5.412645e+00  9.576182e+00  1.500000e+01
     vertex -5.412645e+00  9.576182e+00  4.000000e+01
   endloop
 endfacet
 facet normal  5.274609e-01 -8.495793e-01  0.000000e+00
   outer loop
     vertex -5.929727e+00  9.264898e+00  4.000000e+01
     vertex -5.929727e+00  9.264898e+00  1.500000e+01
     vertex -5.673322e+00  9.424087e+00  1.500000e+01
   endloop
 endfacet
 facet normal  5.274609e-01 -8.495793e-01  0.000000e+00
   outer loop
     vertex -5.929727e+00  9.264898e+00  4.000000e+01
     vertex -5.673322e+00  9.424087e+00  1.500000e+01
     vertex -5.673322e+00  9.424087e+00  4.000000e+01
   endloop
 endfacet
 facet normal  5.505698e-01 -8.347891e-01  0.000000e+00
   outer loop
     vertex -6.181669e+00  9.098734e+00  4.000000e+01
     vertex -6.181669e+00  9.098734e+00  1.500000e+01
     vertex -5.929727e+00  9.264898e+00  1.500000e+01
   endloop
 endfacet
 facet normal  5.505698e-01 -8.347891e-01  0.000000e+00
   outer loop
     vertex -6.181669e+00  9.098734e+00  4.000000e+01
     vertex -5.929727e+00  9.264898e+00  1.500000e+01
     vertex -5.929727e+00  9.264898e+00  4.000000e+01
   endloop
 endfacet
 facet normal  5.732642e-01 -8.193706e-01  0.000000e+00
   outer loop
     vertex -6.428957e+00  8.925722e+00  4.000000e+01
     vertex -6.428957e+00  8.925722e+00  1.500000e+01
     vertex -6.181669e+00  9.098734e+00  1.500000e+01
   endloop
 endfacet
 facet normal  5.732642e-01 -8.193706e-01  0.000000e+00
   outer loop
     vertex -6.428957e+00  8.925722e+00  4.000000e+01
     vertex -6.181669e+00  9.098734e+00  1.500000e+01
     vertex -6.181669e+00  9.098734e+00  4.000000e+01
   endloop
 endfacet
 facet normal  5.955271e-01 -8.033352e-01  0.000000e+00
   outer loop
     vertex -6.671406e+00  8.745990e+00  4.000000e+01
     vertex -6.671406e+00  8.745990e+00  1.500000e+01
     vertex -6.428957e+00  8.925722e+00  1.500000e+01
   endloop
 endfacet
 facet normal  5.955271e-01 -8.033352e-01  0.000000e+00
   outer loop
     vertex -6.671406e+00  8.745990e+00  4.000000e+01
     vertex -6.428957e+00  8.925722e+00  1.500000e+01
     vertex -6.428957e+00  8.925722e+00  4.000000e+01
   endloop
 endfacet
 facet normal  6.173417e-01 -7.866951e-01  0.000000e+00
   outer loop
     vertex -6.908833e+00  8.559674e+00  4.000000e+01
     vertex -6.908833e+00  8.559674e+00  1.500000e+01
     vertex -6.671406e+00  8.745990e+00  1.500000e+01
   endloop
 endfacet
 facet normal  6.173417e-01 -7.866951e-01  0.000000e+00
   outer loop
     vertex -6.908833e+00  8.559674e+00  4.000000e+01
     vertex -6.671406e+00  8.745990e+00  1.500000e+01
     vertex -6.671406e+00  8.745990e+00  4.000000e+01
   endloop
 endfacet
 facet normal  6.386916e-01 -7.694628e-01  0.000000e+00
   outer loop
     vertex -7.141059e+00  8.366915e+00  4.000000e+01
     vertex -7.141059e+00  8.366915e+00  1.500000e+01
     vertex -6.908833e+00  8.559674e+00  1.500000e+01
   endloop
 endfacet
 facet normal  6.386916e-01 -7.694628e-01  0.000000e+00
   outer loop
     vertex -7.141059e+00  8.366915e+00  4.000000e+01
     vertex -6.908833e+00  8.559674e+00  1.500000e+01
     vertex -6.908833e+00  8.559674e+00  4.000000e+01
   endloop
 endfacet
 facet normal  6.595607e-01 -7.516513e-01  0.000000e+00
   outer loop
     vertex -7.367910e+00  8.167858e+00  4.000000e+01
     vertex -7.367910e+00  8.167858e+00  1.500000e+01
     vertex -7.141059e+00  8.366915e+00  1.500000e+01
   endloop
 endfacet
 facet normal  6.595607e-01 -7.516513e-01  0.000000e+00
   outer loop
     vertex -7.367910e+00  8.167858e+00  4.000000e+01
     vertex -7.141059e+00  8.366915e+00  1.500000e+01
     vertex -7.141059e+00  8.366915e+00  4.000000e+01
   endloop
 endfacet
 facet normal  6.799333e-01 -7.332740e-01  0.000000e+00
   outer loop
     vertex -7.589214e+00  7.962652e+00  4.000000e+01
     vertex -7.589214e+00  7.962652e+00  1.500000e+01
     vertex -7.367910e+00  8.167858e+00  1.500000e+01
   endloop
 endfacet
 facet normal  6.799333e-01 -7.332740e-01  0.000000e+00
   outer loop
     vertex -7.589214e+00  7.962652e+00  4.000000e+01
     vertex -7.367910e+00  8.167858e+00  1.500000e+01
     vertex -7.367910e+00  8.167858e+00  4.000000e+01
   endloop
 endfacet
 facet normal  6.997940e-01 -7.143447e-01  0.000000e+00
   outer loop
     vertex -7.804805e+00  7.751452e+00  4.000000e+01
     vertex -7.804805e+00  7.751452e+00  1.500000e+01
     vertex -7.589214e+00  7.962652e+00  1.500000e+01
   endloop
 endfacet
 facet normal  6.997940e-01 -7.143447e-01  0.000000e+00
   outer loop
     vertex -7.804805e+00  7.751452e+00  4.000000e+01
     vertex -7.589214e+00  7.962652e+00  1.500000e+01
     vertex -7.589214e+00  7.962652e+00  4.000000e+01
   endloop
 endfacet
 facet normal  7.191280e-01 -6.948776e-01  0.000000e+00
   outer loop
     vertex -8.014522e+00  7.534417e+00  4.000000e+01
     vertex -7.804805e+00  7.751452e+00  1.500000e+01
     vertex -7.804805e+00  7.751452e+00  4.000000e+01
   endloop
 endfacet
 facet normal  7.191280e-01 -6.948776e-01  0.000000e+00
   outer loop
     vertex -8.014522e+00  7.534417e+00  4.000000e+01
     vertex -8.014522e+00  7.534417e+00  1.500000e+01
     vertex -7.804805e+00  7.751452e+00  1.500000e+01
   endloop
 endfacet
 facet normal  7.379206e-01 -6.748875e-01  0.000000e+00
   outer loop
     vertex -8.218205e+00  7.311711e+00  4.000000e+01
     vertex -8.014522e+00  7.534417e+00  1.500000e+01
     vertex -8.014522e+00  7.534417e+00  4.000000e+01
   endloop
 endfacet
 facet normal  7.379206e-01 -6.748875e-01  0.000000e+00
   outer loop
     vertex -8.218205e+00  7.311711e+00  4.000000e+01
     vertex -8.218205e+00  7.311711e+00  1.500000e+01
     vertex -8.014522e+00  7.534417e+00  1.500000e+01
   endloop
 endfacet
 facet normal  7.561578e-01 -6.543893e-01  0.000000e+00
   outer loop
     vertex -8.415701e+00  7.083500e+00  4.000000e+01
     vertex -8.218205e+00  7.311711e+00  1.500000e+01
     vertex -8.218205e+00  7.311711e+00  4.000000e+01
   endloop
 endfacet
 facet normal  7.561578e-01 -6.543893e-01  0.000000e+00
   outer loop
     vertex -8.415701e+00  7.083500e+00  4.000000e+01
     vertex -8.415701e+00  7.083500e+00  1.500000e+01
     vertex -8.218205e+00  7.311711e+00  1.500000e+01
   endloop
 endfacet
 facet normal  7.738257e-01 -6.333986e-01  0.000000e+00
   outer loop
     vertex -8.606863e+00  6.849957e+00  4.000000e+01
     vertex -8.606863e+00  6.849957e+00  1.500000e+01
     vertex -8.415701e+00  7.083500e+00  1.500000e+01
   endloop
 endfacet
 facet normal  7.909112e-01 -6.119310e-01  0.000000e+00
   outer loop
     vertex -8.606863e+00  6.849957e+00  4.000000e+01
     vertex -8.791545e+00  6.611258e+00  1.500000e+01
     vertex -8.606863e+00  6.849957e+00  1.500000e+01
   endloop
 endfacet
 facet normal  7.738257e-01 -6.333986e-01  0.000000e+00
   outer loop
     vertex -8.606863e+00  6.849957e+00  4.000000e+01
     vertex -8.415701e+00  7.083500e+00  1.500000e+01
     vertex -8.415701e+00  7.083500e+00  4.000000e+01
   endloop
 endfacet
 facet normal  7.909112e-01 -6.119310e-01  0.000000e+00
   outer loop
     vertex -8.791545e+00  6.611258e+00  4.000000e+01
     vertex -8.791545e+00  6.611258e+00  1.500000e+01
     vertex -8.606863e+00  6.849957e+00  4.000000e+01
   endloop
 endfacet
 facet normal  8.074012e-01 -5.900028e-01  0.000000e+00
   outer loop
     vertex -8.969610e+00  6.367582e+00  4.000000e+01
     vertex -8.969610e+00  6.367582e+00  1.500000e+01
     vertex -8.791545e+00  6.611258e+00  1.500000e+01
   endloop
 endfacet
 facet normal  8.074012e-01 -5.900028e-01  0.000000e+00
   outer loop
     vertex -8.969610e+00  6.367582e+00  4.000000e+01
     vertex -8.791545e+00  6.611258e+00  1.500000e+01
     vertex -8.791545e+00  6.611258e+00  4.000000e+01
   endloop
 endfacet
 facet normal  8.232835e-01 -5.676304e-01  0.000000e+00
   outer loop
     vertex -9.140922e+00  6.119112e+00  4.000000e+01
     vertex -9.140922e+00  6.119112e+00  1.500000e+01
     vertex -8.969610e+00  6.367582e+00  1.500000e+01
   endloop
 endfacet
 facet normal  8.232835e-01 -5.676304e-01  0.000000e+00
   outer loop
     vertex -9.140922e+00  6.119112e+00  4.000000e+01
     vertex -8.969610e+00  6.367582e+00  1.500000e+01
     vertex -8.969610e+00  6.367582e+00  4.000000e+01
   endloop
 endfacet
 facet normal  8.385460e-01 -5.448308e-01  0.000000e+00
   outer loop
     vertex -9.305354e+00  5.866037e+00  4.000000e+01
     vertex -9.305354e+00  5.866037e+00  1.500000e+01
     vertex -9.140922e+00  6.119112e+00  1.500000e+01
   endloop
 endfacet
 facet normal  8.385460e-01 -5.448308e-01  0.000000e+00
   outer loop
     vertex -9.305354e+00  5.866037e+00  4.000000e+01
     vertex -9.140922e+00  6.119112e+00  1.500000e+01
     vertex -9.140922e+00  6.119112e+00  4.000000e+01
   endloop
 endfacet
 facet normal  8.531773e-01 -5.216210e-01  0.000000e+00
   outer loop
     vertex -9.462781e+00  5.608545e+00  4.000000e+01
     vertex -9.462781e+00  5.608545e+00  1.500000e+01
     vertex -9.305354e+00  5.866037e+00  1.500000e+01
   endloop
 endfacet
 facet normal  8.531773e-01 -5.216210e-01  0.000000e+00
   outer loop
     vertex -9.462781e+00  5.608545e+00  4.000000e+01
     vertex -9.305354e+00  5.866037e+00  1.500000e+01
     vertex -9.305354e+00  5.866037e+00  4.000000e+01
   endloop
 endfacet
 facet normal  8.671664e-01 -4.980186e-01  0.000000e+00
   outer loop
     vertex -9.613084e+00  5.346832e+00  4.000000e+01
     vertex -9.613084e+00  5.346832e+00  1.500000e+01
     vertex -9.462781e+00  5.608545e+00  1.500000e+01
   endloop
 endfacet
 facet normal  8.671664e-01 -4.980186e-01  0.000000e+00
   outer loop
     vertex -9.613084e+00  5.346832e+00  4.000000e+01
     vertex -9.462781e+00  5.608545e+00  1.500000e+01
     vertex -9.462781e+00  5.608545e+00  4.000000e+01
   endloop
 endfacet
 facet normal  8.805026e-01 -4.740412e-01  0.000000e+00
   outer loop
     vertex -9.756151e+00  5.081094e+00  4.000000e+01
     vertex -9.756151e+00  5.081094e+00  1.500000e+01
     vertex -9.613084e+00  5.346832e+00  1.500000e+01
   endloop
 endfacet
 facet normal  8.805026e-01 -4.740412e-01  0.000000e+00
   outer loop
     vertex -9.756151e+00  5.081094e+00  4.000000e+01
     vertex -9.613084e+00  5.346832e+00  1.500000e+01
     vertex -9.613084e+00  5.346832e+00  4.000000e+01
   endloop
 endfacet
 facet normal  8.931761e-01 -4.497071e-01  0.000000e+00
   outer loop
     vertex -9.891874e+00  4.811531e+00  4.000000e+01
     vertex -9.891874e+00  4.811531e+00  1.500000e+01
     vertex -9.756151e+00  5.081094e+00  1.500000e+01
   endloop
 endfacet
 facet normal  8.931761e-01 -4.497071e-01  0.000000e+00
   outer loop
     vertex -9.891874e+00  4.811531e+00  4.000000e+01
     vertex -9.756151e+00  5.081094e+00  1.500000e+01
     vertex -9.756151e+00  5.081094e+00  4.000000e+01
   endloop
 endfacet
 facet normal  9.051772e-01 -4.250344e-01  0.000000e+00
   outer loop
     vertex -1.002015e+01  4.538345e+00  4.000000e+01
     vertex -1.002015e+01  4.538345e+00  1.500000e+01
     vertex -9.891874e+00  4.811531e+00  1.500000e+01
   endloop
 endfacet
 facet normal  9.051772e-01 -4.250344e-01  0.000000e+00
   outer loop
     vertex -1.002015e+01  4.538345e+00  4.000000e+01
     vertex -9.891874e+00  4.811531e+00  1.500000e+01
     vertex -9.891874e+00  4.811531e+00  4.000000e+01
   endloop
 endfacet
 facet normal  9.164969e-01 -4.000417e-01  0.000000e+00
   outer loop
     vertex -1.014088e+01  4.261744e+00  4.000000e+01
     vertex -1.014088e+01  4.261744e+00  1.500000e+01
     vertex -1.002015e+01  4.538345e+00  1.500000e+01
   endloop
 endfacet
 facet normal  9.164969e-01 -4.000417e-01  0.000000e+00
   outer loop
     vertex -1.014088e+01  4.261744e+00  4.000000e+01
     vertex -1.002015e+01  4.538345e+00  1.500000e+01
     vertex -1.002015e+01  4.538345e+00  4.000000e+01
   endloop
 endfacet
 facet normal  9.271267e-01 -3.747479e-01  0.000000e+00
   outer loop
     vertex -1.025398e+01  3.981934e+00  4.000000e+01
     vertex -1.025398e+01  3.981934e+00  1.500000e+01
     vertex -1.014088e+01  4.261744e+00  1.500000e+01
   endloop
 endfacet
 facet normal  9.271267e-01 -3.747479e-01  0.000000e+00
   outer loop
     vertex -1.025398e+01  3.981934e+00  4.000000e+01
     vertex -1.014088e+01  4.261744e+00  1.500000e+01
     vertex -1.014088e+01  4.261744e+00  4.000000e+01
   endloop
 endfacet
 facet normal  9.370586e-01 -3.491720e-01  0.000000e+00
   outer loop
     vertex -1.035937e+01  3.699127e+00  4.000000e+01
     vertex -1.035937e+01  3.699127e+00  1.500000e+01
     vertex -1.025398e+01  3.981934e+00  1.500000e+01
   endloop
 endfacet
 facet normal  9.370586e-01 -3.491720e-01  0.000000e+00
   outer loop
     vertex -1.035937e+01  3.699127e+00  4.000000e+01
     vertex -1.025398e+01  3.981934e+00  1.500000e+01
     vertex -1.025398e+01  3.981934e+00  4.000000e+01
   endloop
 endfacet
 facet normal  9.462851e-01 -3.233333e-01  0.000000e+00
   outer loop
     vertex -1.045695e+01  3.413536e+00  4.000000e+01
     vertex -1.045695e+01  3.413536e+00  1.500000e+01
     vertex -1.035937e+01  3.699127e+00  1.500000e+01
   endloop
 endfacet
 facet normal  9.462851e-01 -3.233333e-01  0.000000e+00
   outer loop
     vertex -1.045695e+01  3.413536e+00  4.000000e+01
     vertex -1.035937e+01  3.699127e+00  1.500000e+01
     vertex -1.035937e+01  3.699127e+00  4.000000e+01
   endloop
 endfacet
 facet normal  9.547993e-01 -2.972512e-01  0.000000e+00
   outer loop
     vertex -1.054666e+01  3.125375e+00  4.000000e+01
     vertex -1.054666e+01  3.125375e+00  1.500000e+01
     vertex -1.045695e+01  3.413536e+00  1.500000e+01
   endloop
 endfacet
 facet normal  9.625948e-01 -2.709453e-01  0.000000e+00
   outer loop
     vertex -1.054666e+01  3.125375e+00  4.000000e+01
     vertex -1.062843e+01  2.834861e+00  1.500000e+01
     vertex -1.054666e+01  3.125375e+00  1.500000e+01
   endloop
 endfacet
 facet normal  9.547993e-01 -2.972512e-01  0.000000e+00
   outer loop
     vertex -1.054666e+01  3.125375e+00  4.000000e+01
     vertex -1.045695e+01  3.413536e+00  1.500000e+01
     vertex -1.045695e+01  3.413536e+00  4.000000e+01
   endloop
 endfacet
 facet normal  9.625948e-01 -2.709453e-01  0.000000e+00
   outer loop
     vertex -1.062843e+01  2.834861e+00  4.000000e+01
     vertex -1.062843e+01  2.834861e+00  1.500000e+01
     vertex -1.054666e+01  3.125375e+00  4.000000e+01
   endloop
 endfacet
 facet normal  9.696656e-01 -2.444354e-01  0.000000e+00
   outer loop
     vertex -1.070220e+01  2.542213e+00  4.000000e+01
     vertex -1.070220e+01  2.542213e+00  1.500000e+01
     vertex -1.062843e+01  2.834861e+00  1.500000e+01
   endloop
 endfacet
 facet normal  9.696656e-01 -2.444354e-01  0.000000e+00
   outer loop
     vertex -1.070220e+01  2.542213e+00  4.000000e+01
     vertex -1.062843e+01  2.834861e+00  1.500000e+01
     vertex -1.062843e+01  2.834861e+00  4.000000e+01
   endloop
 endfacet
 facet normal  9.760065e-01 -2.177416e-01  0.000000e+00
   outer loop
     vertex -1.076792e+01  2.247651e+00  4.000000e+01
     vertex -1.076792e+01  2.247651e+00  1.500000e+01
     vertex -1.070220e+01  2.542213e+00  1.500000e+01
   endloop
 endfacet
 facet normal  9.760065e-01 -2.177416e-01  0.000000e+00
   outer loop
     vertex -1.076792e+01  2.247651e+00  4.000000e+01
     vertex -1.070220e+01  2.542213e+00  1.500000e+01
     vertex -1.070220e+01  2.542213e+00  4.000000e+01
   endloop
 endfacet
 facet normal  9.816126e-01 -1.908838e-01  0.000000e+00
   outer loop
     vertex -1.082553e+01  1.951398e+00  4.000000e+01
     vertex -1.082553e+01  1.951398e+00  1.500000e+01
     vertex -1.076792e+01  2.247651e+00  1.500000e+01
   endloop
 endfacet
 facet normal  9.816126e-01 -1.908838e-01  0.000000e+00
   outer loop
     vertex -1.082553e+01  1.951398e+00  4.000000e+01
     vertex -1.076792e+01  2.247651e+00  1.500000e+01
     vertex -1.076792e+01  2.247651e+00  4.000000e+01
   endloop
 endfacet
 facet normal  9.864799e-01 -1.638824e-01  0.000000e+00
   outer loop
     vertex -1.087499e+01  1.653675e+00  4.000000e+01
     vertex -1.087499e+01  1.653675e+00  1.500000e+01
     vertex -1.082553e+01  1.951398e+00  1.500000e+01
   endloop
 endfacet
 facet normal  9.864799e-01 -1.638824e-01  0.000000e+00
   outer loop
     vertex -1.087499e+01  1.653675e+00  4.000000e+01
     vertex -1.082553e+01  1.951398e+00  1.500000e+01
     vertex -1.082553e+01  1.951398e+00  4.000000e+01
   endloop
 endfacet
 facet normal  9.906046e-01 -1.367575e-01  0.000000e+00
   outer loop
     vertex -1.091626e+01  1.354708e+00  4.000000e+01
     vertex -1.091626e+01  1.354708e+00  1.500000e+01
     vertex -1.087499e+01  1.653675e+00  1.500000e+01
   endloop
 endfacet
 facet normal  9.906046e-01 -1.367575e-01  0.000000e+00
   outer loop
     vertex -1.091626e+01  1.354708e+00  4.000000e+01
     vertex -1.087499e+01  1.653675e+00  1.500000e+01
     vertex -1.087499e+01  1.653675e+00  4.000000e+01
   endloop
 endfacet
 facet normal  9.939835e-01 -1.095298e-01  0.000000e+00
   outer loop
     vertex -1.094932e+01  1.054721e+00  4.000000e+01
     vertex -1.091626e+01  1.354708e+00  1.500000e+01
     vertex -1.091626e+01  1.354708e+00  4.000000e+01
   endloop
 endfacet
 facet normal  9.939835e-01 -1.095298e-01  0.000000e+00
   outer loop
     vertex -1.094932e+01  1.054721e+00  4.000000e+01
     vertex -1.094932e+01  1.054721e+00  1.500000e+01
     vertex -1.091626e+01  1.354708e+00  1.500000e+01
   endloop
 endfacet
 facet normal  9.966142e-01 -8.221955e-02  0.000000e+00
   outer loop
     vertex -1.097413e+01  7.539394e-01  4.000000e+01
     vertex -1.094932e+01  1.054721e+00  1.500000e+01
     vertex -1.094932e+01  1.054721e+00  4.000000e+01
   endloop
 endfacet
 facet normal  9.966142e-01 -8.221955e-02  0.000000e+00
   outer loop
     vertex -1.097413e+01  7.539394e-01  4.000000e+01
     vertex -1.097413e+01  7.539394e-01  1.500000e+01
     vertex -1.094932e+01  1.054721e+00  1.500000e+01
   endloop
 endfacet
 facet normal  9.984947e-01 -5.484744e-02  0.000000e+00
   outer loop
     vertex -1.099069e+01  4.525908e-01  4.000000e+01
     vertex -1.097413e+01  7.539394e-01  1.500000e+01
     vertex -1.097413e+01  7.539394e-01  4.000000e+01
   endloop
 endfacet
 facet normal  9.984947e-01 -5.484744e-02  0.000000e+00
   outer loop
     vertex -1.099069e+01  4.525908e-01  4.000000e+01
     vertex -1.099069e+01  4.525908e-01  1.500000e+01
     vertex -1.097413e+01  7.539394e-01  1.500000e+01
   endloop
 endfacet
 facet normal  9.996236e-01 -2.743405e-02  0.000000e+00
   outer loop
     vertex -1.099896e+01  1.509015e-01  4.000000e+01
     vertex -1.099069e+01  4.525908e-01  1.500000e+01
     vertex -1.099069e+01  4.525908e-01  4.000000e+01
   endloop
 endfacet
 facet normal  9.996236e-01 -2.743405e-02  0.000000e+00
   outer loop
     vertex -1.099896e+01  1.509015e-01  4.000000e+01
     vertex -1.099896e+01  1.509015e-01  1.500000e+01
     vertex -1.099069e+01  4.525908e-01  1.500000e+01
   endloop
 endfacet
 facet normal  1.000000e+00  5.885817e-15  0.000000e+00
   outer loop
     vertex -1.099896e+01 -1.509015e-01  4.000000e+01
     vertex -1.099896e+01  1.509015e-01  1.500000e+01
     vertex -1.099896e+01  1.509015e-01  4.000000e+01
   endloop
 endfacet
 facet normal  1.000000e+00  5.885817e-15  0.000000e+00
   outer loop
     vertex -1.099896e+01 -1.509015e-01  4.000000e+01
     vertex -1.099896e+01 -1.509015e-01  1.500000e+01
     vertex -1.099896e+01  1.509015e-01  1.500000e+01
   endloop
 endfacet
 facet normal  9.996236e-01  2.743405e-02  0.000000e+00
   outer loop
     vertex -1.099069e+01 -4.525908e-01  4.000000e+01
     vertex -1.099896e+01 -1.509015e-01  1.500000e+01
     vertex -1.099896e+01 -1.509015e-01  4.000000e+01
   endloop
 endfacet
 facet normal  9.996236e-01  2.743405e-02  0.000000e+00
   outer loop
     vertex -1.099069e+01 -4.525908e-01  4.000000e+01
     vertex -1.099069e+01 -4.525908e-01  1.500000e+01
     vertex -1.099896e+01 -1.509015e-01  1.500000e+01
   endloop
 endfacet
 facet normal  9.984947e-01  5.484744e-02  0.000000e+00
   outer loop
     vertex -1.097413e+01 -7.539394e-01  4.000000e+01
     vertex -1.099069e+01 -4.525908e-01  1.500000e+01
     vertex -1.099069e+01 -4.525908e-01  4.000000e+01
   endloop
 endfacet
 facet normal  9.984947e-01  5.484744e-02  0.000000e+00
   outer loop
     vertex -1.097413e+01 -7.539394e-01  4.000000e+01
     vertex -1.097413e+01 -7.539394e-01  1.500000e+01
     vertex -1.099069e+01 -4.525908e-01  1.500000e+01
   endloop
 endfacet
 facet normal  9.966142e-01  8.221955e-02  0.000000e+00
   outer loop
     vertex -1.094932e+01 -1.054721e+00  4.000000e+01
     vertex -1.097413e+01 -7.539394e-01  1.500000e+01
     vertex -1.097413e+01 -7.539394e-01  4.000000e+01
   endloop
 endfacet
 facet normal  9.966142e-01  8.221955e-02  0.000000e+00
   outer loop
     vertex -1.094932e+01 -1.054721e+00  4.000000e+01
     vertex -1.094932e+01 -1.054721e+00  1.500000e+01
     vertex -1.097413e+01 -7.539394e-01  1.500000e+01
   endloop
 endfacet
 facet normal  9.939835e-01  1.095298e-01  0.000000e+00
   outer loop
     vertex -1.091626e+01 -1.354708e+00  4.000000e+01
     vertex -1.094932e+01 -1.054721e+00  1.500000e+01
     vertex -1.094932e+01 -1.054721e+00  4.000000e+01
   endloop
 endfacet
 facet normal  9.939835e-01  1.095298e-01  0.000000e+00
   outer loop
     vertex -1.091626e+01 -1.354708e+00  4.000000e+01
     vertex -1.091626e+01 -1.354708e+00  1.500000e+01
     vertex -1.094932e+01 -1.054721e+00  1.500000e+01
   endloop
 endfacet
 facet normal  9.906046e-01  1.367575e-01  0.000000e+00
   outer loop
     vertex -1.087499e+01 -1.653675e+00  4.000000e+01
     vertex -1.091626e+01 -1.354708e+00  1.500000e+01
     vertex -1.091626e+01 -1.354708e+00  4.000000e+01
   endloop
 endfacet
 facet normal  9.906046e-01  1.367575e-01  0.000000e+00
   outer loop
     vertex -1.087499e+01 -1.653675e+00  4.000000e+01
     vertex -1.087499e+01 -1.653675e+00  1.500000e+01
     vertex -1.091626e+01 -1.354708e+00  1.500000e+01
   endloop
 endfacet
 facet normal  9.864799e-01  1.638824e-01  0.000000e+00
   outer loop
     vertex -1.082553e+01 -1.951398e+00  4.000000e+01
     vertex -1.087499e+01 -1.653675e+00  1.500000e+01
     vertex -1.087499e+01 -1.653675e+00  4.000000e+01
   endloop
 endfacet
 facet normal  9.864799e-01  1.638824e-01  0.000000e+00
   outer loop
     vertex -1.082553e+01 -1.951398e+00  4.000000e+01
     vertex -1.082553e+01 -1.951398e+00  1.500000e+01
     vertex -1.087499e+01 -1.653675e+00  1.500000e+01
   endloop
 endfacet
 facet normal  9.816126e-01  1.908838e-01  0.000000e+00
   outer loop
     vertex -1.076792e+01 -2.247651e+00  4.000000e+01
     vertex -1.082553e+01 -1.951398e+00  1.500000e+01
     vertex -1.082553e+01 -1.951398e+00  4.000000e+01
   endloop
 endfacet
 facet normal  9.816126e-01  1.908838e-01  0.000000e+00
   outer loop
     vertex -1.076792e+01 -2.247651e+00  4.000000e+01
     vertex -1.076792e+01 -2.247651e+00  1.500000e+01
     vertex -1.082553e+01 -1.951398e+00  1.500000e+01
   endloop
 endfacet
 facet normal  9.760065e-01  2.177416e-01  0.000000e+00
   outer loop
     vertex -1.070220e+01 -2.542213e+00  4.000000e+01
     vertex -1.070220e+01 -2.542213e+00  1.500000e+01
     vertex -1.076792e+01 -2.247651e+00  1.500000e+01
   endloop
 endfacet
 facet normal  9.760065e-01  2.177416e-01  0.000000e+00
   outer loop
     vertex -1.070220e+01 -2.542213e+00  4.000000e+01
     vertex -1.076792e+01 -2.247651e+00  1.500000e+01
     vertex -1.076792e+01 -2.247651e+00  4.000000e+01
   endloop
 endfacet
 facet normal  9.696656e-01  2.444354e-01  0.000000e+00
   outer loop
     vertex -1.062843e+01 -2.834861e+00  4.000000e+01
     vertex -1.062843e+01 -2.834861e+00  1.500000e+01
     vertex -1.070220e+01 -2.542213e+00  1.500000e+01
   endloop
 endfacet
 facet normal  9.696656e-01  2.444354e-01  0.000000e+00
   outer loop
     vertex -1.062843e+01 -2.834861e+00  4.000000e+01
     vertex -1.070220e+01 -2.542213e+00  1.500000e+01
     vertex -1.070220e+01 -2.542213e+00  4.000000e+01
   endloop
 endfacet
 facet normal  9.625948e-01  2.709453e-01  0.000000e+00
   outer loop
     vertex -1.054666e+01 -3.125375e+00  4.000000e+01
     vertex -1.062843e+01 -2.834861e+00  1.500000e+01
     vertex -1.062843e+01 -2.834861e+00  4.000000e+01
   endloop
 endfacet
 facet normal  9.625948e-01  2.709453e-01  0.000000e+00
   outer loop
     vertex -1.054666e+01 -3.125375e+00  4.000000e+01
     vertex -1.054666e+01 -3.125375e+00  1.500000e+01
     vertex -1.062843e+01 -2.834861e+00  1.500000e+01
   endloop
 endfacet
 facet normal  9.547993e-01  2.972512e-01  0.000000e+00
   outer loop
     vertex -1.045695e+01 -3.413536e+00  4.000000e+01
     vertex -1.045695e+01 -3.413536e+00  1.500000e+01
     vertex -1.054666e+01 -3.125375e+00  1.500000e+01
   endloop
 endfacet
 facet normal  9.547993e-01  2.972512e-01  0.000000e+00
   outer loop
     vertex -1.045695e+01 -3.413536e+00  4.000000e+01
     vertex -1.054666e+01 -3.125375e+00  1.500000e+01
     vertex -1.054666e+01 -3.125375e+00  4.000000e+01
   endloop
 endfacet
 facet normal  9.462851e-01  3.233333e-01  0.000000e+00
   outer loop
     vertex -1.035937e+01 -3.699127e+00  4.000000e+01
     vertex -1.035937e+01 -3.699127e+00  1.500000e+01
     vertex -1.045695e+01 -3.413536e+00  1.500000e+01
   endloop
 endfacet
 facet normal  9.462851e-01  3.233333e-01  0.000000e+00
   outer loop
     vertex -1.035937e+01 -3.699127e+00  4.000000e+01
     vertex -1.045695e+01 -3.413536e+00  1.500000e+01
     vertex -1.045695e+01 -3.413536e+00  4.000000e+01
   endloop
 endfacet
 facet normal  9.370586e-01  3.491720e-01  0.000000e+00
   outer loop
     vertex -1.025398e+01 -3.981934e+00  4.000000e+01
     vertex -1.025398e+01 -3.981934e+00  1.500000e+01
     vertex -1.035937e+01 -3.699127e+00  1.500000e+01
   endloop
 endfacet
 facet normal  9.370586e-01  3.491720e-01  0.000000e+00
   outer loop
     vertex -1.025398e+01 -3.981934e+00  4.000000e+01
     vertex -1.035937e+01 -3.699127e+00  1.500000e+01
     vertex -1.035937e+01 -3.699127e+00  4.000000e+01
   endloop
 endfacet
 facet normal  9.271267e-01  3.747479e-01  0.000000e+00
   outer loop
     vertex -1.014088e+01 -4.261744e+00  4.000000e+01
     vertex -1.014088e+01 -4.261744e+00  1.500000e+01
     vertex -1.025398e+01 -3.981934e+00  1.500000e+01
   endloop
 endfacet
 facet normal  9.271267e-01  3.747479e-01  0.000000e+00
   outer loop
     vertex -1.014088e+01 -4.261744e+00  4.000000e+01
     vertex -1.025398e+01 -3.981934e+00  1.500000e+01
     vertex -1.025398e+01 -3.981934e+00  4.000000e+01
   endloop
 endfacet
 facet normal  9.164969e-01  4.000417e-01  0.000000e+00
   outer loop
     vertex -1.002015e+01 -4.538345e+00  4.000000e+01
     vertex -1.002015e+01 -4.538345e+00  1.500000e+01
     vertex -1.014088e+01 -4.261744e+00  1.500000e+01
   endloop
 endfacet
 facet normal  9.164969e-01  4.000417e-01  0.000000e+00
   outer loop
     vertex -1.002015e+01 -4.538345e+00  4.000000e+01
     vertex -1.014088e+01 -4.261744e+00  1.500000e+01
     vertex -1.014088e+01 -4.261744e+00  4.000000e+01
   endloop
 endfacet
 facet normal  9.051772e-01  4.250344e-01  0.000000e+00
   outer loop
     vertex -9.891874e+00 -4.811531e+00  4.000000e+01
     vertex -9.891874e+00 -4.811531e+00  1.500000e+01
     vertex -1.002015e+01 -4.538345e+00  1.500000e+01
   endloop
 endfacet
 facet normal  9.051772e-01  4.250344e-01  0.000000e+00
   outer loop
     vertex -9.891874e+00 -4.811531e+00  4.000000e+01
     vertex -1.002015e+01 -4.538345e+00  1.500000e+01
     vertex -1.002015e+01 -4.538345e+00  4.000000e+01
   endloop
 endfacet
 facet normal  8.931761e-01  4.497071e-01  0.000000e+00
   outer loop
     vertex -9.756151e+00 -5.081094e+00  4.000000e+01
     vertex -9.756151e+00 -5.081094e+00  1.500000e+01
     vertex -9.891874e+00 -4.811531e+00  1.500000e+01
   endloop
 endfacet
 facet normal  8.931761e-01  4.497071e-01  0.000000e+00
   outer loop
     vertex -9.756151e+00 -5.081094e+00  4.000000e+01
     vertex -9.891874e+00 -4.811531e+00  1.500000e+01
     vertex -9.891874e+00 -4.811531e+00  4.000000e+01
   endloop
 endfacet
 facet normal  8.805026e-01  4.740412e-01  0.000000e+00
   outer loop
     vertex -9.613084e+00 -5.346832e+00  4.000000e+01
     vertex -9.613084e+00 -5.346832e+00  1.500000e+01
     vertex -9.756151e+00 -5.081094e+00  1.500000e+01
   endloop
 endfacet
 facet normal  8.805026e-01  4.740412e-01  0.000000e+00
   outer loop
     vertex -9.613084e+00 -5.346832e+00  4.000000e+01
     vertex -9.756151e+00 -5.081094e+00  1.500000e+01
     vertex -9.756151e+00 -5.081094e+00  4.000000e+01
   endloop
 endfacet
 facet normal  8.671664e-01  4.980186e-01  0.000000e+00
   outer loop
     vertex -9.462781e+00 -5.608545e+00  4.000000e+01
     vertex -9.462781e+00 -5.608545e+00  1.500000e+01
     vertex -9.613084e+00 -5.346832e+00  1.500000e+01
   endloop
 endfacet
 facet normal  8.671664e-01  4.980186e-01  0.000000e+00
   outer loop
     vertex -9.462781e+00 -5.608545e+00  4.000000e+01
     vertex -9.613084e+00 -5.346832e+00  1.500000e+01
     vertex -9.613084e+00 -5.346832e+00  4.000000e+01
   endloop
 endfacet
 facet normal  8.531773e-01  5.216210e-01  0.000000e+00
   outer loop
     vertex -9.305354e+00 -5.866037e+00  4.000000e+01
     vertex -9.305354e+00 -5.866037e+00  1.500000e+01
     vertex -9.462781e+00 -5.608545e+00  1.500000e+01
   endloop
 endfacet
 facet normal  8.531773e-01  5.216210e-01  0.000000e+00
   outer loop
     vertex -9.305354e+00 -5.866037e+00  4.000000e+01
     vertex -9.462781e+00 -5.608545e+00  1.500000e+01
     vertex -9.462781e+00 -5.608545e+00  4.000000e+01
   endloop
 endfacet
 facet normal  8.385460e-01  5.448308e-01  0.000000e+00
   outer loop
     vertex -9.140922e+00 -6.119112e+00  4.000000e+01
     vertex -9.140922e+00 -6.119112e+00  1.500000e+01
     vertex -9.305354e+00 -5.866037e+00  1.500000e+01
   endloop
 endfacet
 facet normal  8.385460e-01  5.448308e-01  0.000000e+00
   outer loop
     vertex -9.140922e+00 -6.119112e+00  4.000000e+01
     vertex -9.305354e+00 -5.866037e+00  1.500000e+01
     vertex -9.305354e+00 -5.866037e+00  4.000000e+01
   endloop
 endfacet
 facet normal  8.232835e-01  5.676304e-01  0.000000e+00
   outer loop
     vertex -8.969610e+00 -6.367582e+00  4.000000e+01
     vertex -9.140922e+00 -6.119112e+00  1.500000e+01
     vertex -9.140922e+00 -6.119112e+00  4.000000e+01
   endloop
 endfacet
 facet normal  8.232835e-01  5.676304e-01  0.000000e+00
   outer loop
     vertex -8.969610e+00 -6.367582e+00  4.000000e+01
     vertex -8.969610e+00 -6.367582e+00  1.500000e+01
     vertex -9.140922e+00 -6.119112e+00  1.500000e+01
   endloop
 endfacet
 facet normal  8.074012e-01  5.900028e-01  0.000000e+00
   outer loop
     vertex -8.791545e+00 -6.611258e+00  4.000000e+01
     vertex -8.969610e+00 -6.367582e+00  1.500000e+01
     vertex -8.969610e+00 -6.367582e+00  4.000000e+01
   endloop
 endfacet
 facet normal  8.074012e-01  5.900028e-01  0.000000e+00
   outer loop
     vertex -8.791545e+00 -6.611258e+00  4.000000e+01
     vertex -8.791545e+00 -6.611258e+00  1.500000e+01
     vertex -8.969610e+00 -6.367582e+00  1.500000e+01
   endloop
 endfacet
 facet normal  7.909112e-01  6.119310e-01  0.000000e+00
   outer loop
     vertex -8.606863e+00 -6.849957e+00  4.000000e+01
     vertex -8.791545e+00 -6.611258e+00  1.500000e+01
     vertex -8.791545e+00 -6.611258e+00  4.000000e+01
   endloop
 endfacet
 facet normal  7.909112e-01  6.119310e-01  0.000000e+00
   outer loop
     vertex -8.606863e+00 -6.849957e+00  4.000000e+01
     vertex -8.606863e+00 -6.849957e+00  1.500000e+01
     vertex -8.791545e+00 -6.611258e+00  1.500000e+01
   endloop
 endfacet
 facet normal  7.738257e-01  6.333986e-01  0.000000e+00
   outer loop
     vertex -8.415701e+00 -7.083500e+00  4.000000e+01
     vertex -8.606863e+00 -6.849957e+00  1.500000e+01
     vertex -8.606863e+00 -6.849957e+00  4.000000e+01
   endloop
 endfacet
 facet normal  7.738257e-01  6.333986e-01  0.000000e+00
   outer loop
     vertex -8.415701e+00 -7.083500e+00  4.000000e+01
     vertex -8.415701e+00 -7.083500e+00  1.500000e+01
     vertex -8.606863e+00 -6.849957e+00  1.500000e+01
   endloop
 endfacet
 facet normal  7.561578e-01  6.543893e-01  0.000000e+00
   outer loop
     vertex -8.218205e+00 -7.311711e+00  4.000000e+01
     vertex -8.415701e+00 -7.083500e+00  1.500000e+01
     vertex -8.415701e+00 -7.083500e+00  4.000000e+01
   endloop
 endfacet
 facet normal  7.561578e-01  6.543893e-01  0.000000e+00
   outer loop
     vertex -8.218205e+00 -7.311711e+00  4.000000e+01
     vertex -8.218205e+00 -7.311711e+00  1.500000e+01
     vertex -8.415701e+00 -7.083500e+00  1.500000e+01
   endloop
 endfacet
 facet normal  7.379206e-01  6.748875e-01  0.000000e+00
   outer loop
     vertex -8.218205e+00 -7.311711e+00  4.000000e+01
     vertex -8.014522e+00 -7.534417e+00  1.500000e+01
     vertex -8.218205e+00 -7.311711e+00  1.500000e+01
   endloop
 endfacet
 facet normal  7.379206e-01  6.748875e-01  0.000000e+00
   outer loop
     vertex -8.014522e+00 -7.534417e+00  4.000000e+01
     vertex -8.014522e+00 -7.534417e+00  1.500000e+01
     vertex -8.218205e+00 -7.311711e+00  4.000000e+01
   endloop
 endfacet
 facet normal  7.191280e-01  6.948776e-01  0.000000e+00
   outer loop
     vertex -7.804805e+00 -7.751452e+00  4.000000e+01
     vertex -8.014522e+00 -7.534417e+00  1.500000e+01
     vertex -8.014522e+00 -7.534417e+00  4.000000e+01
   endloop
 endfacet
 facet normal  7.191280e-01  6.948776e-01  0.000000e+00
   outer loop
     vertex -7.804805e+00 -7.751452e+00  4.000000e+01
     vertex -7.804805e+00 -7.751452e+00  1.500000e+01
     vertex -8.014522e+00 -7.534417e+00  1.500000e+01
   endloop
 endfacet
 facet normal  6.997940e-01  7.143447e-01  0.000000e+00
   outer loop
     vertex -7.589214e+00 -7.962652e+00  4.000000e+01
     vertex -7.804805e+00 -7.751452e+00  1.500000e+01
     vertex -7.804805e+00 -7.751452e+00  4.000000e+01
   endloop
 endfacet
 facet normal  6.997940e-01  7.143447e-01  0.000000e+00
   outer loop
     vertex -7.589214e+00 -7.962652e+00  4.000000e+01
     vertex -7.589214e+00 -7.962652e+00  1.500000e+01
     vertex -7.804805e+00 -7.751452e+00  1.500000e+01
   endloop
 endfacet
 facet normal  6.799333e-01  7.332740e-01  0.000000e+00
   outer loop
     vertex -7.367910e+00 -8.167858e+00  4.000000e+01
     vertex -7.589214e+00 -7.962652e+00  1.500000e+01
     vertex -7.589214e+00 -7.962652e+00  4.000000e+01
   endloop
 endfacet
 facet normal  6.799333e-01  7.332740e-01  0.000000e+00
   outer loop
     vertex -7.367910e+00 -8.167858e+00  4.000000e+01
     vertex -7.367910e+00 -8.167858e+00  1.500000e+01
     vertex -7.589214e+00 -7.962652e+00  1.500000e+01
   endloop
 endfacet
 facet normal  6.595607e-01  7.516513e-01  0.000000e+00
   outer loop
     vertex -7.141059e+00 -8.366915e+00  4.000000e+01
     vertex -7.367910e+00 -8.167858e+00  1.500000e+01
     vertex -7.367910e+00 -8.167858e+00  4.000000e+01
   endloop
 endfacet
 facet normal  6.595607e-01  7.516513e-01  0.000000e+00
   outer loop
     vertex -7.141059e+00 -8.366915e+00  4.000000e+01
     vertex -7.141059e+00 -8.366915e+00  1.500000e+01
     vertex -7.367910e+00 -8.167858e+00  1.500000e+01
   endloop
 endfacet
 facet normal  6.386916e-01  7.694628e-01  0.000000e+00
   outer loop
     vertex -6.908833e+00 -8.559674e+00  4.000000e+01
     vertex -7.141059e+00 -8.366915e+00  1.500000e+01
     vertex -7.141059e+00 -8.366915e+00  4.000000e+01
   endloop
 endfacet
 facet normal  6.386916e-01  7.694628e-01  0.000000e+00
   outer loop
     vertex -6.908833e+00 -8.559674e+00  4.000000e+01
     vertex -6.908833e+00 -8.559674e+00  1.500000e+01
     vertex -7.141059e+00 -8.366915e+00  1.500000e+01
   endloop
 endfacet
 facet normal  6.173417e-01  7.866951e-01  0.000000e+00
   outer loop
     vertex -6.671406e+00 -8.745990e+00  4.000000e+01
     vertex -6.908833e+00 -8.559674e+00  1.500000e+01
     vertex -6.908833e+00 -8.559674e+00  4.000000e+01
   endloop
 endfacet
 facet normal  6.173417e-01  7.866951e-01  0.000000e+00
   outer loop
     vertex -6.671406e+00 -8.745990e+00  4.000000e+01
     vertex -6.671406e+00 -8.745990e+00  1.500000e+01
     vertex -6.908833e+00 -8.559674e+00  1.500000e+01
   endloop
 endfacet
 facet normal  5.955271e-01  8.033352e-01  0.000000e+00
   outer loop
     vertex -6.428957e+00 -8.925722e+00  4.000000e+01
     vertex -6.671406e+00 -8.745990e+00  1.500000e+01
     vertex -6.671406e+00 -8.745990e+00  4.000000e+01
   endloop
 endfacet
 facet normal  5.955271e-01  8.033352e-01  0.000000e+00
   outer loop
     vertex -6.428957e+00 -8.925722e+00  4.000000e+01
     vertex -6.428957e+00 -8.925722e+00  1.500000e+01
     vertex -6.671406e+00 -8.745990e+00  1.500000e+01
   endloop
 endfacet
 facet normal  5.732642e-01  8.193706e-01  0.000000e+00
   outer loop
     vertex -6.181669e+00 -9.098734e+00  4.000000e+01
     vertex -6.428957e+00 -8.925722e+00  1.500000e+01
     vertex -6.428957e+00 -8.925722e+00  4.000000e+01
   endloop
 endfacet
 facet normal  5.732642e-01  8.193706e-01  0.000000e+00
   outer loop
     vertex -6.181669e+00 -9.098734e+00  4.000000e+01
     vertex -6.181669e+00 -9.098734e+00  1.500000e+01
     vertex -6.428957e+00 -8.925722e+00  1.500000e+01
   endloop
 endfacet
 facet normal  5.505698e-01  8.347891e-01  0.000000e+00
   outer loop
     vertex -5.929727e+00 -9.264898e+00  4.000000e+01
     vertex -6.181669e+00 -9.098734e+00  1.500000e+01
     vertex -6.181669e+00 -9.098734e+00  4.000000e+01
   endloop
 endfacet
 facet normal  5.505698e-01  8.347891e-01  0.000000e+00
   outer loop
     vertex -5.929727e+00 -9.264898e+00  4.000000e+01
     vertex -5.929727e+00 -9.264898e+00  1.500000e+01
     vertex -6.181669e+00 -9.098734e+00  1.500000e+01
   endloop
 endfacet
 facet normal  5.274609e-01  8.495793e-01  0.000000e+00
   outer loop
     vertex -5.673322e+00 -9.424087e+00  4.000000e+01
     vertex -5.929727e+00 -9.264898e+00  1.500000e+01
     vertex -5.929727e+00 -9.264898e+00  4.000000e+01
   endloop
 endfacet
 facet normal  5.274609e-01  8.495793e-01  0.000000e+00
   outer loop
     vertex -5.673322e+00 -9.424087e+00  4.000000e+01
     vertex -5.673322e+00 -9.424087e+00  1.500000e+01
     vertex -5.929727e+00 -9.264898e+00  1.500000e+01
   endloop
 endfacet
 facet normal  5.039550e-01  8.637299e-01  0.000000e+00
   outer loop
     vertex -5.412645e+00 -9.576182e+00  4.000000e+01
     vertex -5.673322e+00 -9.424087e+00  1.500000e+01
     vertex -5.673322e+00 -9.424087e+00  4.000000e+01
   endloop
 endfacet
 facet normal  5.039550e-01  8.637299e-01  0.000000e+00
   outer loop
     vertex -5.412645e+00 -9.576182e+00  4.000000e+01
     vertex -5.412645e+00 -9.576182e+00  1.500000e+01
     vertex -5.673322e+00 -9.424087e+00  1.500000e+01
   endloop
 endfacet
 facet normal  4.800697e-01  8.772303e-01  0.000000e+00
   outer loop
     vertex -5.147895e+00 -9.721069e+00  4.000000e+01
     vertex -5.412645e+00 -9.576182e+00  1.500000e+01
     vertex -5.412645e+00 -9.576182e+00  4.000000e+01
   endloop
 endfacet
 facet normal  4.800697e-01  8.772303e-01  0.000000e+00
   outer loop
     vertex -5.147895e+00 -9.721069e+00  4.000000e+01
     vertex -5.147895e+00 -9.721069e+00  1.500000e+01
     vertex -5.412645e+00 -9.576182e+00  1.500000e+01
   endloop
 endfacet
 facet normal  4.558231e-01  8.900704e-01  0.000000e+00
   outer loop
     vertex -4.879269e+00 -9.858638e+00  4.000000e+01
     vertex -5.147895e+00 -9.721069e+00  1.500000e+01
     vertex -5.147895e+00 -9.721069e+00  4.000000e+01
   endloop
 endfacet
 facet normal  4.558231e-01  8.900704e-01  0.000000e+00
   outer loop
     vertex -4.879269e+00 -9.858638e+00  4.000000e+01
     vertex -4.879269e+00 -9.858638e+00  1.500000e+01
     vertex -5.147895e+00 -9.721069e+00  1.500000e+01
   endloop
 endfacet
 facet normal  4.312333e-01  9.022405e-01  0.000000e+00
   outer loop
     vertex -4.606970e+00 -9.988785e+00  4.000000e+01
     vertex -4.879269e+00 -9.858638e+00  1.500000e+01
     vertex -4.879269e+00 -9.858638e+00  4.000000e+01
   endloop
 endfacet
 facet normal  4.312333e-01  9.022405e-01  0.000000e+00
   outer loop
     vertex -4.606970e+00 -9.988785e+00  4.000000e+01
     vertex -4.606970e+00 -9.988785e+00  1.500000e+01
     vertex -4.879269e+00 -9.858638e+00  1.500000e+01
   endloop
 endfacet
 facet normal  4.063188e-01  9.137314e-01  0.000000e+00
   outer loop
     vertex -4.331203e+00 -1.011141e+01  4.000000e+01
     vertex -4.606970e+00 -9.988785e+00  1.500000e+01
     vertex -4.606970e+00 -9.988785e+00  4.000000e+01
   endloop
 endfacet
 facet normal  4.063188e-01  9.137314e-01  0.000000e+00
   outer loop
     vertex -4.331203e+00 -1.011141e+01  4.000000e+01
     vertex -4.331203e+00 -1.011141e+01  1.500000e+01
     vertex -4.606970e+00 -9.988785e+00  1.500000e+01
   endloop
 endfacet
 facet normal  3.810986e-01  9.245344e-01  0.000000e+00
   outer loop
     vertex -4.052176e+00 -1.022643e+01  4.000000e+01
     vertex -4.052176e+00 -1.022643e+01  1.500000e+01
     vertex -4.331203e+00 -1.011141e+01  1.500000e+01
   endloop
 endfacet
 facet normal  3.810986e-01  9.245344e-01  0.000000e+00
   outer loop
     vertex -4.052176e+00 -1.022643e+01  4.000000e+01
     vertex -4.331203e+00 -1.011141e+01  1.500000e+01
     vertex -4.331203e+00 -1.011141e+01  4.000000e+01
   endloop
 endfacet
 facet normal  3.555914e-01  9.346415e-01  0.000000e+00
   outer loop
     vertex -3.770099e+00 -1.033375e+01  4.000000e+01
     vertex -3.770099e+00 -1.033375e+01  1.500000e+01
     vertex -4.052176e+00 -1.022643e+01  1.500000e+01
   endloop
 endfacet
 facet normal  3.555914e-01  9.346415e-01  0.000000e+00
   outer loop
     vertex -3.770099e+00 -1.033375e+01  4.000000e+01
     vertex -4.052176e+00 -1.022643e+01  1.500000e+01
     vertex -4.052176e+00 -1.022643e+01  4.000000e+01
   endloop
 endfacet
 facet normal  3.298166e-01  9.440450e-01  0.000000e+00
   outer loop
     vertex -3.485183e+00 -1.043329e+01  4.000000e+01
     vertex -3.485183e+00 -1.043329e+01  1.500000e+01
     vertex -3.770099e+00 -1.033375e+01  1.500000e+01
   endloop
 endfacet
 facet normal  3.298166e-01  9.440450e-01  0.000000e+00
   outer loop
     vertex -3.485183e+00 -1.043329e+01  4.000000e+01
     vertex -3.770099e+00 -1.033375e+01  1.500000e+01
     vertex -3.770099e+00 -1.033375e+01  4.000000e+01
   endloop
 endfacet
 facet normal  3.037934e-01  9.527379e-01  0.000000e+00
   outer loop
     vertex -3.197644e+00 -1.052497e+01  4.000000e+01
     vertex -3.197644e+00 -1.052497e+01  1.500000e+01
     vertex -3.485183e+00 -1.043329e+01  1.500000e+01
   endloop
 endfacet
 facet normal  3.037934e-01  9.527379e-01  0.000000e+00
   outer loop
     vertex -3.197644e+00 -1.052497e+01  4.000000e+01
     vertex -3.485183e+00 -1.043329e+01  1.500000e+01
     vertex -3.485183e+00 -1.043329e+01  4.000000e+01
   endloop
 endfacet
 facet normal  2.775416e-01  9.607136e-01  0.000000e+00
   outer loop
     vertex -2.907698e+00 -1.060874e+01  4.000000e+01
     vertex -3.197644e+00 -1.052497e+01  1.500000e+01
     vertex -3.197644e+00 -1.052497e+01  4.000000e+01
   endloop
 endfacet
 facet normal  2.775416e-01  9.607136e-01  0.000000e+00
   outer loop
     vertex -2.907698e+00 -1.060874e+01  4.000000e+01
     vertex -2.907698e+00 -1.060874e+01  1.500000e+01
     vertex -3.197644e+00 -1.052497e+01  1.500000e+01
   endloop
 endfacet
 facet normal  2.510809e-01  9.679661e-01  0.000000e+00
   outer loop
     vertex -2.615563e+00 -1.068451e+01  4.000000e+01
     vertex -2.907698e+00 -1.060874e+01  1.500000e+01
     vertex -2.907698e+00 -1.060874e+01  4.000000e+01
   endloop
 endfacet
 facet normal  2.510809e-01  9.679661e-01  0.000000e+00
   outer loop
     vertex -2.615563e+00 -1.068451e+01  4.000000e+01
     vertex -2.615563e+00 -1.068451e+01  1.500000e+01
     vertex -2.907698e+00 -1.060874e+01  1.500000e+01
   endloop
 endfacet
 facet normal  2.244312e-01  9.744899e-01  0.000000e+00
   outer loop
     vertex -2.321459e+00 -1.075225e+01  4.000000e+01
     vertex -2.615563e+00 -1.068451e+01  1.500000e+01
     vertex -2.615563e+00 -1.068451e+01  4.000000e+01
   endloop
 endfacet
 facet normal  2.244312e-01  9.744899e-01  0.000000e+00
   outer loop
     vertex -2.321459e+00 -1.075225e+01  4.000000e+01
     vertex -2.321459e+00 -1.075225e+01  1.500000e+01
     vertex -2.615563e+00 -1.068451e+01  1.500000e+01
   endloop
 endfacet
 facet normal  1.976125e-01  9.802802e-01  0.000000e+00
   outer loop
     vertex -2.025607e+00 -1.081189e+01  4.000000e+01
     vertex -2.321459e+00 -1.075225e+01  1.500000e+01
     vertex -2.321459e+00 -1.075225e+01  4.000000e+01
   endloop
 endfacet
 facet normal  1.976125e-01  9.802802e-01  0.000000e+00
   outer loop
     vertex -2.025607e+00 -1.081189e+01  4.000000e+01
     vertex -2.025607e+00 -1.081189e+01  1.500000e+01
     vertex -2.321459e+00 -1.075225e+01  1.500000e+01
   endloop
 endfacet
 facet normal  1.706451e-01  9.853326e-01  0.000000e+00
   outer loop
     vertex -1.728231e+00 -1.086339e+01  4.000000e+01
     vertex -2.025607e+00 -1.081189e+01  1.500000e+01
     vertex -2.025607e+00 -1.081189e+01  4.000000e+01
   endloop
 endfacet
 facet normal  1.706451e-01  9.853326e-01  0.000000e+00
   outer loop
     vertex -1.728231e+00 -1.086339e+01  4.000000e+01
     vertex -1.728231e+00 -1.086339e+01  1.500000e+01
     vertex -2.025607e+00 -1.081189e+01  1.500000e+01
   endloop
 endfacet
 facet normal  1.435492e-01  9.896432e-01  0.000000e+00
   outer loop
     vertex -1.429554e+00 -1.090671e+01  4.000000e+01
     vertex -1.728231e+00 -1.086339e+01  1.500000e+01
     vertex -1.728231e+00 -1.086339e+01  4.000000e+01
   endloop
 endfacet
 facet normal  1.435492e-01  9.896432e-01  0.000000e+00
   outer loop
     vertex -1.429554e+00 -1.090671e+01  4.000000e+01
     vertex -1.429554e+00 -1.090671e+01  1.500000e+01
     vertex -1.728231e+00 -1.086339e+01  1.500000e+01
   endloop
 endfacet
 facet normal  1.163452e-01  9.932088e-01  0.000000e+00
   outer loop
     vertex -1.129801e+00 -1.094183e+01  4.000000e+01
     vertex -1.429554e+00 -1.090671e+01  1.500000e+01
     vertex -1.429554e+00 -1.090671e+01  4.000000e+01
   endloop
 endfacet
 facet normal  1.163452e-01  9.932088e-01  0.000000e+00
   outer loop
     vertex -1.129801e+00 -1.094183e+01  4.000000e+01
     vertex -1.129801e+00 -1.094183e+01  1.500000e+01
     vertex -1.429554e+00 -1.090671e+01  1.500000e+01
   endloop
 endfacet
 facet normal  8.905371e-02  9.960268e-01  0.000000e+00
   outer loop
     vertex -8.291968e-01 -1.096870e+01  4.000000e+01
     vertex -1.129801e+00 -1.094183e+01  1.500000e+01
     vertex -1.129801e+00 -1.094183e+01  4.000000e+01
   endloop
 endfacet
 facet normal  8.905371e-02  9.960268e-01  0.000000e+00
   outer loop
     vertex -8.291968e-01 -1.096870e+01  4.000000e+01
     vertex -8.291968e-01 -1.096870e+01  1.500000e+01
     vertex -1.129801e+00 -1.094183e+01  1.500000e+01
   endloop
 endfacet
 facet normal  6.169515e-02  9.980950e-01  0.000000e+00
   outer loop
     vertex -8.291968e-01 -1.096870e+01  4.000000e+01
     vertex -5.279688e-01 -1.098732e+01  1.500000e+01
     vertex -8.291968e-01 -1.096870e+01  1.500000e+01
   endloop
 endfacet
 facet normal  6.169515e-02  9.980950e-01  0.000000e+00
   outer loop
     vertex -5.279688e-01 -1.098732e+01  4.000000e+01
     vertex -5.279688e-01 -1.098732e+01  1.500000e+01
     vertex -8.291968e-01 -1.096870e+01  4.000000e+01
   endloop
 endfacet
 facet normal  3.429014e-02  9.994119e-01  0.000000e+00
   outer loop
     vertex -2.263433e-01 -1.099767e+01  4.000000e+01
     vertex -5.279688e-01 -1.098732e+01  1.500000e+01
     vertex -5.279688e-01 -1.098732e+01  4.000000e+01
   endloop
 endfacet
 facet normal  3.429014e-02  9.994119e-01  0.000000e+00
   outer loop
     vertex -2.263433e-01 -1.099767e+01  4.000000e+01
     vertex -2.263433e-01 -1.099767e+01  1.500000e+01
     vertex -5.279688e-01 -1.098732e+01  1.500000e+01
   endloop
 endfacet
 facet normal  6.859319e-03  9.999765e-01  0.000000e+00
   outer loop
     vertex -2.263433e-01 -1.099767e+01  4.000000e+01
     vertex  7.545251e-02 -1.099974e+01  1.500000e+01
     vertex -2.263433e-01 -1.099767e+01  1.500000e+01
   endloop
 endfacet
 facet normal  6.859319e-03  9.999765e-01  0.000000e+00
   outer loop
     vertex  7.545251e-02 -1.099974e+01  4.000000e+01
     vertex  7.545251e-02 -1.099974e+01  1.500000e+01
     vertex -2.263433e-01 -1.099767e+01  4.000000e+01
   endloop
 endfacet
 facet normal -2.057667e-02  9.997883e-01  0.000000e+00
   outer loop
     vertex  3.771915e-01 -1.099353e+01  4.000000e+01
     vertex  7.545251e-02 -1.099974e+01  1.500000e+01
     vertex  7.545251e-02 -1.099974e+01  4.000000e+01
   endloop
 endfacet
 facet normal -2.057667e-02  9.997883e-01  0.000000e+00
   outer loop
     vertex  3.771915e-01 -1.099353e+01  4.000000e+01
     vertex  3.771915e-01 -1.099353e+01  1.500000e+01
     vertex  7.545251e-02 -1.099974e+01  1.500000e+01
   endloop
 endfacet
 facet normal -4.799716e-02  9.988475e-01  0.000000e+00
   outer loop
     vertex  6.786466e-01 -1.097905e+01  4.000000e+01
     vertex  6.786466e-01 -1.097905e+01  1.500000e+01
     vertex  3.771915e-01 -1.099353e+01  1.500000e+01
   endloop
 endfacet
 facet normal -4.799716e-02  9.988475e-01  0.000000e+00
   outer loop
     vertex  6.786466e-01 -1.097905e+01  4.000000e+01
     vertex  3.771915e-01 -1.099353e+01  1.500000e+01
     vertex  3.771915e-01 -1.099353e+01  4.000000e+01
   endloop
 endfacet
 facet normal -7.538152e-02  9.971548e-01  0.000000e+00
   outer loop
     vertex  9.795909e-01 -1.095630e+01  4.000000e+01
     vertex  9.795909e-01 -1.095630e+01  1.500000e+01
     vertex  6.786466e-01 -1.097905e+01  1.500000e+01
   endloop
 endfacet
 facet normal -7.538152e-02  9.971548e-01  0.000000e+00
   outer loop
     vertex  9.795909e-01 -1.095630e+01  4.000000e+01
     vertex  6.786466e-01 -1.097905e+01  1.500000e+01
     vertex  6.786466e-01 -1.097905e+01  4.000000e+01
   endloop
 endfacet
 facet normal -1.027091e-01  9.947114e-01  0.000000e+00
   outer loop
     vertex  1.279798e+00 -1.092530e+01  4.000000e+01
     vertex  1.279798e+00 -1.092530e+01  1.500000e+01
     vertex  9.795909e-01 -1.095630e+01  1.500000e+01
   endloop
 endfacet
 facet normal -1.027091e-01  9.947114e-01  0.000000e+00
   outer loop
     vertex  1.279798e+00 -1.092530e+01  4.000000e+01
     vertex  9.795909e-01 -1.095630e+01  1.500000e+01
     vertex  9.795909e-01 -1.095630e+01  4.000000e+01
   endloop
 endfacet
 facet normal -1.299594e-01  9.915193e-01  0.000000e+00
   outer loop
     vertex  1.579041e+00 -1.088608e+01  4.000000e+01
     vertex  1.579041e+00 -1.088608e+01  1.500000e+01
     vertex  1.279798e+00 -1.092530e+01  1.500000e+01
   endloop
 endfacet
 facet normal -1.299594e-01  9.915193e-01  0.000000e+00
   outer loop
     vertex  1.579041e+00 -1.088608e+01  4.000000e+01
     vertex  1.279798e+00 -1.092530e+01  1.500000e+01
     vertex  1.279798e+00 -1.092530e+01  4.000000e+01
   endloop
 endfacet
 facet normal -1.571119e-01  9.875808e-01  0.000000e+00
   outer loop
     vertex  1.877096e+00 -1.083866e+01  4.000000e+01
     vertex  1.877096e+00 -1.083866e+01  1.500000e+01
     vertex  1.579041e+00 -1.088608e+01  1.500000e+01
   endloop
 endfacet
 facet normal -1.841461e-01  9.828989e-01  0.000000e+00
   outer loop
     vertex  1.877096e+00 -1.083866e+01  4.000000e+01
     vertex  2.173738e+00 -1.078308e+01  1.500000e+01
     vertex  1.877096e+00 -1.083866e+01  1.500000e+01
   endloop
 endfacet
 facet normal -1.571119e-01  9.875808e-01  0.000000e+00
   outer loop
     vertex  1.877096e+00 -1.083866e+01  4.000000e+01
     vertex  1.579041e+00 -1.088608e+01  1.500000e+01
     vertex  1.579041e+00 -1.088608e+01  4.000000e+01
   endloop
 endfacet
 facet normal -1.841461e-01  9.828989e-01  0.000000e+00
   outer loop
     vertex  2.173738e+00 -1.078308e+01  4.000000e+01
     vertex  2.173738e+00 -1.078308e+01  1.500000e+01
     vertex  1.877096e+00 -1.083866e+01  4.000000e+01
   endloop
 endfacet
 facet normal -2.110417e-01  9.774771e-01  0.000000e+00
   outer loop
     vertex  2.468743e+00 -1.071939e+01  4.000000e+01
     vertex  2.468743e+00 -1.071939e+01  1.500000e+01
     vertex  2.173738e+00 -1.078308e+01  1.500000e+01
   endloop
 endfacet
 facet normal -2.110417e-01  9.774771e-01  0.000000e+00
   outer loop
     vertex  2.468743e+00 -1.071939e+01  4.000000e+01
     vertex  2.173738e+00 -1.078308e+01  1.500000e+01
     vertex  2.173738e+00 -1.078308e+01  4.000000e+01
   endloop
 endfacet
 facet normal -2.377784e-01  9.713194e-01  0.000000e+00
   outer loop
     vertex  2.761890e+00 -1.064763e+01  4.000000e+01
     vertex  2.761890e+00 -1.064763e+01  1.500000e+01
     vertex  2.468743e+00 -1.071939e+01  1.500000e+01
   endloop
 endfacet
 facet normal -2.377784e-01  9.713194e-01  0.000000e+00
   outer loop
     vertex  2.761890e+00 -1.064763e+01  4.000000e+01
     vertex  2.468743e+00 -1.071939e+01  1.500000e+01
     vertex  2.468743e+00 -1.071939e+01  4.000000e+01
   endloop
 endfacet
 facet normal -2.643362e-01  9.644306e-01  0.000000e+00
   outer loop
     vertex  3.052958e+00 -1.056785e+01  4.000000e+01
     vertex  3.052958e+00 -1.056785e+01  1.500000e+01
     vertex  2.761890e+00 -1.064763e+01  1.500000e+01
   endloop
 endfacet
 facet normal -2.643362e-01  9.644306e-01  0.000000e+00
   outer loop
     vertex  3.052958e+00 -1.056785e+01  4.000000e+01
     vertex  2.761890e+00 -1.064763e+01  1.500000e+01
     vertex  2.761890e+00 -1.064763e+01  4.000000e+01
   endloop
 endfacet
 facet normal -2.906949e-01  9.568158e-01  0.000000e+00
   outer loop
     vertex  3.341728e+00 -1.048012e+01  4.000000e+01
     vertex  3.341728e+00 -1.048012e+01  1.500000e+01
     vertex  3.052958e+00 -1.056785e+01  1.500000e+01
   endloop
 endfacet
 facet normal -3.168348e-01  9.484807e-01  0.000000e+00
   outer loop
     vertex  3.341728e+00 -1.048012e+01  4.000000e+01
     vertex  3.627982e+00 -1.038450e+01  1.500000e+01
     vertex  3.341728e+00 -1.048012e+01  1.500000e+01
   endloop
 endfacet
 facet normal -2.906949e-01  9.568158e-01  0.000000e+00
   outer loop
     vertex  3.341728e+00 -1.048012e+01  4.000000e+01
     vertex  3.052958e+00 -1.056785e+01  1.500000e+01
     vertex  3.052958e+00 -1.056785e+01  4.000000e+01
   endloop
 endfacet
 facet normal -3.168348e-01  9.484807e-01  0.000000e+00
   outer loop
     vertex  3.627982e+00 -1.038450e+01  4.000000e+01
     vertex  3.627982e+00 -1.038450e+01  1.500000e+01
     vertex  3.341728e+00 -1.048012e+01  4.000000e+01
   endloop
 endfacet
 facet normal -3.427362e-01  9.394317e-01  0.000000e+00
   outer loop
     vertex  3.911505e+00 -1.028106e+01  4.000000e+01
     vertex  3.911505e+00 -1.028106e+01  1.500000e+01
     vertex  3.627982e+00 -1.038450e+01  1.500000e+01
   endloop
 endfacet
 facet normal -3.427362e-01  9.394317e-01  0.000000e+00
   outer loop
     vertex  3.911505e+00 -1.028106e+01  4.000000e+01
     vertex  3.627982e+00 -1.038450e+01  1.500000e+01
     vertex  3.627982e+00 -1.038450e+01  4.000000e+01
   endloop
 endfacet
 facet normal -3.683796e-01  9.296754e-01  0.000000e+00
   outer loop
     vertex  4.192084e+00 -1.016988e+01  4.000000e+01
     vertex  4.192084e+00 -1.016988e+01  1.500000e+01
     vertex  3.911505e+00 -1.028106e+01  1.500000e+01
   endloop
 endfacet
 facet normal -3.683796e-01  9.296754e-01  0.000000e+00
   outer loop
     vertex  4.192084e+00 -1.016988e+01  4.000000e+01
     vertex  3.911505e+00 -1.028106e+01  1.500000e+01
     vertex  3.911505e+00 -1.028106e+01  4.000000e+01
   endloop
 endfacet
 facet normal -3.937458e-01  9.192194e-01  0.000000e+00
   outer loop
     vertex  4.469507e+00 -1.005104e+01  4.000000e+01
     vertex  4.192084e+00 -1.016988e+01  1.500000e+01
     vertex  4.192084e+00 -1.016988e+01  4.000000e+01
   endloop
 endfacet
 facet normal -3.937458e-01  9.192194e-01  0.000000e+00
   outer loop
     vertex  4.469507e+00 -1.005104e+01  4.000000e+01
     vertex  4.469507e+00 -1.005104e+01  1.500000e+01
     vertex  4.192084e+00 -1.016988e+01  1.500000e+01
   endloop
 endfacet
 facet normal -4.188155e-01  9.080714e-01  0.000000e+00
   outer loop
     vertex  4.743566e+00 -9.924645e+00  4.000000e+01
     vertex  4.469507e+00 -1.005104e+01  1.500000e+01
     vertex  4.469507e+00 -1.005104e+01  4.000000e+01
   endloop
 endfacet
 facet normal -4.188155e-01  9.080714e-01  0.000000e+00
   outer loop
     vertex  4.743566e+00 -9.924645e+00  4.000000e+01
     vertex  4.743566e+00 -9.924645e+00  1.500000e+01
     vertex  4.469507e+00 -1.005104e+01  1.500000e+01
   endloop
 endfacet
 facet normal -4.435699e-01  8.962398e-01  0.000000e+00
   outer loop
     vertex  4.743566e+00 -9.924645e+00  4.000000e+01
     vertex  5.014054e+00 -9.790775e+00  1.500000e+01
     vertex  4.743566e+00 -9.924645e+00  1.500000e+01
   endloop
 endfacet
 facet normal -4.435699e-01  8.962398e-01  0.000000e+00
   outer loop
     vertex  5.014054e+00 -9.790775e+00  4.000000e+01
     vertex  5.014054e+00 -9.790775e+00  1.500000e+01
     vertex  4.743566e+00 -9.924645e+00  4.000000e+01
   endloop
 endfacet
 facet normal -4.679904e-01  8.837335e-01  0.000000e+00
   outer loop
     vertex  5.280767e+00 -9.649534e+00  4.000000e+01
     vertex  5.014054e+00 -9.790775e+00  1.500000e+01
     vertex  5.014054e+00 -9.790775e+00  4.000000e+01
   endloop
 endfacet
 facet normal -4.679904e-01  8.837335e-01  0.000000e+00
   outer loop
     vertex  5.280767e+00 -9.649534e+00  4.000000e+01
     vertex  5.280767e+00 -9.649534e+00  1.500000e+01
     vertex  5.014054e+00 -9.790775e+00  1.500000e+01
   endloop
 endfacet
 facet normal -4.920587e-01  8.705620e-01  0.000000e+00
   outer loop
     vertex  5.543505e+00 -9.501029e+00  4.000000e+01
     vertex  5.543505e+00 -9.501029e+00  1.500000e+01
     vertex  5.280767e+00 -9.649534e+00  1.500000e+01
   endloop
 endfacet
 facet normal -4.920587e-01  8.705620e-01  0.000000e+00
   outer loop
     vertex  5.543505e+00 -9.501029e+00  4.000000e+01
     vertex  5.280767e+00 -9.649534e+00  1.500000e+01
     vertex  5.280767e+00 -9.649534e+00  4.000000e+01
   endloop
 endfacet
 facet normal -5.157565e-01  8.567352e-01  0.000000e+00
   outer loop
     vertex  5.802070e+00 -9.345372e+00  4.000000e+01
     vertex  5.802070e+00 -9.345372e+00  1.500000e+01
     vertex  5.543505e+00 -9.501029e+00  1.500000e+01
   endloop
 endfacet
 facet normal -5.157565e-01  8.567352e-01  0.000000e+00
   outer loop
     vertex  5.802070e+00 -9.345372e+00  4.000000e+01
     vertex  5.543505e+00 -9.501029e+00  1.500000e+01
     vertex  5.543505e+00 -9.501029e+00  4.000000e+01
   endloop
 endfacet
 facet normal -5.390661e-01  8.422635e-01  0.000000e+00
   outer loop
     vertex  6.056268e+00 -9.182680e+00  4.000000e+01
     vertex  6.056268e+00 -9.182680e+00  1.500000e+01
     vertex  5.802070e+00 -9.345372e+00  1.500000e+01
   endloop
 endfacet
 facet normal -5.619699e-01  8.271577e-01  0.000000e+00
   outer loop
     vertex  6.056268e+00 -9.182680e+00  4.000000e+01
     vertex  6.305907e+00 -9.013076e+00  1.500000e+01
     vertex  6.056268e+00 -9.182680e+00  1.500000e+01
   endloop
 endfacet
 facet normal -5.390661e-01  8.422635e-01  0.000000e+00
   outer loop
     vertex  6.056268e+00 -9.182680e+00  4.000000e+01
     vertex  5.802070e+00 -9.345372e+00  1.500000e+01
     vertex  5.802070e+00 -9.345372e+00  4.000000e+01
   endloop
 endfacet
 facet normal -5.619699e-01  8.271577e-01  0.000000e+00
   outer loop
     vertex  6.305907e+00 -9.013076e+00  4.000000e+01
     vertex  6.305907e+00 -9.013076e+00  1.500000e+01
     vertex  6.056268e+00 -9.182680e+00  4.000000e+01
   endloop
 endfacet
 facet normal -5.844507e-01  8.114292e-01  0.000000e+00
   outer loop
     vertex  6.550798e+00 -8.836687e+00  4.000000e+01
     vertex  6.550798e+00 -8.836687e+00  1.500000e+01
     vertex  6.305907e+00 -9.013076e+00  1.500000e+01
   endloop
 endfacet
 facet normal -5.844507e-01  8.114292e-01  0.000000e+00
   outer loop
     vertex  6.550798e+00 -8.836687e+00  4.000000e+01
     vertex  6.305907e+00 -9.013076e+00  1.500000e+01
     vertex  6.305907e+00 -9.013076e+00  4.000000e+01
   endloop
 endfacet
 facet normal -6.064915e-01  7.950900e-01  0.000000e+00
   outer loop
     vertex  6.790759e+00 -8.653646e+00  4.000000e+01
     vertex  6.790759e+00 -8.653646e+00  1.500000e+01
     vertex  6.550798e+00 -8.836687e+00  1.500000e+01
   endloop
 endfacet
 facet normal -6.064915e-01  7.950900e-01  0.000000e+00
   outer loop
     vertex  6.790759e+00 -8.653646e+00  4.000000e+01
     vertex  6.550798e+00 -8.836687e+00  1.500000e+01
     vertex  6.550798e+00 -8.836687e+00  4.000000e+01
   endloop
 endfacet
 facet normal -6.280757e-01  7.781522e-01  0.000000e+00
   outer loop
     vertex  7.025607e+00 -8.464091e+00  4.000000e+01
     vertex  7.025607e+00 -8.464091e+00  1.500000e+01
     vertex  6.790759e+00 -8.653646e+00  1.500000e+01
   endloop
 endfacet
 facet normal -6.491872e-01  7.606287e-01  0.000000e+00
   outer loop
     vertex  7.025607e+00 -8.464091e+00  4.000000e+01
     vertex  7.255167e+00 -8.268165e+00  1.500000e+01
     vertex  7.025607e+00 -8.464091e+00  1.500000e+01
   endloop
 endfacet
 facet normal -6.280757e-01  7.781522e-01  0.000000e+00
   outer loop
     vertex  7.025607e+00 -8.464091e+00  4.000000e+01
     vertex  6.790759e+00 -8.653646e+00  1.500000e+01
     vertex  6.790759e+00 -8.653646e+00  4.000000e+01
   endloop
 endfacet
 facet normal -6.491872e-01  7.606287e-01  0.000000e+00
   outer loop
     vertex  7.255167e+00 -8.268165e+00  4.000000e+01
     vertex  7.255167e+00 -8.268165e+00  1.500000e+01
     vertex  7.025607e+00 -8.464091e+00  4.000000e+01
   endloop
 endfacet
 facet normal -6.698100e-01  7.425325e-01  0.000000e+00
   outer loop
     vertex  7.479266e+00 -8.066014e+00  4.000000e+01
     vertex  7.479266e+00 -8.066014e+00  1.500000e+01
     vertex  7.255167e+00 -8.268165e+00  1.500000e+01
   endloop
 endfacet
 facet normal -6.698100e-01  7.425325e-01  0.000000e+00
   outer loop
     vertex  7.479266e+00 -8.066014e+00  4.000000e+01
     vertex  7.255167e+00 -8.268165e+00  1.500000e+01
     vertex  7.255167e+00 -8.268165e+00  4.000000e+01
   endloop
 endfacet
 facet normal -6.899286e-01  7.238775e-01  0.000000e+00
   outer loop
     vertex  7.697734e+00 -7.857792e+00  4.000000e+01
     vertex  7.697734e+00 -7.857792e+00  1.500000e+01
     vertex  7.479266e+00 -8.066014e+00  1.500000e+01
   endloop
 endfacet
 facet normal -6.899286e-01  7.238775e-01  0.000000e+00
   outer loop
     vertex  7.697734e+00 -7.857792e+00  4.000000e+01
     vertex  7.479266e+00 -8.066014e+00  1.500000e+01
     vertex  7.479266e+00 -8.066014e+00  4.000000e+01
   endloop
 endfacet
 facet normal -7.095278e-01  7.046775e-01  0.000000e+00
   outer loop
     vertex  7.910408e+00 -7.643654e+00  4.000000e+01
     vertex  7.910408e+00 -7.643654e+00  1.500000e+01
     vertex  7.697734e+00 -7.857792e+00  1.500000e+01
   endloop
 endfacet
 facet normal -7.095278e-01  7.046775e-01  0.000000e+00
   outer loop
     vertex  7.910408e+00 -7.643654e+00  4.000000e+01
     vertex  7.697734e+00 -7.857792e+00  1.500000e+01
     vertex  7.697734e+00 -7.857792e+00  4.000000e+01
   endloop
 endfacet
 facet normal -7.285929e-01  6.849470e-01  0.000000e+00
   outer loop
     vertex  8.117127e+00 -7.423763e+00  4.000000e+01
     vertex  8.117127e+00 -7.423763e+00  1.500000e+01
     vertex  7.910408e+00 -7.643654e+00  1.500000e+01
   endloop
 endfacet
 facet normal -7.285929e-01  6.849470e-01  0.000000e+00
   outer loop
     vertex  8.117127e+00 -7.423763e+00  4.000000e+01
     vertex  7.910408e+00 -7.643654e+00  1.500000e+01
     vertex  7.910408e+00 -7.643654e+00  4.000000e+01
   endloop
 endfacet
 facet normal -7.471095e-01  6.647010e-01  0.000000e+00
   outer loop
     vertex  8.317736e+00 -7.198283e+00  4.000000e+01
     vertex  8.317736e+00 -7.198283e+00  1.500000e+01
     vertex  8.117127e+00 -7.423763e+00  1.500000e+01
   endloop
 endfacet
 facet normal -7.471095e-01  6.647010e-01  0.000000e+00
   outer loop
     vertex  8.317736e+00 -7.198283e+00  4.000000e+01
     vertex  8.117127e+00 -7.423763e+00  1.500000e+01
     vertex  8.117127e+00 -7.423763e+00  4.000000e+01
   endloop
 endfacet
 facet normal -7.650637e-01  6.439545e-01  0.000000e+00
   outer loop
     vertex  8.512083e+00 -6.967384e+00  4.000000e+01
     vertex  8.512083e+00 -6.967384e+00  1.500000e+01
     vertex  8.317736e+00 -7.198283e+00  1.500000e+01
   endloop
 endfacet
 facet normal -7.650637e-01  6.439545e-01  0.000000e+00
   outer loop
     vertex  8.512083e+00 -6.967384e+00  4.000000e+01
     vertex  8.317736e+00 -7.198283e+00  1.500000e+01
     vertex  8.317736e+00 -7.198283e+00  4.000000e+01
   endloop
 endfacet
 facet normal -7.824421e-01  6.227234e-01  0.000000e+00
   outer loop
     vertex  8.700023e+00 -6.731241e+00  4.000000e+01
     vertex  8.700023e+00 -6.731241e+00  1.500000e+01
     vertex  8.512083e+00 -6.967384e+00  1.500000e+01
   endloop
 endfacet
 facet normal -7.824421e-01  6.227234e-01  0.000000e+00
   outer loop
     vertex  8.700023e+00 -6.731241e+00  4.000000e+01
     vertex  8.512083e+00 -6.967384e+00  1.500000e+01
     vertex  8.512083e+00 -6.967384e+00  4.000000e+01
   endloop
 endfacet
 facet normal -7.992314e-01  6.010234e-01  0.000000e+00
   outer loop
     vertex  8.881413e+00 -6.490031e+00  4.000000e+01
     vertex  8.881413e+00 -6.490031e+00  1.500000e+01
     vertex  8.700023e+00 -6.731241e+00  1.500000e+01
   endloop
 endfacet
 facet normal -7.992314e-01  6.010234e-01  0.000000e+00
   outer loop
     vertex  8.881413e+00 -6.490031e+00  4.000000e+01
     vertex  8.700023e+00 -6.731241e+00  1.500000e+01
     vertex  8.700023e+00 -6.731241e+00  4.000000e+01
   endloop
 endfacet
 facet normal -8.154191e-01  5.788711e-01  0.000000e+00
   outer loop
     vertex  9.056118e+00 -6.243935e+00  4.000000e+01
     vertex  9.056118e+00 -6.243935e+00  1.500000e+01
     vertex  8.881413e+00 -6.490031e+00  1.500000e+01
   endloop
 endfacet
 facet normal -8.154191e-01  5.788711e-01  0.000000e+00
   outer loop
     vertex  9.056118e+00 -6.243935e+00  4.000000e+01
     vertex  8.881413e+00 -6.490031e+00  1.500000e+01
     vertex  8.881413e+00 -6.490031e+00  4.000000e+01
   endloop
 endfacet
 facet normal -8.309929e-01  5.562829e-01  0.000000e+00
   outer loop
     vertex  9.224006e+00 -5.993139e+00  4.000000e+01
     vertex  9.224006e+00 -5.993139e+00  1.500000e+01
     vertex  9.056118e+00 -6.243935e+00  1.500000e+01
   endloop
 endfacet
 facet normal -8.309929e-01  5.562829e-01  0.000000e+00
   outer loop
     vertex  9.224006e+00 -5.993139e+00  4.000000e+01
     vertex  9.056118e+00 -6.243935e+00  1.500000e+01
     vertex  9.056118e+00 -6.243935e+00  4.000000e+01
   endloop
 endfacet
 facet normal -8.459413e-01  5.332761e-01  0.000000e+00
   outer loop
     vertex  9.384950e+00 -5.737831e+00  4.000000e+01
     vertex  9.384950e+00 -5.737831e+00  1.500000e+01
     vertex  9.224006e+00 -5.993139e+00  1.500000e+01
   endloop
 endfacet
 facet normal -8.459413e-01  5.332761e-01  0.000000e+00
   outer loop
     vertex  9.384950e+00 -5.737831e+00  4.000000e+01
     vertex  9.224006e+00 -5.993139e+00  1.500000e+01
     vertex  9.224006e+00 -5.993139e+00  4.000000e+01
   endloop
 endfacet
 facet normal -8.602528e-01  5.098678e-01  0.000000e+00
   outer loop
     vertex  9.538830e+00 -5.478204e+00  4.000000e+01
     vertex  9.538830e+00 -5.478204e+00  1.500000e+01
     vertex  9.384950e+00 -5.737831e+00  1.500000e+01
   endloop
 endfacet
 facet normal -8.602528e-01  5.098678e-01  0.000000e+00
   outer loop
     vertex  9.538830e+00 -5.478204e+00  4.000000e+01
     vertex  9.384950e+00 -5.737831e+00  1.500000e+01
     vertex  9.384950e+00 -5.737831e+00  4.000000e+01
   endloop
 endfacet
 facet normal -8.739167e-01  4.860756e-01  0.000000e+00
   outer loop
     vertex  9.685529e+00 -5.214454e+00  4.000000e+01
     vertex  9.685529e+00 -5.214454e+00  1.500000e+01
     vertex  9.538830e+00 -5.478204e+00  1.500000e+01
   endloop
 endfacet
 facet normal -8.739167e-01  4.860756e-01  0.000000e+00
   outer loop
     vertex  9.685529e+00 -5.214454e+00  4.000000e+01
     vertex  9.538830e+00 -5.478204e+00  1.500000e+01
     vertex  9.538830e+00 -5.478204e+00  4.000000e+01
   endloop
 endfacet
 facet normal -8.869228e-01  4.619176e-01  0.000000e+00
   outer loop
     vertex  9.824937e+00 -4.946778e+00  4.000000e+01
     vertex  9.824937e+00 -4.946778e+00  1.500000e+01
     vertex  9.685529e+00 -5.214454e+00  1.500000e+01
   endloop
 endfacet
 facet normal -8.869228e-01  4.619176e-01  0.000000e+00
   outer loop
     vertex  9.824937e+00 -4.946778e+00  4.000000e+01
     vertex  9.685529e+00 -5.214454e+00  1.500000e+01
     vertex  9.685529e+00 -5.214454e+00  4.000000e+01
   endloop
 endfacet
 facet normal -8.992613e-01  4.374119e-01  0.000000e+00
   outer loop
     vertex  9.956949e+00 -4.675378e+00  4.000000e+01
     vertex  9.824937e+00 -4.946778e+00  1.500000e+01
     vertex  9.824937e+00 -4.946778e+00  4.000000e+01
   endloop
 endfacet
 facet normal -8.992613e-01  4.374119e-01  0.000000e+00
   outer loop
     vertex  9.956949e+00 -4.675378e+00  4.000000e+01
     vertex  9.956949e+00 -4.675378e+00  1.500000e+01
     vertex  9.824937e+00 -4.946778e+00  1.500000e+01
   endloop
 endfacet
 facet normal -9.109228e-01  4.125769e-01  0.000000e+00
   outer loop
     vertex  1.008147e+01 -4.400459e+00  4.000000e+01
     vertex  9.956949e+00 -4.675378e+00  1.500000e+01
     vertex  9.956949e+00 -4.675378e+00  4.000000e+01
   endloop
 endfacet
 facet normal -9.109228e-01  4.125769e-01  0.000000e+00
   outer loop
     vertex  1.008147e+01 -4.400459e+00  4.000000e+01
     vertex  1.008147e+01 -4.400459e+00  1.500000e+01
     vertex  9.956949e+00 -4.675378e+00  1.500000e+01
   endloop
 endfacet
 facet normal -9.218986e-01  3.874313e-01  0.000000e+00
   outer loop
     vertex  1.019839e+01 -4.122227e+00  4.000000e+01
     vertex  1.008147e+01 -4.400459e+00  1.500000e+01
     vertex  1.008147e+01 -4.400459e+00  4.000000e+01
   endloop
 endfacet
 facet normal -9.218986e-01  3.874313e-01  0.000000e+00
   outer loop
     vertex  1.019839e+01 -4.122227e+00  4.000000e+01
     vertex  1.019839e+01 -4.122227e+00  1.500000e+01
     vertex  1.008147e+01 -4.400459e+00  1.500000e+01
   endloop
 endfacet
 facet normal -9.321804e-01  3.619940e-01  0.000000e+00
   outer loop
     vertex  1.030765e+01 -3.840892e+00  4.000000e+01
     vertex  1.019839e+01 -4.122227e+00  1.500000e+01
     vertex  1.019839e+01 -4.122227e+00  4.000000e+01
   endloop
 endfacet
 facet normal -9.321804e-01  3.619940e-01  0.000000e+00
   outer loop
     vertex  1.030765e+01 -3.840892e+00  4.000000e+01
     vertex  1.030765e+01 -3.840892e+00  1.500000e+01
     vertex  1.019839e+01 -4.122227e+00  1.500000e+01
   endloop
 endfacet
 facet normal -9.417605e-01  3.362843e-01  0.000000e+00
   outer loop
     vertex  1.040914e+01 -3.556666e+00  4.000000e+01
     vertex  1.030765e+01 -3.840892e+00  1.500000e+01
     vertex  1.030765e+01 -3.840892e+00  4.000000e+01
   endloop
 endfacet
 facet normal -9.417605e-01  3.362843e-01  0.000000e+00
   outer loop
     vertex  1.040914e+01 -3.556666e+00  4.000000e+01
     vertex  1.040914e+01 -3.556666e+00  1.500000e+01
     vertex  1.030765e+01 -3.840892e+00  1.500000e+01
   endloop
 endfacet
 facet normal -9.506317e-01  3.103214e-01  0.000000e+00
   outer loop
     vertex  1.040914e+01 -3.556666e+00  4.000000e+01
     vertex  1.050279e+01 -3.269763e+00  1.500000e+01
     vertex  1.040914e+01 -3.556666e+00  1.500000e+01
   endloop
 endfacet
 facet normal -9.506317e-01  3.103214e-01  0.000000e+00
   outer loop
     vertex  1.050279e+01 -3.269763e+00  4.000000e+01
     vertex  1.050279e+01 -3.269763e+00  1.500000e+01
     vertex  1.040914e+01 -3.556666e+00  4.000000e+01
   endloop
 endfacet
 facet normal -9.587873e-01  2.841250e-01  0.000000e+00
   outer loop
     vertex  1.058854e+01 -2.980398e+00  4.000000e+01
     vertex  1.050279e+01 -3.269763e+00  1.500000e+01
     vertex  1.050279e+01 -3.269763e+00  4.000000e+01
   endloop
 endfacet
 facet normal -9.587873e-01  2.841250e-01  0.000000e+00
   outer loop
     vertex  1.058854e+01 -2.980398e+00  4.000000e+01
     vertex  1.058854e+01 -2.980398e+00  1.500000e+01
     vertex  1.050279e+01 -3.269763e+00  1.500000e+01
   endloop
 endfacet
 facet normal -9.662211e-01  2.577146e-01  0.000000e+00
   outer loop
     vertex  1.066632e+01 -2.688790e+00  4.000000e+01
     vertex  1.058854e+01 -2.980398e+00  1.500000e+01
     vertex  1.058854e+01 -2.980398e+00  4.000000e+01
   endloop
 endfacet
 facet normal -9.662211e-01  2.577146e-01  0.000000e+00
   outer loop
     vertex  1.066632e+01 -2.688790e+00  4.000000e+01
     vertex  1.066632e+01 -2.688790e+00  1.500000e+01
     vertex  1.058854e+01 -2.980398e+00  1.500000e+01
   endloop
 endfacet
 facet normal -9.729276e-01  2.311102e-01  0.000000e+00
   outer loop
     vertex  1.073607e+01 -2.395157e+00  4.000000e+01
     vertex  1.066632e+01 -2.688790e+00  1.500000e+01
     vertex  1.066632e+01 -2.688790e+00  4.000000e+01
   endloop
 endfacet
 facet normal -9.729276e-01  2.311102e-01  0.000000e+00
   outer loop
     vertex  1.073607e+01 -2.395157e+00  4.000000e+01
     vertex  1.073607e+01 -2.395157e+00  1.500000e+01
     vertex  1.066632e+01 -2.688790e+00  1.500000e+01
   endloop
 endfacet
 facet normal -9.789017e-01  2.043319e-01  0.000000e+00
   outer loop
     vertex  1.079774e+01 -2.099722e+00  4.000000e+01
     vertex  1.073607e+01 -2.395157e+00  1.500000e+01
     vertex  1.073607e+01 -2.395157e+00  4.000000e+01
   endloop
 endfacet
 facet normal -9.789017e-01  2.043319e-01  0.000000e+00
   outer loop
     vertex  1.079774e+01 -2.099722e+00  4.000000e+01
     vertex  1.079774e+01 -2.099722e+00  1.500000e+01
     vertex  1.073607e+01 -2.395157e+00  1.500000e+01
   endloop
 endfacet
 facet normal -9.841389e-01  1.773998e-01  0.000000e+00
   outer loop
     vertex  1.085128e+01 -1.802706e+00  4.000000e+01
     vertex  1.079774e+01 -2.099722e+00  1.500000e+01
     vertex  1.079774e+01 -2.099722e+00  4.000000e+01
   endloop
 endfacet
 facet normal -9.841389e-01  1.773998e-01  0.000000e+00
   outer loop
     vertex  1.085128e+01 -1.802706e+00  4.000000e+01
     vertex  1.085128e+01 -1.802706e+00  1.500000e+01
     vertex  1.079774e+01 -2.099722e+00  1.500000e+01
   endloop
 endfacet
 facet normal -9.886353e-01  1.503341e-01  0.000000e+00
   outer loop
     vertex  1.089665e+01 -1.504333e+00  4.000000e+01
     vertex  1.085128e+01 -1.802706e+00  1.500000e+01
     vertex  1.085128e+01 -1.802706e+00  4.000000e+01
   endloop
 endfacet
 facet normal -9.886353e-01  1.503341e-01  0.000000e+00
   outer loop
     vertex  1.089665e+01 -1.504333e+00  4.000000e+01
     vertex  1.089665e+01 -1.504333e+00  1.500000e+01
     vertex  1.085128e+01 -1.802706e+00  1.500000e+01
   endloop
 endfacet
 facet normal -9.923874e-01  1.231552e-01  0.000000e+00
   outer loop
     vertex  1.093382e+01 -1.204827e+00  4.000000e+01
     vertex  1.089665e+01 -1.504333e+00  1.500000e+01
     vertex  1.089665e+01 -1.504333e+00  4.000000e+01
   endloop
 endfacet
 facet normal -9.923874e-01  1.231552e-01  0.000000e+00
   outer loop
     vertex  1.093382e+01 -1.204827e+00  4.000000e+01
     vertex  1.093382e+01 -1.204827e+00  1.500000e+01
     vertex  1.089665e+01 -1.504333e+00  1.500000e+01
   endloop
 endfacet
 facet normal -9.953925e-01  9.588368e-02  0.000000e+00
   outer loop
     vertex  1.096276e+01 -9.044151e-01  4.000000e+01
     vertex  1.096276e+01 -9.044151e-01  1.500000e+01
     vertex  1.093382e+01 -1.204827e+00  1.500000e+01
   endloop
 endfacet
 facet normal -9.976484e-01  6.853995e-02  0.000000e+00
   outer loop
     vertex  1.096276e+01 -9.044151e-01  4.000000e+01
     vertex  1.098344e+01 -6.033219e-01  1.500000e+01
     vertex  1.096276e+01 -9.044151e-01  1.500000e+01
   endloop
 endfacet
 facet normal -9.953925e-01  9.588368e-02  0.000000e+00
   outer loop
     vertex  1.096276e+01 -9.044151e-01  4.000000e+01
     vertex  1.093382e+01 -1.204827e+00  1.500000e+01
     vertex  1.093382e+01 -1.204827e+00  4.000000e+01
   endloop
 endfacet
 facet normal -9.976484e-01  6.853995e-02  0.000000e+00
   outer loop
     vertex  1.098344e+01 -6.033219e-01  4.000000e+01
     vertex  1.098344e+01 -6.033219e-01  1.500000e+01
     vertex  1.096276e+01 -9.044151e-01  4.000000e+01
   endloop
 endfacet
 facet normal -9.991532e-01  4.114462e-02  0.000000e+00
   outer loop
     vertex  1.099586e+01 -3.017745e-01  4.000000e+01
     vertex  1.099586e+01 -3.017745e-01  1.500000e+01
     vertex  1.098344e+01 -6.033219e-01  1.500000e+01
   endloop
 endfacet
 facet normal -9.991532e-01  4.114462e-02  0.000000e+00
   outer loop
     vertex  1.099586e+01 -3.017745e-01  4.000000e+01
     vertex  1.098344e+01 -6.033219e-01  1.500000e+01
     vertex  1.098344e+01 -6.033219e-01  4.000000e+01
   endloop
 endfacet
 facet normal -9.999059e-01  1.371831e-02  0.000000e+00
   outer loop
     vertex  1.100000e+01 -2.694223e-15  4.000000e+01
     vertex  1.100000e+01 -2.694223e-15  1.500000e+01
     vertex  1.099586e+01 -3.017745e-01  1.500000e+01
   endloop
 endfacet
 facet normal -9.999059e-01  1.371831e-02  0.000000e+00
   outer loop
     vertex  1.100000e+01 -2.694223e-15  4.000000e+01
     vertex  1.099586e+01 -3.017745e-01  1.500000e+01
     vertex  1.099586e+01 -3.017745e-01  4.000000e+01
   endloop
 endfacet
 facet normal  0.000000e+00  0.000000e+00  1.000000e+00
   outer loop
     vertex -8.606863e+00 -6.849957e+00  1.500000e+01
     vertex -8.415701e+00 -7.083500e+00  1.500000e+01
     vertex -8.218205e+00 -7.311711e+00  1.500000e+01
   endloop
 endfacet
 facet normal  0.000000e+00  0.000000e+00  1.000000e+00
   outer loop
     vertex -8.606863e+00 -6.849957e+00  1.500000e+01
     vertex -8.218205e+00 -7.311711e+00  1.500000e+01
     vertex -8.014522e+00 -7.534417e+00  1.500000e+01
   endloop
 endfacet
 facet normal  0.000000e+00  0.000000e+00  1.000000e+00
   outer loop
     vertex -6.671406e+00 -8.745990e+00  1.500000e+01
     vertex -7.804805e+00 -7.751452e+00  1.500000e+01
     vertex -7.589214e+00 -7.962652e+00  1.500000e+01
   endloop
 endfacet
 facet normal  0.000000e+00  0.000000e+00  1.000000e+00
   outer loop
     vertex -6.671406e+00 -8.745990e+00  1.500000e+01
     vertex -7.589214e+00 -7.962652e+00  1.500000e+01
     vertex -7.367910e+00 -8.167858e+00  1.500000e+01
   endloop
 endfacet
 facet normal  0.000000e+00  0.000000e+00  1.000000e+00
   outer loop
     vertex -6.671406e+00 -8.745990e+00  1.500000e+01
     vertex -7.367910e+00 -8.167858e+00  1.500000e+01
     vertex -7.141059e+00 -8.366915e+00  1.500000e+01
   endloop
 endfacet
 facet normal  0.000000e+00  0.000000e+00  1.000000e+00
   outer loop
     vertex -6.671406e+00 -8.745990e+00  1.500000e+01
     vertex -7.141059e+00 -8.366915e+00  1.500000e+01
     vertex -6.908833e+00 -8.559674e+00  1.500000e+01
   endloop
 endfacet
 facet normal  0.000000e+00  0.000000e+00  1.000000e+00
   outer loop
     vertex -6.428957e+00 -8.925722e+00  1.500000e+01
     vertex -7.804805e+00 -7.751452e+00  1.500000e+01
     vertex -6.671406e+00 -8.745990e+00  1.500000e+01
   endloop
 endfacet
 facet normal  0.000000e+00  0.000000e+00  1.000000e+00
   outer loop
     vertex -5.929727e+00 -9.264898e+00  1.500000e+01
     vertex -6.428957e+00 -8.925722e+00  1.500000e+01
     vertex -6.181669e+00 -9.098734e+00  1.500000e+01
   endloop
 endfacet
 facet normal  0.000000e+00  0.000000e+00  1.000000e+00
   outer loop
     vertex -5.147895e+00 -9.721069e+00  1.500000e+01
     vertex -5.673322e+00 -9.424087e+00  1.500000e+01
     vertex -5.412645e+00 -9.576182e+00  1.500000e+01
   endloop
 endfacet
 facet normal  0.000000e+00  0.000000e+00  1.000000e+00
   outer loop
     vertex -9.891874e+00 -4.811531e+00  1.500000e+01
     vertex -9.756151e+00 -5.081094e+00  1.500000e+01
     vertex -9.613084e+00 -5.346832e+00  1.500000e+01
   endloop
 endfacet
 facet normal  0.000000e+00  0.000000e+00  1.000000e+00
   outer loop
     vertex -9.891874e+00 -4.811531e+00  1.500000e+01
     vertex -9.613084e+00 -5.346832e+00  1.500000e+01
     vertex -9.462781e+00 -5.608545e+00  1.500000e+01
   endloop
 endfacet
 facet normal  0.000000e+00  0.000000e+00  1.000000e+00
   outer loop
     vertex -4.331203e+00 -1.011141e+01  1.500000e+01
     vertex -8.014522e+00 -7.534417e+00  1.500000e+01
     vertex -7.804805e+00 -7.751452e+00  1.500000e+01
   endloop
 endfacet
 facet normal  0.000000e+00  0.000000e+00  1.000000e+00
   outer loop
     vertex -4.331203e+00 -1.011141e+01  1.500000e+01
     vertex -5.929727e+00 -9.264898e+00  1.500000e+01
     vertex -5.673322e+00 -9.424087e+00  1.500000e+01
   endloop
 endfacet
 facet normal  0.000000e+00  0.000000e+00  1.000000e+00
   outer loop
     vertex -4.331203e+00 -1.011141e+01  1.500000e+01
     vertex -5.147895e+00 -9.721069e+00  1.500000e+01
     vertex -4.879269e+00 -9.858638e+00  1.500000e+01
   endloop
 endfacet
 facet normal  0.000000e+00  0.000000e+00  1.000000e+00
   outer loop
     vertex -4.331203e+00 -1.011141e+01  1.500000e+01
     vertex -7.804805e+00 -7.751452e+00  1.500000e+01
     vertex -6.428957e+00 -8.925722e+00  1.500000e+01
   endloop
 endfacet
 facet normal  0.000000e+00  0.000000e+00  1.000000e+00
   outer loop
     vertex -4.331203e+00 -1.011141e+01  1.500000e+01
     vertex -4.879269e+00 -9.858638e+00  1.500000e+01
     vertex -4.606970e+00 -9.988785e+00  1.500000e+01
   endloop
 endfacet
 facet normal  0.000000e+00  0.000000e+00  1.000000e+00
   outer loop
     vertex -4.331203e+00 -1.011141e+01  1.500000e+01
     vertex -6.428957e+00 -8.925722e+00  1.500000e+01
     vertex -5.929727e+00 -9.264898e+00  1.500000e+01
   endloop
 endfacet
 facet normal  0.000000e+00  0.000000e+00  1.000000e+00
   outer loop
     vertex -4.331203e+00 -1.011141e+01  1.500000e+01
     vertex -5.673322e+00 -9.424087e+00  1.500000e+01
     vertex -5.147895e+00 -9.721069e+00  1.500000e+01
   endloop
 endfacet
 facet normal  0.000000e+00  0.000000e+00  1.000000e+00
   outer loop
     vertex -1.014088e+01 -4.261744e+00  1.500000e+01
     vertex -1.002015e+01 -4.538345e+00  1.500000e+01
     vertex -9.891874e+00 -4.811531e+00  1.500000e+01
   endloop
 endfacet
 facet normal  0.000000e+00  0.000000e+00  1.000000e+00
   outer loop
     vertex -1.014088e+01 -4.261744e+00  1.500000e+01
     vertex -9.462781e+00 -5.608545e+00  1.500000e+01
     vertex -9.305354e+00 -5.866037e+00  1.500000e+01
   endloop
 endfacet
 facet normal  0.000000e+00  0.000000e+00  1.000000e+00
   outer loop
     vertex -1.014088e+01 -4.261744e+00  1.500000e+01
     vertex -9.891874e+00 -4.811531e+00  1.500000e+01
     vertex -9.462781e+00 -5.608545e+00  1.500000e+01
   endloop
 endfacet
 facet normal  0.000000e+00  0.000000e+00  1.000000e+00
   outer loop
     vertex -3.770099e+00 -1.033375e+01  1.500000e+01
     vertex -8.791545e+00 -6.611258e+00  1.500000e+01
     vertex -8.606863e+00 -6.849957e+00  1.500000e+01
   endloop
 endfacet
 facet normal  0.000000e+00  0.000000e+00  1.000000e+00
   outer loop
     vertex -3.770099e+00 -1.033375e+01  1.500000e+01
     vertex -8.606863e+00 -6.849957e+00  1.500000e+01
     vertex -8.014522e+00 -7.534417e+00  1.500000e+01
   endloop
 endfacet
 facet normal  0.000000e+00  0.000000e+00  1.000000e+00
   outer loop
     vertex -3.770099e+00 -1.033375e+01  1.500000e+01
     vertex -4.331203e+00 -1.011141e+01  1.500000e+01
     vertex -4.052176e+00 -1.022643e+01  1.500000e+01
   endloop
 endfacet
 facet normal  0.000000e+00  0.000000e+00  1.000000e+00
   outer loop
     vertex -3.770099e+00 -1.033375e+01  1.500000e+01
     vertex -8.014522e+00 -7.534417e+00  1.500000e+01
     vertex -4.331203e+00 -1.011141e+01  1.500000e+01
   endloop
 endfacet
 facet normal  0.000000e+00  0.000000e+00  1.000000e+00
   outer loop
     vertex -1.045695e+01 -3.413536e+00  1.500000e+01
     vertex -1.035937e+01 -3.699127e+00  1.500000e+01
     vertex -1.025398e+01 -3.981934e+00  1.500000e+01
   endloop
 endfacet
 facet normal  0.000000e+00  0.000000e+00  1.000000e+00
   outer loop
     vertex -1.045695e+01 -3.413536e+00  1.500000e+01
     vertex -1.025398e+01 -3.981934e+00  1.500000e+01
     vertex -1.014088e+01 -4.261744e+00  1.500000e+01
   endloop
 endfacet
 facet normal  0.000000e+00  0.000000e+00  1.000000e+00
   outer loop
     vertex -1.045695e+01 -3.413536e+00  1.500000e+01
     vertex -9.305354e+00 -5.866037e+00  1.500000e+01
     vertex -9.140922e+00 -6.119112e+00  1.500000e+01
   endloop
 endfacet
 facet normal  0.000000e+00  0.000000e+00  1.000000e+00
   outer loop
     vertex -1.045695e+01 -3.413536e+00  1.500000e+01
     vertex -9.140922e+00 -6.119112e+00  1.500000e+01
     vertex -8.969610e+00 -6.367582e+00  1.500000e+01
   endloop
 endfacet
 facet normal  0.000000e+00  0.000000e+00  1.000000e+00
   outer loop
     vertex -1.045695e+01 -3.413536e+00  1.500000e+01
     vertex -8.969610e+00 -6.367582e+00  1.500000e+01
     vertex -8.791545e+00 -6.611258e+00  1.500000e+01
   endloop
 endfacet
 facet normal  0.000000e+00  0.000000e+00  1.000000e+00
   outer loop
     vertex -1.045695e+01 -3.413536e+00  1.500000e+01
     vertex -1.014088e+01 -4.261744e+00  1.500000e+01
     vertex -9.305354e+00 -5.866037e+00  1.500000e+01
   endloop
 endfacet
 facet normal  0.000000e+00  0.000000e+00  1.000000e+00
   outer loop
     vertex -2.907698e+00 -1.060874e+01  1.500000e+01
     vertex -3.485183e+00 -1.043329e+01  1.500000e+01
     vertex -3.197644e+00 -1.052497e+01  1.500000e+01
   endloop
 endfacet
 facet normal  0.000000e+00  0.000000e+00  1.000000e+00
   outer loop
     vertex -2.615563e+00 -1.068451e+01  1.500000e+01
     vertex -3.485183e+00 -1.043329e+01  1.500000e+01
     vertex -2.907698e+00 -1.060874e+01  1.500000e+01
   endloop
 endfacet
 facet normal  0.000000e+00  0.000000e+00  1.000000e+00
   outer loop
     vertex -1.070220e+01 -2.542213e+00  1.500000e+01
     vertex -1.062843e+01 -2.834861e+00  1.500000e+01
     vertex -1.054666e+01 -3.125375e+00  1.500000e+01
   endloop
 endfacet
 facet normal  0.000000e+00  0.000000e+00  1.000000e+00
   outer loop
     vertex -1.070220e+01 -2.542213e+00  1.500000e+01
     vertex -1.054666e+01 -3.125375e+00  1.500000e+01
     vertex -1.045695e+01 -3.413536e+00  1.500000e+01
   endloop
 endfacet
 facet normal  0.000000e+00  0.000000e+00  1.000000e+00
   outer loop
     vertex -1.070220e+01 -2.542213e+00  1.500000e+01
     vertex -8.791545e+00 -6.611258e+00  1.500000e+01
     vertex -3.770099e+00 -1.033375e+01  1.500000e+01
   endloop
 endfacet
 facet normal  0.000000e+00  0.000000e+00  1.000000e+00
   outer loop
     vertex -1.070220e+01 -2.542213e+00  1.500000e+01
     vertex -1.045695e+01 -3.413536e+00  1.500000e+01
     vertex -8.791545e+00 -6.611258e+00  1.500000e+01
   endloop
 endfacet
 facet normal  0.000000e+00  0.000000e+00  1.000000e+00
   outer loop
     vertex -2.321459e+00 -1.075225e+01  1.500000e+01
     vertex -3.485183e+00 -1.043329e+01  1.500000e+01
     vertex -2.615563e+00 -1.068451e+01  1.500000e+01
   endloop
 endfacet
 facet normal  0.000000e+00  0.000000e+00  1.000000e+00
   outer loop
     vertex -2.321459e+00 -1.075225e+01  1.500000e+01
     vertex -3.770099e+00 -1.033375e+01  1.500000e+01
     vertex -3.485183e+00 -1.043329e+01  1.500000e+01
   endloop
 endfacet
 facet normal  0.000000e+00  0.000000e+00  1.000000e+00
   outer loop
     vertex -1.082553e+01 -1.951398e+00  1.500000e+01
     vertex -1.076792e+01 -2.247651e+00  1.500000e+01
     vertex -1.070220e+01 -2.542213e+00  1.500000e+01
   endloop
 endfacet
 facet normal  0.000000e+00  0.000000e+00  1.000000e+00
   outer loop
     vertex -1.091626e+01 -1.354708e+00  1.500000e+01
     vertex -1.082553e+01 -1.951398e+00  1.500000e+01
     vertex -1.070220e+01 -2.542213e+00  1.500000e+01
   endloop
 endfacet
 facet normal  0.000000e+00  0.000000e+00  1.000000e+00
   outer loop
     vertex -1.091626e+01 -1.354708e+00  1.500000e+01
     vertex -1.087499e+01 -1.653675e+00  1.500000e+01
     vertex -1.082553e+01 -1.951398e+00  1.500000e+01
   endloop
 endfacet
 facet normal  0.000000e+00  0.000000e+00  1.000000e+00
   outer loop
     vertex -1.097413e+01 -7.539394e-01  1.500000e+01
     vertex -1.094932e+01 -1.054721e+00  1.500000e+01
     vertex -1.091626e+01 -1.354708e+00  1.500000e+01
   endloop
 endfacet
 facet normal  0.000000e+00  0.000000e+00  1.000000e+00
   outer loop
     vertex -2.263433e-01 -1.099767e+01  1.500000e+01
     vertex -8.291968e-01 -1.096870e+01  1.500000e+01
     vertex -5.279688e-01 -1.098732e+01  1.500000e+01
   endloop
 endfacet
 facet normal  0.000000e+00  0.000000e+00  1.000000e+00
   outer loop
     vertex -1.099896e+01 -1.509015e-01  1.500000e+01
     vertex -1.099069e+01 -4.525908e-01  1.500000e+01
     vertex -1.097413e+01 -7.539394e-01  1.500000e+01
   endloop
 endfacet
 facet normal  0.000000e+00  0.000000e+00  1.000000e+00
   outer loop
     vertex -1.099896e+01  1.509015e-01  1.500000e+01
     vertex -1.070220e+01 -2.542213e+00  1.500000e+01
     vertex -3.770099e+00 -1.033375e+01  1.500000e+01
   endloop
 endfacet
 facet normal  0.000000e+00  0.000000e+00  1.000000e+00
   outer loop
     vertex -1.099896e+01  1.509015e-01  1.500000e+01
     vertex -3.770099e+00 -1.033375e+01  1.500000e+01
     vertex -2.321459e+00 -1.075225e+01  1.500000e+01
   endloop
 endfacet
 facet normal  0.000000e+00  0.000000e+00  1.000000e+00
   outer loop
     vertex -1.099896e+01  1.509015e-01  1.500000e+01
     vertex -1.097413e+01 -7.539394e-01  1.500000e+01
     vertex -1.091626e+01 -1.354708e+00  1.500000e+01
   endloop
 endfacet
 facet normal  0.000000e+00  0.000000e+00  1.000000e+00
   outer loop
     vertex -1.099896e+01  1.509015e-01  1.500000e+01
     vertex -1.091626e+01 -1.354708e+00  1.500000e+01
     vertex -1.070220e+01 -2.542213e+00  1.500000e+01
   endloop
 endfacet
 facet normal  0.000000e+00  0.000000e+00  1.000000e+00
   outer loop
     vertex -1.099896e+01  1.509015e-01  1.500000e+01
     vertex -1.099896e+01 -1.509015e-01  1.500000e+01
     vertex -1.097413e+01 -7.539394e-01  1.500000e+01
   endloop
 endfacet
 facet normal  0.000000e+00  0.000000e+00  1.000000e+00
   outer loop
     vertex -1.099896e+01  1.509015e-01  1.500000e+01
     vertex -2.321459e+00 -1.075225e+01  1.500000e+01
     vertex -2.025607e+00 -1.081189e+01  1.500000e+01
   endloop
 endfacet
 facet normal  0.000000e+00  0.000000e+00  1.000000e+00
   outer loop
     vertex -1.099896e+01  1.509015e-01  1.500000e+01
     vertex -2.025607e+00 -1.081189e+01  1.500000e+01
     vertex -1.728231e+00 -1.086339e+01  1.500000e+01
   endloop
 endfacet
 facet normal  0.000000e+00  0.000000e+00  1.000000e+00
   outer loop
     vertex  3.771915e-01 -1.099353e+01  1.500000e+01
     vertex -8.291968e-01 -1.096870e+01  1.500000e+01
     vertex -2.263433e-01 -1.099767e+01  1.500000e+01
   endloop
 endfacet
 facet normal  0.000000e+00  0.000000e+00  1.000000e+00
   outer loop
     vertex  3.771915e-01 -1.099353e+01  1.500000e+01
     vertex -1.728231e+00 -1.086339e+01  1.500000e+01
     vertex -1.429554e+00 -1.090671e+01  1.500000e+01
   endloop
 endfacet
 facet normal  0.000000e+00  0.000000e+00  1.000000e+00
   outer loop
     vertex  3.771915e-01 -1.099353e+01  1.500000e+01
     vertex -1.429554e+00 -1.090671e+01  1.500000e+01
     vertex -1.129801e+00 -1.094183e+01  1.500000e+01
   endloop
 endfacet
 facet normal  0.000000e+00  0.000000e+00  1.000000e+00
   outer loop
     vertex  3.771915e-01 -1.099353e+01  1.500000e+01
     vertex -1.129801e+00 -1.094183e+01  1.500000e+01
     vertex -8.291968e-01 -1.096870e+01  1.500000e+01
   endloop
 endfacet
 facet normal  0.000000e+00  0.000000e+00  1.000000e+00
   outer loop
     vertex  3.771915e-01 -1.099353e+01  1.500000e+01
     vertex -2.263433e-01 -1.099767e+01  1.500000e+01
     vertex  7.545251e-02 -1.099974e+01  1.500000e+01
   endloop
 endfacet
 facet normal  0.000000e+00  0.000000e+00  1.000000e+00
   outer loop
     vertex -1.097413e+01  7.539394e-01  1.500000e+01
     vertex -1.099069e+01  4.525908e-01  1.500000e+01
     vertex -1.099896e+01  1.509015e-01  1.500000e+01
   endloop
 endfacet
 facet normal  0.000000e+00  0.000000e+00  1.000000e+00
   outer loop
     vertex -1.094932e+01  1.054721e+00  1.500000e+01
     vertex -1.099896e+01  1.509015e-01  1.500000e+01
     vertex -1.728231e+00 -1.086339e+01  1.500000e+01
   endloop
 endfacet
 facet normal  0.000000e+00  0.000000e+00  1.000000e+00
   outer loop
     vertex -1.094932e+01  1.054721e+00  1.500000e+01
     vertex -1.097413e+01  7.539394e-01  1.500000e+01
     vertex -1.099896e+01  1.509015e-01  1.500000e+01
   endloop
 endfacet
 facet normal  0.000000e+00  0.000000e+00  1.000000e+00
   outer loop
     vertex  1.279798e+00 -1.092530e+01  1.500000e+01
     vertex -1.728231e+00 -1.086339e+01  1.500000e+01
     vertex  3.771915e-01 -1.099353e+01  1.500000e+01
   endloop
 endfacet
 facet normal  0.000000e+00  0.000000e+00  1.000000e+00
   outer loop
     vertex  1.279798e+00 -1.092530e+01  1.500000e+01
     vertex  3.771915e-01 -1.099353e+01  1.500000e+01
     vertex  6.786466e-01 -1.097905e+01  1.500000e+01
   endloop
 endfacet
 facet normal  0.000000e+00  0.000000e+00  1.000000e+00
   outer loop
     vertex  1.279798e+00 -1.092530e+01  1.500000e+01
     vertex  6.786466e-01 -1.097905e+01  1.500000e+01
     vertex  9.795909e-01 -1.095630e+01  1.500000e+01
   endloop
 endfacet
 facet normal  0.000000e+00  0.000000e+00  1.000000e+00
   outer loop
     vertex  1.579041e+00 -1.088608e+01  1.500000e+01
     vertex -1.094932e+01  1.054721e+00  1.500000e+01
     vertex -1.728231e+00 -1.086339e+01  1.500000e+01
   endloop
 endfacet
 facet normal  0.000000e+00  0.000000e+00  1.000000e+00
   outer loop
     vertex  1.579041e+00 -1.088608e+01  1.500000e+01
     vertex -1.728231e+00 -1.086339e+01  1.500000e+01
     vertex  1.279798e+00 -1.092530e+01  1.500000e+01
   endloop
 endfacet
 facet normal  0.000000e+00  0.000000e+00  1.000000e+00
   outer loop
     vertex  1.877096e+00 -1.083866e+01  1.500000e+01
     vertex -1.087499e+01  1.653675e+00  1.500000e+01
     vertex -1.091626e+01  1.354708e+00  1.500000e+01
   endloop
 endfacet
 facet normal  0.000000e+00  0.000000e+00  1.000000e+00
   outer loop
     vertex  1.877096e+00 -1.083866e+01  1.500000e+01
     vertex -1.091626e+01  1.354708e+00  1.500000e+01
     vertex -1.094932e+01  1.054721e+00  1.500000e+01
   endloop
 endfacet
 facet normal  0.000000e+00  0.000000e+00  1.000000e+00
   outer loop
     vertex  1.877096e+00 -1.083866e+01  1.500000e+01
     vertex -1.094932e+01  1.054721e+00  1.500000e+01
     vertex  1.579041e+00 -1.088608e+01  1.500000e+01
   endloop
 endfacet
 facet normal  0.000000e+00  0.000000e+00  1.000000e+00
   outer loop
     vertex -1.076792e+01  2.247651e+00  1.500000e+01
     vertex -1.082553e+01  1.951398e+00  1.500000e+01
     vertex -1.087499e+01  1.653675e+00  1.500000e+01
   endloop
 endfacet
 facet normal  0.000000e+00  0.000000e+00  1.000000e+00
   outer loop
     vertex -1.076792e+01  2.247651e+00  1.500000e+01
     vertex -1.087499e+01  1.653675e+00  1.500000e+01
     vertex  1.877096e+00 -1.083866e+01  1.500000e+01
   endloop
 endfacet
 facet normal  0.000000e+00  0.000000e+00  1.000000e+00
   outer loop
     vertex -1.062843e+01  2.834861e+00  1.500000e+01
     vertex -1.070220e+01  2.542213e+00  1.500000e+01
     vertex -1.076792e+01  2.247651e+00  1.500000e+01
   endloop
 endfacet
 facet normal  0.000000e+00  0.000000e+00  1.000000e+00
   outer loop
     vertex  3.627982e+00 -1.038450e+01  1.500000e+01
     vertex  3.052958e+00 -1.056785e+01  1.500000e+01
     vertex  3.341728e+00 -1.048012e+01  1.500000e+01
   endloop
 endfacet
 facet normal  0.000000e+00  0.000000e+00  1.000000e+00
   outer loop
     vertex -1.035937e+01  3.699127e+00  1.500000e+01
     vertex -1.045695e+01  3.413536e+00  1.500000e+01
     vertex -1.054666e+01  3.125375e+00  1.500000e+01
   endloop
 endfacet
 facet normal  0.000000e+00  0.000000e+00  1.000000e+00
   outer loop
     vertex -1.035937e+01  3.699127e+00  1.500000e+01
     vertex -1.054666e+01  3.125375e+00  1.500000e+01
     vertex -1.062843e+01  2.834861e+00  1.500000e+01
   endloop
 endfacet
 facet normal  0.000000e+00  0.000000e+00  1.000000e+00
   outer loop
     vertex  4.192084e+00 -1.016988e+01  1.500000e+01
     vertex  3.627982e+00 -1.038450e+01  1.500000e+01
     vertex  3.911505e+00 -1.028106e+01  1.500000e+01
   endloop
 endfacet
 facet normal  0.000000e+00  0.000000e+00  1.000000e+00
   outer loop
     vertex  4.192084e+00 -1.016988e+01  1.500000e+01
     vertex  3.052958e+00 -1.056785e+01  1.500000e+01
     vertex  3.627982e+00 -1.038450e+01  1.500000e+01
   endloop
 endfacet
 facet normal  0.000000e+00  0.000000e+00  1.000000e+00
   outer loop
     vertex -1.014088e+01  4.261744e+00  1.500000e+01
     vertex  3.052958e+00 -1.056785e+01  1.500000e+01
     vertex  4.192084e+00 -1.016988e+01  1.500000e+01
   endloop
 endfacet
 facet normal  0.000000e+00  0.000000e+00  1.000000e+00
   outer loop
     vertex -1.014088e+01  4.261744e+00  1.500000e+01
     vertex -1.025398e+01  3.981934e+00  1.500000e+01
     vertex -1.035937e+01  3.699127e+00  1.500000e+01
   endloop
 endfacet
 facet normal  0.000000e+00  0.000000e+00  1.000000e+00
   outer loop
     vertex -1.014088e+01  4.261744e+00  1.500000e+01
     vertex -1.062843e+01  2.834861e+00  1.500000e+01
     vertex -1.076792e+01  2.247651e+00  1.500000e+01
   endloop
 endfacet
 facet normal  0.000000e+00  0.000000e+00  1.000000e+00
   outer loop
     vertex -1.014088e+01  4.261744e+00  1.500000e+01
     vertex -1.076792e+01  2.247651e+00  1.500000e+01
     vertex  1.877096e+00 -1.083866e+01  1.500000e+01
   endloop
 endfacet
 facet normal  0.000000e+00  0.000000e+00  1.000000e+00
   outer loop
     vertex -1.014088e+01  4.261744e+00  1.500000e+01
     vertex  1.877096e+00 -1.083866e+01  1.500000e+01
     vertex  2.173738e+00 -1.078308e+01  1.500000e+01
   endloop
 endfacet
 facet normal  0.000000e+00  0.000000e+00  1.000000e+00
   outer loop
     vertex -1.014088e+01  4.261744e+00  1.500000e+01
     vertex  2.173738e+00 -1.078308e+01  1.500000e+01
     vertex  2.468743e+00 -1.071939e+01  1.500000e+01
   endloop
 endfacet
 facet normal  0.000000e+00  0.000000e+00  1.000000e+00
   outer loop
     vertex -1.014088e+01  4.261744e+00  1.500000e+01
     vertex  2.468743e+00 -1.071939e+01  1.500000e+01
     vertex  2.761890e+00 -1.064763e+01  1.500000e+01
   endloop
 endfacet
 facet normal  0.000000e+00  0.000000e+00  1.000000e+00
   outer loop
     vertex -1.014088e+01  4.261744e+00  1.500000e+01
     vertex  2.761890e+00 -1.064763e+01  1.500000e+01
     vertex  3.052958e+00 -1.056785e+01  1.500000e+01
   endloop
 endfacet
 facet normal  0.000000e+00  0.000000e+00  1.000000e+00
   outer loop
     vertex -1.014088e+01  4.261744e+00  1.500000e+01
     vertex -1.035937e+01  3.699127e+00  1.500000e+01
     vertex -1.062843e+01  2.834861e+00  1.500000e+01
   endloop
 endfacet
 facet normal  0.000000e+00  0.000000e+00  1.000000e+00
   outer loop
     vertex  4.469507e+00 -1.005104e+01  1.500000e+01
     vertex -1.014088e+01  4.261744e+00  1.500000e+01
     vertex  4.192084e+00 -1.016988e+01  1.500000e+01
   endloop
 endfacet
 facet normal  0.000000e+00  0.000000e+00  1.000000e+00
   outer loop
     vertex -9.891874e+00  4.811531e+00  1.500000e+01
     vertex -1.002015e+01  4.538345e+00  1.500000e+01
     vertex -1.014088e+01  4.261744e+00  1.500000e+01
   endloop
 endfacet
 facet normal  0.000000e+00  0.000000e+00  1.000000e+00
   outer loop
     vertex -9.613084e+00  5.346832e+00  1.500000e+01
     vertex -1.014088e+01  4.261744e+00  1.500000e+01
     vertex  4.469507e+00 -1.005104e+01  1.500000e+01
   endloop
 endfacet
 facet normal  0.000000e+00  0.000000e+00  1.000000e+00
   outer loop
     vertex -9.613084e+00  5.346832e+00  1.500000e+01
     vertex -9.891874e+00  4.811531e+00  1.500000e+01
     vertex -1.014088e+01  4.261744e+00  1.500000e+01
   endloop
 endfacet
 facet normal  0.000000e+00  0.000000e+00  1.000000e+00
   outer loop
     vertex -9.613084e+00  5.346832e+00  1.500000e+01
     vertex -9.756151e+00  5.081094e+00  1.500000e+01
     vertex -9.891874e+00  4.811531e+00  1.500000e+01
   endloop
 endfacet
 facet normal  0.000000e+00  0.000000e+00  1.000000e+00
   outer loop
     vertex  5.543505e+00 -9.501029e+00  1.500000e+01
     vertex  4.743566e+00 -9.924645e+00  1.500000e+01
     vertex  5.014054e+00 -9.790775e+00  1.500000e+01
   endloop
 endfacet
 facet normal  0.000000e+00  0.000000e+00  1.000000e+00
   outer loop
     vertex  5.543505e+00 -9.501029e+00  1.500000e+01
     vertex  5.014054e+00 -9.790775e+00  1.500000e+01
     vertex  5.280767e+00 -9.649534e+00  1.500000e+01
   endloop
 endfacet
 facet normal  0.000000e+00  0.000000e+00  1.000000e+00
   outer loop
     vertex  6.056268e+00 -9.182680e+00  1.500000e+01
     vertex  5.543505e+00 -9.501029e+00  1.500000e+01
     vertex  5.802070e+00 -9.345372e+00  1.500000e+01
   endloop
 endfacet
 facet normal  0.000000e+00  0.000000e+00  1.000000e+00
   outer loop
     vertex -9.140922e+00  6.119112e+00  1.500000e+01
     vertex -9.305354e+00  5.866037e+00  1.500000e+01
     vertex -9.462781e+00  5.608545e+00  1.500000e+01
   endloop
 endfacet
 facet normal  0.000000e+00  0.000000e+00  1.000000e+00
   outer loop
     vertex  6.305907e+00 -9.013076e+00  1.500000e+01
     vertex  5.543505e+00 -9.501029e+00  1.500000e+01
     vertex  6.056268e+00 -9.182680e+00  1.500000e+01
   endloop
 endfacet
 facet normal  0.000000e+00  0.000000e+00  1.000000e+00
   outer loop
     vertex -8.606863e+00  6.849957e+00  1.500000e+01
     vertex -9.140922e+00  6.119112e+00  1.500000e+01
     vertex -9.462781e+00  5.608545e+00  1.500000e+01
   endloop
 endfacet
 facet normal  0.000000e+00  0.000000e+00  1.000000e+00
   outer loop
     vertex -8.606863e+00  6.849957e+00  1.500000e+01
     vertex -8.791545e+00  6.611258e+00  1.500000e+01
     vertex -8.969610e+00  6.367582e+00  1.500000e+01
   endloop
 endfacet
 facet normal  0.000000e+00  0.000000e+00  1.000000e+00
   outer loop
     vertex -8.606863e+00  6.849957e+00  1.500000e+01
     vertex -8.969610e+00  6.367582e+00  1.500000e+01
     vertex -9.140922e+00  6.119112e+00  1.500000e+01
   endloop
 endfacet
 facet normal  0.000000e+00  0.000000e+00  1.000000e+00
   outer loop
     vertex  7.479266e+00 -8.066014e+00  1.500000e+01
     vertex  6.790759e+00 -8.653646e+00  1.500000e+01
     vertex  7.025607e+00 -8.464091e+00  1.500000e+01
   endloop
 endfacet
 facet normal  0.000000e+00  0.000000e+00  1.000000e+00
   outer loop
     vertex  7.479266e+00 -8.066014e+00  1.500000e+01
     vertex  7.025607e+00 -8.464091e+00  1.500000e+01
     vertex  7.255167e+00 -8.268165e+00  1.500000e+01
   endloop
 endfacet
 facet normal  0.000000e+00  0.000000e+00  1.000000e+00
   outer loop
     vertex -8.014522e+00  7.534417e+00  1.500000e+01
     vertex -8.606863e+00  6.849957e+00  1.500000e+01
     vertex -9.462781e+00  5.608545e+00  1.500000e+01
   endloop
 endfacet
 facet normal  0.000000e+00  0.000000e+00  1.000000e+00
   outer loop
     vertex -8.014522e+00  7.534417e+00  1.500000e+01
     vertex -8.218205e+00  7.311711e+00  1.500000e+01
     vertex -8.415701e+00  7.083500e+00  1.500000e+01
   endloop
 endfacet
 facet normal  0.000000e+00  0.000000e+00  1.000000e+00
   outer loop
     vertex -8.014522e+00  7.534417e+00  1.500000e+01
     vertex -8.415701e+00  7.083500e+00  1.500000e+01
     vertex -8.606863e+00  6.849957e+00  1.500000e+01
   endloop
 endfacet
 facet normal  0.000000e+00  0.000000e+00  1.000000e+00
   outer loop
     vertex -7.367910e+00  8.167858e+00  1.500000e+01
     vertex -7.589214e+00  7.962652e+00  1.500000e+01
     vertex -7.804805e+00  7.751452e+00  1.500000e+01
   endloop
 endfacet
 facet normal  0.000000e+00  0.000000e+00  1.000000e+00
   outer loop
     vertex -7.367910e+00  8.167858e+00  1.500000e+01
     vertex -7.804805e+00  7.751452e+00  1.500000e+01
     vertex -8.014522e+00  7.534417e+00  1.500000e+01
   endloop
 endfacet
 facet normal  0.000000e+00  0.000000e+00  1.000000e+00
   outer loop
     vertex  8.317736e+00 -7.198283e+00  1.500000e+01
     vertex  7.910408e+00 -7.643654e+00  1.500000e+01
     vertex  8.117127e+00 -7.423763e+00  1.500000e+01
   endloop
 endfacet
 facet normal  0.000000e+00  0.000000e+00  1.000000e+00
   outer loop
     vertex  8.317736e+00 -7.198283e+00  1.500000e+01
     vertex  5.543505e+00 -9.501029e+00  1.500000e+01
     vertex  6.305907e+00 -9.013076e+00  1.500000e+01
   endloop
 endfacet
 facet normal  0.000000e+00  0.000000e+00  1.000000e+00
   outer loop
     vertex  8.317736e+00 -7.198283e+00  1.500000e+01
     vertex  4.743566e+00 -9.924645e+00  1.500000e+01
     vertex  5.543505e+00 -9.501029e+00  1.500000e+01
   endloop
 endfacet
 facet normal  0.000000e+00  0.000000e+00  1.000000e+00
   outer loop
     vertex  8.317736e+00 -7.198283e+00  1.500000e+01
     vertex  6.790759e+00 -8.653646e+00  1.500000e+01
     vertex  7.479266e+00 -8.066014e+00  1.500000e+01
   endloop
 endfacet
 facet normal  0.000000e+00  0.000000e+00  1.000000e+00
   outer loop
     vertex  8.317736e+00 -7.198283e+00  1.500000e+01
     vertex  6.305907e+00 -9.013076e+00  1.500000e+01
     vertex  6.550798e+00 -8.836687e+00  1.500000e+01
   endloop
 endfacet
 facet normal  0.000000e+00  0.000000e+00  1.000000e+00
   outer loop
     vertex  8.317736e+00 -7.198283e+00  1.500000e+01
     vertex  6.550798e+00 -8.836687e+00  1.500000e+01
     vertex  6.790759e+00 -8.653646e+00  1.500000e+01
   endloop
 endfacet
 facet normal  0.000000e+00  0.000000e+00  1.000000e+00
   outer loop
     vertex  8.317736e+00 -7.198283e+00  1.500000e+01
     vertex  7.479266e+00 -8.066014e+00  1.500000e+01
     vertex  7.697734e+00 -7.857792e+00  1.500000e+01
   endloop
 endfacet
 facet normal  0.000000e+00  0.000000e+00  1.000000e+00
   outer loop
     vertex  8.317736e+00 -7.198283e+00  1.500000e+01
     vertex  7.697734e+00 -7.857792e+00  1.500000e+01
     vertex  7.910408e+00 -7.643654e+00  1.500000e+01
   endloop
 endfacet
 facet normal  0.000000e+00  0.000000e+00  1.000000e+00
   outer loop
     vertex -7.141059e+00  8.366915e+00  1.500000e+01
     vertex -8.014522e+00  7.534417e+00  1.500000e+01
     vertex -9.462781e+00  5.608545e+00  1.500000e+01
   endloop
 endfacet
 facet normal  0.000000e+00  0.000000e+00  1.000000e+00
   outer loop
     vertex -7.141059e+00  8.366915e+00  1.500000e+01
     vertex -7.367910e+00  8.167858e+00  1.500000e+01
     vertex -8.014522e+00  7.534417e+00  1.500000e+01
   endloop
 endfacet
 facet normal  0.000000e+00  0.000000e+00  1.000000e+00
   outer loop
     vertex -6.908833e+00  8.559674e+00  1.500000e+01
     vertex -7.141059e+00  8.366915e+00  1.500000e+01
     vertex -9.462781e+00  5.608545e+00  1.500000e+01
   endloop
 endfacet
 facet normal  0.000000e+00  0.000000e+00  1.000000e+00
   outer loop
     vertex -6.908833e+00  8.559674e+00  1.500000e+01
     vertex -9.462781e+00  5.608545e+00  1.500000e+01
     vertex -9.613084e+00  5.346832e+00  1.500000e+01
   endloop
 endfacet
 facet normal  0.000000e+00  0.000000e+00  1.000000e+00
   outer loop
     vertex  8.881413e+00 -6.490031e+00  1.500000e+01
     vertex  8.317736e+00 -7.198283e+00  1.500000e+01
     vertex  8.512083e+00 -6.967384e+00  1.500000e+01
   endloop
 endfacet
 facet normal  0.000000e+00  0.000000e+00  1.000000e+00
   outer loop
     vertex  8.881413e+00 -6.490031e+00  1.500000e+01
     vertex  8.512083e+00 -6.967384e+00  1.500000e+01
     vertex  8.700023e+00 -6.731241e+00  1.500000e+01
   endloop
 endfacet
 facet normal  0.000000e+00  0.000000e+00  1.000000e+00
   outer loop
     vertex -6.181669e+00  9.098734e+00  1.500000e+01
     vertex -9.613084e+00  5.346832e+00  1.500000e+01
     vertex  4.469507e+00 -1.005104e+01  1.500000e+01
   endloop
 endfacet
 facet normal  0.000000e+00  0.000000e+00  1.000000e+00
   outer loop
     vertex -6.181669e+00  9.098734e+00  1.500000e+01
     vertex -6.908833e+00  8.559674e+00  1.500000e+01
     vertex -9.613084e+00  5.346832e+00  1.500000e+01
   endloop
 endfacet
 facet normal  0.000000e+00  0.000000e+00  1.000000e+00
   outer loop
     vertex -6.181669e+00  9.098734e+00  1.500000e+01
     vertex -6.428957e+00  8.925722e+00  1.500000e+01
     vertex -6.671406e+00  8.745990e+00  1.500000e+01
   endloop
 endfacet
 facet normal  0.000000e+00  0.000000e+00  1.000000e+00
   outer loop
     vertex -6.181669e+00  9.098734e+00  1.500000e+01
     vertex -6.671406e+00  8.745990e+00  1.500000e+01
     vertex -6.908833e+00  8.559674e+00  1.500000e+01
   endloop
 endfacet
 facet normal  0.000000e+00  0.000000e+00  1.000000e+00
   outer loop
     vertex  9.224006e+00 -5.993139e+00  1.500000e+01
     vertex  8.881413e+00 -6.490031e+00  1.500000e+01
     vertex  9.056118e+00 -6.243935e+00  1.500000e+01
   endloop
 endfacet
 facet normal  0.000000e+00  0.000000e+00  1.000000e+00
   outer loop
     vertex -5.673322e+00  9.424087e+00  1.500000e+01
     vertex -5.929727e+00  9.264898e+00  1.500000e+01
     vertex -6.181669e+00  9.098734e+00  1.500000e+01
   endloop
 endfacet
 facet normal  0.000000e+00  0.000000e+00  1.000000e+00
   outer loop
     vertex  9.538830e+00 -5.478204e+00  1.500000e+01
     vertex  9.224006e+00 -5.993139e+00  1.500000e+01
     vertex  9.384950e+00 -5.737831e+00  1.500000e+01
   endloop
 endfacet
 facet normal  0.000000e+00  0.000000e+00  1.000000e+00
   outer loop
     vertex  9.956949e+00 -4.675378e+00  1.500000e+01
     vertex  9.538830e+00 -5.478204e+00  1.500000e+01
     vertex  9.685529e+00 -5.214454e+00  1.500000e+01
   endloop
 endfacet
 facet normal  0.000000e+00  0.000000e+00  1.000000e+00
   outer loop
     vertex  9.956949e+00 -4.675378e+00  1.500000e+01
     vertex  9.685529e+00 -5.214454e+00  1.500000e+01
     vertex  9.824937e+00 -4.946778e+00  1.500000e+01
   endloop
 endfacet
 facet normal  0.000000e+00  0.000000e+00  1.000000e+00
   outer loop
     vertex  9.956949e+00 -4.675378e+00  1.500000e+01
     vertex  8.317736e+00 -7.198283e+00  1.500000e+01
     vertex  8.881413e+00 -6.490031e+00  1.500000e+01
   endloop
 endfacet
 facet normal  0.000000e+00  0.000000e+00  1.000000e+00
   outer loop
     vertex  9.956949e+00 -4.675378e+00  1.500000e+01
     vertex  8.881413e+00 -6.490031e+00  1.500000e+01
     vertex  9.224006e+00 -5.993139e+00  1.500000e+01
   endloop
 endfacet
 facet normal  0.000000e+00  0.000000e+00  1.000000e+00
   outer loop
     vertex  9.956949e+00 -4.675378e+00  1.500000e+01
     vertex  9.224006e+00 -5.993139e+00  1.500000e+01
     vertex  9.538830e+00 -5.478204e+00  1.500000e+01
   endloop
 endfacet
 facet normal  0.000000e+00  0.000000e+00  1.000000e+00
   outer loop
     vertex -4.331203e+00  1.011141e+01  1.500000e+01
     vertex -4.606970e+00  9.988785e+00  1.500000e+01
     vertex -4.879269e+00  9.858638e+00  1.500000e+01
   endloop
 endfacet
 facet normal  0.000000e+00  0.000000e+00  1.000000e+00
   outer loop
     vertex -3.770099e+00  1.033375e+01  1.500000e+01
     vertex -4.331203e+00  1.011141e+01  1.500000e+01
     vertex -4.879269e+00  9.858638e+00  1.500000e+01
   endloop
 endfacet
 facet normal  0.000000e+00  0.000000e+00  1.000000e+00
   outer loop
     vertex -3.770099e+00  1.033375e+01  1.500000e+01
     vertex -4.052176e+00  1.022643e+01  1.500000e+01
     vertex -4.331203e+00  1.011141e+01  1.500000e+01
   endloop
 endfacet
 facet normal  0.000000e+00  0.000000e+00  1.000000e+00
   outer loop
     vertex -3.770099e+00  1.033375e+01  1.500000e+01
     vertex -4.879269e+00  9.858638e+00  1.500000e+01
     vertex -5.147895e+00  9.721069e+00  1.500000e+01
   endloop
 endfacet
 facet normal  0.000000e+00  0.000000e+00  1.000000e+00
   outer loop
     vertex -3.770099e+00  1.033375e+01  1.500000e+01
     vertex -5.147895e+00  9.721069e+00  1.500000e+01
     vertex -5.412645e+00  9.576182e+00  1.500000e+01
   endloop
 endfacet
 facet normal  0.000000e+00  0.000000e+00  1.000000e+00
   outer loop
     vertex -3.770099e+00  1.033375e+01  1.500000e+01
     vertex -5.412645e+00  9.576182e+00  1.500000e+01
     vertex -5.673322e+00  9.424087e+00  1.500000e+01
   endloop
 endfacet
 facet normal  0.000000e+00  0.000000e+00  1.000000e+00
   outer loop
     vertex -3.770099e+00  1.033375e+01  1.500000e+01
     vertex -5.673322e+00  9.424087e+00  1.500000e+01
     vertex -6.181669e+00  9.098734e+00  1.500000e+01
   endloop
 endfacet
 facet normal  0.000000e+00  0.000000e+00  1.000000e+00
   outer loop
     vertex  1.040914e+01 -3.556666e+00  1.500000e+01
     vertex  1.019839e+01 -4.122227e+00  1.500000e+01
     vertex  1.030765e+01 -3.840892e+00  1.500000e+01
   endloop
 endfacet
 facet normal  0.000000e+00  0.000000e+00  1.000000e+00
   outer loop
     vertex -3.485183e+00  1.043329e+01  1.500000e+01
     vertex -3.770099e+00  1.033375e+01  1.500000e+01
     vertex -6.181669e+00  9.098734e+00  1.500000e+01
   endloop
 endfacet
 facet normal  0.000000e+00  0.000000e+00  1.000000e+00
   outer loop
     vertex -3.485183e+00  1.043329e+01  1.500000e+01
     vertex  4.743566e+00 -9.924645e+00  1.500000e+01
     vertex  8.317736e+00 -7.198283e+00  1.500000e+01
   endloop
 endfacet
 facet normal  0.000000e+00  0.000000e+00  1.000000e+00
   outer loop
     vertex -3.485183e+00  1.043329e+01  1.500000e+01
     vertex -6.181669e+00  9.098734e+00  1.500000e+01
     vertex  4.469507e+00 -1.005104e+01  1.500000e+01
   endloop
 endfacet
 facet normal  0.000000e+00  0.000000e+00  1.000000e+00
   outer loop
     vertex -3.485183e+00  1.043329e+01  1.500000e+01
     vertex  4.469507e+00 -1.005104e+01  1.500000e+01
     vertex  4.743566e+00 -9.924645e+00  1.500000e+01
   endloop
 endfacet
 facet normal  0.000000e+00  0.000000e+00  1.000000e+00
   outer loop
     vertex  1.050279e+01 -3.269763e+00  1.500000e+01
     vertex  1.019839e+01 -4.122227e+00  1.500000e+01
     vertex  1.040914e+01 -3.556666e+00  1.500000e+01
   endloop
 endfacet
 facet normal  0.000000e+00  0.000000e+00  1.000000e+00
   outer loop
     vertex  1.050279e+01 -3.269763e+00  1.500000e+01
     vertex  9.956949e+00 -4.675378e+00  1.500000e+01
     vertex  1.008147e+01 -4.400459e+00  1.500000e+01
   endloop
 endfacet
 facet normal  0.000000e+00  0.000000e+00  1.000000e+00
   outer loop
     vertex  1.050279e+01 -3.269763e+00  1.500000e+01
     vertex  1.008147e+01 -4.400459e+00  1.500000e+01
     vertex  1.019839e+01 -4.122227e+00  1.500000e+01
   endloop
 endfacet
 facet normal  0.000000e+00  0.000000e+00  1.000000e+00
   outer loop
     vertex  1.073607e+01 -2.395157e+00  1.500000e+01
     vertex  1.050279e+01 -3.269763e+00  1.500000e+01
     vertex  1.058854e+01 -2.980398e+00  1.500000e+01
   endloop
 endfacet
 facet normal  0.000000e+00  0.000000e+00  1.000000e+00
   outer loop
     vertex  1.073607e+01 -2.395157e+00  1.500000e+01
     vertex  1.058854e+01 -2.980398e+00  1.500000e+01
     vertex  1.066632e+01 -2.688790e+00  1.500000e+01
   endloop
 endfacet
 facet normal  0.000000e+00  0.000000e+00  1.000000e+00
   outer loop
     vertex  1.079774e+01 -2.099722e+00  1.500000e+01
     vertex  8.317736e+00 -7.198283e+00  1.500000e+01
     vertex  9.956949e+00 -4.675378e+00  1.500000e+01
   endloop
 endfacet
 facet normal  0.000000e+00  0.000000e+00  1.000000e+00
   outer loop
     vertex  1.079774e+01 -2.099722e+00  1.500000e+01
     vertex  9.956949e+00 -4.675378e+00  1.500000e+01
     vertex  1.050279e+01 -3.269763e+00  1.500000e+01
   endloop
 endfacet
 facet normal  0.000000e+00  0.000000e+00  1.000000e+00
   outer loop
     vertex  1.079774e+01 -2.099722e+00  1.500000e+01
     vertex  1.050279e+01 -3.269763e+00  1.500000e+01
     vertex  1.073607e+01 -2.395157e+00  1.500000e+01
   endloop
 endfacet
 facet normal  0.000000e+00  0.000000e+00  1.000000e+00
   outer loop
     vertex -2.025607e+00  1.081189e+01  1.500000e+01
     vertex -2.321459e+00  1.075225e+01  1.500000e+01
     vertex -2.615563e+00  1.068451e+01  1.500000e+01
   endloop
 endfacet
 facet normal  0.000000e+00  0.000000e+00  1.000000e+00
   outer loop
     vertex -2.025607e+00  1.081189e+01  1.500000e+01
     vertex -2.615563e+00  1.068451e+01  1.500000e+01
     vertex -2.907698e+00  1.060874e+01  1.500000e+01
   endloop
 endfacet
 facet normal  0.000000e+00  0.000000e+00  1.000000e+00
   outer loop
     vertex -2.025607e+00  1.081189e+01  1.500000e+01
     vertex -2.907698e+00  1.060874e+01  1.500000e+01
     vertex -3.197644e+00  1.052497e+01  1.500000e+01
   endloop
 endfacet
 facet normal  0.000000e+00  0.000000e+00  1.000000e+00
   outer loop
     vertex -1.728231e+00  1.086339e+01  1.500000e+01
     vertex -2.025607e+00  1.081189e+01  1.500000e+01
     vertex -3.197644e+00  1.052497e+01  1.500000e+01
   endloop
 endfacet
 facet normal  0.000000e+00  0.000000e+00  1.000000e+00
   outer loop
     vertex -1.728231e+00  1.086339e+01  1.500000e+01
     vertex -3.197644e+00  1.052497e+01  1.500000e+01
     vertex -3.485183e+00  1.043329e+01  1.500000e+01
   endloop
 endfacet
 facet normal  0.000000e+00  0.000000e+00  1.000000e+00
   outer loop
     vertex -1.429554e+00  1.090671e+01  1.500000e+01
     vertex -3.485183e+00  1.043329e+01  1.500000e+01
     vertex  8.317736e+00 -7.198283e+00  1.500000e+01
   endloop
 endfacet
 facet normal  0.000000e+00  0.000000e+00  1.000000e+00
   outer loop
     vertex -1.429554e+00  1.090671e+01  1.500000e+01
     vertex -1.728231e+00  1.086339e+01  1.500000e+01
     vertex -3.485183e+00  1.043329e+01  1.500000e+01
   endloop
 endfacet
 facet normal  0.000000e+00  0.000000e+00  1.000000e+00
   outer loop
     vertex  1.093382e+01 -1.204827e+00  1.500000e+01
     vertex  1.079774e+01 -2.099722e+00  1.500000e+01
     vertex  1.085128e+01 -1.802706e+00  1.500000e+01
   endloop
 endfacet
 facet normal  0.000000e+00  0.000000e+00  1.000000e+00
   outer loop
     vertex  1.093382e+01 -1.204827e+00  1.500000e+01
     vertex  1.085128e+01 -1.802706e+00  1.500000e+01
     vertex  1.089665e+01 -1.504333e+00  1.500000e+01
   endloop
 endfacet
 facet normal  0.000000e+00  0.000000e+00  1.000000e+00
   outer loop
     vertex  1.093382e+01 -1.204827e+00  1.500000e+01
     vertex  8.317736e+00 -7.198283e+00  1.500000e+01
     vertex  1.079774e+01 -2.099722e+00  1.500000e+01
   endloop
 endfacet
 facet normal  0.000000e+00  0.000000e+00  1.000000e+00
   outer loop
     vertex  1.099586e+01 -3.017745e-01  1.500000e+01
     vertex  1.093382e+01 -1.204827e+00  1.500000e+01
     vertex  1.096276e+01 -9.044151e-01  1.500000e+01
   endloop
 endfacet
 facet normal  0.000000e+00  0.000000e+00  1.000000e+00
   outer loop
     vertex  1.099586e+01 -3.017745e-01  1.500000e+01
     vertex  1.096276e+01 -9.044151e-01  1.500000e+01
     vertex  1.098344e+01 -6.033219e-01  1.500000e+01
   endloop
 endfacet
 facet normal  0.000000e+00  0.000000e+00  1.000000e+00
   outer loop
     vertex  1.099586e+01 -3.017745e-01  1.500000e+01
     vertex  8.317736e+00 -7.198283e+00  1.500000e+01
     vertex  1.093382e+01 -1.204827e+00  1.500000e+01
   endloop
 endfacet
 facet normal  0.000000e+00  0.000000e+00  1.000000e+00
   outer loop
     vertex -2.263433e-01  1.099767e+01  1.500000e+01
     vertex -5.279688e-01  1.098732e+01  1.500000e+01
     vertex -8.291968e-01  1.096870e+01  1.500000e+01
   endloop
 endfacet
 facet normal  0.000000e+00  0.000000e+00  1.000000e+00
   outer loop
     vertex -2.263433e-01  1.099767e+01  1.500000e+01
     vertex -8.291968e-01  1.096870e+01  1.500000e+01
     vertex -1.129801e+00  1.094183e+01  1.500000e+01
   endloop
 endfacet
 facet normal  0.000000e+00  0.000000e+00  1.000000e+00
   outer loop
     vertex -2.263433e-01  1.099767e+01  1.500000e+01
     vertex -1.129801e+00  1.094183e+01  1.500000e+01
     vertex -1.429554e+00  1.090671e+01  1.500000e+01
   endloop
 endfacet
 facet normal  0.000000e+00  0.000000e+00  1.000000e+00
   outer loop
     vertex  1.099586e+01  3.017745e-01  1.500000e+01
     vertex  1.099586e+01 -3.017745e-01  1.500000e+01
     vertex  1.100000e+01 -2.694223e-15  1.500000e+01
   endloop
 endfacet
 facet normal  0.000000e+00  0.000000e+00  1.000000e+00
   outer loop
     vertex  1.098344e+01  6.033219e-01  1.500000e+01
     vertex  1.099586e+01 -3.017745e-01  1.500000e+01
     vertex  1.099586e+01  3.017745e-01  1.500000e+01
   endloop
 endfacet
 facet normal  0.000000e+00  0.000000e+00  1.000000e+00
   outer loop
     vertex  1.096276e+01  9.044151e-01  1.500000e+01
     vertex  8.317736e+00 -7.198283e+00  1.500000e+01
     vertex  1.099586e+01 -3.017745e-01  1.500000e+01
   endloop
 endfacet
 facet normal  0.000000e+00  0.000000e+00  1.000000e+00
   outer loop
     vertex  1.096276e+01  9.044151e-01  1.500000e+01
     vertex  1.099586e+01 -3.017745e-01  1.500000e+01
     vertex  1.098344e+01  6.033219e-01  1.500000e+01
   endloop
 endfacet
 facet normal  0.000000e+00  0.000000e+00  1.000000e+00
   outer loop
     vertex  9.795909e-01  1.095630e+01  1.500000e+01
     vertex  6.786466e-01  1.097905e+01  1.500000e+01
     vertex  3.771915e-01  1.099353e+01  1.500000e+01
   endloop
 endfacet
 facet normal  0.000000e+00  0.000000e+00  1.000000e+00
   outer loop
     vertex  9.795909e-01  1.095630e+01  1.500000e+01
     vertex  3.771915e-01  1.099353e+01  1.500000e+01
     vertex  7.545251e-02  1.099974e+01  1.500000e+01
   endloop
 endfacet
 facet normal  0.000000e+00  0.000000e+00  1.000000e+00
   outer loop
     vertex  9.795909e-01  1.095630e+01  1.500000e+01
     vertex  7.545251e-02  1.099974e+01  1.500000e+01
     vertex -2.263433e-01  1.099767e+01  1.500000e+01
   endloop
 endfacet
 facet normal  0.000000e+00  0.000000e+00  1.000000e+00
   outer loop
     vertex  1.085128e+01  1.802706e+00  1.500000e+01
     vertex  1.096276e+01  9.044151e-01  1.500000e+01
     vertex  1.093382e+01  1.204827e+00  1.500000e+01
   endloop
 endfacet
 facet normal  0.000000e+00  0.000000e+00  1.000000e+00
   outer loop
     vertex  1.085128e+01  1.802706e+00  1.500000e+01
     vertex  1.093382e+01  1.204827e+00  1.500000e+01
     vertex  1.089665e+01  1.504333e+00  1.500000e+01
   endloop
 endfacet
 facet normal  0.000000e+00  0.000000e+00  1.000000e+00
   outer loop
     vertex  1.079774e+01  2.099722e+00  1.500000e+01
     vertex -1.429554e+00  1.090671e+01  1.500000e+01
     vertex  8.317736e+00 -7.198283e+00  1.500000e+01
   endloop
 endfacet
 facet normal  0.000000e+00  0.000000e+00  1.000000e+00
   outer loop
     vertex  1.079774e+01  2.099722e+00  1.500000e+01
     vertex -2.263433e-01  1.099767e+01  1.500000e+01
     vertex -1.429554e+00  1.090671e+01  1.500000e+01
   endloop
 endfacet
 facet normal  0.000000e+00  0.000000e+00  1.000000e+00
   outer loop
     vertex  1.079774e+01  2.099722e+00  1.500000e+01
     vertex  8.317736e+00 -7.198283e+00  1.500000e+01
     vertex  1.096276e+01  9.044151e-01  1.500000e+01
   endloop
 endfacet
 facet normal  0.000000e+00  0.000000e+00  1.000000e+00
   outer loop
     vertex  1.079774e+01  2.099722e+00  1.500000e+01
     vertex  9.795909e-01  1.095630e+01  1.500000e+01
     vertex -2.263433e-01  1.099767e+01  1.500000e+01
   endloop
 endfacet
 facet normal  0.000000e+00  0.000000e+00  1.000000e+00
   outer loop
     vertex  1.079774e+01  2.099722e+00  1.500000e+01
     vertex  1.096276e+01  9.044151e-01  1.500000e+01
     vertex  1.085128e+01  1.802706e+00  1.500000e+01
   endloop
 endfacet
 facet normal  0.000000e+00  0.000000e+00  1.000000e+00
   outer loop
     vertex  2.173738e+00  1.078308e+01  1.500000e+01
     vertex  1.877096e+00  1.083866e+01  1.500000e+01
     vertex  1.579041e+00  1.088608e+01  1.500000e+01
   endloop
 endfacet
 facet normal  0.000000e+00  0.000000e+00  1.000000e+00
   outer loop
     vertex  2.173738e+00  1.078308e+01  1.500000e+01
     vertex  1.579041e+00  1.088608e+01  1.500000e+01
     vertex  1.279798e+00  1.092530e+01  1.500000e+01
   endloop
 endfacet
 facet normal  0.000000e+00  0.000000e+00  1.000000e+00
   outer loop
     vertex  2.173738e+00  1.078308e+01  1.500000e+01
     vertex  1.279798e+00  1.092530e+01  1.500000e+01
     vertex  9.795909e-01  1.095630e+01  1.500000e+01
   endloop
 endfacet
 facet normal  0.000000e+00  0.000000e+00  1.000000e+00
   outer loop
     vertex  1.066632e+01  2.688790e+00  1.500000e+01
     vertex  1.079774e+01  2.099722e+00  1.500000e+01
     vertex  1.073607e+01  2.395157e+00  1.500000e+01
   endloop
 endfacet
 facet normal  0.000000e+00  0.000000e+00  1.000000e+00
   outer loop
     vertex  3.052958e+00  1.056785e+01  1.500000e+01
     vertex  2.761890e+00  1.064763e+01  1.500000e+01
     vertex  2.468743e+00  1.071939e+01  1.500000e+01
   endloop
 endfacet
 facet normal  0.000000e+00  0.000000e+00  1.000000e+00
   outer loop
     vertex  3.052958e+00  1.056785e+01  1.500000e+01
     vertex  2.468743e+00  1.071939e+01  1.500000e+01
     vertex  2.173738e+00  1.078308e+01  1.500000e+01
   endloop
 endfacet
 facet normal  0.000000e+00  0.000000e+00  1.000000e+00
   outer loop
     vertex  1.050279e+01  3.269763e+00  1.500000e+01
     vertex  1.079774e+01  2.099722e+00  1.500000e+01
     vertex  1.066632e+01  2.688790e+00  1.500000e+01
   endloop
 endfacet
 facet normal  0.000000e+00  0.000000e+00  1.000000e+00
   outer loop
     vertex  1.050279e+01  3.269763e+00  1.500000e+01
     vertex  1.066632e+01  2.688790e+00  1.500000e+01
     vertex  1.058854e+01  2.980398e+00  1.500000e+01
   endloop
 endfacet
 facet normal  0.000000e+00  0.000000e+00  1.000000e+00
   outer loop
     vertex  3.341728e+00  1.048012e+01  1.500000e+01
     vertex  3.052958e+00  1.056785e+01  1.500000e+01
     vertex  2.173738e+00  1.078308e+01  1.500000e+01
   endloop
 endfacet
 facet normal  0.000000e+00  0.000000e+00  1.000000e+00
   outer loop
     vertex  3.627982e+00  1.038450e+01  1.500000e+01
     vertex  3.341728e+00  1.048012e+01  1.500000e+01
     vertex  2.173738e+00  1.078308e+01  1.500000e+01
   endloop
 endfacet
 facet normal  0.000000e+00  0.000000e+00  1.000000e+00
   outer loop
     vertex  3.911505e+00  1.028106e+01  1.500000e+01
     vertex  3.627982e+00  1.038450e+01  1.500000e+01
     vertex  2.173738e+00  1.078308e+01  1.500000e+01
   endloop
 endfacet
 facet normal  0.000000e+00  0.000000e+00  1.000000e+00
   outer loop
     vertex  1.019839e+01  4.122227e+00  1.500000e+01
     vertex  1.079774e+01  2.099722e+00  1.500000e+01
     vertex  1.050279e+01  3.269763e+00  1.500000e+01
   endloop
 endfacet
 facet normal  0.000000e+00  0.000000e+00  1.000000e+00
   outer loop
     vertex  1.019839e+01  4.122227e+00  1.500000e+01
     vertex  1.050279e+01  3.269763e+00  1.500000e+01
     vertex  1.040914e+01  3.556666e+00  1.500000e+01
   endloop
 endfacet
 facet normal  0.000000e+00  0.000000e+00  1.000000e+00
   outer loop
     vertex  1.019839e+01  4.122227e+00  1.500000e+01
     vertex  1.040914e+01  3.556666e+00  1.500000e+01
     vertex  1.030765e+01  3.840892e+00  1.500000e+01
   endloop
 endfacet
 facet normal  0.000000e+00  0.000000e+00  1.000000e+00
   outer loop
     vertex  4.469507e+00  1.005104e+01  1.500000e+01
     vertex  4.192084e+00  1.016988e+01  1.500000e+01
     vertex  3.911505e+00  1.028106e+01  1.500000e+01
   endloop
 endfacet
 facet normal  0.000000e+00  0.000000e+00  1.000000e+00
   outer loop
     vertex  9.824937e+00  4.946778e+00  1.500000e+01
     vertex  1.019839e+01  4.122227e+00  1.500000e+01
     vertex  1.008147e+01  4.400459e+00  1.500000e+01
   endloop
 endfacet
 facet normal  0.000000e+00  0.000000e+00  1.000000e+00
   outer loop
     vertex  9.824937e+00  4.946778e+00  1.500000e+01
     vertex  1.008147e+01  4.400459e+00  1.500000e+01
     vertex  9.956949e+00  4.675378e+00  1.500000e+01
   endloop
 endfacet
 facet normal  0.000000e+00  0.000000e+00  1.000000e+00
   outer loop
     vertex  9.685529e+00  5.214454e+00  1.500000e+01
     vertex  1.019839e+01  4.122227e+00  1.500000e+01
     vertex  9.824937e+00  4.946778e+00  1.500000e+01
   endloop
 endfacet
 facet normal  0.000000e+00  0.000000e+00  1.000000e+00
   outer loop
     vertex  9.685529e+00  5.214454e+00  1.500000e+01
     vertex  1.079774e+01  2.099722e+00  1.500000e+01
     vertex  1.019839e+01  4.122227e+00  1.500000e+01
   endloop
 endfacet
 facet normal  0.000000e+00  0.000000e+00  1.000000e+00
   outer loop
     vertex  9.384950e+00  5.737831e+00  1.500000e+01
     vertex  9.685529e+00  5.214454e+00  1.500000e+01
     vertex  9.538830e+00  5.478204e+00  1.500000e+01
   endloop
 endfacet
 facet normal  0.000000e+00  0.000000e+00  1.000000e+00
   outer loop
     vertex  5.802070e+00  9.345372e+00  1.500000e+01
     vertex  5.543505e+00  9.501029e+00  1.500000e+01
     vertex  5.280767e+00  9.649534e+00  1.500000e+01
   endloop
 endfacet
 facet normal  0.000000e+00  0.000000e+00  1.000000e+00
   outer loop
     vertex  5.802070e+00  9.345372e+00  1.500000e+01
     vertex  5.280767e+00  9.649534e+00  1.500000e+01
     vertex  5.014054e+00  9.790775e+00  1.500000e+01
   endloop
 endfacet
 facet normal  0.000000e+00  0.000000e+00  1.000000e+00
   outer loop
     vertex  5.802070e+00  9.345372e+00  1.500000e+01
     vertex  5.014054e+00  9.790775e+00  1.500000e+01
     vertex  4.743566e+00  9.924645e+00  1.500000e+01
   endloop
 endfacet
 facet normal  0.000000e+00  0.000000e+00  1.000000e+00
   outer loop
     vertex  5.802070e+00  9.345372e+00  1.500000e+01
     vertex  4.743566e+00  9.924645e+00  1.500000e+01
     vertex  4.469507e+00  1.005104e+01  1.500000e+01
   endloop
 endfacet
 facet normal  0.000000e+00  0.000000e+00  1.000000e+00
   outer loop
     vertex  6.056268e+00  9.182680e+00  1.500000e+01
     vertex  4.469507e+00  1.005104e+01  1.500000e+01
     vertex  3.911505e+00  1.028106e+01  1.500000e+01
   endloop
 endfacet
 facet normal  0.000000e+00  0.000000e+00  1.000000e+00
   outer loop
     vertex  6.056268e+00  9.182680e+00  1.500000e+01
     vertex  5.802070e+00  9.345372e+00  1.500000e+01
     vertex  4.469507e+00  1.005104e+01  1.500000e+01
   endloop
 endfacet
 facet normal  0.000000e+00  0.000000e+00  1.000000e+00
   outer loop
     vertex  9.056118e+00  6.243935e+00  1.500000e+01
     vertex  9.384950e+00  5.737831e+00  1.500000e+01
     vertex  9.224006e+00  5.993139e+00  1.500000e+01
   endloop
 endfacet
 facet normal  0.000000e+00  0.000000e+00  1.000000e+00
   outer loop
     vertex  9.056118e+00  6.243935e+00  1.500000e+01
     vertex  1.079774e+01  2.099722e+00  1.500000e+01
     vertex  9.685529e+00  5.214454e+00  1.500000e+01
   endloop
 endfacet
 facet normal  0.000000e+00  0.000000e+00  1.000000e+00
   outer loop
     vertex  9.056118e+00  6.243935e+00  1.500000e+01
     vertex  9.685529e+00  5.214454e+00  1.500000e+01
     vertex  9.384950e+00  5.737831e+00  1.500000e+01
   endloop
 endfacet
 facet normal  0.000000e+00  0.000000e+00  1.000000e+00
   outer loop
     vertex  6.550798e+00  8.836687e+00  1.500000e+01
     vertex  3.911505e+00  1.028106e+01  1.500000e+01
     vertex  2.173738e+00  1.078308e+01  1.500000e+01
   endloop
 endfacet
 facet normal  0.000000e+00  0.000000e+00  1.000000e+00
   outer loop
     vertex  6.550798e+00  8.836687e+00  1.500000e+01
     vertex  6.056268e+00  9.182680e+00  1.500000e+01
     vertex  3.911505e+00  1.028106e+01  1.500000e+01
   endloop
 endfacet
 facet normal  0.000000e+00  0.000000e+00  1.000000e+00
   outer loop
     vertex  6.550798e+00  8.836687e+00  1.500000e+01
     vertex  6.305907e+00  9.013076e+00  1.500000e+01
     vertex  6.056268e+00  9.182680e+00  1.500000e+01
   endloop
 endfacet
 facet normal  0.000000e+00  0.000000e+00  1.000000e+00
   outer loop
     vertex  6.550798e+00  8.836687e+00  1.500000e+01
     vertex  2.173738e+00  1.078308e+01  1.500000e+01
     vertex  9.795909e-01  1.095630e+01  1.500000e+01
   endloop
 endfacet
 facet normal  0.000000e+00  0.000000e+00  1.000000e+00
   outer loop
     vertex  8.512083e+00  6.967384e+00  1.500000e+01
     vertex  9.056118e+00  6.243935e+00  1.500000e+01
     vertex  8.881413e+00  6.490031e+00  1.500000e+01
   endloop
 endfacet
 facet normal  0.000000e+00  0.000000e+00  1.000000e+00
   outer loop
     vertex  8.512083e+00  6.967384e+00  1.500000e+01
     vertex  8.881413e+00  6.490031e+00  1.500000e+01
     vertex  8.700023e+00  6.731241e+00  1.500000e+01
   endloop
 endfacet
 facet normal  0.000000e+00  0.000000e+00  1.000000e+00
   outer loop
     vertex  8.512083e+00  6.967384e+00  1.500000e+01
     vertex  1.079774e+01  2.099722e+00  1.500000e+01
     vertex  9.056118e+00  6.243935e+00  1.500000e+01
   endloop
 endfacet
 facet normal  0.000000e+00  0.000000e+00  1.000000e+00
   outer loop
     vertex  8.117127e+00  7.423763e+00  1.500000e+01
     vertex  8.512083e+00  6.967384e+00  1.500000e+01
     vertex  8.317736e+00  7.198283e+00  1.500000e+01
   endloop
 endfacet
 facet normal  0.000000e+00  0.000000e+00  1.000000e+00
   outer loop
     vertex  8.117127e+00  7.423763e+00  1.500000e+01
     vertex  1.079774e+01  2.099722e+00  1.500000e+01
     vertex  8.512083e+00  6.967384e+00  1.500000e+01
   endloop
 endfacet
 facet normal  0.000000e+00  0.000000e+00  1.000000e+00
   outer loop
     vertex  7.479266e+00  8.066014e+00  1.500000e+01
     vertex  7.255167e+00  8.268165e+00  1.500000e+01
     vertex  7.025607e+00  8.464091e+00  1.500000e+01
   endloop
 endfacet
 facet normal  0.000000e+00  0.000000e+00  1.000000e+00
   outer loop
     vertex  7.479266e+00  8.066014e+00  1.500000e+01
     vertex  7.025607e+00  8.464091e+00  1.500000e+01
     vertex  6.790759e+00  8.653646e+00  1.500000e+01
   endloop
 endfacet
 facet normal  0.000000e+00  0.000000e+00  1.000000e+00
   outer loop
     vertex  7.479266e+00  8.066014e+00  1.500000e+01
     vertex  6.790759e+00  8.653646e+00  1.500000e+01
     vertex  6.550798e+00  8.836687e+00  1.500000e+01
   endloop
 endfacet
 facet normal  0.000000e+00  0.000000e+00  1.000000e+00
   outer loop
     vertex  7.697734e+00  7.857792e+00  1.500000e+01
     vertex  8.117127e+00  7.423763e+00  1.500000e+01
     vertex  7.910408e+00  7.643654e+00  1.500000e+01
   endloop
 endfacet
 facet normal  0.000000e+00  0.000000e+00  1.000000e+00
   outer loop
     vertex  7.697734e+00  7.857792e+00  1.500000e+01
     vertex  7.479266e+00  8.066014e+00  1.500000e+01
     vertex  6.550798e+00  8.836687e+00  1.500000e+01
   endloop
 endfacet
 facet normal  0.000000e+00  0.000000e+00  1.000000e+00
   outer loop
     vertex  7.697734e+00  7.857792e+00  1.500000e+01
     vertex  6.550798e+00  8.836687e+00  1.500000e+01
     vertex  9.795909e-01  1.095630e+01  1.500000e+01
   endloop
 endfacet
 facet normal  0.000000e+00  0.000000e+00  1.000000e+00
   outer loop
     vertex  7.697734e+00  7.857792e+00  1.500000e+01
     vertex  1.079774e+01  2.099722e+00  1.500000e+01
     vertex  8.117127e+00  7.423763e+00  1.500000e+01
   endloop
 endfacet
 facet normal  0.000000e+00  0.000000e+00  1.000000e+00
   outer loop
     vertex  7.697734e+00  7.857792e+00  1.500000e+01
     vertex  9.795909e-01  1.095630e+01  1.500000e+01
     vertex  1.079774e+01  2.099722e+00  1.500000e+01
   endloop
 endfacet
endsolid
