solid 
 facet normal -1.000000e+00  0.000000e+00  0.000000e+00
   outer loop
     vertex  0.000000e+00  0.000000e+00  4.000000e+00
     vertex  0.000000e+00  7.000000e+00  0.000000e+00
     vertex  0.000000e+00  0.000000e+00  0.000000e+00
   endloop
 endfacet
 facet normal -1.000000e+00  0.000000e+00  0.000000e+00
   outer loop
     vertex  0.000000e+00  0.000000e+00  4.000000e+00
     vertex  0.000000e+00  7.000000e+00  4.000000e+00
     vertex  0.000000e+00  7.000000e+00  0.000000e+00
   endloop
 endfacet
 facet normal  0.000000e+00  0.000000e+00  1.000000e+00
   outer loop
     vertex  0.000000e+00  7.000000e+00  4.000000e+00
     vertex  0.000000e+00  0.000000e+00  4.000000e+00
     vertex  2.000000e+00  5.000000e+00  4.000000e+00
   endloop
 endfacet
 facet normal  0.000000e+00  0.000000e+00  1.000000e+00
   outer loop
     vertex  2.000000e+00  7.000000e+00  4.000000e+00
     vertex  0.000000e+00  7.000000e+00  4.000000e+00
     vertex  2.000000e+00  5.000000e+00  4.000000e+00
   endloop
 endfacet
 facet normal  0.000000e+00  0.000000e+00  1.000000e+00
   outer loop
     vertex  1.250000e+01  5.000000e+00  4.000000e+00
     vertex  2.000000e+00  5.000000e+00  4.000000e+00
     vertex  0.000000e+00  0.000000e+00  4.000000e+00
   endloop
 endfacet
 facet normal  0.000000e+00  0.000000e+00  1.000000e+00
   outer loop
     vertex  1.270486e+01  5.002798e+00  4.000000e+00
     vertex  1.250000e+01  5.000000e+00  4.000000e+00
     vertex  0.000000e+00  0.000000e+00  4.000000e+00
   endloop
 endfacet
 facet normal  0.000000e+00  0.000000e+00  1.000000e+00
   outer loop
     vertex  1.290957e+01  5.011191e+00  4.000000e+00
     vertex  1.270486e+01  5.002798e+00  4.000000e+00
     vertex  0.000000e+00  0.000000e+00  4.000000e+00
   endloop
 endfacet
 facet normal  0.000000e+00  0.000000e+00  1.000000e+00
   outer loop
     vertex  1.311397e+01  5.025173e+00  4.000000e+00
     vertex  1.290957e+01  5.011191e+00  4.000000e+00
     vertex  0.000000e+00  0.000000e+00  4.000000e+00
   endloop
 endfacet
 facet normal  0.000000e+00  0.000000e+00  1.000000e+00
   outer loop
     vertex  1.331792e+01  5.044732e+00  4.000000e+00
     vertex  1.311397e+01  5.025173e+00  4.000000e+00
     vertex  0.000000e+00  0.000000e+00  4.000000e+00
   endloop
 endfacet
 facet normal  0.000000e+00  0.000000e+00  1.000000e+00
   outer loop
     vertex  1.352125e+01  5.069855e+00  4.000000e+00
     vertex  1.331792e+01  5.044732e+00  4.000000e+00
     vertex  0.000000e+00  0.000000e+00  4.000000e+00
   endloop
 endfacet
 facet normal  0.000000e+00  0.000000e+00  1.000000e+00
   outer loop
     vertex  1.372382e+01  5.100523e+00  4.000000e+00
     vertex  1.352125e+01  5.069855e+00  4.000000e+00
     vertex  0.000000e+00  0.000000e+00  4.000000e+00
   endloop
 endfacet
 facet normal  0.000000e+00  0.000000e+00  1.000000e+00
   outer loop
     vertex  1.392548e+01  5.136712e+00  4.000000e+00
     vertex  1.372382e+01  5.100523e+00  4.000000e+00
     vertex  0.000000e+00  0.000000e+00  4.000000e+00
   endloop
 endfacet
 facet normal  0.000000e+00  0.000000e+00  1.000000e+00
   outer loop
     vertex  1.412608e+01  5.178396e+00  4.000000e+00
     vertex  1.392548e+01  5.136712e+00  4.000000e+00
     vertex  0.000000e+00  0.000000e+00  4.000000e+00
   endloop
 endfacet
 facet normal  0.000000e+00  0.000000e+00  1.000000e+00
   outer loop
     vertex  1.432546e+01  5.225544e+00  4.000000e+00
     vertex  1.412608e+01  5.178396e+00  4.000000e+00
     vertex  0.000000e+00  0.000000e+00  4.000000e+00
   endloop
 endfacet
 facet normal  0.000000e+00  0.000000e+00  1.000000e+00
   outer loop
     vertex  2.000000e+00  2.000000e+01  4.000000e+00
     vertex  0.000000e+00  1.800000e+01  4.000000e+00
     vertex  2.000000e+00  1.800000e+01  4.000000e+00
   endloop
 endfacet
 facet normal  0.000000e+00  0.000000e+00  1.000000e+00
   outer loop
     vertex  0.000000e+00  2.500000e+01  4.000000e+00
     vertex  0.000000e+00  1.800000e+01  4.000000e+00
     vertex  2.000000e+00  2.000000e+01  4.000000e+00
   endloop
 endfacet
 facet normal  0.000000e+00  0.000000e+00  1.000000e+00
   outer loop
     vertex  1.250000e+01  2.000000e+01  4.000000e+00
     vertex  0.000000e+00  2.500000e+01  4.000000e+00
     vertex  2.000000e+00  2.000000e+01  4.000000e+00
   endloop
 endfacet
 facet normal  0.000000e+00  0.000000e+00  1.000000e+00
   outer loop
     vertex  1.270486e+01  1.999720e+01  4.000000e+00
     vertex  0.000000e+00  2.500000e+01  4.000000e+00
     vertex  1.250000e+01  2.000000e+01  4.000000e+00
   endloop
 endfacet
 facet normal  0.000000e+00  0.000000e+00  1.000000e+00
   outer loop
     vertex  1.290957e+01  1.998881e+01  4.000000e+00
     vertex  0.000000e+00  2.500000e+01  4.000000e+00
     vertex  1.270486e+01  1.999720e+01  4.000000e+00
   endloop
 endfacet
 facet normal  0.000000e+00  0.000000e+00  1.000000e+00
   outer loop
     vertex  1.311397e+01  1.997483e+01  4.000000e+00
     vertex  0.000000e+00  2.500000e+01  4.000000e+00
     vertex  1.290957e+01  1.998881e+01  4.000000e+00
   endloop
 endfacet
 facet normal  0.000000e+00  0.000000e+00  1.000000e+00
   outer loop
     vertex  1.331792e+01  1.995527e+01  4.000000e+00
     vertex  0.000000e+00  2.500000e+01  4.000000e+00
     vertex  1.311397e+01  1.997483e+01  4.000000e+00
   endloop
 endfacet
 facet normal  0.000000e+00  0.000000e+00  1.000000e+00
   outer loop
     vertex  1.352125e+01  1.993014e+01  4.000000e+00
     vertex  0.000000e+00  2.500000e+01  4.000000e+00
     vertex  1.331792e+01  1.995527e+01  4.000000e+00
   endloop
 endfacet
 facet normal  0.000000e+00  0.000000e+00  1.000000e+00
   outer loop
     vertex  1.372382e+01  1.989948e+01  4.000000e+00
     vertex  0.000000e+00  2.500000e+01  4.000000e+00
     vertex  1.352125e+01  1.993014e+01  4.000000e+00
   endloop
 endfacet
 facet normal  0.000000e+00  0.000000e+00  1.000000e+00
   outer loop
     vertex  1.392548e+01  1.986329e+01  4.000000e+00
     vertex  0.000000e+00  2.500000e+01  4.000000e+00
     vertex  1.372382e+01  1.989948e+01  4.000000e+00
   endloop
 endfacet
 facet normal  0.000000e+00  0.000000e+00  1.000000e+00
   outer loop
     vertex  3.822618e+01  1.073831e+01  4.000000e+00
     vertex  1.896077e+01  8.691011e+00  4.000000e+00
     vertex  1.885432e+01  8.515957e+00  4.000000e+00
   endloop
 endfacet
 facet normal  0.000000e+00  0.000000e+00  1.000000e+00
   outer loop
     vertex  3.827518e+01  1.069031e+01  4.000000e+00
     vertex  3.822618e+01  1.073831e+01  4.000000e+00
     vertex  1.885432e+01  8.515957e+00  4.000000e+00
   endloop
 endfacet
 facet normal  0.000000e+00  0.000000e+00  1.000000e+00
   outer loop
     vertex  3.827518e+01  1.069031e+01  4.000000e+00
     vertex  1.885432e+01  8.515957e+00  4.000000e+00
     vertex  1.874313e+01  8.343877e+00  4.000000e+00
   endloop
 endfacet
 facet normal  0.000000e+00  0.000000e+00  1.000000e+00
   outer loop
     vertex  3.817852e+01  1.078763e+01  4.000000e+00
     vertex  1.896077e+01  8.691011e+00  4.000000e+00
     vertex  3.822618e+01  1.073831e+01  4.000000e+00
   endloop
 endfacet
 facet normal  0.000000e+00  0.000000e+00  1.000000e+00
   outer loop
     vertex  3.832548e+01  1.064367e+01  4.000000e+00
     vertex  3.827518e+01  1.069031e+01  4.000000e+00
     vertex  1.874313e+01  8.343877e+00  4.000000e+00
   endloop
 endfacet
 facet normal  0.000000e+00  0.000000e+00  1.000000e+00
   outer loop
     vertex  3.832548e+01  1.064367e+01  4.000000e+00
     vertex  1.874313e+01  8.343877e+00  4.000000e+00
     vertex  1.862727e+01  8.174898e+00  4.000000e+00
   endloop
 endfacet
 facet normal  0.000000e+00  0.000000e+00  1.000000e+00
   outer loop
     vertex  3.813223e+01  1.083825e+01  4.000000e+00
     vertex  1.906241e+01  8.868907e+00  4.000000e+00
     vertex  1.896077e+01  8.691011e+00  4.000000e+00
   endloop
 endfacet
 facet normal  0.000000e+00  0.000000e+00  1.000000e+00
   outer loop
     vertex  3.813223e+01  1.083825e+01  4.000000e+00
     vertex  1.896077e+01  8.691011e+00  4.000000e+00
     vertex  3.817852e+01  1.078763e+01  4.000000e+00
   endloop
 endfacet
 facet normal  0.000000e+00  0.000000e+00  1.000000e+00
   outer loop
     vertex  3.837703e+01  1.059843e+01  4.000000e+00
     vertex  3.832548e+01  1.064367e+01  4.000000e+00
     vertex  1.862727e+01  8.174898e+00  4.000000e+00
   endloop
 endfacet
 facet normal  0.000000e+00  0.000000e+00  1.000000e+00
   outer loop
     vertex  3.837703e+01  1.059843e+01  4.000000e+00
     vertex  1.862727e+01  8.174898e+00  4.000000e+00
     vertex  1.850685e+01  8.009146e+00  4.000000e+00
   endloop
 endfacet
 facet normal  0.000000e+00  0.000000e+00  1.000000e+00
   outer loop
     vertex  3.808734e+01  1.089011e+01  4.000000e+00
     vertex  1.906241e+01  8.868907e+00  4.000000e+00
     vertex  3.813223e+01  1.083825e+01  4.000000e+00
   endloop
 endfacet
 facet normal  0.000000e+00  0.000000e+00  1.000000e+00
   outer loop
     vertex  3.808734e+01  1.089011e+01  4.000000e+00
     vertex  1.915914e+01  9.049512e+00  4.000000e+00
     vertex  1.906241e+01  8.868907e+00  4.000000e+00
   endloop
 endfacet
 facet normal  0.000000e+00  0.000000e+00  1.000000e+00
   outer loop
     vertex  3.842981e+01  1.055462e+01  4.000000e+00
     vertex  3.837703e+01  1.059843e+01  4.000000e+00
     vertex  1.850685e+01  8.009146e+00  4.000000e+00
   endloop
 endfacet
 facet normal  0.000000e+00  0.000000e+00  1.000000e+00
   outer loop
     vertex  3.804389e+01  1.094319e+01  4.000000e+00
     vertex  1.915914e+01  9.049512e+00  4.000000e+00
     vertex  3.808734e+01  1.089011e+01  4.000000e+00
   endloop
 endfacet
 facet normal  0.000000e+00  0.000000e+00  1.000000e+00
   outer loop
     vertex  3.848377e+01  1.051228e+01  4.000000e+00
     vertex  3.842981e+01  1.055462e+01  4.000000e+00
     vertex  1.850685e+01  8.009146e+00  4.000000e+00
   endloop
 endfacet
 facet normal  0.000000e+00  0.000000e+00  1.000000e+00
   outer loop
     vertex  3.848377e+01  1.051228e+01  4.000000e+00
     vertex  1.850685e+01  8.009146e+00  4.000000e+00
     vertex  1.838194e+01  7.846746e+00  4.000000e+00
   endloop
 endfacet
 facet normal  0.000000e+00  0.000000e+00  1.000000e+00
   outer loop
     vertex  3.800192e+01  1.099744e+01  4.000000e+00
     vertex  1.915914e+01  9.049512e+00  4.000000e+00
     vertex  3.804389e+01  1.094319e+01  4.000000e+00
   endloop
 endfacet
 facet normal  0.000000e+00  0.000000e+00  1.000000e+00
   outer loop
     vertex  3.800192e+01  1.099744e+01  4.000000e+00
     vertex  1.925090e+01  9.232693e+00  4.000000e+00
     vertex  1.915914e+01  9.049512e+00  4.000000e+00
   endloop
 endfacet
 facet normal  0.000000e+00  0.000000e+00  1.000000e+00
   outer loop
     vertex  3.853887e+01  1.047143e+01  4.000000e+00
     vertex  3.848377e+01  1.051228e+01  4.000000e+00
     vertex  1.838194e+01  7.846746e+00  4.000000e+00
   endloop
 endfacet
 facet normal  0.000000e+00  0.000000e+00  1.000000e+00
   outer loop
     vertex  3.853887e+01  1.047143e+01  4.000000e+00
     vertex  1.838194e+01  7.846746e+00  4.000000e+00
     vertex  1.825264e+01  7.687818e+00  4.000000e+00
   endloop
 endfacet
 facet normal  0.000000e+00  0.000000e+00  1.000000e+00
   outer loop
     vertex  3.796145e+01  1.105282e+01  4.000000e+00
     vertex  1.925090e+01  9.232693e+00  4.000000e+00
     vertex  3.800192e+01  1.099744e+01  4.000000e+00
   endloop
 endfacet
 facet normal  0.000000e+00  0.000000e+00  1.000000e+00
   outer loop
     vertex  3.796145e+01  1.105282e+01  4.000000e+00
     vertex  1.933763e+01  9.418311e+00  4.000000e+00
     vertex  1.925090e+01  9.232693e+00  4.000000e+00
   endloop
 endfacet
 facet normal  0.000000e+00  0.000000e+00  1.000000e+00
   outer loop
     vertex  3.859508e+01  1.043211e+01  4.000000e+00
     vertex  3.853887e+01  1.047143e+01  4.000000e+00
     vertex  1.825264e+01  7.687818e+00  4.000000e+00
   endloop
 endfacet
 facet normal  0.000000e+00  0.000000e+00  1.000000e+00
   outer loop
     vertex  3.859508e+01  1.043211e+01  4.000000e+00
     vertex  1.825264e+01  7.687818e+00  4.000000e+00
     vertex  1.811905e+01  7.532481e+00  4.000000e+00
   endloop
 endfacet
 facet normal  0.000000e+00  0.000000e+00  1.000000e+00
   outer loop
     vertex  3.792252e+01  1.110929e+01  4.000000e+00
     vertex  1.933763e+01  9.418311e+00  4.000000e+00
     vertex  3.796145e+01  1.105282e+01  4.000000e+00
   endloop
 endfacet
 facet normal  0.000000e+00  0.000000e+00  1.000000e+00
   outer loop
     vertex  3.792252e+01  1.110929e+01  4.000000e+00
     vertex  1.941926e+01  9.606230e+00  4.000000e+00
     vertex  1.933763e+01  9.418311e+00  4.000000e+00
   endloop
 endfacet
 facet normal  0.000000e+00  0.000000e+00  1.000000e+00
   outer loop
     vertex  3.865233e+01  1.039434e+01  4.000000e+00
     vertex  3.859508e+01  1.043211e+01  4.000000e+00
     vertex  1.811905e+01  7.532481e+00  4.000000e+00
   endloop
 endfacet
 facet normal  0.000000e+00  0.000000e+00  1.000000e+00
   outer loop
     vertex  3.788515e+01  1.116681e+01  4.000000e+00
     vertex  1.941926e+01  9.606230e+00  4.000000e+00
     vertex  3.792252e+01  1.110929e+01  4.000000e+00
   endloop
 endfacet
 facet normal  0.000000e+00  0.000000e+00  1.000000e+00
   outer loop
     vertex  3.871061e+01  1.035816e+01  4.000000e+00
     vertex  3.865233e+01  1.039434e+01  4.000000e+00
     vertex  1.811905e+01  7.532481e+00  4.000000e+00
   endloop
 endfacet
 facet normal  0.000000e+00  0.000000e+00  1.000000e+00
   outer loop
     vertex  3.871061e+01  1.035816e+01  4.000000e+00
     vertex  1.811905e+01  7.532481e+00  4.000000e+00
     vertex  1.798127e+01  7.380851e+00  4.000000e+00
   endloop
 endfacet
 facet normal  0.000000e+00  0.000000e+00  1.000000e+00
   outer loop
     vertex  3.784937e+01  1.122533e+01  4.000000e+00
     vertex  1.949572e+01  9.796308e+00  4.000000e+00
     vertex  1.941926e+01  9.606230e+00  4.000000e+00
   endloop
 endfacet
 facet normal  0.000000e+00  0.000000e+00  1.000000e+00
   outer loop
     vertex  3.784937e+01  1.122533e+01  4.000000e+00
     vertex  1.941926e+01  9.606230e+00  4.000000e+00
     vertex  3.788515e+01  1.116681e+01  4.000000e+00
   endloop
 endfacet
 facet normal  0.000000e+00  0.000000e+00  1.000000e+00
   outer loop
     vertex  3.876985e+01  1.032359e+01  4.000000e+00
     vertex  3.871061e+01  1.035816e+01  4.000000e+00
     vertex  1.798127e+01  7.380851e+00  4.000000e+00
   endloop
 endfacet
 facet normal  0.000000e+00  0.000000e+00  1.000000e+00
   outer loop
     vertex  3.876985e+01  1.032359e+01  4.000000e+00
     vertex  1.798127e+01  7.380851e+00  4.000000e+00
     vertex  1.783940e+01  7.233042e+00  4.000000e+00
   endloop
 endfacet
 facet normal  0.000000e+00  0.000000e+00  1.000000e+00
   outer loop
     vertex  3.781521e+01  1.128481e+01  4.000000e+00
     vertex  1.949572e+01  9.796308e+00  4.000000e+00
     vertex  3.784937e+01  1.122533e+01  4.000000e+00
   endloop
 endfacet
 facet normal  0.000000e+00  0.000000e+00  1.000000e+00
   outer loop
     vertex  3.781521e+01  1.128481e+01  4.000000e+00
     vertex  1.956696e+01  9.988403e+00  4.000000e+00
     vertex  1.949572e+01  9.796308e+00  4.000000e+00
   endloop
 endfacet
 facet normal  0.000000e+00  0.000000e+00  1.000000e+00
   outer loop
     vertex  3.883002e+01  1.029067e+01  4.000000e+00
     vertex  3.876985e+01  1.032359e+01  4.000000e+00
     vertex  1.783940e+01  7.233042e+00  4.000000e+00
   endloop
 endfacet
 facet normal  0.000000e+00  0.000000e+00  1.000000e+00
   outer loop
     vertex  3.883002e+01  1.029067e+01  4.000000e+00
     vertex  1.783940e+01  7.233042e+00  4.000000e+00
     vertex  1.769354e+01  7.089162e+00  4.000000e+00
   endloop
 endfacet
 facet normal  0.000000e+00  0.000000e+00  1.000000e+00
   outer loop
     vertex  3.778269e+01  1.134521e+01  4.000000e+00
     vertex  1.956696e+01  9.988403e+00  4.000000e+00
     vertex  3.781521e+01  1.128481e+01  4.000000e+00
   endloop
 endfacet
 facet normal  0.000000e+00  0.000000e+00  1.000000e+00
   outer loop
     vertex  3.778269e+01  1.134521e+01  4.000000e+00
     vertex  1.963292e+01  1.018237e+01  4.000000e+00
     vertex  1.956696e+01  9.988403e+00  4.000000e+00
   endloop
 endfacet
 facet normal  0.000000e+00  0.000000e+00  1.000000e+00
   outer loop
     vertex  3.889108e+01  1.025940e+01  4.000000e+00
     vertex  3.883002e+01  1.029067e+01  4.000000e+00
     vertex  1.769354e+01  7.089162e+00  4.000000e+00
   endloop
 endfacet
 facet normal  0.000000e+00  0.000000e+00  1.000000e+00
   outer loop
     vertex  3.889108e+01  1.025940e+01  4.000000e+00
     vertex  1.769354e+01  7.089162e+00  4.000000e+00
     vertex  1.754380e+01  6.949321e+00  4.000000e+00
   endloop
 endfacet
 facet normal  0.000000e+00  0.000000e+00  1.000000e+00
   outer loop
     vertex  3.775185e+01  1.140647e+01  4.000000e+00
     vertex  1.963292e+01  1.018237e+01  4.000000e+00
     vertex  3.778269e+01  1.134521e+01  4.000000e+00
   endloop
 endfacet
 facet normal  0.000000e+00  0.000000e+00  1.000000e+00
   outer loop
     vertex  3.895296e+01  1.022982e+01  4.000000e+00
     vertex  3.889108e+01  1.025940e+01  4.000000e+00
     vertex  1.754380e+01  6.949321e+00  4.000000e+00
   endloop
 endfacet
 facet normal  0.000000e+00  0.000000e+00  1.000000e+00
   outer loop
     vertex  3.772269e+01  1.146856e+01  4.000000e+00
     vertex  1.963292e+01  1.018237e+01  4.000000e+00
     vertex  3.775185e+01  1.140647e+01  4.000000e+00
   endloop
 endfacet
 facet normal  0.000000e+00  0.000000e+00  1.000000e+00
   outer loop
     vertex  3.772269e+01  1.146856e+01  4.000000e+00
     vertex  1.969357e+01  1.037807e+01  4.000000e+00
     vertex  1.963292e+01  1.018237e+01  4.000000e+00
   endloop
 endfacet
 facet normal  0.000000e+00  0.000000e+00  1.000000e+00
   outer loop
     vertex  3.901564e+01  1.020195e+01  4.000000e+00
     vertex  3.895296e+01  1.022982e+01  4.000000e+00
     vertex  1.754380e+01  6.949321e+00  4.000000e+00
   endloop
 endfacet
 facet normal  0.000000e+00  0.000000e+00  1.000000e+00
   outer loop
     vertex  3.901564e+01  1.020195e+01  4.000000e+00
     vertex  1.754380e+01  6.949321e+00  4.000000e+00
     vertex  1.739031e+01  6.813621e+00  4.000000e+00
   endloop
 endfacet
 facet normal  0.000000e+00  0.000000e+00  1.000000e+00
   outer loop
     vertex  3.769525e+01  1.153142e+01  4.000000e+00
     vertex  1.969357e+01  1.037807e+01  4.000000e+00
     vertex  3.772269e+01  1.146856e+01  4.000000e+00
   endloop
 endfacet
 facet normal  0.000000e+00  0.000000e+00  1.000000e+00
   outer loop
     vertex  3.769525e+01  1.153142e+01  4.000000e+00
     vertex  1.974884e+01  1.057535e+01  4.000000e+00
     vertex  1.969357e+01  1.037807e+01  4.000000e+00
   endloop
 endfacet
 facet normal  0.000000e+00  0.000000e+00  1.000000e+00
   outer loop
     vertex  3.907905e+01  1.017581e+01  4.000000e+00
     vertex  3.901564e+01  1.020195e+01  4.000000e+00
     vertex  1.739031e+01  6.813621e+00  4.000000e+00
   endloop
 endfacet
 facet normal  0.000000e+00  0.000000e+00  1.000000e+00
   outer loop
     vertex  3.907905e+01  1.017581e+01  4.000000e+00
     vertex  1.739031e+01  6.813621e+00  4.000000e+00
     vertex  1.723316e+01  6.682165e+00  4.000000e+00
   endloop
 endfacet
 facet normal  0.000000e+00  0.000000e+00  1.000000e+00
   outer loop
     vertex  3.766955e+01  1.159501e+01  4.000000e+00
     vertex  1.974884e+01  1.057535e+01  4.000000e+00
     vertex  3.769525e+01  1.153142e+01  4.000000e+00
   endloop
 endfacet
 facet normal  0.000000e+00  0.000000e+00  1.000000e+00
   outer loop
     vertex  3.914316e+01  1.015142e+01  4.000000e+00
     vertex  3.907905e+01  1.017581e+01  4.000000e+00
     vertex  1.723316e+01  6.682165e+00  4.000000e+00
   endloop
 endfacet
 facet normal  0.000000e+00  0.000000e+00  1.000000e+00
   outer loop
     vertex  3.914316e+01  1.015142e+01  4.000000e+00
     vertex  1.723316e+01  6.682165e+00  4.000000e+00
     vertex  1.707248e+01  6.555051e+00  4.000000e+00
   endloop
 endfacet
 facet normal  0.000000e+00  0.000000e+00  1.000000e+00
   outer loop
     vertex  3.764560e+01  1.165929e+01  4.000000e+00
     vertex  1.974884e+01  1.057535e+01  4.000000e+00
     vertex  3.766955e+01  1.159501e+01  4.000000e+00
   endloop
 endfacet
 facet normal  0.000000e+00  0.000000e+00  1.000000e+00
   outer loop
     vertex  3.764560e+01  1.165929e+01  4.000000e+00
     vertex  1.979871e+01  1.077407e+01  4.000000e+00
     vertex  1.974884e+01  1.057535e+01  4.000000e+00
   endloop
 endfacet
 facet normal  0.000000e+00  0.000000e+00  1.000000e+00
   outer loop
     vertex  3.920791e+01  1.012880e+01  4.000000e+00
     vertex  3.914316e+01  1.015142e+01  4.000000e+00
     vertex  1.707248e+01  6.555051e+00  4.000000e+00
   endloop
 endfacet
 facet normal  0.000000e+00  0.000000e+00  1.000000e+00
   outer loop
     vertex  3.920791e+01  1.012880e+01  4.000000e+00
     vertex  1.707248e+01  6.555051e+00  4.000000e+00
     vertex  1.690839e+01  6.432373e+00  4.000000e+00
   endloop
 endfacet
 facet normal  0.000000e+00  0.000000e+00  1.000000e+00
   outer loop
     vertex  3.762342e+01  1.172420e+01  4.000000e+00
     vertex  1.979871e+01  1.077407e+01  4.000000e+00
     vertex  3.764560e+01  1.165929e+01  4.000000e+00
   endloop
 endfacet
 facet normal  0.000000e+00  0.000000e+00  1.000000e+00
   outer loop
     vertex  3.762342e+01  1.172420e+01  4.000000e+00
     vertex  1.984313e+01  1.097408e+01  4.000000e+00
     vertex  1.979871e+01  1.077407e+01  4.000000e+00
   endloop
 endfacet
 facet normal  0.000000e+00  0.000000e+00  1.000000e+00
   outer loop
     vertex  3.927326e+01  1.010796e+01  4.000000e+00
     vertex  1.690839e+01  6.432373e+00  4.000000e+00
     vertex  1.674101e+01  6.314222e+00  4.000000e+00
   endloop
 endfacet
 facet normal  0.000000e+00  0.000000e+00  1.000000e+00
   outer loop
     vertex  3.927326e+01  1.010796e+01  4.000000e+00
     vertex  3.920791e+01  1.012880e+01  4.000000e+00
     vertex  1.690839e+01  6.432373e+00  4.000000e+00
   endloop
 endfacet
 facet normal  0.000000e+00  0.000000e+00  1.000000e+00
   outer loop
     vertex  3.760303e+01  1.178969e+01  4.000000e+00
     vertex  1.988207e+01  1.117523e+01  4.000000e+00
     vertex  1.984313e+01  1.097408e+01  4.000000e+00
   endloop
 endfacet
 facet normal  0.000000e+00  0.000000e+00  1.000000e+00
   outer loop
     vertex  3.760303e+01  1.178969e+01  4.000000e+00
     vertex  1.984313e+01  1.097408e+01  4.000000e+00
     vertex  3.762342e+01  1.172420e+01  4.000000e+00
   endloop
 endfacet
 facet normal  0.000000e+00  0.000000e+00  1.000000e+00
   outer loop
     vertex  3.933916e+01  1.008892e+01  4.000000e+00
     vertex  1.674101e+01  6.314222e+00  4.000000e+00
     vertex  1.657046e+01  6.200688e+00  4.000000e+00
   endloop
 endfacet
 facet normal  0.000000e+00  0.000000e+00  1.000000e+00
   outer loop
     vertex  3.933916e+01  1.008892e+01  4.000000e+00
     vertex  3.927326e+01  1.010796e+01  4.000000e+00
     vertex  1.674101e+01  6.314222e+00  4.000000e+00
   endloop
 endfacet
 facet normal  0.000000e+00  0.000000e+00  1.000000e+00
   outer loop
     vertex  3.758445e+01  1.185571e+01  4.000000e+00
     vertex  1.988207e+01  1.117523e+01  4.000000e+00
     vertex  3.760303e+01  1.178969e+01  4.000000e+00
   endloop
 endfacet
 facet normal  0.000000e+00  0.000000e+00  1.000000e+00
   outer loop
     vertex  3.940555e+01  1.007170e+01  4.000000e+00
     vertex  3.933916e+01  1.008892e+01  4.000000e+00
     vertex  1.657046e+01  6.200688e+00  4.000000e+00
   endloop
 endfacet
 facet normal  0.000000e+00  0.000000e+00  1.000000e+00
   outer loop
     vertex  3.756768e+01  1.192222e+01  4.000000e+00
     vertex  1.991550e+01  1.137736e+01  4.000000e+00
     vertex  1.988207e+01  1.117523e+01  4.000000e+00
   endloop
 endfacet
 facet normal  0.000000e+00  0.000000e+00  1.000000e+00
   outer loop
     vertex  3.756768e+01  1.192222e+01  4.000000e+00
     vertex  1.988207e+01  1.117523e+01  4.000000e+00
     vertex  3.758445e+01  1.185571e+01  4.000000e+00
   endloop
 endfacet
 facet normal  0.000000e+00  0.000000e+00  1.000000e+00
   outer loop
     vertex  3.947240e+01  1.005631e+01  4.000000e+00
     vertex  1.657046e+01  6.200688e+00  4.000000e+00
     vertex  1.639688e+01  6.091854e+00  4.000000e+00
   endloop
 endfacet
 facet normal  0.000000e+00  0.000000e+00  1.000000e+00
   outer loop
     vertex  3.947240e+01  1.005631e+01  4.000000e+00
     vertex  3.940555e+01  1.007170e+01  4.000000e+00
     vertex  1.657046e+01  6.200688e+00  4.000000e+00
   endloop
 endfacet
 facet normal  0.000000e+00  0.000000e+00  1.000000e+00
   outer loop
     vertex  3.755275e+01  1.198917e+01  4.000000e+00
     vertex  1.994340e+01  1.158033e+01  4.000000e+00
     vertex  1.991550e+01  1.137736e+01  4.000000e+00
   endloop
 endfacet
 facet normal  0.000000e+00  0.000000e+00  1.000000e+00
   outer loop
     vertex  3.755275e+01  1.198917e+01  4.000000e+00
     vertex  1.991550e+01  1.137736e+01  4.000000e+00
     vertex  3.756768e+01  1.192222e+01  4.000000e+00
   endloop
 endfacet
 facet normal  0.000000e+00  0.000000e+00  1.000000e+00
   outer loop
     vertex  3.953963e+01  1.004275e+01  4.000000e+00
     vertex  1.639688e+01  6.091854e+00  4.000000e+00
     vertex  1.622039e+01  5.987803e+00  4.000000e+00
   endloop
 endfacet
 facet normal  0.000000e+00  0.000000e+00  1.000000e+00
   outer loop
     vertex  3.953963e+01  1.004275e+01  4.000000e+00
     vertex  3.947240e+01  1.005631e+01  4.000000e+00
     vertex  1.639688e+01  6.091854e+00  4.000000e+00
   endloop
 endfacet
 facet normal  0.000000e+00  0.000000e+00  1.000000e+00
   outer loop
     vertex  3.753965e+01  1.205650e+01  4.000000e+00
     vertex  1.994340e+01  1.158033e+01  4.000000e+00
     vertex  3.755275e+01  1.198917e+01  4.000000e+00
   endloop
 endfacet
 facet normal  0.000000e+00  0.000000e+00  1.000000e+00
   outer loop
     vertex  3.960722e+01  1.003105e+01  4.000000e+00
     vertex  1.622039e+01  5.987803e+00  4.000000e+00
     vertex  1.604112e+01  5.888611e+00  4.000000e+00
   endloop
 endfacet
 facet normal  0.000000e+00  0.000000e+00  1.000000e+00
   outer loop
     vertex  3.960722e+01  1.003105e+01  4.000000e+00
     vertex  3.953963e+01  1.004275e+01  4.000000e+00
     vertex  1.622039e+01  5.987803e+00  4.000000e+00
   endloop
 endfacet
 facet normal  0.000000e+00  0.000000e+00  1.000000e+00
   outer loop
     vertex  3.752841e+01  1.212416e+01  4.000000e+00
     vertex  1.996574e+01  1.178399e+01  4.000000e+00
     vertex  1.994340e+01  1.158033e+01  4.000000e+00
   endloop
 endfacet
 facet normal  0.000000e+00  0.000000e+00  1.000000e+00
   outer loop
     vertex  3.752841e+01  1.212416e+01  4.000000e+00
     vertex  1.994340e+01  1.158033e+01  4.000000e+00
     vertex  3.753965e+01  1.205650e+01  4.000000e+00
   endloop
 endfacet
 facet normal  0.000000e+00  0.000000e+00  1.000000e+00
   outer loop
     vertex  3.967510e+01  1.002120e+01  4.000000e+00
     vertex  1.604112e+01  5.888611e+00  4.000000e+00
     vertex  1.585921e+01  5.794353e+00  4.000000e+00
   endloop
 endfacet
 facet normal  0.000000e+00  0.000000e+00  1.000000e+00
   outer loop
     vertex  3.967510e+01  1.002120e+01  4.000000e+00
     vertex  3.960722e+01  1.003105e+01  4.000000e+00
     vertex  1.604112e+01  5.888611e+00  4.000000e+00
   endloop
 endfacet
 facet normal  0.000000e+00  0.000000e+00  1.000000e+00
   outer loop
     vertex  3.751903e+01  1.219211e+01  4.000000e+00
     vertex  1.996574e+01  1.178399e+01  4.000000e+00
     vertex  3.752841e+01  1.212416e+01  4.000000e+00
   endloop
 endfacet
 facet normal  0.000000e+00  0.000000e+00  1.000000e+00
   outer loop
     vertex  3.751903e+01  1.219211e+01  4.000000e+00
     vertex  1.998252e+01  1.198818e+01  4.000000e+00
     vertex  1.996574e+01  1.178399e+01  4.000000e+00
   endloop
 endfacet
 facet normal  0.000000e+00  0.000000e+00  1.000000e+00
   outer loop
     vertex  3.974323e+01  1.001322e+01  4.000000e+00
     vertex  1.585921e+01  5.794353e+00  4.000000e+00
     vertex  1.567479e+01  5.705099e+00  4.000000e+00
   endloop
 endfacet
 facet normal  0.000000e+00  0.000000e+00  1.000000e+00
   outer loop
     vertex  3.974323e+01  1.001322e+01  4.000000e+00
     vertex  3.967510e+01  1.002120e+01  4.000000e+00
     vertex  1.585921e+01  5.794353e+00  4.000000e+00
   endloop
 endfacet
 facet normal  0.000000e+00  0.000000e+00  1.000000e+00
   outer loop
     vertex  3.751152e+01  1.226029e+01  4.000000e+00
     vertex  1.998252e+01  1.198818e+01  4.000000e+00
     vertex  3.751903e+01  1.219211e+01  4.000000e+00
   endloop
 endfacet
 facet normal  0.000000e+00  0.000000e+00  1.000000e+00
   outer loop
     vertex  3.981155e+01  1.000711e+01  4.000000e+00
     vertex  3.974323e+01  1.001322e+01  4.000000e+00
     vertex  1.567479e+01  5.705099e+00  4.000000e+00
   endloop
 endfacet
 facet normal  0.000000e+00  0.000000e+00  1.000000e+00
   outer loop
     vertex  3.981155e+01  1.000711e+01  4.000000e+00
     vertex  1.567479e+01  5.705099e+00  4.000000e+00
     vertex  1.548801e+01  5.620915e+00  4.000000e+00
   endloop
 endfacet
 facet normal  0.000000e+00  0.000000e+00  1.000000e+00
   outer loop
     vertex  3.750588e+01  1.232865e+01  4.000000e+00
     vertex  1.998252e+01  1.198818e+01  4.000000e+00
     vertex  3.751152e+01  1.226029e+01  4.000000e+00
   endloop
 endfacet
 facet normal  0.000000e+00  0.000000e+00  1.000000e+00
   outer loop
     vertex  3.750588e+01  1.232865e+01  4.000000e+00
     vertex  1.999370e+01  1.219276e+01  4.000000e+00
     vertex  1.998252e+01  1.198818e+01  4.000000e+00
   endloop
 endfacet
 facet normal  0.000000e+00  0.000000e+00  1.000000e+00
   outer loop
     vertex  3.988001e+01  1.000288e+01  4.000000e+00
     vertex  3.981155e+01  1.000711e+01  4.000000e+00
     vertex  1.548801e+01  5.620915e+00  4.000000e+00
   endloop
 endfacet
 facet normal  0.000000e+00  0.000000e+00  1.000000e+00
   outer loop
     vertex  3.750212e+01  1.239714e+01  4.000000e+00
     vertex  1.999370e+01  1.219276e+01  4.000000e+00
     vertex  3.750588e+01  1.232865e+01  4.000000e+00
   endloop
 endfacet
 facet normal  0.000000e+00  0.000000e+00  1.000000e+00
   outer loop
     vertex  3.750212e+01  1.239714e+01  4.000000e+00
     vertex  1.999930e+01  1.239756e+01  4.000000e+00
     vertex  1.999370e+01  1.219276e+01  4.000000e+00
   endloop
 endfacet
 facet normal  0.000000e+00  0.000000e+00  1.000000e+00
   outer loop
     vertex  3.750024e+01  1.246570e+01  4.000000e+00
     vertex  1.999930e+01  1.239756e+01  4.000000e+00
     vertex  3.750212e+01  1.239714e+01  4.000000e+00
   endloop
 endfacet
 facet normal  0.000000e+00  0.000000e+00  1.000000e+00
   outer loop
     vertex  3.750024e+01  1.253430e+01  4.000000e+00
     vertex  1.999930e+01  1.239756e+01  4.000000e+00
     vertex  3.750024e+01  1.246570e+01  4.000000e+00
   endloop
 endfacet
 facet normal  0.000000e+00  0.000000e+00  1.000000e+00
   outer loop
     vertex  3.750024e+01  1.253430e+01  4.000000e+00
     vertex  1.999930e+01  1.260244e+01  4.000000e+00
     vertex  1.999930e+01  1.239756e+01  4.000000e+00
   endloop
 endfacet
 facet normal  0.000000e+00  0.000000e+00  1.000000e+00
   outer loop
     vertex  3.750212e+01  1.260286e+01  4.000000e+00
     vertex  1.999930e+01  1.260244e+01  4.000000e+00
     vertex  3.750024e+01  1.253430e+01  4.000000e+00
   endloop
 endfacet
 facet normal  0.000000e+00  0.000000e+00  1.000000e+00
   outer loop
     vertex  3.750212e+01  1.260286e+01  4.000000e+00
     vertex  1.999370e+01  1.280724e+01  4.000000e+00
     vertex  1.999930e+01  1.260244e+01  4.000000e+00
   endloop
 endfacet
 facet normal  0.000000e+00  0.000000e+00  1.000000e+00
   outer loop
     vertex  3.750588e+01  1.267135e+01  4.000000e+00
     vertex  1.999370e+01  1.280724e+01  4.000000e+00
     vertex  3.750212e+01  1.260286e+01  4.000000e+00
   endloop
 endfacet
 facet normal  0.000000e+00  0.000000e+00  1.000000e+00
   outer loop
     vertex  3.750588e+01  1.267135e+01  4.000000e+00
     vertex  1.998252e+01  1.301182e+01  4.000000e+00
     vertex  1.999370e+01  1.280724e+01  4.000000e+00
   endloop
 endfacet
 facet normal  0.000000e+00  0.000000e+00  1.000000e+00
   outer loop
     vertex  3.751152e+01  1.273971e+01  4.000000e+00
     vertex  1.998252e+01  1.301182e+01  4.000000e+00
     vertex  3.750588e+01  1.267135e+01  4.000000e+00
   endloop
 endfacet
 facet normal  0.000000e+00  0.000000e+00  1.000000e+00
   outer loop
     vertex  3.751903e+01  1.280789e+01  4.000000e+00
     vertex  1.996574e+01  1.321601e+01  4.000000e+00
     vertex  1.998252e+01  1.301182e+01  4.000000e+00
   endloop
 endfacet
 facet normal  0.000000e+00  0.000000e+00  1.000000e+00
   outer loop
     vertex  3.751903e+01  1.280789e+01  4.000000e+00
     vertex  1.998252e+01  1.301182e+01  4.000000e+00
     vertex  3.751152e+01  1.273971e+01  4.000000e+00
   endloop
 endfacet
 facet normal  0.000000e+00  0.000000e+00  1.000000e+00
   outer loop
     vertex  3.752841e+01  1.287584e+01  4.000000e+00
     vertex  1.996574e+01  1.321601e+01  4.000000e+00
     vertex  3.751903e+01  1.280789e+01  4.000000e+00
   endloop
 endfacet
 facet normal  0.000000e+00  0.000000e+00  1.000000e+00
   outer loop
     vertex  3.752841e+01  1.287584e+01  4.000000e+00
     vertex  1.994340e+01  1.341967e+01  4.000000e+00
     vertex  1.996574e+01  1.321601e+01  4.000000e+00
   endloop
 endfacet
 facet normal  0.000000e+00  0.000000e+00  1.000000e+00
   outer loop
     vertex  3.753965e+01  1.294350e+01  4.000000e+00
     vertex  1.994340e+01  1.341967e+01  4.000000e+00
     vertex  3.752841e+01  1.287584e+01  4.000000e+00
   endloop
 endfacet
 facet normal  0.000000e+00  0.000000e+00  1.000000e+00
   outer loop
     vertex  3.755275e+01  1.301083e+01  4.000000e+00
     vertex  1.994340e+01  1.341967e+01  4.000000e+00
     vertex  3.753965e+01  1.294350e+01  4.000000e+00
   endloop
 endfacet
 facet normal  0.000000e+00  0.000000e+00  1.000000e+00
   outer loop
     vertex  3.755275e+01  1.301083e+01  4.000000e+00
     vertex  1.991550e+01  1.362264e+01  4.000000e+00
     vertex  1.994340e+01  1.341967e+01  4.000000e+00
   endloop
 endfacet
 facet normal  0.000000e+00  0.000000e+00  1.000000e+00
   outer loop
     vertex  3.756768e+01  1.307778e+01  4.000000e+00
     vertex  1.991550e+01  1.362264e+01  4.000000e+00
     vertex  3.755275e+01  1.301083e+01  4.000000e+00
   endloop
 endfacet
 facet normal  0.000000e+00  0.000000e+00  1.000000e+00
   outer loop
     vertex  3.756768e+01  1.307778e+01  4.000000e+00
     vertex  1.988207e+01  1.382477e+01  4.000000e+00
     vertex  1.991550e+01  1.362264e+01  4.000000e+00
   endloop
 endfacet
 facet normal  0.000000e+00  0.000000e+00  1.000000e+00
   outer loop
     vertex  3.758445e+01  1.314429e+01  4.000000e+00
     vertex  1.988207e+01  1.382477e+01  4.000000e+00
     vertex  3.756768e+01  1.307778e+01  4.000000e+00
   endloop
 endfacet
 facet normal  0.000000e+00  0.000000e+00  1.000000e+00
   outer loop
     vertex  3.760303e+01  1.321031e+01  4.000000e+00
     vertex  1.988207e+01  1.382477e+01  4.000000e+00
     vertex  3.758445e+01  1.314429e+01  4.000000e+00
   endloop
 endfacet
 facet normal  0.000000e+00  0.000000e+00  1.000000e+00
   outer loop
     vertex  3.760303e+01  1.321031e+01  4.000000e+00
     vertex  1.984313e+01  1.402592e+01  4.000000e+00
     vertex  1.988207e+01  1.382477e+01  4.000000e+00
   endloop
 endfacet
 facet normal  0.000000e+00  0.000000e+00  1.000000e+00
   outer loop
     vertex  3.762342e+01  1.327580e+01  4.000000e+00
     vertex  1.979871e+01  1.422593e+01  4.000000e+00
     vertex  1.984313e+01  1.402592e+01  4.000000e+00
   endloop
 endfacet
 facet normal  0.000000e+00  0.000000e+00  1.000000e+00
   outer loop
     vertex  3.762342e+01  1.327580e+01  4.000000e+00
     vertex  1.984313e+01  1.402592e+01  4.000000e+00
     vertex  3.760303e+01  1.321031e+01  4.000000e+00
   endloop
 endfacet
 facet normal  0.000000e+00  0.000000e+00  1.000000e+00
   outer loop
     vertex  3.764560e+01  1.334071e+01  4.000000e+00
     vertex  1.974884e+01  1.442465e+01  4.000000e+00
     vertex  1.979871e+01  1.422593e+01  4.000000e+00
   endloop
 endfacet
 facet normal  0.000000e+00  0.000000e+00  1.000000e+00
   outer loop
     vertex  3.764560e+01  1.334071e+01  4.000000e+00
     vertex  1.979871e+01  1.422593e+01  4.000000e+00
     vertex  3.762342e+01  1.327580e+01  4.000000e+00
   endloop
 endfacet
 facet normal  0.000000e+00  0.000000e+00  1.000000e+00
   outer loop
     vertex  3.766955e+01  1.340499e+01  4.000000e+00
     vertex  1.974884e+01  1.442465e+01  4.000000e+00
     vertex  3.764560e+01  1.334071e+01  4.000000e+00
   endloop
 endfacet
 facet normal  0.000000e+00  0.000000e+00  1.000000e+00
   outer loop
     vertex  3.769525e+01  1.346858e+01  4.000000e+00
     vertex  1.969357e+01  1.462193e+01  4.000000e+00
     vertex  1.974884e+01  1.442465e+01  4.000000e+00
   endloop
 endfacet
 facet normal  0.000000e+00  0.000000e+00  1.000000e+00
   outer loop
     vertex  3.769525e+01  1.346858e+01  4.000000e+00
     vertex  1.974884e+01  1.442465e+01  4.000000e+00
     vertex  3.766955e+01  1.340499e+01  4.000000e+00
   endloop
 endfacet
 facet normal  0.000000e+00  0.000000e+00  1.000000e+00
   outer loop
     vertex  3.772269e+01  1.353144e+01  4.000000e+00
     vertex  1.963292e+01  1.481763e+01  4.000000e+00
     vertex  1.969357e+01  1.462193e+01  4.000000e+00
   endloop
 endfacet
 facet normal  0.000000e+00  0.000000e+00  1.000000e+00
   outer loop
     vertex  3.772269e+01  1.353144e+01  4.000000e+00
     vertex  1.969357e+01  1.462193e+01  4.000000e+00
     vertex  3.769525e+01  1.346858e+01  4.000000e+00
   endloop
 endfacet
 facet normal  0.000000e+00  0.000000e+00  1.000000e+00
   outer loop
     vertex  3.775185e+01  1.359353e+01  4.000000e+00
     vertex  1.963292e+01  1.481763e+01  4.000000e+00
     vertex  3.772269e+01  1.353144e+01  4.000000e+00
   endloop
 endfacet
 facet normal  0.000000e+00  0.000000e+00  1.000000e+00
   outer loop
     vertex  3.778269e+01  1.365479e+01  4.000000e+00
     vertex  1.963292e+01  1.481763e+01  4.000000e+00
     vertex  3.775185e+01  1.359353e+01  4.000000e+00
   endloop
 endfacet
 facet normal  0.000000e+00  0.000000e+00  1.000000e+00
   outer loop
     vertex  3.778269e+01  1.365479e+01  4.000000e+00
     vertex  1.956696e+01  1.501160e+01  4.000000e+00
     vertex  1.963292e+01  1.481763e+01  4.000000e+00
   endloop
 endfacet
 facet normal  0.000000e+00  0.000000e+00  1.000000e+00
   outer loop
     vertex  3.781521e+01  1.371519e+01  4.000000e+00
     vertex  1.949572e+01  1.520369e+01  4.000000e+00
     vertex  1.956696e+01  1.501160e+01  4.000000e+00
   endloop
 endfacet
 facet normal  0.000000e+00  0.000000e+00  1.000000e+00
   outer loop
     vertex  3.781521e+01  1.371519e+01  4.000000e+00
     vertex  1.956696e+01  1.501160e+01  4.000000e+00
     vertex  3.778269e+01  1.365479e+01  4.000000e+00
   endloop
 endfacet
 facet normal  0.000000e+00  0.000000e+00  1.000000e+00
   outer loop
     vertex  3.784937e+01  1.377467e+01  4.000000e+00
     vertex  1.941926e+01  1.539377e+01  4.000000e+00
     vertex  1.949572e+01  1.520369e+01  4.000000e+00
   endloop
 endfacet
 facet normal  0.000000e+00  0.000000e+00  1.000000e+00
   outer loop
     vertex  3.784937e+01  1.377467e+01  4.000000e+00
     vertex  1.949572e+01  1.520369e+01  4.000000e+00
     vertex  3.781521e+01  1.371519e+01  4.000000e+00
   endloop
 endfacet
 facet normal  0.000000e+00  0.000000e+00  1.000000e+00
   outer loop
     vertex  3.788515e+01  1.383319e+01  4.000000e+00
     vertex  1.941926e+01  1.539377e+01  4.000000e+00
     vertex  3.784937e+01  1.377467e+01  4.000000e+00
   endloop
 endfacet
 facet normal  0.000000e+00  0.000000e+00  1.000000e+00
   outer loop
     vertex  3.792252e+01  1.389071e+01  4.000000e+00
     vertex  1.941926e+01  1.539377e+01  4.000000e+00
     vertex  3.788515e+01  1.383319e+01  4.000000e+00
   endloop
 endfacet
 facet normal  0.000000e+00  0.000000e+00  1.000000e+00
   outer loop
     vertex  3.792252e+01  1.389071e+01  4.000000e+00
     vertex  1.933763e+01  1.558169e+01  4.000000e+00
     vertex  1.941926e+01  1.539377e+01  4.000000e+00
   endloop
 endfacet
 facet normal  0.000000e+00  0.000000e+00  1.000000e+00
   outer loop
     vertex  3.796145e+01  1.394718e+01  4.000000e+00
     vertex  1.933763e+01  1.558169e+01  4.000000e+00
     vertex  3.792252e+01  1.389071e+01  4.000000e+00
   endloop
 endfacet
 facet normal  0.000000e+00  0.000000e+00  1.000000e+00
   outer loop
     vertex  3.796145e+01  1.394718e+01  4.000000e+00
     vertex  1.925090e+01  1.576731e+01  4.000000e+00
     vertex  1.933763e+01  1.558169e+01  4.000000e+00
   endloop
 endfacet
 facet normal  0.000000e+00  0.000000e+00  1.000000e+00
   outer loop
     vertex  3.800192e+01  1.400256e+01  4.000000e+00
     vertex  1.925090e+01  1.576731e+01  4.000000e+00
     vertex  3.796145e+01  1.394718e+01  4.000000e+00
   endloop
 endfacet
 facet normal  0.000000e+00  0.000000e+00  1.000000e+00
   outer loop
     vertex  3.800192e+01  1.400256e+01  4.000000e+00
     vertex  1.915914e+01  1.595049e+01  4.000000e+00
     vertex  1.925090e+01  1.576731e+01  4.000000e+00
   endloop
 endfacet
 facet normal  0.000000e+00  0.000000e+00  1.000000e+00
   outer loop
     vertex  3.804389e+01  1.405681e+01  4.000000e+00
     vertex  1.915914e+01  1.595049e+01  4.000000e+00
     vertex  3.800192e+01  1.400256e+01  4.000000e+00
   endloop
 endfacet
 facet normal  0.000000e+00  0.000000e+00  1.000000e+00
   outer loop
     vertex  3.808734e+01  1.410989e+01  4.000000e+00
     vertex  1.906241e+01  1.613109e+01  4.000000e+00
     vertex  1.915914e+01  1.595049e+01  4.000000e+00
   endloop
 endfacet
 facet normal  0.000000e+00  0.000000e+00  1.000000e+00
   outer loop
     vertex  3.808734e+01  1.410989e+01  4.000000e+00
     vertex  1.915914e+01  1.595049e+01  4.000000e+00
     vertex  3.804389e+01  1.405681e+01  4.000000e+00
   endloop
 endfacet
 facet normal  0.000000e+00  0.000000e+00  1.000000e+00
   outer loop
     vertex  3.813223e+01  1.416175e+01  4.000000e+00
     vertex  1.906241e+01  1.613109e+01  4.000000e+00
     vertex  3.808734e+01  1.410989e+01  4.000000e+00
   endloop
 endfacet
 facet normal  0.000000e+00  0.000000e+00  1.000000e+00
   outer loop
     vertex  3.813223e+01  1.416175e+01  4.000000e+00
     vertex  1.896077e+01  1.630899e+01  4.000000e+00
     vertex  1.906241e+01  1.613109e+01  4.000000e+00
   endloop
 endfacet
 facet normal  0.000000e+00  0.000000e+00  1.000000e+00
   outer loop
     vertex  3.817852e+01  1.421237e+01  4.000000e+00
     vertex  1.896077e+01  1.630899e+01  4.000000e+00
     vertex  3.813223e+01  1.416175e+01  4.000000e+00
   endloop
 endfacet
 facet normal  0.000000e+00  0.000000e+00  1.000000e+00
   outer loop
     vertex  3.822618e+01  1.426169e+01  4.000000e+00
     vertex  1.885432e+01  1.648404e+01  4.000000e+00
     vertex  1.896077e+01  1.630899e+01  4.000000e+00
   endloop
 endfacet
 facet normal  0.000000e+00  0.000000e+00  1.000000e+00
   outer loop
     vertex  3.822618e+01  1.426169e+01  4.000000e+00
     vertex  1.896077e+01  1.630899e+01  4.000000e+00
     vertex  3.817852e+01  1.421237e+01  4.000000e+00
   endloop
 endfacet
 facet normal  0.000000e+00  0.000000e+00  1.000000e+00
   outer loop
     vertex  3.827518e+01  1.430969e+01  4.000000e+00
     vertex  1.885432e+01  1.648404e+01  4.000000e+00
     vertex  3.822618e+01  1.426169e+01  4.000000e+00
   endloop
 endfacet
 facet normal  0.000000e+00  0.000000e+00  1.000000e+00
   outer loop
     vertex  3.827518e+01  1.430969e+01  4.000000e+00
     vertex  1.874313e+01  1.665612e+01  4.000000e+00
     vertex  1.885432e+01  1.648404e+01  4.000000e+00
   endloop
 endfacet
 facet normal  0.000000e+00  0.000000e+00  1.000000e+00
   outer loop
     vertex  3.832548e+01  1.435633e+01  4.000000e+00
     vertex  1.874313e+01  1.665612e+01  4.000000e+00
     vertex  3.827518e+01  1.430969e+01  4.000000e+00
   endloop
 endfacet
 facet normal  0.000000e+00  0.000000e+00  1.000000e+00
   outer loop
     vertex  3.832548e+01  1.435633e+01  4.000000e+00
     vertex  1.862727e+01  1.682510e+01  4.000000e+00
     vertex  1.874313e+01  1.665612e+01  4.000000e+00
   endloop
 endfacet
 facet normal  0.000000e+00  0.000000e+00  1.000000e+00
   outer loop
     vertex  3.837703e+01  1.440157e+01  4.000000e+00
     vertex  1.862727e+01  1.682510e+01  4.000000e+00
     vertex  3.832548e+01  1.435633e+01  4.000000e+00
   endloop
 endfacet
 facet normal  0.000000e+00  0.000000e+00  1.000000e+00
   outer loop
     vertex  3.837703e+01  1.440157e+01  4.000000e+00
     vertex  1.850685e+01  1.699085e+01  4.000000e+00
     vertex  1.862727e+01  1.682510e+01  4.000000e+00
   endloop
 endfacet
 facet normal  0.000000e+00  0.000000e+00  1.000000e+00
   outer loop
     vertex  3.842981e+01  1.444538e+01  4.000000e+00
     vertex  1.850685e+01  1.699085e+01  4.000000e+00
     vertex  3.837703e+01  1.440157e+01  4.000000e+00
   endloop
 endfacet
 facet normal  0.000000e+00  0.000000e+00  1.000000e+00
   outer loop
     vertex  3.848377e+01  1.448772e+01  4.000000e+00
     vertex  1.838194e+01  1.715325e+01  4.000000e+00
     vertex  1.850685e+01  1.699085e+01  4.000000e+00
   endloop
 endfacet
 facet normal  0.000000e+00  0.000000e+00  1.000000e+00
   outer loop
     vertex  3.848377e+01  1.448772e+01  4.000000e+00
     vertex  1.850685e+01  1.699085e+01  4.000000e+00
     vertex  3.842981e+01  1.444538e+01  4.000000e+00
   endloop
 endfacet
 facet normal  0.000000e+00  0.000000e+00  1.000000e+00
   outer loop
     vertex  3.853887e+01  1.452857e+01  4.000000e+00
     vertex  1.838194e+01  1.715325e+01  4.000000e+00
     vertex  3.848377e+01  1.448772e+01  4.000000e+00
   endloop
 endfacet
 facet normal  0.000000e+00  0.000000e+00  1.000000e+00
   outer loop
     vertex  3.853887e+01  1.452857e+01  4.000000e+00
     vertex  1.825264e+01  1.731218e+01  4.000000e+00
     vertex  1.838194e+01  1.715325e+01  4.000000e+00
   endloop
 endfacet
 facet normal  0.000000e+00  0.000000e+00  1.000000e+00
   outer loop
     vertex  3.859508e+01  1.456789e+01  4.000000e+00
     vertex  1.825264e+01  1.731218e+01  4.000000e+00
     vertex  3.853887e+01  1.452857e+01  4.000000e+00
   endloop
 endfacet
 facet normal  0.000000e+00  0.000000e+00  1.000000e+00
   outer loop
     vertex  3.859508e+01  1.456789e+01  4.000000e+00
     vertex  1.811905e+01  1.746752e+01  4.000000e+00
     vertex  1.825264e+01  1.731218e+01  4.000000e+00
   endloop
 endfacet
 facet normal  0.000000e+00  0.000000e+00  1.000000e+00
   outer loop
     vertex  3.865233e+01  1.460566e+01  4.000000e+00
     vertex  1.811905e+01  1.746752e+01  4.000000e+00
     vertex  3.859508e+01  1.456789e+01  4.000000e+00
   endloop
 endfacet
 facet normal  0.000000e+00  0.000000e+00  1.000000e+00
   outer loop
     vertex  3.871061e+01  1.464184e+01  4.000000e+00
     vertex  1.798127e+01  1.761915e+01  4.000000e+00
     vertex  1.811905e+01  1.746752e+01  4.000000e+00
   endloop
 endfacet
 facet normal  0.000000e+00  0.000000e+00  1.000000e+00
   outer loop
     vertex  3.871061e+01  1.464184e+01  4.000000e+00
     vertex  1.811905e+01  1.746752e+01  4.000000e+00
     vertex  3.865233e+01  1.460566e+01  4.000000e+00
   endloop
 endfacet
 facet normal  0.000000e+00  0.000000e+00  1.000000e+00
   outer loop
     vertex  3.876985e+01  1.467641e+01  4.000000e+00
     vertex  1.783940e+01  1.776696e+01  4.000000e+00
     vertex  1.798127e+01  1.761915e+01  4.000000e+00
   endloop
 endfacet
 facet normal  0.000000e+00  0.000000e+00  1.000000e+00
   outer loop
     vertex  3.876985e+01  1.467641e+01  4.000000e+00
     vertex  1.798127e+01  1.761915e+01  4.000000e+00
     vertex  3.871061e+01  1.464184e+01  4.000000e+00
   endloop
 endfacet
 facet normal  0.000000e+00  0.000000e+00  1.000000e+00
   outer loop
     vertex  3.883002e+01  1.470933e+01  4.000000e+00
     vertex  1.783940e+01  1.776696e+01  4.000000e+00
     vertex  3.876985e+01  1.467641e+01  4.000000e+00
   endloop
 endfacet
 facet normal  0.000000e+00  0.000000e+00  1.000000e+00
   outer loop
     vertex  3.883002e+01  1.470933e+01  4.000000e+00
     vertex  1.769354e+01  1.791084e+01  4.000000e+00
     vertex  1.783940e+01  1.776696e+01  4.000000e+00
   endloop
 endfacet
 facet normal  0.000000e+00  0.000000e+00  1.000000e+00
   outer loop
     vertex  3.889108e+01  1.474060e+01  4.000000e+00
     vertex  1.754380e+01  1.805068e+01  4.000000e+00
     vertex  1.769354e+01  1.791084e+01  4.000000e+00
   endloop
 endfacet
 facet normal  0.000000e+00  0.000000e+00  1.000000e+00
   outer loop
     vertex  3.889108e+01  1.474060e+01  4.000000e+00
     vertex  1.769354e+01  1.791084e+01  4.000000e+00
     vertex  3.883002e+01  1.470933e+01  4.000000e+00
   endloop
 endfacet
 facet normal  0.000000e+00  0.000000e+00  1.000000e+00
   outer loop
     vertex  3.895296e+01  1.477018e+01  4.000000e+00
     vertex  1.754380e+01  1.805068e+01  4.000000e+00
     vertex  3.889108e+01  1.474060e+01  4.000000e+00
   endloop
 endfacet
 facet normal  0.000000e+00  0.000000e+00  1.000000e+00
   outer loop
     vertex  3.901564e+01  1.479805e+01  4.000000e+00
     vertex  1.754380e+01  1.805068e+01  4.000000e+00
     vertex  3.895296e+01  1.477018e+01  4.000000e+00
   endloop
 endfacet
 facet normal  0.000000e+00  0.000000e+00  1.000000e+00
   outer loop
     vertex  3.901564e+01  1.479805e+01  4.000000e+00
     vertex  1.739031e+01  1.818638e+01  4.000000e+00
     vertex  1.754380e+01  1.805068e+01  4.000000e+00
   endloop
 endfacet
 facet normal  0.000000e+00  0.000000e+00  1.000000e+00
   outer loop
     vertex  3.907905e+01  1.482419e+01  4.000000e+00
     vertex  1.723316e+01  1.831783e+01  4.000000e+00
     vertex  1.739031e+01  1.818638e+01  4.000000e+00
   endloop
 endfacet
 facet normal  0.000000e+00  0.000000e+00  1.000000e+00
   outer loop
     vertex  3.907905e+01  1.482419e+01  4.000000e+00
     vertex  1.739031e+01  1.818638e+01  4.000000e+00
     vertex  3.901564e+01  1.479805e+01  4.000000e+00
   endloop
 endfacet
 facet normal  0.000000e+00  0.000000e+00  1.000000e+00
   outer loop
     vertex  3.914316e+01  1.484858e+01  4.000000e+00
     vertex  1.707248e+01  1.844495e+01  4.000000e+00
     vertex  1.723316e+01  1.831783e+01  4.000000e+00
   endloop
 endfacet
 facet normal  0.000000e+00  0.000000e+00  1.000000e+00
   outer loop
     vertex  3.914316e+01  1.484858e+01  4.000000e+00
     vertex  1.723316e+01  1.831783e+01  4.000000e+00
     vertex  3.907905e+01  1.482419e+01  4.000000e+00
   endloop
 endfacet
 facet normal  0.000000e+00  0.000000e+00  1.000000e+00
   outer loop
     vertex  3.920791e+01  1.487120e+01  4.000000e+00
     vertex  1.690839e+01  1.856763e+01  4.000000e+00
     vertex  1.707248e+01  1.844495e+01  4.000000e+00
   endloop
 endfacet
 facet normal  0.000000e+00  0.000000e+00  1.000000e+00
   outer loop
     vertex  3.920791e+01  1.487120e+01  4.000000e+00
     vertex  1.707248e+01  1.844495e+01  4.000000e+00
     vertex  3.914316e+01  1.484858e+01  4.000000e+00
   endloop
 endfacet
 facet normal  0.000000e+00  0.000000e+00  1.000000e+00
   outer loop
     vertex  3.927326e+01  1.489204e+01  4.000000e+00
     vertex  1.674101e+01  1.868578e+01  4.000000e+00
     vertex  1.690839e+01  1.856763e+01  4.000000e+00
   endloop
 endfacet
 facet normal  0.000000e+00  0.000000e+00  1.000000e+00
   outer loop
     vertex  3.927326e+01  1.489204e+01  4.000000e+00
     vertex  1.690839e+01  1.856763e+01  4.000000e+00
     vertex  3.920791e+01  1.487120e+01  4.000000e+00
   endloop
 endfacet
 facet normal  0.000000e+00  0.000000e+00  1.000000e+00
   outer loop
     vertex  3.933916e+01  1.491108e+01  4.000000e+00
     vertex  1.657046e+01  1.879931e+01  4.000000e+00
     vertex  1.674101e+01  1.868578e+01  4.000000e+00
   endloop
 endfacet
 facet normal  0.000000e+00  0.000000e+00  1.000000e+00
   outer loop
     vertex  3.933916e+01  1.491108e+01  4.000000e+00
     vertex  1.674101e+01  1.868578e+01  4.000000e+00
     vertex  3.927326e+01  1.489204e+01  4.000000e+00
   endloop
 endfacet
 facet normal  0.000000e+00  0.000000e+00  1.000000e+00
   outer loop
     vertex  3.940555e+01  1.492830e+01  4.000000e+00
     vertex  1.657046e+01  1.879931e+01  4.000000e+00
     vertex  3.933916e+01  1.491108e+01  4.000000e+00
   endloop
 endfacet
 facet normal  0.000000e+00  0.000000e+00  1.000000e+00
   outer loop
     vertex  3.947240e+01  1.494369e+01  4.000000e+00
     vertex  1.657046e+01  1.879931e+01  4.000000e+00
     vertex  3.940555e+01  1.492830e+01  4.000000e+00
   endloop
 endfacet
 facet normal  0.000000e+00  0.000000e+00  1.000000e+00
   outer loop
     vertex  3.947240e+01  1.494369e+01  4.000000e+00
     vertex  1.639688e+01  1.890815e+01  4.000000e+00
     vertex  1.657046e+01  1.879931e+01  4.000000e+00
   endloop
 endfacet
 facet normal  0.000000e+00  0.000000e+00  1.000000e+00
   outer loop
     vertex  3.953963e+01  1.495725e+01  4.000000e+00
     vertex  1.639688e+01  1.890815e+01  4.000000e+00
     vertex  3.947240e+01  1.494369e+01  4.000000e+00
   endloop
 endfacet
 facet normal  0.000000e+00  0.000000e+00  1.000000e+00
   outer loop
     vertex  3.953963e+01  1.495725e+01  4.000000e+00
     vertex  1.622039e+01  1.901220e+01  4.000000e+00
     vertex  1.639688e+01  1.890815e+01  4.000000e+00
   endloop
 endfacet
 facet normal  0.000000e+00  0.000000e+00  1.000000e+00
   outer loop
     vertex  3.960722e+01  1.496895e+01  4.000000e+00
     vertex  1.604112e+01  1.911139e+01  4.000000e+00
     vertex  1.622039e+01  1.901220e+01  4.000000e+00
   endloop
 endfacet
 facet normal  0.000000e+00  0.000000e+00  1.000000e+00
   outer loop
     vertex  3.960722e+01  1.496895e+01  4.000000e+00
     vertex  1.622039e+01  1.901220e+01  4.000000e+00
     vertex  3.953963e+01  1.495725e+01  4.000000e+00
   endloop
 endfacet
 facet normal  0.000000e+00  0.000000e+00  1.000000e+00
   outer loop
     vertex  3.967510e+01  1.497880e+01  4.000000e+00
     vertex  1.604112e+01  1.911139e+01  4.000000e+00
     vertex  3.960722e+01  1.496895e+01  4.000000e+00
   endloop
 endfacet
 facet normal  0.000000e+00  0.000000e+00  1.000000e+00
   outer loop
     vertex  3.967510e+01  1.497880e+01  4.000000e+00
     vertex  1.585921e+01  1.920565e+01  4.000000e+00
     vertex  1.604112e+01  1.911139e+01  4.000000e+00
   endloop
 endfacet
 facet normal  0.000000e+00  0.000000e+00  1.000000e+00
   outer loop
     vertex  3.974323e+01  1.498678e+01  4.000000e+00
     vertex  1.567479e+01  1.929490e+01  4.000000e+00
     vertex  1.585921e+01  1.920565e+01  4.000000e+00
   endloop
 endfacet
 facet normal  0.000000e+00  0.000000e+00  1.000000e+00
   outer loop
     vertex  3.974323e+01  1.498678e+01  4.000000e+00
     vertex  1.585921e+01  1.920565e+01  4.000000e+00
     vertex  3.967510e+01  1.497880e+01  4.000000e+00
   endloop
 endfacet
 facet normal  0.000000e+00  0.000000e+00  1.000000e+00
   outer loop
     vertex  6.280385e+01  3.500000e+00  4.000000e+00
     vertex  1.548801e+01  5.620915e+00  4.000000e+00
     vertex  1.529899e+01  5.541865e+00  4.000000e+00
   endloop
 endfacet
 facet normal  0.000000e+00  0.000000e+00  1.000000e+00
   outer loop
     vertex  6.280385e+01  3.500000e+00  4.000000e+00
     vertex  1.529899e+01  5.541865e+00  4.000000e+00
     vertex  1.510789e+01  5.468007e+00  4.000000e+00
   endloop
 endfacet
 facet normal  0.000000e+00  0.000000e+00  1.000000e+00
   outer loop
     vertex  6.280385e+01  3.500000e+00  4.000000e+00
     vertex  1.510789e+01  5.468007e+00  4.000000e+00
     vertex  1.491484e+01  5.399397e+00  4.000000e+00
   endloop
 endfacet
 facet normal  0.000000e+00  0.000000e+00  1.000000e+00
   outer loop
     vertex  6.280385e+01  3.500000e+00  4.000000e+00
     vertex  1.491484e+01  5.399397e+00  4.000000e+00
     vertex  1.471998e+01  5.336086e+00  4.000000e+00
   endloop
 endfacet
 facet normal  0.000000e+00  0.000000e+00  1.000000e+00
   outer loop
     vertex  6.280385e+01  3.500000e+00  4.000000e+00
     vertex  1.471998e+01  5.336086e+00  4.000000e+00
     vertex  1.452348e+01  5.278120e+00  4.000000e+00
   endloop
 endfacet
 facet normal  0.000000e+00  0.000000e+00  1.000000e+00
   outer loop
     vertex  6.280385e+01  3.500000e+00  4.000000e+00
     vertex  1.452348e+01  5.278120e+00  4.000000e+00
     vertex  1.432546e+01  5.225544e+00  4.000000e+00
   endloop
 endfacet
 facet normal  0.000000e+00  0.000000e+00  1.000000e+00
   outer loop
     vertex  6.280385e+01  3.500000e+00  4.000000e+00
     vertex  3.994856e+01  1.000053e+01  4.000000e+00
     vertex  3.988001e+01  1.000288e+01  4.000000e+00
   endloop
 endfacet
 facet normal  0.000000e+00  0.000000e+00  1.000000e+00
   outer loop
     vertex  6.280385e+01  3.500000e+00  4.000000e+00
     vertex  4.001715e+01  1.000006e+01  4.000000e+00
     vertex  3.994856e+01  1.000053e+01  4.000000e+00
   endloop
 endfacet
 facet normal  0.000000e+00  0.000000e+00  1.000000e+00
   outer loop
     vertex  6.280385e+01  3.500000e+00  4.000000e+00
     vertex  4.008573e+01  1.000147e+01  4.000000e+00
     vertex  4.001715e+01  1.000006e+01  4.000000e+00
   endloop
 endfacet
 facet normal  0.000000e+00  0.000000e+00  1.000000e+00
   outer loop
     vertex  6.280385e+01  3.500000e+00  4.000000e+00
     vertex  4.015424e+01  1.000476e+01  4.000000e+00
     vertex  4.008573e+01  1.000147e+01  4.000000e+00
   endloop
 endfacet
 facet normal  0.000000e+00  0.000000e+00  1.000000e+00
   outer loop
     vertex  6.280385e+01  3.500000e+00  4.000000e+00
     vertex  4.022263e+01  1.000993e+01  4.000000e+00
     vertex  4.015424e+01  1.000476e+01  4.000000e+00
   endloop
 endfacet
 facet normal  0.000000e+00  0.000000e+00  1.000000e+00
   outer loop
     vertex  6.280385e+01  3.500000e+00  4.000000e+00
     vertex  4.029086e+01  1.001698e+01  4.000000e+00
     vertex  4.022263e+01  1.000993e+01  4.000000e+00
   endloop
 endfacet
 facet normal  0.000000e+00  0.000000e+00  1.000000e+00
   outer loop
     vertex  6.280385e+01  3.500000e+00  4.000000e+00
     vertex  4.035887e+01  1.002589e+01  4.000000e+00
     vertex  4.029086e+01  1.001698e+01  4.000000e+00
   endloop
 endfacet
 facet normal  0.000000e+00  0.000000e+00  1.000000e+00
   outer loop
     vertex  6.280385e+01  3.500000e+00  4.000000e+00
     vertex  4.042661e+01  1.003667e+01  4.000000e+00
     vertex  4.035887e+01  1.002589e+01  4.000000e+00
   endloop
 endfacet
 facet normal  0.000000e+00  0.000000e+00  1.000000e+00
   outer loop
     vertex  6.280385e+01  3.500000e+00  4.000000e+00
     vertex  4.049403e+01  1.004930e+01  4.000000e+00
     vertex  4.042661e+01  1.003667e+01  4.000000e+00
   endloop
 endfacet
 facet normal  0.000000e+00  0.000000e+00  1.000000e+00
   outer loop
     vertex  6.280385e+01  3.500000e+00  4.000000e+00
     vertex  4.056108e+01  1.006378e+01  4.000000e+00
     vertex  4.049403e+01  1.004930e+01  4.000000e+00
   endloop
 endfacet
 facet normal  0.000000e+00  0.000000e+00  1.000000e+00
   outer loop
     vertex  6.280385e+01  3.500000e+00  4.000000e+00
     vertex  4.062770e+01  1.008008e+01  4.000000e+00
     vertex  4.056108e+01  1.006378e+01  4.000000e+00
   endloop
 endfacet
 facet normal  0.000000e+00  0.000000e+00  1.000000e+00
   outer loop
     vertex  6.280385e+01  3.500000e+00  4.000000e+00
     vertex  4.069385e+01  1.009822e+01  4.000000e+00
     vertex  4.062770e+01  1.008008e+01  4.000000e+00
   endloop
 endfacet
 facet normal  0.000000e+00  0.000000e+00  1.000000e+00
   outer loop
     vertex  6.280385e+01  3.500000e+00  4.000000e+00
     vertex  4.075948e+01  1.011816e+01  4.000000e+00
     vertex  4.069385e+01  1.009822e+01  4.000000e+00
   endloop
 endfacet
 facet normal  0.000000e+00  0.000000e+00  1.000000e+00
   outer loop
     vertex  6.280385e+01  3.500000e+00  4.000000e+00
     vertex  4.082454e+01  1.013989e+01  4.000000e+00
     vertex  4.075948e+01  1.011816e+01  4.000000e+00
   endloop
 endfacet
 facet normal  0.000000e+00  0.000000e+00  1.000000e+00
   outer loop
     vertex  6.280385e+01  3.500000e+00  4.000000e+00
     vertex  4.088898e+01  1.016340e+01  4.000000e+00
     vertex  4.082454e+01  1.013989e+01  4.000000e+00
   endloop
 endfacet
 facet normal  0.000000e+00  0.000000e+00  1.000000e+00
   outer loop
     vertex  6.280385e+01  3.500000e+00  4.000000e+00
     vertex  4.095275e+01  1.018866e+01  4.000000e+00
     vertex  4.088898e+01  1.016340e+01  4.000000e+00
   endloop
 endfacet
 facet normal  0.000000e+00  0.000000e+00  1.000000e+00
   outer loop
     vertex  6.280385e+01  3.500000e+00  4.000000e+00
     vertex  4.101580e+01  1.021567e+01  4.000000e+00
     vertex  4.095275e+01  1.018866e+01  4.000000e+00
   endloop
 endfacet
 facet normal  0.000000e+00  0.000000e+00  1.000000e+00
   outer loop
     vertex  6.280385e+01  3.500000e+00  4.000000e+00
     vertex  4.107808e+01  1.024440e+01  4.000000e+00
     vertex  4.101580e+01  1.021567e+01  4.000000e+00
   endloop
 endfacet
 facet normal  0.000000e+00  0.000000e+00  1.000000e+00
   outer loop
     vertex  6.280385e+01  3.500000e+00  4.000000e+00
     vertex  4.113956e+01  1.027482e+01  4.000000e+00
     vertex  4.107808e+01  1.024440e+01  4.000000e+00
   endloop
 endfacet
 facet normal  0.000000e+00  0.000000e+00  1.000000e+00
   outer loop
     vertex  6.280385e+01  3.500000e+00  4.000000e+00
     vertex  4.120017e+01  1.030692e+01  4.000000e+00
     vertex  4.113956e+01  1.027482e+01  4.000000e+00
   endloop
 endfacet
 facet normal  0.000000e+00  0.000000e+00  1.000000e+00
   outer loop
     vertex  6.280385e+01  3.500000e+00  4.000000e+00
     vertex  4.125989e+01  1.034068e+01  4.000000e+00
     vertex  4.120017e+01  1.030692e+01  4.000000e+00
   endloop
 endfacet
 facet normal  0.000000e+00  0.000000e+00  1.000000e+00
   outer loop
     vertex  6.280385e+01  3.500000e+00  4.000000e+00
     vertex  4.131865e+01  1.037605e+01  4.000000e+00
     vertex  4.125989e+01  1.034068e+01  4.000000e+00
   endloop
 endfacet
 facet normal  0.000000e+00  0.000000e+00  1.000000e+00
   outer loop
     vertex  6.280385e+01  3.500000e+00  4.000000e+00
     vertex  4.137642e+01  1.041303e+01  4.000000e+00
     vertex  4.131865e+01  1.037605e+01  4.000000e+00
   endloop
 endfacet
 facet normal  0.000000e+00  0.000000e+00  1.000000e+00
   outer loop
     vertex  6.280385e+01  3.500000e+00  4.000000e+00
     vertex  4.143316e+01  1.045157e+01  4.000000e+00
     vertex  4.137642e+01  1.041303e+01  4.000000e+00
   endloop
 endfacet
 facet normal  0.000000e+00  0.000000e+00  1.000000e+00
   outer loop
     vertex  6.280385e+01  3.500000e+00  4.000000e+00
     vertex  4.148882e+01  1.049166e+01  4.000000e+00
     vertex  4.143316e+01  1.045157e+01  4.000000e+00
   endloop
 endfacet
 facet normal  0.000000e+00  0.000000e+00  1.000000e+00
   outer loop
     vertex  6.280385e+01  3.500000e+00  4.000000e+00
     vertex  4.154335e+01  1.053326e+01  4.000000e+00
     vertex  4.148882e+01  1.049166e+01  4.000000e+00
   endloop
 endfacet
 facet normal  0.000000e+00  0.000000e+00  1.000000e+00
   outer loop
     vertex  6.280385e+01  3.500000e+00  4.000000e+00
     vertex  4.159673e+01  1.057634e+01  4.000000e+00
     vertex  4.154335e+01  1.053326e+01  4.000000e+00
   endloop
 endfacet
 facet normal  0.000000e+00  0.000000e+00  1.000000e+00
   outer loop
     vertex  6.280385e+01  3.500000e+00  4.000000e+00
     vertex  4.164890e+01  1.062087e+01  4.000000e+00
     vertex  4.159673e+01  1.057634e+01  4.000000e+00
   endloop
 endfacet
 facet normal  0.000000e+00  0.000000e+00  1.000000e+00
   outer loop
     vertex  6.280385e+01  3.500000e+00  4.000000e+00
     vertex  4.169983e+01  1.066681e+01  4.000000e+00
     vertex  4.164890e+01  1.062087e+01  4.000000e+00
   endloop
 endfacet
 facet normal  0.000000e+00  0.000000e+00  1.000000e+00
   outer loop
     vertex  6.280385e+01  3.500000e+00  4.000000e+00
     vertex  4.174949e+01  1.071414e+01  4.000000e+00
     vertex  4.169983e+01  1.066681e+01  4.000000e+00
   endloop
 endfacet
 facet normal  0.000000e+00  0.000000e+00  1.000000e+00
   outer loop
     vertex  6.280385e+01  3.500000e+00  4.000000e+00
     vertex  4.179782e+01  1.076281e+01  4.000000e+00
     vertex  4.174949e+01  1.071414e+01  4.000000e+00
   endloop
 endfacet
 facet normal  0.000000e+00  0.000000e+00  1.000000e+00
   outer loop
     vertex  6.280385e+01  3.500000e+00  4.000000e+00
     vertex  4.184480e+01  1.081278e+01  4.000000e+00
     vertex  4.179782e+01  1.076281e+01  4.000000e+00
   endloop
 endfacet
 facet normal  0.000000e+00  0.000000e+00  1.000000e+00
   outer loop
     vertex  6.280385e+01  3.500000e+00  4.000000e+00
     vertex  1.432546e+01  5.225544e+00  4.000000e+00
     vertex  0.000000e+00  0.000000e+00  4.000000e+00
   endloop
 endfacet
 facet normal  0.000000e+00  0.000000e+00  1.000000e+00
   outer loop
     vertex  6.280385e+01  3.500000e+00  4.000000e+00
     vertex  3.988001e+01  1.000288e+01  4.000000e+00
     vertex  1.548801e+01  5.620915e+00  4.000000e+00
   endloop
 endfacet
 facet normal  0.000000e+00  0.000000e+00  1.000000e+00
   outer loop
     vertex  5.760770e+01  1.250000e+01  4.000000e+00
     vertex  4.184480e+01  1.081278e+01  4.000000e+00
     vertex  6.280385e+01  3.500000e+00  4.000000e+00
   endloop
 endfacet
 facet normal  0.000000e+00  0.000000e+00  1.000000e+00
   outer loop
     vertex  5.760770e+01  1.250000e+01  4.000000e+00
     vertex  4.189039e+01  1.086403e+01  4.000000e+00
     vertex  4.184480e+01  1.081278e+01  4.000000e+00
   endloop
 endfacet
 facet normal  0.000000e+00  0.000000e+00  1.000000e+00
   outer loop
     vertex  5.760770e+01  1.250000e+01  4.000000e+00
     vertex  4.249906e+01  1.256859e+01  4.000000e+00
     vertex  4.250000e+01  1.250000e+01  4.000000e+00
   endloop
 endfacet
 facet normal  0.000000e+00  0.000000e+00  1.000000e+00
   outer loop
     vertex  5.760770e+01  1.250000e+01  4.000000e+00
     vertex  4.193456e+01  1.091650e+01  4.000000e+00
     vertex  4.189039e+01  1.086403e+01  4.000000e+00
   endloop
 endfacet
 facet normal  0.000000e+00  0.000000e+00  1.000000e+00
   outer loop
     vertex  5.760770e+01  1.250000e+01  4.000000e+00
     vertex  4.249624e+01  1.263712e+01  4.000000e+00
     vertex  4.249906e+01  1.256859e+01  4.000000e+00
   endloop
 endfacet
 facet normal  0.000000e+00  0.000000e+00  1.000000e+00
   outer loop
     vertex  5.760770e+01  1.250000e+01  4.000000e+00
     vertex  4.197728e+01  1.097017e+01  4.000000e+00
     vertex  4.193456e+01  1.091650e+01  4.000000e+00
   endloop
 endfacet
 facet normal  0.000000e+00  0.000000e+00  1.000000e+00
   outer loop
     vertex  5.760770e+01  1.250000e+01  4.000000e+00
     vertex  4.249154e+01  1.270555e+01  4.000000e+00
     vertex  4.249624e+01  1.263712e+01  4.000000e+00
   endloop
 endfacet
 facet normal  0.000000e+00  0.000000e+00  1.000000e+00
   outer loop
     vertex  5.760770e+01  1.250000e+01  4.000000e+00
     vertex  4.201850e+01  1.102499e+01  4.000000e+00
     vertex  4.197728e+01  1.097017e+01  4.000000e+00
   endloop
 endfacet
 facet normal  0.000000e+00  0.000000e+00  1.000000e+00
   outer loop
     vertex  5.760770e+01  1.250000e+01  4.000000e+00
     vertex  4.248496e+01  1.277382e+01  4.000000e+00
     vertex  4.249154e+01  1.270555e+01  4.000000e+00
   endloop
 endfacet
 facet normal  0.000000e+00  0.000000e+00  1.000000e+00
   outer loop
     vertex  5.760770e+01  1.250000e+01  4.000000e+00
     vertex  4.205821e+01  1.108092e+01  4.000000e+00
     vertex  4.201850e+01  1.102499e+01  4.000000e+00
   endloop
 endfacet
 facet normal  0.000000e+00  0.000000e+00  1.000000e+00
   outer loop
     vertex  5.760770e+01  1.250000e+01  4.000000e+00
     vertex  4.247651e+01  1.284189e+01  4.000000e+00
     vertex  4.248496e+01  1.277382e+01  4.000000e+00
   endloop
 endfacet
 facet normal  0.000000e+00  0.000000e+00  1.000000e+00
   outer loop
     vertex  5.760770e+01  1.250000e+01  4.000000e+00
     vertex  4.209637e+01  1.113792e+01  4.000000e+00
     vertex  4.205821e+01  1.108092e+01  4.000000e+00
   endloop
 endfacet
 facet normal  0.000000e+00  0.000000e+00  1.000000e+00
   outer loop
     vertex  5.760770e+01  1.250000e+01  4.000000e+00
     vertex  4.246620e+01  1.290971e+01  4.000000e+00
     vertex  4.247651e+01  1.284189e+01  4.000000e+00
   endloop
 endfacet
 facet normal  0.000000e+00  0.000000e+00  1.000000e+00
   outer loop
     vertex  5.760770e+01  1.250000e+01  4.000000e+00
     vertex  4.213294e+01  1.119595e+01  4.000000e+00
     vertex  4.209637e+01  1.113792e+01  4.000000e+00
   endloop
 endfacet
 facet normal  0.000000e+00  0.000000e+00  1.000000e+00
   outer loop
     vertex  5.760770e+01  1.250000e+01  4.000000e+00
     vertex  4.245403e+01  1.297721e+01  4.000000e+00
     vertex  4.246620e+01  1.290971e+01  4.000000e+00
   endloop
 endfacet
 facet normal  0.000000e+00  0.000000e+00  1.000000e+00
   outer loop
     vertex  5.760770e+01  1.250000e+01  4.000000e+00
     vertex  4.216792e+01  1.125495e+01  4.000000e+00
     vertex  4.213294e+01  1.119595e+01  4.000000e+00
   endloop
 endfacet
 facet normal  0.000000e+00  0.000000e+00  1.000000e+00
   outer loop
     vertex  5.760770e+01  1.250000e+01  4.000000e+00
     vertex  4.244002e+01  1.304435e+01  4.000000e+00
     vertex  4.245403e+01  1.297721e+01  4.000000e+00
   endloop
 endfacet
 facet normal  0.000000e+00  0.000000e+00  1.000000e+00
   outer loop
     vertex  5.760770e+01  1.250000e+01  4.000000e+00
     vertex  4.220126e+01  1.131490e+01  4.000000e+00
     vertex  4.216792e+01  1.125495e+01  4.000000e+00
   endloop
 endfacet
 facet normal  0.000000e+00  0.000000e+00  1.000000e+00
   outer loop
     vertex  5.760770e+01  1.250000e+01  4.000000e+00
     vertex  4.242416e+01  1.311109e+01  4.000000e+00
     vertex  4.244002e+01  1.304435e+01  4.000000e+00
   endloop
 endfacet
 facet normal  0.000000e+00  0.000000e+00  1.000000e+00
   outer loop
     vertex  5.760770e+01  1.250000e+01  4.000000e+00
     vertex  4.223294e+01  1.137573e+01  4.000000e+00
     vertex  4.220126e+01  1.131490e+01  4.000000e+00
   endloop
 endfacet
 facet normal  0.000000e+00  0.000000e+00  1.000000e+00
   outer loop
     vertex  5.760770e+01  1.250000e+01  4.000000e+00
     vertex  4.240649e+01  1.317736e+01  4.000000e+00
     vertex  4.242416e+01  1.311109e+01  4.000000e+00
   endloop
 endfacet
 facet normal  0.000000e+00  0.000000e+00  1.000000e+00
   outer loop
     vertex  5.760770e+01  1.250000e+01  4.000000e+00
     vertex  4.226294e+01  1.143741e+01  4.000000e+00
     vertex  4.223294e+01  1.137573e+01  4.000000e+00
   endloop
 endfacet
 facet normal  0.000000e+00  0.000000e+00  1.000000e+00
   outer loop
     vertex  5.760770e+01  1.250000e+01  4.000000e+00
     vertex  4.238700e+01  1.324313e+01  4.000000e+00
     vertex  4.240649e+01  1.317736e+01  4.000000e+00
   endloop
 endfacet
 facet normal  0.000000e+00  0.000000e+00  1.000000e+00
   outer loop
     vertex  5.760770e+01  1.250000e+01  4.000000e+00
     vertex  4.229124e+01  1.149990e+01  4.000000e+00
     vertex  4.226294e+01  1.143741e+01  4.000000e+00
   endloop
 endfacet
 facet normal  0.000000e+00  0.000000e+00  1.000000e+00
   outer loop
     vertex  5.760770e+01  1.250000e+01  4.000000e+00
     vertex  4.236571e+01  1.330833e+01  4.000000e+00
     vertex  4.238700e+01  1.324313e+01  4.000000e+00
   endloop
 endfacet
 facet normal  0.000000e+00  0.000000e+00  1.000000e+00
   outer loop
     vertex  5.760770e+01  1.250000e+01  4.000000e+00
     vertex  4.231782e+01  1.156313e+01  4.000000e+00
     vertex  4.229124e+01  1.149990e+01  4.000000e+00
   endloop
 endfacet
 facet normal  0.000000e+00  0.000000e+00  1.000000e+00
   outer loop
     vertex  5.760770e+01  1.250000e+01  4.000000e+00
     vertex  4.234265e+01  1.337293e+01  4.000000e+00
     vertex  4.236571e+01  1.330833e+01  4.000000e+00
   endloop
 endfacet
 facet normal  0.000000e+00  0.000000e+00  1.000000e+00
   outer loop
     vertex  5.760770e+01  1.250000e+01  4.000000e+00
     vertex  4.234265e+01  1.162707e+01  4.000000e+00
     vertex  4.231782e+01  1.156313e+01  4.000000e+00
   endloop
 endfacet
 facet normal  0.000000e+00  0.000000e+00  1.000000e+00
   outer loop
     vertex  5.760770e+01  1.250000e+01  4.000000e+00
     vertex  4.231782e+01  1.343687e+01  4.000000e+00
     vertex  4.234265e+01  1.337293e+01  4.000000e+00
   endloop
 endfacet
 facet normal  0.000000e+00  0.000000e+00  1.000000e+00
   outer loop
     vertex  5.760770e+01  1.250000e+01  4.000000e+00
     vertex  4.236571e+01  1.169167e+01  4.000000e+00
     vertex  4.234265e+01  1.162707e+01  4.000000e+00
   endloop
 endfacet
 facet normal  0.000000e+00  0.000000e+00  1.000000e+00
   outer loop
     vertex  5.760770e+01  1.250000e+01  4.000000e+00
     vertex  4.229124e+01  1.350010e+01  4.000000e+00
     vertex  4.231782e+01  1.343687e+01  4.000000e+00
   endloop
 endfacet
 facet normal  0.000000e+00  0.000000e+00  1.000000e+00
   outer loop
     vertex  5.760770e+01  1.250000e+01  4.000000e+00
     vertex  4.238700e+01  1.175687e+01  4.000000e+00
     vertex  4.236571e+01  1.169167e+01  4.000000e+00
   endloop
 endfacet
 facet normal  0.000000e+00  0.000000e+00  1.000000e+00
   outer loop
     vertex  5.760770e+01  1.250000e+01  4.000000e+00
     vertex  4.226294e+01  1.356259e+01  4.000000e+00
     vertex  4.229124e+01  1.350010e+01  4.000000e+00
   endloop
 endfacet
 facet normal  0.000000e+00  0.000000e+00  1.000000e+00
   outer loop
     vertex  5.760770e+01  1.250000e+01  4.000000e+00
     vertex  4.240649e+01  1.182264e+01  4.000000e+00
     vertex  4.238700e+01  1.175687e+01  4.000000e+00
   endloop
 endfacet
 facet normal  0.000000e+00  0.000000e+00  1.000000e+00
   outer loop
     vertex  5.760770e+01  1.250000e+01  4.000000e+00
     vertex  4.223294e+01  1.362427e+01  4.000000e+00
     vertex  4.226294e+01  1.356259e+01  4.000000e+00
   endloop
 endfacet
 facet normal  0.000000e+00  0.000000e+00  1.000000e+00
   outer loop
     vertex  5.760770e+01  1.250000e+01  4.000000e+00
     vertex  4.242416e+01  1.188891e+01  4.000000e+00
     vertex  4.240649e+01  1.182264e+01  4.000000e+00
   endloop
 endfacet
 facet normal  0.000000e+00  0.000000e+00  1.000000e+00
   outer loop
     vertex  5.760770e+01  1.250000e+01  4.000000e+00
     vertex  4.220126e+01  1.368510e+01  4.000000e+00
     vertex  4.223294e+01  1.362427e+01  4.000000e+00
   endloop
 endfacet
 facet normal  0.000000e+00  0.000000e+00  1.000000e+00
   outer loop
     vertex  5.760770e+01  1.250000e+01  4.000000e+00
     vertex  4.244002e+01  1.195565e+01  4.000000e+00
     vertex  4.242416e+01  1.188891e+01  4.000000e+00
   endloop
 endfacet
 facet normal  0.000000e+00  0.000000e+00  1.000000e+00
   outer loop
     vertex  5.760770e+01  1.250000e+01  4.000000e+00
     vertex  4.216792e+01  1.374505e+01  4.000000e+00
     vertex  4.220126e+01  1.368510e+01  4.000000e+00
   endloop
 endfacet
 facet normal  0.000000e+00  0.000000e+00  1.000000e+00
   outer loop
     vertex  5.760770e+01  1.250000e+01  4.000000e+00
     vertex  4.245403e+01  1.202279e+01  4.000000e+00
     vertex  4.244002e+01  1.195565e+01  4.000000e+00
   endloop
 endfacet
 facet normal  0.000000e+00  0.000000e+00  1.000000e+00
   outer loop
     vertex  5.760770e+01  1.250000e+01  4.000000e+00
     vertex  4.213294e+01  1.380405e+01  4.000000e+00
     vertex  4.216792e+01  1.374505e+01  4.000000e+00
   endloop
 endfacet
 facet normal  0.000000e+00  0.000000e+00  1.000000e+00
   outer loop
     vertex  5.760770e+01  1.250000e+01  4.000000e+00
     vertex  4.246620e+01  1.209029e+01  4.000000e+00
     vertex  4.245403e+01  1.202279e+01  4.000000e+00
   endloop
 endfacet
 facet normal  0.000000e+00  0.000000e+00  1.000000e+00
   outer loop
     vertex  5.760770e+01  1.250000e+01  4.000000e+00
     vertex  4.209637e+01  1.386208e+01  4.000000e+00
     vertex  4.213294e+01  1.380405e+01  4.000000e+00
   endloop
 endfacet
 facet normal  0.000000e+00  0.000000e+00  1.000000e+00
   outer loop
     vertex  5.760770e+01  1.250000e+01  4.000000e+00
     vertex  4.247651e+01  1.215811e+01  4.000000e+00
     vertex  4.246620e+01  1.209029e+01  4.000000e+00
   endloop
 endfacet
 facet normal  0.000000e+00  0.000000e+00  1.000000e+00
   outer loop
     vertex  5.760770e+01  1.250000e+01  4.000000e+00
     vertex  4.205821e+01  1.391908e+01  4.000000e+00
     vertex  4.209637e+01  1.386208e+01  4.000000e+00
   endloop
 endfacet
 facet normal  0.000000e+00  0.000000e+00  1.000000e+00
   outer loop
     vertex  5.760770e+01  1.250000e+01  4.000000e+00
     vertex  4.248496e+01  1.222618e+01  4.000000e+00
     vertex  4.247651e+01  1.215811e+01  4.000000e+00
   endloop
 endfacet
 facet normal  0.000000e+00  0.000000e+00  1.000000e+00
   outer loop
     vertex  5.760770e+01  1.250000e+01  4.000000e+00
     vertex  4.201850e+01  1.397501e+01  4.000000e+00
     vertex  4.205821e+01  1.391908e+01  4.000000e+00
   endloop
 endfacet
 facet normal  0.000000e+00  0.000000e+00  1.000000e+00
   outer loop
     vertex  5.760770e+01  1.250000e+01  4.000000e+00
     vertex  4.249154e+01  1.229445e+01  4.000000e+00
     vertex  4.248496e+01  1.222618e+01  4.000000e+00
   endloop
 endfacet
 facet normal  0.000000e+00  0.000000e+00  1.000000e+00
   outer loop
     vertex  5.760770e+01  1.250000e+01  4.000000e+00
     vertex  4.197728e+01  1.402983e+01  4.000000e+00
     vertex  4.201850e+01  1.397501e+01  4.000000e+00
   endloop
 endfacet
 facet normal  0.000000e+00  0.000000e+00  1.000000e+00
   outer loop
     vertex  5.760770e+01  1.250000e+01  4.000000e+00
     vertex  4.249624e+01  1.236288e+01  4.000000e+00
     vertex  4.249154e+01  1.229445e+01  4.000000e+00
   endloop
 endfacet
 facet normal  0.000000e+00  0.000000e+00  1.000000e+00
   outer loop
     vertex  5.760770e+01  1.250000e+01  4.000000e+00
     vertex  4.193456e+01  1.408350e+01  4.000000e+00
     vertex  4.197728e+01  1.402983e+01  4.000000e+00
   endloop
 endfacet
 facet normal  0.000000e+00  0.000000e+00  1.000000e+00
   outer loop
     vertex  5.760770e+01  1.250000e+01  4.000000e+00
     vertex  4.249906e+01  1.243141e+01  4.000000e+00
     vertex  4.249624e+01  1.236288e+01  4.000000e+00
   endloop
 endfacet
 facet normal  0.000000e+00  0.000000e+00  1.000000e+00
   outer loop
     vertex  5.760770e+01  1.250000e+01  4.000000e+00
     vertex  4.189039e+01  1.413597e+01  4.000000e+00
     vertex  4.193456e+01  1.408350e+01  4.000000e+00
   endloop
 endfacet
 facet normal  0.000000e+00  0.000000e+00  1.000000e+00
   outer loop
     vertex  5.760770e+01  1.250000e+01  4.000000e+00
     vertex  4.250000e+01  1.250000e+01  4.000000e+00
     vertex  4.249906e+01  1.243141e+01  4.000000e+00
   endloop
 endfacet
 facet normal  0.000000e+00  0.000000e+00  1.000000e+00
   outer loop
     vertex  5.760770e+01  1.250000e+01  4.000000e+00
     vertex  4.184480e+01  1.418722e+01  4.000000e+00
     vertex  4.189039e+01  1.413597e+01  4.000000e+00
   endloop
 endfacet
 facet normal  0.000000e+00  0.000000e+00  1.000000e+00
   outer loop
     vertex  8.000000e+01  0.000000e+00  4.000000e+00
     vertex  7.319615e+01  3.500000e+00  4.000000e+00
     vertex  6.280385e+01  3.500000e+00  4.000000e+00
   endloop
 endfacet
 facet normal  0.000000e+00  0.000000e+00  1.000000e+00
   outer loop
     vertex  8.000000e+01  0.000000e+00  4.000000e+00
     vertex  6.280385e+01  3.500000e+00  4.000000e+00
     vertex  0.000000e+00  0.000000e+00  4.000000e+00
   endloop
 endfacet
 facet normal  0.000000e+00  0.000000e+00  1.000000e+00
   outer loop
     vertex  6.280385e+01  2.150000e+01  4.000000e+00
     vertex  4.184480e+01  1.418722e+01  4.000000e+00
     vertex  5.760770e+01  1.250000e+01  4.000000e+00
   endloop
 endfacet
 facet normal  0.000000e+00  0.000000e+00  1.000000e+00
   outer loop
     vertex  6.280385e+01  2.150000e+01  4.000000e+00
     vertex  4.179782e+01  1.423719e+01  4.000000e+00
     vertex  4.184480e+01  1.418722e+01  4.000000e+00
   endloop
 endfacet
 facet normal  0.000000e+00  0.000000e+00  1.000000e+00
   outer loop
     vertex  6.280385e+01  2.150000e+01  4.000000e+00
     vertex  4.174949e+01  1.428586e+01  4.000000e+00
     vertex  4.179782e+01  1.423719e+01  4.000000e+00
   endloop
 endfacet
 facet normal  0.000000e+00  0.000000e+00  1.000000e+00
   outer loop
     vertex  6.280385e+01  2.150000e+01  4.000000e+00
     vertex  4.169983e+01  1.433319e+01  4.000000e+00
     vertex  4.174949e+01  1.428586e+01  4.000000e+00
   endloop
 endfacet
 facet normal  0.000000e+00  0.000000e+00  1.000000e+00
   outer loop
     vertex  6.280385e+01  2.150000e+01  4.000000e+00
     vertex  4.164890e+01  1.437913e+01  4.000000e+00
     vertex  4.169983e+01  1.433319e+01  4.000000e+00
   endloop
 endfacet
 facet normal  0.000000e+00  0.000000e+00  1.000000e+00
   outer loop
     vertex  6.280385e+01  2.150000e+01  4.000000e+00
     vertex  4.159673e+01  1.442366e+01  4.000000e+00
     vertex  4.164890e+01  1.437913e+01  4.000000e+00
   endloop
 endfacet
 facet normal  0.000000e+00  0.000000e+00  1.000000e+00
   outer loop
     vertex  6.280385e+01  2.150000e+01  4.000000e+00
     vertex  4.154335e+01  1.446674e+01  4.000000e+00
     vertex  4.159673e+01  1.442366e+01  4.000000e+00
   endloop
 endfacet
 facet normal  0.000000e+00  0.000000e+00  1.000000e+00
   outer loop
     vertex  6.280385e+01  2.150000e+01  4.000000e+00
     vertex  4.148882e+01  1.450834e+01  4.000000e+00
     vertex  4.154335e+01  1.446674e+01  4.000000e+00
   endloop
 endfacet
 facet normal  0.000000e+00  0.000000e+00  1.000000e+00
   outer loop
     vertex  6.280385e+01  2.150000e+01  4.000000e+00
     vertex  4.143316e+01  1.454843e+01  4.000000e+00
     vertex  4.148882e+01  1.450834e+01  4.000000e+00
   endloop
 endfacet
 facet normal  0.000000e+00  0.000000e+00  1.000000e+00
   outer loop
     vertex  6.280385e+01  2.150000e+01  4.000000e+00
     vertex  4.137642e+01  1.458697e+01  4.000000e+00
     vertex  4.143316e+01  1.454843e+01  4.000000e+00
   endloop
 endfacet
 facet normal  0.000000e+00  0.000000e+00  1.000000e+00
   outer loop
     vertex  6.280385e+01  2.150000e+01  4.000000e+00
     vertex  4.131865e+01  1.462395e+01  4.000000e+00
     vertex  4.137642e+01  1.458697e+01  4.000000e+00
   endloop
 endfacet
 facet normal  0.000000e+00  0.000000e+00  1.000000e+00
   outer loop
     vertex  6.280385e+01  2.150000e+01  4.000000e+00
     vertex  4.125989e+01  1.465932e+01  4.000000e+00
     vertex  4.131865e+01  1.462395e+01  4.000000e+00
   endloop
 endfacet
 facet normal  0.000000e+00  0.000000e+00  1.000000e+00
   outer loop
     vertex  6.280385e+01  2.150000e+01  4.000000e+00
     vertex  4.120017e+01  1.469308e+01  4.000000e+00
     vertex  4.125989e+01  1.465932e+01  4.000000e+00
   endloop
 endfacet
 facet normal  0.000000e+00  0.000000e+00  1.000000e+00
   outer loop
     vertex  6.280385e+01  2.150000e+01  4.000000e+00
     vertex  4.113956e+01  1.472518e+01  4.000000e+00
     vertex  4.120017e+01  1.469308e+01  4.000000e+00
   endloop
 endfacet
 facet normal  0.000000e+00  0.000000e+00  1.000000e+00
   outer loop
     vertex  6.280385e+01  2.150000e+01  4.000000e+00
     vertex  4.107808e+01  1.475560e+01  4.000000e+00
     vertex  4.113956e+01  1.472518e+01  4.000000e+00
   endloop
 endfacet
 facet normal  0.000000e+00  0.000000e+00  1.000000e+00
   outer loop
     vertex  6.280385e+01  2.150000e+01  4.000000e+00
     vertex  4.101580e+01  1.478433e+01  4.000000e+00
     vertex  4.107808e+01  1.475560e+01  4.000000e+00
   endloop
 endfacet
 facet normal  0.000000e+00  0.000000e+00  1.000000e+00
   outer loop
     vertex  6.280385e+01  2.150000e+01  4.000000e+00
     vertex  4.095275e+01  1.481134e+01  4.000000e+00
     vertex  4.101580e+01  1.478433e+01  4.000000e+00
   endloop
 endfacet
 facet normal  0.000000e+00  0.000000e+00  1.000000e+00
   outer loop
     vertex  6.280385e+01  2.150000e+01  4.000000e+00
     vertex  4.088898e+01  1.483660e+01  4.000000e+00
     vertex  4.095275e+01  1.481134e+01  4.000000e+00
   endloop
 endfacet
 facet normal  0.000000e+00  0.000000e+00  1.000000e+00
   outer loop
     vertex  6.280385e+01  2.150000e+01  4.000000e+00
     vertex  4.082454e+01  1.486011e+01  4.000000e+00
     vertex  4.088898e+01  1.483660e+01  4.000000e+00
   endloop
 endfacet
 facet normal  0.000000e+00  0.000000e+00  1.000000e+00
   outer loop
     vertex  6.280385e+01  2.150000e+01  4.000000e+00
     vertex  4.075948e+01  1.488184e+01  4.000000e+00
     vertex  4.082454e+01  1.486011e+01  4.000000e+00
   endloop
 endfacet
 facet normal  0.000000e+00  0.000000e+00  1.000000e+00
   outer loop
     vertex  6.280385e+01  2.150000e+01  4.000000e+00
     vertex  4.069385e+01  1.490178e+01  4.000000e+00
     vertex  4.075948e+01  1.488184e+01  4.000000e+00
   endloop
 endfacet
 facet normal  0.000000e+00  0.000000e+00  1.000000e+00
   outer loop
     vertex  6.280385e+01  2.150000e+01  4.000000e+00
     vertex  4.062770e+01  1.491992e+01  4.000000e+00
     vertex  4.069385e+01  1.490178e+01  4.000000e+00
   endloop
 endfacet
 facet normal  0.000000e+00  0.000000e+00  1.000000e+00
   outer loop
     vertex  6.280385e+01  2.150000e+01  4.000000e+00
     vertex  4.056108e+01  1.493622e+01  4.000000e+00
     vertex  4.062770e+01  1.491992e+01  4.000000e+00
   endloop
 endfacet
 facet normal  0.000000e+00  0.000000e+00  1.000000e+00
   outer loop
     vertex  6.280385e+01  2.150000e+01  4.000000e+00
     vertex  4.049403e+01  1.495070e+01  4.000000e+00
     vertex  4.056108e+01  1.493622e+01  4.000000e+00
   endloop
 endfacet
 facet normal  0.000000e+00  0.000000e+00  1.000000e+00
   outer loop
     vertex  6.280385e+01  2.150000e+01  4.000000e+00
     vertex  4.042661e+01  1.496333e+01  4.000000e+00
     vertex  4.049403e+01  1.495070e+01  4.000000e+00
   endloop
 endfacet
 facet normal  0.000000e+00  0.000000e+00  1.000000e+00
   outer loop
     vertex  6.280385e+01  2.150000e+01  4.000000e+00
     vertex  4.035887e+01  1.497411e+01  4.000000e+00
     vertex  4.042661e+01  1.496333e+01  4.000000e+00
   endloop
 endfacet
 facet normal  0.000000e+00  0.000000e+00  1.000000e+00
   outer loop
     vertex  6.280385e+01  2.150000e+01  4.000000e+00
     vertex  4.029086e+01  1.498302e+01  4.000000e+00
     vertex  4.035887e+01  1.497411e+01  4.000000e+00
   endloop
 endfacet
 facet normal  0.000000e+00  0.000000e+00  1.000000e+00
   outer loop
     vertex  6.280385e+01  2.150000e+01  4.000000e+00
     vertex  4.022263e+01  1.499007e+01  4.000000e+00
     vertex  4.029086e+01  1.498302e+01  4.000000e+00
   endloop
 endfacet
 facet normal  0.000000e+00  0.000000e+00  1.000000e+00
   outer loop
     vertex  6.280385e+01  2.150000e+01  4.000000e+00
     vertex  4.015424e+01  1.499524e+01  4.000000e+00
     vertex  4.022263e+01  1.499007e+01  4.000000e+00
   endloop
 endfacet
 facet normal  0.000000e+00  0.000000e+00  1.000000e+00
   outer loop
     vertex  6.280385e+01  2.150000e+01  4.000000e+00
     vertex  4.008573e+01  1.499853e+01  4.000000e+00
     vertex  4.015424e+01  1.499524e+01  4.000000e+00
   endloop
 endfacet
 facet normal  0.000000e+00  0.000000e+00  1.000000e+00
   outer loop
     vertex  6.280385e+01  2.150000e+01  4.000000e+00
     vertex  4.001715e+01  1.499994e+01  4.000000e+00
     vertex  4.008573e+01  1.499853e+01  4.000000e+00
   endloop
 endfacet
 facet normal  0.000000e+00  0.000000e+00  1.000000e+00
   outer loop
     vertex  6.280385e+01  2.150000e+01  4.000000e+00
     vertex  3.994856e+01  1.499947e+01  4.000000e+00
     vertex  4.001715e+01  1.499994e+01  4.000000e+00
   endloop
 endfacet
 facet normal  0.000000e+00  0.000000e+00  1.000000e+00
   outer loop
     vertex  7.839230e+01  1.250000e+01  4.000000e+00
     vertex  7.319615e+01  3.500000e+00  4.000000e+00
     vertex  8.000000e+01  0.000000e+00  4.000000e+00
   endloop
 endfacet
 facet normal  0.000000e+00  0.000000e+00  1.000000e+00
   outer loop
     vertex  8.000000e+01  2.500000e+01  4.000000e+00
     vertex  6.280385e+01  2.150000e+01  4.000000e+00
     vertex  7.319615e+01  2.150000e+01  4.000000e+00
   endloop
 endfacet
 facet normal  0.000000e+00  0.000000e+00  1.000000e+00
   outer loop
     vertex  8.000000e+01  2.500000e+01  4.000000e+00
     vertex  7.319615e+01  2.150000e+01  4.000000e+00
     vertex  7.839230e+01  1.250000e+01  4.000000e+00
   endloop
 endfacet
 facet normal  0.000000e+00  0.000000e+00  1.000000e+00
   outer loop
     vertex  8.000000e+01  2.500000e+01  4.000000e+00
     vertex  7.839230e+01  1.250000e+01  4.000000e+00
     vertex  8.000000e+01  0.000000e+00  4.000000e+00
   endloop
 endfacet
 facet normal  0.000000e+00  0.000000e+00  1.000000e+00
   outer loop
     vertex  8.000000e+01  2.500000e+01  4.000000e+00
     vertex  0.000000e+00  2.500000e+01  4.000000e+00
     vertex  6.280385e+01  2.150000e+01  4.000000e+00
   endloop
 endfacet
 facet normal  0.000000e+00  0.000000e+00  1.000000e+00
   outer loop
     vertex  6.280385e+01  2.150000e+01  4.000000e+00
     vertex  0.000000e+00  2.500000e+01  4.000000e+00
     vertex  1.392548e+01  1.986329e+01  4.000000e+00
   endloop
 endfacet
 facet normal  0.000000e+00  0.000000e+00  1.000000e+00
   outer loop
     vertex  6.280385e+01  2.150000e+01  4.000000e+00
     vertex  1.392548e+01  1.986329e+01  4.000000e+00
     vertex  1.412608e+01  1.982160e+01  4.000000e+00
   endloop
 endfacet
 facet normal  0.000000e+00  0.000000e+00  1.000000e+00
   outer loop
     vertex  6.280385e+01  2.150000e+01  4.000000e+00
     vertex  1.412608e+01  1.982160e+01  4.000000e+00
     vertex  1.432546e+01  1.977446e+01  4.000000e+00
   endloop
 endfacet
 facet normal  0.000000e+00  0.000000e+00  1.000000e+00
   outer loop
     vertex  6.280385e+01  2.150000e+01  4.000000e+00
     vertex  1.432546e+01  1.977446e+01  4.000000e+00
     vertex  1.452348e+01  1.972188e+01  4.000000e+00
   endloop
 endfacet
 facet normal  0.000000e+00  0.000000e+00  1.000000e+00
   outer loop
     vertex  6.280385e+01  2.150000e+01  4.000000e+00
     vertex  1.452348e+01  1.972188e+01  4.000000e+00
     vertex  1.471998e+01  1.966391e+01  4.000000e+00
   endloop
 endfacet
 facet normal  0.000000e+00  0.000000e+00  1.000000e+00
   outer loop
     vertex  6.280385e+01  2.150000e+01  4.000000e+00
     vertex  1.471998e+01  1.966391e+01  4.000000e+00
     vertex  1.491484e+01  1.960060e+01  4.000000e+00
   endloop
 endfacet
 facet normal  0.000000e+00  0.000000e+00  1.000000e+00
   outer loop
     vertex  6.280385e+01  2.150000e+01  4.000000e+00
     vertex  1.491484e+01  1.960060e+01  4.000000e+00
     vertex  1.510789e+01  1.953199e+01  4.000000e+00
   endloop
 endfacet
 facet normal  0.000000e+00  0.000000e+00  1.000000e+00
   outer loop
     vertex  6.280385e+01  2.150000e+01  4.000000e+00
     vertex  1.510789e+01  1.953199e+01  4.000000e+00
     vertex  1.529899e+01  1.945813e+01  4.000000e+00
   endloop
 endfacet
 facet normal  0.000000e+00  0.000000e+00  1.000000e+00
   outer loop
     vertex  6.280385e+01  2.150000e+01  4.000000e+00
     vertex  1.529899e+01  1.945813e+01  4.000000e+00
     vertex  1.548801e+01  1.937908e+01  4.000000e+00
   endloop
 endfacet
 facet normal  0.000000e+00  0.000000e+00  1.000000e+00
   outer loop
     vertex  6.280385e+01  2.150000e+01  4.000000e+00
     vertex  1.548801e+01  1.937908e+01  4.000000e+00
     vertex  1.567479e+01  1.929490e+01  4.000000e+00
   endloop
 endfacet
 facet normal  0.000000e+00  0.000000e+00  1.000000e+00
   outer loop
     vertex  6.280385e+01  2.150000e+01  4.000000e+00
     vertex  1.567479e+01  1.929490e+01  4.000000e+00
     vertex  3.988001e+01  1.499712e+01  4.000000e+00
   endloop
 endfacet
 facet normal  0.000000e+00  0.000000e+00  1.000000e+00
   outer loop
     vertex  3.988001e+01  1.499712e+01  4.000000e+00
     vertex  1.567479e+01  1.929490e+01  4.000000e+00
     vertex  3.981155e+01  1.499289e+01  4.000000e+00
   endloop
 endfacet
 facet normal  0.000000e+00  0.000000e+00  1.000000e+00
   outer loop
     vertex  3.981155e+01  1.499289e+01  4.000000e+00
     vertex  1.567479e+01  1.929490e+01  4.000000e+00
     vertex  3.974323e+01  1.498678e+01  4.000000e+00
   endloop
 endfacet
 facet normal  0.000000e+00  0.000000e+00  1.000000e+00
   outer loop
     vertex  6.280385e+01  2.150000e+01  4.000000e+00
     vertex  3.988001e+01  1.499712e+01  4.000000e+00
     vertex  3.994856e+01  1.499947e+01  4.000000e+00
   endloop
 endfacet
 facet normal  0.000000e+00  1.000000e+00  0.000000e+00
   outer loop
     vertex  2.000000e+00  7.000000e+00  0.000000e+00
     vertex  0.000000e+00  7.000000e+00  0.000000e+00
     vertex  0.000000e+00  7.000000e+00  4.000000e+00
   endloop
 endfacet
 facet normal  0.000000e+00  1.000000e+00 -0.000000e+00
   outer loop
     vertex  2.000000e+00  7.000000e+00  0.000000e+00
     vertex  0.000000e+00  7.000000e+00  4.000000e+00
     vertex  2.000000e+00  7.000000e+00  4.000000e+00
   endloop
 endfacet
 facet normal  0.000000e+00  0.000000e+00 -1.000000e+00
   outer loop
     vertex  0.000000e+00  7.000000e+00  0.000000e+00
     vertex  2.000000e+00  5.000000e+00  0.000000e+00
     vertex  0.000000e+00  0.000000e+00  0.000000e+00
   endloop
 endfacet
 facet normal -0.000000e+00 -0.000000e+00 -1.000000e+00
   outer loop
     vertex  2.000000e+00  7.000000e+00  0.000000e+00
     vertex  2.000000e+00  5.000000e+00  0.000000e+00
     vertex  0.000000e+00  7.000000e+00  0.000000e+00
   endloop
 endfacet
 facet normal -0.000000e+00  0.000000e+00 -1.000000e+00
   outer loop
     vertex  1.250000e+01  5.000000e+00  0.000000e+00
     vertex  0.000000e+00  0.000000e+00  0.000000e+00
     vertex  2.000000e+00  5.000000e+00  0.000000e+00
   endloop
 endfacet
 facet normal  0.000000e+00  0.000000e+00 -1.000000e+00
   outer loop
     vertex  1.270486e+01  5.002798e+00  0.000000e+00
     vertex  0.000000e+00  0.000000e+00  0.000000e+00
     vertex  1.250000e+01  5.000000e+00  0.000000e+00
   endloop
 endfacet
 facet normal  0.000000e+00  0.000000e+00 -1.000000e+00
   outer loop
     vertex  1.290957e+01  5.011191e+00  0.000000e+00
     vertex  0.000000e+00  0.000000e+00  0.000000e+00
     vertex  1.270486e+01  5.002798e+00  0.000000e+00
   endloop
 endfacet
 facet normal  0.000000e+00  0.000000e+00 -1.000000e+00
   outer loop
     vertex  1.311397e+01  5.025173e+00  0.000000e+00
     vertex  0.000000e+00  0.000000e+00  0.000000e+00
     vertex  1.290957e+01  5.011191e+00  0.000000e+00
   endloop
 endfacet
 facet normal  0.000000e+00  0.000000e+00 -1.000000e+00
   outer loop
     vertex  1.331792e+01  5.044732e+00  0.000000e+00
     vertex  0.000000e+00  0.000000e+00  0.000000e+00
     vertex  1.311397e+01  5.025173e+00  0.000000e+00
   endloop
 endfacet
 facet normal  0.000000e+00  0.000000e+00 -1.000000e+00
   outer loop
     vertex  1.352125e+01  5.069855e+00  0.000000e+00
     vertex  0.000000e+00  0.000000e+00  0.000000e+00
     vertex  1.331792e+01  5.044732e+00  0.000000e+00
   endloop
 endfacet
 facet normal  0.000000e+00  0.000000e+00 -1.000000e+00
   outer loop
     vertex  1.372382e+01  5.100523e+00  0.000000e+00
     vertex  0.000000e+00  0.000000e+00  0.000000e+00
     vertex  1.352125e+01  5.069855e+00  0.000000e+00
   endloop
 endfacet
 facet normal  0.000000e+00  0.000000e+00 -1.000000e+00
   outer loop
     vertex  1.392548e+01  5.136712e+00  0.000000e+00
     vertex  0.000000e+00  0.000000e+00  0.000000e+00
     vertex  1.372382e+01  5.100523e+00  0.000000e+00
   endloop
 endfacet
 facet normal  0.000000e+00  0.000000e+00 -1.000000e+00
   outer loop
     vertex  1.412608e+01  5.178396e+00  0.000000e+00
     vertex  0.000000e+00  0.000000e+00  0.000000e+00
     vertex  1.392548e+01  5.136712e+00  0.000000e+00
   endloop
 endfacet
 facet normal  0.000000e+00  0.000000e+00 -1.000000e+00
   outer loop
     vertex  1.432546e+01  5.225544e+00  0.000000e+00
     vertex  0.000000e+00  0.000000e+00  0.000000e+00
     vertex  1.412608e+01  5.178396e+00  0.000000e+00
   endloop
 endfacet
 facet normal  0.000000e+00 -0.000000e+00 -1.000000e+00
   outer loop
     vertex  2.000000e+00  2.000000e+01  0.000000e+00
     vertex  2.000000e+00  1.800000e+01  0.000000e+00
     vertex  0.000000e+00  1.800000e+01  0.000000e+00
   endloop
 endfacet
 facet normal  0.000000e+00  0.000000e+00 -1.000000e+00
   outer loop
     vertex  0.000000e+00  2.500000e+01  0.000000e+00
     vertex  2.000000e+00  2.000000e+01  0.000000e+00
     vertex  0.000000e+00  1.800000e+01  0.000000e+00
   endloop
 endfacet
 facet normal  0.000000e+00  0.000000e+00 -1.000000e+00
   outer loop
     vertex  1.250000e+01  2.000000e+01  0.000000e+00
     vertex  2.000000e+00  2.000000e+01  0.000000e+00
     vertex  0.000000e+00  2.500000e+01  0.000000e+00
   endloop
 endfacet
 facet normal  0.000000e+00  0.000000e+00 -1.000000e+00
   outer loop
     vertex  1.270486e+01  1.999720e+01  0.000000e+00
     vertex  1.250000e+01  2.000000e+01  0.000000e+00
     vertex  0.000000e+00  2.500000e+01  0.000000e+00
   endloop
 endfacet
 facet normal  0.000000e+00  0.000000e+00 -1.000000e+00
   outer loop
     vertex  1.290957e+01  1.998881e+01  0.000000e+00
     vertex  1.270486e+01  1.999720e+01  0.000000e+00
     vertex  0.000000e+00  2.500000e+01  0.000000e+00
   endloop
 endfacet
 facet normal  0.000000e+00  0.000000e+00 -1.000000e+00
   outer loop
     vertex  1.311397e+01  1.997483e+01  0.000000e+00
     vertex  1.290957e+01  1.998881e+01  0.000000e+00
     vertex  0.000000e+00  2.500000e+01  0.000000e+00
   endloop
 endfacet
 facet normal  0.000000e+00  0.000000e+00 -1.000000e+00
   outer loop
     vertex  1.331792e+01  1.995527e+01  0.000000e+00
     vertex  1.311397e+01  1.997483e+01  0.000000e+00
     vertex  0.000000e+00  2.500000e+01  0.000000e+00
   endloop
 endfacet
 facet normal  0.000000e+00  0.000000e+00 -1.000000e+00
   outer loop
     vertex  1.352125e+01  1.993014e+01  0.000000e+00
     vertex  1.331792e+01  1.995527e+01  0.000000e+00
     vertex  0.000000e+00  2.500000e+01  0.000000e+00
   endloop
 endfacet
 facet normal  0.000000e+00  0.000000e+00 -1.000000e+00
   outer loop
     vertex  1.372382e+01  1.989948e+01  0.000000e+00
     vertex  1.352125e+01  1.993014e+01  0.000000e+00
     vertex  0.000000e+00  2.500000e+01  0.000000e+00
   endloop
 endfacet
 facet normal  0.000000e+00  0.000000e+00 -1.000000e+00
   outer loop
     vertex  1.392548e+01  1.986329e+01  0.000000e+00
     vertex  1.372382e+01  1.989948e+01  0.000000e+00
     vertex  0.000000e+00  2.500000e+01  0.000000e+00
   endloop
 endfacet
 facet normal  0.000000e+00  0.000000e+00 -1.000000e+00
   outer loop
     vertex  3.822618e+01  1.073831e+01  0.000000e+00
     vertex  1.885432e+01  8.515957e+00  0.000000e+00
     vertex  1.896077e+01  8.691011e+00  0.000000e+00
   endloop
 endfacet
 facet normal -0.000000e+00  0.000000e+00 -1.000000e+00
   outer loop
     vertex  3.827518e+01  1.069031e+01  0.000000e+00
     vertex  1.885432e+01  8.515957e+00  0.000000e+00
     vertex  3.822618e+01  1.073831e+01  0.000000e+00
   endloop
 endfacet
 facet normal  0.000000e+00  0.000000e+00 -1.000000e+00
   outer loop
     vertex  3.827518e+01  1.069031e+01  0.000000e+00
     vertex  1.874313e+01  8.343877e+00  0.000000e+00
     vertex  1.885432e+01  8.515957e+00  0.000000e+00
   endloop
 endfacet
 facet normal  0.000000e+00 -0.000000e+00 -1.000000e+00
   outer loop
     vertex  3.817852e+01  1.078763e+01  0.000000e+00
     vertex  3.822618e+01  1.073831e+01  0.000000e+00
     vertex  1.896077e+01  8.691011e+00  0.000000e+00
   endloop
 endfacet
 facet normal -0.000000e+00  0.000000e+00 -1.000000e+00
   outer loop
     vertex  3.832548e+01  1.064367e+01  0.000000e+00
     vertex  1.874313e+01  8.343877e+00  0.000000e+00
     vertex  3.827518e+01  1.069031e+01  0.000000e+00
   endloop
 endfacet
 facet normal  0.000000e+00  0.000000e+00 -1.000000e+00
   outer loop
     vertex  3.832548e+01  1.064367e+01  0.000000e+00
     vertex  1.862727e+01  8.174898e+00  0.000000e+00
     vertex  1.874313e+01  8.343877e+00  0.000000e+00
   endloop
 endfacet
 facet normal  0.000000e+00  0.000000e+00 -1.000000e+00
   outer loop
     vertex  3.813223e+01  1.083825e+01  0.000000e+00
     vertex  1.896077e+01  8.691011e+00  0.000000e+00
     vertex  1.906241e+01  8.868907e+00  0.000000e+00
   endloop
 endfacet
 facet normal  0.000000e+00 -0.000000e+00 -1.000000e+00
   outer loop
     vertex  3.813223e+01  1.083825e+01  0.000000e+00
     vertex  3.817852e+01  1.078763e+01  0.000000e+00
     vertex  1.896077e+01  8.691011e+00  0.000000e+00
   endloop
 endfacet
 facet normal -0.000000e+00  0.000000e+00 -1.000000e+00
   outer loop
     vertex  3.837703e+01  1.059843e+01  0.000000e+00
     vertex  1.862727e+01  8.174898e+00  0.000000e+00
     vertex  3.832548e+01  1.064367e+01  0.000000e+00
   endloop
 endfacet
 facet normal  0.000000e+00  0.000000e+00 -1.000000e+00
   outer loop
     vertex  3.837703e+01  1.059843e+01  0.000000e+00
     vertex  1.850685e+01  8.009146e+00  0.000000e+00
     vertex  1.862727e+01  8.174898e+00  0.000000e+00
   endloop
 endfacet
 facet normal  0.000000e+00 -0.000000e+00 -1.000000e+00
   outer loop
     vertex  3.808734e+01  1.089011e+01  0.000000e+00
     vertex  3.813223e+01  1.083825e+01  0.000000e+00
     vertex  1.906241e+01  8.868907e+00  0.000000e+00
   endloop
 endfacet
 facet normal  0.000000e+00  0.000000e+00 -1.000000e+00
   outer loop
     vertex  3.808734e+01  1.089011e+01  0.000000e+00
     vertex  1.906241e+01  8.868907e+00  0.000000e+00
     vertex  1.915914e+01  9.049512e+00  0.000000e+00
   endloop
 endfacet
 facet normal -0.000000e+00  0.000000e+00 -1.000000e+00
   outer loop
     vertex  3.842981e+01  1.055462e+01  0.000000e+00
     vertex  1.850685e+01  8.009146e+00  0.000000e+00
     vertex  3.837703e+01  1.059843e+01  0.000000e+00
   endloop
 endfacet
 facet normal  0.000000e+00 -0.000000e+00 -1.000000e+00
   outer loop
     vertex  3.804389e+01  1.094319e+01  0.000000e+00
     vertex  3.808734e+01  1.089011e+01  0.000000e+00
     vertex  1.915914e+01  9.049512e+00  0.000000e+00
   endloop
 endfacet
 facet normal -0.000000e+00  0.000000e+00 -1.000000e+00
   outer loop
     vertex  3.848377e+01  1.051228e+01  0.000000e+00
     vertex  1.850685e+01  8.009146e+00  0.000000e+00
     vertex  3.842981e+01  1.055462e+01  0.000000e+00
   endloop
 endfacet
 facet normal  0.000000e+00  0.000000e+00 -1.000000e+00
   outer loop
     vertex  3.848377e+01  1.051228e+01  0.000000e+00
     vertex  1.838194e+01  7.846746e+00  0.000000e+00
     vertex  1.850685e+01  8.009146e+00  0.000000e+00
   endloop
 endfacet
 facet normal  0.000000e+00 -0.000000e+00 -1.000000e+00
   outer loop
     vertex  3.800192e+01  1.099744e+01  0.000000e+00
     vertex  3.804389e+01  1.094319e+01  0.000000e+00
     vertex  1.915914e+01  9.049512e+00  0.000000e+00
   endloop
 endfacet
 facet normal  0.000000e+00  0.000000e+00 -1.000000e+00
   outer loop
     vertex  3.800192e+01  1.099744e+01  0.000000e+00
     vertex  1.915914e+01  9.049512e+00  0.000000e+00
     vertex  1.925090e+01  9.232693e+00  0.000000e+00
   endloop
 endfacet
 facet normal -0.000000e+00  0.000000e+00 -1.000000e+00
   outer loop
     vertex  3.853887e+01  1.047143e+01  0.000000e+00
     vertex  1.838194e+01  7.846746e+00  0.000000e+00
     vertex  3.848377e+01  1.051228e+01  0.000000e+00
   endloop
 endfacet
 facet normal  0.000000e+00  0.000000e+00 -1.000000e+00
   outer loop
     vertex  3.853887e+01  1.047143e+01  0.000000e+00
     vertex  1.825264e+01  7.687818e+00  0.000000e+00
     vertex  1.838194e+01  7.846746e+00  0.000000e+00
   endloop
 endfacet
 facet normal  0.000000e+00 -0.000000e+00 -1.000000e+00
   outer loop
     vertex  3.796145e+01  1.105282e+01  0.000000e+00
     vertex  3.800192e+01  1.099744e+01  0.000000e+00
     vertex  1.925090e+01  9.232693e+00  0.000000e+00
   endloop
 endfacet
 facet normal  0.000000e+00  0.000000e+00 -1.000000e+00
   outer loop
     vertex  3.796145e+01  1.105282e+01  0.000000e+00
     vertex  1.925090e+01  9.232693e+00  0.000000e+00
     vertex  1.933763e+01  9.418311e+00  0.000000e+00
   endloop
 endfacet
 facet normal -0.000000e+00  0.000000e+00 -1.000000e+00
   outer loop
     vertex  3.859508e+01  1.043211e+01  0.000000e+00
     vertex  1.825264e+01  7.687818e+00  0.000000e+00
     vertex  3.853887e+01  1.047143e+01  0.000000e+00
   endloop
 endfacet
 facet normal  0.000000e+00  0.000000e+00 -1.000000e+00
   outer loop
     vertex  3.859508e+01  1.043211e+01  0.000000e+00
     vertex  1.811905e+01  7.532481e+00  0.000000e+00
     vertex  1.825264e+01  7.687818e+00  0.000000e+00
   endloop
 endfacet
 facet normal  0.000000e+00 -0.000000e+00 -1.000000e+00
   outer loop
     vertex  3.792252e+01  1.110929e+01  0.000000e+00
     vertex  3.796145e+01  1.105282e+01  0.000000e+00
     vertex  1.933763e+01  9.418311e+00  0.000000e+00
   endloop
 endfacet
 facet normal  0.000000e+00  0.000000e+00 -1.000000e+00
   outer loop
     vertex  3.792252e+01  1.110929e+01  0.000000e+00
     vertex  1.933763e+01  9.418311e+00  0.000000e+00
     vertex  1.941926e+01  9.606230e+00  0.000000e+00
   endloop
 endfacet
 facet normal -0.000000e+00  0.000000e+00 -1.000000e+00
   outer loop
     vertex  3.865233e+01  1.039434e+01  0.000000e+00
     vertex  1.811905e+01  7.532481e+00  0.000000e+00
     vertex  3.859508e+01  1.043211e+01  0.000000e+00
   endloop
 endfacet
 facet normal  0.000000e+00 -0.000000e+00 -1.000000e+00
   outer loop
     vertex  3.788515e+01  1.116681e+01  0.000000e+00
     vertex  3.792252e+01  1.110929e+01  0.000000e+00
     vertex  1.941926e+01  9.606230e+00  0.000000e+00
   endloop
 endfacet
 facet normal -0.000000e+00  0.000000e+00 -1.000000e+00
   outer loop
     vertex  3.871061e+01  1.035816e+01  0.000000e+00
     vertex  1.811905e+01  7.532481e+00  0.000000e+00
     vertex  3.865233e+01  1.039434e+01  0.000000e+00
   endloop
 endfacet
 facet normal  0.000000e+00  0.000000e+00 -1.000000e+00
   outer loop
     vertex  3.871061e+01  1.035816e+01  0.000000e+00
     vertex  1.798127e+01  7.380851e+00  0.000000e+00
     vertex  1.811905e+01  7.532481e+00  0.000000e+00
   endloop
 endfacet
 facet normal  0.000000e+00  0.000000e+00 -1.000000e+00
   outer loop
     vertex  3.784937e+01  1.122533e+01  0.000000e+00
     vertex  1.941926e+01  9.606230e+00  0.000000e+00
     vertex  1.949572e+01  9.796308e+00  0.000000e+00
   endloop
 endfacet
 facet normal  0.000000e+00 -0.000000e+00 -1.000000e+00
   outer loop
     vertex  3.784937e+01  1.122533e+01  0.000000e+00
     vertex  3.788515e+01  1.116681e+01  0.000000e+00
     vertex  1.941926e+01  9.606230e+00  0.000000e+00
   endloop
 endfacet
 facet normal -0.000000e+00  0.000000e+00 -1.000000e+00
   outer loop
     vertex  3.876985e+01  1.032359e+01  0.000000e+00
     vertex  1.798127e+01  7.380851e+00  0.000000e+00
     vertex  3.871061e+01  1.035816e+01  0.000000e+00
   endloop
 endfacet
 facet normal  0.000000e+00  0.000000e+00 -1.000000e+00
   outer loop
     vertex  3.876985e+01  1.032359e+01  0.000000e+00
     vertex  1.783940e+01  7.233042e+00  0.000000e+00
     vertex  1.798127e+01  7.380851e+00  0.000000e+00
   endloop
 endfacet
 facet normal  0.000000e+00 -0.000000e+00 -1.000000e+00
   outer loop
     vertex  3.781521e+01  1.128481e+01  0.000000e+00
     vertex  3.784937e+01  1.122533e+01  0.000000e+00
     vertex  1.949572e+01  9.796308e+00  0.000000e+00
   endloop
 endfacet
 facet normal  0.000000e+00  0.000000e+00 -1.000000e+00
   outer loop
     vertex  3.781521e+01  1.128481e+01  0.000000e+00
     vertex  1.949572e+01  9.796308e+00  0.000000e+00
     vertex  1.956696e+01  9.988403e+00  0.000000e+00
   endloop
 endfacet
 facet normal -0.000000e+00  0.000000e+00 -1.000000e+00
   outer loop
     vertex  3.883002e+01  1.029067e+01  0.000000e+00
     vertex  1.783940e+01  7.233042e+00  0.000000e+00
     vertex  3.876985e+01  1.032359e+01  0.000000e+00
   endloop
 endfacet
 facet normal  0.000000e+00  0.000000e+00 -1.000000e+00
   outer loop
     vertex  3.883002e+01  1.029067e+01  0.000000e+00
     vertex  1.769354e+01  7.089162e+00  0.000000e+00
     vertex  1.783940e+01  7.233042e+00  0.000000e+00
   endloop
 endfacet
 facet normal  0.000000e+00 -0.000000e+00 -1.000000e+00
   outer loop
     vertex  3.778269e+01  1.134521e+01  0.000000e+00
     vertex  3.781521e+01  1.128481e+01  0.000000e+00
     vertex  1.956696e+01  9.988403e+00  0.000000e+00
   endloop
 endfacet
 facet normal  0.000000e+00  0.000000e+00 -1.000000e+00
   outer loop
     vertex  3.778269e+01  1.134521e+01  0.000000e+00
     vertex  1.956696e+01  9.988403e+00  0.000000e+00
     vertex  1.963292e+01  1.018237e+01  0.000000e+00
   endloop
 endfacet
 facet normal -0.000000e+00  0.000000e+00 -1.000000e+00
   outer loop
     vertex  3.889108e+01  1.025940e+01  0.000000e+00
     vertex  1.769354e+01  7.089162e+00  0.000000e+00
     vertex  3.883002e+01  1.029067e+01  0.000000e+00
   endloop
 endfacet
 facet normal  0.000000e+00  0.000000e+00 -1.000000e+00
   outer loop
     vertex  3.889108e+01  1.025940e+01  0.000000e+00
     vertex  1.754380e+01  6.949321e+00  0.000000e+00
     vertex  1.769354e+01  7.089162e+00  0.000000e+00
   endloop
 endfacet
 facet normal  0.000000e+00 -0.000000e+00 -1.000000e+00
   outer loop
     vertex  3.775185e+01  1.140647e+01  0.000000e+00
     vertex  3.778269e+01  1.134521e+01  0.000000e+00
     vertex  1.963292e+01  1.018237e+01  0.000000e+00
   endloop
 endfacet
 facet normal -0.000000e+00  0.000000e+00 -1.000000e+00
   outer loop
     vertex  3.895296e+01  1.022982e+01  0.000000e+00
     vertex  1.754380e+01  6.949321e+00  0.000000e+00
     vertex  3.889108e+01  1.025940e+01  0.000000e+00
   endloop
 endfacet
 facet normal  0.000000e+00 -0.000000e+00 -1.000000e+00
   outer loop
     vertex  3.772269e+01  1.146856e+01  0.000000e+00
     vertex  3.775185e+01  1.140647e+01  0.000000e+00
     vertex  1.963292e+01  1.018237e+01  0.000000e+00
   endloop
 endfacet
 facet normal  0.000000e+00  0.000000e+00 -1.000000e+00
   outer loop
     vertex  3.772269e+01  1.146856e+01  0.000000e+00
     vertex  1.963292e+01  1.018237e+01  0.000000e+00
     vertex  1.969357e+01  1.037807e+01  0.000000e+00
   endloop
 endfacet
 facet normal -0.000000e+00  0.000000e+00 -1.000000e+00
   outer loop
     vertex  3.901564e+01  1.020195e+01  0.000000e+00
     vertex  1.754380e+01  6.949321e+00  0.000000e+00
     vertex  3.895296e+01  1.022982e+01  0.000000e+00
   endloop
 endfacet
 facet normal  0.000000e+00  0.000000e+00 -1.000000e+00
   outer loop
     vertex  3.901564e+01  1.020195e+01  0.000000e+00
     vertex  1.739031e+01  6.813621e+00  0.000000e+00
     vertex  1.754380e+01  6.949321e+00  0.000000e+00
   endloop
 endfacet
 facet normal  0.000000e+00 -0.000000e+00 -1.000000e+00
   outer loop
     vertex  3.769525e+01  1.153142e+01  0.000000e+00
     vertex  3.772269e+01  1.146856e+01  0.000000e+00
     vertex  1.969357e+01  1.037807e+01  0.000000e+00
   endloop
 endfacet
 facet normal  0.000000e+00  0.000000e+00 -1.000000e+00
   outer loop
     vertex  3.769525e+01  1.153142e+01  0.000000e+00
     vertex  1.969357e+01  1.037807e+01  0.000000e+00
     vertex  1.974884e+01  1.057535e+01  0.000000e+00
   endloop
 endfacet
 facet normal -0.000000e+00  0.000000e+00 -1.000000e+00
   outer loop
     vertex  3.907905e+01  1.017581e+01  0.000000e+00
     vertex  1.739031e+01  6.813621e+00  0.000000e+00
     vertex  3.901564e+01  1.020195e+01  0.000000e+00
   endloop
 endfacet
 facet normal  0.000000e+00  0.000000e+00 -1.000000e+00
   outer loop
     vertex  3.907905e+01  1.017581e+01  0.000000e+00
     vertex  1.723316e+01  6.682165e+00  0.000000e+00
     vertex  1.739031e+01  6.813621e+00  0.000000e+00
   endloop
 endfacet
 facet normal  0.000000e+00 -0.000000e+00 -1.000000e+00
   outer loop
     vertex  3.766955e+01  1.159501e+01  0.000000e+00
     vertex  3.769525e+01  1.153142e+01  0.000000e+00
     vertex  1.974884e+01  1.057535e+01  0.000000e+00
   endloop
 endfacet
 facet normal -0.000000e+00  0.000000e+00 -1.000000e+00
   outer loop
     vertex  3.914316e+01  1.015142e+01  0.000000e+00
     vertex  1.723316e+01  6.682165e+00  0.000000e+00
     vertex  3.907905e+01  1.017581e+01  0.000000e+00
   endloop
 endfacet
 facet normal  0.000000e+00  0.000000e+00 -1.000000e+00
   outer loop
     vertex  3.914316e+01  1.015142e+01  0.000000e+00
     vertex  1.707248e+01  6.555051e+00  0.000000e+00
     vertex  1.723316e+01  6.682165e+00  0.000000e+00
   endloop
 endfacet
 facet normal  0.000000e+00 -0.000000e+00 -1.000000e+00
   outer loop
     vertex  3.764560e+01  1.165929e+01  0.000000e+00
     vertex  3.766955e+01  1.159501e+01  0.000000e+00
     vertex  1.974884e+01  1.057535e+01  0.000000e+00
   endloop
 endfacet
 facet normal  0.000000e+00  0.000000e+00 -1.000000e+00
   outer loop
     vertex  3.764560e+01  1.165929e+01  0.000000e+00
     vertex  1.974884e+01  1.057535e+01  0.000000e+00
     vertex  1.979871e+01  1.077407e+01  0.000000e+00
   endloop
 endfacet
 facet normal -0.000000e+00  0.000000e+00 -1.000000e+00
   outer loop
     vertex  3.920791e+01  1.012880e+01  0.000000e+00
     vertex  1.707248e+01  6.555051e+00  0.000000e+00
     vertex  3.914316e+01  1.015142e+01  0.000000e+00
   endloop
 endfacet
 facet normal  0.000000e+00  0.000000e+00 -1.000000e+00
   outer loop
     vertex  3.920791e+01  1.012880e+01  0.000000e+00
     vertex  1.690839e+01  6.432373e+00  0.000000e+00
     vertex  1.707248e+01  6.555051e+00  0.000000e+00
   endloop
 endfacet
 facet normal  0.000000e+00 -0.000000e+00 -1.000000e+00
   outer loop
     vertex  3.762342e+01  1.172420e+01  0.000000e+00
     vertex  3.764560e+01  1.165929e+01  0.000000e+00
     vertex  1.979871e+01  1.077407e+01  0.000000e+00
   endloop
 endfacet
 facet normal  0.000000e+00  0.000000e+00 -1.000000e+00
   outer loop
     vertex  3.762342e+01  1.172420e+01  0.000000e+00
     vertex  1.979871e+01  1.077407e+01  0.000000e+00
     vertex  1.984313e+01  1.097408e+01  0.000000e+00
   endloop
 endfacet
 facet normal  0.000000e+00  0.000000e+00 -1.000000e+00
   outer loop
     vertex  3.927326e+01  1.010796e+01  0.000000e+00
     vertex  1.674101e+01  6.314222e+00  0.000000e+00
     vertex  1.690839e+01  6.432373e+00  0.000000e+00
   endloop
 endfacet
 facet normal -0.000000e+00  0.000000e+00 -1.000000e+00
   outer loop
     vertex  3.927326e+01  1.010796e+01  0.000000e+00
     vertex  1.690839e+01  6.432373e+00  0.000000e+00
     vertex  3.920791e+01  1.012880e+01  0.000000e+00
   endloop
 endfacet
 facet normal  0.000000e+00  0.000000e+00 -1.000000e+00
   outer loop
     vertex  3.760303e+01  1.178969e+01  0.000000e+00
     vertex  1.984313e+01  1.097408e+01  0.000000e+00
     vertex  1.988207e+01  1.117523e+01  0.000000e+00
   endloop
 endfacet
 facet normal  0.000000e+00 -0.000000e+00 -1.000000e+00
   outer loop
     vertex  3.760303e+01  1.178969e+01  0.000000e+00
     vertex  3.762342e+01  1.172420e+01  0.000000e+00
     vertex  1.984313e+01  1.097408e+01  0.000000e+00
   endloop
 endfacet
 facet normal  0.000000e+00  0.000000e+00 -1.000000e+00
   outer loop
     vertex  3.933916e+01  1.008892e+01  0.000000e+00
     vertex  1.657046e+01  6.200688e+00  0.000000e+00
     vertex  1.674101e+01  6.314222e+00  0.000000e+00
   endloop
 endfacet
 facet normal -0.000000e+00  0.000000e+00 -1.000000e+00
   outer loop
     vertex  3.933916e+01  1.008892e+01  0.000000e+00
     vertex  1.674101e+01  6.314222e+00  0.000000e+00
     vertex  3.927326e+01  1.010796e+01  0.000000e+00
   endloop
 endfacet
 facet normal  0.000000e+00 -0.000000e+00 -1.000000e+00
   outer loop
     vertex  3.758445e+01  1.185571e+01  0.000000e+00
     vertex  3.760303e+01  1.178969e+01  0.000000e+00
     vertex  1.988207e+01  1.117523e+01  0.000000e+00
   endloop
 endfacet
 facet normal -0.000000e+00  0.000000e+00 -1.000000e+00
   outer loop
     vertex  3.940555e+01  1.007170e+01  0.000000e+00
     vertex  1.657046e+01  6.200688e+00  0.000000e+00
     vertex  3.933916e+01  1.008892e+01  0.000000e+00
   endloop
 endfacet
 facet normal  0.000000e+00  0.000000e+00 -1.000000e+00
   outer loop
     vertex  3.756768e+01  1.192222e+01  0.000000e+00
     vertex  1.988207e+01  1.117523e+01  0.000000e+00
     vertex  1.991550e+01  1.137736e+01  0.000000e+00
   endloop
 endfacet
 facet normal  0.000000e+00 -0.000000e+00 -1.000000e+00
   outer loop
     vertex  3.756768e+01  1.192222e+01  0.000000e+00
     vertex  3.758445e+01  1.185571e+01  0.000000e+00
     vertex  1.988207e+01  1.117523e+01  0.000000e+00
   endloop
 endfacet
 facet normal  0.000000e+00  0.000000e+00 -1.000000e+00
   outer loop
     vertex  3.947240e+01  1.005631e+01  0.000000e+00
     vertex  1.639688e+01  6.091854e+00  0.000000e+00
     vertex  1.657046e+01  6.200688e+00  0.000000e+00
   endloop
 endfacet
 facet normal -0.000000e+00  0.000000e+00 -1.000000e+00
   outer loop
     vertex  3.947240e+01  1.005631e+01  0.000000e+00
     vertex  1.657046e+01  6.200688e+00  0.000000e+00
     vertex  3.940555e+01  1.007170e+01  0.000000e+00
   endloop
 endfacet
 facet normal  0.000000e+00  0.000000e+00 -1.000000e+00
   outer loop
     vertex  3.755275e+01  1.198917e+01  0.000000e+00
     vertex  1.991550e+01  1.137736e+01  0.000000e+00
     vertex  1.994340e+01  1.158033e+01  0.000000e+00
   endloop
 endfacet
 facet normal  0.000000e+00 -0.000000e+00 -1.000000e+00
   outer loop
     vertex  3.755275e+01  1.198917e+01  0.000000e+00
     vertex  3.756768e+01  1.192222e+01  0.000000e+00
     vertex  1.991550e+01  1.137736e+01  0.000000e+00
   endloop
 endfacet
 facet normal  0.000000e+00  0.000000e+00 -1.000000e+00
   outer loop
     vertex  3.953963e+01  1.004275e+01  0.000000e+00
     vertex  1.622039e+01  5.987803e+00  0.000000e+00
     vertex  1.639688e+01  6.091854e+00  0.000000e+00
   endloop
 endfacet
 facet normal -0.000000e+00  0.000000e+00 -1.000000e+00
   outer loop
     vertex  3.953963e+01  1.004275e+01  0.000000e+00
     vertex  1.639688e+01  6.091854e+00  0.000000e+00
     vertex  3.947240e+01  1.005631e+01  0.000000e+00
   endloop
 endfacet
 facet normal  0.000000e+00 -0.000000e+00 -1.000000e+00
   outer loop
     vertex  3.753965e+01  1.205650e+01  0.000000e+00
     vertex  3.755275e+01  1.198917e+01  0.000000e+00
     vertex  1.994340e+01  1.158033e+01  0.000000e+00
   endloop
 endfacet
 facet normal  0.000000e+00  0.000000e+00 -1.000000e+00
   outer loop
     vertex  3.960722e+01  1.003105e+01  0.000000e+00
     vertex  1.604112e+01  5.888611e+00  0.000000e+00
     vertex  1.622039e+01  5.987803e+00  0.000000e+00
   endloop
 endfacet
 facet normal -0.000000e+00  0.000000e+00 -1.000000e+00
   outer loop
     vertex  3.960722e+01  1.003105e+01  0.000000e+00
     vertex  1.622039e+01  5.987803e+00  0.000000e+00
     vertex  3.953963e+01  1.004275e+01  0.000000e+00
   endloop
 endfacet
 facet normal  0.000000e+00  0.000000e+00 -1.000000e+00
   outer loop
     vertex  3.752841e+01  1.212416e+01  0.000000e+00
     vertex  1.994340e+01  1.158033e+01  0.000000e+00
     vertex  1.996574e+01  1.178399e+01  0.000000e+00
   endloop
 endfacet
 facet normal  0.000000e+00 -0.000000e+00 -1.000000e+00
   outer loop
     vertex  3.752841e+01  1.212416e+01  0.000000e+00
     vertex  3.753965e+01  1.205650e+01  0.000000e+00
     vertex  1.994340e+01  1.158033e+01  0.000000e+00
   endloop
 endfacet
 facet normal  0.000000e+00  0.000000e+00 -1.000000e+00
   outer loop
     vertex  3.967510e+01  1.002120e+01  0.000000e+00
     vertex  1.585921e+01  5.794353e+00  0.000000e+00
     vertex  1.604112e+01  5.888611e+00  0.000000e+00
   endloop
 endfacet
 facet normal -0.000000e+00  0.000000e+00 -1.000000e+00
   outer loop
     vertex  3.967510e+01  1.002120e+01  0.000000e+00
     vertex  1.604112e+01  5.888611e+00  0.000000e+00
     vertex  3.960722e+01  1.003105e+01  0.000000e+00
   endloop
 endfacet
 facet normal  0.000000e+00 -0.000000e+00 -1.000000e+00
   outer loop
     vertex  3.751903e+01  1.219211e+01  0.000000e+00
     vertex  3.752841e+01  1.212416e+01  0.000000e+00
     vertex  1.996574e+01  1.178399e+01  0.000000e+00
   endloop
 endfacet
 facet normal  0.000000e+00  0.000000e+00 -1.000000e+00
   outer loop
     vertex  3.751903e+01  1.219211e+01  0.000000e+00
     vertex  1.996574e+01  1.178399e+01  0.000000e+00
     vertex  1.998252e+01  1.198818e+01  0.000000e+00
   endloop
 endfacet
 facet normal  0.000000e+00  0.000000e+00 -1.000000e+00
   outer loop
     vertex  3.974323e+01  1.001322e+01  0.000000e+00
     vertex  1.567479e+01  5.705099e+00  0.000000e+00
     vertex  1.585921e+01  5.794353e+00  0.000000e+00
   endloop
 endfacet
 facet normal -0.000000e+00  0.000000e+00 -1.000000e+00
   outer loop
     vertex  3.974323e+01  1.001322e+01  0.000000e+00
     vertex  1.585921e+01  5.794353e+00  0.000000e+00
     vertex  3.967510e+01  1.002120e+01  0.000000e+00
   endloop
 endfacet
 facet normal  0.000000e+00 -0.000000e+00 -1.000000e+00
   outer loop
     vertex  3.751152e+01  1.226029e+01  0.000000e+00
     vertex  3.751903e+01  1.219211e+01  0.000000e+00
     vertex  1.998252e+01  1.198818e+01  0.000000e+00
   endloop
 endfacet
 facet normal -0.000000e+00  0.000000e+00 -1.000000e+00
   outer loop
     vertex  3.981155e+01  1.000711e+01  0.000000e+00
     vertex  1.567479e+01  5.705099e+00  0.000000e+00
     vertex  3.974323e+01  1.001322e+01  0.000000e+00
   endloop
 endfacet
 facet normal  0.000000e+00  0.000000e+00 -1.000000e+00
   outer loop
     vertex  3.981155e+01  1.000711e+01  0.000000e+00
     vertex  1.548801e+01  5.620915e+00  0.000000e+00
     vertex  1.567479e+01  5.705099e+00  0.000000e+00
   endloop
 endfacet
 facet normal  0.000000e+00 -0.000000e+00 -1.000000e+00
   outer loop
     vertex  3.750588e+01  1.232865e+01  0.000000e+00
     vertex  3.751152e+01  1.226029e+01  0.000000e+00
     vertex  1.998252e+01  1.198818e+01  0.000000e+00
   endloop
 endfacet
 facet normal  0.000000e+00  0.000000e+00 -1.000000e+00
   outer loop
     vertex  3.750588e+01  1.232865e+01  0.000000e+00
     vertex  1.998252e+01  1.198818e+01  0.000000e+00
     vertex  1.999370e+01  1.219276e+01  0.000000e+00
   endloop
 endfacet
 facet normal -0.000000e+00  0.000000e+00 -1.000000e+00
   outer loop
     vertex  3.988001e+01  1.000288e+01  0.000000e+00
     vertex  1.548801e+01  5.620915e+00  0.000000e+00
     vertex  3.981155e+01  1.000711e+01  0.000000e+00
   endloop
 endfacet
 facet normal  0.000000e+00 -0.000000e+00 -1.000000e+00
   outer loop
     vertex  3.750212e+01  1.239714e+01  0.000000e+00
     vertex  3.750588e+01  1.232865e+01  0.000000e+00
     vertex  1.999370e+01  1.219276e+01  0.000000e+00
   endloop
 endfacet
 facet normal -0.000000e+00  0.000000e+00 -1.000000e+00
   outer loop
     vertex  3.750212e+01  1.239714e+01  0.000000e+00
     vertex  1.999370e+01  1.219276e+01  0.000000e+00
     vertex  1.999930e+01  1.239756e+01  0.000000e+00
   endloop
 endfacet
 facet normal  0.000000e+00 -0.000000e+00 -1.000000e+00
   outer loop
     vertex  3.750024e+01  1.246570e+01  0.000000e+00
     vertex  3.750212e+01  1.239714e+01  0.000000e+00
     vertex  1.999930e+01  1.239756e+01  0.000000e+00
   endloop
 endfacet
 facet normal  0.000000e+00 -0.000000e+00 -1.000000e+00
   outer loop
     vertex  3.750024e+01  1.253430e+01  0.000000e+00
     vertex  3.750024e+01  1.246570e+01  0.000000e+00
     vertex  1.999930e+01  1.239756e+01  0.000000e+00
   endloop
 endfacet
 facet normal -0.000000e+00  0.000000e+00 -1.000000e+00
   outer loop
     vertex  3.750024e+01  1.253430e+01  0.000000e+00
     vertex  1.999930e+01  1.239756e+01  0.000000e+00
     vertex  1.999930e+01  1.260244e+01  0.000000e+00
   endloop
 endfacet
 facet normal  0.000000e+00  0.000000e+00 -1.000000e+00
   outer loop
     vertex  3.750212e+01  1.260286e+01  0.000000e+00
     vertex  3.750024e+01  1.253430e+01  0.000000e+00
     vertex  1.999930e+01  1.260244e+01  0.000000e+00
   endloop
 endfacet
 facet normal -0.000000e+00  0.000000e+00 -1.000000e+00
   outer loop
     vertex  3.750212e+01  1.260286e+01  0.000000e+00
     vertex  1.999930e+01  1.260244e+01  0.000000e+00
     vertex  1.999370e+01  1.280724e+01  0.000000e+00
   endloop
 endfacet
 facet normal -0.000000e+00  0.000000e+00 -1.000000e+00
   outer loop
     vertex  3.750588e+01  1.267135e+01  0.000000e+00
     vertex  3.750212e+01  1.260286e+01  0.000000e+00
     vertex  1.999370e+01  1.280724e+01  0.000000e+00
   endloop
 endfacet
 facet normal  0.000000e+00  0.000000e+00 -1.000000e+00
   outer loop
     vertex  3.750588e+01  1.267135e+01  0.000000e+00
     vertex  1.999370e+01  1.280724e+01  0.000000e+00
     vertex  1.998252e+01  1.301182e+01  0.000000e+00
   endloop
 endfacet
 facet normal -0.000000e+00  0.000000e+00 -1.000000e+00
   outer loop
     vertex  3.751152e+01  1.273971e+01  0.000000e+00
     vertex  3.750588e+01  1.267135e+01  0.000000e+00
     vertex  1.998252e+01  1.301182e+01  0.000000e+00
   endloop
 endfacet
 facet normal  0.000000e+00  0.000000e+00 -1.000000e+00
   outer loop
     vertex  3.751903e+01  1.280789e+01  0.000000e+00
     vertex  1.998252e+01  1.301182e+01  0.000000e+00
     vertex  1.996574e+01  1.321601e+01  0.000000e+00
   endloop
 endfacet
 facet normal -0.000000e+00  0.000000e+00 -1.000000e+00
   outer loop
     vertex  3.751903e+01  1.280789e+01  0.000000e+00
     vertex  3.751152e+01  1.273971e+01  0.000000e+00
     vertex  1.998252e+01  1.301182e+01  0.000000e+00
   endloop
 endfacet
 facet normal -0.000000e+00  0.000000e+00 -1.000000e+00
   outer loop
     vertex  3.752841e+01  1.287584e+01  0.000000e+00
     vertex  3.751903e+01  1.280789e+01  0.000000e+00
     vertex  1.996574e+01  1.321601e+01  0.000000e+00
   endloop
 endfacet
 facet normal  0.000000e+00  0.000000e+00 -1.000000e+00
   outer loop
     vertex  3.752841e+01  1.287584e+01  0.000000e+00
     vertex  1.996574e+01  1.321601e+01  0.000000e+00
     vertex  1.994340e+01  1.341967e+01  0.000000e+00
   endloop
 endfacet
 facet normal -0.000000e+00  0.000000e+00 -1.000000e+00
   outer loop
     vertex  3.753965e+01  1.294350e+01  0.000000e+00
     vertex  3.752841e+01  1.287584e+01  0.000000e+00
     vertex  1.994340e+01  1.341967e+01  0.000000e+00
   endloop
 endfacet
 facet normal -0.000000e+00  0.000000e+00 -1.000000e+00
   outer loop
     vertex  3.755275e+01  1.301083e+01  0.000000e+00
     vertex  3.753965e+01  1.294350e+01  0.000000e+00
     vertex  1.994340e+01  1.341967e+01  0.000000e+00
   endloop
 endfacet
 facet normal  0.000000e+00  0.000000e+00 -1.000000e+00
   outer loop
     vertex  3.755275e+01  1.301083e+01  0.000000e+00
     vertex  1.994340e+01  1.341967e+01  0.000000e+00
     vertex  1.991550e+01  1.362264e+01  0.000000e+00
   endloop
 endfacet
 facet normal -0.000000e+00  0.000000e+00 -1.000000e+00
   outer loop
     vertex  3.756768e+01  1.307778e+01  0.000000e+00
     vertex  3.755275e+01  1.301083e+01  0.000000e+00
     vertex  1.991550e+01  1.362264e+01  0.000000e+00
   endloop
 endfacet
 facet normal  0.000000e+00  0.000000e+00 -1.000000e+00
   outer loop
     vertex  3.756768e+01  1.307778e+01  0.000000e+00
     vertex  1.991550e+01  1.362264e+01  0.000000e+00
     vertex  1.988207e+01  1.382477e+01  0.000000e+00
   endloop
 endfacet
 facet normal -0.000000e+00  0.000000e+00 -1.000000e+00
   outer loop
     vertex  3.758445e+01  1.314429e+01  0.000000e+00
     vertex  3.756768e+01  1.307778e+01  0.000000e+00
     vertex  1.988207e+01  1.382477e+01  0.000000e+00
   endloop
 endfacet
 facet normal -0.000000e+00  0.000000e+00 -1.000000e+00
   outer loop
     vertex  3.760303e+01  1.321031e+01  0.000000e+00
     vertex  3.758445e+01  1.314429e+01  0.000000e+00
     vertex  1.988207e+01  1.382477e+01  0.000000e+00
   endloop
 endfacet
 facet normal  0.000000e+00  0.000000e+00 -1.000000e+00
   outer loop
     vertex  3.760303e+01  1.321031e+01  0.000000e+00
     vertex  1.988207e+01  1.382477e+01  0.000000e+00
     vertex  1.984313e+01  1.402592e+01  0.000000e+00
   endloop
 endfacet
 facet normal  0.000000e+00  0.000000e+00 -1.000000e+00
   outer loop
     vertex  3.762342e+01  1.327580e+01  0.000000e+00
     vertex  1.984313e+01  1.402592e+01  0.000000e+00
     vertex  1.979871e+01  1.422593e+01  0.000000e+00
   endloop
 endfacet
 facet normal -0.000000e+00  0.000000e+00 -1.000000e+00
   outer loop
     vertex  3.762342e+01  1.327580e+01  0.000000e+00
     vertex  3.760303e+01  1.321031e+01  0.000000e+00
     vertex  1.984313e+01  1.402592e+01  0.000000e+00
   endloop
 endfacet
 facet normal  0.000000e+00  0.000000e+00 -1.000000e+00
   outer loop
     vertex  3.764560e+01  1.334071e+01  0.000000e+00
     vertex  1.979871e+01  1.422593e+01  0.000000e+00
     vertex  1.974884e+01  1.442465e+01  0.000000e+00
   endloop
 endfacet
 facet normal -0.000000e+00  0.000000e+00 -1.000000e+00
   outer loop
     vertex  3.764560e+01  1.334071e+01  0.000000e+00
     vertex  3.762342e+01  1.327580e+01  0.000000e+00
     vertex  1.979871e+01  1.422593e+01  0.000000e+00
   endloop
 endfacet
 facet normal -0.000000e+00  0.000000e+00 -1.000000e+00
   outer loop
     vertex  3.766955e+01  1.340499e+01  0.000000e+00
     vertex  3.764560e+01  1.334071e+01  0.000000e+00
     vertex  1.974884e+01  1.442465e+01  0.000000e+00
   endloop
 endfacet
 facet normal  0.000000e+00  0.000000e+00 -1.000000e+00
   outer loop
     vertex  3.769525e+01  1.346858e+01  0.000000e+00
     vertex  1.974884e+01  1.442465e+01  0.000000e+00
     vertex  1.969357e+01  1.462193e+01  0.000000e+00
   endloop
 endfacet
 facet normal -0.000000e+00  0.000000e+00 -1.000000e+00
   outer loop
     vertex  3.769525e+01  1.346858e+01  0.000000e+00
     vertex  3.766955e+01  1.340499e+01  0.000000e+00
     vertex  1.974884e+01  1.442465e+01  0.000000e+00
   endloop
 endfacet
 facet normal  0.000000e+00  0.000000e+00 -1.000000e+00
   outer loop
     vertex  3.772269e+01  1.353144e+01  0.000000e+00
     vertex  1.969357e+01  1.462193e+01  0.000000e+00
     vertex  1.963292e+01  1.481763e+01  0.000000e+00
   endloop
 endfacet
 facet normal -0.000000e+00  0.000000e+00 -1.000000e+00
   outer loop
     vertex  3.772269e+01  1.353144e+01  0.000000e+00
     vertex  3.769525e+01  1.346858e+01  0.000000e+00
     vertex  1.969357e+01  1.462193e+01  0.000000e+00
   endloop
 endfacet
 facet normal -0.000000e+00  0.000000e+00 -1.000000e+00
   outer loop
     vertex  3.775185e+01  1.359353e+01  0.000000e+00
     vertex  3.772269e+01  1.353144e+01  0.000000e+00
     vertex  1.963292e+01  1.481763e+01  0.000000e+00
   endloop
 endfacet
 facet normal -0.000000e+00  0.000000e+00 -1.000000e+00
   outer loop
     vertex  3.778269e+01  1.365479e+01  0.000000e+00
     vertex  3.775185e+01  1.359353e+01  0.000000e+00
     vertex  1.963292e+01  1.481763e+01  0.000000e+00
   endloop
 endfacet
 facet normal  0.000000e+00  0.000000e+00 -1.000000e+00
   outer loop
     vertex  3.778269e+01  1.365479e+01  0.000000e+00
     vertex  1.963292e+01  1.481763e+01  0.000000e+00
     vertex  1.956696e+01  1.501160e+01  0.000000e+00
   endloop
 endfacet
 facet normal  0.000000e+00  0.000000e+00 -1.000000e+00
   outer loop
     vertex  3.781521e+01  1.371519e+01  0.000000e+00
     vertex  1.956696e+01  1.501160e+01  0.000000e+00
     vertex  1.949572e+01  1.520369e+01  0.000000e+00
   endloop
 endfacet
 facet normal -0.000000e+00  0.000000e+00 -1.000000e+00
   outer loop
     vertex  3.781521e+01  1.371519e+01  0.000000e+00
     vertex  3.778269e+01  1.365479e+01  0.000000e+00
     vertex  1.956696e+01  1.501160e+01  0.000000e+00
   endloop
 endfacet
 facet normal  0.000000e+00  0.000000e+00 -1.000000e+00
   outer loop
     vertex  3.784937e+01  1.377467e+01  0.000000e+00
     vertex  1.949572e+01  1.520369e+01  0.000000e+00
     vertex  1.941926e+01  1.539377e+01  0.000000e+00
   endloop
 endfacet
 facet normal -0.000000e+00  0.000000e+00 -1.000000e+00
   outer loop
     vertex  3.784937e+01  1.377467e+01  0.000000e+00
     vertex  3.781521e+01  1.371519e+01  0.000000e+00
     vertex  1.949572e+01  1.520369e+01  0.000000e+00
   endloop
 endfacet
 facet normal -0.000000e+00  0.000000e+00 -1.000000e+00
   outer loop
     vertex  3.788515e+01  1.383319e+01  0.000000e+00
     vertex  3.784937e+01  1.377467e+01  0.000000e+00
     vertex  1.941926e+01  1.539377e+01  0.000000e+00
   endloop
 endfacet
 facet normal -0.000000e+00  0.000000e+00 -1.000000e+00
   outer loop
     vertex  3.792252e+01  1.389071e+01  0.000000e+00
     vertex  3.788515e+01  1.383319e+01  0.000000e+00
     vertex  1.941926e+01  1.539377e+01  0.000000e+00
   endloop
 endfacet
 facet normal  0.000000e+00  0.000000e+00 -1.000000e+00
   outer loop
     vertex  3.792252e+01  1.389071e+01  0.000000e+00
     vertex  1.941926e+01  1.539377e+01  0.000000e+00
     vertex  1.933763e+01  1.558169e+01  0.000000e+00
   endloop
 endfacet
 facet normal -0.000000e+00  0.000000e+00 -1.000000e+00
   outer loop
     vertex  3.796145e+01  1.394718e+01  0.000000e+00
     vertex  3.792252e+01  1.389071e+01  0.000000e+00
     vertex  1.933763e+01  1.558169e+01  0.000000e+00
   endloop
 endfacet
 facet normal  0.000000e+00  0.000000e+00 -1.000000e+00
   outer loop
     vertex  3.796145e+01  1.394718e+01  0.000000e+00
     vertex  1.933763e+01  1.558169e+01  0.000000e+00
     vertex  1.925090e+01  1.576731e+01  0.000000e+00
   endloop
 endfacet
 facet normal -0.000000e+00  0.000000e+00 -1.000000e+00
   outer loop
     vertex  3.800192e+01  1.400256e+01  0.000000e+00
     vertex  3.796145e+01  1.394718e+01  0.000000e+00
     vertex  1.925090e+01  1.576731e+01  0.000000e+00
   endloop
 endfacet
 facet normal  0.000000e+00  0.000000e+00 -1.000000e+00
   outer loop
     vertex  3.800192e+01  1.400256e+01  0.000000e+00
     vertex  1.925090e+01  1.576731e+01  0.000000e+00
     vertex  1.915914e+01  1.595049e+01  0.000000e+00
   endloop
 endfacet
 facet normal -0.000000e+00  0.000000e+00 -1.000000e+00
   outer loop
     vertex  3.804389e+01  1.405681e+01  0.000000e+00
     vertex  3.800192e+01  1.400256e+01  0.000000e+00
     vertex  1.915914e+01  1.595049e+01  0.000000e+00
   endloop
 endfacet
 facet normal  0.000000e+00  0.000000e+00 -1.000000e+00
   outer loop
     vertex  3.808734e+01  1.410989e+01  0.000000e+00
     vertex  1.915914e+01  1.595049e+01  0.000000e+00
     vertex  1.906241e+01  1.613109e+01  0.000000e+00
   endloop
 endfacet
 facet normal -0.000000e+00  0.000000e+00 -1.000000e+00
   outer loop
     vertex  3.808734e+01  1.410989e+01  0.000000e+00
     vertex  3.804389e+01  1.405681e+01  0.000000e+00
     vertex  1.915914e+01  1.595049e+01  0.000000e+00
   endloop
 endfacet
 facet normal -0.000000e+00  0.000000e+00 -1.000000e+00
   outer loop
     vertex  3.813223e+01  1.416175e+01  0.000000e+00
     vertex  3.808734e+01  1.410989e+01  0.000000e+00
     vertex  1.906241e+01  1.613109e+01  0.000000e+00
   endloop
 endfacet
 facet normal  0.000000e+00  0.000000e+00 -1.000000e+00
   outer loop
     vertex  3.813223e+01  1.416175e+01  0.000000e+00
     vertex  1.906241e+01  1.613109e+01  0.000000e+00
     vertex  1.896077e+01  1.630899e+01  0.000000e+00
   endloop
 endfacet
 facet normal -0.000000e+00  0.000000e+00 -1.000000e+00
   outer loop
     vertex  3.817852e+01  1.421237e+01  0.000000e+00
     vertex  3.813223e+01  1.416175e+01  0.000000e+00
     vertex  1.896077e+01  1.630899e+01  0.000000e+00
   endloop
 endfacet
 facet normal  0.000000e+00  0.000000e+00 -1.000000e+00
   outer loop
     vertex  3.822618e+01  1.426169e+01  0.000000e+00
     vertex  1.896077e+01  1.630899e+01  0.000000e+00
     vertex  1.885432e+01  1.648404e+01  0.000000e+00
   endloop
 endfacet
 facet normal -0.000000e+00  0.000000e+00 -1.000000e+00
   outer loop
     vertex  3.822618e+01  1.426169e+01  0.000000e+00
     vertex  3.817852e+01  1.421237e+01  0.000000e+00
     vertex  1.896077e+01  1.630899e+01  0.000000e+00
   endloop
 endfacet
 facet normal -0.000000e+00  0.000000e+00 -1.000000e+00
   outer loop
     vertex  3.827518e+01  1.430969e+01  0.000000e+00
     vertex  3.822618e+01  1.426169e+01  0.000000e+00
     vertex  1.885432e+01  1.648404e+01  0.000000e+00
   endloop
 endfacet
 facet normal  0.000000e+00  0.000000e+00 -1.000000e+00
   outer loop
     vertex  3.827518e+01  1.430969e+01  0.000000e+00
     vertex  1.885432e+01  1.648404e+01  0.000000e+00
     vertex  1.874313e+01  1.665612e+01  0.000000e+00
   endloop
 endfacet
 facet normal -0.000000e+00  0.000000e+00 -1.000000e+00
   outer loop
     vertex  3.832548e+01  1.435633e+01  0.000000e+00
     vertex  3.827518e+01  1.430969e+01  0.000000e+00
     vertex  1.874313e+01  1.665612e+01  0.000000e+00
   endloop
 endfacet
 facet normal  0.000000e+00  0.000000e+00 -1.000000e+00
   outer loop
     vertex  3.832548e+01  1.435633e+01  0.000000e+00
     vertex  1.874313e+01  1.665612e+01  0.000000e+00
     vertex  1.862727e+01  1.682510e+01  0.000000e+00
   endloop
 endfacet
 facet normal -0.000000e+00  0.000000e+00 -1.000000e+00
   outer loop
     vertex  3.837703e+01  1.440157e+01  0.000000e+00
     vertex  3.832548e+01  1.435633e+01  0.000000e+00
     vertex  1.862727e+01  1.682510e+01  0.000000e+00
   endloop
 endfacet
 facet normal  0.000000e+00  0.000000e+00 -1.000000e+00
   outer loop
     vertex  3.837703e+01  1.440157e+01  0.000000e+00
     vertex  1.862727e+01  1.682510e+01  0.000000e+00
     vertex  1.850685e+01  1.699085e+01  0.000000e+00
   endloop
 endfacet
 facet normal -0.000000e+00  0.000000e+00 -1.000000e+00
   outer loop
     vertex  3.842981e+01  1.444538e+01  0.000000e+00
     vertex  3.837703e+01  1.440157e+01  0.000000e+00
     vertex  1.850685e+01  1.699085e+01  0.000000e+00
   endloop
 endfacet
 facet normal  0.000000e+00  0.000000e+00 -1.000000e+00
   outer loop
     vertex  3.848377e+01  1.448772e+01  0.000000e+00
     vertex  1.850685e+01  1.699085e+01  0.000000e+00
     vertex  1.838194e+01  1.715325e+01  0.000000e+00
   endloop
 endfacet
 facet normal -0.000000e+00  0.000000e+00 -1.000000e+00
   outer loop
     vertex  3.848377e+01  1.448772e+01  0.000000e+00
     vertex  3.842981e+01  1.444538e+01  0.000000e+00
     vertex  1.850685e+01  1.699085e+01  0.000000e+00
   endloop
 endfacet
 facet normal -0.000000e+00  0.000000e+00 -1.000000e+00
   outer loop
     vertex  3.853887e+01  1.452857e+01  0.000000e+00
     vertex  3.848377e+01  1.448772e+01  0.000000e+00
     vertex  1.838194e+01  1.715325e+01  0.000000e+00
   endloop
 endfacet
 facet normal  0.000000e+00  0.000000e+00 -1.000000e+00
   outer loop
     vertex  3.853887e+01  1.452857e+01  0.000000e+00
     vertex  1.838194e+01  1.715325e+01  0.000000e+00
     vertex  1.825264e+01  1.731218e+01  0.000000e+00
   endloop
 endfacet
 facet normal -0.000000e+00  0.000000e+00 -1.000000e+00
   outer loop
     vertex  3.859508e+01  1.456789e+01  0.000000e+00
     vertex  3.853887e+01  1.452857e+01  0.000000e+00
     vertex  1.825264e+01  1.731218e+01  0.000000e+00
   endloop
 endfacet
 facet normal  0.000000e+00  0.000000e+00 -1.000000e+00
   outer loop
     vertex  3.859508e+01  1.456789e+01  0.000000e+00
     vertex  1.825264e+01  1.731218e+01  0.000000e+00
     vertex  1.811905e+01  1.746752e+01  0.000000e+00
   endloop
 endfacet
 facet normal -0.000000e+00  0.000000e+00 -1.000000e+00
   outer loop
     vertex  3.865233e+01  1.460566e+01  0.000000e+00
     vertex  3.859508e+01  1.456789e+01  0.000000e+00
     vertex  1.811905e+01  1.746752e+01  0.000000e+00
   endloop
 endfacet
 facet normal  0.000000e+00  0.000000e+00 -1.000000e+00
   outer loop
     vertex  3.871061e+01  1.464184e+01  0.000000e+00
     vertex  1.811905e+01  1.746752e+01  0.000000e+00
     vertex  1.798127e+01  1.761915e+01  0.000000e+00
   endloop
 endfacet
 facet normal -0.000000e+00  0.000000e+00 -1.000000e+00
   outer loop
     vertex  3.871061e+01  1.464184e+01  0.000000e+00
     vertex  3.865233e+01  1.460566e+01  0.000000e+00
     vertex  1.811905e+01  1.746752e+01  0.000000e+00
   endloop
 endfacet
 facet normal  0.000000e+00  0.000000e+00 -1.000000e+00
   outer loop
     vertex  3.876985e+01  1.467641e+01  0.000000e+00
     vertex  1.798127e+01  1.761915e+01  0.000000e+00
     vertex  1.783940e+01  1.776696e+01  0.000000e+00
   endloop
 endfacet
 facet normal -0.000000e+00  0.000000e+00 -1.000000e+00
   outer loop
     vertex  3.876985e+01  1.467641e+01  0.000000e+00
     vertex  3.871061e+01  1.464184e+01  0.000000e+00
     vertex  1.798127e+01  1.761915e+01  0.000000e+00
   endloop
 endfacet
 facet normal -0.000000e+00  0.000000e+00 -1.000000e+00
   outer loop
     vertex  3.883002e+01  1.470933e+01  0.000000e+00
     vertex  3.876985e+01  1.467641e+01  0.000000e+00
     vertex  1.783940e+01  1.776696e+01  0.000000e+00
   endloop
 endfacet
 facet normal  0.000000e+00  0.000000e+00 -1.000000e+00
   outer loop
     vertex  3.883002e+01  1.470933e+01  0.000000e+00
     vertex  1.783940e+01  1.776696e+01  0.000000e+00
     vertex  1.769354e+01  1.791084e+01  0.000000e+00
   endloop
 endfacet
 facet normal  0.000000e+00  0.000000e+00 -1.000000e+00
   outer loop
     vertex  3.889108e+01  1.474060e+01  0.000000e+00
     vertex  1.769354e+01  1.791084e+01  0.000000e+00
     vertex  1.754380e+01  1.805068e+01  0.000000e+00
   endloop
 endfacet
 facet normal -0.000000e+00  0.000000e+00 -1.000000e+00
   outer loop
     vertex  3.889108e+01  1.474060e+01  0.000000e+00
     vertex  3.883002e+01  1.470933e+01  0.000000e+00
     vertex  1.769354e+01  1.791084e+01  0.000000e+00
   endloop
 endfacet
 facet normal -0.000000e+00  0.000000e+00 -1.000000e+00
   outer loop
     vertex  3.895296e+01  1.477018e+01  0.000000e+00
     vertex  3.889108e+01  1.474060e+01  0.000000e+00
     vertex  1.754380e+01  1.805068e+01  0.000000e+00
   endloop
 endfacet
 facet normal -0.000000e+00  0.000000e+00 -1.000000e+00
   outer loop
     vertex  3.901564e+01  1.479805e+01  0.000000e+00
     vertex  3.895296e+01  1.477018e+01  0.000000e+00
     vertex  1.754380e+01  1.805068e+01  0.000000e+00
   endloop
 endfacet
 facet normal  0.000000e+00  0.000000e+00 -1.000000e+00
   outer loop
     vertex  3.901564e+01  1.479805e+01  0.000000e+00
     vertex  1.754380e+01  1.805068e+01  0.000000e+00
     vertex  1.739031e+01  1.818638e+01  0.000000e+00
   endloop
 endfacet
 facet normal  0.000000e+00  0.000000e+00 -1.000000e+00
   outer loop
     vertex  3.907905e+01  1.482419e+01  0.000000e+00
     vertex  1.739031e+01  1.818638e+01  0.000000e+00
     vertex  1.723316e+01  1.831783e+01  0.000000e+00
   endloop
 endfacet
 facet normal -0.000000e+00  0.000000e+00 -1.000000e+00
   outer loop
     vertex  3.907905e+01  1.482419e+01  0.000000e+00
     vertex  3.901564e+01  1.479805e+01  0.000000e+00
     vertex  1.739031e+01  1.818638e+01  0.000000e+00
   endloop
 endfacet
 facet normal  0.000000e+00  0.000000e+00 -1.000000e+00
   outer loop
     vertex  3.914316e+01  1.484858e+01  0.000000e+00
     vertex  1.723316e+01  1.831783e+01  0.000000e+00
     vertex  1.707248e+01  1.844495e+01  0.000000e+00
   endloop
 endfacet
 facet normal -0.000000e+00  0.000000e+00 -1.000000e+00
   outer loop
     vertex  3.914316e+01  1.484858e+01  0.000000e+00
     vertex  3.907905e+01  1.482419e+01  0.000000e+00
     vertex  1.723316e+01  1.831783e+01  0.000000e+00
   endloop
 endfacet
 facet normal  0.000000e+00  0.000000e+00 -1.000000e+00
   outer loop
     vertex  3.920791e+01  1.487120e+01  0.000000e+00
     vertex  1.707248e+01  1.844495e+01  0.000000e+00
     vertex  1.690839e+01  1.856763e+01  0.000000e+00
   endloop
 endfacet
 facet normal -0.000000e+00  0.000000e+00 -1.000000e+00
   outer loop
     vertex  3.920791e+01  1.487120e+01  0.000000e+00
     vertex  3.914316e+01  1.484858e+01  0.000000e+00
     vertex  1.707248e+01  1.844495e+01  0.000000e+00
   endloop
 endfacet
 facet normal  0.000000e+00  0.000000e+00 -1.000000e+00
   outer loop
     vertex  3.927326e+01  1.489204e+01  0.000000e+00
     vertex  1.690839e+01  1.856763e+01  0.000000e+00
     vertex  1.674101e+01  1.868578e+01  0.000000e+00
   endloop
 endfacet
 facet normal -0.000000e+00  0.000000e+00 -1.000000e+00
   outer loop
     vertex  3.927326e+01  1.489204e+01  0.000000e+00
     vertex  3.920791e+01  1.487120e+01  0.000000e+00
     vertex  1.690839e+01  1.856763e+01  0.000000e+00
   endloop
 endfacet
 facet normal  0.000000e+00  0.000000e+00 -1.000000e+00
   outer loop
     vertex  3.933916e+01  1.491108e+01  0.000000e+00
     vertex  1.674101e+01  1.868578e+01  0.000000e+00
     vertex  1.657046e+01  1.879931e+01  0.000000e+00
   endloop
 endfacet
 facet normal -0.000000e+00  0.000000e+00 -1.000000e+00
   outer loop
     vertex  3.933916e+01  1.491108e+01  0.000000e+00
     vertex  3.927326e+01  1.489204e+01  0.000000e+00
     vertex  1.674101e+01  1.868578e+01  0.000000e+00
   endloop
 endfacet
 facet normal -0.000000e+00  0.000000e+00 -1.000000e+00
   outer loop
     vertex  3.940555e+01  1.492830e+01  0.000000e+00
     vertex  3.933916e+01  1.491108e+01  0.000000e+00
     vertex  1.657046e+01  1.879931e+01  0.000000e+00
   endloop
 endfacet
 facet normal -0.000000e+00  0.000000e+00 -1.000000e+00
   outer loop
     vertex  3.947240e+01  1.494369e+01  0.000000e+00
     vertex  3.940555e+01  1.492830e+01  0.000000e+00
     vertex  1.657046e+01  1.879931e+01  0.000000e+00
   endloop
 endfacet
 facet normal  0.000000e+00  0.000000e+00 -1.000000e+00
   outer loop
     vertex  3.947240e+01  1.494369e+01  0.000000e+00
     vertex  1.657046e+01  1.879931e+01  0.000000e+00
     vertex  1.639688e+01  1.890815e+01  0.000000e+00
   endloop
 endfacet
 facet normal -0.000000e+00  0.000000e+00 -1.000000e+00
   outer loop
     vertex  3.953963e+01  1.495725e+01  0.000000e+00
     vertex  3.947240e+01  1.494369e+01  0.000000e+00
     vertex  1.639688e+01  1.890815e+01  0.000000e+00
   endloop
 endfacet
 facet normal  0.000000e+00  0.000000e+00 -1.000000e+00
   outer loop
     vertex  3.953963e+01  1.495725e+01  0.000000e+00
     vertex  1.639688e+01  1.890815e+01  0.000000e+00
     vertex  1.622039e+01  1.901220e+01  0.000000e+00
   endloop
 endfacet
 facet normal  0.000000e+00  0.000000e+00 -1.000000e+00
   outer loop
     vertex  3.960722e+01  1.496895e+01  0.000000e+00
     vertex  1.622039e+01  1.901220e+01  0.000000e+00
     vertex  1.604112e+01  1.911139e+01  0.000000e+00
   endloop
 endfacet
 facet normal -0.000000e+00  0.000000e+00 -1.000000e+00
   outer loop
     vertex  3.960722e+01  1.496895e+01  0.000000e+00
     vertex  3.953963e+01  1.495725e+01  0.000000e+00
     vertex  1.622039e+01  1.901220e+01  0.000000e+00
   endloop
 endfacet
 facet normal -0.000000e+00  0.000000e+00 -1.000000e+00
   outer loop
     vertex  3.967510e+01  1.497880e+01  0.000000e+00
     vertex  3.960722e+01  1.496895e+01  0.000000e+00
     vertex  1.604112e+01  1.911139e+01  0.000000e+00
   endloop
 endfacet
 facet normal  0.000000e+00  0.000000e+00 -1.000000e+00
   outer loop
     vertex  3.967510e+01  1.497880e+01  0.000000e+00
     vertex  1.604112e+01  1.911139e+01  0.000000e+00
     vertex  1.585921e+01  1.920565e+01  0.000000e+00
   endloop
 endfacet
 facet normal  0.000000e+00  0.000000e+00 -1.000000e+00
   outer loop
     vertex  3.974323e+01  1.498678e+01  0.000000e+00
     vertex  1.585921e+01  1.920565e+01  0.000000e+00
     vertex  1.567479e+01  1.929490e+01  0.000000e+00
   endloop
 endfacet
 facet normal -0.000000e+00  0.000000e+00 -1.000000e+00
   outer loop
     vertex  3.974323e+01  1.498678e+01  0.000000e+00
     vertex  3.967510e+01  1.497880e+01  0.000000e+00
     vertex  1.585921e+01  1.920565e+01  0.000000e+00
   endloop
 endfacet
 facet normal  0.000000e+00  0.000000e+00 -1.000000e+00
   outer loop
     vertex  6.280385e+01  3.500000e+00  0.000000e+00
     vertex  1.529899e+01  5.541865e+00  0.000000e+00
     vertex  1.548801e+01  5.620915e+00  0.000000e+00
   endloop
 endfacet
 facet normal  0.000000e+00  0.000000e+00 -1.000000e+00
   outer loop
     vertex  6.280385e+01  3.500000e+00  0.000000e+00
     vertex  1.510789e+01  5.468007e+00  0.000000e+00
     vertex  1.529899e+01  5.541865e+00  0.000000e+00
   endloop
 endfacet
 facet normal  0.000000e+00  0.000000e+00 -1.000000e+00
   outer loop
     vertex  6.280385e+01  3.500000e+00  0.000000e+00
     vertex  1.491484e+01  5.399397e+00  0.000000e+00
     vertex  1.510789e+01  5.468007e+00  0.000000e+00
   endloop
 endfacet
 facet normal  0.000000e+00  0.000000e+00 -1.000000e+00
   outer loop
     vertex  6.280385e+01  3.500000e+00  0.000000e+00
     vertex  1.471998e+01  5.336086e+00  0.000000e+00
     vertex  1.491484e+01  5.399397e+00  0.000000e+00
   endloop
 endfacet
 facet normal  0.000000e+00  0.000000e+00 -1.000000e+00
   outer loop
     vertex  6.280385e+01  3.500000e+00  0.000000e+00
     vertex  1.452348e+01  5.278120e+00  0.000000e+00
     vertex  1.471998e+01  5.336086e+00  0.000000e+00
   endloop
 endfacet
 facet normal  0.000000e+00  0.000000e+00 -1.000000e+00
   outer loop
     vertex  6.280385e+01  3.500000e+00  0.000000e+00
     vertex  1.432546e+01  5.225544e+00  0.000000e+00
     vertex  1.452348e+01  5.278120e+00  0.000000e+00
   endloop
 endfacet
 facet normal  0.000000e+00  0.000000e+00 -1.000000e+00
   outer loop
     vertex  6.280385e+01  3.500000e+00  0.000000e+00
     vertex  3.988001e+01  1.000288e+01  0.000000e+00
     vertex  3.994856e+01  1.000053e+01  0.000000e+00
   endloop
 endfacet
 facet normal  0.000000e+00  0.000000e+00 -1.000000e+00
   outer loop
     vertex  6.280385e+01  3.500000e+00  0.000000e+00
     vertex  3.994856e+01  1.000053e+01  0.000000e+00
     vertex  4.001715e+01  1.000006e+01  0.000000e+00
   endloop
 endfacet
 facet normal  0.000000e+00  0.000000e+00 -1.000000e+00
   outer loop
     vertex  6.280385e+01  3.500000e+00  0.000000e+00
     vertex  4.001715e+01  1.000006e+01  0.000000e+00
     vertex  4.008573e+01  1.000147e+01  0.000000e+00
   endloop
 endfacet
 facet normal  0.000000e+00  0.000000e+00 -1.000000e+00
   outer loop
     vertex  6.280385e+01  3.500000e+00  0.000000e+00
     vertex  4.008573e+01  1.000147e+01  0.000000e+00
     vertex  4.015424e+01  1.000476e+01  0.000000e+00
   endloop
 endfacet
 facet normal  0.000000e+00  0.000000e+00 -1.000000e+00
   outer loop
     vertex  6.280385e+01  3.500000e+00  0.000000e+00
     vertex  4.015424e+01  1.000476e+01  0.000000e+00
     vertex  4.022263e+01  1.000993e+01  0.000000e+00
   endloop
 endfacet
 facet normal  0.000000e+00  0.000000e+00 -1.000000e+00
   outer loop
     vertex  6.280385e+01  3.500000e+00  0.000000e+00
     vertex  4.022263e+01  1.000993e+01  0.000000e+00
     vertex  4.029086e+01  1.001698e+01  0.000000e+00
   endloop
 endfacet
 facet normal  0.000000e+00  0.000000e+00 -1.000000e+00
   outer loop
     vertex  6.280385e+01  3.500000e+00  0.000000e+00
     vertex  4.029086e+01  1.001698e+01  0.000000e+00
     vertex  4.035887e+01  1.002589e+01  0.000000e+00
   endloop
 endfacet
 facet normal  0.000000e+00  0.000000e+00 -1.000000e+00
   outer loop
     vertex  6.280385e+01  3.500000e+00  0.000000e+00
     vertex  4.035887e+01  1.002589e+01  0.000000e+00
     vertex  4.042661e+01  1.003667e+01  0.000000e+00
   endloop
 endfacet
 facet normal  0.000000e+00  0.000000e+00 -1.000000e+00
   outer loop
     vertex  6.280385e+01  3.500000e+00  0.000000e+00
     vertex  4.042661e+01  1.003667e+01  0.000000e+00
     vertex  4.049403e+01  1.004930e+01  0.000000e+00
   endloop
 endfacet
 facet normal  0.000000e+00  0.000000e+00 -1.000000e+00
   outer loop
     vertex  6.280385e+01  3.500000e+00  0.000000e+00
     vertex  4.049403e+01  1.004930e+01  0.000000e+00
     vertex  4.056108e+01  1.006378e+01  0.000000e+00
   endloop
 endfacet
 facet normal  0.000000e+00  0.000000e+00 -1.000000e+00
   outer loop
     vertex  6.280385e+01  3.500000e+00  0.000000e+00
     vertex  4.056108e+01  1.006378e+01  0.000000e+00
     vertex  4.062770e+01  1.008008e+01  0.000000e+00
   endloop
 endfacet
 facet normal  0.000000e+00  0.000000e+00 -1.000000e+00
   outer loop
     vertex  6.280385e+01  3.500000e+00  0.000000e+00
     vertex  4.062770e+01  1.008008e+01  0.000000e+00
     vertex  4.069385e+01  1.009822e+01  0.000000e+00
   endloop
 endfacet
 facet normal  0.000000e+00  0.000000e+00 -1.000000e+00
   outer loop
     vertex  6.280385e+01  3.500000e+00  0.000000e+00
     vertex  4.069385e+01  1.009822e+01  0.000000e+00
     vertex  4.075948e+01  1.011816e+01  0.000000e+00
   endloop
 endfacet
 facet normal  0.000000e+00  0.000000e+00 -1.000000e+00
   outer loop
     vertex  6.280385e+01  3.500000e+00  0.000000e+00
     vertex  4.075948e+01  1.011816e+01  0.000000e+00
     vertex  4.082454e+01  1.013989e+01  0.000000e+00
   endloop
 endfacet
 facet normal  0.000000e+00  0.000000e+00 -1.000000e+00
   outer loop
     vertex  6.280385e+01  3.500000e+00  0.000000e+00
     vertex  4.082454e+01  1.013989e+01  0.000000e+00
     vertex  4.088898e+01  1.016340e+01  0.000000e+00
   endloop
 endfacet
 facet normal  0.000000e+00  0.000000e+00 -1.000000e+00
   outer loop
     vertex  6.280385e+01  3.500000e+00  0.000000e+00
     vertex  4.088898e+01  1.016340e+01  0.000000e+00
     vertex  4.095275e+01  1.018866e+01  0.000000e+00
   endloop
 endfacet
 facet normal  0.000000e+00  0.000000e+00 -1.000000e+00
   outer loop
     vertex  6.280385e+01  3.500000e+00  0.000000e+00
     vertex  4.095275e+01  1.018866e+01  0.000000e+00
     vertex  4.101580e+01  1.021567e+01  0.000000e+00
   endloop
 endfacet
 facet normal  0.000000e+00  0.000000e+00 -1.000000e+00
   outer loop
     vertex  6.280385e+01  3.500000e+00  0.000000e+00
     vertex  4.101580e+01  1.021567e+01  0.000000e+00
     vertex  4.107808e+01  1.024440e+01  0.000000e+00
   endloop
 endfacet
 facet normal  0.000000e+00  0.000000e+00 -1.000000e+00
   outer loop
     vertex  6.280385e+01  3.500000e+00  0.000000e+00
     vertex  4.107808e+01  1.024440e+01  0.000000e+00
     vertex  4.113956e+01  1.027482e+01  0.000000e+00
   endloop
 endfacet
 facet normal  0.000000e+00  0.000000e+00 -1.000000e+00
   outer loop
     vertex  6.280385e+01  3.500000e+00  0.000000e+00
     vertex  4.113956e+01  1.027482e+01  0.000000e+00
     vertex  4.120017e+01  1.030692e+01  0.000000e+00
   endloop
 endfacet
 facet normal  0.000000e+00  0.000000e+00 -1.000000e+00
   outer loop
     vertex  6.280385e+01  3.500000e+00  0.000000e+00
     vertex  4.120017e+01  1.030692e+01  0.000000e+00
     vertex  4.125989e+01  1.034068e+01  0.000000e+00
   endloop
 endfacet
 facet normal  0.000000e+00  0.000000e+00 -1.000000e+00
   outer loop
     vertex  6.280385e+01  3.500000e+00  0.000000e+00
     vertex  4.125989e+01  1.034068e+01  0.000000e+00
     vertex  4.131865e+01  1.037605e+01  0.000000e+00
   endloop
 endfacet
 facet normal  0.000000e+00  0.000000e+00 -1.000000e+00
   outer loop
     vertex  6.280385e+01  3.500000e+00  0.000000e+00
     vertex  4.131865e+01  1.037605e+01  0.000000e+00
     vertex  4.137642e+01  1.041303e+01  0.000000e+00
   endloop
 endfacet
 facet normal  0.000000e+00  0.000000e+00 -1.000000e+00
   outer loop
     vertex  6.280385e+01  3.500000e+00  0.000000e+00
     vertex  4.137642e+01  1.041303e+01  0.000000e+00
     vertex  4.143316e+01  1.045157e+01  0.000000e+00
   endloop
 endfacet
 facet normal  0.000000e+00  0.000000e+00 -1.000000e+00
   outer loop
     vertex  6.280385e+01  3.500000e+00  0.000000e+00
     vertex  4.143316e+01  1.045157e+01  0.000000e+00
     vertex  4.148882e+01  1.049166e+01  0.000000e+00
   endloop
 endfacet
 facet normal  0.000000e+00  0.000000e+00 -1.000000e+00
   outer loop
     vertex  6.280385e+01  3.500000e+00  0.000000e+00
     vertex  4.148882e+01  1.049166e+01  0.000000e+00
     vertex  4.154335e+01  1.053326e+01  0.000000e+00
   endloop
 endfacet
 facet normal  0.000000e+00  0.000000e+00 -1.000000e+00
   outer loop
     vertex  6.280385e+01  3.500000e+00  0.000000e+00
     vertex  4.154335e+01  1.053326e+01  0.000000e+00
     vertex  4.159673e+01  1.057634e+01  0.000000e+00
   endloop
 endfacet
 facet normal  0.000000e+00  0.000000e+00 -1.000000e+00
   outer loop
     vertex  6.280385e+01  3.500000e+00  0.000000e+00
     vertex  4.159673e+01  1.057634e+01  0.000000e+00
     vertex  4.164890e+01  1.062087e+01  0.000000e+00
   endloop
 endfacet
 facet normal  0.000000e+00  0.000000e+00 -1.000000e+00
   outer loop
     vertex  6.280385e+01  3.500000e+00  0.000000e+00
     vertex  4.164890e+01  1.062087e+01  0.000000e+00
     vertex  4.169983e+01  1.066681e+01  0.000000e+00
   endloop
 endfacet
 facet normal  0.000000e+00  0.000000e+00 -1.000000e+00
   outer loop
     vertex  6.280385e+01  3.500000e+00  0.000000e+00
     vertex  4.169983e+01  1.066681e+01  0.000000e+00
     vertex  4.174949e+01  1.071414e+01  0.000000e+00
   endloop
 endfacet
 facet normal  0.000000e+00  0.000000e+00 -1.000000e+00
   outer loop
     vertex  6.280385e+01  3.500000e+00  0.000000e+00
     vertex  4.174949e+01  1.071414e+01  0.000000e+00
     vertex  4.179782e+01  1.076281e+01  0.000000e+00
   endloop
 endfacet
 facet normal  0.000000e+00  0.000000e+00 -1.000000e+00
   outer loop
     vertex  6.280385e+01  3.500000e+00  0.000000e+00
     vertex  4.179782e+01  1.076281e+01  0.000000e+00
     vertex  4.184480e+01  1.081278e+01  0.000000e+00
   endloop
 endfacet
 facet normal -0.000000e+00  0.000000e+00 -1.000000e+00
   outer loop
     vertex  6.280385e+01  3.500000e+00  0.000000e+00
     vertex  0.000000e+00  0.000000e+00  0.000000e+00
     vertex  1.432546e+01  5.225544e+00  0.000000e+00
   endloop
 endfacet
 facet normal  0.000000e+00  0.000000e+00 -1.000000e+00
   outer loop
     vertex  6.280385e+01  3.500000e+00  0.000000e+00
     vertex  1.548801e+01  5.620915e+00  0.000000e+00
     vertex  3.988001e+01  1.000288e+01  0.000000e+00
   endloop
 endfacet
 facet normal  0.000000e+00 -0.000000e+00 -1.000000e+00
   outer loop
     vertex  5.760770e+01  1.250000e+01  0.000000e+00
     vertex  6.280385e+01  3.500000e+00  0.000000e+00
     vertex  4.184480e+01  1.081278e+01  0.000000e+00
   endloop
 endfacet
 facet normal  0.000000e+00  0.000000e+00 -1.000000e+00
   outer loop
     vertex  5.760770e+01  1.250000e+01  0.000000e+00
     vertex  4.184480e+01  1.081278e+01  0.000000e+00
     vertex  4.189039e+01  1.086403e+01  0.000000e+00
   endloop
 endfacet
 facet normal -0.000000e+00  0.000000e+00 -1.000000e+00
   outer loop
     vertex  5.760770e+01  1.250000e+01  0.000000e+00
     vertex  4.250000e+01  1.250000e+01  0.000000e+00
     vertex  4.249906e+01  1.256859e+01  0.000000e+00
   endloop
 endfacet
 facet normal  0.000000e+00  0.000000e+00 -1.000000e+00
   outer loop
     vertex  5.760770e+01  1.250000e+01  0.000000e+00
     vertex  4.189039e+01  1.086403e+01  0.000000e+00
     vertex  4.193456e+01  1.091650e+01  0.000000e+00
   endloop
 endfacet
 facet normal  0.000000e+00  0.000000e+00 -1.000000e+00
   outer loop
     vertex  5.760770e+01  1.250000e+01  0.000000e+00
     vertex  4.249906e+01  1.256859e+01  0.000000e+00
     vertex  4.249624e+01  1.263712e+01  0.000000e+00
   endloop
 endfacet
 facet normal  0.000000e+00  0.000000e+00 -1.000000e+00
   outer loop
     vertex  5.760770e+01  1.250000e+01  0.000000e+00
     vertex  4.193456e+01  1.091650e+01  0.000000e+00
     vertex  4.197728e+01  1.097017e+01  0.000000e+00
   endloop
 endfacet
 facet normal  0.000000e+00  0.000000e+00 -1.000000e+00
   outer loop
     vertex  5.760770e+01  1.250000e+01  0.000000e+00
     vertex  4.249624e+01  1.263712e+01  0.000000e+00
     vertex  4.249154e+01  1.270555e+01  0.000000e+00
   endloop
 endfacet
 facet normal  0.000000e+00  0.000000e+00 -1.000000e+00
   outer loop
     vertex  5.760770e+01  1.250000e+01  0.000000e+00
     vertex  4.197728e+01  1.097017e+01  0.000000e+00
     vertex  4.201850e+01  1.102499e+01  0.000000e+00
   endloop
 endfacet
 facet normal  0.000000e+00  0.000000e+00 -1.000000e+00
   outer loop
     vertex  5.760770e+01  1.250000e+01  0.000000e+00
     vertex  4.249154e+01  1.270555e+01  0.000000e+00
     vertex  4.248496e+01  1.277382e+01  0.000000e+00
   endloop
 endfacet
 facet normal  0.000000e+00  0.000000e+00 -1.000000e+00
   outer loop
     vertex  5.760770e+01  1.250000e+01  0.000000e+00
     vertex  4.201850e+01  1.102499e+01  0.000000e+00
     vertex  4.205821e+01  1.108092e+01  0.000000e+00
   endloop
 endfacet
 facet normal  0.000000e+00  0.000000e+00 -1.000000e+00
   outer loop
     vertex  5.760770e+01  1.250000e+01  0.000000e+00
     vertex  4.248496e+01  1.277382e+01  0.000000e+00
     vertex  4.247651e+01  1.284189e+01  0.000000e+00
   endloop
 endfacet
 facet normal  0.000000e+00  0.000000e+00 -1.000000e+00
   outer loop
     vertex  5.760770e+01  1.250000e+01  0.000000e+00
     vertex  4.205821e+01  1.108092e+01  0.000000e+00
     vertex  4.209637e+01  1.113792e+01  0.000000e+00
   endloop
 endfacet
 facet normal  0.000000e+00  0.000000e+00 -1.000000e+00
   outer loop
     vertex  5.760770e+01  1.250000e+01  0.000000e+00
     vertex  4.247651e+01  1.284189e+01  0.000000e+00
     vertex  4.246620e+01  1.290971e+01  0.000000e+00
   endloop
 endfacet
 facet normal  0.000000e+00  0.000000e+00 -1.000000e+00
   outer loop
     vertex  5.760770e+01  1.250000e+01  0.000000e+00
     vertex  4.209637e+01  1.113792e+01  0.000000e+00
     vertex  4.213294e+01  1.119595e+01  0.000000e+00
   endloop
 endfacet
 facet normal  0.000000e+00  0.000000e+00 -1.000000e+00
   outer loop
     vertex  5.760770e+01  1.250000e+01  0.000000e+00
     vertex  4.246620e+01  1.290971e+01  0.000000e+00
     vertex  4.245403e+01  1.297721e+01  0.000000e+00
   endloop
 endfacet
 facet normal  0.000000e+00  0.000000e+00 -1.000000e+00
   outer loop
     vertex  5.760770e+01  1.250000e+01  0.000000e+00
     vertex  4.213294e+01  1.119595e+01  0.000000e+00
     vertex  4.216792e+01  1.125495e+01  0.000000e+00
   endloop
 endfacet
 facet normal  0.000000e+00  0.000000e+00 -1.000000e+00
   outer loop
     vertex  5.760770e+01  1.250000e+01  0.000000e+00
     vertex  4.245403e+01  1.297721e+01  0.000000e+00
     vertex  4.244002e+01  1.304435e+01  0.000000e+00
   endloop
 endfacet
 facet normal  0.000000e+00  0.000000e+00 -1.000000e+00
   outer loop
     vertex  5.760770e+01  1.250000e+01  0.000000e+00
     vertex  4.216792e+01  1.125495e+01  0.000000e+00
     vertex  4.220126e+01  1.131490e+01  0.000000e+00
   endloop
 endfacet
 facet normal  0.000000e+00  0.000000e+00 -1.000000e+00
   outer loop
     vertex  5.760770e+01  1.250000e+01  0.000000e+00
     vertex  4.244002e+01  1.304435e+01  0.000000e+00
     vertex  4.242416e+01  1.311109e+01  0.000000e+00
   endloop
 endfacet
 facet normal  0.000000e+00  0.000000e+00 -1.000000e+00
   outer loop
     vertex  5.760770e+01  1.250000e+01  0.000000e+00
     vertex  4.220126e+01  1.131490e+01  0.000000e+00
     vertex  4.223294e+01  1.137573e+01  0.000000e+00
   endloop
 endfacet
 facet normal  0.000000e+00  0.000000e+00 -1.000000e+00
   outer loop
     vertex  5.760770e+01  1.250000e+01  0.000000e+00
     vertex  4.242416e+01  1.311109e+01  0.000000e+00
     vertex  4.240649e+01  1.317736e+01  0.000000e+00
   endloop
 endfacet
 facet normal  0.000000e+00  0.000000e+00 -1.000000e+00
   outer loop
     vertex  5.760770e+01  1.250000e+01  0.000000e+00
     vertex  4.223294e+01  1.137573e+01  0.000000e+00
     vertex  4.226294e+01  1.143741e+01  0.000000e+00
   endloop
 endfacet
 facet normal  0.000000e+00  0.000000e+00 -1.000000e+00
   outer loop
     vertex  5.760770e+01  1.250000e+01  0.000000e+00
     vertex  4.240649e+01  1.317736e+01  0.000000e+00
     vertex  4.238700e+01  1.324313e+01  0.000000e+00
   endloop
 endfacet
 facet normal  0.000000e+00  0.000000e+00 -1.000000e+00
   outer loop
     vertex  5.760770e+01  1.250000e+01  0.000000e+00
     vertex  4.226294e+01  1.143741e+01  0.000000e+00
     vertex  4.229124e+01  1.149990e+01  0.000000e+00
   endloop
 endfacet
 facet normal  0.000000e+00  0.000000e+00 -1.000000e+00
   outer loop
     vertex  5.760770e+01  1.250000e+01  0.000000e+00
     vertex  4.238700e+01  1.324313e+01  0.000000e+00
     vertex  4.236571e+01  1.330833e+01  0.000000e+00
   endloop
 endfacet
 facet normal  0.000000e+00  0.000000e+00 -1.000000e+00
   outer loop
     vertex  5.760770e+01  1.250000e+01  0.000000e+00
     vertex  4.229124e+01  1.149990e+01  0.000000e+00
     vertex  4.231782e+01  1.156313e+01  0.000000e+00
   endloop
 endfacet
 facet normal  0.000000e+00  0.000000e+00 -1.000000e+00
   outer loop
     vertex  5.760770e+01  1.250000e+01  0.000000e+00
     vertex  4.236571e+01  1.330833e+01  0.000000e+00
     vertex  4.234265e+01  1.337293e+01  0.000000e+00
   endloop
 endfacet
 facet normal  0.000000e+00  0.000000e+00 -1.000000e+00
   outer loop
     vertex  5.760770e+01  1.250000e+01  0.000000e+00
     vertex  4.231782e+01  1.156313e+01  0.000000e+00
     vertex  4.234265e+01  1.162707e+01  0.000000e+00
   endloop
 endfacet
 facet normal  0.000000e+00  0.000000e+00 -1.000000e+00
   outer loop
     vertex  5.760770e+01  1.250000e+01  0.000000e+00
     vertex  4.234265e+01  1.337293e+01  0.000000e+00
     vertex  4.231782e+01  1.343687e+01  0.000000e+00
   endloop
 endfacet
 facet normal  0.000000e+00  0.000000e+00 -1.000000e+00
   outer loop
     vertex  5.760770e+01  1.250000e+01  0.000000e+00
     vertex  4.234265e+01  1.162707e+01  0.000000e+00
     vertex  4.236571e+01  1.169167e+01  0.000000e+00
   endloop
 endfacet
 facet normal  0.000000e+00  0.000000e+00 -1.000000e+00
   outer loop
     vertex  5.760770e+01  1.250000e+01  0.000000e+00
     vertex  4.231782e+01  1.343687e+01  0.000000e+00
     vertex  4.229124e+01  1.350010e+01  0.000000e+00
   endloop
 endfacet
 facet normal  0.000000e+00  0.000000e+00 -1.000000e+00
   outer loop
     vertex  5.760770e+01  1.250000e+01  0.000000e+00
     vertex  4.236571e+01  1.169167e+01  0.000000e+00
     vertex  4.238700e+01  1.175687e+01  0.000000e+00
   endloop
 endfacet
 facet normal  0.000000e+00  0.000000e+00 -1.000000e+00
   outer loop
     vertex  5.760770e+01  1.250000e+01  0.000000e+00
     vertex  4.229124e+01  1.350010e+01  0.000000e+00
     vertex  4.226294e+01  1.356259e+01  0.000000e+00
   endloop
 endfacet
 facet normal  0.000000e+00  0.000000e+00 -1.000000e+00
   outer loop
     vertex  5.760770e+01  1.250000e+01  0.000000e+00
     vertex  4.238700e+01  1.175687e+01  0.000000e+00
     vertex  4.240649e+01  1.182264e+01  0.000000e+00
   endloop
 endfacet
 facet normal  0.000000e+00  0.000000e+00 -1.000000e+00
   outer loop
     vertex  5.760770e+01  1.250000e+01  0.000000e+00
     vertex  4.226294e+01  1.356259e+01  0.000000e+00
     vertex  4.223294e+01  1.362427e+01  0.000000e+00
   endloop
 endfacet
 facet normal  0.000000e+00  0.000000e+00 -1.000000e+00
   outer loop
     vertex  5.760770e+01  1.250000e+01  0.000000e+00
     vertex  4.240649e+01  1.182264e+01  0.000000e+00
     vertex  4.242416e+01  1.188891e+01  0.000000e+00
   endloop
 endfacet
 facet normal  0.000000e+00  0.000000e+00 -1.000000e+00
   outer loop
     vertex  5.760770e+01  1.250000e+01  0.000000e+00
     vertex  4.223294e+01  1.362427e+01  0.000000e+00
     vertex  4.220126e+01  1.368510e+01  0.000000e+00
   endloop
 endfacet
 facet normal  0.000000e+00  0.000000e+00 -1.000000e+00
   outer loop
     vertex  5.760770e+01  1.250000e+01  0.000000e+00
     vertex  4.242416e+01  1.188891e+01  0.000000e+00
     vertex  4.244002e+01  1.195565e+01  0.000000e+00
   endloop
 endfacet
 facet normal  0.000000e+00  0.000000e+00 -1.000000e+00
   outer loop
     vertex  5.760770e+01  1.250000e+01  0.000000e+00
     vertex  4.220126e+01  1.368510e+01  0.000000e+00
     vertex  4.216792e+01  1.374505e+01  0.000000e+00
   endloop
 endfacet
 facet normal  0.000000e+00  0.000000e+00 -1.000000e+00
   outer loop
     vertex  5.760770e+01  1.250000e+01  0.000000e+00
     vertex  4.244002e+01  1.195565e+01  0.000000e+00
     vertex  4.245403e+01  1.202279e+01  0.000000e+00
   endloop
 endfacet
 facet normal  0.000000e+00  0.000000e+00 -1.000000e+00
   outer loop
     vertex  5.760770e+01  1.250000e+01  0.000000e+00
     vertex  4.216792e+01  1.374505e+01  0.000000e+00
     vertex  4.213294e+01  1.380405e+01  0.000000e+00
   endloop
 endfacet
 facet normal  0.000000e+00  0.000000e+00 -1.000000e+00
   outer loop
     vertex  5.760770e+01  1.250000e+01  0.000000e+00
     vertex  4.245403e+01  1.202279e+01  0.000000e+00
     vertex  4.246620e+01  1.209029e+01  0.000000e+00
   endloop
 endfacet
 facet normal  0.000000e+00  0.000000e+00 -1.000000e+00
   outer loop
     vertex  5.760770e+01  1.250000e+01  0.000000e+00
     vertex  4.213294e+01  1.380405e+01  0.000000e+00
     vertex  4.209637e+01  1.386208e+01  0.000000e+00
   endloop
 endfacet
 facet normal  0.000000e+00  0.000000e+00 -1.000000e+00
   outer loop
     vertex  5.760770e+01  1.250000e+01  0.000000e+00
     vertex  4.246620e+01  1.209029e+01  0.000000e+00
     vertex  4.247651e+01  1.215811e+01  0.000000e+00
   endloop
 endfacet
 facet normal  0.000000e+00  0.000000e+00 -1.000000e+00
   outer loop
     vertex  5.760770e+01  1.250000e+01  0.000000e+00
     vertex  4.209637e+01  1.386208e+01  0.000000e+00
     vertex  4.205821e+01  1.391908e+01  0.000000e+00
   endloop
 endfacet
 facet normal  0.000000e+00  0.000000e+00 -1.000000e+00
   outer loop
     vertex  5.760770e+01  1.250000e+01  0.000000e+00
     vertex  4.247651e+01  1.215811e+01  0.000000e+00
     vertex  4.248496e+01  1.222618e+01  0.000000e+00
   endloop
 endfacet
 facet normal  0.000000e+00  0.000000e+00 -1.000000e+00
   outer loop
     vertex  5.760770e+01  1.250000e+01  0.000000e+00
     vertex  4.205821e+01  1.391908e+01  0.000000e+00
     vertex  4.201850e+01  1.397501e+01  0.000000e+00
   endloop
 endfacet
 facet normal  0.000000e+00  0.000000e+00 -1.000000e+00
   outer loop
     vertex  5.760770e+01  1.250000e+01  0.000000e+00
     vertex  4.248496e+01  1.222618e+01  0.000000e+00
     vertex  4.249154e+01  1.229445e+01  0.000000e+00
   endloop
 endfacet
 facet normal  0.000000e+00  0.000000e+00 -1.000000e+00
   outer loop
     vertex  5.760770e+01  1.250000e+01  0.000000e+00
     vertex  4.201850e+01  1.397501e+01  0.000000e+00
     vertex  4.197728e+01  1.402983e+01  0.000000e+00
   endloop
 endfacet
 facet normal  0.000000e+00  0.000000e+00 -1.000000e+00
   outer loop
     vertex  5.760770e+01  1.250000e+01  0.000000e+00
     vertex  4.249154e+01  1.229445e+01  0.000000e+00
     vertex  4.249624e+01  1.236288e+01  0.000000e+00
   endloop
 endfacet
 facet normal  0.000000e+00  0.000000e+00 -1.000000e+00
   outer loop
     vertex  5.760770e+01  1.250000e+01  0.000000e+00
     vertex  4.197728e+01  1.402983e+01  0.000000e+00
     vertex  4.193456e+01  1.408350e+01  0.000000e+00
   endloop
 endfacet
 facet normal  0.000000e+00  0.000000e+00 -1.000000e+00
   outer loop
     vertex  5.760770e+01  1.250000e+01  0.000000e+00
     vertex  4.249624e+01  1.236288e+01  0.000000e+00
     vertex  4.249906e+01  1.243141e+01  0.000000e+00
   endloop
 endfacet
 facet normal  0.000000e+00  0.000000e+00 -1.000000e+00
   outer loop
     vertex  5.760770e+01  1.250000e+01  0.000000e+00
     vertex  4.193456e+01  1.408350e+01  0.000000e+00
     vertex  4.189039e+01  1.413597e+01  0.000000e+00
   endloop
 endfacet
 facet normal  0.000000e+00  0.000000e+00 -1.000000e+00
   outer loop
     vertex  5.760770e+01  1.250000e+01  0.000000e+00
     vertex  4.249906e+01  1.243141e+01  0.000000e+00
     vertex  4.250000e+01  1.250000e+01  0.000000e+00
   endloop
 endfacet
 facet normal  0.000000e+00  0.000000e+00 -1.000000e+00
   outer loop
     vertex  5.760770e+01  1.250000e+01  0.000000e+00
     vertex  4.189039e+01  1.413597e+01  0.000000e+00
     vertex  4.184480e+01  1.418722e+01  0.000000e+00
   endloop
 endfacet
 facet normal  0.000000e+00  0.000000e+00 -1.000000e+00
   outer loop
     vertex  8.000000e+01  0.000000e+00  0.000000e+00
     vertex  6.280385e+01  3.500000e+00  0.000000e+00
     vertex  7.319615e+01  3.500000e+00  0.000000e+00
   endloop
 endfacet
 facet normal  0.000000e+00  0.000000e+00 -1.000000e+00
   outer loop
     vertex  8.000000e+01  0.000000e+00  0.000000e+00
     vertex  0.000000e+00  0.000000e+00  0.000000e+00
     vertex  6.280385e+01  3.500000e+00  0.000000e+00
   endloop
 endfacet
 facet normal  0.000000e+00  0.000000e+00 -1.000000e+00
   outer loop
     vertex  6.280385e+01  2.150000e+01  0.000000e+00
     vertex  5.760770e+01  1.250000e+01  0.000000e+00
     vertex  4.184480e+01  1.418722e+01  0.000000e+00
   endloop
 endfacet
 facet normal  0.000000e+00  0.000000e+00 -1.000000e+00
   outer loop
     vertex  6.280385e+01  2.150000e+01  0.000000e+00
     vertex  4.184480e+01  1.418722e+01  0.000000e+00
     vertex  4.179782e+01  1.423719e+01  0.000000e+00
   endloop
 endfacet
 facet normal  0.000000e+00  0.000000e+00 -1.000000e+00
   outer loop
     vertex  6.280385e+01  2.150000e+01  0.000000e+00
     vertex  4.179782e+01  1.423719e+01  0.000000e+00
     vertex  4.174949e+01  1.428586e+01  0.000000e+00
   endloop
 endfacet
 facet normal  0.000000e+00  0.000000e+00 -1.000000e+00
   outer loop
     vertex  6.280385e+01  2.150000e+01  0.000000e+00
     vertex  4.174949e+01  1.428586e+01  0.000000e+00
     vertex  4.169983e+01  1.433319e+01  0.000000e+00
   endloop
 endfacet
 facet normal  0.000000e+00  0.000000e+00 -1.000000e+00
   outer loop
     vertex  6.280385e+01  2.150000e+01  0.000000e+00
     vertex  4.169983e+01  1.433319e+01  0.000000e+00
     vertex  4.164890e+01  1.437913e+01  0.000000e+00
   endloop
 endfacet
 facet normal  0.000000e+00  0.000000e+00 -1.000000e+00
   outer loop
     vertex  6.280385e+01  2.150000e+01  0.000000e+00
     vertex  4.164890e+01  1.437913e+01  0.000000e+00
     vertex  4.159673e+01  1.442366e+01  0.000000e+00
   endloop
 endfacet
 facet normal  0.000000e+00  0.000000e+00 -1.000000e+00
   outer loop
     vertex  6.280385e+01  2.150000e+01  0.000000e+00
     vertex  4.159673e+01  1.442366e+01  0.000000e+00
     vertex  4.154335e+01  1.446674e+01  0.000000e+00
   endloop
 endfacet
 facet normal  0.000000e+00  0.000000e+00 -1.000000e+00
   outer loop
     vertex  6.280385e+01  2.150000e+01  0.000000e+00
     vertex  4.154335e+01  1.446674e+01  0.000000e+00
     vertex  4.148882e+01  1.450834e+01  0.000000e+00
   endloop
 endfacet
 facet normal  0.000000e+00  0.000000e+00 -1.000000e+00
   outer loop
     vertex  6.280385e+01  2.150000e+01  0.000000e+00
     vertex  4.148882e+01  1.450834e+01  0.000000e+00
     vertex  4.143316e+01  1.454843e+01  0.000000e+00
   endloop
 endfacet
 facet normal  0.000000e+00  0.000000e+00 -1.000000e+00
   outer loop
     vertex  6.280385e+01  2.150000e+01  0.000000e+00
     vertex  4.143316e+01  1.454843e+01  0.000000e+00
     vertex  4.137642e+01  1.458697e+01  0.000000e+00
   endloop
 endfacet
 facet normal  0.000000e+00  0.000000e+00 -1.000000e+00
   outer loop
     vertex  6.280385e+01  2.150000e+01  0.000000e+00
     vertex  4.137642e+01  1.458697e+01  0.000000e+00
     vertex  4.131865e+01  1.462395e+01  0.000000e+00
   endloop
 endfacet
 facet normal  0.000000e+00  0.000000e+00 -1.000000e+00
   outer loop
     vertex  6.280385e+01  2.150000e+01  0.000000e+00
     vertex  4.131865e+01  1.462395e+01  0.000000e+00
     vertex  4.125989e+01  1.465932e+01  0.000000e+00
   endloop
 endfacet
 facet normal  0.000000e+00  0.000000e+00 -1.000000e+00
   outer loop
     vertex  6.280385e+01  2.150000e+01  0.000000e+00
     vertex  4.125989e+01  1.465932e+01  0.000000e+00
     vertex  4.120017e+01  1.469308e+01  0.000000e+00
   endloop
 endfacet
 facet normal  0.000000e+00  0.000000e+00 -1.000000e+00
   outer loop
     vertex  6.280385e+01  2.150000e+01  0.000000e+00
     vertex  4.120017e+01  1.469308e+01  0.000000e+00
     vertex  4.113956e+01  1.472518e+01  0.000000e+00
   endloop
 endfacet
 facet normal  0.000000e+00  0.000000e+00 -1.000000e+00
   outer loop
     vertex  6.280385e+01  2.150000e+01  0.000000e+00
     vertex  4.113956e+01  1.472518e+01  0.000000e+00
     vertex  4.107808e+01  1.475560e+01  0.000000e+00
   endloop
 endfacet
 facet normal  0.000000e+00  0.000000e+00 -1.000000e+00
   outer loop
     vertex  6.280385e+01  2.150000e+01  0.000000e+00
     vertex  4.107808e+01  1.475560e+01  0.000000e+00
     vertex  4.101580e+01  1.478433e+01  0.000000e+00
   endloop
 endfacet
 facet normal  0.000000e+00  0.000000e+00 -1.000000e+00
   outer loop
     vertex  6.280385e+01  2.150000e+01  0.000000e+00
     vertex  4.101580e+01  1.478433e+01  0.000000e+00
     vertex  4.095275e+01  1.481134e+01  0.000000e+00
   endloop
 endfacet
 facet normal  0.000000e+00  0.000000e+00 -1.000000e+00
   outer loop
     vertex  6.280385e+01  2.150000e+01  0.000000e+00
     vertex  4.095275e+01  1.481134e+01  0.000000e+00
     vertex  4.088898e+01  1.483660e+01  0.000000e+00
   endloop
 endfacet
 facet normal  0.000000e+00  0.000000e+00 -1.000000e+00
   outer loop
     vertex  6.280385e+01  2.150000e+01  0.000000e+00
     vertex  4.088898e+01  1.483660e+01  0.000000e+00
     vertex  4.082454e+01  1.486011e+01  0.000000e+00
   endloop
 endfacet
 facet normal  0.000000e+00  0.000000e+00 -1.000000e+00
   outer loop
     vertex  6.280385e+01  2.150000e+01  0.000000e+00
     vertex  4.082454e+01  1.486011e+01  0.000000e+00
     vertex  4.075948e+01  1.488184e+01  0.000000e+00
   endloop
 endfacet
 facet normal  0.000000e+00  0.000000e+00 -1.000000e+00
   outer loop
     vertex  6.280385e+01  2.150000e+01  0.000000e+00
     vertex  4.075948e+01  1.488184e+01  0.000000e+00
     vertex  4.069385e+01  1.490178e+01  0.000000e+00
   endloop
 endfacet
 facet normal  0.000000e+00  0.000000e+00 -1.000000e+00
   outer loop
     vertex  6.280385e+01  2.150000e+01  0.000000e+00
     vertex  4.069385e+01  1.490178e+01  0.000000e+00
     vertex  4.062770e+01  1.491992e+01  0.000000e+00
   endloop
 endfacet
 facet normal  0.000000e+00  0.000000e+00 -1.000000e+00
   outer loop
     vertex  6.280385e+01  2.150000e+01  0.000000e+00
     vertex  4.062770e+01  1.491992e+01  0.000000e+00
     vertex  4.056108e+01  1.493622e+01  0.000000e+00
   endloop
 endfacet
 facet normal  0.000000e+00  0.000000e+00 -1.000000e+00
   outer loop
     vertex  6.280385e+01  2.150000e+01  0.000000e+00
     vertex  4.056108e+01  1.493622e+01  0.000000e+00
     vertex  4.049403e+01  1.495070e+01  0.000000e+00
   endloop
 endfacet
 facet normal  0.000000e+00  0.000000e+00 -1.000000e+00
   outer loop
     vertex  6.280385e+01  2.150000e+01  0.000000e+00
     vertex  4.049403e+01  1.495070e+01  0.000000e+00
     vertex  4.042661e+01  1.496333e+01  0.000000e+00
   endloop
 endfacet
 facet normal  0.000000e+00  0.000000e+00 -1.000000e+00
   outer loop
     vertex  6.280385e+01  2.150000e+01  0.000000e+00
     vertex  4.042661e+01  1.496333e+01  0.000000e+00
     vertex  4.035887e+01  1.497411e+01  0.000000e+00
   endloop
 endfacet
 facet normal  0.000000e+00  0.000000e+00 -1.000000e+00
   outer loop
     vertex  6.280385e+01  2.150000e+01  0.000000e+00
     vertex  4.035887e+01  1.497411e+01  0.000000e+00
     vertex  4.029086e+01  1.498302e+01  0.000000e+00
   endloop
 endfacet
 facet normal  0.000000e+00  0.000000e+00 -1.000000e+00
   outer loop
     vertex  6.280385e+01  2.150000e+01  0.000000e+00
     vertex  4.029086e+01  1.498302e+01  0.000000e+00
     vertex  4.022263e+01  1.499007e+01  0.000000e+00
   endloop
 endfacet
 facet normal  0.000000e+00  0.000000e+00 -1.000000e+00
   outer loop
     vertex  6.280385e+01  2.150000e+01  0.000000e+00
     vertex  4.022263e+01  1.499007e+01  0.000000e+00
     vertex  4.015424e+01  1.499524e+01  0.000000e+00
   endloop
 endfacet
 facet normal  0.000000e+00  0.000000e+00 -1.000000e+00
   outer loop
     vertex  6.280385e+01  2.150000e+01  0.000000e+00
     vertex  4.015424e+01  1.499524e+01  0.000000e+00
     vertex  4.008573e+01  1.499853e+01  0.000000e+00
   endloop
 endfacet
 facet normal  0.000000e+00  0.000000e+00 -1.000000e+00
   outer loop
     vertex  6.280385e+01  2.150000e+01  0.000000e+00
     vertex  4.008573e+01  1.499853e+01  0.000000e+00
     vertex  4.001715e+01  1.499994e+01  0.000000e+00
   endloop
 endfacet
 facet normal  0.000000e+00  0.000000e+00 -1.000000e+00
   outer loop
     vertex  6.280385e+01  2.150000e+01  0.000000e+00
     vertex  4.001715e+01  1.499994e+01  0.000000e+00
     vertex  3.994856e+01  1.499947e+01  0.000000e+00
   endloop
 endfacet
 facet normal  0.000000e+00 -0.000000e+00 -1.000000e+00
   outer loop
     vertex  7.839230e+01  1.250000e+01  0.000000e+00
     vertex  8.000000e+01  0.000000e+00  0.000000e+00
     vertex  7.319615e+01  3.500000e+00  0.000000e+00
   endloop
 endfacet
 facet normal  0.000000e+00  0.000000e+00 -1.000000e+00
   outer loop
     vertex  8.000000e+01  2.500000e+01  0.000000e+00
     vertex  7.319615e+01  2.150000e+01  0.000000e+00
     vertex  6.280385e+01  2.150000e+01  0.000000e+00
   endloop
 endfacet
 facet normal  0.000000e+00  0.000000e+00 -1.000000e+00
   outer loop
     vertex  8.000000e+01  2.500000e+01  0.000000e+00
     vertex  7.839230e+01  1.250000e+01  0.000000e+00
     vertex  7.319615e+01  2.150000e+01  0.000000e+00
   endloop
 endfacet
 facet normal  0.000000e+00 -0.000000e+00 -1.000000e+00
   outer loop
     vertex  8.000000e+01  2.500000e+01  0.000000e+00
     vertex  8.000000e+01  0.000000e+00  0.000000e+00
     vertex  7.839230e+01  1.250000e+01  0.000000e+00
   endloop
 endfacet
 facet normal -0.000000e+00  0.000000e+00 -1.000000e+00
   outer loop
     vertex  8.000000e+01  2.500000e+01  0.000000e+00
     vertex  6.280385e+01  2.150000e+01  0.000000e+00
     vertex  0.000000e+00  2.500000e+01  0.000000e+00
   endloop
 endfacet
 facet normal -0.000000e+00  0.000000e+00 -1.000000e+00
   outer loop
     vertex  6.280385e+01  2.150000e+01  0.000000e+00
     vertex  1.392548e+01  1.986329e+01  0.000000e+00
     vertex  0.000000e+00  2.500000e+01  0.000000e+00
   endloop
 endfacet
 facet normal  0.000000e+00  0.000000e+00 -1.000000e+00
   outer loop
     vertex  6.280385e+01  2.150000e+01  0.000000e+00
     vertex  1.412608e+01  1.982160e+01  0.000000e+00
     vertex  1.392548e+01  1.986329e+01  0.000000e+00
   endloop
 endfacet
 facet normal  0.000000e+00  0.000000e+00 -1.000000e+00
   outer loop
     vertex  6.280385e+01  2.150000e+01  0.000000e+00
     vertex  1.432546e+01  1.977446e+01  0.000000e+00
     vertex  1.412608e+01  1.982160e+01  0.000000e+00
   endloop
 endfacet
 facet normal  0.000000e+00  0.000000e+00 -1.000000e+00
   outer loop
     vertex  6.280385e+01  2.150000e+01  0.000000e+00
     vertex  1.452348e+01  1.972188e+01  0.000000e+00
     vertex  1.432546e+01  1.977446e+01  0.000000e+00
   endloop
 endfacet
 facet normal  0.000000e+00  0.000000e+00 -1.000000e+00
   outer loop
     vertex  6.280385e+01  2.150000e+01  0.000000e+00
     vertex  1.471998e+01  1.966391e+01  0.000000e+00
     vertex  1.452348e+01  1.972188e+01  0.000000e+00
   endloop
 endfacet
 facet normal  0.000000e+00  0.000000e+00 -1.000000e+00
   outer loop
     vertex  6.280385e+01  2.150000e+01  0.000000e+00
     vertex  1.491484e+01  1.960060e+01  0.000000e+00
     vertex  1.471998e+01  1.966391e+01  0.000000e+00
   endloop
 endfacet
 facet normal  0.000000e+00  0.000000e+00 -1.000000e+00
   outer loop
     vertex  6.280385e+01  2.150000e+01  0.000000e+00
     vertex  1.510789e+01  1.953199e+01  0.000000e+00
     vertex  1.491484e+01  1.960060e+01  0.000000e+00
   endloop
 endfacet
 facet normal  0.000000e+00  0.000000e+00 -1.000000e+00
   outer loop
     vertex  6.280385e+01  2.150000e+01  0.000000e+00
     vertex  1.529899e+01  1.945813e+01  0.000000e+00
     vertex  1.510789e+01  1.953199e+01  0.000000e+00
   endloop
 endfacet
 facet normal  0.000000e+00  0.000000e+00 -1.000000e+00
   outer loop
     vertex  6.280385e+01  2.150000e+01  0.000000e+00
     vertex  1.548801e+01  1.937908e+01  0.000000e+00
     vertex  1.529899e+01  1.945813e+01  0.000000e+00
   endloop
 endfacet
 facet normal  0.000000e+00  0.000000e+00 -1.000000e+00
   outer loop
     vertex  6.280385e+01  2.150000e+01  0.000000e+00
     vertex  1.567479e+01  1.929490e+01  0.000000e+00
     vertex  1.548801e+01  1.937908e+01  0.000000e+00
   endloop
 endfacet
 facet normal  0.000000e+00  0.000000e+00 -1.000000e+00
   outer loop
     vertex  6.280385e+01  2.150000e+01  0.000000e+00
     vertex  3.988001e+01  1.499712e+01  0.000000e+00
     vertex  1.567479e+01  1.929490e+01  0.000000e+00
   endloop
 endfacet
 facet normal -0.000000e+00  0.000000e+00 -1.000000e+00
   outer loop
     vertex  3.988001e+01  1.499712e+01  0.000000e+00
     vertex  3.981155e+01  1.499289e+01  0.000000e+00
     vertex  1.567479e+01  1.929490e+01  0.000000e+00
   endloop
 endfacet
 facet normal -0.000000e+00  0.000000e+00 -1.000000e+00
   outer loop
     vertex  3.981155e+01  1.499289e+01  0.000000e+00
     vertex  3.974323e+01  1.498678e+01  0.000000e+00
     vertex  1.567479e+01  1.929490e+01  0.000000e+00
   endloop
 endfacet
 facet normal  0.000000e+00  0.000000e+00 -1.000000e+00
   outer loop
     vertex  6.280385e+01  2.150000e+01  0.000000e+00
     vertex  3.994856e+01  1.499947e+01  0.000000e+00
     vertex  3.988001e+01  1.499712e+01  0.000000e+00
   endloop
 endfacet
 facet normal  0.000000e+00 -1.000000e+00 -0.000000e+00
   outer loop
     vertex  8.000000e+01  0.000000e+00  4.000000e+00
     vertex  0.000000e+00  0.000000e+00  0.000000e+00
     vertex  8.000000e+01  0.000000e+00  0.000000e+00
   endloop
 endfacet
 facet normal -0.000000e+00 -1.000000e+00  0.000000e+00
   outer loop
     vertex  8.000000e+01  0.000000e+00  4.000000e+00
     vertex  0.000000e+00  0.000000e+00  4.000000e+00
     vertex  0.000000e+00  0.000000e+00  0.000000e+00
   endloop
 endfacet
 facet normal  1.000000e+00  0.000000e+00  0.000000e+00
   outer loop
     vertex  8.000000e+01  0.000000e+00  4.000000e+00
     vertex  8.000000e+01  0.000000e+00  0.000000e+00
     vertex  8.000000e+01  2.500000e+01  0.000000e+00
   endloop
 endfacet
 facet normal  1.000000e+00 -0.000000e+00  0.000000e+00
   outer loop
     vertex  8.000000e+01  0.000000e+00  4.000000e+00
     vertex  8.000000e+01  2.500000e+01  0.000000e+00
     vertex  8.000000e+01  2.500000e+01  4.000000e+00
   endloop
 endfacet
 facet normal  1.000000e+00  0.000000e+00  0.000000e+00
   outer loop
     vertex  2.000000e+00  5.000000e+00  0.000000e+00
     vertex  2.000000e+00  7.000000e+00  0.000000e+00
     vertex  2.000000e+00  7.000000e+00  4.000000e+00
   endloop
 endfacet
 facet normal  1.000000e+00  0.000000e+00  0.000000e+00
   outer loop
     vertex  2.000000e+00  5.000000e+00  0.000000e+00
     vertex  2.000000e+00  7.000000e+00  4.000000e+00
     vertex  2.000000e+00  5.000000e+00  4.000000e+00
   endloop
 endfacet
 facet normal  0.000000e+00  1.000000e+00  0.000000e+00
   outer loop
     vertex  8.000000e+01  2.500000e+01  4.000000e+00
     vertex  8.000000e+01  2.500000e+01  0.000000e+00
     vertex  0.000000e+00  2.500000e+01  0.000000e+00
   endloop
 endfacet
 facet normal  0.000000e+00  1.000000e+00  0.000000e+00
   outer loop
     vertex  8.000000e+01  2.500000e+01  4.000000e+00
     vertex  0.000000e+00  2.500000e+01  0.000000e+00
     vertex  0.000000e+00  2.500000e+01  4.000000e+00
   endloop
 endfacet
 facet normal  0.000000e+00  1.000000e+00  0.000000e+00
   outer loop
     vertex  1.250000e+01  5.000000e+00  0.000000e+00
     vertex  2.000000e+00  5.000000e+00  0.000000e+00
     vertex  2.000000e+00  5.000000e+00  4.000000e+00
   endloop
 endfacet
 facet normal  0.000000e+00  1.000000e+00 -0.000000e+00
   outer loop
     vertex  1.250000e+01  5.000000e+00  0.000000e+00
     vertex  2.000000e+00  5.000000e+00  4.000000e+00
     vertex  1.250000e+01  5.000000e+00  4.000000e+00
   endloop
 endfacet
 facet normal -1.000000e+00  0.000000e+00  0.000000e+00
   outer loop
     vertex  0.000000e+00  1.800000e+01  4.000000e+00
     vertex  0.000000e+00  2.500000e+01  0.000000e+00
     vertex  0.000000e+00  1.800000e+01  0.000000e+00
   endloop
 endfacet
 facet normal -1.000000e+00  0.000000e+00  0.000000e+00
   outer loop
     vertex  0.000000e+00  1.800000e+01  4.000000e+00
     vertex  0.000000e+00  2.500000e+01  4.000000e+00
     vertex  0.000000e+00  2.500000e+01  0.000000e+00
   endloop
 endfacet
 facet normal -1.365867e-02  9.999067e-01  0.000000e+00
   outer loop
     vertex  1.270486e+01  5.002798e+00  0.000000e+00
     vertex  1.250000e+01  5.000000e+00  0.000000e+00
     vertex  1.250000e+01  5.000000e+00  4.000000e+00
   endloop
 endfacet
 facet normal -1.365867e-02  9.999067e-01  0.000000e+00
   outer loop
     vertex  1.270486e+01  5.002798e+00  0.000000e+00
     vertex  1.250000e+01  5.000000e+00  4.000000e+00
     vertex  1.270486e+01  5.002798e+00  4.000000e+00
   endloop
 endfacet
 facet normal -4.096583e-02  9.991605e-01  0.000000e+00
   outer loop
     vertex  1.290957e+01  5.011191e+00  0.000000e+00
     vertex  1.270486e+01  5.002798e+00  4.000000e+00
     vertex  1.290957e+01  5.011191e+00  4.000000e+00
   endloop
 endfacet
 facet normal -4.096583e-02  9.991605e-01  0.000000e+00
   outer loop
     vertex  1.290957e+01  5.011191e+00  0.000000e+00
     vertex  1.270486e+01  5.002798e+00  0.000000e+00
     vertex  1.270486e+01  5.002798e+00  4.000000e+00
   endloop
 endfacet
 facet normal -6.824241e-02  9.976688e-01  0.000000e+00
   outer loop
     vertex  1.311397e+01  5.025173e+00  0.000000e+00
     vertex  1.290957e+01  5.011191e+00  4.000000e+00
     vertex  1.311397e+01  5.025173e+00  4.000000e+00
   endloop
 endfacet
 facet normal -6.824241e-02  9.976688e-01  0.000000e+00
   outer loop
     vertex  1.311397e+01  5.025173e+00  0.000000e+00
     vertex  1.290957e+01  5.011191e+00  0.000000e+00
     vertex  1.290957e+01  5.011191e+00  4.000000e+00
   endloop
 endfacet
 facet normal -9.546807e-02  9.954325e-01  0.000000e+00
   outer loop
     vertex  1.331792e+01  5.044732e+00  0.000000e+00
     vertex  1.311397e+01  5.025173e+00  4.000000e+00
     vertex  1.331792e+01  5.044732e+00  4.000000e+00
   endloop
 endfacet
 facet normal -9.546807e-02  9.954325e-01  0.000000e+00
   outer loop
     vertex  1.331792e+01  5.044732e+00  0.000000e+00
     vertex  1.311397e+01  5.025173e+00  0.000000e+00
     vertex  1.311397e+01  5.025173e+00  4.000000e+00
   endloop
 endfacet
 facet normal -1.226225e-01  9.924534e-01  0.000000e+00
   outer loop
     vertex  1.352125e+01  5.069855e+00  0.000000e+00
     vertex  1.331792e+01  5.044732e+00  4.000000e+00
     vertex  1.352125e+01  5.069855e+00  4.000000e+00
   endloop
 endfacet
 facet normal -1.226225e-01  9.924534e-01  0.000000e+00
   outer loop
     vertex  1.352125e+01  5.069855e+00  0.000000e+00
     vertex  1.331792e+01  5.044732e+00  0.000000e+00
     vertex  1.331792e+01  5.044732e+00  4.000000e+00
   endloop
 endfacet
 facet normal -1.496854e-01  9.887337e-01  0.000000e+00
   outer loop
     vertex  1.372382e+01  5.100523e+00  0.000000e+00
     vertex  1.352125e+01  5.069855e+00  4.000000e+00
     vertex  1.372382e+01  5.100523e+00  4.000000e+00
   endloop
 endfacet
 facet normal -1.496854e-01  9.887337e-01  0.000000e+00
   outer loop
     vertex  1.372382e+01  5.100523e+00  0.000000e+00
     vertex  1.352125e+01  5.069855e+00  0.000000e+00
     vertex  1.352125e+01  5.069855e+00  4.000000e+00
   endloop
 endfacet
 facet normal -1.766366e-01  9.842761e-01  0.000000e+00
   outer loop
     vertex  1.392548e+01  5.136712e+00  0.000000e+00
     vertex  1.372382e+01  5.100523e+00  4.000000e+00
     vertex  1.392548e+01  5.136712e+00  4.000000e+00
   endloop
 endfacet
 facet normal -1.766366e-01  9.842761e-01  0.000000e+00
   outer loop
     vertex  1.392548e+01  5.136712e+00  0.000000e+00
     vertex  1.372382e+01  5.100523e+00  0.000000e+00
     vertex  1.372382e+01  5.100523e+00  4.000000e+00
   endloop
 endfacet
 facet normal -2.034560e-01  9.790841e-01  0.000000e+00
   outer loop
     vertex  1.412608e+01  5.178396e+00  0.000000e+00
     vertex  1.392548e+01  5.136712e+00  4.000000e+00
     vertex  1.412608e+01  5.178396e+00  4.000000e+00
   endloop
 endfacet
 facet normal -2.034560e-01  9.790841e-01  0.000000e+00
   outer loop
     vertex  1.412608e+01  5.178396e+00  0.000000e+00
     vertex  1.392548e+01  5.136712e+00  0.000000e+00
     vertex  1.392548e+01  5.136712e+00  4.000000e+00
   endloop
 endfacet
 facet normal -2.301236e-01  9.731614e-01  0.000000e+00
   outer loop
     vertex  1.432546e+01  5.225544e+00  0.000000e+00
     vertex  1.412608e+01  5.178396e+00  4.000000e+00
     vertex  1.432546e+01  5.225544e+00  4.000000e+00
   endloop
 endfacet
 facet normal -2.301236e-01  9.731614e-01  0.000000e+00
   outer loop
     vertex  1.432546e+01  5.225544e+00  0.000000e+00
     vertex  1.412608e+01  5.178396e+00  0.000000e+00
     vertex  1.412608e+01  5.178396e+00  4.000000e+00
   endloop
 endfacet
 facet normal -2.566194e-01  9.665125e-01  0.000000e+00
   outer loop
     vertex  1.452348e+01  5.278120e+00  0.000000e+00
     vertex  1.432546e+01  5.225544e+00  4.000000e+00
     vertex  1.452348e+01  5.278120e+00  4.000000e+00
   endloop
 endfacet
 facet normal -2.566194e-01  9.665125e-01  0.000000e+00
   outer loop
     vertex  1.452348e+01  5.278120e+00  0.000000e+00
     vertex  1.432546e+01  5.225544e+00  0.000000e+00
     vertex  1.432546e+01  5.225544e+00  4.000000e+00
   endloop
 endfacet
 facet normal -2.829238e-01  9.591424e-01  0.000000e+00
   outer loop
     vertex  1.471998e+01  5.336086e+00  0.000000e+00
     vertex  1.452348e+01  5.278120e+00  4.000000e+00
     vertex  1.471998e+01  5.336086e+00  4.000000e+00
   endloop
 endfacet
 facet normal -2.829238e-01  9.591424e-01  0.000000e+00
   outer loop
     vertex  1.471998e+01  5.336086e+00  0.000000e+00
     vertex  1.452348e+01  5.278120e+00  0.000000e+00
     vertex  1.452348e+01  5.278120e+00  4.000000e+00
   endloop
 endfacet
 facet normal -3.090170e-01  9.510565e-01  0.000000e+00
   outer loop
     vertex  1.491484e+01  5.399397e+00  0.000000e+00
     vertex  1.471998e+01  5.336086e+00  4.000000e+00
     vertex  1.491484e+01  5.399397e+00  4.000000e+00
   endloop
 endfacet
 facet normal -3.090170e-01  9.510565e-01  0.000000e+00
   outer loop
     vertex  1.491484e+01  5.399397e+00  0.000000e+00
     vertex  1.471998e+01  5.336086e+00  0.000000e+00
     vertex  1.471998e+01  5.336086e+00  4.000000e+00
   endloop
 endfacet
 facet normal -3.348796e-01  9.422609e-01  0.000000e+00
   outer loop
     vertex  1.510789e+01  5.468007e+00  0.000000e+00
     vertex  1.491484e+01  5.399397e+00  4.000000e+00
     vertex  1.510789e+01  5.468007e+00  4.000000e+00
   endloop
 endfacet
 facet normal -3.348796e-01  9.422609e-01  0.000000e+00
   outer loop
     vertex  1.510789e+01  5.468007e+00  0.000000e+00
     vertex  1.491484e+01  5.399397e+00  0.000000e+00
     vertex  1.491484e+01  5.399397e+00  4.000000e+00
   endloop
 endfacet
 facet normal -3.604923e-01  9.327622e-01  0.000000e+00
   outer loop
     vertex  1.529899e+01  5.541865e+00  0.000000e+00
     vertex  1.510789e+01  5.468007e+00  4.000000e+00
     vertex  1.529899e+01  5.541865e+00  4.000000e+00
   endloop
 endfacet
 facet normal -3.604923e-01  9.327622e-01  0.000000e+00
   outer loop
     vertex  1.529899e+01  5.541865e+00  0.000000e+00
     vertex  1.510789e+01  5.468007e+00  0.000000e+00
     vertex  1.510789e+01  5.468007e+00  4.000000e+00
   endloop
 endfacet
 facet normal -3.858360e-01  9.225674e-01  0.000000e+00
   outer loop
     vertex  1.548801e+01  5.620915e+00  0.000000e+00
     vertex  1.529899e+01  5.541865e+00  4.000000e+00
     vertex  1.548801e+01  5.620915e+00  4.000000e+00
   endloop
 endfacet
 facet normal -3.858360e-01  9.225674e-01  0.000000e+00
   outer loop
     vertex  1.548801e+01  5.620915e+00  0.000000e+00
     vertex  1.529899e+01  5.541865e+00  0.000000e+00
     vertex  1.529899e+01  5.541865e+00  4.000000e+00
   endloop
 endfacet
 facet normal -4.108918e-01  9.116841e-01  0.000000e+00
   outer loop
     vertex  1.567479e+01  5.705099e+00  0.000000e+00
     vertex  1.548801e+01  5.620915e+00  4.000000e+00
     vertex  1.567479e+01  5.705099e+00  4.000000e+00
   endloop
 endfacet
 facet normal -4.108918e-01  9.116841e-01  0.000000e+00
   outer loop
     vertex  1.567479e+01  5.705099e+00  0.000000e+00
     vertex  1.548801e+01  5.620915e+00  0.000000e+00
     vertex  1.548801e+01  5.620915e+00  4.000000e+00
   endloop
 endfacet
 facet normal -4.356410e-01  9.001205e-01  0.000000e+00
   outer loop
     vertex  1.585921e+01  5.794353e+00  0.000000e+00
     vertex  1.567479e+01  5.705099e+00  0.000000e+00
     vertex  1.567479e+01  5.705099e+00  4.000000e+00
   endloop
 endfacet
 facet normal -4.356410e-01  9.001205e-01  0.000000e+00
   outer loop
     vertex  1.585921e+01  5.794353e+00  0.000000e+00
     vertex  1.567479e+01  5.705099e+00  4.000000e+00
     vertex  1.585921e+01  5.794353e+00  4.000000e+00
   endloop
 endfacet
 facet normal -4.600650e-01  8.878852e-01  0.000000e+00
   outer loop
     vertex  1.604112e+01  5.888611e+00  0.000000e+00
     vertex  1.585921e+01  5.794353e+00  0.000000e+00
     vertex  1.585921e+01  5.794353e+00  4.000000e+00
   endloop
 endfacet
 facet normal -4.600650e-01  8.878852e-01  0.000000e+00
   outer loop
     vertex  1.604112e+01  5.888611e+00  0.000000e+00
     vertex  1.585921e+01  5.794353e+00  4.000000e+00
     vertex  1.604112e+01  5.888611e+00  4.000000e+00
   endloop
 endfacet
 facet normal -4.841458e-01  8.749873e-01  0.000000e+00
   outer loop
     vertex  1.622039e+01  5.987803e+00  0.000000e+00
     vertex  1.604112e+01  5.888611e+00  4.000000e+00
     vertex  1.622039e+01  5.987803e+00  4.000000e+00
   endloop
 endfacet
 facet normal -4.841458e-01  8.749873e-01  0.000000e+00
   outer loop
     vertex  1.622039e+01  5.987803e+00  0.000000e+00
     vertex  1.604112e+01  5.888611e+00  0.000000e+00
     vertex  1.604112e+01  5.888611e+00  4.000000e+00
   endloop
 endfacet
 facet normal -5.312057e-01  8.472429e-01  0.000000e+00
   outer loop
     vertex  1.639688e+01  6.091854e+00  0.000000e+00
     vertex  1.639688e+01  6.091854e+00  4.000000e+00
     vertex  1.657046e+01  6.200688e+00  4.000000e+00
   endloop
 endfacet
 facet normal -5.078652e-01  8.614365e-01  0.000000e+00
   outer loop
     vertex  1.639688e+01  6.091854e+00  0.000000e+00
     vertex  1.622039e+01  5.987803e+00  4.000000e+00
     vertex  1.639688e+01  6.091854e+00  4.000000e+00
   endloop
 endfacet
 facet normal -5.078652e-01  8.614365e-01  0.000000e+00
   outer loop
     vertex  1.639688e+01  6.091854e+00  0.000000e+00
     vertex  1.622039e+01  5.987803e+00  0.000000e+00
     vertex  1.622039e+01  5.987803e+00  4.000000e+00
   endloop
 endfacet
 facet normal -5.312057e-01  8.472429e-01  0.000000e+00
   outer loop
     vertex  1.657046e+01  6.200688e+00  0.000000e+00
     vertex  1.639688e+01  6.091854e+00  0.000000e+00
     vertex  1.657046e+01  6.200688e+00  4.000000e+00
   endloop
 endfacet
 facet normal -5.541498e-01  8.324170e-01  0.000000e+00
   outer loop
     vertex  1.674101e+01  6.314222e+00  0.000000e+00
     vertex  1.657046e+01  6.200688e+00  4.000000e+00
     vertex  1.674101e+01  6.314222e+00  4.000000e+00
   endloop
 endfacet
 facet normal -5.541498e-01  8.324170e-01  0.000000e+00
   outer loop
     vertex  1.674101e+01  6.314222e+00  0.000000e+00
     vertex  1.657046e+01  6.200688e+00  0.000000e+00
     vertex  1.657046e+01  6.200688e+00  4.000000e+00
   endloop
 endfacet
 facet normal -5.766803e-01  8.169699e-01  0.000000e+00
   outer loop
     vertex  1.690839e+01  6.432373e+00  0.000000e+00
     vertex  1.674101e+01  6.314222e+00  4.000000e+00
     vertex  1.690839e+01  6.432373e+00  4.000000e+00
   endloop
 endfacet
 facet normal -5.766803e-01  8.169699e-01  0.000000e+00
   outer loop
     vertex  1.690839e+01  6.432373e+00  0.000000e+00
     vertex  1.674101e+01  6.314222e+00  0.000000e+00
     vertex  1.674101e+01  6.314222e+00  4.000000e+00
   endloop
 endfacet
 facet normal -5.987805e-01  8.009132e-01  0.000000e+00
   outer loop
     vertex  1.707248e+01  6.555051e+00  0.000000e+00
     vertex  1.690839e+01  6.432373e+00  4.000000e+00
     vertex  1.707248e+01  6.555051e+00  4.000000e+00
   endloop
 endfacet
 facet normal -5.987805e-01  8.009132e-01  0.000000e+00
   outer loop
     vertex  1.707248e+01  6.555051e+00  0.000000e+00
     vertex  1.690839e+01  6.432373e+00  0.000000e+00
     vertex  1.690839e+01  6.432373e+00  4.000000e+00
   endloop
 endfacet
 facet normal -6.204339e-01  7.842588e-01  0.000000e+00
   outer loop
     vertex  1.723316e+01  6.682165e+00  0.000000e+00
     vertex  1.707248e+01  6.555051e+00  4.000000e+00
     vertex  1.723316e+01  6.682165e+00  4.000000e+00
   endloop
 endfacet
 facet normal -6.204339e-01  7.842588e-01  0.000000e+00
   outer loop
     vertex  1.723316e+01  6.682165e+00  0.000000e+00
     vertex  1.707248e+01  6.555051e+00  0.000000e+00
     vertex  1.707248e+01  6.555051e+00  4.000000e+00
   endloop
 endfacet
 facet normal -6.416243e-01  7.670191e-01  0.000000e+00
   outer loop
     vertex  1.739031e+01  6.813621e+00  0.000000e+00
     vertex  1.723316e+01  6.682165e+00  4.000000e+00
     vertex  1.739031e+01  6.813621e+00  4.000000e+00
   endloop
 endfacet
 facet normal -6.416243e-01  7.670191e-01  0.000000e+00
   outer loop
     vertex  1.739031e+01  6.813621e+00  0.000000e+00
     vertex  1.723316e+01  6.682165e+00  0.000000e+00
     vertex  1.723316e+01  6.682165e+00  4.000000e+00
   endloop
 endfacet
 facet normal -6.623358e-01  7.492071e-01  0.000000e+00
   outer loop
     vertex  1.754380e+01  6.949321e+00  0.000000e+00
     vertex  1.739031e+01  6.813621e+00  4.000000e+00
     vertex  1.754380e+01  6.949321e+00  4.000000e+00
   endloop
 endfacet
 facet normal -6.623358e-01  7.492071e-01  0.000000e+00
   outer loop
     vertex  1.754380e+01  6.949321e+00  0.000000e+00
     vertex  1.739031e+01  6.813621e+00  0.000000e+00
     vertex  1.739031e+01  6.813621e+00  4.000000e+00
   endloop
 endfacet
 facet normal -7.022611e-01  7.119195e-01  0.000000e+00
   outer loop
     vertex  1.769354e+01  7.089162e+00  0.000000e+00
     vertex  1.769354e+01  7.089162e+00  4.000000e+00
     vertex  1.783940e+01  7.233042e+00  4.000000e+00
   endloop
 endfacet
 facet normal -6.825531e-01  7.308360e-01  0.000000e+00
   outer loop
     vertex  1.769354e+01  7.089162e+00  0.000000e+00
     vertex  1.754380e+01  6.949321e+00  4.000000e+00
     vertex  1.769354e+01  7.089162e+00  4.000000e+00
   endloop
 endfacet
 facet normal -6.825531e-01  7.308360e-01  0.000000e+00
   outer loop
     vertex  1.769354e+01  7.089162e+00  0.000000e+00
     vertex  1.754380e+01  6.949321e+00  0.000000e+00
     vertex  1.754380e+01  6.949321e+00  4.000000e+00
   endloop
 endfacet
 facet normal -7.022611e-01  7.119195e-01  0.000000e+00
   outer loop
     vertex  1.783940e+01  7.233042e+00  0.000000e+00
     vertex  1.769354e+01  7.089162e+00  0.000000e+00
     vertex  1.783940e+01  7.233042e+00  4.000000e+00
   endloop
 endfacet
 facet normal -7.214450e-01  6.924717e-01  0.000000e+00
   outer loop
     vertex  1.798127e+01  7.380851e+00  0.000000e+00
     vertex  1.783940e+01  7.233042e+00  4.000000e+00
     vertex  1.798127e+01  7.380851e+00  4.000000e+00
   endloop
 endfacet
 facet normal -7.214450e-01  6.924717e-01  0.000000e+00
   outer loop
     vertex  1.798127e+01  7.380851e+00  0.000000e+00
     vertex  1.783940e+01  7.233042e+00  0.000000e+00
     vertex  1.783940e+01  7.233042e+00  4.000000e+00
   endloop
 endfacet
 facet normal -7.400906e-01  6.725072e-01  0.000000e+00
   outer loop
     vertex  1.811905e+01  7.532481e+00  0.000000e+00
     vertex  1.798127e+01  7.380851e+00  0.000000e+00
     vertex  1.798127e+01  7.380851e+00  4.000000e+00
   endloop
 endfacet
 facet normal -7.400906e-01  6.725072e-01  0.000000e+00
   outer loop
     vertex  1.811905e+01  7.532481e+00  0.000000e+00
     vertex  1.798127e+01  7.380851e+00  4.000000e+00
     vertex  1.811905e+01  7.532481e+00  4.000000e+00
   endloop
 endfacet
 facet normal -7.581838e-01  6.520409e-01  0.000000e+00
   outer loop
     vertex  1.825264e+01  7.687818e+00  0.000000e+00
     vertex  1.811905e+01  7.532481e+00  0.000000e+00
     vertex  1.811905e+01  7.532481e+00  4.000000e+00
   endloop
 endfacet
 facet normal -7.581838e-01  6.520409e-01  0.000000e+00
   outer loop
     vertex  1.825264e+01  7.687818e+00  0.000000e+00
     vertex  1.811905e+01  7.532481e+00  4.000000e+00
     vertex  1.825264e+01  7.687818e+00  4.000000e+00
   endloop
 endfacet
 facet normal -7.757113e-01  6.310879e-01  0.000000e+00
   outer loop
     vertex  1.838194e+01  7.846746e+00  0.000000e+00
     vertex  1.825264e+01  7.687818e+00  0.000000e+00
     vertex  1.825264e+01  7.687818e+00  4.000000e+00
   endloop
 endfacet
 facet normal -7.757113e-01  6.310879e-01  0.000000e+00
   outer loop
     vertex  1.838194e+01  7.846746e+00  0.000000e+00
     vertex  1.825264e+01  7.687818e+00  4.000000e+00
     vertex  1.838194e+01  7.846746e+00  4.000000e+00
   endloop
 endfacet
 facet normal -7.926599e-01  6.096641e-01  0.000000e+00
   outer loop
     vertex  1.850685e+01  8.009146e+00  0.000000e+00
     vertex  1.838194e+01  7.846746e+00  0.000000e+00
     vertex  1.838194e+01  7.846746e+00  4.000000e+00
   endloop
 endfacet
 facet normal -7.926599e-01  6.096641e-01  0.000000e+00
   outer loop
     vertex  1.850685e+01  8.009146e+00  0.000000e+00
     vertex  1.838194e+01  7.846746e+00  4.000000e+00
     vertex  1.850685e+01  8.009146e+00  4.000000e+00
   endloop
 endfacet
 facet normal -8.090170e-01  5.877853e-01  0.000000e+00
   outer loop
     vertex  1.862727e+01  8.174898e+00  0.000000e+00
     vertex  1.850685e+01  8.009146e+00  0.000000e+00
     vertex  1.850685e+01  8.009146e+00  4.000000e+00
   endloop
 endfacet
 facet normal -8.090170e-01  5.877853e-01  0.000000e+00
   outer loop
     vertex  1.862727e+01  8.174898e+00  0.000000e+00
     vertex  1.850685e+01  8.009146e+00  4.000000e+00
     vertex  1.862727e+01  8.174898e+00  4.000000e+00
   endloop
 endfacet
 facet normal -8.247704e-01  5.654678e-01  0.000000e+00
   outer loop
     vertex  1.874313e+01  8.343877e+00  0.000000e+00
     vertex  1.862727e+01  8.174898e+00  0.000000e+00
     vertex  1.862727e+01  8.174898e+00  4.000000e+00
   endloop
 endfacet
 facet normal -8.399083e-01  5.427284e-01  0.000000e+00
   outer loop
     vertex  1.874313e+01  8.343877e+00  0.000000e+00
     vertex  1.874313e+01  8.343877e+00  4.000000e+00
     vertex  1.885432e+01  8.515957e+00  4.000000e+00
   endloop
 endfacet
 facet normal -8.247704e-01  5.654678e-01  0.000000e+00
   outer loop
     vertex  1.874313e+01  8.343877e+00  0.000000e+00
     vertex  1.862727e+01  8.174898e+00  4.000000e+00
     vertex  1.874313e+01  8.343877e+00  4.000000e+00
   endloop
 endfacet
 facet normal -8.399083e-01  5.427284e-01  0.000000e+00
   outer loop
     vertex  1.885432e+01  8.515957e+00  0.000000e+00
     vertex  1.874313e+01  8.343877e+00  0.000000e+00
     vertex  1.885432e+01  8.515957e+00  4.000000e+00
   endloop
 endfacet
 facet normal -8.544194e-01  5.195840e-01  0.000000e+00
   outer loop
     vertex  1.896077e+01  8.691011e+00  0.000000e+00
     vertex  1.885432e+01  8.515957e+00  0.000000e+00
     vertex  1.885432e+01  8.515957e+00  4.000000e+00
   endloop
 endfacet
 facet normal -8.544194e-01  5.195840e-01  0.000000e+00
   outer loop
     vertex  1.896077e+01  8.691011e+00  0.000000e+00
     vertex  1.885432e+01  8.515957e+00  4.000000e+00
     vertex  1.896077e+01  8.691011e+00  4.000000e+00
   endloop
 endfacet
 facet normal -8.815185e-01  4.721495e-01  0.000000e+00
   outer loop
     vertex  1.906241e+01  8.868907e+00  0.000000e+00
     vertex  1.906241e+01  8.868907e+00  4.000000e+00
     vertex  1.915914e+01  9.049512e+00  4.000000e+00
   endloop
 endfacet
 facet normal -8.682929e-01  4.960518e-01  0.000000e+00
   outer loop
     vertex  1.906241e+01  8.868907e+00  0.000000e+00
     vertex  1.896077e+01  8.691011e+00  4.000000e+00
     vertex  1.906241e+01  8.868907e+00  4.000000e+00
   endloop
 endfacet
 facet normal -8.682929e-01  4.960518e-01  0.000000e+00
   outer loop
     vertex  1.906241e+01  8.868907e+00  0.000000e+00
     vertex  1.896077e+01  8.691011e+00  0.000000e+00
     vertex  1.896077e+01  8.691011e+00  4.000000e+00
   endloop
 endfacet
 facet normal -8.815185e-01  4.721495e-01  0.000000e+00
   outer loop
     vertex  1.915914e+01  9.049512e+00  0.000000e+00
     vertex  1.906241e+01  8.868907e+00  0.000000e+00
     vertex  1.915914e+01  9.049512e+00  4.000000e+00
   endloop
 endfacet
 facet normal -8.940863e-01  4.478948e-01  0.000000e+00
   outer loop
     vertex  1.925090e+01  9.232693e+00  0.000000e+00
     vertex  1.915914e+01  9.049512e+00  4.000000e+00
     vertex  1.925090e+01  9.232693e+00  4.000000e+00
   endloop
 endfacet
 facet normal -8.940863e-01  4.478948e-01  0.000000e+00
   outer loop
     vertex  1.925090e+01  9.232693e+00  0.000000e+00
     vertex  1.915914e+01  9.049512e+00  0.000000e+00
     vertex  1.915914e+01  9.049512e+00  4.000000e+00
   endloop
 endfacet
 facet normal -9.059868e-01  4.233059e-01  0.000000e+00
   outer loop
     vertex  1.933763e+01  9.418311e+00  0.000000e+00
     vertex  1.925090e+01  9.232693e+00  0.000000e+00
     vertex  1.925090e+01  9.232693e+00  4.000000e+00
   endloop
 endfacet
 facet normal -9.059868e-01  4.233059e-01  0.000000e+00
   outer loop
     vertex  1.933763e+01  9.418311e+00  0.000000e+00
     vertex  1.925090e+01  9.232693e+00  4.000000e+00
     vertex  1.933763e+01  9.418311e+00  4.000000e+00
   endloop
 endfacet
 facet normal -9.172113e-01  3.984011e-01  0.000000e+00
   outer loop
     vertex  1.941926e+01  9.606230e+00  0.000000e+00
     vertex  1.933763e+01  9.418311e+00  0.000000e+00
     vertex  1.933763e+01  9.418311e+00  4.000000e+00
   endloop
 endfacet
 facet normal -9.172113e-01  3.984011e-01  0.000000e+00
   outer loop
     vertex  1.941926e+01  9.606230e+00  0.000000e+00
     vertex  1.933763e+01  9.418311e+00  4.000000e+00
     vertex  1.941926e+01  9.606230e+00  4.000000e+00
   endloop
 endfacet
 facet normal -9.277513e-01  3.731990e-01  0.000000e+00
   outer loop
     vertex  1.949572e+01  9.796308e+00  0.000000e+00
     vertex  1.941926e+01  9.606230e+00  0.000000e+00
     vertex  1.941926e+01  9.606230e+00  4.000000e+00
   endloop
 endfacet
 facet normal -9.277513e-01  3.731990e-01  0.000000e+00
   outer loop
     vertex  1.949572e+01  9.796308e+00  0.000000e+00
     vertex  1.941926e+01  9.606230e+00  4.000000e+00
     vertex  1.949572e+01  9.796308e+00  4.000000e+00
   endloop
 endfacet
 facet normal -9.375990e-01  3.477184e-01  0.000000e+00
   outer loop
     vertex  1.956696e+01  9.988403e+00  0.000000e+00
     vertex  1.949572e+01  9.796308e+00  0.000000e+00
     vertex  1.949572e+01  9.796308e+00  4.000000e+00
   endloop
 endfacet
 facet normal -9.375990e-01  3.477184e-01  0.000000e+00
   outer loop
     vertex  1.956696e+01  9.988403e+00  0.000000e+00
     vertex  1.949572e+01  9.796308e+00  4.000000e+00
     vertex  1.956696e+01  9.988403e+00  4.000000e+00
   endloop
 endfacet
 facet normal -9.467470e-01  3.219783e-01  0.000000e+00
   outer loop
     vertex  1.963292e+01  1.018237e+01  0.000000e+00
     vertex  1.956696e+01  9.988403e+00  0.000000e+00
     vertex  1.956696e+01  9.988403e+00  4.000000e+00
   endloop
 endfacet
 facet normal -9.467470e-01  3.219783e-01  0.000000e+00
   outer loop
     vertex  1.963292e+01  1.018237e+01  0.000000e+00
     vertex  1.956696e+01  9.988403e+00  4.000000e+00
     vertex  1.963292e+01  1.018237e+01  4.000000e+00
   endloop
 endfacet
 facet normal -9.551886e-01  2.959980e-01  0.000000e+00
   outer loop
     vertex  1.969357e+01  1.037807e+01  0.000000e+00
     vertex  1.963292e+01  1.018237e+01  0.000000e+00
     vertex  1.963292e+01  1.018237e+01  4.000000e+00
   endloop
 endfacet
 facet normal -9.551886e-01  2.959980e-01  0.000000e+00
   outer loop
     vertex  1.969357e+01  1.037807e+01  0.000000e+00
     vertex  1.963292e+01  1.018237e+01  4.000000e+00
     vertex  1.969357e+01  1.037807e+01  4.000000e+00
   endloop
 endfacet
 facet normal -9.629173e-01  2.697968e-01  0.000000e+00
   outer loop
     vertex  1.974884e+01  1.057535e+01  0.000000e+00
     vertex  1.969357e+01  1.037807e+01  0.000000e+00
     vertex  1.969357e+01  1.037807e+01  4.000000e+00
   endloop
 endfacet
 facet normal -9.629173e-01  2.697968e-01  0.000000e+00
   outer loop
     vertex  1.974884e+01  1.057535e+01  0.000000e+00
     vertex  1.969357e+01  1.037807e+01  4.000000e+00
     vertex  1.974884e+01  1.057535e+01  4.000000e+00
   endloop
 endfacet
 facet normal -9.699274e-01  2.433942e-01  0.000000e+00
   outer loop
     vertex  1.979871e+01  1.077407e+01  0.000000e+00
     vertex  1.974884e+01  1.057535e+01  0.000000e+00
     vertex  1.974884e+01  1.057535e+01  4.000000e+00
   endloop
 endfacet
 facet normal -9.699274e-01  2.433942e-01  0.000000e+00
   outer loop
     vertex  1.979871e+01  1.077407e+01  0.000000e+00
     vertex  1.974884e+01  1.057535e+01  4.000000e+00
     vertex  1.979871e+01  1.077407e+01  4.000000e+00
   endloop
 endfacet
 facet normal -9.762138e-01  2.168100e-01  0.000000e+00
   outer loop
     vertex  1.984313e+01  1.097408e+01  0.000000e+00
     vertex  1.979871e+01  1.077407e+01  0.000000e+00
     vertex  1.979871e+01  1.077407e+01  4.000000e+00
   endloop
 endfacet
 facet normal -9.762138e-01  2.168100e-01  0.000000e+00
   outer loop
     vertex  1.984313e+01  1.097408e+01  0.000000e+00
     vertex  1.979871e+01  1.077407e+01  4.000000e+00
     vertex  1.984313e+01  1.097408e+01  4.000000e+00
   endloop
 endfacet
 facet normal -9.817717e-01  1.900640e-01  0.000000e+00
   outer loop
     vertex  1.988207e+01  1.117523e+01  0.000000e+00
     vertex  1.984313e+01  1.097408e+01  0.000000e+00
     vertex  1.984313e+01  1.097408e+01  4.000000e+00
   endloop
 endfacet
 facet normal -9.817717e-01  1.900640e-01  0.000000e+00
   outer loop
     vertex  1.988207e+01  1.117523e+01  0.000000e+00
     vertex  1.984313e+01  1.097408e+01  4.000000e+00
     vertex  1.988207e+01  1.117523e+01  4.000000e+00
   endloop
 endfacet
 facet normal -9.865969e-01  1.631762e-01  0.000000e+00
   outer loop
     vertex  1.991550e+01  1.137736e+01  0.000000e+00
     vertex  1.988207e+01  1.117523e+01  0.000000e+00
     vertex  1.988207e+01  1.117523e+01  4.000000e+00
   endloop
 endfacet
 facet normal -9.865969e-01  1.631762e-01  0.000000e+00
   outer loop
     vertex  1.991550e+01  1.137736e+01  0.000000e+00
     vertex  1.988207e+01  1.117523e+01  4.000000e+00
     vertex  1.991550e+01  1.137736e+01  4.000000e+00
   endloop
 endfacet
 facet normal -9.906859e-01  1.361666e-01  0.000000e+00
   outer loop
     vertex  1.994340e+01  1.158033e+01  0.000000e+00
     vertex  1.991550e+01  1.137736e+01  0.000000e+00
     vertex  1.991550e+01  1.137736e+01  4.000000e+00
   endloop
 endfacet
 facet normal -9.906859e-01  1.361666e-01  0.000000e+00
   outer loop
     vertex  1.994340e+01  1.158033e+01  0.000000e+00
     vertex  1.991550e+01  1.137736e+01  4.000000e+00
     vertex  1.994340e+01  1.158033e+01  4.000000e+00
   endloop
 endfacet
 facet normal -9.940357e-01  1.090555e-01  0.000000e+00
   outer loop
     vertex  1.996574e+01  1.178399e+01  0.000000e+00
     vertex  1.994340e+01  1.158033e+01  0.000000e+00
     vertex  1.994340e+01  1.158033e+01  4.000000e+00
   endloop
 endfacet
 facet normal -9.940357e-01  1.090555e-01  0.000000e+00
   outer loop
     vertex  1.996574e+01  1.178399e+01  0.000000e+00
     vertex  1.994340e+01  1.158033e+01  4.000000e+00
     vertex  1.996574e+01  1.178399e+01  4.000000e+00
   endloop
 endfacet
 facet normal -9.966436e-01  8.186288e-02  0.000000e+00
   outer loop
     vertex  1.998252e+01  1.198818e+01  0.000000e+00
     vertex  1.996574e+01  1.178399e+01  0.000000e+00
     vertex  1.996574e+01  1.178399e+01  4.000000e+00
   endloop
 endfacet
 facet normal -9.966436e-01  8.186288e-02  0.000000e+00
   outer loop
     vertex  1.998252e+01  1.198818e+01  0.000000e+00
     vertex  1.996574e+01  1.178399e+01  4.000000e+00
     vertex  1.998252e+01  1.198818e+01  4.000000e+00
   endloop
 endfacet
 facet normal -9.985078e-01  5.460922e-02  0.000000e+00
   outer loop
     vertex  1.999370e+01  1.219276e+01  0.000000e+00
     vertex  1.998252e+01  1.198818e+01  0.000000e+00
     vertex  1.998252e+01  1.198818e+01  4.000000e+00
   endloop
 endfacet
 facet normal -9.985078e-01  5.460922e-02  0.000000e+00
   outer loop
     vertex  1.999370e+01  1.219276e+01  0.000000e+00
     vertex  1.998252e+01  1.198818e+01  4.000000e+00
     vertex  1.999370e+01  1.219276e+01  4.000000e+00
   endloop
 endfacet
 facet normal -9.996269e-01  2.731480e-02  0.000000e+00
   outer loop
     vertex  1.999930e+01  1.239756e+01  0.000000e+00
     vertex  1.999370e+01  1.219276e+01  0.000000e+00
     vertex  1.999370e+01  1.219276e+01  4.000000e+00
   endloop
 endfacet
 facet normal -9.996269e-01  2.731480e-02  0.000000e+00
   outer loop
     vertex  1.999930e+01  1.239756e+01  0.000000e+00
     vertex  1.999370e+01  1.219276e+01  4.000000e+00
     vertex  1.999930e+01  1.239756e+01  4.000000e+00
   endloop
 endfacet
 facet normal -1.000000e+00  0.000000e+00  0.000000e+00
   outer loop
     vertex  1.999930e+01  1.260244e+01  0.000000e+00
     vertex  1.999930e+01  1.239756e+01  0.000000e+00
     vertex  1.999930e+01  1.239756e+01  4.000000e+00
   endloop
 endfacet
 facet normal -1.000000e+00  0.000000e+00  0.000000e+00
   outer loop
     vertex  1.999930e+01  1.260244e+01  0.000000e+00
     vertex  1.999930e+01  1.239756e+01  4.000000e+00
     vertex  1.999930e+01  1.260244e+01  4.000000e+00
   endloop
 endfacet
 facet normal -9.996269e-01 -2.731480e-02  0.000000e+00
   outer loop
     vertex  1.999370e+01  1.280724e+01  0.000000e+00
     vertex  1.999930e+01  1.260244e+01  4.000000e+00
     vertex  1.999370e+01  1.280724e+01  4.000000e+00
   endloop
 endfacet
 facet normal -9.996269e-01 -2.731480e-02  0.000000e+00
   outer loop
     vertex  1.999370e+01  1.280724e+01  0.000000e+00
     vertex  1.999930e+01  1.260244e+01  0.000000e+00
     vertex  1.999930e+01  1.260244e+01  4.000000e+00
   endloop
 endfacet
 facet normal -9.985078e-01 -5.460922e-02  0.000000e+00
   outer loop
     vertex  1.998252e+01  1.301182e+01  0.000000e+00
     vertex  1.999370e+01  1.280724e+01  4.000000e+00
     vertex  1.998252e+01  1.301182e+01  4.000000e+00
   endloop
 endfacet
 facet normal -9.985078e-01 -5.460922e-02  0.000000e+00
   outer loop
     vertex  1.998252e+01  1.301182e+01  0.000000e+00
     vertex  1.999370e+01  1.280724e+01  0.000000e+00
     vertex  1.999370e+01  1.280724e+01  4.000000e+00
   endloop
 endfacet
 facet normal -9.966436e-01 -8.186288e-02  0.000000e+00
   outer loop
     vertex  1.996574e+01  1.321601e+01  0.000000e+00
     vertex  1.998252e+01  1.301182e+01  4.000000e+00
     vertex  1.996574e+01  1.321601e+01  4.000000e+00
   endloop
 endfacet
 facet normal -9.966436e-01 -8.186288e-02  0.000000e+00
   outer loop
     vertex  1.996574e+01  1.321601e+01  0.000000e+00
     vertex  1.998252e+01  1.301182e+01  0.000000e+00
     vertex  1.998252e+01  1.301182e+01  4.000000e+00
   endloop
 endfacet
 facet normal -9.940357e-01 -1.090555e-01  0.000000e+00
   outer loop
     vertex  1.994340e+01  1.341967e+01  0.000000e+00
     vertex  1.996574e+01  1.321601e+01  4.000000e+00
     vertex  1.994340e+01  1.341967e+01  4.000000e+00
   endloop
 endfacet
 facet normal -9.940357e-01 -1.090555e-01  0.000000e+00
   outer loop
     vertex  1.994340e+01  1.341967e+01  0.000000e+00
     vertex  1.996574e+01  1.321601e+01  0.000000e+00
     vertex  1.996574e+01  1.321601e+01  4.000000e+00
   endloop
 endfacet
 facet normal -9.906859e-01 -1.361666e-01  0.000000e+00
   outer loop
     vertex  1.991550e+01  1.362264e+01  0.000000e+00
     vertex  1.994340e+01  1.341967e+01  4.000000e+00
     vertex  1.991550e+01  1.362264e+01  4.000000e+00
   endloop
 endfacet
 facet normal -9.906859e-01 -1.361666e-01  0.000000e+00
   outer loop
     vertex  1.991550e+01  1.362264e+01  0.000000e+00
     vertex  1.994340e+01  1.341967e+01  0.000000e+00
     vertex  1.994340e+01  1.341967e+01  4.000000e+00
   endloop
 endfacet
 facet normal -9.865969e-01 -1.631762e-01  0.000000e+00
   outer loop
     vertex  1.988207e+01  1.382477e+01  0.000000e+00
     vertex  1.991550e+01  1.362264e+01  4.000000e+00
     vertex  1.988207e+01  1.382477e+01  4.000000e+00
   endloop
 endfacet
 facet normal -9.865969e-01 -1.631762e-01  0.000000e+00
   outer loop
     vertex  1.988207e+01  1.382477e+01  0.000000e+00
     vertex  1.991550e+01  1.362264e+01  0.000000e+00
     vertex  1.991550e+01  1.362264e+01  4.000000e+00
   endloop
 endfacet
 facet normal -9.817717e-01 -1.900640e-01  0.000000e+00
   outer loop
     vertex  1.984313e+01  1.402592e+01  0.000000e+00
     vertex  1.988207e+01  1.382477e+01  4.000000e+00
     vertex  1.984313e+01  1.402592e+01  4.000000e+00
   endloop
 endfacet
 facet normal -9.817717e-01 -1.900640e-01  0.000000e+00
   outer loop
     vertex  1.984313e+01  1.402592e+01  0.000000e+00
     vertex  1.988207e+01  1.382477e+01  0.000000e+00
     vertex  1.988207e+01  1.382477e+01  4.000000e+00
   endloop
 endfacet
 facet normal -9.699274e-01 -2.433942e-01  0.000000e+00
   outer loop
     vertex  1.979871e+01  1.422593e+01  0.000000e+00
     vertex  1.979871e+01  1.422593e+01  4.000000e+00
     vertex  1.974884e+01  1.442465e+01  4.000000e+00
   endloop
 endfacet
 facet normal -9.762138e-01 -2.168100e-01  0.000000e+00
   outer loop
     vertex  1.979871e+01  1.422593e+01  0.000000e+00
     vertex  1.984313e+01  1.402592e+01  4.000000e+00
     vertex  1.979871e+01  1.422593e+01  4.000000e+00
   endloop
 endfacet
 facet normal -9.762138e-01 -2.168100e-01  0.000000e+00
   outer loop
     vertex  1.979871e+01  1.422593e+01  0.000000e+00
     vertex  1.984313e+01  1.402592e+01  0.000000e+00
     vertex  1.984313e+01  1.402592e+01  4.000000e+00
   endloop
 endfacet
 facet normal -9.699274e-01 -2.433942e-01  0.000000e+00
   outer loop
     vertex  1.974884e+01  1.442465e+01  0.000000e+00
     vertex  1.979871e+01  1.422593e+01  0.000000e+00
     vertex  1.974884e+01  1.442465e+01  4.000000e+00
   endloop
 endfacet
 facet normal -9.629173e-01 -2.697968e-01  0.000000e+00
   outer loop
     vertex  1.969357e+01  1.462193e+01  0.000000e+00
     vertex  1.974884e+01  1.442465e+01  0.000000e+00
     vertex  1.974884e+01  1.442465e+01  4.000000e+00
   endloop
 endfacet
 facet normal -9.551886e-01 -2.959980e-01  0.000000e+00
   outer loop
     vertex  1.969357e+01  1.462193e+01  0.000000e+00
     vertex  1.969357e+01  1.462193e+01  4.000000e+00
     vertex  1.963292e+01  1.481763e+01  4.000000e+00
   endloop
 endfacet
 facet normal -9.629173e-01 -2.697968e-01  0.000000e+00
   outer loop
     vertex  1.969357e+01  1.462193e+01  0.000000e+00
     vertex  1.974884e+01  1.442465e+01  4.000000e+00
     vertex  1.969357e+01  1.462193e+01  4.000000e+00
   endloop
 endfacet
 facet normal -9.551886e-01 -2.959980e-01  0.000000e+00
   outer loop
     vertex  1.963292e+01  1.481763e+01  0.000000e+00
     vertex  1.969357e+01  1.462193e+01  0.000000e+00
     vertex  1.963292e+01  1.481763e+01  4.000000e+00
   endloop
 endfacet
 facet normal -9.467470e-01 -3.219783e-01  0.000000e+00
   outer loop
     vertex  1.956696e+01  1.501160e+01  0.000000e+00
     vertex  1.963292e+01  1.481763e+01  0.000000e+00
     vertex  1.963292e+01  1.481763e+01  4.000000e+00
   endloop
 endfacet
 facet normal -9.467470e-01 -3.219783e-01  0.000000e+00
   outer loop
     vertex  1.956696e+01  1.501160e+01  0.000000e+00
     vertex  1.963292e+01  1.481763e+01  4.000000e+00
     vertex  1.956696e+01  1.501160e+01  4.000000e+00
   endloop
 endfacet
 facet normal -9.375990e-01 -3.477184e-01  0.000000e+00
   outer loop
     vertex  1.949572e+01  1.520369e+01  0.000000e+00
     vertex  1.956696e+01  1.501160e+01  0.000000e+00
     vertex  1.956696e+01  1.501160e+01  4.000000e+00
   endloop
 endfacet
 facet normal -9.277513e-01 -3.731990e-01  0.000000e+00
   outer loop
     vertex  1.949572e+01  1.520369e+01  0.000000e+00
     vertex  1.949572e+01  1.520369e+01  4.000000e+00
     vertex  1.941926e+01  1.539377e+01  4.000000e+00
   endloop
 endfacet
 facet normal -9.375990e-01 -3.477184e-01  0.000000e+00
   outer loop
     vertex  1.949572e+01  1.520369e+01  0.000000e+00
     vertex  1.956696e+01  1.501160e+01  4.000000e+00
     vertex  1.949572e+01  1.520369e+01  4.000000e+00
   endloop
 endfacet
 facet normal -9.277513e-01 -3.731990e-01  0.000000e+00
   outer loop
     vertex  1.941926e+01  1.539377e+01  0.000000e+00
     vertex  1.949572e+01  1.520369e+01  0.000000e+00
     vertex  1.941926e+01  1.539377e+01  4.000000e+00
   endloop
 endfacet
 facet normal -9.172113e-01 -3.984011e-01  0.000000e+00
   outer loop
     vertex  1.933763e+01  1.558169e+01  0.000000e+00
     vertex  1.941926e+01  1.539377e+01  0.000000e+00
     vertex  1.941926e+01  1.539377e+01  4.000000e+00
   endloop
 endfacet
 facet normal -9.172113e-01 -3.984011e-01  0.000000e+00
   outer loop
     vertex  1.933763e+01  1.558169e+01  0.000000e+00
     vertex  1.941926e+01  1.539377e+01  4.000000e+00
     vertex  1.933763e+01  1.558169e+01  4.000000e+00
   endloop
 endfacet
 facet normal -9.059868e-01 -4.233059e-01  0.000000e+00
   outer loop
     vertex  1.925090e+01  1.576731e+01  0.000000e+00
     vertex  1.933763e+01  1.558169e+01  0.000000e+00
     vertex  1.933763e+01  1.558169e+01  4.000000e+00
   endloop
 endfacet
 facet normal -8.940863e-01 -4.478948e-01  0.000000e+00
   outer loop
     vertex  1.925090e+01  1.576731e+01  0.000000e+00
     vertex  1.925090e+01  1.576731e+01  4.000000e+00
     vertex  1.915914e+01  1.595049e+01  4.000000e+00
   endloop
 endfacet
 facet normal -9.059868e-01 -4.233059e-01  0.000000e+00
   outer loop
     vertex  1.925090e+01  1.576731e+01  0.000000e+00
     vertex  1.933763e+01  1.558169e+01  4.000000e+00
     vertex  1.925090e+01  1.576731e+01  4.000000e+00
   endloop
 endfacet
 facet normal -8.940863e-01 -4.478948e-01  0.000000e+00
   outer loop
     vertex  1.915914e+01  1.595049e+01  0.000000e+00
     vertex  1.925090e+01  1.576731e+01  0.000000e+00
     vertex  1.915914e+01  1.595049e+01  4.000000e+00
   endloop
 endfacet
 facet normal -8.815185e-01 -4.721495e-01  0.000000e+00
   outer loop
     vertex  1.906241e+01  1.613109e+01  0.000000e+00
     vertex  1.915914e+01  1.595049e+01  0.000000e+00
     vertex  1.915914e+01  1.595049e+01  4.000000e+00
   endloop
 endfacet
 facet normal -8.815185e-01 -4.721495e-01  0.000000e+00
   outer loop
     vertex  1.906241e+01  1.613109e+01  0.000000e+00
     vertex  1.915914e+01  1.595049e+01  4.000000e+00
     vertex  1.906241e+01  1.613109e+01  4.000000e+00
   endloop
 endfacet
 facet normal -8.682929e-01 -4.960518e-01  0.000000e+00
   outer loop
     vertex  1.896077e+01  1.630899e+01  0.000000e+00
     vertex  1.906241e+01  1.613109e+01  0.000000e+00
     vertex  1.906241e+01  1.613109e+01  4.000000e+00
   endloop
 endfacet
 facet normal -8.682929e-01 -4.960518e-01  0.000000e+00
   outer loop
     vertex  1.896077e+01  1.630899e+01  0.000000e+00
     vertex  1.906241e+01  1.613109e+01  4.000000e+00
     vertex  1.896077e+01  1.630899e+01  4.000000e+00
   endloop
 endfacet
 facet normal -8.544194e-01 -5.195840e-01  0.000000e+00
   outer loop
     vertex  1.885432e+01  1.648404e+01  0.000000e+00
     vertex  1.896077e+01  1.630899e+01  0.000000e+00
     vertex  1.896077e+01  1.630899e+01  4.000000e+00
   endloop
 endfacet
 facet normal -8.544194e-01 -5.195840e-01  0.000000e+00
   outer loop
     vertex  1.885432e+01  1.648404e+01  0.000000e+00
     vertex  1.896077e+01  1.630899e+01  4.000000e+00
     vertex  1.885432e+01  1.648404e+01  4.000000e+00
   endloop
 endfacet
 facet normal -8.399083e-01 -5.427284e-01  0.000000e+00
   outer loop
     vertex  1.874313e+01  1.665612e+01  0.000000e+00
     vertex  1.885432e+01  1.648404e+01  0.000000e+00
     vertex  1.885432e+01  1.648404e+01  4.000000e+00
   endloop
 endfacet
 facet normal -8.399083e-01 -5.427284e-01  0.000000e+00
   outer loop
     vertex  1.874313e+01  1.665612e+01  0.000000e+00
     vertex  1.885432e+01  1.648404e+01  4.000000e+00
     vertex  1.874313e+01  1.665612e+01  4.000000e+00
   endloop
 endfacet
 facet normal -8.247704e-01 -5.654678e-01  0.000000e+00
   outer loop
     vertex  1.862727e+01  1.682510e+01  0.000000e+00
     vertex  1.874313e+01  1.665612e+01  4.000000e+00
     vertex  1.862727e+01  1.682510e+01  4.000000e+00
   endloop
 endfacet
 facet normal -8.247704e-01 -5.654678e-01  0.000000e+00
   outer loop
     vertex  1.862727e+01  1.682510e+01  0.000000e+00
     vertex  1.874313e+01  1.665612e+01  0.000000e+00
     vertex  1.874313e+01  1.665612e+01  4.000000e+00
   endloop
 endfacet
 facet normal -8.090170e-01 -5.877853e-01  0.000000e+00
   outer loop
     vertex  1.850685e+01  1.699085e+01  0.000000e+00
     vertex  1.862727e+01  1.682510e+01  0.000000e+00
     vertex  1.862727e+01  1.682510e+01  4.000000e+00
   endloop
 endfacet
 facet normal -8.090170e-01 -5.877853e-01  0.000000e+00
   outer loop
     vertex  1.850685e+01  1.699085e+01  0.000000e+00
     vertex  1.862727e+01  1.682510e+01  4.000000e+00
     vertex  1.850685e+01  1.699085e+01  4.000000e+00
   endloop
 endfacet
 facet normal -7.926599e-01 -6.096641e-01  0.000000e+00
   outer loop
     vertex  1.838194e+01  1.715325e+01  0.000000e+00
     vertex  1.850685e+01  1.699085e+01  4.000000e+00
     vertex  1.838194e+01  1.715325e+01  4.000000e+00
   endloop
 endfacet
 facet normal -7.926599e-01 -6.096641e-01  0.000000e+00
   outer loop
     vertex  1.838194e+01  1.715325e+01  0.000000e+00
     vertex  1.850685e+01  1.699085e+01  0.000000e+00
     vertex  1.850685e+01  1.699085e+01  4.000000e+00
   endloop
 endfacet
 facet normal -7.757113e-01 -6.310879e-01  0.000000e+00
   outer loop
     vertex  1.825264e+01  1.731218e+01  0.000000e+00
     vertex  1.838194e+01  1.715325e+01  4.000000e+00
     vertex  1.825264e+01  1.731218e+01  4.000000e+00
   endloop
 endfacet
 facet normal -7.757113e-01 -6.310879e-01  0.000000e+00
   outer loop
     vertex  1.825264e+01  1.731218e+01  0.000000e+00
     vertex  1.838194e+01  1.715325e+01  0.000000e+00
     vertex  1.838194e+01  1.715325e+01  4.000000e+00
   endloop
 endfacet
 facet normal -7.581838e-01 -6.520409e-01  0.000000e+00
   outer loop
     vertex  1.811905e+01  1.746752e+01  0.000000e+00
     vertex  1.825264e+01  1.731218e+01  4.000000e+00
     vertex  1.811905e+01  1.746752e+01  4.000000e+00
   endloop
 endfacet
 facet normal -7.581838e-01 -6.520409e-01  0.000000e+00
   outer loop
     vertex  1.811905e+01  1.746752e+01  0.000000e+00
     vertex  1.825264e+01  1.731218e+01  0.000000e+00
     vertex  1.825264e+01  1.731218e+01  4.000000e+00
   endloop
 endfacet
 facet normal -7.400906e-01 -6.725072e-01  0.000000e+00
   outer loop
     vertex  1.798127e+01  1.761915e+01  0.000000e+00
     vertex  1.811905e+01  1.746752e+01  4.000000e+00
     vertex  1.798127e+01  1.761915e+01  4.000000e+00
   endloop
 endfacet
 facet normal -7.400906e-01 -6.725072e-01  0.000000e+00
   outer loop
     vertex  1.798127e+01  1.761915e+01  0.000000e+00
     vertex  1.811905e+01  1.746752e+01  0.000000e+00
     vertex  1.811905e+01  1.746752e+01  4.000000e+00
   endloop
 endfacet
 facet normal -7.214450e-01 -6.924717e-01  0.000000e+00
   outer loop
     vertex  1.783940e+01  1.776696e+01  0.000000e+00
     vertex  1.798127e+01  1.761915e+01  4.000000e+00
     vertex  1.783940e+01  1.776696e+01  4.000000e+00
   endloop
 endfacet
 facet normal -7.214450e-01 -6.924717e-01  0.000000e+00
   outer loop
     vertex  1.783940e+01  1.776696e+01  0.000000e+00
     vertex  1.798127e+01  1.761915e+01  0.000000e+00
     vertex  1.798127e+01  1.761915e+01  4.000000e+00
   endloop
 endfacet
 facet normal -6.825531e-01 -7.308360e-01  0.000000e+00
   outer loop
     vertex  1.769354e+01  1.791084e+01  0.000000e+00
     vertex  1.769354e+01  1.791084e+01  4.000000e+00
     vertex  1.754380e+01  1.805068e+01  4.000000e+00
   endloop
 endfacet
 facet normal -7.022611e-01 -7.119195e-01  0.000000e+00
   outer loop
     vertex  1.769354e+01  1.791084e+01  0.000000e+00
     vertex  1.783940e+01  1.776696e+01  4.000000e+00
     vertex  1.769354e+01  1.791084e+01  4.000000e+00
   endloop
 endfacet
 facet normal -7.022611e-01 -7.119195e-01  0.000000e+00
   outer loop
     vertex  1.769354e+01  1.791084e+01  0.000000e+00
     vertex  1.783940e+01  1.776696e+01  0.000000e+00
     vertex  1.783940e+01  1.776696e+01  4.000000e+00
   endloop
 endfacet
 facet normal -6.825531e-01 -7.308360e-01  0.000000e+00
   outer loop
     vertex  1.754380e+01  1.805068e+01  0.000000e+00
     vertex  1.769354e+01  1.791084e+01  0.000000e+00
     vertex  1.754380e+01  1.805068e+01  4.000000e+00
   endloop
 endfacet
 facet normal -6.416243e-01 -7.670191e-01  0.000000e+00
   outer loop
     vertex  1.739031e+01  1.818638e+01  0.000000e+00
     vertex  1.739031e+01  1.818638e+01  4.000000e+00
     vertex  1.723316e+01  1.831783e+01  4.000000e+00
   endloop
 endfacet
 facet normal -6.623358e-01 -7.492071e-01  0.000000e+00
   outer loop
     vertex  1.739031e+01  1.818638e+01  0.000000e+00
     vertex  1.754380e+01  1.805068e+01  4.000000e+00
     vertex  1.739031e+01  1.818638e+01  4.000000e+00
   endloop
 endfacet
 facet normal -6.623358e-01 -7.492071e-01  0.000000e+00
   outer loop
     vertex  1.739031e+01  1.818638e+01  0.000000e+00
     vertex  1.754380e+01  1.805068e+01  0.000000e+00
     vertex  1.754380e+01  1.805068e+01  4.000000e+00
   endloop
 endfacet
 facet normal -6.416243e-01 -7.670191e-01  0.000000e+00
   outer loop
     vertex  1.723316e+01  1.831783e+01  0.000000e+00
     vertex  1.739031e+01  1.818638e+01  0.000000e+00
     vertex  1.723316e+01  1.831783e+01  4.000000e+00
   endloop
 endfacet
 facet normal -6.204339e-01 -7.842588e-01  0.000000e+00
   outer loop
     vertex  1.707248e+01  1.844495e+01  0.000000e+00
     vertex  1.723316e+01  1.831783e+01  4.000000e+00
     vertex  1.707248e+01  1.844495e+01  4.000000e+00
   endloop
 endfacet
 facet normal -6.204339e-01 -7.842588e-01  0.000000e+00
   outer loop
     vertex  1.707248e+01  1.844495e+01  0.000000e+00
     vertex  1.723316e+01  1.831783e+01  0.000000e+00
     vertex  1.723316e+01  1.831783e+01  4.000000e+00
   endloop
 endfacet
 facet normal -5.987805e-01 -8.009132e-01  0.000000e+00
   outer loop
     vertex  1.690839e+01  1.856763e+01  0.000000e+00
     vertex  1.707248e+01  1.844495e+01  0.000000e+00
     vertex  1.707248e+01  1.844495e+01  4.000000e+00
   endloop
 endfacet
 facet normal -5.987805e-01 -8.009132e-01  0.000000e+00
   outer loop
     vertex  1.690839e+01  1.856763e+01  0.000000e+00
     vertex  1.707248e+01  1.844495e+01  4.000000e+00
     vertex  1.690839e+01  1.856763e+01  4.000000e+00
   endloop
 endfacet
 facet normal -5.766803e-01 -8.169699e-01  0.000000e+00
   outer loop
     vertex  1.674101e+01  1.868578e+01  0.000000e+00
     vertex  1.690839e+01  1.856763e+01  0.000000e+00
     vertex  1.690839e+01  1.856763e+01  4.000000e+00
   endloop
 endfacet
 facet normal -5.766803e-01 -8.169699e-01  0.000000e+00
   outer loop
     vertex  1.674101e+01  1.868578e+01  0.000000e+00
     vertex  1.690839e+01  1.856763e+01  4.000000e+00
     vertex  1.674101e+01  1.868578e+01  4.000000e+00
   endloop
 endfacet
 facet normal -5.541498e-01 -8.324170e-01  0.000000e+00
   outer loop
     vertex  1.657046e+01  1.879931e+01  0.000000e+00
     vertex  1.674101e+01  1.868578e+01  0.000000e+00
     vertex  1.674101e+01  1.868578e+01  4.000000e+00
   endloop
 endfacet
 facet normal -5.541498e-01 -8.324170e-01  0.000000e+00
   outer loop
     vertex  1.657046e+01  1.879931e+01  0.000000e+00
     vertex  1.674101e+01  1.868578e+01  4.000000e+00
     vertex  1.657046e+01  1.879931e+01  4.000000e+00
   endloop
 endfacet
 facet normal -5.312057e-01 -8.472429e-01  0.000000e+00
   outer loop
     vertex  1.639688e+01  1.890815e+01  0.000000e+00
     vertex  1.657046e+01  1.879931e+01  0.000000e+00
     vertex  1.657046e+01  1.879931e+01  4.000000e+00
   endloop
 endfacet
 facet normal -5.312057e-01 -8.472429e-01  0.000000e+00
   outer loop
     vertex  1.639688e+01  1.890815e+01  0.000000e+00
     vertex  1.657046e+01  1.879931e+01  4.000000e+00
     vertex  1.639688e+01  1.890815e+01  4.000000e+00
   endloop
 endfacet
 facet normal -5.078652e-01 -8.614365e-01  0.000000e+00
   outer loop
     vertex  1.622039e+01  1.901220e+01  0.000000e+00
     vertex  1.639688e+01  1.890815e+01  0.000000e+00
     vertex  1.639688e+01  1.890815e+01  4.000000e+00
   endloop
 endfacet
 facet normal -4.841458e-01 -8.749873e-01  0.000000e+00
   outer loop
     vertex  1.622039e+01  1.901220e+01  0.000000e+00
     vertex  1.622039e+01  1.901220e+01  4.000000e+00
     vertex  1.604112e+01  1.911139e+01  4.000000e+00
   endloop
 endfacet
 facet normal -5.078652e-01 -8.614365e-01  0.000000e+00
   outer loop
     vertex  1.622039e+01  1.901220e+01  0.000000e+00
     vertex  1.639688e+01  1.890815e+01  4.000000e+00
     vertex  1.622039e+01  1.901220e+01  4.000000e+00
   endloop
 endfacet
 facet normal -4.841458e-01 -8.749873e-01  0.000000e+00
   outer loop
     vertex  1.604112e+01  1.911139e+01  0.000000e+00
     vertex  1.622039e+01  1.901220e+01  0.000000e+00
     vertex  1.604112e+01  1.911139e+01  4.000000e+00
   endloop
 endfacet
 facet normal -4.600650e-01 -8.878852e-01  0.000000e+00
   outer loop
     vertex  1.585921e+01  1.920565e+01  0.000000e+00
     vertex  1.604112e+01  1.911139e+01  0.000000e+00
     vertex  1.604112e+01  1.911139e+01  4.000000e+00
   endloop
 endfacet
 facet normal -4.600650e-01 -8.878852e-01  0.000000e+00
   outer loop
     vertex  1.585921e+01  1.920565e+01  0.000000e+00
     vertex  1.604112e+01  1.911139e+01  4.000000e+00
     vertex  1.585921e+01  1.920565e+01  4.000000e+00
   endloop
 endfacet
 facet normal -4.356410e-01 -9.001205e-01  0.000000e+00
   outer loop
     vertex  1.567479e+01  1.929490e+01  0.000000e+00
     vertex  1.585921e+01  1.920565e+01  0.000000e+00
     vertex  1.585921e+01  1.920565e+01  4.000000e+00
   endloop
 endfacet
 facet normal -4.356410e-01 -9.001205e-01  0.000000e+00
   outer loop
     vertex  1.567479e+01  1.929490e+01  0.000000e+00
     vertex  1.585921e+01  1.920565e+01  4.000000e+00
     vertex  1.567479e+01  1.929490e+01  4.000000e+00
   endloop
 endfacet
 facet normal -3.858360e-01 -9.225674e-01  0.000000e+00
   outer loop
     vertex  1.548801e+01  1.937908e+01  0.000000e+00
     vertex  1.548801e+01  1.937908e+01  4.000000e+00
     vertex  1.529899e+01  1.945813e+01  4.000000e+00
   endloop
 endfacet
 facet normal -4.108918e-01 -9.116841e-01  0.000000e+00
   outer loop
     vertex  1.548801e+01  1.937908e+01  0.000000e+00
     vertex  1.567479e+01  1.929490e+01  4.000000e+00
     vertex  1.548801e+01  1.937908e+01  4.000000e+00
   endloop
 endfacet
 facet normal -4.108918e-01 -9.116841e-01  0.000000e+00
   outer loop
     vertex  1.548801e+01  1.937908e+01  0.000000e+00
     vertex  1.567479e+01  1.929490e+01  0.000000e+00
     vertex  1.567479e+01  1.929490e+01  4.000000e+00
   endloop
 endfacet
 facet normal -3.858360e-01 -9.225674e-01  0.000000e+00
   outer loop
     vertex  1.529899e+01  1.945813e+01  0.000000e+00
     vertex  1.548801e+01  1.937908e+01  0.000000e+00
     vertex  1.529899e+01  1.945813e+01  4.000000e+00
   endloop
 endfacet
 facet normal -3.604923e-01 -9.327622e-01  0.000000e+00
   outer loop
     vertex  1.510789e+01  1.953199e+01  0.000000e+00
     vertex  1.529899e+01  1.945813e+01  4.000000e+00
     vertex  1.510789e+01  1.953199e+01  4.000000e+00
   endloop
 endfacet
 facet normal -3.604923e-01 -9.327622e-01  0.000000e+00
   outer loop
     vertex  1.510789e+01  1.953199e+01  0.000000e+00
     vertex  1.529899e+01  1.945813e+01  0.000000e+00
     vertex  1.529899e+01  1.945813e+01  4.000000e+00
   endloop
 endfacet
 facet normal -3.348796e-01 -9.422609e-01  0.000000e+00
   outer loop
     vertex  1.491484e+01  1.960060e+01  0.000000e+00
     vertex  1.510789e+01  1.953199e+01  4.000000e+00
     vertex  1.491484e+01  1.960060e+01  4.000000e+00
   endloop
 endfacet
 facet normal -3.348796e-01 -9.422609e-01  0.000000e+00
   outer loop
     vertex  1.491484e+01  1.960060e+01  0.000000e+00
     vertex  1.510789e+01  1.953199e+01  0.000000e+00
     vertex  1.510789e+01  1.953199e+01  4.000000e+00
   endloop
 endfacet
 facet normal -3.090170e-01 -9.510565e-01  0.000000e+00
   outer loop
     vertex  1.471998e+01  1.966391e+01  0.000000e+00
     vertex  1.491484e+01  1.960060e+01  4.000000e+00
     vertex  1.471998e+01  1.966391e+01  4.000000e+00
   endloop
 endfacet
 facet normal -3.090170e-01 -9.510565e-01  0.000000e+00
   outer loop
     vertex  1.471998e+01  1.966391e+01  0.000000e+00
     vertex  1.491484e+01  1.960060e+01  0.000000e+00
     vertex  1.491484e+01  1.960060e+01  4.000000e+00
   endloop
 endfacet
 facet normal -2.829238e-01 -9.591424e-01  0.000000e+00
   outer loop
     vertex  1.452348e+01  1.972188e+01  0.000000e+00
     vertex  1.471998e+01  1.966391e+01  4.000000e+00
     vertex  1.452348e+01  1.972188e+01  4.000000e+00
   endloop
 endfacet
 facet normal -2.829238e-01 -9.591424e-01  0.000000e+00
   outer loop
     vertex  1.452348e+01  1.972188e+01  0.000000e+00
     vertex  1.471998e+01  1.966391e+01  0.000000e+00
     vertex  1.471998e+01  1.966391e+01  4.000000e+00
   endloop
 endfacet
 facet normal -2.566194e-01 -9.665125e-01  0.000000e+00
   outer loop
     vertex  1.432546e+01  1.977446e+01  0.000000e+00
     vertex  1.452348e+01  1.972188e+01  4.000000e+00
     vertex  1.432546e+01  1.977446e+01  4.000000e+00
   endloop
 endfacet
 facet normal -2.566194e-01 -9.665125e-01  0.000000e+00
   outer loop
     vertex  1.432546e+01  1.977446e+01  0.000000e+00
     vertex  1.452348e+01  1.972188e+01  0.000000e+00
     vertex  1.452348e+01  1.972188e+01  4.000000e+00
   endloop
 endfacet
 facet normal -2.301236e-01 -9.731614e-01  0.000000e+00
   outer loop
     vertex  1.412608e+01  1.982160e+01  0.000000e+00
     vertex  1.432546e+01  1.977446e+01  4.000000e+00
     vertex  1.412608e+01  1.982160e+01  4.000000e+00
   endloop
 endfacet
 facet normal -2.301236e-01 -9.731614e-01  0.000000e+00
   outer loop
     vertex  1.412608e+01  1.982160e+01  0.000000e+00
     vertex  1.432546e+01  1.977446e+01  0.000000e+00
     vertex  1.432546e+01  1.977446e+01  4.000000e+00
   endloop
 endfacet
 facet normal -2.034560e-01 -9.790841e-01  0.000000e+00
   outer loop
     vertex  1.392548e+01  1.986329e+01  0.000000e+00
     vertex  1.412608e+01  1.982160e+01  4.000000e+00
     vertex  1.392548e+01  1.986329e+01  4.000000e+00
   endloop
 endfacet
 facet normal -2.034560e-01 -9.790841e-01  0.000000e+00
   outer loop
     vertex  1.392548e+01  1.986329e+01  0.000000e+00
     vertex  1.412608e+01  1.982160e+01  0.000000e+00
     vertex  1.412608e+01  1.982160e+01  4.000000e+00
   endloop
 endfacet
 facet normal -1.766366e-01 -9.842761e-01  0.000000e+00
   outer loop
     vertex  1.372382e+01  1.989948e+01  0.000000e+00
     vertex  1.392548e+01  1.986329e+01  4.000000e+00
     vertex  1.372382e+01  1.989948e+01  4.000000e+00
   endloop
 endfacet
 facet normal -1.766366e-01 -9.842761e-01  0.000000e+00
   outer loop
     vertex  1.372382e+01  1.989948e+01  0.000000e+00
     vertex  1.392548e+01  1.986329e+01  0.000000e+00
     vertex  1.392548e+01  1.986329e+01  4.000000e+00
   endloop
 endfacet
 facet normal -1.496854e-01 -9.887337e-01  0.000000e+00
   outer loop
     vertex  1.352125e+01  1.993014e+01  0.000000e+00
     vertex  1.372382e+01  1.989948e+01  4.000000e+00
     vertex  1.352125e+01  1.993014e+01  4.000000e+00
   endloop
 endfacet
 facet normal -1.496854e-01 -9.887337e-01  0.000000e+00
   outer loop
     vertex  1.352125e+01  1.993014e+01  0.000000e+00
     vertex  1.372382e+01  1.989948e+01  0.000000e+00
     vertex  1.372382e+01  1.989948e+01  4.000000e+00
   endloop
 endfacet
 facet normal -1.226225e-01 -9.924534e-01  0.000000e+00
   outer loop
     vertex  1.331792e+01  1.995527e+01  0.000000e+00
     vertex  1.352125e+01  1.993014e+01  4.000000e+00
     vertex  1.331792e+01  1.995527e+01  4.000000e+00
   endloop
 endfacet
 facet normal -1.226225e-01 -9.924534e-01  0.000000e+00
   outer loop
     vertex  1.331792e+01  1.995527e+01  0.000000e+00
     vertex  1.352125e+01  1.993014e+01  0.000000e+00
     vertex  1.352125e+01  1.993014e+01  4.000000e+00
   endloop
 endfacet
 facet normal -9.546807e-02 -9.954325e-01  0.000000e+00
   outer loop
     vertex  1.311397e+01  1.997483e+01  0.000000e+00
     vertex  1.331792e+01  1.995527e+01  4.000000e+00
     vertex  1.311397e+01  1.997483e+01  4.000000e+00
   endloop
 endfacet
 facet normal -9.546807e-02 -9.954325e-01  0.000000e+00
   outer loop
     vertex  1.311397e+01  1.997483e+01  0.000000e+00
     vertex  1.331792e+01  1.995527e+01  0.000000e+00
     vertex  1.331792e+01  1.995527e+01  4.000000e+00
   endloop
 endfacet
 facet normal -6.824241e-02 -9.976688e-01  0.000000e+00
   outer loop
     vertex  1.290957e+01  1.998881e+01  0.000000e+00
     vertex  1.311397e+01  1.997483e+01  4.000000e+00
     vertex  1.290957e+01  1.998881e+01  4.000000e+00
   endloop
 endfacet
 facet normal -6.824241e-02 -9.976688e-01  0.000000e+00
   outer loop
     vertex  1.290957e+01  1.998881e+01  0.000000e+00
     vertex  1.311397e+01  1.997483e+01  0.000000e+00
     vertex  1.311397e+01  1.997483e+01  4.000000e+00
   endloop
 endfacet
 facet normal -4.096583e-02 -9.991605e-01  0.000000e+00
   outer loop
     vertex  1.270486e+01  1.999720e+01  0.000000e+00
     vertex  1.290957e+01  1.998881e+01  4.000000e+00
     vertex  1.270486e+01  1.999720e+01  4.000000e+00
   endloop
 endfacet
 facet normal -4.096583e-02 -9.991605e-01  0.000000e+00
   outer loop
     vertex  1.270486e+01  1.999720e+01  0.000000e+00
     vertex  1.290957e+01  1.998881e+01  0.000000e+00
     vertex  1.290957e+01  1.998881e+01  4.000000e+00
   endloop
 endfacet
 facet normal -1.365867e-02 -9.999067e-01  0.000000e+00
   outer loop
     vertex  1.250000e+01  2.000000e+01  0.000000e+00
     vertex  1.270486e+01  1.999720e+01  4.000000e+00
     vertex  1.250000e+01  2.000000e+01  4.000000e+00
   endloop
 endfacet
 facet normal -1.365867e-02 -9.999067e-01  0.000000e+00
   outer loop
     vertex  1.250000e+01  2.000000e+01  0.000000e+00
     vertex  1.270486e+01  1.999720e+01  0.000000e+00
     vertex  1.270486e+01  1.999720e+01  4.000000e+00
   endloop
 endfacet
 facet normal  0.000000e+00 -1.000000e+00  0.000000e+00
   outer loop
     vertex  0.000000e+00  1.800000e+01  0.000000e+00
     vertex  2.000000e+00  1.800000e+01  0.000000e+00
     vertex  2.000000e+00  1.800000e+01  4.000000e+00
   endloop
 endfacet
 facet normal  0.000000e+00 -1.000000e+00  0.000000e+00
   outer loop
     vertex  0.000000e+00  1.800000e+01  0.000000e+00
     vertex  2.000000e+00  1.800000e+01  4.000000e+00
     vertex  0.000000e+00  1.800000e+01  4.000000e+00
   endloop
 endfacet
 facet normal  0.000000e+00 -1.000000e+00  0.000000e+00
   outer loop
     vertex  2.000000e+00  2.000000e+01  4.000000e+00
     vertex  1.250000e+01  2.000000e+01  0.000000e+00
     vertex  1.250000e+01  2.000000e+01  4.000000e+00
   endloop
 endfacet
 facet normal  0.000000e+00 -1.000000e+00  0.000000e+00
   outer loop
     vertex  2.000000e+00  2.000000e+01  0.000000e+00
     vertex  1.250000e+01  2.000000e+01  0.000000e+00
     vertex  2.000000e+00  2.000000e+01  4.000000e+00
   endloop
 endfacet
 facet normal  1.000000e+00  0.000000e+00  0.000000e+00
   outer loop
     vertex  2.000000e+00  1.800000e+01  0.000000e+00
     vertex  2.000000e+00  2.000000e+01  0.000000e+00
     vertex  2.000000e+00  2.000000e+01  4.000000e+00
   endloop
 endfacet
 facet normal  1.000000e+00  0.000000e+00  0.000000e+00
   outer loop
     vertex  2.000000e+00  1.800000e+01  0.000000e+00
     vertex  2.000000e+00  2.000000e+01  4.000000e+00
     vertex  2.000000e+00  1.800000e+01  4.000000e+00
   endloop
 endfacet
 facet normal -9.999059e-01 -1.371831e-02  0.000000e+00
   outer loop
     vertex  4.249906e+01  1.256859e+01  4.000000e+00
     vertex  4.250000e+01  1.250000e+01  0.000000e+00
     vertex  4.250000e+01  1.250000e+01  4.000000e+00
   endloop
 endfacet
 facet normal -9.999059e-01 -1.371831e-02 -0.000000e+00
   outer loop
     vertex  4.249906e+01  1.256859e+01  4.000000e+00
     vertex  4.249906e+01  1.256859e+01  0.000000e+00
     vertex  4.250000e+01  1.250000e+01  0.000000e+00
   endloop
 endfacet
 facet normal -9.991532e-01 -4.114462e-02 -0.000000e+00
   outer loop
     vertex  4.249624e+01  1.263712e+01  4.000000e+00
     vertex  4.249624e+01  1.263712e+01  0.000000e+00
     vertex  4.249906e+01  1.256859e+01  0.000000e+00
   endloop
 endfacet
 facet normal -9.991532e-01 -4.114462e-02  0.000000e+00
   outer loop
     vertex  4.249624e+01  1.263712e+01  4.000000e+00
     vertex  4.249906e+01  1.256859e+01  0.000000e+00
     vertex  4.249906e+01  1.256859e+01  4.000000e+00
   endloop
 endfacet
 facet normal -9.976484e-01 -6.853995e-02 -0.000000e+00
   outer loop
     vertex  4.249154e+01  1.270555e+01  4.000000e+00
     vertex  4.249154e+01  1.270555e+01  0.000000e+00
     vertex  4.249624e+01  1.263712e+01  0.000000e+00
   endloop
 endfacet
 facet normal -9.976484e-01 -6.853995e-02  0.000000e+00
   outer loop
     vertex  4.249154e+01  1.270555e+01  4.000000e+00
     vertex  4.249624e+01  1.263712e+01  0.000000e+00
     vertex  4.249624e+01  1.263712e+01  4.000000e+00
   endloop
 endfacet
 facet normal -9.953925e-01 -9.588368e-02 -0.000000e+00
   outer loop
     vertex  4.248496e+01  1.277382e+01  4.000000e+00
     vertex  4.248496e+01  1.277382e+01  0.000000e+00
     vertex  4.249154e+01  1.270555e+01  0.000000e+00
   endloop
 endfacet
 facet normal -9.953925e-01 -9.588368e-02  0.000000e+00
   outer loop
     vertex  4.248496e+01  1.277382e+01  4.000000e+00
     vertex  4.249154e+01  1.270555e+01  0.000000e+00
     vertex  4.249154e+01  1.270555e+01  4.000000e+00
   endloop
 endfacet
 facet normal -9.923874e-01 -1.231552e-01 -0.000000e+00
   outer loop
     vertex  4.247651e+01  1.284189e+01  4.000000e+00
     vertex  4.247651e+01  1.284189e+01  0.000000e+00
     vertex  4.248496e+01  1.277382e+01  0.000000e+00
   endloop
 endfacet
 facet normal -9.923874e-01 -1.231552e-01  0.000000e+00
   outer loop
     vertex  4.247651e+01  1.284189e+01  4.000000e+00
     vertex  4.248496e+01  1.277382e+01  0.000000e+00
     vertex  4.248496e+01  1.277382e+01  4.000000e+00
   endloop
 endfacet
 facet normal -9.886353e-01 -1.503341e-01 -0.000000e+00
   outer loop
     vertex  4.246620e+01  1.290971e+01  4.000000e+00
     vertex  4.246620e+01  1.290971e+01  0.000000e+00
     vertex  4.247651e+01  1.284189e+01  0.000000e+00
   endloop
 endfacet
 facet normal -9.886353e-01 -1.503341e-01  0.000000e+00
   outer loop
     vertex  4.246620e+01  1.290971e+01  4.000000e+00
     vertex  4.247651e+01  1.284189e+01  0.000000e+00
     vertex  4.247651e+01  1.284189e+01  4.000000e+00
   endloop
 endfacet
 facet normal -9.841389e-01 -1.773998e-01 -0.000000e+00
   outer loop
     vertex  4.245403e+01  1.297721e+01  4.000000e+00
     vertex  4.245403e+01  1.297721e+01  0.000000e+00
     vertex  4.246620e+01  1.290971e+01  0.000000e+00
   endloop
 endfacet
 facet normal -9.841389e-01 -1.773998e-01  0.000000e+00
   outer loop
     vertex  4.245403e+01  1.297721e+01  4.000000e+00
     vertex  4.246620e+01  1.290971e+01  0.000000e+00
     vertex  4.246620e+01  1.290971e+01  4.000000e+00
   endloop
 endfacet
 facet normal -9.789017e-01 -2.043319e-01 -0.000000e+00
   outer loop
     vertex  4.244002e+01  1.304435e+01  4.000000e+00
     vertex  4.244002e+01  1.304435e+01  0.000000e+00
     vertex  4.245403e+01  1.297721e+01  0.000000e+00
   endloop
 endfacet
 facet normal -9.789017e-01 -2.043319e-01  0.000000e+00
   outer loop
     vertex  4.244002e+01  1.304435e+01  4.000000e+00
     vertex  4.245403e+01  1.297721e+01  0.000000e+00
     vertex  4.245403e+01  1.297721e+01  4.000000e+00
   endloop
 endfacet
 facet normal -9.729276e-01 -2.311102e-01 -0.000000e+00
   outer loop
     vertex  4.242416e+01  1.311109e+01  4.000000e+00
     vertex  4.242416e+01  1.311109e+01  0.000000e+00
     vertex  4.244002e+01  1.304435e+01  0.000000e+00
   endloop
 endfacet
 facet normal -9.729276e-01 -2.311102e-01  0.000000e+00
   outer loop
     vertex  4.242416e+01  1.311109e+01  4.000000e+00
     vertex  4.244002e+01  1.304435e+01  0.000000e+00
     vertex  4.244002e+01  1.304435e+01  4.000000e+00
   endloop
 endfacet
 facet normal -9.662211e-01 -2.577146e-01  0.000000e+00
   outer loop
     vertex  4.240649e+01  1.317736e+01  4.000000e+00
     vertex  4.242416e+01  1.311109e+01  0.000000e+00
     vertex  4.242416e+01  1.311109e+01  4.000000e+00
   endloop
 endfacet
 facet normal -9.662211e-01 -2.577146e-01 -0.000000e+00
   outer loop
     vertex  4.240649e+01  1.317736e+01  4.000000e+00
     vertex  4.240649e+01  1.317736e+01  0.000000e+00
     vertex  4.242416e+01  1.311109e+01  0.000000e+00
   endloop
 endfacet
 facet normal -9.587873e-01 -2.841250e-01  0.000000e+00
   outer loop
     vertex  4.238700e+01  1.324313e+01  4.000000e+00
     vertex  4.240649e+01  1.317736e+01  0.000000e+00
     vertex  4.240649e+01  1.317736e+01  4.000000e+00
   endloop
 endfacet
 facet normal -9.587873e-01 -2.841250e-01 -0.000000e+00
   outer loop
     vertex  4.238700e+01  1.324313e+01  4.000000e+00
     vertex  4.238700e+01  1.324313e+01  0.000000e+00
     vertex  4.240649e+01  1.317736e+01  0.000000e+00
   endloop
 endfacet
 facet normal -9.506317e-01 -3.103214e-01  0.000000e+00
   outer loop
     vertex  4.236571e+01  1.330833e+01  4.000000e+00
     vertex  4.238700e+01  1.324313e+01  0.000000e+00
     vertex  4.238700e+01  1.324313e+01  4.000000e+00
   endloop
 endfacet
 facet normal -9.506317e-01 -3.103214e-01 -0.000000e+00
   outer loop
     vertex  4.236571e+01  1.330833e+01  4.000000e+00
     vertex  4.236571e+01  1.330833e+01  0.000000e+00
     vertex  4.238700e+01  1.324313e+01  0.000000e+00
   endloop
 endfacet
 facet normal -9.417605e-01 -3.362843e-01  0.000000e+00
   outer loop
     vertex  4.234265e+01  1.337293e+01  4.000000e+00
     vertex  4.236571e+01  1.330833e+01  0.000000e+00
     vertex  4.236571e+01  1.330833e+01  4.000000e+00
   endloop
 endfacet
 facet normal -9.417605e-01 -3.362843e-01 -0.000000e+00
   outer loop
     vertex  4.234265e+01  1.337293e+01  4.000000e+00
     vertex  4.234265e+01  1.337293e+01  0.000000e+00
     vertex  4.236571e+01  1.330833e+01  0.000000e+00
   endloop
 endfacet
 facet normal -9.321804e-01 -3.619940e-01  0.000000e+00
   outer loop
     vertex  4.231782e+01  1.343687e+01  4.000000e+00
     vertex  4.234265e+01  1.337293e+01  0.000000e+00
     vertex  4.234265e+01  1.337293e+01  4.000000e+00
   endloop
 endfacet
 facet normal -9.321804e-01 -3.619940e-01 -0.000000e+00
   outer loop
     vertex  4.231782e+01  1.343687e+01  4.000000e+00
     vertex  4.231782e+01  1.343687e+01  0.000000e+00
     vertex  4.234265e+01  1.337293e+01  0.000000e+00
   endloop
 endfacet
 facet normal -9.218986e-01 -3.874313e-01  0.000000e+00
   outer loop
     vertex  4.229124e+01  1.350010e+01  4.000000e+00
     vertex  4.231782e+01  1.343687e+01  0.000000e+00
     vertex  4.231782e+01  1.343687e+01  4.000000e+00
   endloop
 endfacet
 facet normal -9.218986e-01 -3.874313e-01 -0.000000e+00
   outer loop
     vertex  4.229124e+01  1.350010e+01  4.000000e+00
     vertex  4.229124e+01  1.350010e+01  0.000000e+00
     vertex  4.231782e+01  1.343687e+01  0.000000e+00
   endloop
 endfacet
 facet normal -9.109228e-01 -4.125769e-01  0.000000e+00
   outer loop
     vertex  4.226294e+01  1.356259e+01  4.000000e+00
     vertex  4.229124e+01  1.350010e+01  0.000000e+00
     vertex  4.229124e+01  1.350010e+01  4.000000e+00
   endloop
 endfacet
 facet normal -9.109228e-01 -4.125769e-01 -0.000000e+00
   outer loop
     vertex  4.226294e+01  1.356259e+01  4.000000e+00
     vertex  4.226294e+01  1.356259e+01  0.000000e+00
     vertex  4.229124e+01  1.350010e+01  0.000000e+00
   endloop
 endfacet
 facet normal -8.992613e-01 -4.374119e-01  0.000000e+00
   outer loop
     vertex  4.223294e+01  1.362427e+01  4.000000e+00
     vertex  4.226294e+01  1.356259e+01  0.000000e+00
     vertex  4.226294e+01  1.356259e+01  4.000000e+00
   endloop
 endfacet
 facet normal -8.992613e-01 -4.374119e-01 -0.000000e+00
   outer loop
     vertex  4.223294e+01  1.362427e+01  4.000000e+00
     vertex  4.223294e+01  1.362427e+01  0.000000e+00
     vertex  4.226294e+01  1.356259e+01  0.000000e+00
   endloop
 endfacet
 facet normal -8.869228e-01 -4.619176e-01 -0.000000e+00
   outer loop
     vertex  4.223294e+01  1.362427e+01  4.000000e+00
     vertex  4.220126e+01  1.368510e+01  0.000000e+00
     vertex  4.223294e+01  1.362427e+01  0.000000e+00
   endloop
 endfacet
 facet normal -8.869228e-01 -4.619176e-01 -0.000000e+00
   outer loop
     vertex  4.220126e+01  1.368510e+01  4.000000e+00
     vertex  4.220126e+01  1.368510e+01  0.000000e+00
     vertex  4.223294e+01  1.362427e+01  4.000000e+00
   endloop
 endfacet
 facet normal -8.739167e-01 -4.860756e-01  0.000000e+00
   outer loop
     vertex  4.216792e+01  1.374505e+01  4.000000e+00
     vertex  4.220126e+01  1.368510e+01  0.000000e+00
     vertex  4.220126e+01  1.368510e+01  4.000000e+00
   endloop
 endfacet
 facet normal -8.739167e-01 -4.860756e-01 -0.000000e+00
   outer loop
     vertex  4.216792e+01  1.374505e+01  4.000000e+00
     vertex  4.216792e+01  1.374505e+01  0.000000e+00
     vertex  4.220126e+01  1.368510e+01  0.000000e+00
   endloop
 endfacet
 facet normal -8.602528e-01 -5.098678e-01  0.000000e+00
   outer loop
     vertex  4.213294e+01  1.380405e+01  4.000000e+00
     vertex  4.216792e+01  1.374505e+01  0.000000e+00
     vertex  4.216792e+01  1.374505e+01  4.000000e+00
   endloop
 endfacet
 facet normal -8.602528e-01 -5.098678e-01 -0.000000e+00
   outer loop
     vertex  4.213294e+01  1.380405e+01  4.000000e+00
     vertex  4.213294e+01  1.380405e+01  0.000000e+00
     vertex  4.216792e+01  1.374505e+01  0.000000e+00
   endloop
 endfacet
 facet normal -8.459413e-01 -5.332761e-01  0.000000e+00
   outer loop
     vertex  4.209637e+01  1.386208e+01  4.000000e+00
     vertex  4.213294e+01  1.380405e+01  0.000000e+00
     vertex  4.213294e+01  1.380405e+01  4.000000e+00
   endloop
 endfacet
 facet normal -8.459413e-01 -5.332761e-01 -0.000000e+00
   outer loop
     vertex  4.209637e+01  1.386208e+01  4.000000e+00
     vertex  4.209637e+01  1.386208e+01  0.000000e+00
     vertex  4.213294e+01  1.380405e+01  0.000000e+00
   endloop
 endfacet
 facet normal -8.309929e-01 -5.562829e-01 -0.000000e+00
   outer loop
     vertex  4.205821e+01  1.391908e+01  4.000000e+00
     vertex  4.205821e+01  1.391908e+01  0.000000e+00
     vertex  4.209637e+01  1.386208e+01  0.000000e+00
   endloop
 endfacet
 facet normal -8.309929e-01 -5.562829e-01  0.000000e+00
   outer loop
     vertex  4.205821e+01  1.391908e+01  4.000000e+00
     vertex  4.209637e+01  1.386208e+01  0.000000e+00
     vertex  4.209637e+01  1.386208e+01  4.000000e+00
   endloop
 endfacet
 facet normal -8.154191e-01 -5.788711e-01 -0.000000e+00
   outer loop
     vertex  4.201850e+01  1.397501e+01  4.000000e+00
     vertex  4.201850e+01  1.397501e+01  0.000000e+00
     vertex  4.205821e+01  1.391908e+01  0.000000e+00
   endloop
 endfacet
 facet normal -8.154191e-01 -5.788711e-01  0.000000e+00
   outer loop
     vertex  4.201850e+01  1.397501e+01  4.000000e+00
     vertex  4.205821e+01  1.391908e+01  0.000000e+00
     vertex  4.205821e+01  1.391908e+01  4.000000e+00
   endloop
 endfacet
 facet normal -7.992314e-01 -6.010234e-01 -0.000000e+00
   outer loop
     vertex  4.197728e+01  1.402983e+01  4.000000e+00
     vertex  4.197728e+01  1.402983e+01  0.000000e+00
     vertex  4.201850e+01  1.397501e+01  0.000000e+00
   endloop
 endfacet
 facet normal -7.824421e-01 -6.227234e-01 -0.000000e+00
   outer loop
     vertex  4.197728e+01  1.402983e+01  4.000000e+00
     vertex  4.193456e+01  1.408350e+01  0.000000e+00
     vertex  4.197728e+01  1.402983e+01  0.000000e+00
   endloop
 endfacet
 facet normal -7.992314e-01 -6.010234e-01  0.000000e+00
   outer loop
     vertex  4.197728e+01  1.402983e+01  4.000000e+00
     vertex  4.201850e+01  1.397501e+01  0.000000e+00
     vertex  4.201850e+01  1.397501e+01  4.000000e+00
   endloop
 endfacet
 facet normal -7.824421e-01 -6.227234e-01 -0.000000e+00
   outer loop
     vertex  4.193456e+01  1.408350e+01  4.000000e+00
     vertex  4.193456e+01  1.408350e+01  0.000000e+00
     vertex  4.197728e+01  1.402983e+01  4.000000e+00
   endloop
 endfacet
 facet normal -7.650637e-01 -6.439545e-01 -0.000000e+00
   outer loop
     vertex  4.189039e+01  1.413597e+01  4.000000e+00
     vertex  4.189039e+01  1.413597e+01  0.000000e+00
     vertex  4.193456e+01  1.408350e+01  0.000000e+00
   endloop
 endfacet
 facet normal -7.650637e-01 -6.439545e-01  0.000000e+00
   outer loop
     vertex  4.189039e+01  1.413597e+01  4.000000e+00
     vertex  4.193456e+01  1.408350e+01  0.000000e+00
     vertex  4.193456e+01  1.408350e+01  4.000000e+00
   endloop
 endfacet
 facet normal -7.471095e-01 -6.647010e-01 -0.000000e+00
   outer loop
     vertex  4.184480e+01  1.418722e+01  4.000000e+00
     vertex  4.184480e+01  1.418722e+01  0.000000e+00
     vertex  4.189039e+01  1.413597e+01  0.000000e+00
   endloop
 endfacet
 facet normal -7.471095e-01 -6.647010e-01  0.000000e+00
   outer loop
     vertex  4.184480e+01  1.418722e+01  4.000000e+00
     vertex  4.189039e+01  1.413597e+01  0.000000e+00
     vertex  4.189039e+01  1.413597e+01  4.000000e+00
   endloop
 endfacet
 facet normal -7.285929e-01 -6.849470e-01 -0.000000e+00
   outer loop
     vertex  4.179782e+01  1.423719e+01  4.000000e+00
     vertex  4.179782e+01  1.423719e+01  0.000000e+00
     vertex  4.184480e+01  1.418722e+01  0.000000e+00
   endloop
 endfacet
 facet normal -7.285929e-01 -6.849470e-01  0.000000e+00
   outer loop
     vertex  4.179782e+01  1.423719e+01  4.000000e+00
     vertex  4.184480e+01  1.418722e+01  0.000000e+00
     vertex  4.184480e+01  1.418722e+01  4.000000e+00
   endloop
 endfacet
 facet normal -7.095278e-01 -7.046775e-01 -0.000000e+00
   outer loop
     vertex  4.174949e+01  1.428586e+01  4.000000e+00
     vertex  4.174949e+01  1.428586e+01  0.000000e+00
     vertex  4.179782e+01  1.423719e+01  0.000000e+00
   endloop
 endfacet
 facet normal -7.095278e-01 -7.046775e-01  0.000000e+00
   outer loop
     vertex  4.174949e+01  1.428586e+01  4.000000e+00
     vertex  4.179782e+01  1.423719e+01  0.000000e+00
     vertex  4.179782e+01  1.423719e+01  4.000000e+00
   endloop
 endfacet
 facet normal -6.899286e-01 -7.238775e-01 -0.000000e+00
   outer loop
     vertex  4.169983e+01  1.433319e+01  4.000000e+00
     vertex  4.169983e+01  1.433319e+01  0.000000e+00
     vertex  4.174949e+01  1.428586e+01  0.000000e+00
   endloop
 endfacet
 facet normal -6.899286e-01 -7.238775e-01  0.000000e+00
   outer loop
     vertex  4.169983e+01  1.433319e+01  4.000000e+00
     vertex  4.174949e+01  1.428586e+01  0.000000e+00
     vertex  4.174949e+01  1.428586e+01  4.000000e+00
   endloop
 endfacet
 facet normal -6.698100e-01 -7.425325e-01 -0.000000e+00
   outer loop
     vertex  4.164890e+01  1.437913e+01  4.000000e+00
     vertex  4.164890e+01  1.437913e+01  0.000000e+00
     vertex  4.169983e+01  1.433319e+01  0.000000e+00
   endloop
 endfacet
 facet normal -6.698100e-01 -7.425325e-01  0.000000e+00
   outer loop
     vertex  4.164890e+01  1.437913e+01  4.000000e+00
     vertex  4.169983e+01  1.433319e+01  0.000000e+00
     vertex  4.169983e+01  1.433319e+01  4.000000e+00
   endloop
 endfacet
 facet normal -6.491872e-01 -7.606287e-01 -0.000000e+00
   outer loop
     vertex  4.159673e+01  1.442366e+01  4.000000e+00
     vertex  4.159673e+01  1.442366e+01  0.000000e+00
     vertex  4.164890e+01  1.437913e+01  0.000000e+00
   endloop
 endfacet
 facet normal -6.491872e-01 -7.606287e-01  0.000000e+00
   outer loop
     vertex  4.159673e+01  1.442366e+01  4.000000e+00
     vertex  4.164890e+01  1.437913e+01  0.000000e+00
     vertex  4.164890e+01  1.437913e+01  4.000000e+00
   endloop
 endfacet
 facet normal -6.280757e-01 -7.781522e-01 -0.000000e+00
   outer loop
     vertex  4.154335e+01  1.446674e+01  4.000000e+00
     vertex  4.154335e+01  1.446674e+01  0.000000e+00
     vertex  4.159673e+01  1.442366e+01  0.000000e+00
   endloop
 endfacet
 facet normal -6.064915e-01 -7.950900e-01 -0.000000e+00
   outer loop
     vertex  4.154335e+01  1.446674e+01  4.000000e+00
     vertex  4.148882e+01  1.450834e+01  0.000000e+00
     vertex  4.154335e+01  1.446674e+01  0.000000e+00
   endloop
 endfacet
 facet normal -6.280757e-01 -7.781522e-01  0.000000e+00
   outer loop
     vertex  4.154335e+01  1.446674e+01  4.000000e+00
     vertex  4.159673e+01  1.442366e+01  0.000000e+00
     vertex  4.159673e+01  1.442366e+01  4.000000e+00
   endloop
 endfacet
 facet normal -6.064915e-01 -7.950900e-01 -0.000000e+00
   outer loop
     vertex  4.148882e+01  1.450834e+01  4.000000e+00
     vertex  4.148882e+01  1.450834e+01  0.000000e+00
     vertex  4.154335e+01  1.446674e+01  4.000000e+00
   endloop
 endfacet
 facet normal -5.844507e-01 -8.114292e-01  0.000000e+00
   outer loop
     vertex  4.143316e+01  1.454843e+01  4.000000e+00
     vertex  4.148882e+01  1.450834e+01  0.000000e+00
     vertex  4.148882e+01  1.450834e+01  4.000000e+00
   endloop
 endfacet
 facet normal -5.844507e-01 -8.114292e-01 -0.000000e+00
   outer loop
     vertex  4.143316e+01  1.454843e+01  4.000000e+00
     vertex  4.143316e+01  1.454843e+01  0.000000e+00
     vertex  4.148882e+01  1.450834e+01  0.000000e+00
   endloop
 endfacet
 facet normal -5.619699e-01 -8.271577e-01 -0.000000e+00
   outer loop
     vertex  4.137642e+01  1.458697e+01  4.000000e+00
     vertex  4.137642e+01  1.458697e+01  0.000000e+00
     vertex  4.143316e+01  1.454843e+01  0.000000e+00
   endloop
 endfacet
 facet normal -5.619699e-01 -8.271577e-01  0.000000e+00
   outer loop
     vertex  4.137642e+01  1.458697e+01  4.000000e+00
     vertex  4.143316e+01  1.454843e+01  0.000000e+00
     vertex  4.143316e+01  1.454843e+01  4.000000e+00
   endloop
 endfacet
 facet normal -5.390661e-01 -8.422635e-01  0.000000e+00
   outer loop
     vertex  4.131865e+01  1.462395e+01  4.000000e+00
     vertex  4.137642e+01  1.458697e+01  0.000000e+00
     vertex  4.137642e+01  1.458697e+01  4.000000e+00
   endloop
 endfacet
 facet normal -5.390661e-01 -8.422635e-01 -0.000000e+00
   outer loop
     vertex  4.131865e+01  1.462395e+01  4.000000e+00
     vertex  4.131865e+01  1.462395e+01  0.000000e+00
     vertex  4.137642e+01  1.458697e+01  0.000000e+00
   endloop
 endfacet
 facet normal -5.157565e-01 -8.567352e-01  0.000000e+00
   outer loop
     vertex  4.125989e+01  1.465932e+01  4.000000e+00
     vertex  4.131865e+01  1.462395e+01  0.000000e+00
     vertex  4.131865e+01  1.462395e+01  4.000000e+00
   endloop
 endfacet
 facet normal -5.157565e-01 -8.567352e-01 -0.000000e+00
   outer loop
     vertex  4.125989e+01  1.465932e+01  4.000000e+00
     vertex  4.125989e+01  1.465932e+01  0.000000e+00
     vertex  4.131865e+01  1.462395e+01  0.000000e+00
   endloop
 endfacet
 facet normal -4.920587e-01 -8.705620e-01  0.000000e+00
   outer loop
     vertex  4.120017e+01  1.469308e+01  4.000000e+00
     vertex  4.125989e+01  1.465932e+01  0.000000e+00
     vertex  4.125989e+01  1.465932e+01  4.000000e+00
   endloop
 endfacet
 facet normal -4.920587e-01 -8.705620e-01 -0.000000e+00
   outer loop
     vertex  4.120017e+01  1.469308e+01  4.000000e+00
     vertex  4.120017e+01  1.469308e+01  0.000000e+00
     vertex  4.125989e+01  1.465932e+01  0.000000e+00
   endloop
 endfacet
 facet normal -4.679904e-01 -8.837335e-01  0.000000e+00
   outer loop
     vertex  4.113956e+01  1.472518e+01  4.000000e+00
     vertex  4.120017e+01  1.469308e+01  0.000000e+00
     vertex  4.120017e+01  1.469308e+01  4.000000e+00
   endloop
 endfacet
 facet normal -4.679904e-01 -8.837335e-01 -0.000000e+00
   outer loop
     vertex  4.113956e+01  1.472518e+01  4.000000e+00
     vertex  4.113956e+01  1.472518e+01  0.000000e+00
     vertex  4.120017e+01  1.469308e+01  0.000000e+00
   endloop
 endfacet
 facet normal -4.435699e-01 -8.962398e-01  0.000000e+00
   outer loop
     vertex  4.107808e+01  1.475560e+01  4.000000e+00
     vertex  4.113956e+01  1.472518e+01  0.000000e+00
     vertex  4.113956e+01  1.472518e+01  4.000000e+00
   endloop
 endfacet
 facet normal -4.435699e-01 -8.962398e-01 -0.000000e+00
   outer loop
     vertex  4.107808e+01  1.475560e+01  4.000000e+00
     vertex  4.107808e+01  1.475560e+01  0.000000e+00
     vertex  4.113956e+01  1.472518e+01  0.000000e+00
   endloop
 endfacet
 facet normal -4.188155e-01 -9.080714e-01 -0.000000e+00
   outer loop
     vertex  4.107808e+01  1.475560e+01  4.000000e+00
     vertex  4.101580e+01  1.478433e+01  0.000000e+00
     vertex  4.107808e+01  1.475560e+01  0.000000e+00
   endloop
 endfacet
 facet normal -4.188155e-01 -9.080714e-01 -0.000000e+00
   outer loop
     vertex  4.101580e+01  1.478433e+01  4.000000e+00
     vertex  4.101580e+01  1.478433e+01  0.000000e+00
     vertex  4.107808e+01  1.475560e+01  4.000000e+00
   endloop
 endfacet
 facet normal -3.937458e-01 -9.192194e-01  0.000000e+00
   outer loop
     vertex  4.095275e+01  1.481134e+01  4.000000e+00
     vertex  4.101580e+01  1.478433e+01  0.000000e+00
     vertex  4.101580e+01  1.478433e+01  4.000000e+00
   endloop
 endfacet
 facet normal -3.937458e-01 -9.192194e-01 -0.000000e+00
   outer loop
     vertex  4.095275e+01  1.481134e+01  4.000000e+00
     vertex  4.095275e+01  1.481134e+01  0.000000e+00
     vertex  4.101580e+01  1.478433e+01  0.000000e+00
   endloop
 endfacet
 facet normal -3.683796e-01 -9.296754e-01  0.000000e+00
   outer loop
     vertex  4.088898e+01  1.483660e+01  4.000000e+00
     vertex  4.095275e+01  1.481134e+01  0.000000e+00
     vertex  4.095275e+01  1.481134e+01  4.000000e+00
   endloop
 endfacet
 facet normal -3.683796e-01 -9.296754e-01 -0.000000e+00
   outer loop
     vertex  4.088898e+01  1.483660e+01  4.000000e+00
     vertex  4.088898e+01  1.483660e+01  0.000000e+00
     vertex  4.095275e+01  1.481134e+01  0.000000e+00
   endloop
 endfacet
 facet normal -3.427362e-01 -9.394317e-01 -0.000000e+00
   outer loop
     vertex  4.088898e+01  1.483660e+01  4.000000e+00
     vertex  4.082454e+01  1.486011e+01  0.000000e+00
     vertex  4.088898e+01  1.483660e+01  0.000000e+00
   endloop
 endfacet
 facet normal -3.427362e-01 -9.394317e-01 -0.000000e+00
   outer loop
     vertex  4.082454e+01  1.486011e+01  4.000000e+00
     vertex  4.082454e+01  1.486011e+01  0.000000e+00
     vertex  4.088898e+01  1.483660e+01  4.000000e+00
   endloop
 endfacet
 facet normal -3.168348e-01 -9.484807e-01 -0.000000e+00
   outer loop
     vertex  4.082454e+01  1.486011e+01  4.000000e+00
     vertex  4.075948e+01  1.488184e+01  0.000000e+00
     vertex  4.082454e+01  1.486011e+01  0.000000e+00
   endloop
 endfacet
 facet normal -3.168348e-01 -9.484807e-01 -0.000000e+00
   outer loop
     vertex  4.075948e+01  1.488184e+01  4.000000e+00
     vertex  4.075948e+01  1.488184e+01  0.000000e+00
     vertex  4.082454e+01  1.486011e+01  4.000000e+00
   endloop
 endfacet
 facet normal -2.906949e-01 -9.568158e-01  0.000000e+00
   outer loop
     vertex  4.069385e+01  1.490178e+01  4.000000e+00
     vertex  4.075948e+01  1.488184e+01  0.000000e+00
     vertex  4.075948e+01  1.488184e+01  4.000000e+00
   endloop
 endfacet
 facet normal -2.906949e-01 -9.568158e-01 -0.000000e+00
   outer loop
     vertex  4.069385e+01  1.490178e+01  4.000000e+00
     vertex  4.069385e+01  1.490178e+01  0.000000e+00
     vertex  4.075948e+01  1.488184e+01  0.000000e+00
   endloop
 endfacet
 facet normal -2.643362e-01 -9.644306e-01  0.000000e+00
   outer loop
     vertex  4.062770e+01  1.491992e+01  4.000000e+00
     vertex  4.069385e+01  1.490178e+01  0.000000e+00
     vertex  4.069385e+01  1.490178e+01  4.000000e+00
   endloop
 endfacet
 facet normal -2.643362e-01 -9.644306e-01 -0.000000e+00
   outer loop
     vertex  4.062770e+01  1.491992e+01  4.000000e+00
     vertex  4.062770e+01  1.491992e+01  0.000000e+00
     vertex  4.069385e+01  1.490178e+01  0.000000e+00
   endloop
 endfacet
 facet normal -2.377784e-01 -9.713194e-01  0.000000e+00
   outer loop
     vertex  4.056108e+01  1.493622e+01  4.000000e+00
     vertex  4.062770e+01  1.491992e+01  0.000000e+00
     vertex  4.062770e+01  1.491992e+01  4.000000e+00
   endloop
 endfacet
 facet normal -2.377784e-01 -9.713194e-01 -0.000000e+00
   outer loop
     vertex  4.056108e+01  1.493622e+01  4.000000e+00
     vertex  4.056108e+01  1.493622e+01  0.000000e+00
     vertex  4.062770e+01  1.491992e+01  0.000000e+00
   endloop
 endfacet
 facet normal -2.110417e-01 -9.774771e-01 -0.000000e+00
   outer loop
     vertex  4.056108e+01  1.493622e+01  4.000000e+00
     vertex  4.049403e+01  1.495070e+01  0.000000e+00
     vertex  4.056108e+01  1.493622e+01  0.000000e+00
   endloop
 endfacet
 facet normal -2.110417e-01 -9.774771e-01 -0.000000e+00
   outer loop
     vertex  4.049403e+01  1.495070e+01  4.000000e+00
     vertex  4.049403e+01  1.495070e+01  0.000000e+00
     vertex  4.056108e+01  1.493622e+01  4.000000e+00
   endloop
 endfacet
 facet normal -1.841461e-01 -9.828989e-01  0.000000e+00
   outer loop
     vertex  4.042661e+01  1.496333e+01  4.000000e+00
     vertex  4.049403e+01  1.495070e+01  0.000000e+00
     vertex  4.049403e+01  1.495070e+01  4.000000e+00
   endloop
 endfacet
 facet normal -1.841461e-01 -9.828989e-01 -0.000000e+00
   outer loop
     vertex  4.042661e+01  1.496333e+01  4.000000e+00
     vertex  4.042661e+01  1.496333e+01  0.000000e+00
     vertex  4.049403e+01  1.495070e+01  0.000000e+00
   endloop
 endfacet
 facet normal -1.571119e-01 -9.875808e-01  0.000000e+00
   outer loop
     vertex  4.035887e+01  1.497411e+01  4.000000e+00
     vertex  4.042661e+01  1.496333e+01  0.000000e+00
     vertex  4.042661e+01  1.496333e+01  4.000000e+00
   endloop
 endfacet
 facet normal -1.571119e-01 -9.875808e-01 -0.000000e+00
   outer loop
     vertex  4.035887e+01  1.497411e+01  4.000000e+00
     vertex  4.035887e+01  1.497411e+01  0.000000e+00
     vertex  4.042661e+01  1.496333e+01  0.000000e+00
   endloop
 endfacet
 facet normal -1.299594e-01 -9.915193e-01  0.000000e+00
   outer loop
     vertex  4.029086e+01  1.498302e+01  4.000000e+00
     vertex  4.035887e+01  1.497411e+01  0.000000e+00
     vertex  4.035887e+01  1.497411e+01  4.000000e+00
   endloop
 endfacet
 facet normal -1.299594e-01 -9.915193e-01 -0.000000e+00
   outer loop
     vertex  4.029086e+01  1.498302e+01  4.000000e+00
     vertex  4.029086e+01  1.498302e+01  0.000000e+00
     vertex  4.035887e+01  1.497411e+01  0.000000e+00
   endloop
 endfacet
 facet normal -1.027091e-01 -9.947114e-01 -0.000000e+00
   outer loop
     vertex  4.029086e+01  1.498302e+01  4.000000e+00
     vertex  4.022263e+01  1.499007e+01  0.000000e+00
     vertex  4.029086e+01  1.498302e+01  0.000000e+00
   endloop
 endfacet
 facet normal -1.027091e-01 -9.947114e-01 -0.000000e+00
   outer loop
     vertex  4.022263e+01  1.499007e+01  4.000000e+00
     vertex  4.022263e+01  1.499007e+01  0.000000e+00
     vertex  4.029086e+01  1.498302e+01  4.000000e+00
   endloop
 endfacet
 facet normal -7.538152e-02 -9.971548e-01  0.000000e+00
   outer loop
     vertex  4.015424e+01  1.499524e+01  4.000000e+00
     vertex  4.022263e+01  1.499007e+01  0.000000e+00
     vertex  4.022263e+01  1.499007e+01  4.000000e+00
   endloop
 endfacet
 facet normal -7.538152e-02 -9.971548e-01 -0.000000e+00
   outer loop
     vertex  4.015424e+01  1.499524e+01  4.000000e+00
     vertex  4.015424e+01  1.499524e+01  0.000000e+00
     vertex  4.022263e+01  1.499007e+01  0.000000e+00
   endloop
 endfacet
 facet normal -4.799716e-02 -9.988475e-01  0.000000e+00
   outer loop
     vertex  4.008573e+01  1.499853e+01  4.000000e+00
     vertex  4.015424e+01  1.499524e+01  0.000000e+00
     vertex  4.015424e+01  1.499524e+01  4.000000e+00
   endloop
 endfacet
 facet normal -4.799716e-02 -9.988475e-01 -0.000000e+00
   outer loop
     vertex  4.008573e+01  1.499853e+01  4.000000e+00
     vertex  4.008573e+01  1.499853e+01  0.000000e+00
     vertex  4.015424e+01  1.499524e+01  0.000000e+00
   endloop
 endfacet
 facet normal -2.057667e-02 -9.997883e-01 -0.000000e+00
   outer loop
     vertex  4.001715e+01  1.499994e+01  4.000000e+00
     vertex  4.001715e+01  1.499994e+01  0.000000e+00
     vertex  4.008573e+01  1.499853e+01  0.000000e+00
   endloop
 endfacet
 facet normal -2.057667e-02 -9.997883e-01  0.000000e+00
   outer loop
     vertex  4.001715e+01  1.499994e+01  4.000000e+00
     vertex  4.008573e+01  1.499853e+01  0.000000e+00
     vertex  4.008573e+01  1.499853e+01  4.000000e+00
   endloop
 endfacet
 facet normal  6.859319e-03 -9.999765e-01  0.000000e+00
   outer loop
     vertex  3.994856e+01  1.499947e+01  4.000000e+00
     vertex  3.994856e+01  1.499947e+01  0.000000e+00
     vertex  4.001715e+01  1.499994e+01  0.000000e+00
   endloop
 endfacet
 facet normal  3.429014e-02 -9.994119e-01  0.000000e+00
   outer loop
     vertex  3.994856e+01  1.499947e+01  4.000000e+00
     vertex  3.988001e+01  1.499712e+01  0.000000e+00
     vertex  3.994856e+01  1.499947e+01  0.000000e+00
   endloop
 endfacet
 facet normal  6.859319e-03 -9.999765e-01  0.000000e+00
   outer loop
     vertex  3.994856e+01  1.499947e+01  4.000000e+00
     vertex  4.001715e+01  1.499994e+01  0.000000e+00
     vertex  4.001715e+01  1.499994e+01  4.000000e+00
   endloop
 endfacet
 facet normal  3.429014e-02 -9.994119e-01  0.000000e+00
   outer loop
     vertex  3.988001e+01  1.499712e+01  4.000000e+00
     vertex  3.988001e+01  1.499712e+01  0.000000e+00
     vertex  3.994856e+01  1.499947e+01  4.000000e+00
   endloop
 endfacet
 facet normal  6.169515e-02 -9.980950e-01  0.000000e+00
   outer loop
     vertex  3.981155e+01  1.499289e+01  4.000000e+00
     vertex  3.981155e+01  1.499289e+01  0.000000e+00
     vertex  3.988001e+01  1.499712e+01  0.000000e+00
   endloop
 endfacet
 facet normal  8.905371e-02 -9.960268e-01  0.000000e+00
   outer loop
     vertex  3.981155e+01  1.499289e+01  4.000000e+00
     vertex  3.974323e+01  1.498678e+01  0.000000e+00
     vertex  3.981155e+01  1.499289e+01  0.000000e+00
   endloop
 endfacet
 facet normal  6.169515e-02 -9.980950e-01  0.000000e+00
   outer loop
     vertex  3.981155e+01  1.499289e+01  4.000000e+00
     vertex  3.988001e+01  1.499712e+01  0.000000e+00
     vertex  3.988001e+01  1.499712e+01  4.000000e+00
   endloop
 endfacet
 facet normal  8.905371e-02 -9.960268e-01  0.000000e+00
   outer loop
     vertex  3.974323e+01  1.498678e+01  4.000000e+00
     vertex  3.974323e+01  1.498678e+01  0.000000e+00
     vertex  3.981155e+01  1.499289e+01  4.000000e+00
   endloop
 endfacet
 facet normal  1.163452e-01 -9.932088e-01  0.000000e+00
   outer loop
     vertex  3.974323e+01  1.498678e+01  4.000000e+00
     vertex  3.967510e+01  1.497880e+01  0.000000e+00
     vertex  3.974323e+01  1.498678e+01  0.000000e+00
   endloop
 endfacet
 facet normal  1.163452e-01 -9.932088e-01  0.000000e+00
   outer loop
     vertex  3.967510e+01  1.497880e+01  4.000000e+00
     vertex  3.967510e+01  1.497880e+01  0.000000e+00
     vertex  3.974323e+01  1.498678e+01  4.000000e+00
   endloop
 endfacet
 facet normal  1.435492e-01 -9.896432e-01  0.000000e+00
   outer loop
     vertex  3.960722e+01  1.496895e+01  4.000000e+00
     vertex  3.967510e+01  1.497880e+01  0.000000e+00
     vertex  3.967510e+01  1.497880e+01  4.000000e+00
   endloop
 endfacet
 facet normal  1.435492e-01 -9.896432e-01  0.000000e+00
   outer loop
     vertex  3.960722e+01  1.496895e+01  4.000000e+00
     vertex  3.960722e+01  1.496895e+01  0.000000e+00
     vertex  3.967510e+01  1.497880e+01  0.000000e+00
   endloop
 endfacet
 facet normal  1.706451e-01 -9.853326e-01  0.000000e+00
   outer loop
     vertex  3.953963e+01  1.495725e+01  4.000000e+00
     vertex  3.960722e+01  1.496895e+01  0.000000e+00
     vertex  3.960722e+01  1.496895e+01  4.000000e+00
   endloop
 endfacet
 facet normal  1.706451e-01 -9.853326e-01  0.000000e+00
   outer loop
     vertex  3.953963e+01  1.495725e+01  4.000000e+00
     vertex  3.953963e+01  1.495725e+01  0.000000e+00
     vertex  3.960722e+01  1.496895e+01  0.000000e+00
   endloop
 endfacet
 facet normal  1.976125e-01 -9.802802e-01  0.000000e+00
   outer loop
     vertex  3.953963e+01  1.495725e+01  4.000000e+00
     vertex  3.947240e+01  1.494369e+01  0.000000e+00
     vertex  3.953963e+01  1.495725e+01  0.000000e+00
   endloop
 endfacet
 facet normal  1.976125e-01 -9.802802e-01  0.000000e+00
   outer loop
     vertex  3.947240e+01  1.494369e+01  4.000000e+00
     vertex  3.947240e+01  1.494369e+01  0.000000e+00
     vertex  3.953963e+01  1.495725e+01  4.000000e+00
   endloop
 endfacet
 facet normal  2.244312e-01 -9.744899e-01  0.000000e+00
   outer loop
     vertex  3.940555e+01  1.492830e+01  4.000000e+00
     vertex  3.947240e+01  1.494369e+01  0.000000e+00
     vertex  3.947240e+01  1.494369e+01  4.000000e+00
   endloop
 endfacet
 facet normal  2.244312e-01 -9.744899e-01  0.000000e+00
   outer loop
     vertex  3.940555e+01  1.492830e+01  4.000000e+00
     vertex  3.940555e+01  1.492830e+01  0.000000e+00
     vertex  3.947240e+01  1.494369e+01  0.000000e+00
   endloop
 endfacet
 facet normal  2.510809e-01 -9.679661e-01  0.000000e+00
   outer loop
     vertex  3.933916e+01  1.491108e+01  4.000000e+00
     vertex  3.940555e+01  1.492830e+01  0.000000e+00
     vertex  3.940555e+01  1.492830e+01  4.000000e+00
   endloop
 endfacet
 facet normal  2.510809e-01 -9.679661e-01  0.000000e+00
   outer loop
     vertex  3.933916e+01  1.491108e+01  4.000000e+00
     vertex  3.933916e+01  1.491108e+01  0.000000e+00
     vertex  3.940555e+01  1.492830e+01  0.000000e+00
   endloop
 endfacet
 facet normal  2.775416e-01 -9.607136e-01  0.000000e+00
   outer loop
     vertex  3.933916e+01  1.491108e+01  4.000000e+00
     vertex  3.927326e+01  1.489204e+01  0.000000e+00
     vertex  3.933916e+01  1.491108e+01  0.000000e+00
   endloop
 endfacet
 facet normal  2.775416e-01 -9.607136e-01  0.000000e+00
   outer loop
     vertex  3.927326e+01  1.489204e+01  4.000000e+00
     vertex  3.927326e+01  1.489204e+01  0.000000e+00
     vertex  3.933916e+01  1.491108e+01  4.000000e+00
   endloop
 endfacet
 facet normal  3.037934e-01 -9.527379e-01  0.000000e+00
   outer loop
     vertex  3.920791e+01  1.487120e+01  4.000000e+00
     vertex  3.927326e+01  1.489204e+01  0.000000e+00
     vertex  3.927326e+01  1.489204e+01  4.000000e+00
   endloop
 endfacet
 facet normal  3.037934e-01 -9.527379e-01  0.000000e+00
   outer loop
     vertex  3.920791e+01  1.487120e+01  4.000000e+00
     vertex  3.920791e+01  1.487120e+01  0.000000e+00
     vertex  3.927326e+01  1.489204e+01  0.000000e+00
   endloop
 endfacet
 facet normal  3.298166e-01 -9.440450e-01  0.000000e+00
   outer loop
     vertex  3.914316e+01  1.484858e+01  4.000000e+00
     vertex  3.920791e+01  1.487120e+01  0.000000e+00
     vertex  3.920791e+01  1.487120e+01  4.000000e+00
   endloop
 endfacet
 facet normal  3.298166e-01 -9.440450e-01  0.000000e+00
   outer loop
     vertex  3.914316e+01  1.484858e+01  4.000000e+00
     vertex  3.914316e+01  1.484858e+01  0.000000e+00
     vertex  3.920791e+01  1.487120e+01  0.000000e+00
   endloop
 endfacet
 facet normal  3.555914e-01 -9.346415e-01  0.000000e+00
   outer loop
     vertex  3.907905e+01  1.482419e+01  4.000000e+00
     vertex  3.914316e+01  1.484858e+01  0.000000e+00
     vertex  3.914316e+01  1.484858e+01  4.000000e+00
   endloop
 endfacet
 facet normal  3.555914e-01 -9.346415e-01  0.000000e+00
   outer loop
     vertex  3.907905e+01  1.482419e+01  4.000000e+00
     vertex  3.907905e+01  1.482419e+01  0.000000e+00
     vertex  3.914316e+01  1.484858e+01  0.000000e+00
   endloop
 endfacet
 facet normal  3.810986e-01 -9.245344e-01  0.000000e+00
   outer loop
     vertex  3.907905e+01  1.482419e+01  4.000000e+00
     vertex  3.901564e+01  1.479805e+01  0.000000e+00
     vertex  3.907905e+01  1.482419e+01  0.000000e+00
   endloop
 endfacet
 facet normal  4.063188e-01 -9.137314e-01  0.000000e+00
   outer loop
     vertex  3.901564e+01  1.479805e+01  4.000000e+00
     vertex  3.895296e+01  1.477018e+01  0.000000e+00
     vertex  3.901564e+01  1.479805e+01  0.000000e+00
   endloop
 endfacet
 facet normal  3.810986e-01 -9.245344e-01  0.000000e+00
   outer loop
     vertex  3.901564e+01  1.479805e+01  4.000000e+00
     vertex  3.901564e+01  1.479805e+01  0.000000e+00
     vertex  3.907905e+01  1.482419e+01  4.000000e+00
   endloop
 endfacet
 facet normal  4.063188e-01 -9.137314e-01  0.000000e+00
   outer loop
     vertex  3.895296e+01  1.477018e+01  4.000000e+00
     vertex  3.895296e+01  1.477018e+01  0.000000e+00
     vertex  3.901564e+01  1.479805e+01  4.000000e+00
   endloop
 endfacet
 facet normal  4.312333e-01 -9.022405e-01  0.000000e+00
   outer loop
     vertex  3.889108e+01  1.474060e+01  4.000000e+00
     vertex  3.889108e+01  1.474060e+01  0.000000e+00
     vertex  3.895296e+01  1.477018e+01  0.000000e+00
   endloop
 endfacet
 facet normal  4.312333e-01 -9.022405e-01  0.000000e+00
   outer loop
     vertex  3.889108e+01  1.474060e+01  4.000000e+00
     vertex  3.895296e+01  1.477018e+01  0.000000e+00
     vertex  3.895296e+01  1.477018e+01  4.000000e+00
   endloop
 endfacet
 facet normal  4.558231e-01 -8.900704e-01  0.000000e+00
   outer loop
     vertex  3.883002e+01  1.470933e+01  4.000000e+00
     vertex  3.883002e+01  1.470933e+01  0.000000e+00
     vertex  3.889108e+01  1.474060e+01  0.000000e+00
   endloop
 endfacet
 facet normal  4.800697e-01 -8.772303e-01  0.000000e+00
   outer loop
     vertex  3.883002e+01  1.470933e+01  4.000000e+00
     vertex  3.876985e+01  1.467641e+01  0.000000e+00
     vertex  3.883002e+01  1.470933e+01  0.000000e+00
   endloop
 endfacet
 facet normal  4.558231e-01 -8.900704e-01  0.000000e+00
   outer loop
     vertex  3.883002e+01  1.470933e+01  4.000000e+00
     vertex  3.889108e+01  1.474060e+01  0.000000e+00
     vertex  3.889108e+01  1.474060e+01  4.000000e+00
   endloop
 endfacet
 facet normal  5.039550e-01 -8.637299e-01  0.000000e+00
   outer loop
     vertex  3.876985e+01  1.467641e+01  4.000000e+00
     vertex  3.871061e+01  1.464184e+01  0.000000e+00
     vertex  3.876985e+01  1.467641e+01  0.000000e+00
   endloop
 endfacet
 facet normal  4.800697e-01 -8.772303e-01  0.000000e+00
   outer loop
     vertex  3.876985e+01  1.467641e+01  4.000000e+00
     vertex  3.876985e+01  1.467641e+01  0.000000e+00
     vertex  3.883002e+01  1.470933e+01  4.000000e+00
   endloop
 endfacet
 facet normal  5.039550e-01 -8.637299e-01  0.000000e+00
   outer loop
     vertex  3.871061e+01  1.464184e+01  4.000000e+00
     vertex  3.871061e+01  1.464184e+01  0.000000e+00
     vertex  3.876985e+01  1.467641e+01  4.000000e+00
   endloop
 endfacet
 facet normal  5.274609e-01 -8.495793e-01  0.000000e+00
   outer loop
     vertex  3.865233e+01  1.460566e+01  4.000000e+00
     vertex  3.865233e+01  1.460566e+01  0.000000e+00
     vertex  3.871061e+01  1.464184e+01  0.000000e+00
   endloop
 endfacet
 facet normal  5.274609e-01 -8.495793e-01  0.000000e+00
   outer loop
     vertex  3.865233e+01  1.460566e+01  4.000000e+00
     vertex  3.871061e+01  1.464184e+01  0.000000e+00
     vertex  3.871061e+01  1.464184e+01  4.000000e+00
   endloop
 endfacet
 facet normal  5.505698e-01 -8.347891e-01  0.000000e+00
   outer loop
     vertex  3.859508e+01  1.456789e+01  4.000000e+00
     vertex  3.859508e+01  1.456789e+01  0.000000e+00
     vertex  3.865233e+01  1.460566e+01  0.000000e+00
   endloop
 endfacet
 facet normal  5.505698e-01 -8.347891e-01  0.000000e+00
   outer loop
     vertex  3.859508e+01  1.456789e+01  4.000000e+00
     vertex  3.865233e+01  1.460566e+01  0.000000e+00
     vertex  3.865233e+01  1.460566e+01  4.000000e+00
   endloop
 endfacet
 facet normal  5.732642e-01 -8.193706e-01  0.000000e+00
   outer loop
     vertex  3.853887e+01  1.452857e+01  4.000000e+00
     vertex  3.853887e+01  1.452857e+01  0.000000e+00
     vertex  3.859508e+01  1.456789e+01  0.000000e+00
   endloop
 endfacet
 facet normal  5.732642e-01 -8.193706e-01  0.000000e+00
   outer loop
     vertex  3.853887e+01  1.452857e+01  4.000000e+00
     vertex  3.859508e+01  1.456789e+01  0.000000e+00
     vertex  3.859508e+01  1.456789e+01  4.000000e+00
   endloop
 endfacet
 facet normal  5.955271e-01 -8.033352e-01  0.000000e+00
   outer loop
     vertex  3.848377e+01  1.448772e+01  4.000000e+00
     vertex  3.848377e+01  1.448772e+01  0.000000e+00
     vertex  3.853887e+01  1.452857e+01  0.000000e+00
   endloop
 endfacet
 facet normal  5.955271e-01 -8.033352e-01  0.000000e+00
   outer loop
     vertex  3.848377e+01  1.448772e+01  4.000000e+00
     vertex  3.853887e+01  1.452857e+01  0.000000e+00
     vertex  3.853887e+01  1.452857e+01  4.000000e+00
   endloop
 endfacet
 facet normal  6.173417e-01 -7.866951e-01  0.000000e+00
   outer loop
     vertex  3.842981e+01  1.444538e+01  4.000000e+00
     vertex  3.842981e+01  1.444538e+01  0.000000e+00
     vertex  3.848377e+01  1.448772e+01  0.000000e+00
   endloop
 endfacet
 facet normal  6.386916e-01 -7.694628e-01  0.000000e+00
   outer loop
     vertex  3.842981e+01  1.444538e+01  4.000000e+00
     vertex  3.837703e+01  1.440157e+01  0.000000e+00
     vertex  3.842981e+01  1.444538e+01  0.000000e+00
   endloop
 endfacet
 facet normal  6.173417e-01 -7.866951e-01  0.000000e+00
   outer loop
     vertex  3.842981e+01  1.444538e+01  4.000000e+00
     vertex  3.848377e+01  1.448772e+01  0.000000e+00
     vertex  3.848377e+01  1.448772e+01  4.000000e+00
   endloop
 endfacet
 facet normal  6.595607e-01 -7.516513e-01  0.000000e+00
   outer loop
     vertex  3.837703e+01  1.440157e+01  4.000000e+00
     vertex  3.832548e+01  1.435633e+01  0.000000e+00
     vertex  3.837703e+01  1.440157e+01  0.000000e+00
   endloop
 endfacet
 facet normal  6.386916e-01 -7.694628e-01  0.000000e+00
   outer loop
     vertex  3.837703e+01  1.440157e+01  4.000000e+00
     vertex  3.837703e+01  1.440157e+01  0.000000e+00
     vertex  3.842981e+01  1.444538e+01  4.000000e+00
   endloop
 endfacet
 facet normal  6.799333e-01 -7.332740e-01  0.000000e+00
   outer loop
     vertex  3.832548e+01  1.435633e+01  4.000000e+00
     vertex  3.827518e+01  1.430969e+01  0.000000e+00
     vertex  3.832548e+01  1.435633e+01  0.000000e+00
   endloop
 endfacet
 facet normal  6.595607e-01 -7.516513e-01  0.000000e+00
   outer loop
     vertex  3.832548e+01  1.435633e+01  4.000000e+00
     vertex  3.832548e+01  1.435633e+01  0.000000e+00
     vertex  3.837703e+01  1.440157e+01  4.000000e+00
   endloop
 endfacet
 facet normal  6.997940e-01 -7.143447e-01  0.000000e+00
   outer loop
     vertex  3.827518e+01  1.430969e+01  4.000000e+00
     vertex  3.822618e+01  1.426169e+01  0.000000e+00
     vertex  3.827518e+01  1.430969e+01  0.000000e+00
   endloop
 endfacet
 facet normal  6.799333e-01 -7.332740e-01  0.000000e+00
   outer loop
     vertex  3.827518e+01  1.430969e+01  4.000000e+00
     vertex  3.827518e+01  1.430969e+01  0.000000e+00
     vertex  3.832548e+01  1.435633e+01  4.000000e+00
   endloop
 endfacet
 facet normal  6.997940e-01 -7.143447e-01  0.000000e+00
   outer loop
     vertex  3.822618e+01  1.426169e+01  4.000000e+00
     vertex  3.822618e+01  1.426169e+01  0.000000e+00
     vertex  3.827518e+01  1.430969e+01  4.000000e+00
   endloop
 endfacet
 facet normal  7.191280e-01 -6.948776e-01  0.000000e+00
   outer loop
     vertex  3.817852e+01  1.421237e+01  4.000000e+00
     vertex  3.822618e+01  1.426169e+01  0.000000e+00
     vertex  3.822618e+01  1.426169e+01  4.000000e+00
   endloop
 endfacet
 facet normal  7.191280e-01 -6.948776e-01  0.000000e+00
   outer loop
     vertex  3.817852e+01  1.421237e+01  4.000000e+00
     vertex  3.817852e+01  1.421237e+01  0.000000e+00
     vertex  3.822618e+01  1.426169e+01  0.000000e+00
   endloop
 endfacet
 facet normal  7.379206e-01 -6.748875e-01  0.000000e+00
   outer loop
     vertex  3.813223e+01  1.416175e+01  4.000000e+00
     vertex  3.817852e+01  1.421237e+01  0.000000e+00
     vertex  3.817852e+01  1.421237e+01  4.000000e+00
   endloop
 endfacet
 facet normal  7.379206e-01 -6.748875e-01  0.000000e+00
   outer loop
     vertex  3.813223e+01  1.416175e+01  4.000000e+00
     vertex  3.813223e+01  1.416175e+01  0.000000e+00
     vertex  3.817852e+01  1.421237e+01  0.000000e+00
   endloop
 endfacet
 facet normal  7.561578e-01 -6.543893e-01  0.000000e+00
   outer loop
     vertex  3.813223e+01  1.416175e+01  4.000000e+00
     vertex  3.808734e+01  1.410989e+01  0.000000e+00
     vertex  3.813223e+01  1.416175e+01  0.000000e+00
   endloop
 endfacet
 facet normal  7.561578e-01 -6.543893e-01  0.000000e+00
   outer loop
     vertex  3.808734e+01  1.410989e+01  4.000000e+00
     vertex  3.808734e+01  1.410989e+01  0.000000e+00
     vertex  3.813223e+01  1.416175e+01  4.000000e+00
   endloop
 endfacet
 facet normal  7.738257e-01 -6.333986e-01  0.000000e+00
   outer loop
     vertex  3.804389e+01  1.405681e+01  4.000000e+00
     vertex  3.804389e+01  1.405681e+01  0.000000e+00
     vertex  3.808734e+01  1.410989e+01  0.000000e+00
   endloop
 endfacet
 facet normal  7.738257e-01 -6.333986e-01  0.000000e+00
   outer loop
     vertex  3.804389e+01  1.405681e+01  4.000000e+00
     vertex  3.808734e+01  1.410989e+01  0.000000e+00
     vertex  3.808734e+01  1.410989e+01  4.000000e+00
   endloop
 endfacet
 facet normal  7.909112e-01 -6.119310e-01  0.000000e+00
   outer loop
     vertex  3.800192e+01  1.400256e+01  4.000000e+00
     vertex  3.800192e+01  1.400256e+01  0.000000e+00
     vertex  3.804389e+01  1.405681e+01  0.000000e+00
   endloop
 endfacet
 facet normal  8.074012e-01 -5.900028e-01  0.000000e+00
   outer loop
     vertex  3.800192e+01  1.400256e+01  4.000000e+00
     vertex  3.796145e+01  1.394718e+01  0.000000e+00
     vertex  3.800192e+01  1.400256e+01  0.000000e+00
   endloop
 endfacet
 facet normal  7.909112e-01 -6.119310e-01  0.000000e+00
   outer loop
     vertex  3.800192e+01  1.400256e+01  4.000000e+00
     vertex  3.804389e+01  1.405681e+01  0.000000e+00
     vertex  3.804389e+01  1.405681e+01  4.000000e+00
   endloop
 endfacet
 facet normal  8.074012e-01 -5.900028e-01  0.000000e+00
   outer loop
     vertex  3.796145e+01  1.394718e+01  4.000000e+00
     vertex  3.796145e+01  1.394718e+01  0.000000e+00
     vertex  3.800192e+01  1.400256e+01  4.000000e+00
   endloop
 endfacet
 facet normal  8.232835e-01 -5.676304e-01  0.000000e+00
   outer loop
     vertex  3.792252e+01  1.389071e+01  4.000000e+00
     vertex  3.792252e+01  1.389071e+01  0.000000e+00
     vertex  3.796145e+01  1.394718e+01  0.000000e+00
   endloop
 endfacet
 facet normal  8.385460e-01 -5.448308e-01  0.000000e+00
   outer loop
     vertex  3.792252e+01  1.389071e+01  4.000000e+00
     vertex  3.788515e+01  1.383319e+01  0.000000e+00
     vertex  3.792252e+01  1.389071e+01  0.000000e+00
   endloop
 endfacet
 facet normal  8.232835e-01 -5.676304e-01  0.000000e+00
   outer loop
     vertex  3.792252e+01  1.389071e+01  4.000000e+00
     vertex  3.796145e+01  1.394718e+01  0.000000e+00
     vertex  3.796145e+01  1.394718e+01  4.000000e+00
   endloop
 endfacet
 facet normal  8.531773e-01 -5.216210e-01  0.000000e+00
   outer loop
     vertex  3.788515e+01  1.383319e+01  4.000000e+00
     vertex  3.784937e+01  1.377467e+01  0.000000e+00
     vertex  3.788515e+01  1.383319e+01  0.000000e+00
   endloop
 endfacet
 facet normal  8.385460e-01 -5.448308e-01  0.000000e+00
   outer loop
     vertex  3.788515e+01  1.383319e+01  4.000000e+00
     vertex  3.788515e+01  1.383319e+01  0.000000e+00
     vertex  3.792252e+01  1.389071e+01  4.000000e+00
   endloop
 endfacet
 facet normal  8.531773e-01 -5.216210e-01  0.000000e+00
   outer loop
     vertex  3.784937e+01  1.377467e+01  4.000000e+00
     vertex  3.784937e+01  1.377467e+01  0.000000e+00
     vertex  3.788515e+01  1.383319e+01  4.000000e+00
   endloop
 endfacet
 facet normal  8.671664e-01 -4.980186e-01  0.000000e+00
   outer loop
     vertex  3.781521e+01  1.371519e+01  4.000000e+00
     vertex  3.781521e+01  1.371519e+01  0.000000e+00
     vertex  3.784937e+01  1.377467e+01  0.000000e+00
   endloop
 endfacet
 facet normal  8.805026e-01 -4.740412e-01  0.000000e+00
   outer loop
     vertex  3.781521e+01  1.371519e+01  4.000000e+00
     vertex  3.778269e+01  1.365479e+01  0.000000e+00
     vertex  3.781521e+01  1.371519e+01  0.000000e+00
   endloop
 endfacet
 facet normal  8.671664e-01 -4.980186e-01  0.000000e+00
   outer loop
     vertex  3.781521e+01  1.371519e+01  4.000000e+00
     vertex  3.784937e+01  1.377467e+01  0.000000e+00
     vertex  3.784937e+01  1.377467e+01  4.000000e+00
   endloop
 endfacet
 facet normal  8.805026e-01 -4.740412e-01  0.000000e+00
   outer loop
     vertex  3.778269e+01  1.365479e+01  4.000000e+00
     vertex  3.778269e+01  1.365479e+01  0.000000e+00
     vertex  3.781521e+01  1.371519e+01  4.000000e+00
   endloop
 endfacet
 facet normal  8.931761e-01 -4.497071e-01  0.000000e+00
   outer loop
     vertex  3.775185e+01  1.359353e+01  4.000000e+00
     vertex  3.775185e+01  1.359353e+01  0.000000e+00
     vertex  3.778269e+01  1.365479e+01  0.000000e+00
   endloop
 endfacet
 facet normal  8.931761e-01 -4.497071e-01  0.000000e+00
   outer loop
     vertex  3.775185e+01  1.359353e+01  4.000000e+00
     vertex  3.778269e+01  1.365479e+01  0.000000e+00
     vertex  3.778269e+01  1.365479e+01  4.000000e+00
   endloop
 endfacet
 facet normal  9.051772e-01 -4.250344e-01  0.000000e+00
   outer loop
     vertex  3.772269e+01  1.353144e+01  4.000000e+00
     vertex  3.772269e+01  1.353144e+01  0.000000e+00
     vertex  3.775185e+01  1.359353e+01  0.000000e+00
   endloop
 endfacet
 facet normal  9.164969e-01 -4.000417e-01  0.000000e+00
   outer loop
     vertex  3.772269e+01  1.353144e+01  4.000000e+00
     vertex  3.769525e+01  1.346858e+01  0.000000e+00
     vertex  3.772269e+01  1.353144e+01  0.000000e+00
   endloop
 endfacet
 facet normal  9.051772e-01 -4.250344e-01  0.000000e+00
   outer loop
     vertex  3.772269e+01  1.353144e+01  4.000000e+00
     vertex  3.775185e+01  1.359353e+01  0.000000e+00
     vertex  3.775185e+01  1.359353e+01  4.000000e+00
   endloop
 endfacet
 facet normal  9.164969e-01 -4.000417e-01  0.000000e+00
   outer loop
     vertex  3.769525e+01  1.346858e+01  4.000000e+00
     vertex  3.769525e+01  1.346858e+01  0.000000e+00
     vertex  3.772269e+01  1.353144e+01  4.000000e+00
   endloop
 endfacet
 facet normal  9.271267e-01 -3.747479e-01  0.000000e+00
   outer loop
     vertex  3.766955e+01  1.340499e+01  4.000000e+00
     vertex  3.766955e+01  1.340499e+01  0.000000e+00
     vertex  3.769525e+01  1.346858e+01  0.000000e+00
   endloop
 endfacet
 facet normal  9.271267e-01 -3.747479e-01  0.000000e+00
   outer loop
     vertex  3.766955e+01  1.340499e+01  4.000000e+00
     vertex  3.769525e+01  1.346858e+01  0.000000e+00
     vertex  3.769525e+01  1.346858e+01  4.000000e+00
   endloop
 endfacet
 facet normal  9.370586e-01 -3.491720e-01  0.000000e+00
   outer loop
     vertex  3.764560e+01  1.334071e+01  4.000000e+00
     vertex  3.764560e+01  1.334071e+01  0.000000e+00
     vertex  3.766955e+01  1.340499e+01  0.000000e+00
   endloop
 endfacet
 facet normal  9.462851e-01 -3.233333e-01  0.000000e+00
   outer loop
     vertex  3.764560e+01  1.334071e+01  4.000000e+00
     vertex  3.762342e+01  1.327580e+01  0.000000e+00
     vertex  3.764560e+01  1.334071e+01  0.000000e+00
   endloop
 endfacet
 facet normal  9.370586e-01 -3.491720e-01  0.000000e+00
   outer loop
     vertex  3.764560e+01  1.334071e+01  4.000000e+00
     vertex  3.766955e+01  1.340499e+01  0.000000e+00
     vertex  3.766955e+01  1.340499e+01  4.000000e+00
   endloop
 endfacet
 facet normal  9.462851e-01 -3.233333e-01  0.000000e+00
   outer loop
     vertex  3.762342e+01  1.327580e+01  4.000000e+00
     vertex  3.762342e+01  1.327580e+01  0.000000e+00
     vertex  3.764560e+01  1.334071e+01  4.000000e+00
   endloop
 endfacet
 facet normal  9.547993e-01 -2.972512e-01  0.000000e+00
   outer loop
     vertex  3.760303e+01  1.321031e+01  4.000000e+00
     vertex  3.760303e+01  1.321031e+01  0.000000e+00
     vertex  3.762342e+01  1.327580e+01  0.000000e+00
   endloop
 endfacet
 facet normal  9.547993e-01 -2.972512e-01  0.000000e+00
   outer loop
     vertex  3.760303e+01  1.321031e+01  4.000000e+00
     vertex  3.762342e+01  1.327580e+01  0.000000e+00
     vertex  3.762342e+01  1.327580e+01  4.000000e+00
   endloop
 endfacet
 facet normal  9.625948e-01 -2.709453e-01  0.000000e+00
   outer loop
     vertex  3.758445e+01  1.314429e+01  4.000000e+00
     vertex  3.758445e+01  1.314429e+01  0.000000e+00
     vertex  3.760303e+01  1.321031e+01  0.000000e+00
   endloop
 endfacet
 facet normal  9.696656e-01 -2.444354e-01  0.000000e+00
   outer loop
     vertex  3.758445e+01  1.314429e+01  4.000000e+00
     vertex  3.756768e+01  1.307778e+01  0.000000e+00
     vertex  3.758445e+01  1.314429e+01  0.000000e+00
   endloop
 endfacet
 facet normal  9.625948e-01 -2.709453e-01  0.000000e+00
   outer loop
     vertex  3.758445e+01  1.314429e+01  4.000000e+00
     vertex  3.760303e+01  1.321031e+01  0.000000e+00
     vertex  3.760303e+01  1.321031e+01  4.000000e+00
   endloop
 endfacet
 facet normal  9.760065e-01 -2.177416e-01  0.000000e+00
   outer loop
     vertex  3.756768e+01  1.307778e+01  4.000000e+00
     vertex  3.755275e+01  1.301083e+01  0.000000e+00
     vertex  3.756768e+01  1.307778e+01  0.000000e+00
   endloop
 endfacet
 facet normal  9.696656e-01 -2.444354e-01  0.000000e+00
   outer loop
     vertex  3.756768e+01  1.307778e+01  4.000000e+00
     vertex  3.756768e+01  1.307778e+01  0.000000e+00
     vertex  3.758445e+01  1.314429e+01  4.000000e+00
   endloop
 endfacet
 facet normal  9.816126e-01 -1.908838e-01  0.000000e+00
   outer loop
     vertex  3.755275e+01  1.301083e+01  4.000000e+00
     vertex  3.753965e+01  1.294350e+01  0.000000e+00
     vertex  3.755275e+01  1.301083e+01  0.000000e+00
   endloop
 endfacet
 facet normal  9.760065e-01 -2.177416e-01  0.000000e+00
   outer loop
     vertex  3.755275e+01  1.301083e+01  4.000000e+00
     vertex  3.755275e+01  1.301083e+01  0.000000e+00
     vertex  3.756768e+01  1.307778e+01  4.000000e+00
   endloop
 endfacet
 facet normal  9.864799e-01 -1.638824e-01  0.000000e+00
   outer loop
     vertex  3.753965e+01  1.294350e+01  4.000000e+00
     vertex  3.752841e+01  1.287584e+01  0.000000e+00
     vertex  3.753965e+01  1.294350e+01  0.000000e+00
   endloop
 endfacet
 facet normal  9.816126e-01 -1.908838e-01  0.000000e+00
   outer loop
     vertex  3.753965e+01  1.294350e+01  4.000000e+00
     vertex  3.753965e+01  1.294350e+01  0.000000e+00
     vertex  3.755275e+01  1.301083e+01  4.000000e+00
   endloop
 endfacet
 facet normal  9.864799e-01 -1.638824e-01  0.000000e+00
   outer loop
     vertex  3.752841e+01  1.287584e+01  4.000000e+00
     vertex  3.752841e+01  1.287584e+01  0.000000e+00
     vertex  3.753965e+01  1.294350e+01  4.000000e+00
   endloop
 endfacet
 facet normal  9.906046e-01 -1.367575e-01  0.000000e+00
   outer loop
     vertex  3.751903e+01  1.280789e+01  4.000000e+00
     vertex  3.751903e+01  1.280789e+01  0.000000e+00
     vertex  3.752841e+01  1.287584e+01  0.000000e+00
   endloop
 endfacet
 facet normal  9.939835e-01 -1.095298e-01  0.000000e+00
   outer loop
     vertex  3.751903e+01  1.280789e+01  4.000000e+00
     vertex  3.751152e+01  1.273971e+01  0.000000e+00
     vertex  3.751903e+01  1.280789e+01  0.000000e+00
   endloop
 endfacet
 facet normal  9.906046e-01 -1.367575e-01  0.000000e+00
   outer loop
     vertex  3.751903e+01  1.280789e+01  4.000000e+00
     vertex  3.752841e+01  1.287584e+01  0.000000e+00
     vertex  3.752841e+01  1.287584e+01  4.000000e+00
   endloop
 endfacet
 facet normal  9.939835e-01 -1.095298e-01  0.000000e+00
   outer loop
     vertex  3.751152e+01  1.273971e+01  4.000000e+00
     vertex  3.751152e+01  1.273971e+01  0.000000e+00
     vertex  3.751903e+01  1.280789e+01  4.000000e+00
   endloop
 endfacet
 facet normal  9.966142e-01 -8.221955e-02  0.000000e+00
   outer loop
     vertex  3.750588e+01  1.267135e+01  4.000000e+00
     vertex  3.751152e+01  1.273971e+01  0.000000e+00
     vertex  3.751152e+01  1.273971e+01  4.000000e+00
   endloop
 endfacet
 facet normal  9.966142e-01 -8.221955e-02  0.000000e+00
   outer loop
     vertex  3.750588e+01  1.267135e+01  4.000000e+00
     vertex  3.750588e+01  1.267135e+01  0.000000e+00
     vertex  3.751152e+01  1.273971e+01  0.000000e+00
   endloop
 endfacet
 facet normal  9.984947e-01 -5.484744e-02  0.000000e+00
   outer loop
     vertex  3.750212e+01  1.260286e+01  4.000000e+00
     vertex  3.750588e+01  1.267135e+01  0.000000e+00
     vertex  3.750588e+01  1.267135e+01  4.000000e+00
   endloop
 endfacet
 facet normal  9.984947e-01 -5.484744e-02  0.000000e+00
   outer loop
     vertex  3.750212e+01  1.260286e+01  4.000000e+00
     vertex  3.750212e+01  1.260286e+01  0.000000e+00
     vertex  3.750588e+01  1.267135e+01  0.000000e+00
   endloop
 endfacet
 facet normal  9.996236e-01 -2.743405e-02  0.000000e+00
   outer loop
     vertex  3.750212e+01  1.260286e+01  4.000000e+00
     vertex  3.750024e+01  1.253430e+01  0.000000e+00
     vertex  3.750212e+01  1.260286e+01  0.000000e+00
   endloop
 endfacet
 facet normal  9.996236e-01 -2.743405e-02  0.000000e+00
   outer loop
     vertex  3.750024e+01  1.253430e+01  4.000000e+00
     vertex  3.750024e+01  1.253430e+01  0.000000e+00
     vertex  3.750212e+01  1.260286e+01  4.000000e+00
   endloop
 endfacet
 facet normal  1.000000e+00 -0.000000e+00  0.000000e+00
   outer loop
     vertex  3.750024e+01  1.246570e+01  4.000000e+00
     vertex  3.750024e+01  1.253430e+01  0.000000e+00
     vertex  3.750024e+01  1.253430e+01  4.000000e+00
   endloop
 endfacet
 facet normal  1.000000e+00  0.000000e+00  0.000000e+00
   outer loop
     vertex  3.750024e+01  1.246570e+01  4.000000e+00
     vertex  3.750024e+01  1.246570e+01  0.000000e+00
     vertex  3.750024e+01  1.253430e+01  0.000000e+00
   endloop
 endfacet
 facet normal  9.996236e-01  2.743405e-02  0.000000e+00
   outer loop
     vertex  3.750024e+01  1.246570e+01  4.000000e+00
     vertex  3.750212e+01  1.239714e+01  0.000000e+00
     vertex  3.750024e+01  1.246570e+01  0.000000e+00
   endloop
 endfacet
 facet normal  9.996236e-01  2.743405e-02  0.000000e+00
   outer loop
     vertex  3.750212e+01  1.239714e+01  4.000000e+00
     vertex  3.750212e+01  1.239714e+01  0.000000e+00
     vertex  3.750024e+01  1.246570e+01  4.000000e+00
   endloop
 endfacet
 facet normal  9.984947e-01  5.484744e-02  0.000000e+00
   outer loop
     vertex  3.750588e+01  1.232865e+01  4.000000e+00
     vertex  3.750212e+01  1.239714e+01  0.000000e+00
     vertex  3.750212e+01  1.239714e+01  4.000000e+00
   endloop
 endfacet
 facet normal  9.984947e-01  5.484744e-02  0.000000e+00
   outer loop
     vertex  3.750588e+01  1.232865e+01  4.000000e+00
     vertex  3.750588e+01  1.232865e+01  0.000000e+00
     vertex  3.750212e+01  1.239714e+01  0.000000e+00
   endloop
 endfacet
 facet normal  9.966142e-01  8.221955e-02  0.000000e+00
   outer loop
     vertex  3.750588e+01  1.232865e+01  4.000000e+00
     vertex  3.751152e+01  1.226029e+01  0.000000e+00
     vertex  3.750588e+01  1.232865e+01  0.000000e+00
   endloop
 endfacet
 facet normal  9.966142e-01  8.221955e-02  0.000000e+00
   outer loop
     vertex  3.751152e+01  1.226029e+01  4.000000e+00
     vertex  3.751152e+01  1.226029e+01  0.000000e+00
     vertex  3.750588e+01  1.232865e+01  4.000000e+00
   endloop
 endfacet
 facet normal  9.939835e-01  1.095298e-01  0.000000e+00
   outer loop
     vertex  3.751903e+01  1.219211e+01  4.000000e+00
     vertex  3.751152e+01  1.226029e+01  0.000000e+00
     vertex  3.751152e+01  1.226029e+01  4.000000e+00
   endloop
 endfacet
 facet normal  9.939835e-01  1.095298e-01  0.000000e+00
   outer loop
     vertex  3.751903e+01  1.219211e+01  4.000000e+00
     vertex  3.751903e+01  1.219211e+01  0.000000e+00
     vertex  3.751152e+01  1.226029e+01  0.000000e+00
   endloop
 endfacet
 facet normal  9.906046e-01  1.367575e-01  0.000000e+00
   outer loop
     vertex  3.751903e+01  1.219211e+01  4.000000e+00
     vertex  3.752841e+01  1.212416e+01  0.000000e+00
     vertex  3.751903e+01  1.219211e+01  0.000000e+00
   endloop
 endfacet
 facet normal  9.906046e-01  1.367575e-01  0.000000e+00
   outer loop
     vertex  3.752841e+01  1.212416e+01  4.000000e+00
     vertex  3.752841e+01  1.212416e+01  0.000000e+00
     vertex  3.751903e+01  1.219211e+01  4.000000e+00
   endloop
 endfacet
 facet normal  9.864799e-01  1.638824e-01  0.000000e+00
   outer loop
     vertex  3.753965e+01  1.205650e+01  4.000000e+00
     vertex  3.752841e+01  1.212416e+01  0.000000e+00
     vertex  3.752841e+01  1.212416e+01  4.000000e+00
   endloop
 endfacet
 facet normal  9.864799e-01  1.638824e-01  0.000000e+00
   outer loop
     vertex  3.753965e+01  1.205650e+01  4.000000e+00
     vertex  3.753965e+01  1.205650e+01  0.000000e+00
     vertex  3.752841e+01  1.212416e+01  0.000000e+00
   endloop
 endfacet
 facet normal  9.816126e-01  1.908838e-01  0.000000e+00
   outer loop
     vertex  3.755275e+01  1.198917e+01  4.000000e+00
     vertex  3.753965e+01  1.205650e+01  0.000000e+00
     vertex  3.753965e+01  1.205650e+01  4.000000e+00
   endloop
 endfacet
 facet normal  9.816126e-01  1.908838e-01  0.000000e+00
   outer loop
     vertex  3.755275e+01  1.198917e+01  4.000000e+00
     vertex  3.755275e+01  1.198917e+01  0.000000e+00
     vertex  3.753965e+01  1.205650e+01  0.000000e+00
   endloop
 endfacet
 facet normal  9.760065e-01  2.177416e-01  0.000000e+00
   outer loop
     vertex  3.755275e+01  1.198917e+01  4.000000e+00
     vertex  3.756768e+01  1.192222e+01  0.000000e+00
     vertex  3.755275e+01  1.198917e+01  0.000000e+00
   endloop
 endfacet
 facet normal  9.760065e-01  2.177416e-01  0.000000e+00
   outer loop
     vertex  3.756768e+01  1.192222e+01  4.000000e+00
     vertex  3.756768e+01  1.192222e+01  0.000000e+00
     vertex  3.755275e+01  1.198917e+01  4.000000e+00
   endloop
 endfacet
 facet normal  9.696656e-01  2.444354e-01  0.000000e+00
   outer loop
     vertex  3.758445e+01  1.185571e+01  4.000000e+00
     vertex  3.758445e+01  1.185571e+01  0.000000e+00
     vertex  3.756768e+01  1.192222e+01  0.000000e+00
   endloop
 endfacet
 facet normal  9.696656e-01  2.444354e-01  0.000000e+00
   outer loop
     vertex  3.758445e+01  1.185571e+01  4.000000e+00
     vertex  3.756768e+01  1.192222e+01  0.000000e+00
     vertex  3.756768e+01  1.192222e+01  4.000000e+00
   endloop
 endfacet
 facet normal  9.625948e-01  2.709453e-01  0.000000e+00
   outer loop
     vertex  3.760303e+01  1.178969e+01  4.000000e+00
     vertex  3.760303e+01  1.178969e+01  0.000000e+00
     vertex  3.758445e+01  1.185571e+01  0.000000e+00
   endloop
 endfacet
 facet normal  9.625948e-01  2.709453e-01  0.000000e+00
   outer loop
     vertex  3.760303e+01  1.178969e+01  4.000000e+00
     vertex  3.758445e+01  1.185571e+01  0.000000e+00
     vertex  3.758445e+01  1.185571e+01  4.000000e+00
   endloop
 endfacet
 facet normal  9.547993e-01  2.972512e-01  0.000000e+00
   outer loop
     vertex  3.762342e+01  1.172420e+01  4.000000e+00
     vertex  3.762342e+01  1.172420e+01  0.000000e+00
     vertex  3.760303e+01  1.178969e+01  0.000000e+00
   endloop
 endfacet
 facet normal  9.547993e-01  2.972512e-01  0.000000e+00
   outer loop
     vertex  3.762342e+01  1.172420e+01  4.000000e+00
     vertex  3.760303e+01  1.178969e+01  0.000000e+00
     vertex  3.760303e+01  1.178969e+01  4.000000e+00
   endloop
 endfacet
 facet normal  9.462851e-01  3.233333e-01  0.000000e+00
   outer loop
     vertex  3.764560e+01  1.165929e+01  4.000000e+00
     vertex  3.764560e+01  1.165929e+01  0.000000e+00
     vertex  3.762342e+01  1.172420e+01  0.000000e+00
   endloop
 endfacet
 facet normal  9.462851e-01  3.233333e-01  0.000000e+00
   outer loop
     vertex  3.764560e+01  1.165929e+01  4.000000e+00
     vertex  3.762342e+01  1.172420e+01  0.000000e+00
     vertex  3.762342e+01  1.172420e+01  4.000000e+00
   endloop
 endfacet
 facet normal  9.370586e-01  3.491720e-01  0.000000e+00
   outer loop
     vertex  3.766955e+01  1.159501e+01  4.000000e+00
     vertex  3.766955e+01  1.159501e+01  0.000000e+00
     vertex  3.764560e+01  1.165929e+01  0.000000e+00
   endloop
 endfacet
 facet normal  9.271267e-01  3.747479e-01  0.000000e+00
   outer loop
     vertex  3.766955e+01  1.159501e+01  4.000000e+00
     vertex  3.769525e+01  1.153142e+01  0.000000e+00
     vertex  3.766955e+01  1.159501e+01  0.000000e+00
   endloop
 endfacet
 facet normal  9.370586e-01  3.491720e-01  0.000000e+00
   outer loop
     vertex  3.766955e+01  1.159501e+01  4.000000e+00
     vertex  3.764560e+01  1.165929e+01  0.000000e+00
     vertex  3.764560e+01  1.165929e+01  4.000000e+00
   endloop
 endfacet
 facet normal  9.164969e-01  4.000417e-01  0.000000e+00
   outer loop
     vertex  3.769525e+01  1.153142e+01  4.000000e+00
     vertex  3.772269e+01  1.146856e+01  0.000000e+00
     vertex  3.769525e+01  1.153142e+01  0.000000e+00
   endloop
 endfacet
 facet normal  9.271267e-01  3.747479e-01  0.000000e+00
   outer loop
     vertex  3.769525e+01  1.153142e+01  4.000000e+00
     vertex  3.769525e+01  1.153142e+01  0.000000e+00
     vertex  3.766955e+01  1.159501e+01  4.000000e+00
   endloop
 endfacet
 facet normal  9.164969e-01  4.000417e-01  0.000000e+00
   outer loop
     vertex  3.772269e+01  1.146856e+01  4.000000e+00
     vertex  3.772269e+01  1.146856e+01  0.000000e+00
     vertex  3.769525e+01  1.153142e+01  4.000000e+00
   endloop
 endfacet
 facet normal  9.051772e-01  4.250344e-01  0.000000e+00
   outer loop
     vertex  3.775185e+01  1.140647e+01  4.000000e+00
     vertex  3.775185e+01  1.140647e+01  0.000000e+00
     vertex  3.772269e+01  1.146856e+01  0.000000e+00
   endloop
 endfacet
 facet normal  9.051772e-01  4.250344e-01  0.000000e+00
   outer loop
     vertex  3.775185e+01  1.140647e+01  4.000000e+00
     vertex  3.772269e+01  1.146856e+01  0.000000e+00
     vertex  3.772269e+01  1.146856e+01  4.000000e+00
   endloop
 endfacet
 facet normal  8.931761e-01  4.497071e-01  0.000000e+00
   outer loop
     vertex  3.778269e+01  1.134521e+01  4.000000e+00
     vertex  3.778269e+01  1.134521e+01  0.000000e+00
     vertex  3.775185e+01  1.140647e+01  0.000000e+00
   endloop
 endfacet
 facet normal  8.931761e-01  4.497071e-01  0.000000e+00
   outer loop
     vertex  3.778269e+01  1.134521e+01  4.000000e+00
     vertex  3.775185e+01  1.140647e+01  0.000000e+00
     vertex  3.775185e+01  1.140647e+01  4.000000e+00
   endloop
 endfacet
 facet normal  8.805026e-01  4.740412e-01  0.000000e+00
   outer loop
     vertex  3.781521e+01  1.128481e+01  4.000000e+00
     vertex  3.781521e+01  1.128481e+01  0.000000e+00
     vertex  3.778269e+01  1.134521e+01  0.000000e+00
   endloop
 endfacet
 facet normal  8.671664e-01  4.980186e-01  0.000000e+00
   outer loop
     vertex  3.781521e+01  1.128481e+01  4.000000e+00
     vertex  3.784937e+01  1.122533e+01  0.000000e+00
     vertex  3.781521e+01  1.128481e+01  0.000000e+00
   endloop
 endfacet
 facet normal  8.805026e-01  4.740412e-01  0.000000e+00
   outer loop
     vertex  3.781521e+01  1.128481e+01  4.000000e+00
     vertex  3.778269e+01  1.134521e+01  0.000000e+00
     vertex  3.778269e+01  1.134521e+01  4.000000e+00
   endloop
 endfacet
 facet normal  8.531773e-01  5.216210e-01  0.000000e+00
   outer loop
     vertex  3.784937e+01  1.122533e+01  4.000000e+00
     vertex  3.788515e+01  1.116681e+01  0.000000e+00
     vertex  3.784937e+01  1.122533e+01  0.000000e+00
   endloop
 endfacet
 facet normal  8.671664e-01  4.980186e-01  0.000000e+00
   outer loop
     vertex  3.784937e+01  1.122533e+01  4.000000e+00
     vertex  3.784937e+01  1.122533e+01  0.000000e+00
     vertex  3.781521e+01  1.128481e+01  4.000000e+00
   endloop
 endfacet
 facet normal  8.531773e-01  5.216210e-01  0.000000e+00
   outer loop
     vertex  3.788515e+01  1.116681e+01  4.000000e+00
     vertex  3.788515e+01  1.116681e+01  0.000000e+00
     vertex  3.784937e+01  1.122533e+01  4.000000e+00
   endloop
 endfacet
 facet normal  8.385460e-01  5.448308e-01  0.000000e+00
   outer loop
     vertex  3.792252e+01  1.110929e+01  4.000000e+00
     vertex  3.788515e+01  1.116681e+01  0.000000e+00
     vertex  3.788515e+01  1.116681e+01  4.000000e+00
   endloop
 endfacet
 facet normal  8.385460e-01  5.448308e-01  0.000000e+00
   outer loop
     vertex  3.792252e+01  1.110929e+01  4.000000e+00
     vertex  3.792252e+01  1.110929e+01  0.000000e+00
     vertex  3.788515e+01  1.116681e+01  0.000000e+00
   endloop
 endfacet
 facet normal  8.232835e-01  5.676304e-01  0.000000e+00
   outer loop
     vertex  3.792252e+01  1.110929e+01  4.000000e+00
     vertex  3.796145e+01  1.105282e+01  0.000000e+00
     vertex  3.792252e+01  1.110929e+01  0.000000e+00
   endloop
 endfacet
 facet normal  8.232835e-01  5.676304e-01  0.000000e+00
   outer loop
     vertex  3.796145e+01  1.105282e+01  4.000000e+00
     vertex  3.796145e+01  1.105282e+01  0.000000e+00
     vertex  3.792252e+01  1.110929e+01  4.000000e+00
   endloop
 endfacet
 facet normal  8.074012e-01  5.900028e-01  0.000000e+00
   outer loop
     vertex  3.796145e+01  1.105282e+01  4.000000e+00
     vertex  3.800192e+01  1.099744e+01  0.000000e+00
     vertex  3.796145e+01  1.105282e+01  0.000000e+00
   endloop
 endfacet
 facet normal  8.074012e-01  5.900028e-01  0.000000e+00
   outer loop
     vertex  3.800192e+01  1.099744e+01  4.000000e+00
     vertex  3.800192e+01  1.099744e+01  0.000000e+00
     vertex  3.796145e+01  1.105282e+01  4.000000e+00
   endloop
 endfacet
 facet normal  7.909112e-01  6.119310e-01  0.000000e+00
   outer loop
     vertex  3.804389e+01  1.094319e+01  4.000000e+00
     vertex  3.800192e+01  1.099744e+01  0.000000e+00
     vertex  3.800192e+01  1.099744e+01  4.000000e+00
   endloop
 endfacet
 facet normal  7.909112e-01  6.119310e-01  0.000000e+00
   outer loop
     vertex  3.804389e+01  1.094319e+01  4.000000e+00
     vertex  3.804389e+01  1.094319e+01  0.000000e+00
     vertex  3.800192e+01  1.099744e+01  0.000000e+00
   endloop
 endfacet
 facet normal  7.738257e-01  6.333986e-01  0.000000e+00
   outer loop
     vertex  3.804389e+01  1.094319e+01  4.000000e+00
     vertex  3.808734e+01  1.089011e+01  0.000000e+00
     vertex  3.804389e+01  1.094319e+01  0.000000e+00
   endloop
 endfacet
 facet normal  7.738257e-01  6.333986e-01  0.000000e+00
   outer loop
     vertex  3.808734e+01  1.089011e+01  4.000000e+00
     vertex  3.808734e+01  1.089011e+01  0.000000e+00
     vertex  3.804389e+01  1.094319e+01  4.000000e+00
   endloop
 endfacet
 facet normal  7.561578e-01  6.543893e-01  0.000000e+00
   outer loop
     vertex  3.813223e+01  1.083825e+01  4.000000e+00
     vertex  3.808734e+01  1.089011e+01  0.000000e+00
     vertex  3.808734e+01  1.089011e+01  4.000000e+00
   endloop
 endfacet
 facet normal  7.561578e-01  6.543893e-01  0.000000e+00
   outer loop
     vertex  3.813223e+01  1.083825e+01  4.000000e+00
     vertex  3.813223e+01  1.083825e+01  0.000000e+00
     vertex  3.808734e+01  1.089011e+01  0.000000e+00
   endloop
 endfacet
 facet normal  7.379206e-01  6.748875e-01  0.000000e+00
   outer loop
     vertex  3.817852e+01  1.078763e+01  4.000000e+00
     vertex  3.813223e+01  1.083825e+01  0.000000e+00
     vertex  3.813223e+01  1.083825e+01  4.000000e+00
   endloop
 endfacet
 facet normal  7.379206e-01  6.748875e-01  0.000000e+00
   outer loop
     vertex  3.817852e+01  1.078763e+01  4.000000e+00
     vertex  3.817852e+01  1.078763e+01  0.000000e+00
     vertex  3.813223e+01  1.083825e+01  0.000000e+00
   endloop
 endfacet
 facet normal  7.191280e-01  6.948776e-01  0.000000e+00
   outer loop
     vertex  3.822618e+01  1.073831e+01  4.000000e+00
     vertex  3.817852e+01  1.078763e+01  0.000000e+00
     vertex  3.817852e+01  1.078763e+01  4.000000e+00
   endloop
 endfacet
 facet normal  7.191280e-01  6.948776e-01  0.000000e+00
   outer loop
     vertex  3.822618e+01  1.073831e+01  4.000000e+00
     vertex  3.822618e+01  1.073831e+01  0.000000e+00
     vertex  3.817852e+01  1.078763e+01  0.000000e+00
   endloop
 endfacet
 facet normal  6.997940e-01  7.143447e-01  0.000000e+00
   outer loop
     vertex  3.827518e+01  1.069031e+01  4.000000e+00
     vertex  3.822618e+01  1.073831e+01  0.000000e+00
     vertex  3.822618e+01  1.073831e+01  4.000000e+00
   endloop
 endfacet
 facet normal  6.997940e-01  7.143447e-01  0.000000e+00
   outer loop
     vertex  3.827518e+01  1.069031e+01  4.000000e+00
     vertex  3.827518e+01  1.069031e+01  0.000000e+00
     vertex  3.822618e+01  1.073831e+01  0.000000e+00
   endloop
 endfacet
 facet normal  6.799333e-01  7.332740e-01  0.000000e+00
   outer loop
     vertex  3.832548e+01  1.064367e+01  4.000000e+00
     vertex  3.827518e+01  1.069031e+01  0.000000e+00
     vertex  3.827518e+01  1.069031e+01  4.000000e+00
   endloop
 endfacet
 facet normal  6.799333e-01  7.332740e-01  0.000000e+00
   outer loop
     vertex  3.832548e+01  1.064367e+01  4.000000e+00
     vertex  3.832548e+01  1.064367e+01  0.000000e+00
     vertex  3.827518e+01  1.069031e+01  0.000000e+00
   endloop
 endfacet
 facet normal  6.595607e-01  7.516513e-01  0.000000e+00
   outer loop
     vertex  3.837703e+01  1.059843e+01  4.000000e+00
     vertex  3.832548e+01  1.064367e+01  0.000000e+00
     vertex  3.832548e+01  1.064367e+01  4.000000e+00
   endloop
 endfacet
 facet normal  6.595607e-01  7.516513e-01  0.000000e+00
   outer loop
     vertex  3.837703e+01  1.059843e+01  4.000000e+00
     vertex  3.837703e+01  1.059843e+01  0.000000e+00
     vertex  3.832548e+01  1.064367e+01  0.000000e+00
   endloop
 endfacet
 facet normal  6.386916e-01  7.694628e-01  0.000000e+00
   outer loop
     vertex  3.842981e+01  1.055462e+01  4.000000e+00
     vertex  3.837703e+01  1.059843e+01  0.000000e+00
     vertex  3.837703e+01  1.059843e+01  4.000000e+00
   endloop
 endfacet
 facet normal  6.386916e-01  7.694628e-01  0.000000e+00
   outer loop
     vertex  3.842981e+01  1.055462e+01  4.000000e+00
     vertex  3.842981e+01  1.055462e+01  0.000000e+00
     vertex  3.837703e+01  1.059843e+01  0.000000e+00
   endloop
 endfacet
 facet normal  6.173417e-01  7.866951e-01  0.000000e+00
   outer loop
     vertex  3.848377e+01  1.051228e+01  4.000000e+00
     vertex  3.842981e+01  1.055462e+01  0.000000e+00
     vertex  3.842981e+01  1.055462e+01  4.000000e+00
   endloop
 endfacet
 facet normal  6.173417e-01  7.866951e-01  0.000000e+00
   outer loop
     vertex  3.848377e+01  1.051228e+01  4.000000e+00
     vertex  3.848377e+01  1.051228e+01  0.000000e+00
     vertex  3.842981e+01  1.055462e+01  0.000000e+00
   endloop
 endfacet
 facet normal  5.955271e-01  8.033352e-01  0.000000e+00
   outer loop
     vertex  3.848377e+01  1.051228e+01  4.000000e+00
     vertex  3.853887e+01  1.047143e+01  0.000000e+00
     vertex  3.848377e+01  1.051228e+01  0.000000e+00
   endloop
 endfacet
 facet normal  5.955271e-01  8.033352e-01  0.000000e+00
   outer loop
     vertex  3.853887e+01  1.047143e+01  4.000000e+00
     vertex  3.853887e+01  1.047143e+01  0.000000e+00
     vertex  3.848377e+01  1.051228e+01  4.000000e+00
   endloop
 endfacet
 facet normal  5.732642e-01  8.193706e-01  0.000000e+00
   outer loop
     vertex  3.859508e+01  1.043211e+01  4.000000e+00
     vertex  3.853887e+01  1.047143e+01  0.000000e+00
     vertex  3.853887e+01  1.047143e+01  4.000000e+00
   endloop
 endfacet
 facet normal  5.732642e-01  8.193706e-01  0.000000e+00
   outer loop
     vertex  3.859508e+01  1.043211e+01  4.000000e+00
     vertex  3.859508e+01  1.043211e+01  0.000000e+00
     vertex  3.853887e+01  1.047143e+01  0.000000e+00
   endloop
 endfacet
 facet normal  5.505698e-01  8.347891e-01  0.000000e+00
   outer loop
     vertex  3.865233e+01  1.039434e+01  4.000000e+00
     vertex  3.859508e+01  1.043211e+01  0.000000e+00
     vertex  3.859508e+01  1.043211e+01  4.000000e+00
   endloop
 endfacet
 facet normal  5.505698e-01  8.347891e-01  0.000000e+00
   outer loop
     vertex  3.865233e+01  1.039434e+01  4.000000e+00
     vertex  3.865233e+01  1.039434e+01  0.000000e+00
     vertex  3.859508e+01  1.043211e+01  0.000000e+00
   endloop
 endfacet
 facet normal  5.274609e-01  8.495793e-01  0.000000e+00
   outer loop
     vertex  3.865233e+01  1.039434e+01  4.000000e+00
     vertex  3.871061e+01  1.035816e+01  0.000000e+00
     vertex  3.865233e+01  1.039434e+01  0.000000e+00
   endloop
 endfacet
 facet normal  5.274609e-01  8.495793e-01  0.000000e+00
   outer loop
     vertex  3.871061e+01  1.035816e+01  4.000000e+00
     vertex  3.871061e+01  1.035816e+01  0.000000e+00
     vertex  3.865233e+01  1.039434e+01  4.000000e+00
   endloop
 endfacet
 facet normal  5.039550e-01  8.637299e-01  0.000000e+00
   outer loop
     vertex  3.876985e+01  1.032359e+01  4.000000e+00
     vertex  3.871061e+01  1.035816e+01  0.000000e+00
     vertex  3.871061e+01  1.035816e+01  4.000000e+00
   endloop
 endfacet
 facet normal  5.039550e-01  8.637299e-01  0.000000e+00
   outer loop
     vertex  3.876985e+01  1.032359e+01  4.000000e+00
     vertex  3.876985e+01  1.032359e+01  0.000000e+00
     vertex  3.871061e+01  1.035816e+01  0.000000e+00
   endloop
 endfacet
 facet normal  4.800697e-01  8.772303e-01  0.000000e+00
   outer loop
     vertex  3.883002e+01  1.029067e+01  4.000000e+00
     vertex  3.876985e+01  1.032359e+01  0.000000e+00
     vertex  3.876985e+01  1.032359e+01  4.000000e+00
   endloop
 endfacet
 facet normal  4.800697e-01  8.772303e-01  0.000000e+00
   outer loop
     vertex  3.883002e+01  1.029067e+01  4.000000e+00
     vertex  3.883002e+01  1.029067e+01  0.000000e+00
     vertex  3.876985e+01  1.032359e+01  0.000000e+00
   endloop
 endfacet
 facet normal  4.558231e-01  8.900704e-01  0.000000e+00
   outer loop
     vertex  3.889108e+01  1.025940e+01  4.000000e+00
     vertex  3.883002e+01  1.029067e+01  0.000000e+00
     vertex  3.883002e+01  1.029067e+01  4.000000e+00
   endloop
 endfacet
 facet normal  4.558231e-01  8.900704e-01  0.000000e+00
   outer loop
     vertex  3.889108e+01  1.025940e+01  4.000000e+00
     vertex  3.889108e+01  1.025940e+01  0.000000e+00
     vertex  3.883002e+01  1.029067e+01  0.000000e+00
   endloop
 endfacet
 facet normal  4.312333e-01  9.022405e-01  0.000000e+00
   outer loop
     vertex  3.895296e+01  1.022982e+01  4.000000e+00
     vertex  3.889108e+01  1.025940e+01  0.000000e+00
     vertex  3.889108e+01  1.025940e+01  4.000000e+00
   endloop
 endfacet
 facet normal  4.312333e-01  9.022405e-01  0.000000e+00
   outer loop
     vertex  3.895296e+01  1.022982e+01  4.000000e+00
     vertex  3.895296e+01  1.022982e+01  0.000000e+00
     vertex  3.889108e+01  1.025940e+01  0.000000e+00
   endloop
 endfacet
 facet normal  4.063188e-01  9.137314e-01  0.000000e+00
   outer loop
     vertex  3.901564e+01  1.020195e+01  4.000000e+00
     vertex  3.895296e+01  1.022982e+01  0.000000e+00
     vertex  3.895296e+01  1.022982e+01  4.000000e+00
   endloop
 endfacet
 facet normal  4.063188e-01  9.137314e-01  0.000000e+00
   outer loop
     vertex  3.901564e+01  1.020195e+01  4.000000e+00
     vertex  3.901564e+01  1.020195e+01  0.000000e+00
     vertex  3.895296e+01  1.022982e+01  0.000000e+00
   endloop
 endfacet
 facet normal  3.810986e-01  9.245344e-01  0.000000e+00
   outer loop
     vertex  3.901564e+01  1.020195e+01  4.000000e+00
     vertex  3.907905e+01  1.017581e+01  0.000000e+00
     vertex  3.901564e+01  1.020195e+01  0.000000e+00
   endloop
 endfacet
 facet normal  3.810986e-01  9.245344e-01  0.000000e+00
   outer loop
     vertex  3.907905e+01  1.017581e+01  4.000000e+00
     vertex  3.907905e+01  1.017581e+01  0.000000e+00
     vertex  3.901564e+01  1.020195e+01  4.000000e+00
   endloop
 endfacet
 facet normal  3.555914e-01  9.346415e-01  0.000000e+00
   outer loop
     vertex  3.914316e+01  1.015142e+01  4.000000e+00
     vertex  3.914316e+01  1.015142e+01  0.000000e+00
     vertex  3.907905e+01  1.017581e+01  0.000000e+00
   endloop
 endfacet
 facet normal  3.555914e-01  9.346415e-01  0.000000e+00
   outer loop
     vertex  3.914316e+01  1.015142e+01  4.000000e+00
     vertex  3.907905e+01  1.017581e+01  0.000000e+00
     vertex  3.907905e+01  1.017581e+01  4.000000e+00
   endloop
 endfacet
 facet normal  3.298166e-01  9.440450e-01  0.000000e+00
   outer loop
     vertex  3.920791e+01  1.012880e+01  4.000000e+00
     vertex  3.920791e+01  1.012880e+01  0.000000e+00
     vertex  3.914316e+01  1.015142e+01  0.000000e+00
   endloop
 endfacet
 facet normal  3.298166e-01  9.440450e-01  0.000000e+00
   outer loop
     vertex  3.920791e+01  1.012880e+01  4.000000e+00
     vertex  3.914316e+01  1.015142e+01  0.000000e+00
     vertex  3.914316e+01  1.015142e+01  4.000000e+00
   endloop
 endfacet
 facet normal  3.037934e-01  9.527379e-01  0.000000e+00
   outer loop
     vertex  3.927326e+01  1.010796e+01  4.000000e+00
     vertex  3.927326e+01  1.010796e+01  0.000000e+00
     vertex  3.920791e+01  1.012880e+01  0.000000e+00
   endloop
 endfacet
 facet normal  3.037934e-01  9.527379e-01  0.000000e+00
   outer loop
     vertex  3.927326e+01  1.010796e+01  4.000000e+00
     vertex  3.920791e+01  1.012880e+01  0.000000e+00
     vertex  3.920791e+01  1.012880e+01  4.000000e+00
   endloop
 endfacet
 facet normal  2.775416e-01  9.607136e-01  0.000000e+00
   outer loop
     vertex  3.933916e+01  1.008892e+01  4.000000e+00
     vertex  3.927326e+01  1.010796e+01  0.000000e+00
     vertex  3.927326e+01  1.010796e+01  4.000000e+00
   endloop
 endfacet
 facet normal  2.775416e-01  9.607136e-01  0.000000e+00
   outer loop
     vertex  3.933916e+01  1.008892e+01  4.000000e+00
     vertex  3.933916e+01  1.008892e+01  0.000000e+00
     vertex  3.927326e+01  1.010796e+01  0.000000e+00
   endloop
 endfacet
 facet normal  2.510809e-01  9.679661e-01  0.000000e+00
   outer loop
     vertex  3.940555e+01  1.007170e+01  4.000000e+00
     vertex  3.933916e+01  1.008892e+01  0.000000e+00
     vertex  3.933916e+01  1.008892e+01  4.000000e+00
   endloop
 endfacet
 facet normal  2.510809e-01  9.679661e-01  0.000000e+00
   outer loop
     vertex  3.940555e+01  1.007170e+01  4.000000e+00
     vertex  3.940555e+01  1.007170e+01  0.000000e+00
     vertex  3.933916e+01  1.008892e+01  0.000000e+00
   endloop
 endfacet
 facet normal  2.244312e-01  9.744899e-01  0.000000e+00
   outer loop
     vertex  3.940555e+01  1.007170e+01  4.000000e+00
     vertex  3.947240e+01  1.005631e+01  0.000000e+00
     vertex  3.940555e+01  1.007170e+01  0.000000e+00
   endloop
 endfacet
 facet normal  2.244312e-01  9.744899e-01  0.000000e+00
   outer loop
     vertex  3.947240e+01  1.005631e+01  4.000000e+00
     vertex  3.947240e+01  1.005631e+01  0.000000e+00
     vertex  3.940555e+01  1.007170e+01  4.000000e+00
   endloop
 endfacet
 facet normal  1.976125e-01  9.802802e-01  0.000000e+00
   outer loop
     vertex  3.953963e+01  1.004275e+01  4.000000e+00
     vertex  3.947240e+01  1.005631e+01  0.000000e+00
     vertex  3.947240e+01  1.005631e+01  4.000000e+00
   endloop
 endfacet
 facet normal  1.976125e-01  9.802802e-01  0.000000e+00
   outer loop
     vertex  3.953963e+01  1.004275e+01  4.000000e+00
     vertex  3.953963e+01  1.004275e+01  0.000000e+00
     vertex  3.947240e+01  1.005631e+01  0.000000e+00
   endloop
 endfacet
 facet normal  1.706451e-01  9.853326e-01  0.000000e+00
   outer loop
     vertex  3.953963e+01  1.004275e+01  4.000000e+00
     vertex  3.960722e+01  1.003105e+01  0.000000e+00
     vertex  3.953963e+01  1.004275e+01  0.000000e+00
   endloop
 endfacet
 facet normal  1.706451e-01  9.853326e-01  0.000000e+00
   outer loop
     vertex  3.960722e+01  1.003105e+01  4.000000e+00
     vertex  3.960722e+01  1.003105e+01  0.000000e+00
     vertex  3.953963e+01  1.004275e+01  4.000000e+00
   endloop
 endfacet
 facet normal  1.435492e-01  9.896432e-01  0.000000e+00
   outer loop
     vertex  3.967510e+01  1.002120e+01  4.000000e+00
     vertex  3.960722e+01  1.003105e+01  0.000000e+00
     vertex  3.960722e+01  1.003105e+01  4.000000e+00
   endloop
 endfacet
 facet normal  1.435492e-01  9.896432e-01  0.000000e+00
   outer loop
     vertex  3.967510e+01  1.002120e+01  4.000000e+00
     vertex  3.967510e+01  1.002120e+01  0.000000e+00
     vertex  3.960722e+01  1.003105e+01  0.000000e+00
   endloop
 endfacet
 facet normal  1.163452e-01  9.932088e-01  0.000000e+00
   outer loop
     vertex  3.974323e+01  1.001322e+01  4.000000e+00
     vertex  3.967510e+01  1.002120e+01  0.000000e+00
     vertex  3.967510e+01  1.002120e+01  4.000000e+00
   endloop
 endfacet
 facet normal  1.163452e-01  9.932088e-01  0.000000e+00
   outer loop
     vertex  3.974323e+01  1.001322e+01  4.000000e+00
     vertex  3.974323e+01  1.001322e+01  0.000000e+00
     vertex  3.967510e+01  1.002120e+01  0.000000e+00
   endloop
 endfacet
 facet normal  8.905371e-02  9.960268e-01  0.000000e+00
   outer loop
     vertex  3.981155e+01  1.000711e+01  4.000000e+00
     vertex  3.974323e+01  1.001322e+01  0.000000e+00
     vertex  3.974323e+01  1.001322e+01  4.000000e+00
   endloop
 endfacet
 facet normal  8.905371e-02  9.960268e-01  0.000000e+00
   outer loop
     vertex  3.981155e+01  1.000711e+01  4.000000e+00
     vertex  3.981155e+01  1.000711e+01  0.000000e+00
     vertex  3.974323e+01  1.001322e+01  0.000000e+00
   endloop
 endfacet
 facet normal  6.169515e-02  9.980950e-01  0.000000e+00
   outer loop
     vertex  3.988001e+01  1.000288e+01  4.000000e+00
     vertex  3.981155e+01  1.000711e+01  0.000000e+00
     vertex  3.981155e+01  1.000711e+01  4.000000e+00
   endloop
 endfacet
 facet normal  6.169515e-02  9.980950e-01  0.000000e+00
   outer loop
     vertex  3.988001e+01  1.000288e+01  4.000000e+00
     vertex  3.988001e+01  1.000288e+01  0.000000e+00
     vertex  3.981155e+01  1.000711e+01  0.000000e+00
   endloop
 endfacet
 facet normal  3.429014e-02  9.994119e-01  0.000000e+00
   outer loop
     vertex  3.988001e+01  1.000288e+01  4.000000e+00
     vertex  3.994856e+01  1.000053e+01  0.000000e+00
     vertex  3.988001e+01  1.000288e+01  0.000000e+00
   endloop
 endfacet
 facet normal  3.429014e-02  9.994119e-01  0.000000e+00
   outer loop
     vertex  3.994856e+01  1.000053e+01  4.000000e+00
     vertex  3.994856e+01  1.000053e+01  0.000000e+00
     vertex  3.988001e+01  1.000288e+01  4.000000e+00
   endloop
 endfacet
 facet normal  6.859319e-03  9.999765e-01  0.000000e+00
   outer loop
     vertex  4.001715e+01  1.000006e+01  4.000000e+00
     vertex  3.994856e+01  1.000053e+01  0.000000e+00
     vertex  3.994856e+01  1.000053e+01  4.000000e+00
   endloop
 endfacet
 facet normal  6.859319e-03  9.999765e-01  0.000000e+00
   outer loop
     vertex  4.001715e+01  1.000006e+01  4.000000e+00
     vertex  4.001715e+01  1.000006e+01  0.000000e+00
     vertex  3.994856e+01  1.000053e+01  0.000000e+00
   endloop
 endfacet
 facet normal -2.057667e-02  9.997883e-01  0.000000e+00
   outer loop
     vertex  4.008573e+01  1.000147e+01  4.000000e+00
     vertex  4.001715e+01  1.000006e+01  0.000000e+00
     vertex  4.001715e+01  1.000006e+01  4.000000e+00
   endloop
 endfacet
 facet normal -2.057667e-02  9.997883e-01  0.000000e+00
   outer loop
     vertex  4.008573e+01  1.000147e+01  4.000000e+00
     vertex  4.008573e+01  1.000147e+01  0.000000e+00
     vertex  4.001715e+01  1.000006e+01  0.000000e+00
   endloop
 endfacet
 facet normal -4.799716e-02  9.988475e-01  0.000000e+00
   outer loop
     vertex  4.015424e+01  1.000476e+01  4.000000e+00
     vertex  4.015424e+01  1.000476e+01  0.000000e+00
     vertex  4.008573e+01  1.000147e+01  0.000000e+00
   endloop
 endfacet
 facet normal -7.538152e-02  9.971548e-01  0.000000e+00
   outer loop
     vertex  4.015424e+01  1.000476e+01  4.000000e+00
     vertex  4.022263e+01  1.000993e+01  0.000000e+00
     vertex  4.015424e+01  1.000476e+01  0.000000e+00
   endloop
 endfacet
 facet normal -4.799716e-02  9.988475e-01  0.000000e+00
   outer loop
     vertex  4.015424e+01  1.000476e+01  4.000000e+00
     vertex  4.008573e+01  1.000147e+01  0.000000e+00
     vertex  4.008573e+01  1.000147e+01  4.000000e+00
   endloop
 endfacet
 facet normal -7.538152e-02  9.971548e-01  0.000000e+00
   outer loop
     vertex  4.022263e+01  1.000993e+01  4.000000e+00
     vertex  4.022263e+01  1.000993e+01  0.000000e+00
     vertex  4.015424e+01  1.000476e+01  4.000000e+00
   endloop
 endfacet
 facet normal -1.027091e-01  9.947114e-01  0.000000e+00
   outer loop
     vertex  4.029086e+01  1.001698e+01  4.000000e+00
     vertex  4.029086e+01  1.001698e+01  0.000000e+00
     vertex  4.022263e+01  1.000993e+01  0.000000e+00
   endloop
 endfacet
 facet normal -1.027091e-01  9.947114e-01  0.000000e+00
   outer loop
     vertex  4.029086e+01  1.001698e+01  4.000000e+00
     vertex  4.022263e+01  1.000993e+01  0.000000e+00
     vertex  4.022263e+01  1.000993e+01  4.000000e+00
   endloop
 endfacet
 facet normal -1.299594e-01  9.915193e-01  0.000000e+00
   outer loop
     vertex  4.035887e+01  1.002589e+01  4.000000e+00
     vertex  4.035887e+01  1.002589e+01  0.000000e+00
     vertex  4.029086e+01  1.001698e+01  0.000000e+00
   endloop
 endfacet
 facet normal -1.571119e-01  9.875808e-01  0.000000e+00
   outer loop
     vertex  4.035887e+01  1.002589e+01  4.000000e+00
     vertex  4.042661e+01  1.003667e+01  0.000000e+00
     vertex  4.035887e+01  1.002589e+01  0.000000e+00
   endloop
 endfacet
 facet normal -1.299594e-01  9.915193e-01  0.000000e+00
   outer loop
     vertex  4.035887e+01  1.002589e+01  4.000000e+00
     vertex  4.029086e+01  1.001698e+01  0.000000e+00
     vertex  4.029086e+01  1.001698e+01  4.000000e+00
   endloop
 endfacet
 facet normal -1.841461e-01  9.828989e-01  0.000000e+00
   outer loop
     vertex  4.042661e+01  1.003667e+01  4.000000e+00
     vertex  4.049403e+01  1.004930e+01  0.000000e+00
     vertex  4.042661e+01  1.003667e+01  0.000000e+00
   endloop
 endfacet
 facet normal -1.571119e-01  9.875808e-01  0.000000e+00
   outer loop
     vertex  4.042661e+01  1.003667e+01  4.000000e+00
     vertex  4.042661e+01  1.003667e+01  0.000000e+00
     vertex  4.035887e+01  1.002589e+01  4.000000e+00
   endloop
 endfacet
 facet normal -1.841461e-01  9.828989e-01  0.000000e+00
   outer loop
     vertex  4.049403e+01  1.004930e+01  4.000000e+00
     vertex  4.049403e+01  1.004930e+01  0.000000e+00
     vertex  4.042661e+01  1.003667e+01  4.000000e+00
   endloop
 endfacet
 facet normal -2.110417e-01  9.774771e-01  0.000000e+00
   outer loop
     vertex  4.056108e+01  1.006378e+01  4.000000e+00
     vertex  4.056108e+01  1.006378e+01  0.000000e+00
     vertex  4.049403e+01  1.004930e+01  0.000000e+00
   endloop
 endfacet
 facet normal -2.110417e-01  9.774771e-01  0.000000e+00
   outer loop
     vertex  4.056108e+01  1.006378e+01  4.000000e+00
     vertex  4.049403e+01  1.004930e+01  0.000000e+00
     vertex  4.049403e+01  1.004930e+01  4.000000e+00
   endloop
 endfacet
 facet normal -2.377784e-01  9.713194e-01  0.000000e+00
   outer loop
     vertex  4.062770e+01  1.008008e+01  4.000000e+00
     vertex  4.062770e+01  1.008008e+01  0.000000e+00
     vertex  4.056108e+01  1.006378e+01  0.000000e+00
   endloop
 endfacet
 facet normal -2.643362e-01  9.644306e-01  0.000000e+00
   outer loop
     vertex  4.062770e+01  1.008008e+01  4.000000e+00
     vertex  4.069385e+01  1.009822e+01  0.000000e+00
     vertex  4.062770e+01  1.008008e+01  0.000000e+00
   endloop
 endfacet
 facet normal -2.377784e-01  9.713194e-01  0.000000e+00
   outer loop
     vertex  4.062770e+01  1.008008e+01  4.000000e+00
     vertex  4.056108e+01  1.006378e+01  0.000000e+00
     vertex  4.056108e+01  1.006378e+01  4.000000e+00
   endloop
 endfacet
 facet normal -2.643362e-01  9.644306e-01  0.000000e+00
   outer loop
     vertex  4.069385e+01  1.009822e+01  4.000000e+00
     vertex  4.069385e+01  1.009822e+01  0.000000e+00
     vertex  4.062770e+01  1.008008e+01  4.000000e+00
   endloop
 endfacet
 facet normal -2.906949e-01  9.568158e-01  0.000000e+00
   outer loop
     vertex  4.075948e+01  1.011816e+01  4.000000e+00
     vertex  4.075948e+01  1.011816e+01  0.000000e+00
     vertex  4.069385e+01  1.009822e+01  0.000000e+00
   endloop
 endfacet
 facet normal -2.906949e-01  9.568158e-01  0.000000e+00
   outer loop
     vertex  4.075948e+01  1.011816e+01  4.000000e+00
     vertex  4.069385e+01  1.009822e+01  0.000000e+00
     vertex  4.069385e+01  1.009822e+01  4.000000e+00
   endloop
 endfacet
 facet normal -3.168348e-01  9.484807e-01  0.000000e+00
   outer loop
     vertex  4.082454e+01  1.013989e+01  4.000000e+00
     vertex  4.082454e+01  1.013989e+01  0.000000e+00
     vertex  4.075948e+01  1.011816e+01  0.000000e+00
   endloop
 endfacet
 facet normal -3.168348e-01  9.484807e-01  0.000000e+00
   outer loop
     vertex  4.082454e+01  1.013989e+01  4.000000e+00
     vertex  4.075948e+01  1.011816e+01  0.000000e+00
     vertex  4.075948e+01  1.011816e+01  4.000000e+00
   endloop
 endfacet
 facet normal -3.427362e-01  9.394317e-01  0.000000e+00
   outer loop
     vertex  4.088898e+01  1.016340e+01  4.000000e+00
     vertex  4.088898e+01  1.016340e+01  0.000000e+00
     vertex  4.082454e+01  1.013989e+01  0.000000e+00
   endloop
 endfacet
 facet normal -3.427362e-01  9.394317e-01  0.000000e+00
   outer loop
     vertex  4.088898e+01  1.016340e+01  4.000000e+00
     vertex  4.082454e+01  1.013989e+01  0.000000e+00
     vertex  4.082454e+01  1.013989e+01  4.000000e+00
   endloop
 endfacet
 facet normal -3.683796e-01  9.296754e-01  0.000000e+00
   outer loop
     vertex  4.095275e+01  1.018866e+01  4.000000e+00
     vertex  4.095275e+01  1.018866e+01  0.000000e+00
     vertex  4.088898e+01  1.016340e+01  0.000000e+00
   endloop
 endfacet
 facet normal -3.937458e-01  9.192194e-01  0.000000e+00
   outer loop
     vertex  4.095275e+01  1.018866e+01  4.000000e+00
     vertex  4.101580e+01  1.021567e+01  0.000000e+00
     vertex  4.095275e+01  1.018866e+01  0.000000e+00
   endloop
 endfacet
 facet normal -3.683796e-01  9.296754e-01  0.000000e+00
   outer loop
     vertex  4.095275e+01  1.018866e+01  4.000000e+00
     vertex  4.088898e+01  1.016340e+01  0.000000e+00
     vertex  4.088898e+01  1.016340e+01  4.000000e+00
   endloop
 endfacet
 facet normal -3.937458e-01  9.192194e-01  0.000000e+00
   outer loop
     vertex  4.101580e+01  1.021567e+01  4.000000e+00
     vertex  4.101580e+01  1.021567e+01  0.000000e+00
     vertex  4.095275e+01  1.018866e+01  4.000000e+00
   endloop
 endfacet
 facet normal -4.188155e-01  9.080714e-01  0.000000e+00
   outer loop
     vertex  4.107808e+01  1.024440e+01  4.000000e+00
     vertex  4.107808e+01  1.024440e+01  0.000000e+00
     vertex  4.101580e+01  1.021567e+01  0.000000e+00
   endloop
 endfacet
 facet normal -4.188155e-01  9.080714e-01  0.000000e+00
   outer loop
     vertex  4.107808e+01  1.024440e+01  4.000000e+00
     vertex  4.101580e+01  1.021567e+01  0.000000e+00
     vertex  4.101580e+01  1.021567e+01  4.000000e+00
   endloop
 endfacet
 facet normal -4.435699e-01  8.962398e-01  0.000000e+00
   outer loop
     vertex  4.113956e+01  1.027482e+01  4.000000e+00
     vertex  4.107808e+01  1.024440e+01  0.000000e+00
     vertex  4.107808e+01  1.024440e+01  4.000000e+00
   endloop
 endfacet
 facet normal -4.435699e-01  8.962398e-01  0.000000e+00
   outer loop
     vertex  4.113956e+01  1.027482e+01  4.000000e+00
     vertex  4.113956e+01  1.027482e+01  0.000000e+00
     vertex  4.107808e+01  1.024440e+01  0.000000e+00
   endloop
 endfacet
 facet normal -4.679904e-01  8.837335e-01  0.000000e+00
   outer loop
     vertex  4.120017e+01  1.030692e+01  4.000000e+00
     vertex  4.113956e+01  1.027482e+01  0.000000e+00
     vertex  4.113956e+01  1.027482e+01  4.000000e+00
   endloop
 endfacet
 facet normal -4.679904e-01  8.837335e-01  0.000000e+00
   outer loop
     vertex  4.120017e+01  1.030692e+01  4.000000e+00
     vertex  4.120017e+01  1.030692e+01  0.000000e+00
     vertex  4.113956e+01  1.027482e+01  0.000000e+00
   endloop
 endfacet
 facet normal -4.920587e-01  8.705620e-01  0.000000e+00
   outer loop
     vertex  4.125989e+01  1.034068e+01  4.000000e+00
     vertex  4.120017e+01  1.030692e+01  0.000000e+00
     vertex  4.120017e+01  1.030692e+01  4.000000e+00
   endloop
 endfacet
 facet normal -4.920587e-01  8.705620e-01  0.000000e+00
   outer loop
     vertex  4.125989e+01  1.034068e+01  4.000000e+00
     vertex  4.125989e+01  1.034068e+01  0.000000e+00
     vertex  4.120017e+01  1.030692e+01  0.000000e+00
   endloop
 endfacet
 facet normal -5.157565e-01  8.567352e-01  0.000000e+00
   outer loop
     vertex  4.131865e+01  1.037605e+01  4.000000e+00
     vertex  4.131865e+01  1.037605e+01  0.000000e+00
     vertex  4.125989e+01  1.034068e+01  0.000000e+00
   endloop
 endfacet
 facet normal -5.157565e-01  8.567352e-01  0.000000e+00
   outer loop
     vertex  4.131865e+01  1.037605e+01  4.000000e+00
     vertex  4.125989e+01  1.034068e+01  0.000000e+00
     vertex  4.125989e+01  1.034068e+01  4.000000e+00
   endloop
 endfacet
 facet normal -5.390661e-01  8.422635e-01  0.000000e+00
   outer loop
     vertex  4.137642e+01  1.041303e+01  4.000000e+00
     vertex  4.137642e+01  1.041303e+01  0.000000e+00
     vertex  4.131865e+01  1.037605e+01  0.000000e+00
   endloop
 endfacet
 facet normal -5.390661e-01  8.422635e-01  0.000000e+00
   outer loop
     vertex  4.137642e+01  1.041303e+01  4.000000e+00
     vertex  4.131865e+01  1.037605e+01  0.000000e+00
     vertex  4.131865e+01  1.037605e+01  4.000000e+00
   endloop
 endfacet
 facet normal -5.619699e-01  8.271577e-01  0.000000e+00
   outer loop
     vertex  4.143316e+01  1.045157e+01  4.000000e+00
     vertex  4.143316e+01  1.045157e+01  0.000000e+00
     vertex  4.137642e+01  1.041303e+01  0.000000e+00
   endloop
 endfacet
 facet normal -5.844507e-01  8.114292e-01  0.000000e+00
   outer loop
     vertex  4.143316e+01  1.045157e+01  4.000000e+00
     vertex  4.148882e+01  1.049166e+01  0.000000e+00
     vertex  4.143316e+01  1.045157e+01  0.000000e+00
   endloop
 endfacet
 facet normal -5.619699e-01  8.271577e-01  0.000000e+00
   outer loop
     vertex  4.143316e+01  1.045157e+01  4.000000e+00
     vertex  4.137642e+01  1.041303e+01  0.000000e+00
     vertex  4.137642e+01  1.041303e+01  4.000000e+00
   endloop
 endfacet
 facet normal -5.844507e-01  8.114292e-01  0.000000e+00
   outer loop
     vertex  4.148882e+01  1.049166e+01  4.000000e+00
     vertex  4.148882e+01  1.049166e+01  0.000000e+00
     vertex  4.143316e+01  1.045157e+01  4.000000e+00
   endloop
 endfacet
 facet normal -6.064915e-01  7.950900e-01  0.000000e+00
   outer loop
     vertex  4.154335e+01  1.053326e+01  4.000000e+00
     vertex  4.154335e+01  1.053326e+01  0.000000e+00
     vertex  4.148882e+01  1.049166e+01  0.000000e+00
   endloop
 endfacet
 facet normal -6.064915e-01  7.950900e-01  0.000000e+00
   outer loop
     vertex  4.154335e+01  1.053326e+01  4.000000e+00
     vertex  4.148882e+01  1.049166e+01  0.000000e+00
     vertex  4.148882e+01  1.049166e+01  4.000000e+00
   endloop
 endfacet
 facet normal -6.280757e-01  7.781522e-01  0.000000e+00
   outer loop
     vertex  4.159673e+01  1.057634e+01  4.000000e+00
     vertex  4.159673e+01  1.057634e+01  0.000000e+00
     vertex  4.154335e+01  1.053326e+01  0.000000e+00
   endloop
 endfacet
 facet normal -6.280757e-01  7.781522e-01  0.000000e+00
   outer loop
     vertex  4.159673e+01  1.057634e+01  4.000000e+00
     vertex  4.154335e+01  1.053326e+01  0.000000e+00
     vertex  4.154335e+01  1.053326e+01  4.000000e+00
   endloop
 endfacet
 facet normal -6.491872e-01  7.606287e-01  0.000000e+00
   outer loop
     vertex  4.164890e+01  1.062087e+01  4.000000e+00
     vertex  4.164890e+01  1.062087e+01  0.000000e+00
     vertex  4.159673e+01  1.057634e+01  0.000000e+00
   endloop
 endfacet
 facet normal -6.491872e-01  7.606287e-01  0.000000e+00
   outer loop
     vertex  4.164890e+01  1.062087e+01  4.000000e+00
     vertex  4.159673e+01  1.057634e+01  0.000000e+00
     vertex  4.159673e+01  1.057634e+01  4.000000e+00
   endloop
 endfacet
 facet normal -6.698100e-01  7.425325e-01  0.000000e+00
   outer loop
     vertex  4.169983e+01  1.066681e+01  4.000000e+00
     vertex  4.169983e+01  1.066681e+01  0.000000e+00
     vertex  4.164890e+01  1.062087e+01  0.000000e+00
   endloop
 endfacet
 facet normal -6.899286e-01  7.238775e-01  0.000000e+00
   outer loop
     vertex  4.169983e+01  1.066681e+01  4.000000e+00
     vertex  4.174949e+01  1.071414e+01  0.000000e+00
     vertex  4.169983e+01  1.066681e+01  0.000000e+00
   endloop
 endfacet
 facet normal -6.698100e-01  7.425325e-01  0.000000e+00
   outer loop
     vertex  4.169983e+01  1.066681e+01  4.000000e+00
     vertex  4.164890e+01  1.062087e+01  0.000000e+00
     vertex  4.164890e+01  1.062087e+01  4.000000e+00
   endloop
 endfacet
 facet normal -6.899286e-01  7.238775e-01  0.000000e+00
   outer loop
     vertex  4.174949e+01  1.071414e+01  4.000000e+00
     vertex  4.174949e+01  1.071414e+01  0.000000e+00
     vertex  4.169983e+01  1.066681e+01  4.000000e+00
   endloop
 endfacet
 facet normal -7.095278e-01  7.046775e-01  0.000000e+00
   outer loop
     vertex  4.179782e+01  1.076281e+01  4.000000e+00
     vertex  4.179782e+01  1.076281e+01  0.000000e+00
     vertex  4.174949e+01  1.071414e+01  0.000000e+00
   endloop
 endfacet
 facet normal -7.095278e-01  7.046775e-01  0.000000e+00
   outer loop
     vertex  4.179782e+01  1.076281e+01  4.000000e+00
     vertex  4.174949e+01  1.071414e+01  0.000000e+00
     vertex  4.174949e+01  1.071414e+01  4.000000e+00
   endloop
 endfacet
 facet normal -7.285929e-01  6.849470e-01  0.000000e+00
   outer loop
     vertex  4.184480e+01  1.081278e+01  4.000000e+00
     vertex  4.184480e+01  1.081278e+01  0.000000e+00
     vertex  4.179782e+01  1.076281e+01  0.000000e+00
   endloop
 endfacet
 facet normal -7.471095e-01  6.647010e-01  0.000000e+00
   outer loop
     vertex  4.184480e+01  1.081278e+01  4.000000e+00
     vertex  4.189039e+01  1.086403e+01  0.000000e+00
     vertex  4.184480e+01  1.081278e+01  0.000000e+00
   endloop
 endfacet
 facet normal -7.285929e-01  6.849470e-01  0.000000e+00
   outer loop
     vertex  4.184480e+01  1.081278e+01  4.000000e+00
     vertex  4.179782e+01  1.076281e+01  0.000000e+00
     vertex  4.179782e+01  1.076281e+01  4.000000e+00
   endloop
 endfacet
 facet normal -7.471095e-01  6.647010e-01  0.000000e+00
   outer loop
     vertex  4.189039e+01  1.086403e+01  4.000000e+00
     vertex  4.189039e+01  1.086403e+01  0.000000e+00
     vertex  4.184480e+01  1.081278e+01  4.000000e+00
   endloop
 endfacet
 facet normal -7.650637e-01  6.439545e-01  0.000000e+00
   outer loop
     vertex  4.193456e+01  1.091650e+01  4.000000e+00
     vertex  4.193456e+01  1.091650e+01  0.000000e+00
     vertex  4.189039e+01  1.086403e+01  0.000000e+00
   endloop
 endfacet
 facet normal -7.650637e-01  6.439545e-01  0.000000e+00
   outer loop
     vertex  4.193456e+01  1.091650e+01  4.000000e+00
     vertex  4.189039e+01  1.086403e+01  0.000000e+00
     vertex  4.189039e+01  1.086403e+01  4.000000e+00
   endloop
 endfacet
 facet normal -7.824421e-01  6.227234e-01  0.000000e+00
   outer loop
     vertex  4.197728e+01  1.097017e+01  4.000000e+00
     vertex  4.197728e+01  1.097017e+01  0.000000e+00
     vertex  4.193456e+01  1.091650e+01  0.000000e+00
   endloop
 endfacet
 facet normal -7.824421e-01  6.227234e-01  0.000000e+00
   outer loop
     vertex  4.197728e+01  1.097017e+01  4.000000e+00
     vertex  4.193456e+01  1.091650e+01  0.000000e+00
     vertex  4.193456e+01  1.091650e+01  4.000000e+00
   endloop
 endfacet
 facet normal -7.992314e-01  6.010234e-01  0.000000e+00
   outer loop
     vertex  4.201850e+01  1.102499e+01  4.000000e+00
     vertex  4.201850e+01  1.102499e+01  0.000000e+00
     vertex  4.197728e+01  1.097017e+01  0.000000e+00
   endloop
 endfacet
 facet normal -7.992314e-01  6.010234e-01  0.000000e+00
   outer loop
     vertex  4.201850e+01  1.102499e+01  4.000000e+00
     vertex  4.197728e+01  1.097017e+01  0.000000e+00
     vertex  4.197728e+01  1.097017e+01  4.000000e+00
   endloop
 endfacet
 facet normal -8.154191e-01  5.788711e-01  0.000000e+00
   outer loop
     vertex  4.205821e+01  1.108092e+01  4.000000e+00
     vertex  4.205821e+01  1.108092e+01  0.000000e+00
     vertex  4.201850e+01  1.102499e+01  0.000000e+00
   endloop
 endfacet
 facet normal -8.154191e-01  5.788711e-01  0.000000e+00
   outer loop
     vertex  4.205821e+01  1.108092e+01  4.000000e+00
     vertex  4.201850e+01  1.102499e+01  0.000000e+00
     vertex  4.201850e+01  1.102499e+01  4.000000e+00
   endloop
 endfacet
 facet normal -8.309929e-01  5.562829e-01  0.000000e+00
   outer loop
     vertex  4.209637e+01  1.113792e+01  4.000000e+00
     vertex  4.209637e+01  1.113792e+01  0.000000e+00
     vertex  4.205821e+01  1.108092e+01  0.000000e+00
   endloop
 endfacet
 facet normal -8.309929e-01  5.562829e-01  0.000000e+00
   outer loop
     vertex  4.209637e+01  1.113792e+01  4.000000e+00
     vertex  4.205821e+01  1.108092e+01  0.000000e+00
     vertex  4.205821e+01  1.108092e+01  4.000000e+00
   endloop
 endfacet
 facet normal -8.459413e-01  5.332761e-01  0.000000e+00
   outer loop
     vertex  4.213294e+01  1.119595e+01  4.000000e+00
     vertex  4.213294e+01  1.119595e+01  0.000000e+00
     vertex  4.209637e+01  1.113792e+01  0.000000e+00
   endloop
 endfacet
 facet normal -8.459413e-01  5.332761e-01  0.000000e+00
   outer loop
     vertex  4.213294e+01  1.119595e+01  4.000000e+00
     vertex  4.209637e+01  1.113792e+01  0.000000e+00
     vertex  4.209637e+01  1.113792e+01  4.000000e+00
   endloop
 endfacet
 facet normal -8.602528e-01  5.098678e-01  0.000000e+00
   outer loop
     vertex  4.216792e+01  1.125495e+01  4.000000e+00
     vertex  4.216792e+01  1.125495e+01  0.000000e+00
     vertex  4.213294e+01  1.119595e+01  0.000000e+00
   endloop
 endfacet
 facet normal -8.602528e-01  5.098678e-01  0.000000e+00
   outer loop
     vertex  4.216792e+01  1.125495e+01  4.000000e+00
     vertex  4.213294e+01  1.119595e+01  0.000000e+00
     vertex  4.213294e+01  1.119595e+01  4.000000e+00
   endloop
 endfacet
 facet normal -8.739167e-01  4.860756e-01  0.000000e+00
   outer loop
     vertex  4.220126e+01  1.131490e+01  4.000000e+00
     vertex  4.220126e+01  1.131490e+01  0.000000e+00
     vertex  4.216792e+01  1.125495e+01  0.000000e+00
   endloop
 endfacet
 facet normal -8.739167e-01  4.860756e-01  0.000000e+00
   outer loop
     vertex  4.220126e+01  1.131490e+01  4.000000e+00
     vertex  4.216792e+01  1.125495e+01  0.000000e+00
     vertex  4.216792e+01  1.125495e+01  4.000000e+00
   endloop
 endfacet
 facet normal -8.869228e-01  4.619176e-01  0.000000e+00
   outer loop
     vertex  4.223294e+01  1.137573e+01  4.000000e+00
     vertex  4.220126e+01  1.131490e+01  0.000000e+00
     vertex  4.220126e+01  1.131490e+01  4.000000e+00
   endloop
 endfacet
 facet normal -8.869228e-01  4.619176e-01  0.000000e+00
   outer loop
     vertex  4.223294e+01  1.137573e+01  4.000000e+00
     vertex  4.223294e+01  1.137573e+01  0.000000e+00
     vertex  4.220126e+01  1.131490e+01  0.000000e+00
   endloop
 endfacet
 facet normal -8.992613e-01  4.374119e-01  0.000000e+00
   outer loop
     vertex  4.223294e+01  1.137573e+01  4.000000e+00
     vertex  4.226294e+01  1.143741e+01  0.000000e+00
     vertex  4.223294e+01  1.137573e+01  0.000000e+00
   endloop
 endfacet
 facet normal -8.992613e-01  4.374119e-01  0.000000e+00
   outer loop
     vertex  4.226294e+01  1.143741e+01  4.000000e+00
     vertex  4.226294e+01  1.143741e+01  0.000000e+00
     vertex  4.223294e+01  1.137573e+01  4.000000e+00
   endloop
 endfacet
 facet normal -9.109228e-01  4.125769e-01  0.000000e+00
   outer loop
     vertex  4.229124e+01  1.149990e+01  4.000000e+00
     vertex  4.226294e+01  1.143741e+01  0.000000e+00
     vertex  4.226294e+01  1.143741e+01  4.000000e+00
   endloop
 endfacet
 facet normal -9.109228e-01  4.125769e-01  0.000000e+00
   outer loop
     vertex  4.229124e+01  1.149990e+01  4.000000e+00
     vertex  4.229124e+01  1.149990e+01  0.000000e+00
     vertex  4.226294e+01  1.143741e+01  0.000000e+00
   endloop
 endfacet
 facet normal -9.218986e-01  3.874313e-01  0.000000e+00
   outer loop
     vertex  4.231782e+01  1.156313e+01  4.000000e+00
     vertex  4.229124e+01  1.149990e+01  0.000000e+00
     vertex  4.229124e+01  1.149990e+01  4.000000e+00
   endloop
 endfacet
 facet normal -9.218986e-01  3.874313e-01  0.000000e+00
   outer loop
     vertex  4.231782e+01  1.156313e+01  4.000000e+00
     vertex  4.231782e+01  1.156313e+01  0.000000e+00
     vertex  4.229124e+01  1.149990e+01  0.000000e+00
   endloop
 endfacet
 facet normal -9.321804e-01  3.619940e-01  0.000000e+00
   outer loop
     vertex  4.234265e+01  1.162707e+01  4.000000e+00
     vertex  4.231782e+01  1.156313e+01  0.000000e+00
     vertex  4.231782e+01  1.156313e+01  4.000000e+00
   endloop
 endfacet
 facet normal -9.321804e-01  3.619940e-01  0.000000e+00
   outer loop
     vertex  4.234265e+01  1.162707e+01  4.000000e+00
     vertex  4.234265e+01  1.162707e+01  0.000000e+00
     vertex  4.231782e+01  1.156313e+01  0.000000e+00
   endloop
 endfacet
 facet normal -9.417605e-01  3.362843e-01  0.000000e+00
   outer loop
     vertex  4.236571e+01  1.169167e+01  4.000000e+00
     vertex  4.234265e+01  1.162707e+01  0.000000e+00
     vertex  4.234265e+01  1.162707e+01  4.000000e+00
   endloop
 endfacet
 facet normal -9.417605e-01  3.362843e-01  0.000000e+00
   outer loop
     vertex  4.236571e+01  1.169167e+01  4.000000e+00
     vertex  4.236571e+01  1.169167e+01  0.000000e+00
     vertex  4.234265e+01  1.162707e+01  0.000000e+00
   endloop
 endfacet
 facet normal -9.506317e-01  3.103214e-01  0.000000e+00
   outer loop
     vertex  4.238700e+01  1.175687e+01  4.000000e+00
     vertex  4.236571e+01  1.169167e+01  0.000000e+00
     vertex  4.236571e+01  1.169167e+01  4.000000e+00
   endloop
 endfacet
 facet normal -9.506317e-01  3.103214e-01  0.000000e+00
   outer loop
     vertex  4.238700e+01  1.175687e+01  4.000000e+00
     vertex  4.238700e+01  1.175687e+01  0.000000e+00
     vertex  4.236571e+01  1.169167e+01  0.000000e+00
   endloop
 endfacet
 facet normal -9.587873e-01  2.841250e-01  0.000000e+00
   outer loop
     vertex  4.240649e+01  1.182264e+01  4.000000e+00
     vertex  4.238700e+01  1.175687e+01  0.000000e+00
     vertex  4.238700e+01  1.175687e+01  4.000000e+00
   endloop
 endfacet
 facet normal -9.587873e-01  2.841250e-01  0.000000e+00
   outer loop
     vertex  4.240649e+01  1.182264e+01  4.000000e+00
     vertex  4.240649e+01  1.182264e+01  0.000000e+00
     vertex  4.238700e+01  1.175687e+01  0.000000e+00
   endloop
 endfacet
 facet normal -9.662211e-01  2.577146e-01  0.000000e+00
   outer loop
     vertex  4.242416e+01  1.188891e+01  4.000000e+00
     vertex  4.240649e+01  1.182264e+01  0.000000e+00
     vertex  4.240649e+01  1.182264e+01  4.000000e+00
   endloop
 endfacet
 facet normal -9.662211e-01  2.577146e-01  0.000000e+00
   outer loop
     vertex  4.242416e+01  1.188891e+01  4.000000e+00
     vertex  4.242416e+01  1.188891e+01  0.000000e+00
     vertex  4.240649e+01  1.182264e+01  0.000000e+00
   endloop
 endfacet
 facet normal -9.729276e-01  2.311102e-01  0.000000e+00
   outer loop
     vertex  4.244002e+01  1.195565e+01  4.000000e+00
     vertex  4.242416e+01  1.188891e+01  0.000000e+00
     vertex  4.242416e+01  1.188891e+01  4.000000e+00
   endloop
 endfacet
 facet normal -9.729276e-01  2.311102e-01  0.000000e+00
   outer loop
     vertex  4.244002e+01  1.195565e+01  4.000000e+00
     vertex  4.244002e+01  1.195565e+01  0.000000e+00
     vertex  4.242416e+01  1.188891e+01  0.000000e+00
   endloop
 endfacet
 facet normal -9.789017e-01  2.043319e-01  0.000000e+00
   outer loop
     vertex  4.245403e+01  1.202279e+01  4.000000e+00
     vertex  4.244002e+01  1.195565e+01  0.000000e+00
     vertex  4.244002e+01  1.195565e+01  4.000000e+00
   endloop
 endfacet
 facet normal -9.789017e-01  2.043319e-01  0.000000e+00
   outer loop
     vertex  4.245403e+01  1.202279e+01  4.000000e+00
     vertex  4.245403e+01  1.202279e+01  0.000000e+00
     vertex  4.244002e+01  1.195565e+01  0.000000e+00
   endloop
 endfacet
 facet normal -9.841389e-01  1.773998e-01  0.000000e+00
   outer loop
     vertex  4.246620e+01  1.209029e+01  4.000000e+00
     vertex  4.245403e+01  1.202279e+01  0.000000e+00
     vertex  4.245403e+01  1.202279e+01  4.000000e+00
   endloop
 endfacet
 facet normal -9.841389e-01  1.773998e-01  0.000000e+00
   outer loop
     vertex  4.246620e+01  1.209029e+01  4.000000e+00
     vertex  4.246620e+01  1.209029e+01  0.000000e+00
     vertex  4.245403e+01  1.202279e+01  0.000000e+00
   endloop
 endfacet
 facet normal -9.886353e-01  1.503341e-01  0.000000e+00
   outer loop
     vertex  4.246620e+01  1.209029e+01  4.000000e+00
     vertex  4.247651e+01  1.215811e+01  0.000000e+00
     vertex  4.246620e+01  1.209029e+01  0.000000e+00
   endloop
 endfacet
 facet normal -9.923874e-01  1.231552e-01  0.000000e+00
   outer loop
     vertex  4.247651e+01  1.215811e+01  4.000000e+00
     vertex  4.248496e+01  1.222618e+01  0.000000e+00
     vertex  4.247651e+01  1.215811e+01  0.000000e+00
   endloop
 endfacet
 facet normal -9.886353e-01  1.503341e-01  0.000000e+00
   outer loop
     vertex  4.247651e+01  1.215811e+01  4.000000e+00
     vertex  4.247651e+01  1.215811e+01  0.000000e+00
     vertex  4.246620e+01  1.209029e+01  4.000000e+00
   endloop
 endfacet
 facet normal -9.923874e-01  1.231552e-01  0.000000e+00
   outer loop
     vertex  4.248496e+01  1.222618e+01  4.000000e+00
     vertex  4.248496e+01  1.222618e+01  0.000000e+00
     vertex  4.247651e+01  1.215811e+01  4.000000e+00
   endloop
 endfacet
 facet normal -9.953925e-01  9.588368e-02  0.000000e+00
   outer loop
     vertex  4.249154e+01  1.229445e+01  4.000000e+00
     vertex  4.249154e+01  1.229445e+01  0.000000e+00
     vertex  4.248496e+01  1.222618e+01  0.000000e+00
   endloop
 endfacet
 facet normal -9.953925e-01  9.588368e-02  0.000000e+00
   outer loop
     vertex  4.249154e+01  1.229445e+01  4.000000e+00
     vertex  4.248496e+01  1.222618e+01  0.000000e+00
     vertex  4.248496e+01  1.222618e+01  4.000000e+00
   endloop
 endfacet
 facet normal -9.976484e-01  6.853995e-02  0.000000e+00
   outer loop
     vertex  4.249624e+01  1.236288e+01  4.000000e+00
     vertex  4.249624e+01  1.236288e+01  0.000000e+00
     vertex  4.249154e+01  1.229445e+01  0.000000e+00
   endloop
 endfacet
 facet normal -9.976484e-01  6.853995e-02  0.000000e+00
   outer loop
     vertex  4.249624e+01  1.236288e+01  4.000000e+00
     vertex  4.249154e+01  1.229445e+01  0.000000e+00
     vertex  4.249154e+01  1.229445e+01  4.000000e+00
   endloop
 endfacet
 facet normal -9.991532e-01  4.114462e-02  0.000000e+00
   outer loop
     vertex  4.249906e+01  1.243141e+01  4.000000e+00
     vertex  4.249906e+01  1.243141e+01  0.000000e+00
     vertex  4.249624e+01  1.236288e+01  0.000000e+00
   endloop
 endfacet
 facet normal -9.991532e-01  4.114462e-02  0.000000e+00
   outer loop
     vertex  4.249906e+01  1.243141e+01  4.000000e+00
     vertex  4.249624e+01  1.236288e+01  0.000000e+00
     vertex  4.249624e+01  1.236288e+01  4.000000e+00
   endloop
 endfacet
 facet normal -9.999059e-01  1.371831e-02  0.000000e+00
   outer loop
     vertex  4.250000e+01  1.250000e+01  4.000000e+00
     vertex  4.250000e+01  1.250000e+01  0.000000e+00
     vertex  4.249906e+01  1.243141e+01  0.000000e+00
   endloop
 endfacet
 facet normal -9.999059e-01  1.371831e-02  0.000000e+00
   outer loop
     vertex  4.250000e+01  1.250000e+01  4.000000e+00
     vertex  4.249906e+01  1.243141e+01  0.000000e+00
     vertex  4.249906e+01  1.243141e+01  4.000000e+00
   endloop
 endfacet
 facet normal  0.000000e+00 -1.000000e+00  0.000000e+00
   outer loop
     vertex  6.280385e+01  2.150000e+01  0.000000e+00
     vertex  7.319615e+01  2.150000e+01  0.000000e+00
     vertex  7.319615e+01  2.150000e+01  4.000000e+00
   endloop
 endfacet
 facet normal  0.000000e+00 -1.000000e+00  0.000000e+00
   outer loop
     vertex  6.280385e+01  2.150000e+01  0.000000e+00
     vertex  7.319615e+01  2.150000e+01  4.000000e+00
     vertex  6.280385e+01  2.150000e+01  4.000000e+00
   endloop
 endfacet
 facet normal  8.660254e-01 -5.000000e-01  0.000000e+00
   outer loop
     vertex  5.760770e+01  1.250000e+01  0.000000e+00
     vertex  6.280385e+01  2.150000e+01  0.000000e+00
     vertex  6.280385e+01  2.150000e+01  4.000000e+00
   endloop
 endfacet
 facet normal  8.660254e-01 -5.000000e-01  0.000000e+00
   outer loop
     vertex  5.760770e+01  1.250000e+01  0.000000e+00
     vertex  6.280385e+01  2.150000e+01  4.000000e+00
     vertex  5.760770e+01  1.250000e+01  4.000000e+00
   endloop
 endfacet
 facet normal -8.660254e-01 -5.000000e-01  0.000000e+00
   outer loop
     vertex  7.319615e+01  2.150000e+01  0.000000e+00
     vertex  7.839230e+01  1.250000e+01  0.000000e+00
     vertex  7.839230e+01  1.250000e+01  4.000000e+00
   endloop
 endfacet
 facet normal -8.660254e-01 -5.000000e-01  0.000000e+00
   outer loop
     vertex  7.319615e+01  2.150000e+01  0.000000e+00
     vertex  7.839230e+01  1.250000e+01  4.000000e+00
     vertex  7.319615e+01  2.150000e+01  4.000000e+00
   endloop
 endfacet
 facet normal  8.660254e-01  5.000000e-01  0.000000e+00
   outer loop
     vertex  6.280385e+01  3.500000e+00  0.000000e+00
     vertex  5.760770e+01  1.250000e+01  0.000000e+00
     vertex  5.760770e+01  1.250000e+01  4.000000e+00
   endloop
 endfacet
 facet normal  8.660254e-01  5.000000e-01 -0.000000e+00
   outer loop
     vertex  6.280385e+01  3.500000e+00  0.000000e+00
     vertex  5.760770e+01  1.250000e+01  4.000000e+00
     vertex  6.280385e+01  3.500000e+00  4.000000e+00
   endloop
 endfacet
 facet normal -8.660254e-01  5.000000e-01  0.000000e+00
   outer loop
     vertex  7.839230e+01  1.250000e+01  0.000000e+00
     vertex  7.319615e+01  3.500000e+00  0.000000e+00
     vertex  7.319615e+01  3.500000e+00  4.000000e+00
   endloop
 endfacet
 facet normal -8.660254e-01  5.000000e-01  0.000000e+00
   outer loop
     vertex  7.839230e+01  1.250000e+01  0.000000e+00
     vertex  7.319615e+01  3.500000e+00  4.000000e+00
     vertex  7.839230e+01  1.250000e+01  4.000000e+00
   endloop
 endfacet
 facet normal  1.709300e-16  1.000000e+00  0.000000e+00
   outer loop
     vertex  7.319615e+01  3.500000e+00  0.000000e+00
     vertex  6.280385e+01  3.500000e+00  0.000000e+00
     vertex  6.280385e+01  3.500000e+00  4.000000e+00
   endloop
 endfacet
 facet normal  1.709300e-16  1.000000e+00 -0.000000e+00
   outer loop
     vertex  7.319615e+01  3.500000e+00  0.000000e+00
     vertex  6.280385e+01  3.500000e+00  4.000000e+00
     vertex  7.319615e+01  3.500000e+00  4.000000e+00
   endloop
 endfacet
endsolid
