solid 
 facet normal -1.000000e+00  0.000000e+00 -0.000000e+00
   outer loop
     vertex  0.000000e+00  1.208582e+01  7.965107e+00
     vertex  0.000000e+00  2.200000e+01  0.000000e+00
     vertex  0.000000e+00  1.205702e+01  7.935708e+00
   endloop
 endfacet
 facet normal -1.000000e+00  0.000000e+00  0.000000e+00
   outer loop
     vertex  0.000000e+00  1.202742e+01  7.907111e+00
     vertex  0.000000e+00  1.205702e+01  7.935708e+00
     vertex  0.000000e+00  2.200000e+01  0.000000e+00
   endloop
 endfacet
 facet normal -1.000000e+00  0.000000e+00 -0.000000e+00
   outer loop
     vertex  0.000000e+00  1.211380e+01  7.995285e+00
     vertex  0.000000e+00  2.200000e+01  0.000000e+00
     vertex  0.000000e+00  1.208582e+01  7.965107e+00
   endloop
 endfacet
 facet normal -1.000000e+00  0.000000e+00  0.000000e+00
   outer loop
     vertex  0.000000e+00  1.199705e+01  7.879336e+00
     vertex  0.000000e+00  1.202742e+01  7.907111e+00
     vertex  0.000000e+00  2.200000e+01  0.000000e+00
   endloop
 endfacet
 facet normal -1.000000e+00  0.000000e+00 -0.000000e+00
   outer loop
     vertex  0.000000e+00  1.214094e+01  8.026219e+00
     vertex  0.000000e+00  2.200000e+01  0.000000e+00
     vertex  0.000000e+00  1.211380e+01  7.995285e+00
   endloop
 endfacet
 facet normal -1.000000e+00  0.000000e+00  0.000000e+00
   outer loop
     vertex  0.000000e+00  1.196593e+01  7.852404e+00
     vertex  0.000000e+00  1.199705e+01  7.879336e+00
     vertex  0.000000e+00  2.200000e+01  0.000000e+00
   endloop
 endfacet
 facet normal -1.000000e+00  0.000000e+00 -0.000000e+00
   outer loop
     vertex  0.000000e+00  1.216723e+01  8.057886e+00
     vertex  0.000000e+00  2.200000e+01  0.000000e+00
     vertex  0.000000e+00  1.214094e+01  8.026219e+00
   endloop
 endfacet
 facet normal -1.000000e+00  0.000000e+00  0.000000e+00
   outer loop
     vertex  0.000000e+00  1.193409e+01  7.826337e+00
     vertex  0.000000e+00  1.196593e+01  7.852404e+00
     vertex  0.000000e+00  2.200000e+01  0.000000e+00
   endloop
 endfacet
 facet normal -1.000000e+00  0.000000e+00 -0.000000e+00
   outer loop
     vertex  0.000000e+00  1.219263e+01  8.090263e+00
     vertex  0.000000e+00  2.200000e+01  0.000000e+00
     vertex  0.000000e+00  1.216723e+01  8.057886e+00
   endloop
 endfacet
 facet normal -1.000000e+00  0.000000e+00  0.000000e+00
   outer loop
     vertex  0.000000e+00  1.190154e+01  7.801153e+00
     vertex  0.000000e+00  1.193409e+01  7.826337e+00
     vertex  0.000000e+00  2.200000e+01  0.000000e+00
   endloop
 endfacet
 facet normal -1.000000e+00  0.000000e+00 -0.000000e+00
   outer loop
     vertex  0.000000e+00  1.221714e+01  8.123324e+00
     vertex  0.000000e+00  2.200000e+01  0.000000e+00
     vertex  0.000000e+00  1.219263e+01  8.090263e+00
   endloop
 endfacet
 facet normal -1.000000e+00  0.000000e+00  0.000000e+00
   outer loop
     vertex  0.000000e+00  1.186831e+01  7.776871e+00
     vertex  0.000000e+00  1.190154e+01  7.801153e+00
     vertex  0.000000e+00  2.200000e+01  0.000000e+00
   endloop
 endfacet
 facet normal -1.000000e+00  0.000000e+00 -0.000000e+00
   outer loop
     vertex  0.000000e+00  1.224074e+01  8.157045e+00
     vertex  0.000000e+00  2.200000e+01  0.000000e+00
     vertex  0.000000e+00  1.221714e+01  8.123324e+00
   endloop
 endfacet
 facet normal -1.000000e+00  0.000000e+00  0.000000e+00
   outer loop
     vertex  0.000000e+00  1.183442e+01  7.753511e+00
     vertex  0.000000e+00  1.186831e+01  7.776871e+00
     vertex  0.000000e+00  2.200000e+01  0.000000e+00
   endloop
 endfacet
 facet normal -1.000000e+00  0.000000e+00 -0.000000e+00
   outer loop
     vertex  0.000000e+00  1.226340e+01  8.191401e+00
     vertex  0.000000e+00  2.200000e+01  0.000000e+00
     vertex  0.000000e+00  1.224074e+01  8.157045e+00
   endloop
 endfacet
 facet normal -1.000000e+00  0.000000e+00  0.000000e+00
   outer loop
     vertex  0.000000e+00  1.179991e+01  7.731088e+00
     vertex  0.000000e+00  1.183442e+01  7.753511e+00
     vertex  0.000000e+00  2.200000e+01  0.000000e+00
   endloop
 endfacet
 facet normal -1.000000e+00  0.000000e+00 -0.000000e+00
   outer loop
     vertex  0.000000e+00  1.228510e+01  8.226365e+00
     vertex  0.000000e+00  2.200000e+01  0.000000e+00
     vertex  0.000000e+00  1.226340e+01  8.191401e+00
   endloop
 endfacet
 facet normal -1.000000e+00  0.000000e+00  0.000000e+00
   outer loop
     vertex  0.000000e+00  1.176480e+01  7.709621e+00
     vertex  0.000000e+00  1.179991e+01  7.731088e+00
     vertex  0.000000e+00  2.200000e+01  0.000000e+00
   endloop
 endfacet
 facet normal -1.000000e+00  0.000000e+00 -0.000000e+00
   outer loop
     vertex  0.000000e+00  1.230584e+01  8.261912e+00
     vertex  0.000000e+00  2.200000e+01  0.000000e+00
     vertex  0.000000e+00  1.228510e+01  8.226365e+00
   endloop
 endfacet
 facet normal -1.000000e+00  0.000000e+00  0.000000e+00
   outer loop
     vertex  0.000000e+00  1.172911e+01  7.689125e+00
     vertex  0.000000e+00  1.176480e+01  7.709621e+00
     vertex  0.000000e+00  2.200000e+01  0.000000e+00
   endloop
 endfacet
 facet normal -1.000000e+00  0.000000e+00 -0.000000e+00
   outer loop
     vertex  0.000000e+00  1.232560e+01  8.298014e+00
     vertex  0.000000e+00  2.200000e+01  0.000000e+00
     vertex  0.000000e+00  1.230584e+01  8.261912e+00
   endloop
 endfacet
 facet normal -1.000000e+00  0.000000e+00  0.000000e+00
   outer loop
     vertex  0.000000e+00  1.169288e+01  7.669616e+00
     vertex  0.000000e+00  1.172911e+01  7.689125e+00
     vertex  0.000000e+00  2.200000e+01  0.000000e+00
   endloop
 endfacet
 facet normal -1.000000e+00  0.000000e+00 -0.000000e+00
   outer loop
     vertex  0.000000e+00  1.234436e+01  8.334645e+00
     vertex  0.000000e+00  2.200000e+01  0.000000e+00
     vertex  0.000000e+00  1.232560e+01  8.298014e+00
   endloop
 endfacet
 facet normal -1.000000e+00  0.000000e+00  0.000000e+00
   outer loop
     vertex  0.000000e+00  1.165612e+01  7.651108e+00
     vertex  0.000000e+00  1.169288e+01  7.669616e+00
     vertex  0.000000e+00  2.200000e+01  0.000000e+00
   endloop
 endfacet
 facet normal -1.000000e+00  0.000000e+00 -0.000000e+00
   outer loop
     vertex  0.000000e+00  1.236211e+01  8.371777e+00
     vertex  0.000000e+00  2.200000e+01  0.000000e+00
     vertex  0.000000e+00  1.234436e+01  8.334645e+00
   endloop
 endfacet
 facet normal -1.000000e+00  0.000000e+00  0.000000e+00
   outer loop
     vertex  0.000000e+00  1.161887e+01  7.633616e+00
     vertex  0.000000e+00  1.165612e+01  7.651108e+00
     vertex  0.000000e+00  2.200000e+01  0.000000e+00
   endloop
 endfacet
 facet normal -1.000000e+00  0.000000e+00 -0.000000e+00
   outer loop
     vertex  0.000000e+00  1.237883e+01  8.409381e+00
     vertex  0.000000e+00  2.200000e+01  0.000000e+00
     vertex  0.000000e+00  1.236211e+01  8.371777e+00
   endloop
 endfacet
 facet normal -1.000000e+00  0.000000e+00  0.000000e+00
   outer loop
     vertex  0.000000e+00  1.158115e+01  7.617152e+00
     vertex  0.000000e+00  1.161887e+01  7.633616e+00
     vertex  0.000000e+00  2.200000e+01  0.000000e+00
   endloop
 endfacet
 facet normal -1.000000e+00  0.000000e+00 -0.000000e+00
   outer loop
     vertex  0.000000e+00  1.239451e+01  8.447431e+00
     vertex  0.000000e+00  2.200000e+01  0.000000e+00
     vertex  0.000000e+00  1.237883e+01  8.409381e+00
   endloop
 endfacet
 facet normal -1.000000e+00  0.000000e+00  0.000000e+00
   outer loop
     vertex  0.000000e+00  1.154299e+01  7.601729e+00
     vertex  0.000000e+00  1.158115e+01  7.617152e+00
     vertex  0.000000e+00  2.200000e+01  0.000000e+00
   endloop
 endfacet
 facet normal -1.000000e+00  0.000000e+00 -0.000000e+00
   outer loop
     vertex  0.000000e+00  1.240915e+01  8.485896e+00
     vertex  0.000000e+00  2.200000e+01  0.000000e+00
     vertex  0.000000e+00  1.239451e+01  8.447431e+00
   endloop
 endfacet
 facet normal -1.000000e+00  0.000000e+00  0.000000e+00
   outer loop
     vertex  0.000000e+00  1.150443e+01  7.587359e+00
     vertex  0.000000e+00  1.154299e+01  7.601729e+00
     vertex  0.000000e+00  2.200000e+01  0.000000e+00
   endloop
 endfacet
 facet normal -1.000000e+00  0.000000e+00 -0.000000e+00
   outer loop
     vertex  0.000000e+00  1.242272e+01  8.524748e+00
     vertex  0.000000e+00  2.200000e+01  0.000000e+00
     vertex  0.000000e+00  1.240915e+01  8.485896e+00
   endloop
 endfacet
 facet normal -1.000000e+00  0.000000e+00  0.000000e+00
   outer loop
     vertex  0.000000e+00  1.146548e+01  7.574052e+00
     vertex  0.000000e+00  1.150443e+01  7.587359e+00
     vertex  0.000000e+00  2.200000e+01  0.000000e+00
   endloop
 endfacet
 facet normal -1.000000e+00  0.000000e+00 -0.000000e+00
   outer loop
     vertex  0.000000e+00  1.243522e+01  8.563958e+00
     vertex  0.000000e+00  2.200000e+01  0.000000e+00
     vertex  0.000000e+00  1.242272e+01  8.524748e+00
   endloop
 endfacet
 facet normal -1.000000e+00  0.000000e+00  0.000000e+00
   outer loop
     vertex  0.000000e+00  1.142619e+01  7.561819e+00
     vertex  0.000000e+00  1.146548e+01  7.574052e+00
     vertex  0.000000e+00  2.200000e+01  0.000000e+00
   endloop
 endfacet
 facet normal -1.000000e+00  0.000000e+00 -0.000000e+00
   outer loop
     vertex  0.000000e+00  1.244665e+01  8.603496e+00
     vertex  0.000000e+00  2.200000e+01  0.000000e+00
     vertex  0.000000e+00  1.243522e+01  8.563958e+00
   endloop
 endfacet
 facet normal -1.000000e+00  0.000000e+00  0.000000e+00
   outer loop
     vertex  0.000000e+00  1.138657e+01  7.550668e+00
     vertex  0.000000e+00  1.142619e+01  7.561819e+00
     vertex  0.000000e+00  2.200000e+01  0.000000e+00
   endloop
 endfacet
 facet normal -1.000000e+00  0.000000e+00 -0.000000e+00
   outer loop
     vertex  0.000000e+00  1.245698e+01  8.643332e+00
     vertex  0.000000e+00  2.200000e+01  0.000000e+00
     vertex  0.000000e+00  1.244665e+01  8.603496e+00
   endloop
 endfacet
 facet normal -1.000000e+00  0.000000e+00  0.000000e+00
   outer loop
     vertex  0.000000e+00  1.134667e+01  7.540609e+00
     vertex  0.000000e+00  1.138657e+01  7.550668e+00
     vertex  0.000000e+00  2.200000e+01  0.000000e+00
   endloop
 endfacet
 facet normal -1.000000e+00  0.000000e+00 -0.000000e+00
   outer loop
     vertex  0.000000e+00  1.246622e+01  8.683437e+00
     vertex  0.000000e+00  2.200000e+01  0.000000e+00
     vertex  0.000000e+00  1.245698e+01  8.643332e+00
   endloop
 endfacet
 facet normal -1.000000e+00  0.000000e+00  0.000000e+00
   outer loop
     vertex  0.000000e+00  1.130650e+01  7.531648e+00
     vertex  0.000000e+00  1.134667e+01  7.540609e+00
     vertex  0.000000e+00  2.200000e+01  0.000000e+00
   endloop
 endfacet
 facet normal -1.000000e+00  0.000000e+00 -0.000000e+00
   outer loop
     vertex  0.000000e+00  1.247435e+01  8.723781e+00
     vertex  0.000000e+00  2.200000e+01  0.000000e+00
     vertex  0.000000e+00  1.246622e+01  8.683437e+00
   endloop
 endfacet
 facet normal -1.000000e+00  0.000000e+00  0.000000e+00
   outer loop
     vertex  0.000000e+00  1.126610e+01  7.523792e+00
     vertex  0.000000e+00  1.130650e+01  7.531648e+00
     vertex  0.000000e+00  2.200000e+01  0.000000e+00
   endloop
 endfacet
 facet normal -1.000000e+00  0.000000e+00 -0.000000e+00
   outer loop
     vertex  0.000000e+00  1.248137e+01  8.764332e+00
     vertex  0.000000e+00  2.200000e+01  0.000000e+00
     vertex  0.000000e+00  1.247435e+01  8.723781e+00
   endloop
 endfacet
 facet normal -1.000000e+00  0.000000e+00  0.000000e+00
   outer loop
     vertex  0.000000e+00  1.122550e+01  7.517047e+00
     vertex  0.000000e+00  1.126610e+01  7.523792e+00
     vertex  0.000000e+00  2.200000e+01  0.000000e+00
   endloop
 endfacet
 facet normal -1.000000e+00  0.000000e+00 -0.000000e+00
   outer loop
     vertex  0.000000e+00  1.248728e+01  8.805061e+00
     vertex  0.000000e+00  2.200000e+01  0.000000e+00
     vertex  0.000000e+00  1.248137e+01  8.764332e+00
   endloop
 endfacet
 facet normal -1.000000e+00  0.000000e+00  0.000000e+00
   outer loop
     vertex  0.000000e+00  1.118473e+01  7.511419e+00
     vertex  0.000000e+00  1.122550e+01  7.517047e+00
     vertex  0.000000e+00  2.200000e+01  0.000000e+00
   endloop
 endfacet
 facet normal -1.000000e+00  0.000000e+00 -0.000000e+00
   outer loop
     vertex  0.000000e+00  1.249207e+01  8.845936e+00
     vertex  0.000000e+00  2.200000e+01  0.000000e+00
     vertex  0.000000e+00  1.248728e+01  8.805061e+00
   endloop
 endfacet
 facet normal -1.000000e+00  0.000000e+00  0.000000e+00
   outer loop
     vertex  0.000000e+00  1.114383e+01  7.506911e+00
     vertex  0.000000e+00  1.118473e+01  7.511419e+00
     vertex  0.000000e+00  2.200000e+01  0.000000e+00
   endloop
 endfacet
 facet normal -1.000000e+00  0.000000e+00 -0.000000e+00
   outer loop
     vertex  0.000000e+00  1.249573e+01  8.886928e+00
     vertex  0.000000e+00  2.200000e+01  0.000000e+00
     vertex  0.000000e+00  1.249207e+01  8.845936e+00
   endloop
 endfacet
 facet normal -1.000000e+00  0.000000e+00  0.000000e+00
   outer loop
     vertex  0.000000e+00  1.110281e+01  7.503527e+00
     vertex  0.000000e+00  1.114383e+01  7.506911e+00
     vertex  0.000000e+00  2.200000e+01  0.000000e+00
   endloop
 endfacet
 facet normal -1.000000e+00  0.000000e+00 -0.000000e+00
   outer loop
     vertex  0.000000e+00  1.249827e+01  8.928004e+00
     vertex  0.000000e+00  2.200000e+01  0.000000e+00
     vertex  0.000000e+00  1.249573e+01  8.886928e+00
   endloop
 endfacet
 facet normal -1.000000e+00  0.000000e+00  0.000000e+00
   outer loop
     vertex  0.000000e+00  1.106172e+01  7.501270e+00
     vertex  0.000000e+00  1.110281e+01  7.503527e+00
     vertex  0.000000e+00  2.200000e+01  0.000000e+00
   endloop
 endfacet
 facet normal -1.000000e+00  0.000000e+00 -0.000000e+00
   outer loop
     vertex  0.000000e+00  1.249968e+01  8.969135e+00
     vertex  0.000000e+00  2.200000e+01  0.000000e+00
     vertex  0.000000e+00  1.249827e+01  8.928004e+00
   endloop
 endfacet
 facet normal -1.000000e+00  0.000000e+00  0.000000e+00
   outer loop
     vertex  0.000000e+00  1.102058e+01  7.500141e+00
     vertex  0.000000e+00  1.106172e+01  7.501270e+00
     vertex  0.000000e+00  2.200000e+01  0.000000e+00
   endloop
 endfacet
 facet normal -1.000000e+00  0.000000e+00  0.000000e+00
   outer loop
     vertex  0.000000e+00  1.249996e+01  9.010289e+00
     vertex  0.000000e+00  2.200000e+01  1.800000e+01
     vertex  0.000000e+00  2.200000e+01  0.000000e+00
   endloop
 endfacet
 facet normal -1.000000e+00  0.000000e+00 -0.000000e+00
   outer loop
     vertex  0.000000e+00  1.249996e+01  9.010289e+00
     vertex  0.000000e+00  2.200000e+01  0.000000e+00
     vertex  0.000000e+00  1.249968e+01  8.969135e+00
   endloop
 endfacet
 facet normal -1.000000e+00  0.000000e+00  0.000000e+00
   outer loop
     vertex  0.000000e+00  1.097942e+01  7.500141e+00
     vertex  0.000000e+00  1.102058e+01  7.500141e+00
     vertex  0.000000e+00  2.200000e+01  0.000000e+00
   endloop
 endfacet
 facet normal -1.000000e+00  0.000000e+00  0.000000e+00
   outer loop
     vertex  0.000000e+00  1.249912e+01  9.051435e+00
     vertex  0.000000e+00  2.200000e+01  1.800000e+01
     vertex  0.000000e+00  1.249996e+01  9.010289e+00
   endloop
 endfacet
 facet normal -1.000000e+00  0.000000e+00  0.000000e+00
   outer loop
     vertex  0.000000e+00  1.249714e+01  9.092543e+00
     vertex  0.000000e+00  2.200000e+01  1.800000e+01
     vertex  0.000000e+00  1.249912e+01  9.051435e+00
   endloop
 endfacet
 facet normal -1.000000e+00  0.000000e+00  0.000000e+00
   outer loop
     vertex  0.000000e+00  1.249404e+01  9.133581e+00
     vertex  0.000000e+00  2.200000e+01  1.800000e+01
     vertex  0.000000e+00  1.249714e+01  9.092543e+00
   endloop
 endfacet
 facet normal -1.000000e+00  0.000000e+00  0.000000e+00
   outer loop
     vertex  0.000000e+00  1.248981e+01  9.174518e+00
     vertex  0.000000e+00  2.200000e+01  1.800000e+01
     vertex  0.000000e+00  1.249404e+01  9.133581e+00
   endloop
 endfacet
 facet normal -1.000000e+00  0.000000e+00  0.000000e+00
   outer loop
     vertex  0.000000e+00  1.248446e+01  9.215324e+00
     vertex  0.000000e+00  2.200000e+01  1.800000e+01
     vertex  0.000000e+00  1.248981e+01  9.174518e+00
   endloop
 endfacet
 facet normal -1.000000e+00  0.000000e+00  0.000000e+00
   outer loop
     vertex  0.000000e+00  1.247800e+01  9.255968e+00
     vertex  0.000000e+00  2.200000e+01  1.800000e+01
     vertex  0.000000e+00  1.248446e+01  9.215324e+00
   endloop
 endfacet
 facet normal -1.000000e+00  0.000000e+00  0.000000e+00
   outer loop
     vertex  0.000000e+00  1.247042e+01  9.296419e+00
     vertex  0.000000e+00  2.200000e+01  1.800000e+01
     vertex  0.000000e+00  1.247800e+01  9.255968e+00
   endloop
 endfacet
 facet normal -1.000000e+00  0.000000e+00  0.000000e+00
   outer loop
     vertex  0.000000e+00  1.246173e+01  9.336647e+00
     vertex  0.000000e+00  2.200000e+01  1.800000e+01
     vertex  0.000000e+00  1.247042e+01  9.296419e+00
   endloop
 endfacet
 facet normal -1.000000e+00  0.000000e+00  0.000000e+00
   outer loop
     vertex  0.000000e+00  1.245195e+01  9.376621e+00
     vertex  0.000000e+00  2.200000e+01  1.800000e+01
     vertex  0.000000e+00  1.246173e+01  9.336647e+00
   endloop
 endfacet
 facet normal -1.000000e+00  0.000000e+00  0.000000e+00
   outer loop
     vertex  0.000000e+00  1.244107e+01  9.416312e+00
     vertex  0.000000e+00  2.200000e+01  1.800000e+01
     vertex  0.000000e+00  1.245195e+01  9.376621e+00
   endloop
 endfacet
 facet normal -1.000000e+00  0.000000e+00  0.000000e+00
   outer loop
     vertex  0.000000e+00  1.242911e+01  9.455690e+00
     vertex  0.000000e+00  2.200000e+01  1.800000e+01
     vertex  0.000000e+00  1.244107e+01  9.416312e+00
   endloop
 endfacet
 facet normal -1.000000e+00  0.000000e+00  0.000000e+00
   outer loop
     vertex  0.000000e+00  1.241607e+01  9.494725e+00
     vertex  0.000000e+00  2.200000e+01  1.800000e+01
     vertex  0.000000e+00  1.242911e+01  9.455690e+00
   endloop
 endfacet
 facet normal -1.000000e+00  0.000000e+00  0.000000e+00
   outer loop
     vertex  0.000000e+00  1.240196e+01  9.533387e+00
     vertex  0.000000e+00  2.200000e+01  1.800000e+01
     vertex  0.000000e+00  1.241607e+01  9.494725e+00
   endloop
 endfacet
 facet normal -1.000000e+00  0.000000e+00  0.000000e+00
   outer loop
     vertex  0.000000e+00  1.238680e+01  9.571648e+00
     vertex  0.000000e+00  2.200000e+01  1.800000e+01
     vertex  0.000000e+00  1.240196e+01  9.533387e+00
   endloop
 endfacet
 facet normal -1.000000e+00  0.000000e+00  0.000000e+00
   outer loop
     vertex  0.000000e+00  1.237060e+01  9.609478e+00
     vertex  0.000000e+00  2.200000e+01  1.800000e+01
     vertex  0.000000e+00  1.238680e+01  9.571648e+00
   endloop
 endfacet
 facet normal -1.000000e+00  0.000000e+00  0.000000e+00
   outer loop
     vertex  0.000000e+00  1.235336e+01  9.646850e+00
     vertex  0.000000e+00  2.200000e+01  1.800000e+01
     vertex  0.000000e+00  1.237060e+01  9.609478e+00
   endloop
 endfacet
 facet normal -1.000000e+00  0.000000e+00  0.000000e+00
   outer loop
     vertex  0.000000e+00  1.233511e+01  9.683735e+00
     vertex  0.000000e+00  2.200000e+01  1.800000e+01
     vertex  0.000000e+00  1.235336e+01  9.646850e+00
   endloop
 endfacet
 facet normal -1.000000e+00  0.000000e+00  0.000000e+00
   outer loop
     vertex  0.000000e+00  1.231585e+01  9.720105e+00
     vertex  0.000000e+00  2.200000e+01  1.800000e+01
     vertex  0.000000e+00  1.233511e+01  9.683735e+00
   endloop
 endfacet
 facet normal -1.000000e+00  0.000000e+00  0.000000e+00
   outer loop
     vertex  0.000000e+00  1.229559e+01  9.755933e+00
     vertex  0.000000e+00  2.200000e+01  1.800000e+01
     vertex  0.000000e+00  1.231585e+01  9.720105e+00
   endloop
 endfacet
 facet normal -1.000000e+00  0.000000e+00  0.000000e+00
   outer loop
     vertex  0.000000e+00  1.227437e+01  9.791191e+00
     vertex  0.000000e+00  2.200000e+01  1.800000e+01
     vertex  0.000000e+00  1.229559e+01  9.755933e+00
   endloop
 endfacet
 facet normal -1.000000e+00  0.000000e+00  0.000000e+00
   outer loop
     vertex  0.000000e+00  1.225218e+01  9.825855e+00
     vertex  0.000000e+00  2.200000e+01  1.800000e+01
     vertex  0.000000e+00  1.227437e+01  9.791191e+00
   endloop
 endfacet
 facet normal -1.000000e+00  0.000000e+00  0.000000e+00
   outer loop
     vertex  0.000000e+00  1.222906e+01  9.859896e+00
     vertex  0.000000e+00  2.200000e+01  1.800000e+01
     vertex  0.000000e+00  1.225218e+01  9.825855e+00
   endloop
 endfacet
 facet normal -1.000000e+00  0.000000e+00  0.000000e+00
   outer loop
     vertex  0.000000e+00  1.220500e+01  9.893291e+00
     vertex  0.000000e+00  2.200000e+01  1.800000e+01
     vertex  0.000000e+00  1.222906e+01  9.859896e+00
   endloop
 endfacet
 facet normal -1.000000e+00  0.000000e+00  0.000000e+00
   outer loop
     vertex  0.000000e+00  1.218004e+01  9.926013e+00
     vertex  0.000000e+00  2.200000e+01  1.800000e+01
     vertex  0.000000e+00  1.220500e+01  9.893291e+00
   endloop
 endfacet
 facet normal -1.000000e+00  0.000000e+00  0.000000e+00
   outer loop
     vertex  0.000000e+00  1.215419e+01  9.958037e+00
     vertex  0.000000e+00  2.200000e+01  1.800000e+01
     vertex  0.000000e+00  1.218004e+01  9.926013e+00
   endloop
 endfacet
 facet normal -1.000000e+00  0.000000e+00  0.000000e+00
   outer loop
     vertex  0.000000e+00  1.212748e+01  9.989341e+00
     vertex  0.000000e+00  2.200000e+01  1.800000e+01
     vertex  0.000000e+00  1.215419e+01  9.958037e+00
   endloop
 endfacet
 facet normal -1.000000e+00  0.000000e+00  0.000000e+00
   outer loop
     vertex  0.000000e+00  1.209991e+01  1.001990e+01
     vertex  0.000000e+00  2.200000e+01  1.800000e+01
     vertex  0.000000e+00  1.212748e+01  9.989341e+00
   endloop
 endfacet
 facet normal -1.000000e+00  0.000000e+00  0.000000e+00
   outer loop
     vertex  0.000000e+00  1.207152e+01  1.004969e+01
     vertex  0.000000e+00  2.200000e+01  1.800000e+01
     vertex  0.000000e+00  1.209991e+01  1.001990e+01
   endloop
 endfacet
 facet normal -1.000000e+00  0.000000e+00  0.000000e+00
   outer loop
     vertex  0.000000e+00  1.204232e+01  1.007869e+01
     vertex  0.000000e+00  2.200000e+01  1.800000e+01
     vertex  0.000000e+00  1.207152e+01  1.004969e+01
   endloop
 endfacet
 facet normal -1.000000e+00  0.000000e+00  0.000000e+00
   outer loop
     vertex  0.000000e+00  1.201233e+01  1.010688e+01
     vertex  0.000000e+00  2.200000e+01  1.800000e+01
     vertex  0.000000e+00  1.204232e+01  1.007869e+01
   endloop
 endfacet
 facet normal -1.000000e+00  0.000000e+00  0.000000e+00
   outer loop
     vertex  0.000000e+00  1.198158e+01  1.013424e+01
     vertex  0.000000e+00  2.200000e+01  1.800000e+01
     vertex  0.000000e+00  1.201233e+01  1.010688e+01
   endloop
 endfacet
 facet normal -1.000000e+00  0.000000e+00  0.000000e+00
   outer loop
     vertex  0.000000e+00  1.195010e+01  1.016074e+01
     vertex  0.000000e+00  2.200000e+01  1.800000e+01
     vertex  0.000000e+00  1.198158e+01  1.013424e+01
   endloop
 endfacet
 facet normal -1.000000e+00  0.000000e+00  0.000000e+00
   outer loop
     vertex  0.000000e+00  1.191790e+01  1.018637e+01
     vertex  0.000000e+00  2.200000e+01  1.800000e+01
     vertex  0.000000e+00  1.195010e+01  1.016074e+01
   endloop
 endfacet
 facet normal -1.000000e+00  0.000000e+00  0.000000e+00
   outer loop
     vertex  0.000000e+00  1.188500e+01  1.021110e+01
     vertex  0.000000e+00  2.200000e+01  1.800000e+01
     vertex  0.000000e+00  1.191790e+01  1.018637e+01
   endloop
 endfacet
 facet normal -1.000000e+00  0.000000e+00  0.000000e+00
   outer loop
     vertex  0.000000e+00  1.185145e+01  1.023493e+01
     vertex  0.000000e+00  2.200000e+01  1.800000e+01
     vertex  0.000000e+00  1.188500e+01  1.021110e+01
   endloop
 endfacet
 facet normal -1.000000e+00  0.000000e+00  0.000000e+00
   outer loop
     vertex  0.000000e+00  1.181725e+01  1.025782e+01
     vertex  0.000000e+00  2.200000e+01  1.800000e+01
     vertex  0.000000e+00  1.185145e+01  1.023493e+01
   endloop
 endfacet
 facet normal -1.000000e+00  0.000000e+00  0.000000e+00
   outer loop
     vertex  0.000000e+00  1.178243e+01  1.027977e+01
     vertex  0.000000e+00  2.200000e+01  1.800000e+01
     vertex  0.000000e+00  1.181725e+01  1.025782e+01
   endloop
 endfacet
 facet normal -1.000000e+00  0.000000e+00  0.000000e+00
   outer loop
     vertex  0.000000e+00  1.174703e+01  1.030075e+01
     vertex  0.000000e+00  2.200000e+01  1.800000e+01
     vertex  0.000000e+00  1.178243e+01  1.027977e+01
   endloop
 endfacet
 facet normal -1.000000e+00  0.000000e+00  0.000000e+00
   outer loop
     vertex  0.000000e+00  1.171106e+01  1.032075e+01
     vertex  0.000000e+00  2.200000e+01  1.800000e+01
     vertex  0.000000e+00  1.174703e+01  1.030075e+01
   endloop
 endfacet
 facet normal -1.000000e+00  0.000000e+00  0.000000e+00
   outer loop
     vertex  0.000000e+00  1.167456e+01  1.033976e+01
     vertex  0.000000e+00  2.200000e+01  1.800000e+01
     vertex  0.000000e+00  1.171106e+01  1.032075e+01
   endloop
 endfacet
 facet normal -1.000000e+00  0.000000e+00  0.000000e+00
   outer loop
     vertex  0.000000e+00  1.163755e+01  1.035777e+01
     vertex  0.000000e+00  2.200000e+01  1.800000e+01
     vertex  0.000000e+00  1.167456e+01  1.033976e+01
   endloop
 endfacet
 facet normal -1.000000e+00  0.000000e+00  0.000000e+00
   outer loop
     vertex  0.000000e+00  1.160006e+01  1.037475e+01
     vertex  0.000000e+00  2.200000e+01  1.800000e+01
     vertex  0.000000e+00  1.163755e+01  1.035777e+01
   endloop
 endfacet
 facet normal -1.000000e+00  0.000000e+00  0.000000e+00
   outer loop
     vertex  0.000000e+00  1.156212e+01  1.039069e+01
     vertex  0.000000e+00  2.200000e+01  1.800000e+01
     vertex  0.000000e+00  1.160006e+01  1.037475e+01
   endloop
 endfacet
 facet normal -1.000000e+00  0.000000e+00  0.000000e+00
   outer loop
     vertex  0.000000e+00  1.152376e+01  1.040559e+01
     vertex  0.000000e+00  2.200000e+01  1.800000e+01
     vertex  0.000000e+00  1.156212e+01  1.039069e+01
   endloop
 endfacet
 facet normal -1.000000e+00  0.000000e+00  0.000000e+00
   outer loop
     vertex  0.000000e+00  1.148500e+01  1.041943e+01
     vertex  0.000000e+00  2.200000e+01  1.800000e+01
     vertex  0.000000e+00  1.152376e+01  1.040559e+01
   endloop
 endfacet
 facet normal -1.000000e+00  0.000000e+00  0.000000e+00
   outer loop
     vertex  0.000000e+00  1.144588e+01  1.043220e+01
     vertex  0.000000e+00  2.200000e+01  1.800000e+01
     vertex  0.000000e+00  1.148500e+01  1.041943e+01
   endloop
 endfacet
 facet normal -1.000000e+00  0.000000e+00  0.000000e+00
   outer loop
     vertex  0.000000e+00  1.140642e+01  1.044389e+01
     vertex  0.000000e+00  2.200000e+01  1.800000e+01
     vertex  0.000000e+00  1.144588e+01  1.043220e+01
   endloop
 endfacet
 facet normal -1.000000e+00  0.000000e+00  0.000000e+00
   outer loop
     vertex  0.000000e+00  1.136665e+01  1.045450e+01
     vertex  0.000000e+00  2.200000e+01  1.800000e+01
     vertex  0.000000e+00  1.140642e+01  1.044389e+01
   endloop
 endfacet
 facet normal -1.000000e+00  0.000000e+00  0.000000e+00
   outer loop
     vertex  0.000000e+00  1.132661e+01  1.046401e+01
     vertex  0.000000e+00  2.200000e+01  1.800000e+01
     vertex  0.000000e+00  1.136665e+01  1.045450e+01
   endloop
 endfacet
 facet normal -1.000000e+00  0.000000e+00  0.000000e+00
   outer loop
     vertex  0.000000e+00  1.128633e+01  1.047242e+01
     vertex  0.000000e+00  2.200000e+01  1.800000e+01
     vertex  0.000000e+00  1.132661e+01  1.046401e+01
   endloop
 endfacet
 facet normal -1.000000e+00  0.000000e+00  0.000000e+00
   outer loop
     vertex  0.000000e+00  1.124582e+01  1.047972e+01
     vertex  0.000000e+00  2.200000e+01  1.800000e+01
     vertex  0.000000e+00  1.128633e+01  1.047242e+01
   endloop
 endfacet
 facet normal -1.000000e+00  0.000000e+00  0.000000e+00
   outer loop
     vertex  0.000000e+00  1.120514e+01  1.048591e+01
     vertex  0.000000e+00  2.200000e+01  1.800000e+01
     vertex  0.000000e+00  1.124582e+01  1.047972e+01
   endloop
 endfacet
 facet normal -1.000000e+00  0.000000e+00  0.000000e+00
   outer loop
     vertex  0.000000e+00  1.116429e+01  1.049098e+01
     vertex  0.000000e+00  2.200000e+01  1.800000e+01
     vertex  0.000000e+00  1.120514e+01  1.048591e+01
   endloop
 endfacet
 facet normal -1.000000e+00  0.000000e+00  0.000000e+00
   outer loop
     vertex  0.000000e+00  1.112333e+01  1.049492e+01
     vertex  0.000000e+00  2.200000e+01  1.800000e+01
     vertex  0.000000e+00  1.116429e+01  1.049098e+01
   endloop
 endfacet
 facet normal -1.000000e+00  0.000000e+00  0.000000e+00
   outer loop
     vertex  0.000000e+00  1.108227e+01  1.049774e+01
     vertex  0.000000e+00  2.200000e+01  1.800000e+01
     vertex  0.000000e+00  1.112333e+01  1.049492e+01
   endloop
 endfacet
 facet normal -1.000000e+00  0.000000e+00  0.000000e+00
   outer loop
     vertex  0.000000e+00  1.104115e+01  1.049944e+01
     vertex  0.000000e+00  2.200000e+01  1.800000e+01
     vertex  0.000000e+00  1.108227e+01  1.049774e+01
   endloop
 endfacet
 facet normal -1.000000e+00  0.000000e+00  0.000000e+00
   outer loop
     vertex  0.000000e+00  1.100000e+01  1.050000e+01
     vertex  0.000000e+00  2.200000e+01  1.800000e+01
     vertex  0.000000e+00  1.104115e+01  1.049944e+01
   endloop
 endfacet
 facet normal -1.000000e+00  0.000000e+00  0.000000e+00
   outer loop
     vertex  0.000000e+00  0.000000e+00  0.000000e+00
     vertex  0.000000e+00  1.027089e+01  7.689125e+00
     vertex  0.000000e+00  1.030712e+01  7.669616e+00
   endloop
 endfacet
 facet normal -1.000000e+00  0.000000e+00  0.000000e+00
   outer loop
     vertex  0.000000e+00  0.000000e+00  0.000000e+00
     vertex  0.000000e+00  1.030712e+01  7.669616e+00
     vertex  0.000000e+00  1.034388e+01  7.651108e+00
   endloop
 endfacet
 facet normal -1.000000e+00  0.000000e+00  0.000000e+00
   outer loop
     vertex  0.000000e+00  0.000000e+00  0.000000e+00
     vertex  0.000000e+00  1.034388e+01  7.651108e+00
     vertex  0.000000e+00  1.038113e+01  7.633616e+00
   endloop
 endfacet
 facet normal -1.000000e+00  0.000000e+00  0.000000e+00
   outer loop
     vertex  0.000000e+00  0.000000e+00  0.000000e+00
     vertex  0.000000e+00  1.038113e+01  7.633616e+00
     vertex  0.000000e+00  1.041885e+01  7.617152e+00
   endloop
 endfacet
 facet normal -1.000000e+00  0.000000e+00  0.000000e+00
   outer loop
     vertex  0.000000e+00  0.000000e+00  0.000000e+00
     vertex  0.000000e+00  1.041885e+01  7.617152e+00
     vertex  0.000000e+00  1.045701e+01  7.601729e+00
   endloop
 endfacet
 facet normal -1.000000e+00  0.000000e+00  0.000000e+00
   outer loop
     vertex  0.000000e+00  0.000000e+00  0.000000e+00
     vertex  0.000000e+00  1.045701e+01  7.601729e+00
     vertex  0.000000e+00  1.049557e+01  7.587359e+00
   endloop
 endfacet
 facet normal -1.000000e+00  0.000000e+00  0.000000e+00
   outer loop
     vertex  0.000000e+00  0.000000e+00  0.000000e+00
     vertex  0.000000e+00  1.049557e+01  7.587359e+00
     vertex  0.000000e+00  1.053452e+01  7.574052e+00
   endloop
 endfacet
 facet normal -1.000000e+00  0.000000e+00  0.000000e+00
   outer loop
     vertex  0.000000e+00  0.000000e+00  0.000000e+00
     vertex  0.000000e+00  1.053452e+01  7.574052e+00
     vertex  0.000000e+00  1.057381e+01  7.561819e+00
   endloop
 endfacet
 facet normal -1.000000e+00  0.000000e+00  0.000000e+00
   outer loop
     vertex  0.000000e+00  0.000000e+00  0.000000e+00
     vertex  0.000000e+00  1.057381e+01  7.561819e+00
     vertex  0.000000e+00  1.061343e+01  7.550668e+00
   endloop
 endfacet
 facet normal -1.000000e+00  0.000000e+00  0.000000e+00
   outer loop
     vertex  0.000000e+00  0.000000e+00  0.000000e+00
     vertex  0.000000e+00  1.061343e+01  7.550668e+00
     vertex  0.000000e+00  1.065333e+01  7.540609e+00
   endloop
 endfacet
 facet normal -1.000000e+00  0.000000e+00  0.000000e+00
   outer loop
     vertex  0.000000e+00  0.000000e+00  0.000000e+00
     vertex  0.000000e+00  1.065333e+01  7.540609e+00
     vertex  0.000000e+00  1.069350e+01  7.531648e+00
   endloop
 endfacet
 facet normal -1.000000e+00  0.000000e+00  0.000000e+00
   outer loop
     vertex  0.000000e+00  0.000000e+00  0.000000e+00
     vertex  0.000000e+00  1.069350e+01  7.531648e+00
     vertex  0.000000e+00  1.073390e+01  7.523792e+00
   endloop
 endfacet
 facet normal -1.000000e+00  0.000000e+00  0.000000e+00
   outer loop
     vertex  0.000000e+00  0.000000e+00  0.000000e+00
     vertex  0.000000e+00  1.073390e+01  7.523792e+00
     vertex  0.000000e+00  1.077450e+01  7.517047e+00
   endloop
 endfacet
 facet normal -1.000000e+00  0.000000e+00  0.000000e+00
   outer loop
     vertex  0.000000e+00  0.000000e+00  0.000000e+00
     vertex  0.000000e+00  1.077450e+01  7.517047e+00
     vertex  0.000000e+00  1.081527e+01  7.511419e+00
   endloop
 endfacet
 facet normal -1.000000e+00  0.000000e+00  0.000000e+00
   outer loop
     vertex  0.000000e+00  0.000000e+00  0.000000e+00
     vertex  0.000000e+00  1.081527e+01  7.511419e+00
     vertex  0.000000e+00  1.085617e+01  7.506911e+00
   endloop
 endfacet
 facet normal -1.000000e+00  0.000000e+00  0.000000e+00
   outer loop
     vertex  0.000000e+00  0.000000e+00  0.000000e+00
     vertex  0.000000e+00  1.085617e+01  7.506911e+00
     vertex  0.000000e+00  1.089719e+01  7.503527e+00
   endloop
 endfacet
 facet normal -1.000000e+00  0.000000e+00  0.000000e+00
   outer loop
     vertex  0.000000e+00  0.000000e+00  0.000000e+00
     vertex  0.000000e+00  1.089719e+01  7.503527e+00
     vertex  0.000000e+00  1.093828e+01  7.501270e+00
   endloop
 endfacet
 facet normal -1.000000e+00  0.000000e+00  0.000000e+00
   outer loop
     vertex  0.000000e+00  0.000000e+00  0.000000e+00
     vertex  0.000000e+00  1.093828e+01  7.501270e+00
     vertex  0.000000e+00  1.097942e+01  7.500141e+00
   endloop
 endfacet
 facet normal -1.000000e+00  0.000000e+00  0.000000e+00
   outer loop
     vertex  0.000000e+00  0.000000e+00  0.000000e+00
     vertex  0.000000e+00  1.097942e+01  7.500141e+00
     vertex  0.000000e+00  2.200000e+01  0.000000e+00
   endloop
 endfacet
 facet normal -1.000000e+00  0.000000e+00  0.000000e+00
   outer loop
     vertex  0.000000e+00  0.000000e+00  0.000000e+00
     vertex  0.000000e+00  9.500035e+00  9.010289e+00
     vertex  0.000000e+00  9.500318e+00  8.969135e+00
   endloop
 endfacet
 facet normal -1.000000e+00  0.000000e+00  0.000000e+00
   outer loop
     vertex  0.000000e+00  0.000000e+00  0.000000e+00
     vertex  0.000000e+00  9.500318e+00  8.969135e+00
     vertex  0.000000e+00  9.501729e+00  8.928004e+00
   endloop
 endfacet
 facet normal -1.000000e+00  0.000000e+00  0.000000e+00
   outer loop
     vertex  0.000000e+00  0.000000e+00  0.000000e+00
     vertex  0.000000e+00  9.501729e+00  8.928004e+00
     vertex  0.000000e+00  9.504268e+00  8.886928e+00
   endloop
 endfacet
 facet normal -1.000000e+00  0.000000e+00  0.000000e+00
   outer loop
     vertex  0.000000e+00  0.000000e+00  0.000000e+00
     vertex  0.000000e+00  9.504268e+00  8.886928e+00
     vertex  0.000000e+00  9.507933e+00  8.845936e+00
   endloop
 endfacet
 facet normal -1.000000e+00  0.000000e+00  0.000000e+00
   outer loop
     vertex  0.000000e+00  0.000000e+00  0.000000e+00
     vertex  0.000000e+00  9.507933e+00  8.845936e+00
     vertex  0.000000e+00  9.512721e+00  8.805061e+00
   endloop
 endfacet
 facet normal -1.000000e+00  0.000000e+00  0.000000e+00
   outer loop
     vertex  0.000000e+00  0.000000e+00  0.000000e+00
     vertex  0.000000e+00  9.512721e+00  8.805061e+00
     vertex  0.000000e+00  9.518629e+00  8.764332e+00
   endloop
 endfacet
 facet normal -1.000000e+00  0.000000e+00  0.000000e+00
   outer loop
     vertex  0.000000e+00  0.000000e+00  0.000000e+00
     vertex  0.000000e+00  9.518629e+00  8.764332e+00
     vertex  0.000000e+00  9.525652e+00  8.723781e+00
   endloop
 endfacet
 facet normal -1.000000e+00  0.000000e+00  0.000000e+00
   outer loop
     vertex  0.000000e+00  0.000000e+00  0.000000e+00
     vertex  0.000000e+00  9.525652e+00  8.723781e+00
     vertex  0.000000e+00  9.533784e+00  8.683437e+00
   endloop
 endfacet
 facet normal -1.000000e+00  0.000000e+00  0.000000e+00
   outer loop
     vertex  0.000000e+00  0.000000e+00  0.000000e+00
     vertex  0.000000e+00  9.533784e+00  8.683437e+00
     vertex  0.000000e+00  9.543021e+00  8.643332e+00
   endloop
 endfacet
 facet normal -1.000000e+00  0.000000e+00  0.000000e+00
   outer loop
     vertex  0.000000e+00  0.000000e+00  0.000000e+00
     vertex  0.000000e+00  9.543021e+00  8.643332e+00
     vertex  0.000000e+00  9.553354e+00  8.603496e+00
   endloop
 endfacet
 facet normal -1.000000e+00  0.000000e+00  0.000000e+00
   outer loop
     vertex  0.000000e+00  0.000000e+00  0.000000e+00
     vertex  0.000000e+00  9.553354e+00  8.603496e+00
     vertex  0.000000e+00  9.564776e+00  8.563958e+00
   endloop
 endfacet
 facet normal -1.000000e+00  0.000000e+00  0.000000e+00
   outer loop
     vertex  0.000000e+00  0.000000e+00  0.000000e+00
     vertex  0.000000e+00  9.564776e+00  8.563958e+00
     vertex  0.000000e+00  9.577279e+00  8.524748e+00
   endloop
 endfacet
 facet normal -1.000000e+00  0.000000e+00  0.000000e+00
   outer loop
     vertex  0.000000e+00  0.000000e+00  0.000000e+00
     vertex  0.000000e+00  9.577279e+00  8.524748e+00
     vertex  0.000000e+00  9.590852e+00  8.485896e+00
   endloop
 endfacet
 facet normal -1.000000e+00  0.000000e+00  0.000000e+00
   outer loop
     vertex  0.000000e+00  0.000000e+00  0.000000e+00
     vertex  0.000000e+00  9.590852e+00  8.485896e+00
     vertex  0.000000e+00  9.605487e+00  8.447431e+00
   endloop
 endfacet
 facet normal -1.000000e+00  0.000000e+00  0.000000e+00
   outer loop
     vertex  0.000000e+00  0.000000e+00  0.000000e+00
     vertex  0.000000e+00  9.605487e+00  8.447431e+00
     vertex  0.000000e+00  9.621171e+00  8.409381e+00
   endloop
 endfacet
 facet normal -1.000000e+00  0.000000e+00  0.000000e+00
   outer loop
     vertex  0.000000e+00  0.000000e+00  0.000000e+00
     vertex  0.000000e+00  9.621171e+00  8.409381e+00
     vertex  0.000000e+00  9.637893e+00  8.371777e+00
   endloop
 endfacet
 facet normal -1.000000e+00  0.000000e+00  0.000000e+00
   outer loop
     vertex  0.000000e+00  0.000000e+00  0.000000e+00
     vertex  0.000000e+00  9.637893e+00  8.371777e+00
     vertex  0.000000e+00  9.655640e+00  8.334645e+00
   endloop
 endfacet
 facet normal -1.000000e+00  0.000000e+00  0.000000e+00
   outer loop
     vertex  0.000000e+00  0.000000e+00  0.000000e+00
     vertex  0.000000e+00  9.655640e+00  8.334645e+00
     vertex  0.000000e+00  9.674400e+00  8.298014e+00
   endloop
 endfacet
 facet normal -1.000000e+00  0.000000e+00  0.000000e+00
   outer loop
     vertex  0.000000e+00  0.000000e+00  0.000000e+00
     vertex  0.000000e+00  9.674400e+00  8.298014e+00
     vertex  0.000000e+00  9.694157e+00  8.261912e+00
   endloop
 endfacet
 facet normal -1.000000e+00  0.000000e+00  0.000000e+00
   outer loop
     vertex  0.000000e+00  0.000000e+00  0.000000e+00
     vertex  0.000000e+00  9.694157e+00  8.261912e+00
     vertex  0.000000e+00  9.714897e+00  8.226365e+00
   endloop
 endfacet
 facet normal -1.000000e+00  0.000000e+00  0.000000e+00
   outer loop
     vertex  0.000000e+00  0.000000e+00  0.000000e+00
     vertex  0.000000e+00  9.714897e+00  8.226365e+00
     vertex  0.000000e+00  9.736605e+00  8.191401e+00
   endloop
 endfacet
 facet normal -1.000000e+00  0.000000e+00  0.000000e+00
   outer loop
     vertex  0.000000e+00  0.000000e+00  0.000000e+00
     vertex  0.000000e+00  9.736605e+00  8.191401e+00
     vertex  0.000000e+00  9.759263e+00  8.157045e+00
   endloop
 endfacet
 facet normal -1.000000e+00  0.000000e+00  0.000000e+00
   outer loop
     vertex  0.000000e+00  0.000000e+00  0.000000e+00
     vertex  0.000000e+00  9.759263e+00  8.157045e+00
     vertex  0.000000e+00  9.782856e+00  8.123324e+00
   endloop
 endfacet
 facet normal -1.000000e+00  0.000000e+00  0.000000e+00
   outer loop
     vertex  0.000000e+00  0.000000e+00  0.000000e+00
     vertex  0.000000e+00  9.782856e+00  8.123324e+00
     vertex  0.000000e+00  9.807365e+00  8.090263e+00
   endloop
 endfacet
 facet normal -1.000000e+00  0.000000e+00  0.000000e+00
   outer loop
     vertex  0.000000e+00  0.000000e+00  0.000000e+00
     vertex  0.000000e+00  9.807365e+00  8.090263e+00
     vertex  0.000000e+00  9.832772e+00  8.057886e+00
   endloop
 endfacet
 facet normal -1.000000e+00  0.000000e+00  0.000000e+00
   outer loop
     vertex  0.000000e+00  0.000000e+00  0.000000e+00
     vertex  0.000000e+00  9.832772e+00  8.057886e+00
     vertex  0.000000e+00  9.859057e+00  8.026219e+00
   endloop
 endfacet
 facet normal -1.000000e+00  0.000000e+00  0.000000e+00
   outer loop
     vertex  0.000000e+00  0.000000e+00  0.000000e+00
     vertex  0.000000e+00  9.859057e+00  8.026219e+00
     vertex  0.000000e+00  9.886201e+00  7.995285e+00
   endloop
 endfacet
 facet normal -1.000000e+00  0.000000e+00  0.000000e+00
   outer loop
     vertex  0.000000e+00  0.000000e+00  0.000000e+00
     vertex  0.000000e+00  9.886201e+00  7.995285e+00
     vertex  0.000000e+00  9.914184e+00  7.965107e+00
   endloop
 endfacet
 facet normal -1.000000e+00  0.000000e+00  0.000000e+00
   outer loop
     vertex  0.000000e+00  0.000000e+00  0.000000e+00
     vertex  0.000000e+00  9.914184e+00  7.965107e+00
     vertex  0.000000e+00  9.942984e+00  7.935708e+00
   endloop
 endfacet
 facet normal -1.000000e+00  0.000000e+00  0.000000e+00
   outer loop
     vertex  0.000000e+00  0.000000e+00  0.000000e+00
     vertex  0.000000e+00  9.942984e+00  7.935708e+00
     vertex  0.000000e+00  9.972579e+00  7.907111e+00
   endloop
 endfacet
 facet normal -1.000000e+00  0.000000e+00  0.000000e+00
   outer loop
     vertex  0.000000e+00  0.000000e+00  0.000000e+00
     vertex  0.000000e+00  9.972579e+00  7.907111e+00
     vertex  0.000000e+00  1.000295e+01  7.879336e+00
   endloop
 endfacet
 facet normal -1.000000e+00  0.000000e+00  0.000000e+00
   outer loop
     vertex  0.000000e+00  0.000000e+00  0.000000e+00
     vertex  0.000000e+00  1.000295e+01  7.879336e+00
     vertex  0.000000e+00  1.003407e+01  7.852404e+00
   endloop
 endfacet
 facet normal -1.000000e+00  0.000000e+00  0.000000e+00
   outer loop
     vertex  0.000000e+00  0.000000e+00  0.000000e+00
     vertex  0.000000e+00  1.003407e+01  7.852404e+00
     vertex  0.000000e+00  1.006591e+01  7.826337e+00
   endloop
 endfacet
 facet normal -1.000000e+00  0.000000e+00  0.000000e+00
   outer loop
     vertex  0.000000e+00  0.000000e+00  0.000000e+00
     vertex  0.000000e+00  1.006591e+01  7.826337e+00
     vertex  0.000000e+00  1.009846e+01  7.801153e+00
   endloop
 endfacet
 facet normal -1.000000e+00  0.000000e+00  0.000000e+00
   outer loop
     vertex  0.000000e+00  0.000000e+00  0.000000e+00
     vertex  0.000000e+00  1.009846e+01  7.801153e+00
     vertex  0.000000e+00  1.013169e+01  7.776871e+00
   endloop
 endfacet
 facet normal -1.000000e+00  0.000000e+00  0.000000e+00
   outer loop
     vertex  0.000000e+00  0.000000e+00  0.000000e+00
     vertex  0.000000e+00  1.013169e+01  7.776871e+00
     vertex  0.000000e+00  1.016558e+01  7.753511e+00
   endloop
 endfacet
 facet normal -1.000000e+00  0.000000e+00  0.000000e+00
   outer loop
     vertex  0.000000e+00  0.000000e+00  0.000000e+00
     vertex  0.000000e+00  1.016558e+01  7.753511e+00
     vertex  0.000000e+00  1.020009e+01  7.731088e+00
   endloop
 endfacet
 facet normal -1.000000e+00  0.000000e+00  0.000000e+00
   outer loop
     vertex  0.000000e+00  0.000000e+00  0.000000e+00
     vertex  0.000000e+00  1.020009e+01  7.731088e+00
     vertex  0.000000e+00  1.023520e+01  7.709621e+00
   endloop
 endfacet
 facet normal -1.000000e+00  0.000000e+00  0.000000e+00
   outer loop
     vertex  0.000000e+00  0.000000e+00  0.000000e+00
     vertex  0.000000e+00  1.023520e+01  7.709621e+00
     vertex  0.000000e+00  1.027089e+01  7.689125e+00
   endloop
 endfacet
 facet normal -1.000000e+00  0.000000e+00  0.000000e+00
   outer loop
     vertex  0.000000e+00  0.000000e+00  1.800000e+01
     vertex  0.000000e+00  1.100000e+01  1.050000e+01
     vertex  0.000000e+00  1.095885e+01  1.049944e+01
   endloop
 endfacet
 facet normal -1.000000e+00  0.000000e+00  0.000000e+00
   outer loop
     vertex  0.000000e+00  0.000000e+00  1.800000e+01
     vertex  0.000000e+00  1.095885e+01  1.049944e+01
     vertex  0.000000e+00  1.091773e+01  1.049774e+01
   endloop
 endfacet
 facet normal -1.000000e+00  0.000000e+00  0.000000e+00
   outer loop
     vertex  0.000000e+00  0.000000e+00  1.800000e+01
     vertex  0.000000e+00  1.091773e+01  1.049774e+01
     vertex  0.000000e+00  1.087667e+01  1.049492e+01
   endloop
 endfacet
 facet normal -1.000000e+00  0.000000e+00  0.000000e+00
   outer loop
     vertex  0.000000e+00  0.000000e+00  1.800000e+01
     vertex  0.000000e+00  1.087667e+01  1.049492e+01
     vertex  0.000000e+00  1.083571e+01  1.049098e+01
   endloop
 endfacet
 facet normal -1.000000e+00  0.000000e+00  0.000000e+00
   outer loop
     vertex  0.000000e+00  0.000000e+00  1.800000e+01
     vertex  0.000000e+00  1.083571e+01  1.049098e+01
     vertex  0.000000e+00  1.079486e+01  1.048591e+01
   endloop
 endfacet
 facet normal -1.000000e+00  0.000000e+00  0.000000e+00
   outer loop
     vertex  0.000000e+00  0.000000e+00  1.800000e+01
     vertex  0.000000e+00  1.079486e+01  1.048591e+01
     vertex  0.000000e+00  1.075418e+01  1.047972e+01
   endloop
 endfacet
 facet normal -1.000000e+00  0.000000e+00  0.000000e+00
   outer loop
     vertex  0.000000e+00  0.000000e+00  1.800000e+01
     vertex  0.000000e+00  1.075418e+01  1.047972e+01
     vertex  0.000000e+00  1.071367e+01  1.047242e+01
   endloop
 endfacet
 facet normal -1.000000e+00  0.000000e+00  0.000000e+00
   outer loop
     vertex  0.000000e+00  0.000000e+00  1.800000e+01
     vertex  0.000000e+00  1.071367e+01  1.047242e+01
     vertex  0.000000e+00  1.067339e+01  1.046401e+01
   endloop
 endfacet
 facet normal -1.000000e+00  0.000000e+00  0.000000e+00
   outer loop
     vertex  0.000000e+00  0.000000e+00  1.800000e+01
     vertex  0.000000e+00  1.067339e+01  1.046401e+01
     vertex  0.000000e+00  1.063335e+01  1.045450e+01
   endloop
 endfacet
 facet normal -1.000000e+00  0.000000e+00  0.000000e+00
   outer loop
     vertex  0.000000e+00  0.000000e+00  1.800000e+01
     vertex  0.000000e+00  1.063335e+01  1.045450e+01
     vertex  0.000000e+00  1.059358e+01  1.044389e+01
   endloop
 endfacet
 facet normal -1.000000e+00  0.000000e+00  0.000000e+00
   outer loop
     vertex  0.000000e+00  0.000000e+00  1.800000e+01
     vertex  0.000000e+00  1.059358e+01  1.044389e+01
     vertex  0.000000e+00  1.055412e+01  1.043220e+01
   endloop
 endfacet
 facet normal -1.000000e+00  0.000000e+00  0.000000e+00
   outer loop
     vertex  0.000000e+00  0.000000e+00  1.800000e+01
     vertex  0.000000e+00  1.055412e+01  1.043220e+01
     vertex  0.000000e+00  1.051500e+01  1.041943e+01
   endloop
 endfacet
 facet normal -1.000000e+00  0.000000e+00  0.000000e+00
   outer loop
     vertex  0.000000e+00  0.000000e+00  1.800000e+01
     vertex  0.000000e+00  1.051500e+01  1.041943e+01
     vertex  0.000000e+00  1.047624e+01  1.040559e+01
   endloop
 endfacet
 facet normal -1.000000e+00  0.000000e+00  0.000000e+00
   outer loop
     vertex  0.000000e+00  0.000000e+00  1.800000e+01
     vertex  0.000000e+00  1.047624e+01  1.040559e+01
     vertex  0.000000e+00  1.043788e+01  1.039069e+01
   endloop
 endfacet
 facet normal -1.000000e+00  0.000000e+00  0.000000e+00
   outer loop
     vertex  0.000000e+00  0.000000e+00  1.800000e+01
     vertex  0.000000e+00  1.043788e+01  1.039069e+01
     vertex  0.000000e+00  1.039994e+01  1.037475e+01
   endloop
 endfacet
 facet normal -1.000000e+00  0.000000e+00  0.000000e+00
   outer loop
     vertex  0.000000e+00  0.000000e+00  1.800000e+01
     vertex  0.000000e+00  1.039994e+01  1.037475e+01
     vertex  0.000000e+00  1.036245e+01  1.035777e+01
   endloop
 endfacet
 facet normal -1.000000e+00  0.000000e+00  0.000000e+00
   outer loop
     vertex  0.000000e+00  0.000000e+00  1.800000e+01
     vertex  0.000000e+00  1.036245e+01  1.035777e+01
     vertex  0.000000e+00  1.032544e+01  1.033976e+01
   endloop
 endfacet
 facet normal -1.000000e+00  0.000000e+00  0.000000e+00
   outer loop
     vertex  0.000000e+00  0.000000e+00  1.800000e+01
     vertex  0.000000e+00  1.032544e+01  1.033976e+01
     vertex  0.000000e+00  1.028894e+01  1.032075e+01
   endloop
 endfacet
 facet normal -1.000000e+00  0.000000e+00  0.000000e+00
   outer loop
     vertex  0.000000e+00  0.000000e+00  1.800000e+01
     vertex  0.000000e+00  1.028894e+01  1.032075e+01
     vertex  0.000000e+00  1.025297e+01  1.030075e+01
   endloop
 endfacet
 facet normal -1.000000e+00  0.000000e+00  0.000000e+00
   outer loop
     vertex  0.000000e+00  0.000000e+00  1.800000e+01
     vertex  0.000000e+00  1.025297e+01  1.030075e+01
     vertex  0.000000e+00  1.021757e+01  1.027977e+01
   endloop
 endfacet
 facet normal -1.000000e+00  0.000000e+00  0.000000e+00
   outer loop
     vertex  0.000000e+00  0.000000e+00  1.800000e+01
     vertex  0.000000e+00  1.021757e+01  1.027977e+01
     vertex  0.000000e+00  1.018275e+01  1.025782e+01
   endloop
 endfacet
 facet normal -1.000000e+00  0.000000e+00  0.000000e+00
   outer loop
     vertex  0.000000e+00  0.000000e+00  1.800000e+01
     vertex  0.000000e+00  1.018275e+01  1.025782e+01
     vertex  0.000000e+00  1.014855e+01  1.023493e+01
   endloop
 endfacet
 facet normal -1.000000e+00  0.000000e+00  0.000000e+00
   outer loop
     vertex  0.000000e+00  0.000000e+00  1.800000e+01
     vertex  0.000000e+00  1.014855e+01  1.023493e+01
     vertex  0.000000e+00  1.011500e+01  1.021110e+01
   endloop
 endfacet
 facet normal -1.000000e+00  0.000000e+00  0.000000e+00
   outer loop
     vertex  0.000000e+00  0.000000e+00  1.800000e+01
     vertex  0.000000e+00  1.011500e+01  1.021110e+01
     vertex  0.000000e+00  1.008210e+01  1.018637e+01
   endloop
 endfacet
 facet normal -1.000000e+00  0.000000e+00  0.000000e+00
   outer loop
     vertex  0.000000e+00  0.000000e+00  1.800000e+01
     vertex  0.000000e+00  1.008210e+01  1.018637e+01
     vertex  0.000000e+00  1.004990e+01  1.016074e+01
   endloop
 endfacet
 facet normal -1.000000e+00  0.000000e+00  0.000000e+00
   outer loop
     vertex  0.000000e+00  0.000000e+00  1.800000e+01
     vertex  0.000000e+00  1.004990e+01  1.016074e+01
     vertex  0.000000e+00  1.001842e+01  1.013424e+01
   endloop
 endfacet
 facet normal -1.000000e+00  0.000000e+00  0.000000e+00
   outer loop
     vertex  0.000000e+00  0.000000e+00  1.800000e+01
     vertex  0.000000e+00  1.001842e+01  1.013424e+01
     vertex  0.000000e+00  9.987669e+00  1.010688e+01
   endloop
 endfacet
 facet normal -1.000000e+00  0.000000e+00  0.000000e+00
   outer loop
     vertex  0.000000e+00  0.000000e+00  1.800000e+01
     vertex  0.000000e+00  9.987669e+00  1.010688e+01
     vertex  0.000000e+00  9.957684e+00  1.007869e+01
   endloop
 endfacet
 facet normal -1.000000e+00  0.000000e+00  0.000000e+00
   outer loop
     vertex  0.000000e+00  0.000000e+00  1.800000e+01
     vertex  0.000000e+00  9.957684e+00  1.007869e+01
     vertex  0.000000e+00  9.928483e+00  1.004969e+01
   endloop
 endfacet
 facet normal -1.000000e+00  0.000000e+00  0.000000e+00
   outer loop
     vertex  0.000000e+00  0.000000e+00  1.800000e+01
     vertex  0.000000e+00  9.928483e+00  1.004969e+01
     vertex  0.000000e+00  9.900089e+00  1.001990e+01
   endloop
 endfacet
 facet normal -1.000000e+00  0.000000e+00  0.000000e+00
   outer loop
     vertex  0.000000e+00  0.000000e+00  1.800000e+01
     vertex  0.000000e+00  9.900089e+00  1.001990e+01
     vertex  0.000000e+00  9.872523e+00  9.989341e+00
   endloop
 endfacet
 facet normal -1.000000e+00  0.000000e+00  0.000000e+00
   outer loop
     vertex  0.000000e+00  0.000000e+00  1.800000e+01
     vertex  0.000000e+00  9.872523e+00  9.989341e+00
     vertex  0.000000e+00  9.845806e+00  9.958037e+00
   endloop
 endfacet
 facet normal -1.000000e+00  0.000000e+00  0.000000e+00
   outer loop
     vertex  0.000000e+00  0.000000e+00  1.800000e+01
     vertex  0.000000e+00  9.845806e+00  9.958037e+00
     vertex  0.000000e+00  9.819957e+00  9.926013e+00
   endloop
 endfacet
 facet normal -1.000000e+00  0.000000e+00  0.000000e+00
   outer loop
     vertex  0.000000e+00  0.000000e+00  1.800000e+01
     vertex  0.000000e+00  9.819957e+00  9.926013e+00
     vertex  0.000000e+00  9.794997e+00  9.893291e+00
   endloop
 endfacet
 facet normal -1.000000e+00  0.000000e+00  0.000000e+00
   outer loop
     vertex  0.000000e+00  0.000000e+00  1.800000e+01
     vertex  0.000000e+00  9.794997e+00  9.893291e+00
     vertex  0.000000e+00  9.770944e+00  9.859896e+00
   endloop
 endfacet
 facet normal -1.000000e+00  0.000000e+00  0.000000e+00
   outer loop
     vertex  0.000000e+00  0.000000e+00  1.800000e+01
     vertex  0.000000e+00  9.770944e+00  9.859896e+00
     vertex  0.000000e+00  9.747816e+00  9.825855e+00
   endloop
 endfacet
 facet normal -1.000000e+00  0.000000e+00  0.000000e+00
   outer loop
     vertex  0.000000e+00  0.000000e+00  1.800000e+01
     vertex  0.000000e+00  9.747816e+00  9.825855e+00
     vertex  0.000000e+00  9.725631e+00  9.791191e+00
   endloop
 endfacet
 facet normal -1.000000e+00  0.000000e+00  0.000000e+00
   outer loop
     vertex  0.000000e+00  0.000000e+00  1.800000e+01
     vertex  0.000000e+00  9.725631e+00  9.791191e+00
     vertex  0.000000e+00  9.704405e+00  9.755933e+00
   endloop
 endfacet
 facet normal -1.000000e+00  0.000000e+00  0.000000e+00
   outer loop
     vertex  0.000000e+00  0.000000e+00  1.800000e+01
     vertex  0.000000e+00  9.704405e+00  9.755933e+00
     vertex  0.000000e+00  9.684155e+00  9.720105e+00
   endloop
 endfacet
 facet normal -1.000000e+00  0.000000e+00  0.000000e+00
   outer loop
     vertex  0.000000e+00  0.000000e+00  1.800000e+01
     vertex  0.000000e+00  9.684155e+00  9.720105e+00
     vertex  0.000000e+00  9.664894e+00  9.683735e+00
   endloop
 endfacet
 facet normal -1.000000e+00  0.000000e+00  0.000000e+00
   outer loop
     vertex  0.000000e+00  0.000000e+00  1.800000e+01
     vertex  0.000000e+00  9.664894e+00  9.683735e+00
     vertex  0.000000e+00  9.646639e+00  9.646850e+00
   endloop
 endfacet
 facet normal -1.000000e+00  0.000000e+00  0.000000e+00
   outer loop
     vertex  0.000000e+00  0.000000e+00  1.800000e+01
     vertex  0.000000e+00  9.646639e+00  9.646850e+00
     vertex  0.000000e+00  9.629403e+00  9.609478e+00
   endloop
 endfacet
 facet normal -1.000000e+00  0.000000e+00  0.000000e+00
   outer loop
     vertex  0.000000e+00  0.000000e+00  1.800000e+01
     vertex  0.000000e+00  9.629403e+00  9.609478e+00
     vertex  0.000000e+00  9.613198e+00  9.571648e+00
   endloop
 endfacet
 facet normal -1.000000e+00  0.000000e+00  0.000000e+00
   outer loop
     vertex  0.000000e+00  0.000000e+00  1.800000e+01
     vertex  0.000000e+00  9.613198e+00  9.571648e+00
     vertex  0.000000e+00  9.598038e+00  9.533387e+00
   endloop
 endfacet
 facet normal -1.000000e+00  0.000000e+00  0.000000e+00
   outer loop
     vertex  0.000000e+00  0.000000e+00  1.800000e+01
     vertex  0.000000e+00  9.598038e+00  9.533387e+00
     vertex  0.000000e+00  9.583932e+00  9.494725e+00
   endloop
 endfacet
 facet normal -1.000000e+00  0.000000e+00  0.000000e+00
   outer loop
     vertex  0.000000e+00  0.000000e+00  1.800000e+01
     vertex  0.000000e+00  9.583932e+00  9.494725e+00
     vertex  0.000000e+00  9.570893e+00  9.455690e+00
   endloop
 endfacet
 facet normal -1.000000e+00  0.000000e+00  0.000000e+00
   outer loop
     vertex  0.000000e+00  0.000000e+00  1.800000e+01
     vertex  0.000000e+00  9.500035e+00  9.010289e+00
     vertex  0.000000e+00  0.000000e+00  0.000000e+00
   endloop
 endfacet
 facet normal -1.000000e+00  0.000000e+00  0.000000e+00
   outer loop
     vertex  0.000000e+00  0.000000e+00  1.800000e+01
     vertex  0.000000e+00  9.570893e+00  9.455690e+00
     vertex  0.000000e+00  9.558930e+00  9.416312e+00
   endloop
 endfacet
 facet normal -1.000000e+00  0.000000e+00  0.000000e+00
   outer loop
     vertex  0.000000e+00  0.000000e+00  1.800000e+01
     vertex  0.000000e+00  9.558930e+00  9.416312e+00
     vertex  0.000000e+00  9.548051e+00  9.376621e+00
   endloop
 endfacet
 facet normal -1.000000e+00  0.000000e+00  0.000000e+00
   outer loop
     vertex  0.000000e+00  0.000000e+00  1.800000e+01
     vertex  0.000000e+00  9.548051e+00  9.376621e+00
     vertex  0.000000e+00  9.538265e+00  9.336647e+00
   endloop
 endfacet
 facet normal -1.000000e+00  0.000000e+00  0.000000e+00
   outer loop
     vertex  0.000000e+00  0.000000e+00  1.800000e+01
     vertex  0.000000e+00  9.538265e+00  9.336647e+00
     vertex  0.000000e+00  9.529580e+00  9.296419e+00
   endloop
 endfacet
 facet normal -1.000000e+00  0.000000e+00  0.000000e+00
   outer loop
     vertex  0.000000e+00  0.000000e+00  1.800000e+01
     vertex  0.000000e+00  9.529580e+00  9.296419e+00
     vertex  0.000000e+00  9.522001e+00  9.255968e+00
   endloop
 endfacet
 facet normal -1.000000e+00  0.000000e+00  0.000000e+00
   outer loop
     vertex  0.000000e+00  0.000000e+00  1.800000e+01
     vertex  0.000000e+00  9.522001e+00  9.255968e+00
     vertex  0.000000e+00  9.515535e+00  9.215324e+00
   endloop
 endfacet
 facet normal -1.000000e+00  0.000000e+00  0.000000e+00
   outer loop
     vertex  0.000000e+00  0.000000e+00  1.800000e+01
     vertex  0.000000e+00  9.515535e+00  9.215324e+00
     vertex  0.000000e+00  9.510187e+00  9.174518e+00
   endloop
 endfacet
 facet normal -1.000000e+00  0.000000e+00  0.000000e+00
   outer loop
     vertex  0.000000e+00  0.000000e+00  1.800000e+01
     vertex  0.000000e+00  9.510187e+00  9.174518e+00
     vertex  0.000000e+00  9.505960e+00  9.133581e+00
   endloop
 endfacet
 facet normal -1.000000e+00  0.000000e+00  0.000000e+00
   outer loop
     vertex  0.000000e+00  0.000000e+00  1.800000e+01
     vertex  0.000000e+00  9.505960e+00  9.133581e+00
     vertex  0.000000e+00  9.502857e+00  9.092543e+00
   endloop
 endfacet
 facet normal -1.000000e+00  0.000000e+00  0.000000e+00
   outer loop
     vertex  0.000000e+00  0.000000e+00  1.800000e+01
     vertex  0.000000e+00  9.502857e+00  9.092543e+00
     vertex  0.000000e+00  9.500882e+00  9.051435e+00
   endloop
 endfacet
 facet normal -1.000000e+00  0.000000e+00  0.000000e+00
   outer loop
     vertex  0.000000e+00  0.000000e+00  1.800000e+01
     vertex  0.000000e+00  9.500882e+00  9.051435e+00
     vertex  0.000000e+00  9.500035e+00  9.010289e+00
   endloop
 endfacet
 facet normal -1.000000e+00  0.000000e+00  0.000000e+00
   outer loop
     vertex  0.000000e+00  0.000000e+00  1.800000e+01
     vertex  0.000000e+00  2.200000e+01  1.800000e+01
     vertex  0.000000e+00  1.100000e+01  1.050000e+01
   endloop
 endfacet
 facet normal  0.000000e+00 -1.000000e+00 -0.000000e+00
   outer loop
     vertex  7.600000e+01  0.000000e+00  1.800000e+01
     vertex  0.000000e+00  0.000000e+00  0.000000e+00
     vertex  7.600000e+01  0.000000e+00  0.000000e+00
   endloop
 endfacet
 facet normal -0.000000e+00 -1.000000e+00  0.000000e+00
   outer loop
     vertex  7.600000e+01  0.000000e+00  1.800000e+01
     vertex  0.000000e+00  0.000000e+00  1.800000e+01
     vertex  0.000000e+00  0.000000e+00  0.000000e+00
   endloop
 endfacet
 facet normal  0.000000e+00  0.000000e+00  1.000000e+00
   outer loop
     vertex  4.500000e+00  5.000000e+00  1.800000e+01
     vertex  0.000000e+00  0.000000e+00  1.800000e+01
     vertex  4.500000e+00  1.500000e+00  1.800000e+01
   endloop
 endfacet
 facet normal  0.000000e+00  0.000000e+00  1.000000e+00
   outer loop
     vertex  0.000000e+00  2.200000e+01  1.800000e+01
     vertex  4.500000e+00  5.000000e+00  1.800000e+01
     vertex  4.500000e+00  1.700000e+01  1.800000e+01
   endloop
 endfacet
 facet normal  0.000000e+00  0.000000e+00  1.000000e+00
   outer loop
     vertex  0.000000e+00  2.200000e+01  1.800000e+01
     vertex  0.000000e+00  0.000000e+00  1.800000e+01
     vertex  4.500000e+00  5.000000e+00  1.800000e+01
   endloop
 endfacet
 facet normal  0.000000e+00  0.000000e+00  1.000000e+00
   outer loop
     vertex  4.500000e+00  2.050000e+01  1.800000e+01
     vertex  0.000000e+00  2.200000e+01  1.800000e+01
     vertex  4.500000e+00  1.700000e+01  1.800000e+01
   endloop
 endfacet
 facet normal  0.000000e+00  0.000000e+00  1.000000e+00
   outer loop
     vertex  7.600000e+01  0.000000e+00  1.800000e+01
     vertex  7.150000e+01  1.500000e+00  1.800000e+01
     vertex  4.500000e+00  1.500000e+00  1.800000e+01
   endloop
 endfacet
 facet normal  0.000000e+00  0.000000e+00  1.000000e+00
   outer loop
     vertex  7.600000e+01  0.000000e+00  1.800000e+01
     vertex  4.500000e+00  1.500000e+00  1.800000e+01
     vertex  0.000000e+00  0.000000e+00  1.800000e+01
   endloop
 endfacet
 facet normal  0.000000e+00  0.000000e+00  1.000000e+00
   outer loop
     vertex  7.150000e+01  5.000000e+00  1.800000e+01
     vertex  7.150000e+01  1.500000e+00  1.800000e+01
     vertex  7.600000e+01  0.000000e+00  1.800000e+01
   endloop
 endfacet
 facet normal  0.000000e+00  0.000000e+00  1.000000e+00
   outer loop
     vertex  7.600000e+01  2.200000e+01  1.800000e+01
     vertex  7.150000e+01  2.050000e+01  1.800000e+01
     vertex  7.150000e+01  1.700000e+01  1.800000e+01
   endloop
 endfacet
 facet normal  0.000000e+00  0.000000e+00  1.000000e+00
   outer loop
     vertex  7.600000e+01  2.200000e+01  1.800000e+01
     vertex  7.150000e+01  1.700000e+01  1.800000e+01
     vertex  7.150000e+01  5.000000e+00  1.800000e+01
   endloop
 endfacet
 facet normal  0.000000e+00  0.000000e+00  1.000000e+00
   outer loop
     vertex  7.600000e+01  2.200000e+01  1.800000e+01
     vertex  7.150000e+01  5.000000e+00  1.800000e+01
     vertex  7.600000e+01  0.000000e+00  1.800000e+01
   endloop
 endfacet
 facet normal  0.000000e+00  0.000000e+00  1.000000e+00
   outer loop
     vertex  7.600000e+01  2.200000e+01  1.800000e+01
     vertex  0.000000e+00  2.200000e+01  1.800000e+01
     vertex  4.500000e+00  2.050000e+01  1.800000e+01
   endloop
 endfacet
 facet normal  0.000000e+00  0.000000e+00  1.000000e+00
   outer loop
     vertex  7.600000e+01  2.200000e+01  1.800000e+01
     vertex  4.500000e+00  2.050000e+01  1.800000e+01
     vertex  7.150000e+01  2.050000e+01  1.800000e+01
   endloop
 endfacet
 facet normal -0.000000e+00  0.000000e+00 -1.000000e+00
   outer loop
     vertex  7.600000e+01  2.200000e+01  0.000000e+00
     vertex  0.000000e+00  0.000000e+00  0.000000e+00
     vertex  0.000000e+00  2.200000e+01  0.000000e+00
   endloop
 endfacet
 facet normal  0.000000e+00 -0.000000e+00 -1.000000e+00
   outer loop
     vertex  7.600000e+01  2.200000e+01  0.000000e+00
     vertex  7.600000e+01  0.000000e+00  0.000000e+00
     vertex  0.000000e+00  0.000000e+00  0.000000e+00
   endloop
 endfacet
 facet normal  0.000000e+00  1.000000e+00  0.000000e+00
   outer loop
     vertex  7.600000e+01  2.200000e+01  1.800000e+01
     vertex  7.600000e+01  2.200000e+01  0.000000e+00
     vertex  0.000000e+00  2.200000e+01  0.000000e+00
   endloop
 endfacet
 facet normal  0.000000e+00  1.000000e+00  0.000000e+00
   outer loop
     vertex  7.600000e+01  2.200000e+01  1.800000e+01
     vertex  0.000000e+00  2.200000e+01  0.000000e+00
     vertex  0.000000e+00  2.200000e+01  1.800000e+01
   endloop
 endfacet
 facet normal  0.000000e+00  1.367906e-02 -9.999064e-01
   outer loop
     vertex  4.500000e+00  1.095897e+01  1.049944e+01
     vertex  0.000000e+00  1.100000e+01  1.050000e+01
     vertex  4.500000e+00  1.100000e+01  1.050000e+01
   endloop
 endfacet
 facet normal  3.579949e-07  1.371831e-02 -9.999059e-01
   outer loop
     vertex  4.500000e+00  1.095897e+01  1.049944e+01
     vertex  0.000000e+00  1.095885e+01  1.049944e+01
     vertex  0.000000e+00  1.100000e+01  1.050000e+01
   endloop
 endfacet
 facet normal -3.569676e-07  4.102695e-02 -9.991580e-01
   outer loop
     vertex  4.500000e+00  1.091796e+01  1.049776e+01
     vertex  0.000000e+00  1.095885e+01  1.049944e+01
     vertex  4.500000e+00  1.095897e+01  1.049944e+01
   endloop
 endfacet
 facet normal  7.139351e-07  4.114462e-02 -9.991532e-01
   outer loop
     vertex  4.500000e+00  1.091796e+01  1.049776e+01
     vertex  0.000000e+00  1.091773e+01  1.049774e+01
     vertex  0.000000e+00  1.095885e+01  1.049944e+01
   endloop
 endfacet
 facet normal  1.067821e-06  6.853995e-02 -9.976484e-01
   outer loop
     vertex  4.500000e+00  1.087702e+01  1.049495e+01
     vertex  0.000000e+00  1.087667e+01  1.049492e+01
     vertex  0.000000e+00  1.091773e+01  1.049774e+01
   endloop
 endfacet
 facet normal -7.118806e-07  6.834413e-02 -9.976618e-01
   outer loop
     vertex  4.500000e+00  1.087702e+01  1.049495e+01
     vertex  0.000000e+00  1.091773e+01  1.049774e+01
     vertex  4.500000e+00  1.091796e+01  1.049776e+01
   endloop
 endfacet
 facet normal  1.419652e-06  9.588368e-02 -9.953925e-01
   outer loop
     vertex  4.500000e+00  1.083617e+01  1.049103e+01
     vertex  0.000000e+00  1.083571e+01  1.049098e+01
     vertex  0.000000e+00  1.087667e+01  1.049492e+01
   endloop
 endfacet
 facet normal -1.064739e-06  9.561015e-02 -9.954189e-01
   outer loop
     vertex  4.500000e+00  1.083617e+01  1.049103e+01
     vertex  0.000000e+00  1.087667e+01  1.049492e+01
     vertex  4.500000e+00  1.087702e+01  1.049495e+01
   endloop
 endfacet
 facet normal  1.769429e-06  1.231552e-01 -9.923874e-01
   outer loop
     vertex  4.500000e+00  1.079545e+01  1.048599e+01
     vertex  0.000000e+00  1.079486e+01  1.048591e+01
     vertex  0.000000e+00  1.083571e+01  1.049098e+01
   endloop
 endfacet
 facet normal -1.415543e-06  1.228046e-01 -9.924309e-01
   outer loop
     vertex  4.500000e+00  1.079545e+01  1.048599e+01
     vertex  0.000000e+00  1.083571e+01  1.049098e+01
     vertex  4.500000e+00  1.083617e+01  1.049103e+01
   endloop
 endfacet
 facet normal  2.117150e-06  1.503341e-01 -9.886353e-01
   outer loop
     vertex  4.500000e+00  1.075487e+01  1.047984e+01
     vertex  0.000000e+00  1.075418e+01  1.047972e+01
     vertex  0.000000e+00  1.079486e+01  1.048591e+01
   endloop
 endfacet
 facet normal -1.764292e-06  1.499072e-01 -9.887001e-01
   outer loop
     vertex  4.500000e+00  1.075487e+01  1.047984e+01
     vertex  0.000000e+00  1.079486e+01  1.048591e+01
     vertex  4.500000e+00  1.079545e+01  1.048599e+01
   endloop
 endfacet
 facet normal  2.462818e-06  1.773998e-01 -9.841389e-01
   outer loop
     vertex  4.500000e+00  1.071448e+01  1.047258e+01
     vertex  0.000000e+00  1.071367e+01  1.047242e+01
     vertex  0.000000e+00  1.075418e+01  1.047972e+01
   endloop
 endfacet
 facet normal -2.110987e-06  1.768975e-01 -9.842293e-01
   outer loop
     vertex  4.500000e+00  1.071448e+01  1.047258e+01
     vertex  0.000000e+00  1.075418e+01  1.047972e+01
     vertex  4.500000e+00  1.075487e+01  1.047984e+01
   endloop
 endfacet
 facet normal  2.806431e-06  2.043319e-01 -9.789017e-01
   outer loop
     vertex  4.500000e+00  1.067431e+01  1.046421e+01
     vertex  0.000000e+00  1.067339e+01  1.046401e+01
     vertex  0.000000e+00  1.071367e+01  1.047242e+01
   endloop
 endfacet
 facet normal -2.455627e-06  2.037555e-01 -9.790218e-01
   outer loop
     vertex  4.500000e+00  1.067431e+01  1.046421e+01
     vertex  0.000000e+00  1.071367e+01  1.047242e+01
     vertex  4.500000e+00  1.071448e+01  1.047258e+01
   endloop
 endfacet
 facet normal  3.147989e-06  2.311102e-01 -9.729276e-01
   outer loop
     vertex  4.500000e+00  1.063437e+01  1.045476e+01
     vertex  0.000000e+00  1.063335e+01  1.045450e+01
     vertex  0.000000e+00  1.067339e+01  1.046401e+01
   endloop
 endfacet
 facet normal -2.798212e-06  2.304609e-01 -9.730816e-01
   outer loop
     vertex  4.500000e+00  1.063437e+01  1.045476e+01
     vertex  0.000000e+00  1.067339e+01  1.046401e+01
     vertex  4.500000e+00  1.067431e+01  1.046421e+01
   endloop
 endfacet
 facet normal  3.487492e-06  2.577146e-01 -9.662211e-01
   outer loop
     vertex  4.500000e+00  1.059472e+01  1.044421e+01
     vertex  0.000000e+00  1.059358e+01  1.044389e+01
     vertex  0.000000e+00  1.063335e+01  1.045450e+01
   endloop
 endfacet
 facet normal -3.138743e-06  2.569939e-01 -9.664130e-01
   outer loop
     vertex  4.500000e+00  1.059472e+01  1.044421e+01
     vertex  0.000000e+00  1.063335e+01  1.045450e+01
     vertex  4.500000e+00  1.063437e+01  1.045476e+01
   endloop
 endfacet
 facet normal -3.477220e-06  2.833344e-01 -9.590212e-01
   outer loop
     vertex  4.500000e+00  1.055536e+01  1.043258e+01
     vertex  0.000000e+00  1.059358e+01  1.044389e+01
     vertex  4.500000e+00  1.059472e+01  1.044421e+01
   endloop
 endfacet
 facet normal  3.824941e-06  2.841250e-01 -9.587873e-01
   outer loop
     vertex  4.500000e+00  1.055536e+01  1.043258e+01
     vertex  0.000000e+00  1.055412e+01  1.043220e+01
     vertex  0.000000e+00  1.059358e+01  1.044389e+01
   endloop
 endfacet
 facet normal -3.813641e-06  3.094630e-01 -9.509115e-01
   outer loop
     vertex  4.500000e+00  1.051634e+01  1.041988e+01
     vertex  0.000000e+00  1.055412e+01  1.043220e+01
     vertex  4.500000e+00  1.055536e+01  1.043258e+01
   endloop
 endfacet
 facet normal  4.160336e-06  3.103214e-01 -9.506317e-01
   outer loop
     vertex  4.500000e+00  1.051634e+01  1.041988e+01
     vertex  0.000000e+00  1.051500e+01  1.041943e+01
     vertex  0.000000e+00  1.055412e+01  1.043220e+01
   endloop
 endfacet
 facet normal -4.148008e-06  3.353599e-01 -9.420901e-01
   outer loop
     vertex  4.500000e+00  1.047768e+01  1.040612e+01
     vertex  0.000000e+00  1.051500e+01  1.041943e+01
     vertex  4.500000e+00  1.051634e+01  1.041988e+01
   endloop
 endfacet
 facet normal  4.493676e-06  3.362843e-01 -9.417605e-01
   outer loop
     vertex  4.500000e+00  1.047768e+01  1.040612e+01
     vertex  0.000000e+00  1.047624e+01  1.040559e+01
     vertex  0.000000e+00  1.051500e+01  1.041943e+01
   endloop
 endfacet
 facet normal -4.480321e-06  3.610058e-01 -9.325636e-01
   outer loop
     vertex  4.500000e+00  1.043941e+01  1.039131e+01
     vertex  0.000000e+00  1.047624e+01  1.040559e+01
     vertex  4.500000e+00  1.047768e+01  1.040612e+01
   endloop
 endfacet
 facet normal  4.824961e-06  3.619940e-01 -9.321804e-01
   outer loop
     vertex  4.500000e+00  1.043941e+01  1.039131e+01
     vertex  0.000000e+00  1.043788e+01  1.039069e+01
     vertex  0.000000e+00  1.047624e+01  1.040559e+01
   endloop
 endfacet
 facet normal -4.810579e-06  3.863815e-01 -9.223391e-01
   outer loop
     vertex  4.500000e+00  1.040156e+01  1.037545e+01
     vertex  0.000000e+00  1.043788e+01  1.039069e+01
     vertex  4.500000e+00  1.043941e+01  1.039131e+01
   endloop
 endfacet
 facet normal  5.154192e-06  3.874313e-01 -9.218986e-01
   outer loop
     vertex  4.500000e+00  1.040156e+01  1.037545e+01
     vertex  0.000000e+00  1.039994e+01  1.037475e+01
     vertex  0.000000e+00  1.043788e+01  1.039069e+01
   endloop
 endfacet
 facet normal -5.138782e-06  4.114680e-01 -9.114242e-01
   outer loop
     vertex  4.500000e+00  1.036415e+01  1.035857e+01
     vertex  0.000000e+00  1.039994e+01  1.037475e+01
     vertex  4.500000e+00  1.040156e+01  1.037545e+01
   endloop
 endfacet
 facet normal  5.481368e-06  4.125769e-01 -9.109228e-01
   outer loop
     vertex  4.500000e+00  1.036415e+01  1.035857e+01
     vertex  0.000000e+00  1.036245e+01  1.035777e+01
     vertex  0.000000e+00  1.039994e+01  1.037475e+01
   endloop
 endfacet
 facet normal -5.464931e-06  4.362465e-01 -8.998272e-01
   outer loop
     vertex  4.500000e+00  1.032723e+01  1.034066e+01
     vertex  0.000000e+00  1.036245e+01  1.035777e+01
     vertex  4.500000e+00  1.036415e+01  1.035857e+01
   endloop
 endfacet
 facet normal  5.806489e-06  4.374119e-01 -8.992613e-01
   outer loop
     vertex  4.500000e+00  1.032723e+01  1.034066e+01
     vertex  0.000000e+00  1.032544e+01  1.033976e+01
     vertex  0.000000e+00  1.036245e+01  1.035777e+01
   endloop
 endfacet
 facet normal -5.789025e-06  4.606986e-01 -8.875567e-01
   outer loop
     vertex  4.500000e+00  1.029081e+01  1.032176e+01
     vertex  0.000000e+00  1.032544e+01  1.033976e+01
     vertex  4.500000e+00  1.032723e+01  1.034066e+01
   endloop
 endfacet
 facet normal  6.129556e-06  4.619176e-01 -8.869228e-01
   outer loop
     vertex  4.500000e+00  1.029081e+01  1.032176e+01
     vertex  0.000000e+00  1.028894e+01  1.032075e+01
     vertex  0.000000e+00  1.032544e+01  1.033976e+01
   endloop
 endfacet
 facet normal -6.111064e-06  4.848058e-01 -8.746218e-01
   outer loop
     vertex  4.500000e+00  1.025491e+01  1.030186e+01
     vertex  0.000000e+00  1.028894e+01  1.032075e+01
     vertex  4.500000e+00  1.029081e+01  1.032176e+01
   endloop
 endfacet
 facet normal  6.450568e-06  4.860756e-01 -8.739167e-01
   outer loop
     vertex  4.500000e+00  1.025491e+01  1.030186e+01
     vertex  0.000000e+00  1.025297e+01  1.030075e+01
     vertex  0.000000e+00  1.028894e+01  1.032075e+01
   endloop
 endfacet
 facet normal -6.431049e-06  5.085501e-01 -8.610324e-01
   outer loop
     vertex  4.500000e+00  1.021958e+01  1.028099e+01
     vertex  0.000000e+00  1.025297e+01  1.030075e+01
     vertex  4.500000e+00  1.025491e+01  1.030186e+01
   endloop
 endfacet
 facet normal  6.769526e-06  5.098678e-01 -8.602528e-01
   outer loop
     vertex  4.500000e+00  1.021958e+01  1.028099e+01
     vertex  0.000000e+00  1.021757e+01  1.027977e+01
     vertex  0.000000e+00  1.025297e+01  1.030075e+01
   endloop
 endfacet
 facet normal -6.748980e-06  5.319138e-01 -8.467985e-01
   outer loop
     vertex  4.500000e+00  1.018483e+01  1.025916e+01
     vertex  0.000000e+00  1.021757e+01  1.027977e+01
     vertex  4.500000e+00  1.021958e+01  1.028099e+01
   endloop
 endfacet
 facet normal  7.086429e-06  5.332761e-01 -8.459413e-01
   outer loop
     vertex  4.500000e+00  1.018483e+01  1.025916e+01
     vertex  0.000000e+00  1.018275e+01  1.025782e+01
     vertex  0.000000e+00  1.021757e+01  1.027977e+01
   endloop
 endfacet
 facet normal -7.064855e-06  5.548794e-01 -8.319308e-01
   outer loop
     vertex  4.500000e+00  1.015069e+01  1.023639e+01
     vertex  0.000000e+00  1.018275e+01  1.025782e+01
     vertex  4.500000e+00  1.018483e+01  1.025916e+01
   endloop
 endfacet
 facet normal  7.401277e-06  5.562829e-01 -8.309929e-01
   outer loop
     vertex  4.500000e+00  1.015069e+01  1.023639e+01
     vertex  0.000000e+00  1.014855e+01  1.023493e+01
     vertex  0.000000e+00  1.018275e+01  1.025782e+01
   endloop
 endfacet
 facet normal -7.378676e-06  5.774297e-01 -8.164404e-01
   outer loop
     vertex  4.500000e+00  1.011718e+01  1.021270e+01
     vertex  0.000000e+00  1.014855e+01  1.023493e+01
     vertex  4.500000e+00  1.015069e+01  1.023639e+01
   endloop
 endfacet
 facet normal  7.714071e-06  5.788711e-01 -8.154191e-01
   outer loop
     vertex  4.500000e+00  1.011718e+01  1.021270e+01
     vertex  0.000000e+00  1.011500e+01  1.021110e+01
     vertex  0.000000e+00  1.014855e+01  1.023493e+01
   endloop
 endfacet
 facet normal -7.690443e-06  5.995478e-01 -8.003390e-01
   outer loop
     vertex  4.500000e+00  1.008434e+01  1.018809e+01
     vertex  0.000000e+00  1.011500e+01  1.021110e+01
     vertex  4.500000e+00  1.011718e+01  1.021270e+01
   endloop
 endfacet
 facet normal  8.024810e-06  6.010234e-01 -7.992314e-01
   outer loop
     vertex  4.500000e+00  1.008434e+01  1.018809e+01
     vertex  0.000000e+00  1.008210e+01  1.018637e+01
     vertex  0.000000e+00  1.011500e+01  1.021110e+01
   endloop
 endfacet
 facet normal -8.000155e-06  6.212171e-01 -7.836385e-01
   outer loop
     vertex  4.500000e+00  1.005218e+01  1.016260e+01
     vertex  0.000000e+00  1.008210e+01  1.018637e+01
     vertex  4.500000e+00  1.008434e+01  1.018809e+01
   endloop
 endfacet
 facet normal  8.333494e-06  6.227234e-01 -7.824421e-01
   outer loop
     vertex  4.500000e+00  1.005218e+01  1.016260e+01
     vertex  0.000000e+00  1.004990e+01  1.016074e+01
     vertex  0.000000e+00  1.008210e+01  1.018637e+01
   endloop
 endfacet
 facet normal -8.307812e-06  6.424215e-01 -7.663515e-01
   outer loop
     vertex  4.500000e+00  1.002073e+01  1.013624e+01
     vertex  0.000000e+00  1.004990e+01  1.016074e+01
     vertex  4.500000e+00  1.005218e+01  1.016260e+01
   endloop
 endfacet
 facet normal  8.640124e-06  6.439545e-01 -7.650637e-01
   outer loop
     vertex  4.500000e+00  1.002073e+01  1.013624e+01
     vertex  0.000000e+00  1.001842e+01  1.013424e+01
     vertex  0.000000e+00  1.004990e+01  1.016074e+01
   endloop
 endfacet
 facet normal -8.613414e-06  6.631451e-01 -7.484909e-01
   outer loop
     vertex  4.500000e+00  9.990017e+00  1.010902e+01
     vertex  0.000000e+00  1.001842e+01  1.013424e+01
     vertex  4.500000e+00  1.002073e+01  1.013624e+01
   endloop
 endfacet
 facet normal  8.944699e-06  6.647010e-01 -7.471095e-01
   outer loop
     vertex  4.500000e+00  9.990017e+00  1.010902e+01
     vertex  0.000000e+00  9.987669e+00  1.010688e+01
     vertex  0.000000e+00  1.001842e+01  1.013424e+01
   endloop
 endfacet
 facet normal -8.916962e-06  6.833723e-01 -7.300700e-01
   outer loop
     vertex  4.500000e+00  9.960057e+00  1.008098e+01
     vertex  0.000000e+00  9.987669e+00  1.010688e+01
     vertex  4.500000e+00  9.990017e+00  1.010902e+01
   endloop
 endfacet
 facet normal  9.247220e-06  6.849470e-01 -7.285929e-01
   outer loop
     vertex  4.500000e+00  9.960057e+00  1.008098e+01
     vertex  0.000000e+00  9.957684e+00  1.007869e+01
     vertex  0.000000e+00  9.987669e+00  1.010688e+01
   endloop
 endfacet
 facet normal -9.218456e-06  7.030881e-01 -7.111028e-01
   outer loop
     vertex  4.500000e+00  9.930876e+00  1.005213e+01
     vertex  0.000000e+00  9.957684e+00  1.007869e+01
     vertex  4.500000e+00  9.960057e+00  1.008098e+01
   endloop
 endfacet
 facet normal  9.547686e-06  7.046775e-01 -7.095278e-01
   outer loop
     vertex  4.500000e+00  9.930876e+00  1.005213e+01
     vertex  0.000000e+00  9.928483e+00  1.004969e+01
     vertex  0.000000e+00  9.957684e+00  1.007869e+01
   endloop
 endfacet
 facet normal -9.517894e-06  7.222776e-01 -6.916033e-01
   outer loop
     vertex  4.500000e+00  9.902494e+00  1.002249e+01
     vertex  0.000000e+00  9.928483e+00  1.004969e+01
     vertex  4.500000e+00  9.930876e+00  1.005213e+01
   endloop
 endfacet
 facet normal  9.846097e-06  7.238775e-01 -6.899286e-01
   outer loop
     vertex  4.500000e+00  9.902494e+00  1.002249e+01
     vertex  0.000000e+00  9.900089e+00  1.001990e+01
     vertex  0.000000e+00  9.928483e+00  1.004969e+01
   endloop
 endfacet
 facet normal -9.815278e-06  7.409265e-01 -6.715862e-01
   outer loop
     vertex  4.500000e+00  9.874934e+00  9.992082e+00
     vertex  0.000000e+00  9.900089e+00  1.001990e+01
     vertex  4.500000e+00  9.902494e+00  1.002249e+01
   endloop
 endfacet
 facet normal  1.014245e-05  7.425325e-01 -6.698100e-01
   outer loop
     vertex  4.500000e+00  9.874934e+00  9.992082e+00
     vertex  0.000000e+00  9.872523e+00  9.989341e+00
     vertex  0.000000e+00  9.900089e+00  1.001990e+01
   endloop
 endfacet
 facet normal -1.011061e-05  7.590208e-01 -6.510664e-01
   outer loop
     vertex  4.500000e+00  9.848216e+00  9.960934e+00
     vertex  0.000000e+00  9.872523e+00  9.989341e+00
     vertex  4.500000e+00  9.874934e+00  9.992082e+00
   endloop
 endfacet
 facet normal  1.043676e-05  7.606287e-01 -6.491872e-01
   outer loop
     vertex  4.500000e+00  9.848216e+00  9.960934e+00
     vertex  0.000000e+00  9.845806e+00  9.958037e+00
     vertex  0.000000e+00  9.872523e+00  9.989341e+00
   endloop
 endfacet
 facet normal  1.072900e-05  7.781522e-01 -6.280757e-01
   outer loop
     vertex  4.500000e+00  9.822361e+00  9.929067e+00
     vertex  0.000000e+00  9.819957e+00  9.926013e+00
     vertex  0.000000e+00  9.845806e+00  9.958037e+00
   endloop
 endfacet
 facet normal -1.040388e-05  7.765470e-01 -6.300593e-01
   outer loop
     vertex  4.500000e+00  9.822361e+00  9.929067e+00
     vertex  0.000000e+00  9.845806e+00  9.958037e+00
     vertex  4.500000e+00  9.848216e+00  9.960934e+00
   endloop
 endfacet
 facet normal  1.101920e-05  7.950900e-01 -6.064915e-01
   outer loop
     vertex  4.500000e+00  9.797386e+00  9.896504e+00
     vertex  0.000000e+00  9.794997e+00  9.893291e+00
     vertex  0.000000e+00  9.819957e+00  9.926013e+00
   endloop
 endfacet
 facet normal -1.069510e-05  7.934920e-01 -6.085806e-01
   outer loop
     vertex  4.500000e+00  9.797386e+00  9.896504e+00
     vertex  0.000000e+00  9.819957e+00  9.926013e+00
     vertex  4.500000e+00  9.822361e+00  9.929067e+00
   endloop
 endfacet
 facet normal  1.130733e-05  8.114292e-01 -5.844507e-01
   outer loop
     vertex  4.500000e+00  9.773312e+00  9.863270e+00
     vertex  0.000000e+00  9.770944e+00  9.859896e+00
     vertex  0.000000e+00  9.794997e+00  9.893291e+00
   endloop
 endfacet
 facet normal -1.098427e-05  8.098432e-01 -5.866464e-01
   outer loop
     vertex  4.500000e+00  9.773312e+00  9.863270e+00
     vertex  0.000000e+00  9.794997e+00  9.893291e+00
     vertex  4.500000e+00  9.797386e+00  9.896504e+00
   endloop
 endfacet
 facet normal  1.159342e-05  8.271577e-01 -5.619699e-01
   outer loop
     vertex  4.500000e+00  9.750156e+00  9.829391e+00
     vertex  0.000000e+00  9.747816e+00  9.825855e+00
     vertex  0.000000e+00  9.770944e+00  9.859896e+00
   endloop
 endfacet
 facet normal -1.127138e-05  8.255881e-01 -5.642732e-01
   outer loop
     vertex  4.500000e+00  9.750156e+00  9.829391e+00
     vertex  0.000000e+00  9.770944e+00  9.859896e+00
     vertex  4.500000e+00  9.773312e+00  9.863270e+00
   endloop
 endfacet
 facet normal  1.187745e-05  8.422635e-01 -5.390661e-01
   outer loop
     vertex  4.500000e+00  9.727935e+00  9.794890e+00
     vertex  0.000000e+00  9.725631e+00  9.791191e+00
     vertex  0.000000e+00  9.747816e+00  9.825855e+00
   endloop
 endfacet
 facet normal -1.155644e-05  8.407152e-01 -5.414776e-01
   outer loop
     vertex  4.500000e+00  9.727935e+00  9.794890e+00
     vertex  0.000000e+00  9.747816e+00  9.825855e+00
     vertex  4.500000e+00  9.750156e+00  9.829391e+00
   endloop
 endfacet
 facet normal  1.215942e-05  8.567352e-01 -5.157565e-01
   outer loop
     vertex  4.500000e+00  9.706666e+00  9.759795e+00
     vertex  0.000000e+00  9.704405e+00  9.755933e+00
     vertex  0.000000e+00  9.725631e+00  9.791191e+00
   endloop
 endfacet
 facet normal -1.183944e-05  8.552130e-01 -5.182767e-01
   outer loop
     vertex  4.500000e+00  9.706666e+00  9.759795e+00
     vertex  0.000000e+00  9.725631e+00  9.791191e+00
     vertex  4.500000e+00  9.727935e+00  9.794890e+00
   endloop
 endfacet
 facet normal  1.243934e-05  8.705620e-01 -4.920587e-01
   outer loop
     vertex  4.500000e+00  9.686366e+00  9.724130e+00
     vertex  0.000000e+00  9.684155e+00  9.720105e+00
     vertex  0.000000e+00  9.704405e+00  9.755933e+00
   endloop
 endfacet
 facet normal -1.212038e-05  8.690707e-01 -4.946879e-01
   outer loop
     vertex  4.500000e+00  9.686366e+00  9.724130e+00
     vertex  0.000000e+00  9.704405e+00  9.755933e+00
     vertex  4.500000e+00  9.706666e+00  9.759795e+00
   endloop
 endfacet
 facet normal  1.271721e-05  8.837335e-01 -4.679904e-01
   outer loop
     vertex  4.500000e+00  9.667048e+00  9.687924e+00
     vertex  0.000000e+00  9.664894e+00  9.683735e+00
     vertex  0.000000e+00  9.684155e+00  9.720105e+00
   endloop
 endfacet
 facet normal -1.239928e-05  8.822779e-01 -4.707289e-01
   outer loop
     vertex  4.500000e+00  9.667048e+00  9.687924e+00
     vertex  0.000000e+00  9.684155e+00  9.720105e+00
     vertex  4.500000e+00  9.686366e+00  9.724130e+00
   endloop
 endfacet
 facet normal  1.299302e-05  8.962398e-01 -4.435699e-01
   outer loop
     vertex  4.500000e+00  9.648729e+00  9.651203e+00
     vertex  0.000000e+00  9.646639e+00  9.646850e+00
     vertex  0.000000e+00  9.664894e+00  9.683735e+00
   endloop
 endfacet
 facet normal -1.267611e-05  8.948248e-01 -4.464175e-01
   outer loop
     vertex  4.500000e+00  9.648729e+00  9.651203e+00
     vertex  0.000000e+00  9.664894e+00  9.683735e+00
     vertex  4.500000e+00  9.667048e+00  9.687924e+00
   endloop
 endfacet
 facet normal  1.326677e-05  9.080714e-01 -4.188155e-01
   outer loop
     vertex  4.500000e+00  9.631420e+00  9.613995e+00
     vertex  0.000000e+00  9.629403e+00  9.609478e+00
     vertex  0.000000e+00  9.646639e+00  9.646850e+00
   endloop
 endfacet
 facet normal -1.295090e-05  9.067019e-01 -4.217720e-01
   outer loop
     vertex  4.500000e+00  9.631420e+00  9.613995e+00
     vertex  0.000000e+00  9.646639e+00  9.646850e+00
     vertex  4.500000e+00  9.648729e+00  9.651203e+00
   endloop
 endfacet
 facet normal  1.353847e-05  9.192194e-01 -3.937458e-01
   outer loop
     vertex  4.500000e+00  9.615136e+00  9.576327e+00
     vertex  0.000000e+00  9.613198e+00  9.571648e+00
     vertex  0.000000e+00  9.629403e+00  9.609478e+00
   endloop
 endfacet
 facet normal -1.322362e-05  9.179004e-01 -3.968108e-01
   outer loop
     vertex  4.500000e+00  9.615136e+00  9.576327e+00
     vertex  0.000000e+00  9.629403e+00  9.609478e+00
     vertex  4.500000e+00  9.631420e+00  9.613995e+00
   endloop
 endfacet
 facet normal  1.380812e-05  9.296754e-01 -3.683796e-01
   outer loop
     vertex  4.500000e+00  9.599889e+00  9.538227e+00
     vertex  0.000000e+00  9.598038e+00  9.533387e+00
     vertex  0.000000e+00  9.613198e+00  9.571648e+00
   endloop
 endfacet
 facet normal -1.349430e-05  9.284119e-01 -3.715526e-01
   outer loop
     vertex  4.500000e+00  9.599889e+00  9.538227e+00
     vertex  0.000000e+00  9.613198e+00  9.571648e+00
     vertex  4.500000e+00  9.615136e+00  9.576327e+00
   endloop
 endfacet
 facet normal  1.407571e-05  9.394317e-01 -3.427362e-01
   outer loop
     vertex  4.500000e+00  9.585689e+00  9.499725e+00
     vertex  0.000000e+00  9.583932e+00  9.494725e+00
     vertex  0.000000e+00  9.598038e+00  9.533387e+00
   endloop
 endfacet
 facet normal -1.376292e-05  9.382285e-01 -3.460163e-01
   outer loop
     vertex  4.500000e+00  9.585689e+00  9.499725e+00
     vertex  0.000000e+00  9.598038e+00  9.533387e+00
     vertex  4.500000e+00  9.599889e+00  9.538227e+00
   endloop
 endfacet
 facet normal  1.434125e-05  9.484807e-01 -3.168348e-01
   outer loop
     vertex  4.500000e+00  9.572548e+00  9.460849e+00
     vertex  0.000000e+00  9.570893e+00  9.455690e+00
     vertex  0.000000e+00  9.583932e+00  9.494725e+00
   endloop
 endfacet
 facet normal -1.402948e-05  9.473428e-01 -3.202211e-01
   outer loop
     vertex  4.500000e+00  9.572548e+00  9.460849e+00
     vertex  0.000000e+00  9.583932e+00  9.494725e+00
     vertex  4.500000e+00  9.585689e+00  9.499725e+00
   endloop
 endfacet
 facet normal  1.460473e-05  9.568158e-01 -2.906949e-01
   outer loop
     vertex  4.500000e+00  9.560476e+00  9.421627e+00
     vertex  0.000000e+00  9.558930e+00  9.416312e+00
     vertex  0.000000e+00  9.570893e+00  9.455690e+00
   endloop
 endfacet
 facet normal -1.429399e-05  9.557481e-01 -2.941862e-01
   outer loop
     vertex  4.500000e+00  9.560476e+00  9.421627e+00
     vertex  0.000000e+00  9.570893e+00  9.455690e+00
     vertex  4.500000e+00  9.572548e+00  9.460849e+00
   endloop
 endfacet
 facet normal  1.486616e-05  9.644306e-01 -2.643362e-01
   outer loop
     vertex  4.500000e+00  9.549481e+00  9.382091e+00
     vertex  0.000000e+00  9.548051e+00  9.376621e+00
     vertex  0.000000e+00  9.558930e+00  9.416312e+00
   endloop
 endfacet
 facet normal -1.455645e-05  9.634381e-01 -2.679310e-01
   outer loop
     vertex  4.500000e+00  9.549481e+00  9.382091e+00
     vertex  0.000000e+00  9.558930e+00  9.416312e+00
     vertex  4.500000e+00  9.560476e+00  9.421627e+00
   endloop
 endfacet
 facet normal  1.512553e-05  9.713194e-01 -2.377784e-01
   outer loop
     vertex  4.500000e+00  9.539571e+00  9.342268e+00
     vertex  0.000000e+00  9.538265e+00  9.336647e+00
     vertex  0.000000e+00  9.548051e+00  9.376621e+00
   endloop
 endfacet
 facet normal -1.481685e-05  9.704069e-01 -2.414754e-01
   outer loop
     vertex  4.500000e+00  9.539571e+00  9.342268e+00
     vertex  0.000000e+00  9.548051e+00  9.376621e+00
     vertex  4.500000e+00  9.549481e+00  9.382091e+00
   endloop
 endfacet
 facet normal  1.538285e-05  9.774771e-01 -2.110417e-01
   outer loop
     vertex  4.500000e+00  9.530755e+00  9.302189e+00
     vertex  0.000000e+00  9.529580e+00  9.296419e+00
     vertex  0.000000e+00  9.538265e+00  9.336647e+00
   endloop
 endfacet
 facet normal -1.507519e-05  9.766495e-01 -2.148390e-01
   outer loop
     vertex  4.500000e+00  9.530755e+00  9.302189e+00
     vertex  0.000000e+00  9.538265e+00  9.336647e+00
     vertex  4.500000e+00  9.539571e+00  9.342268e+00
   endloop
 endfacet
 facet normal  1.563811e-05  9.828989e-01 -1.841461e-01
   outer loop
     vertex  4.500000e+00  9.523038e+00  9.261884e+00
     vertex  0.000000e+00  9.522001e+00  9.255968e+00
     vertex  0.000000e+00  9.529580e+00  9.296419e+00
   endloop
 endfacet
 facet normal -1.533148e-05  9.821610e-01 -1.880418e-01
   outer loop
     vertex  4.500000e+00  9.523038e+00  9.261884e+00
     vertex  0.000000e+00  9.529580e+00  9.296419e+00
     vertex  4.500000e+00  9.530755e+00  9.302189e+00
   endloop
 endfacet
 facet normal  1.589132e-05  9.875808e-01 -1.571119e-01
   outer loop
     vertex  4.500000e+00  9.516427e+00  9.221383e+00
     vertex  0.000000e+00  9.515535e+00  9.215324e+00
     vertex  0.000000e+00  9.522001e+00  9.255968e+00
   endloop
 endfacet
 facet normal -1.558572e-05  9.869375e-01 -1.611038e-01
   outer loop
     vertex  4.500000e+00  9.516427e+00  9.221383e+00
     vertex  0.000000e+00  9.522001e+00  9.255968e+00
     vertex  4.500000e+00  9.523038e+00  9.261884e+00
   endloop
 endfacet
 facet normal  1.614248e-05  9.915193e-01 -1.299594e-01
   outer loop
     vertex  4.500000e+00  9.510926e+00  9.180716e+00
     vertex  0.000000e+00  9.510187e+00  9.174518e+00
     vertex  0.000000e+00  9.515535e+00  9.215324e+00
   endloop
 endfacet
 facet normal -1.583790e-05  9.909752e-01 -1.340453e-01
   outer loop
     vertex  4.500000e+00  9.510926e+00  9.180716e+00
     vertex  0.000000e+00  9.515535e+00  9.215324e+00
     vertex  4.500000e+00  9.516427e+00  9.221383e+00
   endloop
 endfacet
 facet normal  1.639158e-05  9.947114e-01 -1.027091e-01
   outer loop
     vertex  4.500000e+00  9.506540e+00  9.139914e+00
     vertex  0.000000e+00  9.505960e+00  9.133581e+00
     vertex  0.000000e+00  9.510187e+00  9.174518e+00
   endloop
 endfacet
 facet normal -1.608803e-05  9.942712e-01 -1.068865e-01
   outer loop
     vertex  4.500000e+00  9.506540e+00  9.139914e+00
     vertex  0.000000e+00  9.510187e+00  9.174518e+00
     vertex  4.500000e+00  9.510926e+00  9.180716e+00
   endloop
 endfacet
 facet normal  1.663862e-05  9.971548e-01 -7.538152e-02
   outer loop
     vertex  4.500000e+00  9.503271e+00  9.099007e+00
     vertex  0.000000e+00  9.502857e+00  9.092543e+00
     vertex  0.000000e+00  9.505960e+00  9.133581e+00
   endloop
 endfacet
 facet normal -1.633610e-05  9.968231e-01 -7.964761e-02
   outer loop
     vertex  4.500000e+00  9.503271e+00  9.099007e+00
     vertex  0.000000e+00  9.505960e+00  9.133581e+00
     vertex  4.500000e+00  9.506540e+00  9.139914e+00
   endloop
 endfacet
 facet normal  1.688361e-05  9.988475e-01 -4.799716e-02
   outer loop
     vertex  4.500000e+00  9.501123e+00  9.058026e+00
     vertex  0.000000e+00  9.500882e+00  9.051435e+00
     vertex  0.000000e+00  9.502857e+00  9.092543e+00
   endloop
 endfacet
 facet normal -1.658212e-05  9.986288e-01 -5.234914e-02
   outer loop
     vertex  4.500000e+00  9.501123e+00  9.058026e+00
     vertex  0.000000e+00  9.502857e+00  9.092543e+00
     vertex  4.500000e+00  9.503271e+00  9.099007e+00
   endloop
 endfacet
 facet normal  1.712655e-05  9.997883e-01 -2.057667e-02
   outer loop
     vertex  4.500000e+00  9.500096e+00  9.017002e+00
     vertex  0.000000e+00  9.500035e+00  9.010289e+00
     vertex  0.000000e+00  9.500882e+00  9.051435e+00
   endloop
 endfacet
 facet normal -1.682608e-05  9.996872e-01 -2.501150e-02
   outer loop
     vertex  4.500000e+00  9.500096e+00  9.017002e+00
     vertex  0.000000e+00  9.500882e+00  9.051435e+00
     vertex  4.500000e+00  9.501123e+00  9.058026e+00
   endloop
 endfacet
 facet normal  1.736743e-05  9.999765e-01  6.859319e-03
   outer loop
     vertex  4.500000e+00  9.500193e+00  8.975964e+00
     vertex  0.000000e+00  9.500318e+00  8.969135e+00
     vertex  0.000000e+00  9.500035e+00  9.010289e+00
   endloop
 endfacet
 facet normal -1.706799e-05  9.999973e-01  2.344871e-03
   outer loop
     vertex  4.500000e+00  9.500193e+00  8.975964e+00
     vertex  0.000000e+00  9.500035e+00  9.010289e+00
     vertex  4.500000e+00  9.500096e+00  9.017002e+00
   endloop
 endfacet
 facet normal  1.760625e-05  9.994119e-01  3.429014e-02
   outer loop
     vertex  4.500000e+00  9.501411e+00  8.934945e+00
     vertex  0.000000e+00  9.501729e+00  8.928004e+00
     vertex  0.000000e+00  9.500318e+00  8.969135e+00
   endloop
 endfacet
 facet normal -1.730784e-05  9.995589e-01  2.969948e-02
   outer loop
     vertex  4.500000e+00  9.501411e+00  8.934945e+00
     vertex  0.000000e+00  9.500318e+00  8.969135e+00
     vertex  4.500000e+00  9.500193e+00  8.975964e+00
   endloop
 endfacet
 facet normal  1.784303e-05  9.980950e-01  6.169515e-02
   outer loop
     vertex  4.500000e+00  9.503752e+00  8.893975e+00
     vertex  0.000000e+00  9.504268e+00  8.886928e+00
     vertex  0.000000e+00  9.501729e+00  8.928004e+00
   endloop
 endfacet
 facet normal -1.754564e-05  9.983724e-01  5.703187e-02
   outer loop
     vertex  4.500000e+00  9.503752e+00  8.893975e+00
     vertex  0.000000e+00  9.501729e+00  8.928004e+00
     vertex  4.500000e+00  9.501411e+00  8.934945e+00
   endloop
 endfacet
 facet normal -1.778139e-05  9.964386e-01  8.432156e-02
   outer loop
     vertex  4.500000e+00  9.507212e+00  8.853084e+00
     vertex  0.000000e+00  9.504268e+00  8.886928e+00
     vertex  4.500000e+00  9.503752e+00  8.893975e+00
   endloop
 endfacet
 facet normal  1.807774e-05  9.960268e-01  8.905371e-02
   outer loop
     vertex  4.500000e+00  9.507212e+00  8.853084e+00
     vertex  0.000000e+00  9.507933e+00  8.845936e+00
     vertex  0.000000e+00  9.504268e+00  8.886928e+00
   endloop
 endfacet
 facet normal -1.801508e-05  9.937590e-01  1.115481e-01
   outer loop
     vertex  4.500000e+00  9.511790e+00  8.812303e+00
     vertex  0.000000e+00  9.507933e+00  8.845936e+00
     vertex  4.500000e+00  9.507212e+00  8.853084e+00
   endloop
 endfacet
 facet normal  1.831041e-05  9.932088e-01  1.163452e-01
   outer loop
     vertex  4.500000e+00  9.511790e+00  8.812303e+00
     vertex  0.000000e+00  9.512721e+00  8.805061e+00
     vertex  0.000000e+00  9.507933e+00  8.845936e+00
   endloop
 endfacet
 facet normal -1.824671e-05  9.903357e-01  1.386912e-01
   outer loop
     vertex  4.500000e+00  9.517481e+00  8.771662e+00
     vertex  0.000000e+00  9.512721e+00  8.805061e+00
     vertex  4.500000e+00  9.511790e+00  8.812303e+00
   endloop
 endfacet
 facet normal  1.854101e-05  9.896432e-01  1.435492e-01
   outer loop
     vertex  4.500000e+00  9.517481e+00  8.771662e+00
     vertex  0.000000e+00  9.518629e+00  8.764332e+00
     vertex  0.000000e+00  9.512721e+00  8.805061e+00
   endloop
 endfacet
 facet normal -1.847629e-05  9.861711e-01  1.657305e-01
   outer loop
     vertex  4.500000e+00  9.524282e+00  8.731193e+00
     vertex  0.000000e+00  9.518629e+00  8.764332e+00
     vertex  4.500000e+00  9.517481e+00  8.771662e+00
   endloop
 endfacet
 facet normal  1.876957e-05  9.853326e-01  1.706451e-01
   outer loop
     vertex  4.500000e+00  9.524282e+00  8.731193e+00
     vertex  0.000000e+00  9.525652e+00  8.723781e+00
     vertex  0.000000e+00  9.518629e+00  8.764332e+00
   endloop
 endfacet
 facet normal -1.870382e-05  9.812684e-01  1.926458e-01
   outer loop
     vertex  4.500000e+00  9.532188e+00  8.690924e+00
     vertex  0.000000e+00  9.525652e+00  8.723781e+00
     vertex  4.500000e+00  9.524282e+00  8.731193e+00
   endloop
 endfacet
 facet normal  1.899606e-05  9.802802e-01  1.976125e-01
   outer loop
     vertex  4.500000e+00  9.532188e+00  8.690924e+00
     vertex  0.000000e+00  9.533784e+00  8.683437e+00
     vertex  0.000000e+00  9.525652e+00  8.723781e+00
   endloop
 endfacet
 facet normal -1.892929e-05  9.756312e-01  2.194168e-01
   outer loop
     vertex  4.500000e+00  9.541192e+00  8.650887e+00
     vertex  0.000000e+00  9.533784e+00  8.683437e+00
     vertex  4.500000e+00  9.532188e+00  8.690924e+00
   endloop
 endfacet
 facet normal  1.922051e-05  9.744899e-01  2.244312e-01
   outer loop
     vertex  4.500000e+00  9.541192e+00  8.650887e+00
     vertex  0.000000e+00  9.543021e+00  8.643332e+00
     vertex  0.000000e+00  9.533784e+00  8.683437e+00
   endloop
 endfacet
 facet normal -1.915270e-05  9.692638e-01  2.460237e-01
   outer loop
     vertex  4.500000e+00  9.551288e+00  8.611111e+00
     vertex  0.000000e+00  9.543021e+00  8.643332e+00
     vertex  4.500000e+00  9.541192e+00  8.650887e+00
   endloop
 endfacet
 facet normal  1.944290e-05  9.679661e-01  2.510809e-01
   outer loop
     vertex  4.500000e+00  9.551288e+00  8.611111e+00
     vertex  0.000000e+00  9.553354e+00  8.603496e+00
     vertex  0.000000e+00  9.543021e+00  8.643332e+00
   endloop
 endfacet
 facet normal -1.928841e-05  9.621843e-01  2.723993e-01
   outer loop
     vertex  4.500000e+00  9.562427e+00  8.571767e+00
     vertex  0.000000e+00  9.553354e+00  8.603496e+00
     vertex  4.500000e+00  9.551288e+00  8.611111e+00
   endloop
 endfacet
 facet normal  1.993455e-05  9.607136e-01  2.775416e-01
   outer loop
     vertex  4.500000e+00  9.562427e+00  8.571767e+00
     vertex  0.000000e+00  9.564776e+00  8.563958e+00
     vertex  0.000000e+00  9.553354e+00  8.603496e+00
   endloop
 endfacet
 facet normal  2.041585e-05  9.527379e-01  3.037934e-01
   outer loop
     vertex  4.500000e+00  9.574634e+00  8.532741e+00
     vertex  0.000000e+00  9.577279e+00  8.524748e+00
     vertex  0.000000e+00  9.564776e+00  8.563958e+00
   endloop
 endfacet
 facet normal -1.977489e-05  9.544017e-01  2.985252e-01
   outer loop
     vertex  4.500000e+00  9.574634e+00  8.532741e+00
     vertex  0.000000e+00  9.564776e+00  8.563958e+00
     vertex  4.500000e+00  9.562427e+00  8.571767e+00
   endloop
 endfacet
 facet normal  2.088680e-05  9.440450e-01  3.298166e-01
   outer loop
     vertex  4.500000e+00  9.587900e+00  8.494062e+00
     vertex  0.000000e+00  9.590852e+00  8.485896e+00
     vertex  0.000000e+00  9.577279e+00  8.524748e+00
   endloop
 endfacet
 facet normal -2.025102e-05  9.459099e-01  3.244293e-01
   outer loop
     vertex  4.500000e+00  9.587900e+00  8.494062e+00
     vertex  0.000000e+00  9.577279e+00  8.524748e+00
     vertex  4.500000e+00  9.574634e+00  8.532741e+00
   endloop
 endfacet
 facet normal  2.134741e-05  9.346415e-01  3.555914e-01
   outer loop
     vertex  4.500000e+00  9.602215e+00  8.455759e+00
     vertex  0.000000e+00  9.605487e+00  8.447431e+00
     vertex  0.000000e+00  9.590852e+00  8.485896e+00
   endloop
 endfacet
 facet normal -2.071679e-05  9.367152e-01  3.500923e-01
   outer loop
     vertex  4.500000e+00  9.602215e+00  8.455759e+00
     vertex  0.000000e+00  9.590852e+00  8.485896e+00
     vertex  4.500000e+00  9.587900e+00  8.494062e+00
   endloop
 endfacet
 facet normal  2.179766e-05  9.245344e-01  3.810986e-01
   outer loop
     vertex  4.500000e+00  9.617570e+00  8.417860e+00
     vertex  0.000000e+00  9.621171e+00  8.409381e+00
     vertex  0.000000e+00  9.605487e+00  8.447431e+00
   endloop
 endfacet
 facet normal -2.117222e-05  9.268244e-01  3.754951e-01
   outer loop
     vertex  4.500000e+00  9.617570e+00  8.417860e+00
     vertex  0.000000e+00  9.605487e+00  8.447431e+00
     vertex  4.500000e+00  9.602215e+00  8.455759e+00
   endloop
 endfacet
 facet normal  2.223756e-05  9.137314e-01  4.063188e-01
   outer loop
     vertex  4.500000e+00  9.633951e+00  8.380395e+00
     vertex  0.000000e+00  9.637893e+00  8.371777e+00
     vertex  0.000000e+00  9.621171e+00  8.409381e+00
   endloop
 endfacet
 facet normal -2.161730e-05  9.162448e-01  4.006189e-01
   outer loop
     vertex  4.500000e+00  9.633951e+00  8.380395e+00
     vertex  0.000000e+00  9.621171e+00  8.409381e+00
     vertex  4.500000e+00  9.617570e+00  8.417860e+00
   endloop
 endfacet
 facet normal  2.266711e-05  9.022405e-01  4.312333e-01
   outer loop
     vertex  4.500000e+00  9.651348e+00  8.343389e+00
     vertex  0.000000e+00  9.655640e+00  8.334645e+00
     vertex  0.000000e+00  9.637893e+00  8.371777e+00
   endloop
 endfacet
 facet normal -2.205202e-05  9.049843e-01  4.254449e-01
   outer loop
     vertex  4.500000e+00  9.651348e+00  8.343389e+00
     vertex  0.000000e+00  9.637893e+00  8.371777e+00
     vertex  4.500000e+00  9.633951e+00  8.380395e+00
   endloop
 endfacet
 facet normal  2.308631e-05  8.900704e-01  4.558231e-01
   outer loop
     vertex  4.500000e+00  9.669747e+00  8.306872e+00
     vertex  0.000000e+00  9.674400e+00  8.298014e+00
     vertex  0.000000e+00  9.655640e+00  8.334645e+00
   endloop
 endfacet
 facet normal -2.247640e-05  8.930513e-01  4.499548e-01
   outer loop
     vertex  4.500000e+00  9.669747e+00  8.306872e+00
     vertex  0.000000e+00  9.655640e+00  8.334645e+00
     vertex  4.500000e+00  9.651348e+00  8.343389e+00
   endloop
 endfacet
 facet normal  2.349516e-05  8.772303e-01  4.800697e-01
   outer loop
     vertex  4.500000e+00  9.689134e+00  8.270869e+00
     vertex  0.000000e+00  9.694157e+00  8.261912e+00
     vertex  0.000000e+00  9.674400e+00  8.298014e+00
   endloop
 endfacet
 facet normal -2.289042e-05  8.804547e-01  4.741303e-01
   outer loop
     vertex  4.500000e+00  9.689134e+00  8.270869e+00
     vertex  0.000000e+00  9.674400e+00  8.298014e+00
     vertex  4.500000e+00  9.669747e+00  8.306872e+00
   endloop
 endfacet
 facet normal  2.389366e-05  8.637299e-01  5.039550e-01
   outer loop
     vertex  4.500000e+00  9.709496e+00  8.235409e+00
     vertex  0.000000e+00  9.714897e+00  8.226365e+00
     vertex  0.000000e+00  9.694157e+00  8.261912e+00
   endloop
 endfacet
 facet normal -2.329410e-05  8.672037e-01  4.979535e-01
   outer loop
     vertex  4.500000e+00  9.709496e+00  8.235409e+00
     vertex  0.000000e+00  9.694157e+00  8.261912e+00
     vertex  4.500000e+00  9.689134e+00  8.270869e+00
   endloop
 endfacet
 facet normal  2.428180e-05  8.495793e-01  5.274609e-01
   outer loop
     vertex  4.500000e+00  9.730817e+00  8.200517e+00
     vertex  0.000000e+00  9.736605e+00  8.191401e+00
     vertex  0.000000e+00  9.714897e+00  8.226365e+00
   endloop
 endfacet
 facet normal -2.368742e-05  8.533084e-01  5.214066e-01
   outer loop
     vertex  4.500000e+00  9.730817e+00  8.200517e+00
     vertex  0.000000e+00  9.714897e+00  8.226365e+00
     vertex  4.500000e+00  9.709496e+00  8.235409e+00
   endloop
 endfacet
 facet normal  2.465960e-05  8.347891e-01  5.505698e-01
   outer loop
     vertex  4.500000e+00  9.753081e+00  8.166218e+00
     vertex  0.000000e+00  9.759263e+00  8.157045e+00
     vertex  0.000000e+00  9.736605e+00  8.191401e+00
   endloop
 endfacet
 facet normal -2.407039e-05  8.387788e-01  5.444723e-01
   outer loop
     vertex  4.500000e+00  9.753081e+00  8.166218e+00
     vertex  0.000000e+00  9.736605e+00  8.191401e+00
     vertex  4.500000e+00  9.730817e+00  8.200517e+00
   endloop
 endfacet
 facet normal  2.502705e-05  8.193706e-01  5.732642e-01
   outer loop
     vertex  4.500000e+00  9.776271e+00  8.132540e+00
     vertex  0.000000e+00  9.782856e+00  8.123324e+00
     vertex  0.000000e+00  9.759263e+00  8.157045e+00
   endloop
 endfacet
 facet normal -2.444302e-05  8.236260e-01  5.671333e-01
   outer loop
     vertex  4.500000e+00  9.776271e+00  8.132540e+00
     vertex  0.000000e+00  9.759263e+00  8.157045e+00
     vertex  4.500000e+00  9.753081e+00  8.166218e+00
   endloop
 endfacet
 facet normal  2.538415e-05  8.033352e-01  5.955271e-01
   outer loop
     vertex  4.500000e+00  9.800371e+00  8.099506e+00
     vertex  0.000000e+00  9.807365e+00  8.090263e+00
     vertex  0.000000e+00  9.782856e+00  8.123324e+00
   endloop
 endfacet
 facet normal -2.480529e-05  8.078611e-01  5.893729e-01
   outer loop
     vertex  4.500000e+00  9.800371e+00  8.099506e+00
     vertex  0.000000e+00  9.782856e+00  8.123324e+00
     vertex  4.500000e+00  9.776271e+00  8.132540e+00
   endloop
 endfacet
 facet normal  2.573089e-05  7.866951e-01  6.173417e-01
   outer loop
     vertex  4.500000e+00  9.825362e+00  8.067141e+00
     vertex  0.000000e+00  9.832772e+00  8.057886e+00
     vertex  0.000000e+00  9.807365e+00  8.090263e+00
   endloop
 endfacet
 facet normal -2.515721e-05  7.914959e-01  6.111745e-01
   outer loop
     vertex  4.500000e+00  9.825362e+00  8.067141e+00
     vertex  0.000000e+00  9.807365e+00  8.090263e+00
     vertex  4.500000e+00  9.800371e+00  8.099506e+00
   endloop
 endfacet
 facet normal  2.606729e-05  7.694628e-01  6.386916e-01
   outer loop
     vertex  4.500000e+00  9.851226e+00  8.035469e+00
     vertex  0.000000e+00  9.859057e+00  8.026219e+00
     vertex  0.000000e+00  9.832772e+00  8.057886e+00
   endloop
 endfacet
 facet normal -2.549878e-05  7.745425e-01  6.325219e-01
   outer loop
     vertex  4.500000e+00  9.851226e+00  8.035469e+00
     vertex  0.000000e+00  9.832772e+00  8.057886e+00
     vertex  4.500000e+00  9.825362e+00  8.067141e+00
   endloop
 endfacet
 facet normal  2.639334e-05  7.516513e-01  6.595607e-01
   outer loop
     vertex  4.500000e+00  9.877944e+00  8.004515e+00
     vertex  0.000000e+00  9.886201e+00  7.995285e+00
     vertex  0.000000e+00  9.859057e+00  8.026219e+00
   endloop
 endfacet
 facet normal -2.583000e-05  7.570134e-01  6.533993e-01
   outer loop
     vertex  4.500000e+00  9.877944e+00  8.004515e+00
     vertex  0.000000e+00  9.859057e+00  8.026219e+00
     vertex  4.500000e+00  9.851226e+00  8.035469e+00
   endloop
 endfacet
 facet normal  2.670903e-05  7.332740e-01  6.799333e-01
   outer loop
     vertex  4.500000e+00  9.905496e+00  7.974300e+00
     vertex  0.000000e+00  9.914184e+00  7.965107e+00
     vertex  0.000000e+00  9.886201e+00  7.995285e+00
   endloop
 endfacet
 facet normal -2.615087e-05  7.389219e-01  6.737911e-01
   outer loop
     vertex  4.500000e+00  9.905496e+00  7.974300e+00
     vertex  0.000000e+00  9.886201e+00  7.995285e+00
     vertex  4.500000e+00  9.877944e+00  8.004515e+00
   endloop
 endfacet
 facet normal -2.646139e-05  7.202812e-01  6.936822e-01
   outer loop
     vertex  4.500000e+00  9.933861e+00  7.944847e+00
     vertex  0.000000e+00  9.914184e+00  7.965107e+00
     vertex  4.500000e+00  9.905496e+00  7.974300e+00
   endloop
 endfacet
 facet normal  2.701437e-05  7.143447e-01  6.997940e-01
   outer loop
     vertex  4.500000e+00  9.933861e+00  7.944847e+00
     vertex  0.000000e+00  9.942984e+00  7.935708e+00
     vertex  0.000000e+00  9.914184e+00  7.965107e+00
   endloop
 endfacet
 facet normal -2.676156e-05  7.011052e-01  7.130578e-01
   outer loop
     vertex  4.500000e+00  9.963019e+00  7.916178e+00
     vertex  0.000000e+00  9.942984e+00  7.935708e+00
     vertex  4.500000e+00  9.933861e+00  7.944847e+00
   endloop
 endfacet
 facet normal  2.730937e-05  6.948776e-01  7.191280e-01
   outer loop
     vertex  4.500000e+00  9.963019e+00  7.916178e+00
     vertex  0.000000e+00  9.972579e+00  7.907111e+00
     vertex  0.000000e+00  9.942984e+00  7.935708e+00
   endloop
 endfacet
 facet normal -2.705138e-05  6.814083e-01  7.319035e-01
   outer loop
     vertex  4.500000e+00  9.992947e+00  7.888315e+00
     vertex  0.000000e+00  9.972579e+00  7.907111e+00
     vertex  4.500000e+00  9.963019e+00  7.916178e+00
   endloop
 endfacet
 facet normal  2.759401e-05  6.748875e-01  7.379206e-01
   outer loop
     vertex  4.500000e+00  9.992947e+00  7.888315e+00
     vertex  0.000000e+00  1.000295e+01  7.879336e+00
     vertex  0.000000e+00  9.972579e+00  7.907111e+00
   endloop
 endfacet
 facet normal -2.733085e-05  6.612049e-01  7.502053e-01
   outer loop
     vertex  4.500000e+00  1.002362e+01  7.861278e+00
     vertex  0.000000e+00  1.000295e+01  7.879336e+00
     vertex  4.500000e+00  9.992947e+00  7.888315e+00
   endloop
 endfacet
 facet normal  2.786830e-05  6.543893e-01  7.561578e-01
   outer loop
     vertex  4.500000e+00  1.002362e+01  7.861278e+00
     vertex  0.000000e+00  1.003407e+01  7.852404e+00
     vertex  0.000000e+00  1.000295e+01  7.879336e+00
   endloop
 endfacet
 facet normal -2.759997e-05  6.405102e-01  7.679496e-01
   outer loop
     vertex  4.500000e+00  1.005502e+01  7.835087e+00
     vertex  0.000000e+00  1.003407e+01  7.852404e+00
     vertex  4.500000e+00  1.002362e+01  7.861278e+00
   endloop
 endfacet
 facet normal  2.813225e-05  6.333986e-01  7.738257e-01
   outer loop
     vertex  4.500000e+00  1.005502e+01  7.835087e+00
     vertex  0.000000e+00  1.006591e+01  7.826337e+00
     vertex  0.000000e+00  1.003407e+01  7.852404e+00
   endloop
 endfacet
 facet normal -2.785873e-05  6.193396e-01  7.851233e-01
   outer loop
     vertex  4.500000e+00  1.008713e+01  7.809762e+00
     vertex  0.000000e+00  1.006591e+01  7.826337e+00
     vertex  4.500000e+00  1.005502e+01  7.835087e+00
   endloop
 endfacet
 facet normal  2.838584e-05  6.119310e-01  7.909112e-01
   outer loop
     vertex  4.500000e+00  1.008713e+01  7.809762e+00
     vertex  0.000000e+00  1.009846e+01  7.801153e+00
     vertex  0.000000e+00  1.006591e+01  7.826337e+00
   endloop
 endfacet
 facet normal -2.810715e-05  5.977086e-01  8.017134e-01
   outer loop
     vertex  4.500000e+00  1.011991e+01  7.785321e+00
     vertex  0.000000e+00  1.009846e+01  7.801153e+00
     vertex  4.500000e+00  1.008713e+01  7.809762e+00
   endloop
 endfacet
 facet normal  2.862908e-05  5.900028e-01  8.074012e-01
   outer loop
     vertex  4.500000e+00  1.011991e+01  7.785321e+00
     vertex  0.000000e+00  1.013169e+01  7.776871e+00
     vertex  0.000000e+00  1.009846e+01  7.801153e+00
   endloop
 endfacet
 facet normal -2.834521e-05  5.756335e-01  8.177078e-01
   outer loop
     vertex  4.500000e+00  1.015335e+01  7.761783e+00
     vertex  0.000000e+00  1.013169e+01  7.776871e+00
     vertex  4.500000e+00  1.011991e+01  7.785321e+00
   endloop
 endfacet
 facet normal  2.886197e-05  5.676304e-01  8.232835e-01
   outer loop
     vertex  4.500000e+00  1.015335e+01  7.761783e+00
     vertex  0.000000e+00  1.016558e+01  7.753511e+00
     vertex  0.000000e+00  1.013169e+01  7.776871e+00
   endloop
 endfacet
 facet normal -2.857293e-05  5.531306e-01  8.330945e-01
   outer loop
     vertex  4.500000e+00  1.018741e+01  7.739165e+00
     vertex  0.000000e+00  1.016558e+01  7.753511e+00
     vertex  4.500000e+00  1.015335e+01  7.761783e+00
   endloop
 endfacet
 facet normal  2.908451e-05  5.448308e-01  8.385460e-01
   outer loop
     vertex  4.500000e+00  1.018741e+01  7.739165e+00
     vertex  0.000000e+00  1.020009e+01  7.731088e+00
     vertex  0.000000e+00  1.016558e+01  7.753511e+00
   endloop
 endfacet
 facet normal -2.879029e-05  5.302167e-01  8.478622e-01
   outer loop
     vertex  4.500000e+00  1.022208e+01  7.717484e+00
     vertex  0.000000e+00  1.020009e+01  7.731088e+00
     vertex  4.500000e+00  1.018741e+01  7.739165e+00
   endloop
 endfacet
 facet normal  2.929670e-05  5.216210e-01  8.531773e-01
   outer loop
     vertex  4.500000e+00  1.022208e+01  7.717484e+00
     vertex  0.000000e+00  1.023520e+01  7.709621e+00
     vertex  0.000000e+00  1.020009e+01  7.731088e+00
   endloop
 endfacet
 facet normal -2.899731e-05  5.069087e-01  8.619997e-01
   outer loop
     vertex  4.500000e+00  1.025733e+01  7.696757e+00
     vertex  0.000000e+00  1.023520e+01  7.709621e+00
     vertex  4.500000e+00  1.022208e+01  7.717484e+00
   endloop
 endfacet
 facet normal  2.949854e-05  4.980186e-01  8.671664e-01
   outer loop
     vertex  4.500000e+00  1.025733e+01  7.696757e+00
     vertex  0.000000e+00  1.027089e+01  7.689125e+00
     vertex  0.000000e+00  1.023520e+01  7.709621e+00
   endloop
 endfacet
 facet normal -2.919397e-05  4.832241e-01  8.754967e-01
   outer loop
     vertex  4.500000e+00  1.029313e+01  7.676997e+00
     vertex  0.000000e+00  1.027089e+01  7.689125e+00
     vertex  4.500000e+00  1.025733e+01  7.696757e+00
   endloop
 endfacet
 facet normal  2.969002e-05  4.740412e-01  8.805026e-01
   outer loop
     vertex  4.500000e+00  1.029313e+01  7.676997e+00
     vertex  0.000000e+00  1.030712e+01  7.669616e+00
     vertex  0.000000e+00  1.027089e+01  7.689125e+00
   endloop
 endfacet
 facet normal -2.938028e-05  4.591803e-01  8.883431e-01
   outer loop
     vertex  4.500000e+00  1.032946e+01  7.658221e+00
     vertex  0.000000e+00  1.030712e+01  7.669616e+00
     vertex  4.500000e+00  1.029313e+01  7.676997e+00
   endloop
 endfacet
 facet normal  2.987116e-05  4.497071e-01  8.931761e-01
   outer loop
     vertex  4.500000e+00  1.032946e+01  7.658221e+00
     vertex  0.000000e+00  1.034388e+01  7.651108e+00
     vertex  0.000000e+00  1.030712e+01  7.669616e+00
   endloop
 endfacet
 facet normal -2.955624e-05  4.347954e-01  9.005293e-01
   outer loop
     vertex  4.500000e+00  1.036628e+01  7.640442e+00
     vertex  0.000000e+00  1.034388e+01  7.651108e+00
     vertex  4.500000e+00  1.032946e+01  7.658221e+00
   endloop
 endfacet
 facet normal  3.004195e-05  4.250344e-01  9.051772e-01
   outer loop
     vertex  4.500000e+00  1.036628e+01  7.640442e+00
     vertex  0.000000e+00  1.038113e+01  7.633616e+00
     vertex  0.000000e+00  1.034388e+01  7.651108e+00
   endloop
 endfacet
 facet normal -2.972185e-05  4.100873e-01  9.120463e-01
   outer loop
     vertex  4.500000e+00  1.040357e+01  7.623673e+00
     vertex  0.000000e+00  1.038113e+01  7.633616e+00
     vertex  4.500000e+00  1.036628e+01  7.640442e+00
   endloop
 endfacet
 facet normal  3.020238e-05  4.000417e-01  9.164969e-01
   outer loop
     vertex  4.500000e+00  1.040357e+01  7.623673e+00
     vertex  0.000000e+00  1.041885e+01  7.617152e+00
     vertex  0.000000e+00  1.038113e+01  7.633616e+00
   endloop
 endfacet
 facet normal -2.987712e-05  3.850744e-01  9.228855e-01
   outer loop
     vertex  4.500000e+00  1.044131e+01  7.607927e+00
     vertex  0.000000e+00  1.041885e+01  7.617152e+00
     vertex  4.500000e+00  1.040357e+01  7.623673e+00
   endloop
 endfacet
 facet normal  3.035247e-05  3.747479e-01  9.271267e-01
   outer loop
     vertex  4.500000e+00  1.044131e+01  7.607927e+00
     vertex  0.000000e+00  1.045701e+01  7.601729e+00
     vertex  0.000000e+00  1.041885e+01  7.617152e+00
   endloop
 endfacet
 facet normal -3.002202e-05  3.597754e-01  9.330389e-01
   outer loop
     vertex  4.500000e+00  1.047946e+01  7.593216e+00
     vertex  0.000000e+00  1.045701e+01  7.601729e+00
     vertex  4.500000e+00  1.044131e+01  7.607927e+00
   endloop
 endfacet
 facet normal  3.049220e-05  3.491720e-01  9.370586e-01
   outer loop
     vertex  4.500000e+00  1.047946e+01  7.593216e+00
     vertex  0.000000e+00  1.049557e+01  7.587359e+00
     vertex  0.000000e+00  1.045701e+01  7.601729e+00
   endloop
 endfacet
 facet normal  3.062159e-05  3.233333e-01  9.462851e-01
   outer loop
     vertex  4.500000e+00  1.051800e+01  7.579550e+00
     vertex  0.000000e+00  1.053452e+01  7.574052e+00
     vertex  0.000000e+00  1.049557e+01  7.587359e+00
   endloop
 endfacet
 facet normal -3.015658e-05  3.342091e-01  9.424990e-01
   outer loop
     vertex  4.500000e+00  1.051800e+01  7.579550e+00
     vertex  0.000000e+00  1.049557e+01  7.587359e+00
     vertex  4.500000e+00  1.047946e+01  7.593216e+00
   endloop
 endfacet
 facet normal  3.074062e-05  2.972512e-01  9.547993e-01
   outer loop
     vertex  4.500000e+00  1.055690e+01  7.566939e+00
     vertex  0.000000e+00  1.057381e+01  7.561819e+00
     vertex  0.000000e+00  1.053452e+01  7.574052e+00
   endloop
 endfacet
 facet normal -3.028079e-05  3.083944e-01  9.512586e-01
   outer loop
     vertex  4.500000e+00  1.055690e+01  7.566939e+00
     vertex  0.000000e+00  1.053452e+01  7.574052e+00
     vertex  4.500000e+00  1.051800e+01  7.579550e+00
   endloop
 endfacet
 facet normal  3.084930e-05  2.709453e-01  9.625948e-01
   outer loop
     vertex  4.500000e+00  1.059613e+01  7.555394e+00
     vertex  0.000000e+00  1.061343e+01  7.550668e+00
     vertex  0.000000e+00  1.057381e+01  7.561819e+00
   endloop
 endfacet
 facet normal -3.039465e-05  2.823505e-01  9.593113e-01
   outer loop
     vertex  4.500000e+00  1.059613e+01  7.555394e+00
     vertex  0.000000e+00  1.057381e+01  7.561819e+00
     vertex  4.500000e+00  1.055690e+01  7.566939e+00
   endloop
 endfacet
 facet normal  3.094763e-05  2.444354e-01  9.696656e-01
   outer loop
     vertex  4.500000e+00  1.063565e+01  7.544922e+00
     vertex  0.000000e+00  1.065333e+01  7.540609e+00
     vertex  0.000000e+00  1.061343e+01  7.550668e+00
   endloop
 endfacet
 facet normal -3.049816e-05  2.560967e-01  9.666512e-01
   outer loop
     vertex  4.500000e+00  1.063565e+01  7.544922e+00
     vertex  0.000000e+00  1.061343e+01  7.550668e+00
     vertex  4.500000e+00  1.059613e+01  7.555394e+00
   endloop
 endfacet
 facet normal  3.103561e-05  2.177416e-01  9.760065e-01
   outer loop
     vertex  4.500000e+00  1.067545e+01  7.535531e+00
     vertex  0.000000e+00  1.069350e+01  7.531648e+00
     vertex  0.000000e+00  1.065333e+01  7.540609e+00
   endloop
 endfacet
 facet normal -3.059131e-05  2.296527e-01  9.732726e-01
   outer loop
     vertex  4.500000e+00  1.067545e+01  7.535531e+00
     vertex  0.000000e+00  1.065333e+01  7.540609e+00
     vertex  4.500000e+00  1.063565e+01  7.544922e+00
   endloop
 endfacet
 facet normal  3.111324e-05  1.908838e-01  9.816126e-01
   outer loop
     vertex  4.500000e+00  1.071549e+01  7.527229e+00
     vertex  0.000000e+00  1.073390e+01  7.523792e+00
     vertex  0.000000e+00  1.069350e+01  7.531648e+00
   endloop
 endfacet
 facet normal -3.067412e-05  2.030380e-01  9.791709e-01
   outer loop
     vertex  4.500000e+00  1.071549e+01  7.527229e+00
     vertex  0.000000e+00  1.069350e+01  7.531648e+00
     vertex  4.500000e+00  1.067545e+01  7.535531e+00
   endloop
 endfacet
 facet normal  3.118052e-05  1.638824e-01  9.864799e-01
   outer loop
     vertex  4.500000e+00  1.075574e+01  7.520021e+00
     vertex  0.000000e+00  1.077450e+01  7.517047e+00
     vertex  0.000000e+00  1.073390e+01  7.523792e+00
   endloop
 endfacet
 facet normal -3.074657e-05  1.762724e-01  9.843414e-01
   outer loop
     vertex  4.500000e+00  1.075574e+01  7.520021e+00
     vertex  0.000000e+00  1.073390e+01  7.523792e+00
     vertex  4.500000e+00  1.071549e+01  7.527229e+00
   endloop
 endfacet
 facet normal  3.123745e-05  1.367575e-01  9.906046e-01
   outer loop
     vertex  4.500000e+00  1.079617e+01  7.513913e+00
     vertex  0.000000e+00  1.081527e+01  7.511419e+00
     vertex  0.000000e+00  1.077450e+01  7.517047e+00
   endloop
 endfacet
 facet normal -3.080868e-05  1.493758e-01  9.887805e-01
   outer loop
     vertex  4.500000e+00  1.079617e+01  7.513913e+00
     vertex  0.000000e+00  1.077450e+01  7.517047e+00
     vertex  4.500000e+00  1.075574e+01  7.520021e+00
   endloop
 endfacet
 facet normal  3.128403e-05  1.095298e-01  9.939835e-01
   outer loop
     vertex  4.500000e+00  1.083676e+01  7.508909e+00
     vertex  0.000000e+00  1.085617e+01  7.506911e+00
     vertex  0.000000e+00  1.081527e+01  7.511419e+00
   endloop
 endfacet
 facet normal -3.086043e-05  1.223683e-01  9.924848e-01
   outer loop
     vertex  4.500000e+00  1.083676e+01  7.508909e+00
     vertex  0.000000e+00  1.081527e+01  7.511419e+00
     vertex  4.500000e+00  1.079617e+01  7.513913e+00
   endloop
 endfacet
 facet normal -3.090183e-05  9.526975e-02  9.954515e-01
   outer loop
     vertex  4.500000e+00  1.087746e+01  7.505014e+00
     vertex  0.000000e+00  1.085617e+01  7.506911e+00
     vertex  4.500000e+00  1.083676e+01  7.508909e+00
   endloop
 endfacet
 facet normal  3.132026e-05  8.221955e-02  9.966142e-01
   outer loop
     vertex  4.500000e+00  1.087746e+01  7.505014e+00
     vertex  0.000000e+00  1.089719e+01  7.503527e+00
     vertex  0.000000e+00  1.085617e+01  7.506911e+00
   endloop
 endfacet
 facet normal -3.093289e-05  6.810044e-02  9.976785e-01
   outer loop
     vertex  4.500000e+00  1.091826e+01  7.502229e+00
     vertex  0.000000e+00  1.089719e+01  7.503527e+00
     vertex  4.500000e+00  1.087746e+01  7.505014e+00
   endloop
 endfacet
 facet normal  3.134613e-05  5.484744e-02  9.984947e-01
   outer loop
     vertex  4.500000e+00  1.091826e+01  7.502229e+00
     vertex  0.000000e+00  1.093828e+01  7.501270e+00
     vertex  0.000000e+00  1.089719e+01  7.503527e+00
   endloop
 endfacet
 facet normal -3.095359e-05  4.088052e-02  9.991640e-01
   outer loop
     vertex  4.500000e+00  1.095911e+01  7.500557e+00
     vertex  0.000000e+00  1.093828e+01  7.501270e+00
     vertex  4.500000e+00  1.091826e+01  7.502229e+00
   endloop
 endfacet
 facet normal  3.136166e-05  2.743405e-02  9.996236e-01
   outer loop
     vertex  4.500000e+00  1.095911e+01  7.500557e+00
     vertex  0.000000e+00  1.097942e+01  7.500141e+00
     vertex  0.000000e+00  1.093828e+01  7.501270e+00
   endloop
 endfacet
 facet normal -3.096394e-05  1.363022e-02  9.999071e-01
   outer loop
     vertex  4.500000e+00  1.100000e+01  7.500000e+00
     vertex  0.000000e+00  1.097942e+01  7.500141e+00
     vertex  4.500000e+00  1.095911e+01  7.500557e+00
   endloop
 endfacet
 facet normal  3.136684e-05  0.000000e+00  1.000000e+00
   outer loop
     vertex  4.500000e+00  1.100000e+01  7.500000e+00
     vertex  0.000000e+00  1.102058e+01  7.500141e+00
     vertex  0.000000e+00  1.097942e+01  7.500141e+00
   endloop
 endfacet
 facet normal -3.096394e-05 -1.363022e-02  9.999071e-01
   outer loop
     vertex  4.500000e+00  1.104089e+01  7.500557e+00
     vertex  0.000000e+00  1.102058e+01  7.500141e+00
     vertex  4.500000e+00  1.100000e+01  7.500000e+00
   endloop
 endfacet
 facet normal  3.136166e-05 -2.743405e-02  9.996236e-01
   outer loop
     vertex  4.500000e+00  1.104089e+01  7.500557e+00
     vertex  0.000000e+00  1.106172e+01  7.501270e+00
     vertex  0.000000e+00  1.102058e+01  7.500141e+00
   endloop
 endfacet
 facet normal -3.095359e-05 -4.088052e-02  9.991640e-01
   outer loop
     vertex  4.500000e+00  1.108174e+01  7.502229e+00
     vertex  0.000000e+00  1.106172e+01  7.501270e+00
     vertex  4.500000e+00  1.104089e+01  7.500557e+00
   endloop
 endfacet
 facet normal  3.134613e-05 -5.484744e-02  9.984947e-01
   outer loop
     vertex  4.500000e+00  1.108174e+01  7.502229e+00
     vertex  0.000000e+00  1.110281e+01  7.503527e+00
     vertex  0.000000e+00  1.106172e+01  7.501270e+00
   endloop
 endfacet
 facet normal -3.093289e-05 -6.810044e-02  9.976785e-01
   outer loop
     vertex  4.500000e+00  1.112254e+01  7.505014e+00
     vertex  0.000000e+00  1.110281e+01  7.503527e+00
     vertex  4.500000e+00  1.108174e+01  7.502229e+00
   endloop
 endfacet
 facet normal  3.132026e-05 -8.221955e-02  9.966142e-01
   outer loop
     vertex  4.500000e+00  1.112254e+01  7.505014e+00
     vertex  0.000000e+00  1.114383e+01  7.506911e+00
     vertex  0.000000e+00  1.110281e+01  7.503527e+00
   endloop
 endfacet
 facet normal -3.090183e-05 -9.526975e-02  9.954515e-01
   outer loop
     vertex  4.500000e+00  1.116324e+01  7.508909e+00
     vertex  0.000000e+00  1.114383e+01  7.506911e+00
     vertex  4.500000e+00  1.112254e+01  7.505014e+00
   endloop
 endfacet
 facet normal  3.128403e-05 -1.095298e-01  9.939835e-01
   outer loop
     vertex  4.500000e+00  1.116324e+01  7.508909e+00
     vertex  0.000000e+00  1.118473e+01  7.511419e+00
     vertex  0.000000e+00  1.114383e+01  7.506911e+00
   endloop
 endfacet
 facet normal -3.086043e-05 -1.223683e-01  9.924848e-01
   outer loop
     vertex  4.500000e+00  1.120383e+01  7.513913e+00
     vertex  0.000000e+00  1.118473e+01  7.511419e+00
     vertex  4.500000e+00  1.116324e+01  7.508909e+00
   endloop
 endfacet
 facet normal  3.123745e-05 -1.367575e-01  9.906046e-01
   outer loop
     vertex  4.500000e+00  1.120383e+01  7.513913e+00
     vertex  0.000000e+00  1.122550e+01  7.517047e+00
     vertex  0.000000e+00  1.118473e+01  7.511419e+00
   endloop
 endfacet
 facet normal -3.080868e-05 -1.493758e-01  9.887805e-01
   outer loop
     vertex  4.500000e+00  1.124426e+01  7.520021e+00
     vertex  0.000000e+00  1.122550e+01  7.517047e+00
     vertex  4.500000e+00  1.120383e+01  7.513913e+00
   endloop
 endfacet
 facet normal  3.118052e-05 -1.638824e-01  9.864799e-01
   outer loop
     vertex  4.500000e+00  1.124426e+01  7.520021e+00
     vertex  0.000000e+00  1.126610e+01  7.523792e+00
     vertex  0.000000e+00  1.122550e+01  7.517047e+00
   endloop
 endfacet
 facet normal -3.074657e-05 -1.762724e-01  9.843414e-01
   outer loop
     vertex  4.500000e+00  1.128451e+01  7.527229e+00
     vertex  0.000000e+00  1.126610e+01  7.523792e+00
     vertex  4.500000e+00  1.124426e+01  7.520021e+00
   endloop
 endfacet
 facet normal  3.111324e-05 -1.908838e-01  9.816126e-01
   outer loop
     vertex  4.500000e+00  1.128451e+01  7.527229e+00
     vertex  0.000000e+00  1.130650e+01  7.531648e+00
     vertex  0.000000e+00  1.126610e+01  7.523792e+00
   endloop
 endfacet
 facet normal -3.067412e-05 -2.030380e-01  9.791709e-01
   outer loop
     vertex  4.500000e+00  1.132455e+01  7.535531e+00
     vertex  0.000000e+00  1.130650e+01  7.531648e+00
     vertex  4.500000e+00  1.128451e+01  7.527229e+00
   endloop
 endfacet
 facet normal  3.103561e-05 -2.177416e-01  9.760065e-01
   outer loop
     vertex  4.500000e+00  1.132455e+01  7.535531e+00
     vertex  0.000000e+00  1.134667e+01  7.540609e+00
     vertex  0.000000e+00  1.130650e+01  7.531648e+00
   endloop
 endfacet
 facet normal -3.059131e-05 -2.296527e-01  9.732726e-01
   outer loop
     vertex  4.500000e+00  1.136435e+01  7.544922e+00
     vertex  0.000000e+00  1.134667e+01  7.540609e+00
     vertex  4.500000e+00  1.132455e+01  7.535531e+00
   endloop
 endfacet
 facet normal  3.094763e-05 -2.444354e-01  9.696656e-01
   outer loop
     vertex  4.500000e+00  1.136435e+01  7.544922e+00
     vertex  0.000000e+00  1.138657e+01  7.550668e+00
     vertex  0.000000e+00  1.134667e+01  7.540609e+00
   endloop
 endfacet
 facet normal -3.049816e-05 -2.560967e-01  9.666512e-01
   outer loop
     vertex  4.500000e+00  1.140387e+01  7.555394e+00
     vertex  0.000000e+00  1.138657e+01  7.550668e+00
     vertex  4.500000e+00  1.136435e+01  7.544922e+00
   endloop
 endfacet
 facet normal  3.084930e-05 -2.709453e-01  9.625948e-01
   outer loop
     vertex  4.500000e+00  1.140387e+01  7.555394e+00
     vertex  0.000000e+00  1.142619e+01  7.561819e+00
     vertex  0.000000e+00  1.138657e+01  7.550668e+00
   endloop
 endfacet
 facet normal -3.039465e-05 -2.823505e-01  9.593113e-01
   outer loop
     vertex  4.500000e+00  1.144310e+01  7.566939e+00
     vertex  0.000000e+00  1.142619e+01  7.561819e+00
     vertex  4.500000e+00  1.140387e+01  7.555394e+00
   endloop
 endfacet
 facet normal  3.074062e-05 -2.972512e-01  9.547993e-01
   outer loop
     vertex  4.500000e+00  1.144310e+01  7.566939e+00
     vertex  0.000000e+00  1.146548e+01  7.574052e+00
     vertex  0.000000e+00  1.142619e+01  7.561819e+00
   endloop
 endfacet
 facet normal -3.028079e-05 -3.083944e-01  9.512586e-01
   outer loop
     vertex  4.500000e+00  1.148200e+01  7.579550e+00
     vertex  0.000000e+00  1.146548e+01  7.574052e+00
     vertex  4.500000e+00  1.144310e+01  7.566939e+00
   endloop
 endfacet
 facet normal  3.062159e-05 -3.233333e-01  9.462851e-01
   outer loop
     vertex  4.500000e+00  1.148200e+01  7.579550e+00
     vertex  0.000000e+00  1.150443e+01  7.587359e+00
     vertex  0.000000e+00  1.146548e+01  7.574052e+00
   endloop
 endfacet
 facet normal -3.015658e-05 -3.342091e-01  9.424990e-01
   outer loop
     vertex  4.500000e+00  1.152054e+01  7.593216e+00
     vertex  0.000000e+00  1.150443e+01  7.587359e+00
     vertex  4.500000e+00  1.148200e+01  7.579550e+00
   endloop
 endfacet
 facet normal  3.049220e-05 -3.491720e-01  9.370586e-01
   outer loop
     vertex  4.500000e+00  1.152054e+01  7.593216e+00
     vertex  0.000000e+00  1.154299e+01  7.601729e+00
     vertex  0.000000e+00  1.150443e+01  7.587359e+00
   endloop
 endfacet
 facet normal -3.002202e-05 -3.597754e-01  9.330389e-01
   outer loop
     vertex  4.500000e+00  1.155869e+01  7.607927e+00
     vertex  0.000000e+00  1.154299e+01  7.601729e+00
     vertex  4.500000e+00  1.152054e+01  7.593216e+00
   endloop
 endfacet
 facet normal  3.035247e-05 -3.747479e-01  9.271267e-01
   outer loop
     vertex  4.500000e+00  1.155869e+01  7.607927e+00
     vertex  0.000000e+00  1.158115e+01  7.617152e+00
     vertex  0.000000e+00  1.154299e+01  7.601729e+00
   endloop
 endfacet
 facet normal -2.987712e-05 -3.850744e-01  9.228855e-01
   outer loop
     vertex  4.500000e+00  1.159643e+01  7.623673e+00
     vertex  0.000000e+00  1.158115e+01  7.617152e+00
     vertex  4.500000e+00  1.155869e+01  7.607927e+00
   endloop
 endfacet
 facet normal  3.020238e-05 -4.000417e-01  9.164969e-01
   outer loop
     vertex  4.500000e+00  1.159643e+01  7.623673e+00
     vertex  0.000000e+00  1.161887e+01  7.633616e+00
     vertex  0.000000e+00  1.158115e+01  7.617152e+00
   endloop
 endfacet
 facet normal -2.972185e-05 -4.100873e-01  9.120463e-01
   outer loop
     vertex  4.500000e+00  1.163372e+01  7.640442e+00
     vertex  0.000000e+00  1.161887e+01  7.633616e+00
     vertex  4.500000e+00  1.159643e+01  7.623673e+00
   endloop
 endfacet
 facet normal  3.004195e-05 -4.250344e-01  9.051772e-01
   outer loop
     vertex  4.500000e+00  1.163372e+01  7.640442e+00
     vertex  0.000000e+00  1.165612e+01  7.651108e+00
     vertex  0.000000e+00  1.161887e+01  7.633616e+00
   endloop
 endfacet
 facet normal -2.955624e-05 -4.347954e-01  9.005293e-01
   outer loop
     vertex  4.500000e+00  1.167054e+01  7.658221e+00
     vertex  0.000000e+00  1.165612e+01  7.651108e+00
     vertex  4.500000e+00  1.163372e+01  7.640442e+00
   endloop
 endfacet
 facet normal  2.987116e-05 -4.497071e-01  8.931761e-01
   outer loop
     vertex  4.500000e+00  1.167054e+01  7.658221e+00
     vertex  0.000000e+00  1.169288e+01  7.669616e+00
     vertex  0.000000e+00  1.165612e+01  7.651108e+00
   endloop
 endfacet
 facet normal -2.938028e-05 -4.591803e-01  8.883431e-01
   outer loop
     vertex  4.500000e+00  1.170687e+01  7.676997e+00
     vertex  0.000000e+00  1.169288e+01  7.669616e+00
     vertex  4.500000e+00  1.167054e+01  7.658221e+00
   endloop
 endfacet
 facet normal  2.969002e-05 -4.740412e-01  8.805026e-01
   outer loop
     vertex  4.500000e+00  1.170687e+01  7.676997e+00
     vertex  0.000000e+00  1.172911e+01  7.689125e+00
     vertex  0.000000e+00  1.169288e+01  7.669616e+00
   endloop
 endfacet
 facet normal  2.949854e-05 -4.980186e-01  8.671664e-01
   outer loop
     vertex  4.500000e+00  1.174267e+01  7.696757e+00
     vertex  0.000000e+00  1.176480e+01  7.709621e+00
     vertex  0.000000e+00  1.172911e+01  7.689125e+00
   endloop
 endfacet
 facet normal -2.919397e-05 -4.832241e-01  8.754967e-01
   outer loop
     vertex  4.500000e+00  1.174267e+01  7.696757e+00
     vertex  0.000000e+00  1.172911e+01  7.689125e+00
     vertex  4.500000e+00  1.170687e+01  7.676997e+00
   endloop
 endfacet
 facet normal  2.929670e-05 -5.216210e-01  8.531773e-01
   outer loop
     vertex  4.500000e+00  1.177792e+01  7.717484e+00
     vertex  0.000000e+00  1.179991e+01  7.731088e+00
     vertex  0.000000e+00  1.176480e+01  7.709621e+00
   endloop
 endfacet
 facet normal -2.899731e-05 -5.069087e-01  8.619997e-01
   outer loop
     vertex  4.500000e+00  1.177792e+01  7.717484e+00
     vertex  0.000000e+00  1.176480e+01  7.709621e+00
     vertex  4.500000e+00  1.174267e+01  7.696757e+00
   endloop
 endfacet
 facet normal  2.908451e-05 -5.448308e-01  8.385460e-01
   outer loop
     vertex  4.500000e+00  1.181259e+01  7.739165e+00
     vertex  0.000000e+00  1.183442e+01  7.753511e+00
     vertex  0.000000e+00  1.179991e+01  7.731088e+00
   endloop
 endfacet
 facet normal -2.879029e-05 -5.302167e-01  8.478622e-01
   outer loop
     vertex  4.500000e+00  1.181259e+01  7.739165e+00
     vertex  0.000000e+00  1.179991e+01  7.731088e+00
     vertex  4.500000e+00  1.177792e+01  7.717484e+00
   endloop
 endfacet
 facet normal  2.886197e-05 -5.676304e-01  8.232835e-01
   outer loop
     vertex  4.500000e+00  1.184665e+01  7.761783e+00
     vertex  0.000000e+00  1.186831e+01  7.776871e+00
     vertex  0.000000e+00  1.183442e+01  7.753511e+00
   endloop
 endfacet
 facet normal -2.857293e-05 -5.531306e-01  8.330945e-01
   outer loop
     vertex  4.500000e+00  1.184665e+01  7.761783e+00
     vertex  0.000000e+00  1.183442e+01  7.753511e+00
     vertex  4.500000e+00  1.181259e+01  7.739165e+00
   endloop
 endfacet
 facet normal  2.862908e-05 -5.900028e-01  8.074012e-01
   outer loop
     vertex  4.500000e+00  1.188009e+01  7.785321e+00
     vertex  0.000000e+00  1.190154e+01  7.801153e+00
     vertex  0.000000e+00  1.186831e+01  7.776871e+00
   endloop
 endfacet
 facet normal -2.834521e-05 -5.756335e-01  8.177078e-01
   outer loop
     vertex  4.500000e+00  1.188009e+01  7.785321e+00
     vertex  0.000000e+00  1.186831e+01  7.776871e+00
     vertex  4.500000e+00  1.184665e+01  7.761783e+00
   endloop
 endfacet
 facet normal  2.838584e-05 -6.119310e-01  7.909112e-01
   outer loop
     vertex  4.500000e+00  1.191287e+01  7.809762e+00
     vertex  0.000000e+00  1.193409e+01  7.826337e+00
     vertex  0.000000e+00  1.190154e+01  7.801153e+00
   endloop
 endfacet
 facet normal -2.810715e-05 -5.977086e-01  8.017134e-01
   outer loop
     vertex  4.500000e+00  1.191287e+01  7.809762e+00
     vertex  0.000000e+00  1.190154e+01  7.801153e+00
     vertex  4.500000e+00  1.188009e+01  7.785321e+00
   endloop
 endfacet
 facet normal  2.813225e-05 -6.333986e-01  7.738257e-01
   outer loop
     vertex  4.500000e+00  1.194498e+01  7.835087e+00
     vertex  0.000000e+00  1.196593e+01  7.852404e+00
     vertex  0.000000e+00  1.193409e+01  7.826337e+00
   endloop
 endfacet
 facet normal -2.785873e-05 -6.193396e-01  7.851233e-01
   outer loop
     vertex  4.500000e+00  1.194498e+01  7.835087e+00
     vertex  0.000000e+00  1.193409e+01  7.826337e+00
     vertex  4.500000e+00  1.191287e+01  7.809762e+00
   endloop
 endfacet
 facet normal  2.786830e-05 -6.543893e-01  7.561578e-01
   outer loop
     vertex  4.500000e+00  1.197638e+01  7.861278e+00
     vertex  0.000000e+00  1.199705e+01  7.879336e+00
     vertex  0.000000e+00  1.196593e+01  7.852404e+00
   endloop
 endfacet
 facet normal -2.759997e-05 -6.405102e-01  7.679496e-01
   outer loop
     vertex  4.500000e+00  1.197638e+01  7.861278e+00
     vertex  0.000000e+00  1.196593e+01  7.852404e+00
     vertex  4.500000e+00  1.194498e+01  7.835087e+00
   endloop
 endfacet
 facet normal  2.759401e-05 -6.748875e-01  7.379206e-01
   outer loop
     vertex  4.500000e+00  1.200705e+01  7.888315e+00
     vertex  0.000000e+00  1.202742e+01  7.907111e+00
     vertex  0.000000e+00  1.199705e+01  7.879336e+00
   endloop
 endfacet
 facet normal -2.733085e-05 -6.612049e-01  7.502053e-01
   outer loop
     vertex  4.500000e+00  1.200705e+01  7.888315e+00
     vertex  0.000000e+00  1.199705e+01  7.879336e+00
     vertex  4.500000e+00  1.197638e+01  7.861278e+00
   endloop
 endfacet
 facet normal  2.730937e-05 -6.948776e-01  7.191280e-01
   outer loop
     vertex  4.500000e+00  1.203698e+01  7.916178e+00
     vertex  0.000000e+00  1.205702e+01  7.935708e+00
     vertex  0.000000e+00  1.202742e+01  7.907111e+00
   endloop
 endfacet
 facet normal -2.705138e-05 -6.814083e-01  7.319035e-01
   outer loop
     vertex  4.500000e+00  1.203698e+01  7.916178e+00
     vertex  0.000000e+00  1.202742e+01  7.907111e+00
     vertex  4.500000e+00  1.200705e+01  7.888315e+00
   endloop
 endfacet
 facet normal  2.701437e-05 -7.143447e-01  6.997940e-01
   outer loop
     vertex  4.500000e+00  1.206614e+01  7.944847e+00
     vertex  0.000000e+00  1.208582e+01  7.965107e+00
     vertex  0.000000e+00  1.205702e+01  7.935708e+00
   endloop
 endfacet
 facet normal -2.676156e-05 -7.011052e-01  7.130578e-01
   outer loop
     vertex  4.500000e+00  1.206614e+01  7.944847e+00
     vertex  0.000000e+00  1.205702e+01  7.935708e+00
     vertex  4.500000e+00  1.203698e+01  7.916178e+00
   endloop
 endfacet
 facet normal  2.670903e-05 -7.332740e-01  6.799333e-01
   outer loop
     vertex  4.500000e+00  1.209450e+01  7.974300e+00
     vertex  0.000000e+00  1.211380e+01  7.995285e+00
     vertex  0.000000e+00  1.208582e+01  7.965107e+00
   endloop
 endfacet
 facet normal -2.646139e-05 -7.202812e-01  6.936822e-01
   outer loop
     vertex  4.500000e+00  1.209450e+01  7.974300e+00
     vertex  0.000000e+00  1.208582e+01  7.965107e+00
     vertex  4.500000e+00  1.206614e+01  7.944847e+00
   endloop
 endfacet
 facet normal  2.639334e-05 -7.516513e-01  6.595607e-01
   outer loop
     vertex  4.500000e+00  1.212206e+01  8.004515e+00
     vertex  0.000000e+00  1.214094e+01  8.026219e+00
     vertex  0.000000e+00  1.211380e+01  7.995285e+00
   endloop
 endfacet
 facet normal -2.615087e-05 -7.389219e-01  6.737911e-01
   outer loop
     vertex  4.500000e+00  1.212206e+01  8.004515e+00
     vertex  0.000000e+00  1.211380e+01  7.995285e+00
     vertex  4.500000e+00  1.209450e+01  7.974300e+00
   endloop
 endfacet
 facet normal  2.606729e-05 -7.694628e-01  6.386916e-01
   outer loop
     vertex  4.500000e+00  1.214877e+01  8.035469e+00
     vertex  0.000000e+00  1.216723e+01  8.057886e+00
     vertex  0.000000e+00  1.214094e+01  8.026219e+00
   endloop
 endfacet
 facet normal -2.583000e-05 -7.570134e-01  6.533993e-01
   outer loop
     vertex  4.500000e+00  1.214877e+01  8.035469e+00
     vertex  0.000000e+00  1.214094e+01  8.026219e+00
     vertex  4.500000e+00  1.212206e+01  8.004515e+00
   endloop
 endfacet
 facet normal  2.573089e-05 -7.866951e-01  6.173417e-01
   outer loop
     vertex  4.500000e+00  1.217464e+01  8.067141e+00
     vertex  0.000000e+00  1.219263e+01  8.090263e+00
     vertex  0.000000e+00  1.216723e+01  8.057886e+00
   endloop
 endfacet
 facet normal -2.549878e-05 -7.745425e-01  6.325219e-01
   outer loop
     vertex  4.500000e+00  1.217464e+01  8.067141e+00
     vertex  0.000000e+00  1.216723e+01  8.057886e+00
     vertex  4.500000e+00  1.214877e+01  8.035469e+00
   endloop
 endfacet
 facet normal  2.538415e-05 -8.033352e-01  5.955271e-01
   outer loop
     vertex  4.500000e+00  1.219963e+01  8.099506e+00
     vertex  0.000000e+00  1.221714e+01  8.123324e+00
     vertex  0.000000e+00  1.219263e+01  8.090263e+00
   endloop
 endfacet
 facet normal -2.515721e-05 -7.914959e-01  6.111745e-01
   outer loop
     vertex  4.500000e+00  1.219963e+01  8.099506e+00
     vertex  0.000000e+00  1.219263e+01  8.090263e+00
     vertex  4.500000e+00  1.217464e+01  8.067141e+00
   endloop
 endfacet
 facet normal  2.502705e-05 -8.193706e-01  5.732642e-01
   outer loop
     vertex  4.500000e+00  1.222373e+01  8.132540e+00
     vertex  0.000000e+00  1.224074e+01  8.157045e+00
     vertex  0.000000e+00  1.221714e+01  8.123324e+00
   endloop
 endfacet
 facet normal -2.480529e-05 -8.078611e-01  5.893729e-01
   outer loop
     vertex  4.500000e+00  1.222373e+01  8.132540e+00
     vertex  0.000000e+00  1.221714e+01  8.123324e+00
     vertex  4.500000e+00  1.219963e+01  8.099506e+00
   endloop
 endfacet
 facet normal  2.465960e-05 -8.347891e-01  5.505698e-01
   outer loop
     vertex  4.500000e+00  1.224692e+01  8.166218e+00
     vertex  0.000000e+00  1.226340e+01  8.191401e+00
     vertex  0.000000e+00  1.224074e+01  8.157045e+00
   endloop
 endfacet
 facet normal -2.444302e-05 -8.236260e-01  5.671333e-01
   outer loop
     vertex  4.500000e+00  1.224692e+01  8.166218e+00
     vertex  0.000000e+00  1.224074e+01  8.157045e+00
     vertex  4.500000e+00  1.222373e+01  8.132540e+00
   endloop
 endfacet
 facet normal  2.428180e-05 -8.495793e-01  5.274609e-01
   outer loop
     vertex  4.500000e+00  1.226918e+01  8.200517e+00
     vertex  0.000000e+00  1.228510e+01  8.226365e+00
     vertex  0.000000e+00  1.226340e+01  8.191401e+00
   endloop
 endfacet
 facet normal -2.407039e-05 -8.387788e-01  5.444723e-01
   outer loop
     vertex  4.500000e+00  1.226918e+01  8.200517e+00
     vertex  0.000000e+00  1.226340e+01  8.191401e+00
     vertex  4.500000e+00  1.224692e+01  8.166218e+00
   endloop
 endfacet
 facet normal  2.389366e-05 -8.637299e-01  5.039550e-01
   outer loop
     vertex  4.500000e+00  1.229050e+01  8.235409e+00
     vertex  0.000000e+00  1.230584e+01  8.261912e+00
     vertex  0.000000e+00  1.228510e+01  8.226365e+00
   endloop
 endfacet
 facet normal -2.368742e-05 -8.533084e-01  5.214066e-01
   outer loop
     vertex  4.500000e+00  1.229050e+01  8.235409e+00
     vertex  0.000000e+00  1.228510e+01  8.226365e+00
     vertex  4.500000e+00  1.226918e+01  8.200517e+00
   endloop
 endfacet
 facet normal  2.349516e-05 -8.772303e-01  4.800697e-01
   outer loop
     vertex  4.500000e+00  1.231087e+01  8.270869e+00
     vertex  0.000000e+00  1.232560e+01  8.298014e+00
     vertex  0.000000e+00  1.230584e+01  8.261912e+00
   endloop
 endfacet
 facet normal -2.329410e-05 -8.672037e-01  4.979535e-01
   outer loop
     vertex  4.500000e+00  1.231087e+01  8.270869e+00
     vertex  0.000000e+00  1.230584e+01  8.261912e+00
     vertex  4.500000e+00  1.229050e+01  8.235409e+00
   endloop
 endfacet
 facet normal  2.308631e-05 -8.900704e-01  4.558231e-01
   outer loop
     vertex  4.500000e+00  1.233025e+01  8.306872e+00
     vertex  0.000000e+00  1.234436e+01  8.334645e+00
     vertex  0.000000e+00  1.232560e+01  8.298014e+00
   endloop
 endfacet
 facet normal -2.289042e-05 -8.804547e-01  4.741303e-01
   outer loop
     vertex  4.500000e+00  1.233025e+01  8.306872e+00
     vertex  0.000000e+00  1.232560e+01  8.298014e+00
     vertex  4.500000e+00  1.231087e+01  8.270869e+00
   endloop
 endfacet
 facet normal  2.266711e-05 -9.022405e-01  4.312333e-01
   outer loop
     vertex  4.500000e+00  1.234865e+01  8.343389e+00
     vertex  0.000000e+00  1.236211e+01  8.371777e+00
     vertex  0.000000e+00  1.234436e+01  8.334645e+00
   endloop
 endfacet
 facet normal -2.247640e-05 -8.930513e-01  4.499548e-01
   outer loop
     vertex  4.500000e+00  1.234865e+01  8.343389e+00
     vertex  0.000000e+00  1.234436e+01  8.334645e+00
     vertex  4.500000e+00  1.233025e+01  8.306872e+00
   endloop
 endfacet
 facet normal  2.223756e-05 -9.137314e-01  4.063188e-01
   outer loop
     vertex  4.500000e+00  1.236605e+01  8.380395e+00
     vertex  0.000000e+00  1.237883e+01  8.409381e+00
     vertex  0.000000e+00  1.236211e+01  8.371777e+00
   endloop
 endfacet
 facet normal -2.205202e-05 -9.049843e-01  4.254449e-01
   outer loop
     vertex  4.500000e+00  1.236605e+01  8.380395e+00
     vertex  0.000000e+00  1.236211e+01  8.371777e+00
     vertex  4.500000e+00  1.234865e+01  8.343389e+00
   endloop
 endfacet
 facet normal  2.179766e-05 -9.245344e-01  3.810986e-01
   outer loop
     vertex  4.500000e+00  1.238243e+01  8.417860e+00
     vertex  0.000000e+00  1.239451e+01  8.447431e+00
     vertex  0.000000e+00  1.237883e+01  8.409381e+00
   endloop
 endfacet
 facet normal -2.161730e-05 -9.162448e-01  4.006189e-01
   outer loop
     vertex  4.500000e+00  1.238243e+01  8.417860e+00
     vertex  0.000000e+00  1.237883e+01  8.409381e+00
     vertex  4.500000e+00  1.236605e+01  8.380395e+00
   endloop
 endfacet
 facet normal  2.134741e-05 -9.346415e-01  3.555914e-01
   outer loop
     vertex  4.500000e+00  1.239778e+01  8.455759e+00
     vertex  0.000000e+00  1.240915e+01  8.485896e+00
     vertex  0.000000e+00  1.239451e+01  8.447431e+00
   endloop
 endfacet
 facet normal -2.117222e-05 -9.268244e-01  3.754951e-01
   outer loop
     vertex  4.500000e+00  1.239778e+01  8.455759e+00
     vertex  0.000000e+00  1.239451e+01  8.447431e+00
     vertex  4.500000e+00  1.238243e+01  8.417860e+00
   endloop
 endfacet
 facet normal  2.088680e-05 -9.440450e-01  3.298166e-01
   outer loop
     vertex  4.500000e+00  1.241210e+01  8.494062e+00
     vertex  0.000000e+00  1.242272e+01  8.524748e+00
     vertex  0.000000e+00  1.240915e+01  8.485896e+00
   endloop
 endfacet
 facet normal -2.071679e-05 -9.367152e-01  3.500923e-01
   outer loop
     vertex  4.500000e+00  1.241210e+01  8.494062e+00
     vertex  0.000000e+00  1.240915e+01  8.485896e+00
     vertex  4.500000e+00  1.239778e+01  8.455759e+00
   endloop
 endfacet
 facet normal  2.041585e-05 -9.527379e-01  3.037934e-01
   outer loop
     vertex  4.500000e+00  1.242537e+01  8.532741e+00
     vertex  0.000000e+00  1.243522e+01  8.563958e+00
     vertex  0.000000e+00  1.242272e+01  8.524748e+00
   endloop
 endfacet
 facet normal -2.025102e-05 -9.459099e-01  3.244293e-01
   outer loop
     vertex  4.500000e+00  1.242537e+01  8.532741e+00
     vertex  0.000000e+00  1.242272e+01  8.524748e+00
     vertex  4.500000e+00  1.241210e+01  8.494062e+00
   endloop
 endfacet
 facet normal -1.977489e-05 -9.544017e-01  2.985252e-01
   outer loop
     vertex  4.500000e+00  1.243757e+01  8.571767e+00
     vertex  0.000000e+00  1.243522e+01  8.563958e+00
     vertex  4.500000e+00  1.242537e+01  8.532741e+00
   endloop
 endfacet
 facet normal  1.993455e-05 -9.607136e-01  2.775416e-01
   outer loop
     vertex  4.500000e+00  1.243757e+01  8.571767e+00
     vertex  0.000000e+00  1.244665e+01  8.603496e+00
     vertex  0.000000e+00  1.243522e+01  8.563958e+00
   endloop
 endfacet
 facet normal -1.928841e-05 -9.621843e-01  2.723993e-01
   outer loop
     vertex  4.500000e+00  1.244871e+01  8.611111e+00
     vertex  0.000000e+00  1.244665e+01  8.603496e+00
     vertex  4.500000e+00  1.243757e+01  8.571767e+00
   endloop
 endfacet
 facet normal  1.944290e-05 -9.679661e-01  2.510809e-01
   outer loop
     vertex  4.500000e+00  1.244871e+01  8.611111e+00
     vertex  0.000000e+00  1.245698e+01  8.643332e+00
     vertex  0.000000e+00  1.244665e+01  8.603496e+00
   endloop
 endfacet
 facet normal -1.915270e-05 -9.692638e-01  2.460237e-01
   outer loop
     vertex  4.500000e+00  1.245881e+01  8.650887e+00
     vertex  0.000000e+00  1.245698e+01  8.643332e+00
     vertex  4.500000e+00  1.244871e+01  8.611111e+00
   endloop
 endfacet
 facet normal  1.922051e-05 -9.744899e-01  2.244312e-01
   outer loop
     vertex  4.500000e+00  1.245881e+01  8.650887e+00
     vertex  0.000000e+00  1.246622e+01  8.683437e+00
     vertex  0.000000e+00  1.245698e+01  8.643332e+00
   endloop
 endfacet
 facet normal -1.892929e-05 -9.756312e-01  2.194168e-01
   outer loop
     vertex  4.500000e+00  1.246781e+01  8.690924e+00
     vertex  0.000000e+00  1.246622e+01  8.683437e+00
     vertex  4.500000e+00  1.245881e+01  8.650887e+00
   endloop
 endfacet
 facet normal  1.899606e-05 -9.802802e-01  1.976125e-01
   outer loop
     vertex  4.500000e+00  1.246781e+01  8.690924e+00
     vertex  0.000000e+00  1.247435e+01  8.723781e+00
     vertex  0.000000e+00  1.246622e+01  8.683437e+00
   endloop
 endfacet
 facet normal -1.870382e-05 -9.812684e-01  1.926458e-01
   outer loop
     vertex  4.500000e+00  1.247572e+01  8.731193e+00
     vertex  0.000000e+00  1.247435e+01  8.723781e+00
     vertex  4.500000e+00  1.246781e+01  8.690924e+00
   endloop
 endfacet
 facet normal  1.876957e-05 -9.853326e-01  1.706451e-01
   outer loop
     vertex  4.500000e+00  1.247572e+01  8.731193e+00
     vertex  0.000000e+00  1.248137e+01  8.764332e+00
     vertex  0.000000e+00  1.247435e+01  8.723781e+00
   endloop
 endfacet
 facet normal -1.847629e-05 -9.861711e-01  1.657305e-01
   outer loop
     vertex  4.500000e+00  1.248252e+01  8.771662e+00
     vertex  0.000000e+00  1.248137e+01  8.764332e+00
     vertex  4.500000e+00  1.247572e+01  8.731193e+00
   endloop
 endfacet
 facet normal  1.854101e-05 -9.896432e-01  1.435492e-01
   outer loop
     vertex  4.500000e+00  1.248252e+01  8.771662e+00
     vertex  0.000000e+00  1.248728e+01  8.805061e+00
     vertex  0.000000e+00  1.248137e+01  8.764332e+00
   endloop
 endfacet
 facet normal -1.824671e-05 -9.903357e-01  1.386912e-01
   outer loop
     vertex  4.500000e+00  1.248821e+01  8.812303e+00
     vertex  0.000000e+00  1.248728e+01  8.805061e+00
     vertex  4.500000e+00  1.248252e+01  8.771662e+00
   endloop
 endfacet
 facet normal  1.831041e-05 -9.932088e-01  1.163452e-01
   outer loop
     vertex  4.500000e+00  1.248821e+01  8.812303e+00
     vertex  0.000000e+00  1.249207e+01  8.845936e+00
     vertex  0.000000e+00  1.248728e+01  8.805061e+00
   endloop
 endfacet
 facet normal -1.801508e-05 -9.937590e-01  1.115481e-01
   outer loop
     vertex  4.500000e+00  1.249279e+01  8.853084e+00
     vertex  0.000000e+00  1.249207e+01  8.845936e+00
     vertex  4.500000e+00  1.248821e+01  8.812303e+00
   endloop
 endfacet
 facet normal  1.807774e-05 -9.960268e-01  8.905371e-02
   outer loop
     vertex  4.500000e+00  1.249279e+01  8.853084e+00
     vertex  0.000000e+00  1.249573e+01  8.886928e+00
     vertex  0.000000e+00  1.249207e+01  8.845936e+00
   endloop
 endfacet
 facet normal  1.784303e-05 -9.980950e-01  6.169515e-02
   outer loop
     vertex  4.500000e+00  1.249625e+01  8.893975e+00
     vertex  0.000000e+00  1.249827e+01  8.928004e+00
     vertex  0.000000e+00  1.249573e+01  8.886928e+00
   endloop
 endfacet
 facet normal -1.778139e-05 -9.964386e-01  8.432156e-02
   outer loop
     vertex  4.500000e+00  1.249625e+01  8.893975e+00
     vertex  0.000000e+00  1.249573e+01  8.886928e+00
     vertex  4.500000e+00  1.249279e+01  8.853084e+00
   endloop
 endfacet
 facet normal -1.754564e-05 -9.983724e-01  5.703187e-02
   outer loop
     vertex  4.500000e+00  1.249859e+01  8.934945e+00
     vertex  0.000000e+00  1.249827e+01  8.928004e+00
     vertex  4.500000e+00  1.249625e+01  8.893975e+00
   endloop
 endfacet
 facet normal  1.760625e-05 -9.994119e-01  3.429014e-02
   outer loop
     vertex  4.500000e+00  1.249859e+01  8.934945e+00
     vertex  0.000000e+00  1.249968e+01  8.969135e+00
     vertex  0.000000e+00  1.249827e+01  8.928004e+00
   endloop
 endfacet
 facet normal  1.736743e-05 -9.999765e-01  6.859319e-03
   outer loop
     vertex  4.500000e+00  1.249981e+01  8.975964e+00
     vertex  0.000000e+00  1.249996e+01  9.010289e+00
     vertex  0.000000e+00  1.249968e+01  8.969135e+00
   endloop
 endfacet
 facet normal -1.730784e-05 -9.995589e-01  2.969948e-02
   outer loop
     vertex  4.500000e+00  1.249981e+01  8.975964e+00
     vertex  0.000000e+00  1.249968e+01  8.969135e+00
     vertex  4.500000e+00  1.249859e+01  8.934945e+00
   endloop
 endfacet
 facet normal  1.712655e-05 -9.997883e-01 -2.057667e-02
   outer loop
     vertex  4.500000e+00  1.249990e+01  9.017002e+00
     vertex  0.000000e+00  1.249912e+01  9.051435e+00
     vertex  0.000000e+00  1.249996e+01  9.010289e+00
   endloop
 endfacet
 facet normal -1.706799e-05 -9.999973e-01  2.344871e-03
   outer loop
     vertex  4.500000e+00  1.249990e+01  9.017002e+00
     vertex  0.000000e+00  1.249996e+01  9.010289e+00
     vertex  4.500000e+00  1.249981e+01  8.975964e+00
   endloop
 endfacet
 facet normal  1.688361e-05 -9.988475e-01 -4.799716e-02
   outer loop
     vertex  4.500000e+00  1.249888e+01  9.058026e+00
     vertex  0.000000e+00  1.249714e+01  9.092543e+00
     vertex  0.000000e+00  1.249912e+01  9.051435e+00
   endloop
 endfacet
 facet normal -1.682608e-05 -9.996872e-01 -2.501150e-02
   outer loop
     vertex  4.500000e+00  1.249888e+01  9.058026e+00
     vertex  0.000000e+00  1.249912e+01  9.051435e+00
     vertex  4.500000e+00  1.249990e+01  9.017002e+00
   endloop
 endfacet
 facet normal  1.663862e-05 -9.971548e-01 -7.538152e-02
   outer loop
     vertex  4.500000e+00  1.249673e+01  9.099007e+00
     vertex  0.000000e+00  1.249404e+01  9.133581e+00
     vertex  0.000000e+00  1.249714e+01  9.092543e+00
   endloop
 endfacet
 facet normal -1.658212e-05 -9.986288e-01 -5.234914e-02
   outer loop
     vertex  4.500000e+00  1.249673e+01  9.099007e+00
     vertex  0.000000e+00  1.249714e+01  9.092543e+00
     vertex  4.500000e+00  1.249888e+01  9.058026e+00
   endloop
 endfacet
 facet normal  1.639158e-05 -9.947114e-01 -1.027091e-01
   outer loop
     vertex  4.500000e+00  1.249346e+01  9.139914e+00
     vertex  0.000000e+00  1.248981e+01  9.174518e+00
     vertex  0.000000e+00  1.249404e+01  9.133581e+00
   endloop
 endfacet
 facet normal -1.633610e-05 -9.968231e-01 -7.964761e-02
   outer loop
     vertex  4.500000e+00  1.249346e+01  9.139914e+00
     vertex  0.000000e+00  1.249404e+01  9.133581e+00
     vertex  4.500000e+00  1.249673e+01  9.099007e+00
   endloop
 endfacet
 facet normal  1.614248e-05 -9.915193e-01 -1.299594e-01
   outer loop
     vertex  4.500000e+00  1.248907e+01  9.180716e+00
     vertex  0.000000e+00  1.248446e+01  9.215324e+00
     vertex  0.000000e+00  1.248981e+01  9.174518e+00
   endloop
 endfacet
 facet normal -1.608803e-05 -9.942712e-01 -1.068865e-01
   outer loop
     vertex  4.500000e+00  1.248907e+01  9.180716e+00
     vertex  0.000000e+00  1.248981e+01  9.174518e+00
     vertex  4.500000e+00  1.249346e+01  9.139914e+00
   endloop
 endfacet
 facet normal  1.589132e-05 -9.875808e-01 -1.571119e-01
   outer loop
     vertex  4.500000e+00  1.248357e+01  9.221383e+00
     vertex  0.000000e+00  1.247800e+01  9.255968e+00
     vertex  0.000000e+00  1.248446e+01  9.215324e+00
   endloop
 endfacet
 facet normal -1.583790e-05 -9.909752e-01 -1.340453e-01
   outer loop
     vertex  4.500000e+00  1.248357e+01  9.221383e+00
     vertex  0.000000e+00  1.248446e+01  9.215324e+00
     vertex  4.500000e+00  1.248907e+01  9.180716e+00
   endloop
 endfacet
 facet normal  1.563811e-05 -9.828989e-01 -1.841461e-01
   outer loop
     vertex  4.500000e+00  1.247696e+01  9.261884e+00
     vertex  0.000000e+00  1.247042e+01  9.296419e+00
     vertex  0.000000e+00  1.247800e+01  9.255968e+00
   endloop
 endfacet
 facet normal -1.558572e-05 -9.869375e-01 -1.611038e-01
   outer loop
     vertex  4.500000e+00  1.247696e+01  9.261884e+00
     vertex  0.000000e+00  1.247800e+01  9.255968e+00
     vertex  4.500000e+00  1.248357e+01  9.221383e+00
   endloop
 endfacet
 facet normal  1.538285e-05 -9.774771e-01 -2.110417e-01
   outer loop
     vertex  4.500000e+00  1.246925e+01  9.302189e+00
     vertex  0.000000e+00  1.246173e+01  9.336647e+00
     vertex  0.000000e+00  1.247042e+01  9.296419e+00
   endloop
 endfacet
 facet normal -1.533148e-05 -9.821610e-01 -1.880418e-01
   outer loop
     vertex  4.500000e+00  1.246925e+01  9.302189e+00
     vertex  0.000000e+00  1.247042e+01  9.296419e+00
     vertex  4.500000e+00  1.247696e+01  9.261884e+00
   endloop
 endfacet
 facet normal  1.512553e-05 -9.713194e-01 -2.377784e-01
   outer loop
     vertex  4.500000e+00  1.246043e+01  9.342268e+00
     vertex  0.000000e+00  1.245195e+01  9.376621e+00
     vertex  0.000000e+00  1.246173e+01  9.336647e+00
   endloop
 endfacet
 facet normal -1.507519e-05 -9.766495e-01 -2.148390e-01
   outer loop
     vertex  4.500000e+00  1.246043e+01  9.342268e+00
     vertex  0.000000e+00  1.246173e+01  9.336647e+00
     vertex  4.500000e+00  1.246925e+01  9.302189e+00
   endloop
 endfacet
 facet normal  1.486616e-05 -9.644306e-01 -2.643362e-01
   outer loop
     vertex  4.500000e+00  1.245052e+01  9.382091e+00
     vertex  0.000000e+00  1.244107e+01  9.416312e+00
     vertex  0.000000e+00  1.245195e+01  9.376621e+00
   endloop
 endfacet
 facet normal -1.481685e-05 -9.704069e-01 -2.414754e-01
   outer loop
     vertex  4.500000e+00  1.245052e+01  9.382091e+00
     vertex  0.000000e+00  1.245195e+01  9.376621e+00
     vertex  4.500000e+00  1.246043e+01  9.342268e+00
   endloop
 endfacet
 facet normal  1.460473e-05 -9.568158e-01 -2.906949e-01
   outer loop
     vertex  4.500000e+00  1.243952e+01  9.421627e+00
     vertex  0.000000e+00  1.242911e+01  9.455690e+00
     vertex  0.000000e+00  1.244107e+01  9.416312e+00
   endloop
 endfacet
 facet normal -1.455645e-05 -9.634381e-01 -2.679310e-01
   outer loop
     vertex  4.500000e+00  1.243952e+01  9.421627e+00
     vertex  0.000000e+00  1.244107e+01  9.416312e+00
     vertex  4.500000e+00  1.245052e+01  9.382091e+00
   endloop
 endfacet
 facet normal  1.434125e-05 -9.484807e-01 -3.168348e-01
   outer loop
     vertex  4.500000e+00  1.242745e+01  9.460849e+00
     vertex  0.000000e+00  1.241607e+01  9.494725e+00
     vertex  0.000000e+00  1.242911e+01  9.455690e+00
   endloop
 endfacet
 facet normal -1.429399e-05 -9.557481e-01 -2.941862e-01
   outer loop
     vertex  4.500000e+00  1.242745e+01  9.460849e+00
     vertex  0.000000e+00  1.242911e+01  9.455690e+00
     vertex  4.500000e+00  1.243952e+01  9.421627e+00
   endloop
 endfacet
 facet normal  1.407571e-05 -9.394317e-01 -3.427362e-01
   outer loop
     vertex  4.500000e+00  1.241431e+01  9.499725e+00
     vertex  0.000000e+00  1.240196e+01  9.533387e+00
     vertex  0.000000e+00  1.241607e+01  9.494725e+00
   endloop
 endfacet
 facet normal -1.402948e-05 -9.473428e-01 -3.202211e-01
   outer loop
     vertex  4.500000e+00  1.241431e+01  9.499725e+00
     vertex  0.000000e+00  1.241607e+01  9.494725e+00
     vertex  4.500000e+00  1.242745e+01  9.460849e+00
   endloop
 endfacet
 facet normal  1.380812e-05 -9.296754e-01 -3.683796e-01
   outer loop
     vertex  4.500000e+00  1.240011e+01  9.538227e+00
     vertex  0.000000e+00  1.238680e+01  9.571648e+00
     vertex  0.000000e+00  1.240196e+01  9.533387e+00
   endloop
 endfacet
 facet normal -1.376292e-05 -9.382285e-01 -3.460163e-01
   outer loop
     vertex  4.500000e+00  1.240011e+01  9.538227e+00
     vertex  0.000000e+00  1.240196e+01  9.533387e+00
     vertex  4.500000e+00  1.241431e+01  9.499725e+00
   endloop
 endfacet
 facet normal -1.349430e-05 -9.284119e-01 -3.715526e-01
   outer loop
     vertex  4.500000e+00  1.238486e+01  9.576327e+00
     vertex  0.000000e+00  1.238680e+01  9.571648e+00
     vertex  4.500000e+00  1.240011e+01  9.538227e+00
   endloop
 endfacet
 facet normal  1.353847e-05 -9.192194e-01 -3.937458e-01
   outer loop
     vertex  4.500000e+00  1.238486e+01  9.576327e+00
     vertex  0.000000e+00  1.237060e+01  9.609478e+00
     vertex  0.000000e+00  1.238680e+01  9.571648e+00
   endloop
 endfacet
 facet normal -1.322362e-05 -9.179004e-01 -3.968108e-01
   outer loop
     vertex  4.500000e+00  1.236858e+01  9.613995e+00
     vertex  0.000000e+00  1.237060e+01  9.609478e+00
     vertex  4.500000e+00  1.238486e+01  9.576327e+00
   endloop
 endfacet
 facet normal  1.326677e-05 -9.080714e-01 -4.188155e-01
   outer loop
     vertex  4.500000e+00  1.236858e+01  9.613995e+00
     vertex  0.000000e+00  1.235336e+01  9.646850e+00
     vertex  0.000000e+00  1.237060e+01  9.609478e+00
   endloop
 endfacet
 facet normal -1.295090e-05 -9.067019e-01 -4.217720e-01
   outer loop
     vertex  4.500000e+00  1.235127e+01  9.651203e+00
     vertex  0.000000e+00  1.235336e+01  9.646850e+00
     vertex  4.500000e+00  1.236858e+01  9.613995e+00
   endloop
 endfacet
 facet normal  1.299302e-05 -8.962398e-01 -4.435699e-01
   outer loop
     vertex  4.500000e+00  1.235127e+01  9.651203e+00
     vertex  0.000000e+00  1.233511e+01  9.683735e+00
     vertex  0.000000e+00  1.235336e+01  9.646850e+00
   endloop
 endfacet
 facet normal -1.267611e-05 -8.948248e-01 -4.464175e-01
   outer loop
     vertex  4.500000e+00  1.233295e+01  9.687924e+00
     vertex  0.000000e+00  1.233511e+01  9.683735e+00
     vertex  4.500000e+00  1.235127e+01  9.651203e+00
   endloop
 endfacet
 facet normal  1.271721e-05 -8.837335e-01 -4.679904e-01
   outer loop
     vertex  4.500000e+00  1.233295e+01  9.687924e+00
     vertex  0.000000e+00  1.231585e+01  9.720105e+00
     vertex  0.000000e+00  1.233511e+01  9.683735e+00
   endloop
 endfacet
 facet normal -1.239928e-05 -8.822779e-01 -4.707289e-01
   outer loop
     vertex  4.500000e+00  1.231363e+01  9.724130e+00
     vertex  0.000000e+00  1.231585e+01  9.720105e+00
     vertex  4.500000e+00  1.233295e+01  9.687924e+00
   endloop
 endfacet
 facet normal  1.243934e-05 -8.705620e-01 -4.920587e-01
   outer loop
     vertex  4.500000e+00  1.231363e+01  9.724130e+00
     vertex  0.000000e+00  1.229559e+01  9.755933e+00
     vertex  0.000000e+00  1.231585e+01  9.720105e+00
   endloop
 endfacet
 facet normal -1.212038e-05 -8.690707e-01 -4.946879e-01
   outer loop
     vertex  4.500000e+00  1.229333e+01  9.759795e+00
     vertex  0.000000e+00  1.229559e+01  9.755933e+00
     vertex  4.500000e+00  1.231363e+01  9.724130e+00
   endloop
 endfacet
 facet normal  1.215942e-05 -8.567352e-01 -5.157565e-01
   outer loop
     vertex  4.500000e+00  1.229333e+01  9.759795e+00
     vertex  0.000000e+00  1.227437e+01  9.791191e+00
     vertex  0.000000e+00  1.229559e+01  9.755933e+00
   endloop
 endfacet
 facet normal -1.183944e-05 -8.552130e-01 -5.182767e-01
   outer loop
     vertex  4.500000e+00  1.227207e+01  9.794890e+00
     vertex  0.000000e+00  1.227437e+01  9.791191e+00
     vertex  4.500000e+00  1.229333e+01  9.759795e+00
   endloop
 endfacet
 facet normal  1.187745e-05 -8.422635e-01 -5.390661e-01
   outer loop
     vertex  4.500000e+00  1.227207e+01  9.794890e+00
     vertex  0.000000e+00  1.225218e+01  9.825855e+00
     vertex  0.000000e+00  1.227437e+01  9.791191e+00
   endloop
 endfacet
 facet normal -1.155644e-05 -8.407152e-01 -5.414776e-01
   outer loop
     vertex  4.500000e+00  1.224984e+01  9.829391e+00
     vertex  0.000000e+00  1.225218e+01  9.825855e+00
     vertex  4.500000e+00  1.227207e+01  9.794890e+00
   endloop
 endfacet
 facet normal  1.159342e-05 -8.271577e-01 -5.619699e-01
   outer loop
     vertex  4.500000e+00  1.224984e+01  9.829391e+00
     vertex  0.000000e+00  1.222906e+01  9.859896e+00
     vertex  0.000000e+00  1.225218e+01  9.825855e+00
   endloop
 endfacet
 facet normal -1.127138e-05 -8.255881e-01 -5.642732e-01
   outer loop
     vertex  4.500000e+00  1.222669e+01  9.863270e+00
     vertex  0.000000e+00  1.222906e+01  9.859896e+00
     vertex  4.500000e+00  1.224984e+01  9.829391e+00
   endloop
 endfacet
 facet normal  1.130733e-05 -8.114292e-01 -5.844507e-01
   outer loop
     vertex  4.500000e+00  1.222669e+01  9.863270e+00
     vertex  0.000000e+00  1.220500e+01  9.893291e+00
     vertex  0.000000e+00  1.222906e+01  9.859896e+00
   endloop
 endfacet
 facet normal -1.098427e-05 -8.098432e-01 -5.866464e-01
   outer loop
     vertex  4.500000e+00  1.220261e+01  9.896504e+00
     vertex  0.000000e+00  1.220500e+01  9.893291e+00
     vertex  4.500000e+00  1.222669e+01  9.863270e+00
   endloop
 endfacet
 facet normal  1.101920e-05 -7.950900e-01 -6.064915e-01
   outer loop
     vertex  4.500000e+00  1.220261e+01  9.896504e+00
     vertex  0.000000e+00  1.218004e+01  9.926013e+00
     vertex  0.000000e+00  1.220500e+01  9.893291e+00
   endloop
 endfacet
 facet normal -1.069510e-05 -7.934920e-01 -6.085806e-01
   outer loop
     vertex  4.500000e+00  1.217764e+01  9.929067e+00
     vertex  0.000000e+00  1.218004e+01  9.926013e+00
     vertex  4.500000e+00  1.220261e+01  9.896504e+00
   endloop
 endfacet
 facet normal  1.072900e-05 -7.781522e-01 -6.280757e-01
   outer loop
     vertex  4.500000e+00  1.217764e+01  9.929067e+00
     vertex  0.000000e+00  1.215419e+01  9.958037e+00
     vertex  0.000000e+00  1.218004e+01  9.926013e+00
   endloop
 endfacet
 facet normal -1.040388e-05 -7.765470e-01 -6.300593e-01
   outer loop
     vertex  4.500000e+00  1.215178e+01  9.960934e+00
     vertex  0.000000e+00  1.215419e+01  9.958037e+00
     vertex  4.500000e+00  1.217764e+01  9.929067e+00
   endloop
 endfacet
 facet normal  1.043676e-05 -7.606287e-01 -6.491872e-01
   outer loop
     vertex  4.500000e+00  1.215178e+01  9.960934e+00
     vertex  0.000000e+00  1.212748e+01  9.989341e+00
     vertex  0.000000e+00  1.215419e+01  9.958037e+00
   endloop
 endfacet
 facet normal -1.011061e-05 -7.590208e-01 -6.510664e-01
   outer loop
     vertex  4.500000e+00  1.212507e+01  9.992082e+00
     vertex  0.000000e+00  1.212748e+01  9.989341e+00
     vertex  4.500000e+00  1.215178e+01  9.960934e+00
   endloop
 endfacet
 facet normal  1.014245e-05 -7.425325e-01 -6.698100e-01
   outer loop
     vertex  4.500000e+00  1.212507e+01  9.992082e+00
     vertex  0.000000e+00  1.209991e+01  1.001990e+01
     vertex  0.000000e+00  1.212748e+01  9.989341e+00
   endloop
 endfacet
 facet normal -9.815278e-06 -7.409265e-01 -6.715862e-01
   outer loop
     vertex  4.500000e+00  1.209751e+01  1.002249e+01
     vertex  0.000000e+00  1.209991e+01  1.001990e+01
     vertex  4.500000e+00  1.212507e+01  9.992082e+00
   endloop
 endfacet
 facet normal  9.846097e-06 -7.238775e-01 -6.899286e-01
   outer loop
     vertex  4.500000e+00  1.209751e+01  1.002249e+01
     vertex  0.000000e+00  1.207152e+01  1.004969e+01
     vertex  0.000000e+00  1.209991e+01  1.001990e+01
   endloop
 endfacet
 facet normal -9.517894e-06 -7.222776e-01 -6.916033e-01
   outer loop
     vertex  4.500000e+00  1.206912e+01  1.005213e+01
     vertex  0.000000e+00  1.207152e+01  1.004969e+01
     vertex  4.500000e+00  1.209751e+01  1.002249e+01
   endloop
 endfacet
 facet normal  9.547686e-06 -7.046775e-01 -7.095278e-01
   outer loop
     vertex  4.500000e+00  1.206912e+01  1.005213e+01
     vertex  0.000000e+00  1.204232e+01  1.007869e+01
     vertex  0.000000e+00  1.207152e+01  1.004969e+01
   endloop
 endfacet
 facet normal -9.218456e-06 -7.030881e-01 -7.111028e-01
   outer loop
     vertex  4.500000e+00  1.203994e+01  1.008098e+01
     vertex  0.000000e+00  1.204232e+01  1.007869e+01
     vertex  4.500000e+00  1.206912e+01  1.005213e+01
   endloop
 endfacet
 facet normal  9.247220e-06 -6.849470e-01 -7.285929e-01
   outer loop
     vertex  4.500000e+00  1.203994e+01  1.008098e+01
     vertex  0.000000e+00  1.201233e+01  1.010688e+01
     vertex  0.000000e+00  1.204232e+01  1.007869e+01
   endloop
 endfacet
 facet normal -8.916962e-06 -6.833723e-01 -7.300700e-01
   outer loop
     vertex  4.500000e+00  1.200998e+01  1.010902e+01
     vertex  0.000000e+00  1.201233e+01  1.010688e+01
     vertex  4.500000e+00  1.203994e+01  1.008098e+01
   endloop
 endfacet
 facet normal  8.944699e-06 -6.647010e-01 -7.471095e-01
   outer loop
     vertex  4.500000e+00  1.200998e+01  1.010902e+01
     vertex  0.000000e+00  1.198158e+01  1.013424e+01
     vertex  0.000000e+00  1.201233e+01  1.010688e+01
   endloop
 endfacet
 facet normal  8.640124e-06 -6.439545e-01 -7.650637e-01
   outer loop
     vertex  4.500000e+00  1.197927e+01  1.013624e+01
     vertex  0.000000e+00  1.195010e+01  1.016074e+01
     vertex  0.000000e+00  1.198158e+01  1.013424e+01
   endloop
 endfacet
 facet normal -8.613414e-06 -6.631451e-01 -7.484909e-01
   outer loop
     vertex  4.500000e+00  1.197927e+01  1.013624e+01
     vertex  0.000000e+00  1.198158e+01  1.013424e+01
     vertex  4.500000e+00  1.200998e+01  1.010902e+01
   endloop
 endfacet
 facet normal  8.333494e-06 -6.227234e-01 -7.824421e-01
   outer loop
     vertex  4.500000e+00  1.194782e+01  1.016260e+01
     vertex  0.000000e+00  1.191790e+01  1.018637e+01
     vertex  0.000000e+00  1.195010e+01  1.016074e+01
   endloop
 endfacet
 facet normal -8.307812e-06 -6.424215e-01 -7.663515e-01
   outer loop
     vertex  4.500000e+00  1.194782e+01  1.016260e+01
     vertex  0.000000e+00  1.195010e+01  1.016074e+01
     vertex  4.500000e+00  1.197927e+01  1.013624e+01
   endloop
 endfacet
 facet normal  8.024810e-06 -6.010234e-01 -7.992314e-01
   outer loop
     vertex  4.500000e+00  1.191566e+01  1.018809e+01
     vertex  0.000000e+00  1.188500e+01  1.021110e+01
     vertex  0.000000e+00  1.191790e+01  1.018637e+01
   endloop
 endfacet
 facet normal -8.000155e-06 -6.212171e-01 -7.836385e-01
   outer loop
     vertex  4.500000e+00  1.191566e+01  1.018809e+01
     vertex  0.000000e+00  1.191790e+01  1.018637e+01
     vertex  4.500000e+00  1.194782e+01  1.016260e+01
   endloop
 endfacet
 facet normal  7.714071e-06 -5.788711e-01 -8.154191e-01
   outer loop
     vertex  4.500000e+00  1.188282e+01  1.021270e+01
     vertex  0.000000e+00  1.185145e+01  1.023493e+01
     vertex  0.000000e+00  1.188500e+01  1.021110e+01
   endloop
 endfacet
 facet normal -7.690443e-06 -5.995478e-01 -8.003390e-01
   outer loop
     vertex  4.500000e+00  1.188282e+01  1.021270e+01
     vertex  0.000000e+00  1.188500e+01  1.021110e+01
     vertex  4.500000e+00  1.191566e+01  1.018809e+01
   endloop
 endfacet
 facet normal  7.401277e-06 -5.562829e-01 -8.309929e-01
   outer loop
     vertex  4.500000e+00  1.184931e+01  1.023639e+01
     vertex  0.000000e+00  1.181725e+01  1.025782e+01
     vertex  0.000000e+00  1.185145e+01  1.023493e+01
   endloop
 endfacet
 facet normal -7.378676e-06 -5.774297e-01 -8.164404e-01
   outer loop
     vertex  4.500000e+00  1.184931e+01  1.023639e+01
     vertex  0.000000e+00  1.185145e+01  1.023493e+01
     vertex  4.500000e+00  1.188282e+01  1.021270e+01
   endloop
 endfacet
 facet normal  7.086429e-06 -5.332761e-01 -8.459413e-01
   outer loop
     vertex  4.500000e+00  1.181517e+01  1.025916e+01
     vertex  0.000000e+00  1.178243e+01  1.027977e+01
     vertex  0.000000e+00  1.181725e+01  1.025782e+01
   endloop
 endfacet
 facet normal -7.064855e-06 -5.548794e-01 -8.319308e-01
   outer loop
     vertex  4.500000e+00  1.181517e+01  1.025916e+01
     vertex  0.000000e+00  1.181725e+01  1.025782e+01
     vertex  4.500000e+00  1.184931e+01  1.023639e+01
   endloop
 endfacet
 facet normal  6.769526e-06 -5.098678e-01 -8.602528e-01
   outer loop
     vertex  4.500000e+00  1.178042e+01  1.028099e+01
     vertex  0.000000e+00  1.174703e+01  1.030075e+01
     vertex  0.000000e+00  1.178243e+01  1.027977e+01
   endloop
 endfacet
 facet normal -6.748980e-06 -5.319138e-01 -8.467985e-01
   outer loop
     vertex  4.500000e+00  1.178042e+01  1.028099e+01
     vertex  0.000000e+00  1.178243e+01  1.027977e+01
     vertex  4.500000e+00  1.181517e+01  1.025916e+01
   endloop
 endfacet
 facet normal  6.450568e-06 -4.860756e-01 -8.739167e-01
   outer loop
     vertex  4.500000e+00  1.174509e+01  1.030186e+01
     vertex  0.000000e+00  1.171106e+01  1.032075e+01
     vertex  0.000000e+00  1.174703e+01  1.030075e+01
   endloop
 endfacet
 facet normal -6.431049e-06 -5.085501e-01 -8.610324e-01
   outer loop
     vertex  4.500000e+00  1.174509e+01  1.030186e+01
     vertex  0.000000e+00  1.174703e+01  1.030075e+01
     vertex  4.500000e+00  1.178042e+01  1.028099e+01
   endloop
 endfacet
 facet normal -6.111064e-06 -4.848058e-01 -8.746218e-01
   outer loop
     vertex  4.500000e+00  1.170919e+01  1.032176e+01
     vertex  0.000000e+00  1.171106e+01  1.032075e+01
     vertex  4.500000e+00  1.174509e+01  1.030186e+01
   endloop
 endfacet
 facet normal  6.129556e-06 -4.619176e-01 -8.869228e-01
   outer loop
     vertex  4.500000e+00  1.170919e+01  1.032176e+01
     vertex  0.000000e+00  1.167456e+01  1.033976e+01
     vertex  0.000000e+00  1.171106e+01  1.032075e+01
   endloop
 endfacet
 facet normal -5.789025e-06 -4.606986e-01 -8.875567e-01
   outer loop
     vertex  4.500000e+00  1.167277e+01  1.034066e+01
     vertex  0.000000e+00  1.167456e+01  1.033976e+01
     vertex  4.500000e+00  1.170919e+01  1.032176e+01
   endloop
 endfacet
 facet normal  5.806489e-06 -4.374119e-01 -8.992613e-01
   outer loop
     vertex  4.500000e+00  1.167277e+01  1.034066e+01
     vertex  0.000000e+00  1.163755e+01  1.035777e+01
     vertex  0.000000e+00  1.167456e+01  1.033976e+01
   endloop
 endfacet
 facet normal -5.464931e-06 -4.362465e-01 -8.998272e-01
   outer loop
     vertex  4.500000e+00  1.163585e+01  1.035857e+01
     vertex  0.000000e+00  1.163755e+01  1.035777e+01
     vertex  4.500000e+00  1.167277e+01  1.034066e+01
   endloop
 endfacet
 facet normal  5.481368e-06 -4.125769e-01 -9.109228e-01
   outer loop
     vertex  4.500000e+00  1.163585e+01  1.035857e+01
     vertex  0.000000e+00  1.160006e+01  1.037475e+01
     vertex  0.000000e+00  1.163755e+01  1.035777e+01
   endloop
 endfacet
 facet normal -5.138782e-06 -4.114680e-01 -9.114242e-01
   outer loop
     vertex  4.500000e+00  1.159844e+01  1.037545e+01
     vertex  0.000000e+00  1.160006e+01  1.037475e+01
     vertex  4.500000e+00  1.163585e+01  1.035857e+01
   endloop
 endfacet
 facet normal  5.154192e-06 -3.874313e-01 -9.218986e-01
   outer loop
     vertex  4.500000e+00  1.159844e+01  1.037545e+01
     vertex  0.000000e+00  1.156212e+01  1.039069e+01
     vertex  0.000000e+00  1.160006e+01  1.037475e+01
   endloop
 endfacet
 facet normal -4.810579e-06 -3.863815e-01 -9.223391e-01
   outer loop
     vertex  4.500000e+00  1.156059e+01  1.039131e+01
     vertex  0.000000e+00  1.156212e+01  1.039069e+01
     vertex  4.500000e+00  1.159844e+01  1.037545e+01
   endloop
 endfacet
 facet normal  4.824961e-06 -3.619940e-01 -9.321804e-01
   outer loop
     vertex  4.500000e+00  1.156059e+01  1.039131e+01
     vertex  0.000000e+00  1.152376e+01  1.040559e+01
     vertex  0.000000e+00  1.156212e+01  1.039069e+01
   endloop
 endfacet
 facet normal -4.480321e-06 -3.610058e-01 -9.325636e-01
   outer loop
     vertex  4.500000e+00  1.152232e+01  1.040612e+01
     vertex  0.000000e+00  1.152376e+01  1.040559e+01
     vertex  4.500000e+00  1.156059e+01  1.039131e+01
   endloop
 endfacet
 facet normal  4.493676e-06 -3.362843e-01 -9.417605e-01
   outer loop
     vertex  4.500000e+00  1.152232e+01  1.040612e+01
     vertex  0.000000e+00  1.148500e+01  1.041943e+01
     vertex  0.000000e+00  1.152376e+01  1.040559e+01
   endloop
 endfacet
 facet normal -4.148008e-06 -3.353599e-01 -9.420901e-01
   outer loop
     vertex  4.500000e+00  1.148366e+01  1.041988e+01
     vertex  0.000000e+00  1.148500e+01  1.041943e+01
     vertex  4.500000e+00  1.152232e+01  1.040612e+01
   endloop
 endfacet
 facet normal  4.160336e-06 -3.103214e-01 -9.506317e-01
   outer loop
     vertex  4.500000e+00  1.148366e+01  1.041988e+01
     vertex  0.000000e+00  1.144588e+01  1.043220e+01
     vertex  0.000000e+00  1.148500e+01  1.041943e+01
   endloop
 endfacet
 facet normal -3.813641e-06 -3.094630e-01 -9.509115e-01
   outer loop
     vertex  4.500000e+00  1.144464e+01  1.043258e+01
     vertex  0.000000e+00  1.144588e+01  1.043220e+01
     vertex  4.500000e+00  1.148366e+01  1.041988e+01
   endloop
 endfacet
 facet normal  3.824941e-06 -2.841250e-01 -9.587873e-01
   outer loop
     vertex  4.500000e+00  1.144464e+01  1.043258e+01
     vertex  0.000000e+00  1.140642e+01  1.044389e+01
     vertex  0.000000e+00  1.144588e+01  1.043220e+01
   endloop
 endfacet
 facet normal -3.477220e-06 -2.833344e-01 -9.590212e-01
   outer loop
     vertex  4.500000e+00  1.140528e+01  1.044421e+01
     vertex  0.000000e+00  1.140642e+01  1.044389e+01
     vertex  4.500000e+00  1.144464e+01  1.043258e+01
   endloop
 endfacet
 facet normal  3.487492e-06 -2.577146e-01 -9.662211e-01
   outer loop
     vertex  4.500000e+00  1.140528e+01  1.044421e+01
     vertex  0.000000e+00  1.136665e+01  1.045450e+01
     vertex  0.000000e+00  1.140642e+01  1.044389e+01
   endloop
 endfacet
 facet normal -3.138743e-06 -2.569939e-01 -9.664130e-01
   outer loop
     vertex  4.500000e+00  1.136563e+01  1.045476e+01
     vertex  0.000000e+00  1.136665e+01  1.045450e+01
     vertex  4.500000e+00  1.140528e+01  1.044421e+01
   endloop
 endfacet
 facet normal  3.147989e-06 -2.311102e-01 -9.729276e-01
   outer loop
     vertex  4.500000e+00  1.136563e+01  1.045476e+01
     vertex  0.000000e+00  1.132661e+01  1.046401e+01
     vertex  0.000000e+00  1.136665e+01  1.045450e+01
   endloop
 endfacet
 facet normal -2.798212e-06 -2.304609e-01 -9.730816e-01
   outer loop
     vertex  4.500000e+00  1.132569e+01  1.046421e+01
     vertex  0.000000e+00  1.132661e+01  1.046401e+01
     vertex  4.500000e+00  1.136563e+01  1.045476e+01
   endloop
 endfacet
 facet normal  2.806431e-06 -2.043319e-01 -9.789017e-01
   outer loop
     vertex  4.500000e+00  1.132569e+01  1.046421e+01
     vertex  0.000000e+00  1.128633e+01  1.047242e+01
     vertex  0.000000e+00  1.132661e+01  1.046401e+01
   endloop
 endfacet
 facet normal -2.455627e-06 -2.037555e-01 -9.790218e-01
   outer loop
     vertex  4.500000e+00  1.128552e+01  1.047258e+01
     vertex  0.000000e+00  1.128633e+01  1.047242e+01
     vertex  4.500000e+00  1.132569e+01  1.046421e+01
   endloop
 endfacet
 facet normal  2.462818e-06 -1.773998e-01 -9.841389e-01
   outer loop
     vertex  4.500000e+00  1.128552e+01  1.047258e+01
     vertex  0.000000e+00  1.124582e+01  1.047972e+01
     vertex  0.000000e+00  1.128633e+01  1.047242e+01
   endloop
 endfacet
 facet normal -2.110987e-06 -1.768975e-01 -9.842293e-01
   outer loop
     vertex  4.500000e+00  1.124513e+01  1.047984e+01
     vertex  0.000000e+00  1.124582e+01  1.047972e+01
     vertex  4.500000e+00  1.128552e+01  1.047258e+01
   endloop
 endfacet
 facet normal  2.117150e-06 -1.503341e-01 -9.886353e-01
   outer loop
     vertex  4.500000e+00  1.124513e+01  1.047984e+01
     vertex  0.000000e+00  1.120514e+01  1.048591e+01
     vertex  0.000000e+00  1.124582e+01  1.047972e+01
   endloop
 endfacet
 facet normal -1.764292e-06 -1.499072e-01 -9.887001e-01
   outer loop
     vertex  4.500000e+00  1.120455e+01  1.048599e+01
     vertex  0.000000e+00  1.120514e+01  1.048591e+01
     vertex  4.500000e+00  1.124513e+01  1.047984e+01
   endloop
 endfacet
 facet normal  1.769429e-06 -1.231552e-01 -9.923874e-01
   outer loop
     vertex  4.500000e+00  1.120455e+01  1.048599e+01
     vertex  0.000000e+00  1.116429e+01  1.049098e+01
     vertex  0.000000e+00  1.120514e+01  1.048591e+01
   endloop
 endfacet
 facet normal -1.415543e-06 -1.228046e-01 -9.924309e-01
   outer loop
     vertex  4.500000e+00  1.116383e+01  1.049103e+01
     vertex  0.000000e+00  1.116429e+01  1.049098e+01
     vertex  4.500000e+00  1.120455e+01  1.048599e+01
   endloop
 endfacet
 facet normal  1.419652e-06 -9.588368e-02 -9.953925e-01
   outer loop
     vertex  4.500000e+00  1.116383e+01  1.049103e+01
     vertex  0.000000e+00  1.112333e+01  1.049492e+01
     vertex  0.000000e+00  1.116429e+01  1.049098e+01
   endloop
 endfacet
 facet normal -1.064739e-06 -9.561015e-02 -9.954189e-01
   outer loop
     vertex  4.500000e+00  1.112298e+01  1.049495e+01
     vertex  0.000000e+00  1.112333e+01  1.049492e+01
     vertex  4.500000e+00  1.116383e+01  1.049103e+01
   endloop
 endfacet
 facet normal  1.067821e-06 -6.853995e-02 -9.976484e-01
   outer loop
     vertex  4.500000e+00  1.112298e+01  1.049495e+01
     vertex  0.000000e+00  1.108227e+01  1.049774e+01
     vertex  0.000000e+00  1.112333e+01  1.049492e+01
   endloop
 endfacet
 facet normal -7.118806e-07 -6.834413e-02 -9.976618e-01
   outer loop
     vertex  4.500000e+00  1.108204e+01  1.049776e+01
     vertex  0.000000e+00  1.108227e+01  1.049774e+01
     vertex  4.500000e+00  1.112298e+01  1.049495e+01
   endloop
 endfacet
 facet normal  7.139351e-07 -4.114462e-02 -9.991532e-01
   outer loop
     vertex  4.500000e+00  1.108204e+01  1.049776e+01
     vertex  0.000000e+00  1.104115e+01  1.049944e+01
     vertex  0.000000e+00  1.108227e+01  1.049774e+01
   endloop
 endfacet
 facet normal -3.569676e-07 -4.102695e-02 -9.991580e-01
   outer loop
     vertex  4.500000e+00  1.104103e+01  1.049944e+01
     vertex  0.000000e+00  1.104115e+01  1.049944e+01
     vertex  4.500000e+00  1.108204e+01  1.049776e+01
   endloop
 endfacet
 facet normal  3.579949e-07 -1.371831e-02 -9.999059e-01
   outer loop
     vertex  4.500000e+00  1.104103e+01  1.049944e+01
     vertex  0.000000e+00  1.100000e+01  1.050000e+01
     vertex  0.000000e+00  1.104115e+01  1.049944e+01
   endloop
 endfacet
 facet normal -0.000000e+00 -1.367906e-02 -9.999064e-01
   outer loop
     vertex  4.500000e+00  1.100000e+01  1.050000e+01
     vertex  0.000000e+00  1.100000e+01  1.050000e+01
     vertex  4.500000e+00  1.104103e+01  1.049944e+01
   endloop
 endfacet
 facet normal  1.000000e+00 -0.000000e+00  0.000000e+00
   outer loop
     vertex  7.600000e+01  1.204232e+01  7.921308e+00
     vertex  7.600000e+01  2.200000e+01  0.000000e+00
     vertex  7.600000e+01  1.207152e+01  7.950309e+00
   endloop
 endfacet
 facet normal  1.000000e+00  0.000000e+00  0.000000e+00
   outer loop
     vertex  7.600000e+01  1.209991e+01  7.980100e+00
     vertex  7.600000e+01  1.207152e+01  7.950309e+00
     vertex  7.600000e+01  2.200000e+01  0.000000e+00
   endloop
 endfacet
 facet normal  1.000000e+00 -0.000000e+00  0.000000e+00
   outer loop
     vertex  7.600000e+01  1.201233e+01  7.893119e+00
     vertex  7.600000e+01  2.200000e+01  0.000000e+00
     vertex  7.600000e+01  1.204232e+01  7.921308e+00
   endloop
 endfacet
 facet normal  1.000000e+00  0.000000e+00  0.000000e+00
   outer loop
     vertex  7.600000e+01  1.212748e+01  8.010659e+00
     vertex  7.600000e+01  1.209991e+01  7.980100e+00
     vertex  7.600000e+01  2.200000e+01  0.000000e+00
   endloop
 endfacet
 facet normal  1.000000e+00 -0.000000e+00  0.000000e+00
   outer loop
     vertex  7.600000e+01  1.198158e+01  7.865763e+00
     vertex  7.600000e+01  2.200000e+01  0.000000e+00
     vertex  7.600000e+01  1.201233e+01  7.893119e+00
   endloop
 endfacet
 facet normal  1.000000e+00  0.000000e+00  0.000000e+00
   outer loop
     vertex  7.600000e+01  1.215419e+01  8.041963e+00
     vertex  7.600000e+01  1.212748e+01  8.010659e+00
     vertex  7.600000e+01  2.200000e+01  0.000000e+00
   endloop
 endfacet
 facet normal  1.000000e+00 -0.000000e+00  0.000000e+00
   outer loop
     vertex  7.600000e+01  1.195010e+01  7.839261e+00
     vertex  7.600000e+01  2.200000e+01  0.000000e+00
     vertex  7.600000e+01  1.198158e+01  7.865763e+00
   endloop
 endfacet
 facet normal  1.000000e+00  0.000000e+00  0.000000e+00
   outer loop
     vertex  7.600000e+01  1.218004e+01  8.073987e+00
     vertex  7.600000e+01  1.215419e+01  8.041963e+00
     vertex  7.600000e+01  2.200000e+01  0.000000e+00
   endloop
 endfacet
 facet normal  1.000000e+00 -0.000000e+00  0.000000e+00
   outer loop
     vertex  7.600000e+01  1.191790e+01  7.813633e+00
     vertex  7.600000e+01  2.200000e+01  0.000000e+00
     vertex  7.600000e+01  1.195010e+01  7.839261e+00
   endloop
 endfacet
 facet normal  1.000000e+00  0.000000e+00  0.000000e+00
   outer loop
     vertex  7.600000e+01  1.220500e+01  8.106709e+00
     vertex  7.600000e+01  1.218004e+01  8.073987e+00
     vertex  7.600000e+01  2.200000e+01  0.000000e+00
   endloop
 endfacet
 facet normal  1.000000e+00 -0.000000e+00  0.000000e+00
   outer loop
     vertex  7.600000e+01  1.188500e+01  7.788898e+00
     vertex  7.600000e+01  2.200000e+01  0.000000e+00
     vertex  7.600000e+01  1.191790e+01  7.813633e+00
   endloop
 endfacet
 facet normal  1.000000e+00  0.000000e+00  0.000000e+00
   outer loop
     vertex  7.600000e+01  1.222906e+01  8.140104e+00
     vertex  7.600000e+01  1.220500e+01  8.106709e+00
     vertex  7.600000e+01  2.200000e+01  0.000000e+00
   endloop
 endfacet
 facet normal  1.000000e+00 -0.000000e+00  0.000000e+00
   outer loop
     vertex  7.600000e+01  1.185145e+01  7.765075e+00
     vertex  7.600000e+01  2.200000e+01  0.000000e+00
     vertex  7.600000e+01  1.188500e+01  7.788898e+00
   endloop
 endfacet
 facet normal  1.000000e+00  0.000000e+00  0.000000e+00
   outer loop
     vertex  7.600000e+01  1.225218e+01  8.174145e+00
     vertex  7.600000e+01  1.222906e+01  8.140104e+00
     vertex  7.600000e+01  2.200000e+01  0.000000e+00
   endloop
 endfacet
 facet normal  1.000000e+00 -0.000000e+00  0.000000e+00
   outer loop
     vertex  7.600000e+01  1.181725e+01  7.742181e+00
     vertex  7.600000e+01  2.200000e+01  0.000000e+00
     vertex  7.600000e+01  1.185145e+01  7.765075e+00
   endloop
 endfacet
 facet normal  1.000000e+00  0.000000e+00  0.000000e+00
   outer loop
     vertex  7.600000e+01  1.227437e+01  8.208809e+00
     vertex  7.600000e+01  1.225218e+01  8.174145e+00
     vertex  7.600000e+01  2.200000e+01  0.000000e+00
   endloop
 endfacet
 facet normal  1.000000e+00 -0.000000e+00  0.000000e+00
   outer loop
     vertex  7.600000e+01  1.178243e+01  7.720234e+00
     vertex  7.600000e+01  2.200000e+01  0.000000e+00
     vertex  7.600000e+01  1.181725e+01  7.742181e+00
   endloop
 endfacet
 facet normal  1.000000e+00  0.000000e+00  0.000000e+00
   outer loop
     vertex  7.600000e+01  1.229559e+01  8.244067e+00
     vertex  7.600000e+01  1.227437e+01  8.208809e+00
     vertex  7.600000e+01  2.200000e+01  0.000000e+00
   endloop
 endfacet
 facet normal  1.000000e+00 -0.000000e+00  0.000000e+00
   outer loop
     vertex  7.600000e+01  1.174703e+01  7.699250e+00
     vertex  7.600000e+01  2.200000e+01  0.000000e+00
     vertex  7.600000e+01  1.178243e+01  7.720234e+00
   endloop
 endfacet
 facet normal  1.000000e+00  0.000000e+00  0.000000e+00
   outer loop
     vertex  7.600000e+01  1.231585e+01  8.279895e+00
     vertex  7.600000e+01  1.229559e+01  8.244067e+00
     vertex  7.600000e+01  2.200000e+01  0.000000e+00
   endloop
 endfacet
 facet normal  1.000000e+00 -0.000000e+00  0.000000e+00
   outer loop
     vertex  7.600000e+01  1.171106e+01  7.679246e+00
     vertex  7.600000e+01  2.200000e+01  0.000000e+00
     vertex  7.600000e+01  1.174703e+01  7.699250e+00
   endloop
 endfacet
 facet normal  1.000000e+00  0.000000e+00  0.000000e+00
   outer loop
     vertex  7.600000e+01  1.233511e+01  8.316265e+00
     vertex  7.600000e+01  1.231585e+01  8.279895e+00
     vertex  7.600000e+01  2.200000e+01  0.000000e+00
   endloop
 endfacet
 facet normal  1.000000e+00 -0.000000e+00  0.000000e+00
   outer loop
     vertex  7.600000e+01  1.167456e+01  7.660236e+00
     vertex  7.600000e+01  2.200000e+01  0.000000e+00
     vertex  7.600000e+01  1.171106e+01  7.679246e+00
   endloop
 endfacet
 facet normal  1.000000e+00  0.000000e+00  0.000000e+00
   outer loop
     vertex  7.600000e+01  1.235336e+01  8.353150e+00
     vertex  7.600000e+01  1.233511e+01  8.316265e+00
     vertex  7.600000e+01  2.200000e+01  0.000000e+00
   endloop
 endfacet
 facet normal  1.000000e+00 -0.000000e+00  0.000000e+00
   outer loop
     vertex  7.600000e+01  1.163755e+01  7.642234e+00
     vertex  7.600000e+01  2.200000e+01  0.000000e+00
     vertex  7.600000e+01  1.167456e+01  7.660236e+00
   endloop
 endfacet
 facet normal  1.000000e+00  0.000000e+00  0.000000e+00
   outer loop
     vertex  7.600000e+01  1.237060e+01  8.390522e+00
     vertex  7.600000e+01  1.235336e+01  8.353150e+00
     vertex  7.600000e+01  2.200000e+01  0.000000e+00
   endloop
 endfacet
 facet normal  1.000000e+00 -0.000000e+00  0.000000e+00
   outer loop
     vertex  7.600000e+01  1.160006e+01  7.625255e+00
     vertex  7.600000e+01  2.200000e+01  0.000000e+00
     vertex  7.600000e+01  1.163755e+01  7.642234e+00
   endloop
 endfacet
 facet normal  1.000000e+00  0.000000e+00  0.000000e+00
   outer loop
     vertex  7.600000e+01  1.238680e+01  8.428352e+00
     vertex  7.600000e+01  1.237060e+01  8.390522e+00
     vertex  7.600000e+01  2.200000e+01  0.000000e+00
   endloop
 endfacet
 facet normal  1.000000e+00 -0.000000e+00  0.000000e+00
   outer loop
     vertex  7.600000e+01  1.156212e+01  7.609310e+00
     vertex  7.600000e+01  2.200000e+01  0.000000e+00
     vertex  7.600000e+01  1.160006e+01  7.625255e+00
   endloop
 endfacet
 facet normal  1.000000e+00  0.000000e+00  0.000000e+00
   outer loop
     vertex  7.600000e+01  1.240196e+01  8.466613e+00
     vertex  7.600000e+01  1.238680e+01  8.428352e+00
     vertex  7.600000e+01  2.200000e+01  0.000000e+00
   endloop
 endfacet
 facet normal  1.000000e+00 -0.000000e+00  0.000000e+00
   outer loop
     vertex  7.600000e+01  1.152376e+01  7.594412e+00
     vertex  7.600000e+01  2.200000e+01  0.000000e+00
     vertex  7.600000e+01  1.156212e+01  7.609310e+00
   endloop
 endfacet
 facet normal  1.000000e+00  0.000000e+00  0.000000e+00
   outer loop
     vertex  7.600000e+01  1.241607e+01  8.505275e+00
     vertex  7.600000e+01  1.240196e+01  8.466613e+00
     vertex  7.600000e+01  2.200000e+01  0.000000e+00
   endloop
 endfacet
 facet normal  1.000000e+00 -0.000000e+00  0.000000e+00
   outer loop
     vertex  7.600000e+01  1.148500e+01  7.580572e+00
     vertex  7.600000e+01  2.200000e+01  0.000000e+00
     vertex  7.600000e+01  1.152376e+01  7.594412e+00
   endloop
 endfacet
 facet normal  1.000000e+00  0.000000e+00  0.000000e+00
   outer loop
     vertex  7.600000e+01  1.242911e+01  8.544310e+00
     vertex  7.600000e+01  1.241607e+01  8.505275e+00
     vertex  7.600000e+01  2.200000e+01  0.000000e+00
   endloop
 endfacet
 facet normal  1.000000e+00 -0.000000e+00  0.000000e+00
   outer loop
     vertex  7.600000e+01  1.144588e+01  7.567801e+00
     vertex  7.600000e+01  2.200000e+01  0.000000e+00
     vertex  7.600000e+01  1.148500e+01  7.580572e+00
   endloop
 endfacet
 facet normal  1.000000e+00  0.000000e+00  0.000000e+00
   outer loop
     vertex  7.600000e+01  1.244107e+01  8.583688e+00
     vertex  7.600000e+01  1.242911e+01  8.544310e+00
     vertex  7.600000e+01  2.200000e+01  0.000000e+00
   endloop
 endfacet
 facet normal  1.000000e+00 -0.000000e+00  0.000000e+00
   outer loop
     vertex  7.600000e+01  1.140642e+01  7.556108e+00
     vertex  7.600000e+01  2.200000e+01  0.000000e+00
     vertex  7.600000e+01  1.144588e+01  7.567801e+00
   endloop
 endfacet
 facet normal  1.000000e+00  0.000000e+00  0.000000e+00
   outer loop
     vertex  7.600000e+01  1.245195e+01  8.623379e+00
     vertex  7.600000e+01  1.244107e+01  8.583688e+00
     vertex  7.600000e+01  2.200000e+01  0.000000e+00
   endloop
 endfacet
 facet normal  1.000000e+00 -0.000000e+00  0.000000e+00
   outer loop
     vertex  7.600000e+01  1.136665e+01  7.545502e+00
     vertex  7.600000e+01  2.200000e+01  0.000000e+00
     vertex  7.600000e+01  1.140642e+01  7.556108e+00
   endloop
 endfacet
 facet normal  1.000000e+00  0.000000e+00  0.000000e+00
   outer loop
     vertex  7.600000e+01  1.246173e+01  8.663353e+00
     vertex  7.600000e+01  1.245195e+01  8.623379e+00
     vertex  7.600000e+01  2.200000e+01  0.000000e+00
   endloop
 endfacet
 facet normal  1.000000e+00 -0.000000e+00  0.000000e+00
   outer loop
     vertex  7.600000e+01  1.132661e+01  7.535990e+00
     vertex  7.600000e+01  2.200000e+01  0.000000e+00
     vertex  7.600000e+01  1.136665e+01  7.545502e+00
   endloop
 endfacet
 facet normal  1.000000e+00  0.000000e+00  0.000000e+00
   outer loop
     vertex  7.600000e+01  1.247042e+01  8.703581e+00
     vertex  7.600000e+01  1.246173e+01  8.663353e+00
     vertex  7.600000e+01  2.200000e+01  0.000000e+00
   endloop
 endfacet
 facet normal  1.000000e+00 -0.000000e+00  0.000000e+00
   outer loop
     vertex  7.600000e+01  1.128633e+01  7.527581e+00
     vertex  7.600000e+01  2.200000e+01  0.000000e+00
     vertex  7.600000e+01  1.132661e+01  7.535990e+00
   endloop
 endfacet
 facet normal  1.000000e+00  0.000000e+00  0.000000e+00
   outer loop
     vertex  7.600000e+01  1.247800e+01  8.744032e+00
     vertex  7.600000e+01  1.247042e+01  8.703581e+00
     vertex  7.600000e+01  2.200000e+01  0.000000e+00
   endloop
 endfacet
 facet normal  1.000000e+00 -0.000000e+00  0.000000e+00
   outer loop
     vertex  7.600000e+01  1.124582e+01  7.520280e+00
     vertex  7.600000e+01  2.200000e+01  0.000000e+00
     vertex  7.600000e+01  1.128633e+01  7.527581e+00
   endloop
 endfacet
 facet normal  1.000000e+00  0.000000e+00  0.000000e+00
   outer loop
     vertex  7.600000e+01  1.248446e+01  8.784676e+00
     vertex  7.600000e+01  1.247800e+01  8.744032e+00
     vertex  7.600000e+01  2.200000e+01  0.000000e+00
   endloop
 endfacet
 facet normal  1.000000e+00 -0.000000e+00  0.000000e+00
   outer loop
     vertex  7.600000e+01  1.120514e+01  7.514093e+00
     vertex  7.600000e+01  2.200000e+01  0.000000e+00
     vertex  7.600000e+01  1.124582e+01  7.520280e+00
   endloop
 endfacet
 facet normal  1.000000e+00  0.000000e+00  0.000000e+00
   outer loop
     vertex  7.600000e+01  1.248981e+01  8.825482e+00
     vertex  7.600000e+01  1.248446e+01  8.784676e+00
     vertex  7.600000e+01  2.200000e+01  0.000000e+00
   endloop
 endfacet
 facet normal  1.000000e+00 -0.000000e+00  0.000000e+00
   outer loop
     vertex  7.600000e+01  1.116429e+01  7.509025e+00
     vertex  7.600000e+01  2.200000e+01  0.000000e+00
     vertex  7.600000e+01  1.120514e+01  7.514093e+00
   endloop
 endfacet
 facet normal  1.000000e+00  0.000000e+00  0.000000e+00
   outer loop
     vertex  7.600000e+01  1.249404e+01  8.866419e+00
     vertex  7.600000e+01  1.248981e+01  8.825482e+00
     vertex  7.600000e+01  2.200000e+01  0.000000e+00
   endloop
 endfacet
 facet normal  1.000000e+00 -0.000000e+00  0.000000e+00
   outer loop
     vertex  7.600000e+01  1.112333e+01  7.505079e+00
     vertex  7.600000e+01  2.200000e+01  0.000000e+00
     vertex  7.600000e+01  1.116429e+01  7.509025e+00
   endloop
 endfacet
 facet normal  1.000000e+00  0.000000e+00  0.000000e+00
   outer loop
     vertex  7.600000e+01  1.249714e+01  8.907457e+00
     vertex  7.600000e+01  1.249404e+01  8.866419e+00
     vertex  7.600000e+01  2.200000e+01  0.000000e+00
   endloop
 endfacet
 facet normal  1.000000e+00 -0.000000e+00  0.000000e+00
   outer loop
     vertex  7.600000e+01  1.108227e+01  7.502258e+00
     vertex  7.600000e+01  2.200000e+01  0.000000e+00
     vertex  7.600000e+01  1.112333e+01  7.505079e+00
   endloop
 endfacet
 facet normal  1.000000e+00  0.000000e+00  0.000000e+00
   outer loop
     vertex  7.600000e+01  1.249912e+01  8.948565e+00
     vertex  7.600000e+01  1.249714e+01  8.907457e+00
     vertex  7.600000e+01  2.200000e+01  0.000000e+00
   endloop
 endfacet
 facet normal  1.000000e+00 -0.000000e+00  0.000000e+00
   outer loop
     vertex  7.600000e+01  1.104115e+01  7.500565e+00
     vertex  7.600000e+01  2.200000e+01  0.000000e+00
     vertex  7.600000e+01  1.108227e+01  7.502258e+00
   endloop
 endfacet
 facet normal  1.000000e+00 -0.000000e+00  0.000000e+00
   outer loop
     vertex  7.600000e+01  1.249996e+01  8.989711e+00
     vertex  7.600000e+01  2.200000e+01  0.000000e+00
     vertex  7.600000e+01  2.200000e+01  1.800000e+01
   endloop
 endfacet
 facet normal  1.000000e+00  0.000000e+00  0.000000e+00
   outer loop
     vertex  7.600000e+01  1.249996e+01  8.989711e+00
     vertex  7.600000e+01  1.249912e+01  8.948565e+00
     vertex  7.600000e+01  2.200000e+01  0.000000e+00
   endloop
 endfacet
 facet normal  1.000000e+00 -0.000000e+00  0.000000e+00
   outer loop
     vertex  7.600000e+01  1.100000e+01  7.500000e+00
     vertex  7.600000e+01  2.200000e+01  0.000000e+00
     vertex  7.600000e+01  1.104115e+01  7.500565e+00
   endloop
 endfacet
 facet normal  1.000000e+00 -0.000000e+00  0.000000e+00
   outer loop
     vertex  7.600000e+01  1.249968e+01  9.030865e+00
     vertex  7.600000e+01  1.249996e+01  8.989711e+00
     vertex  7.600000e+01  2.200000e+01  1.800000e+01
   endloop
 endfacet
 facet normal  1.000000e+00 -0.000000e+00  0.000000e+00
   outer loop
     vertex  7.600000e+01  1.249827e+01  9.071996e+00
     vertex  7.600000e+01  1.249968e+01  9.030865e+00
     vertex  7.600000e+01  2.200000e+01  1.800000e+01
   endloop
 endfacet
 facet normal  1.000000e+00 -0.000000e+00  0.000000e+00
   outer loop
     vertex  7.600000e+01  1.249573e+01  9.113072e+00
     vertex  7.600000e+01  1.249827e+01  9.071996e+00
     vertex  7.600000e+01  2.200000e+01  1.800000e+01
   endloop
 endfacet
 facet normal  1.000000e+00 -0.000000e+00  0.000000e+00
   outer loop
     vertex  7.600000e+01  1.249207e+01  9.154064e+00
     vertex  7.600000e+01  1.249573e+01  9.113072e+00
     vertex  7.600000e+01  2.200000e+01  1.800000e+01
   endloop
 endfacet
 facet normal  1.000000e+00 -0.000000e+00  0.000000e+00
   outer loop
     vertex  7.600000e+01  1.248728e+01  9.194939e+00
     vertex  7.600000e+01  1.249207e+01  9.154064e+00
     vertex  7.600000e+01  2.200000e+01  1.800000e+01
   endloop
 endfacet
 facet normal  1.000000e+00 -0.000000e+00  0.000000e+00
   outer loop
     vertex  7.600000e+01  1.248137e+01  9.235668e+00
     vertex  7.600000e+01  1.248728e+01  9.194939e+00
     vertex  7.600000e+01  2.200000e+01  1.800000e+01
   endloop
 endfacet
 facet normal  1.000000e+00 -0.000000e+00  0.000000e+00
   outer loop
     vertex  7.600000e+01  1.247435e+01  9.276219e+00
     vertex  7.600000e+01  1.248137e+01  9.235668e+00
     vertex  7.600000e+01  2.200000e+01  1.800000e+01
   endloop
 endfacet
 facet normal  1.000000e+00 -0.000000e+00  0.000000e+00
   outer loop
     vertex  7.600000e+01  1.246622e+01  9.316563e+00
     vertex  7.600000e+01  1.247435e+01  9.276219e+00
     vertex  7.600000e+01  2.200000e+01  1.800000e+01
   endloop
 endfacet
 facet normal  1.000000e+00 -0.000000e+00  0.000000e+00
   outer loop
     vertex  7.600000e+01  1.245698e+01  9.356668e+00
     vertex  7.600000e+01  1.246622e+01  9.316563e+00
     vertex  7.600000e+01  2.200000e+01  1.800000e+01
   endloop
 endfacet
 facet normal  1.000000e+00 -0.000000e+00  0.000000e+00
   outer loop
     vertex  7.600000e+01  1.244665e+01  9.396504e+00
     vertex  7.600000e+01  1.245698e+01  9.356668e+00
     vertex  7.600000e+01  2.200000e+01  1.800000e+01
   endloop
 endfacet
 facet normal  1.000000e+00 -0.000000e+00  0.000000e+00
   outer loop
     vertex  7.600000e+01  1.243522e+01  9.436042e+00
     vertex  7.600000e+01  1.244665e+01  9.396504e+00
     vertex  7.600000e+01  2.200000e+01  1.800000e+01
   endloop
 endfacet
 facet normal  1.000000e+00 -0.000000e+00  0.000000e+00
   outer loop
     vertex  7.600000e+01  1.242272e+01  9.475252e+00
     vertex  7.600000e+01  1.243522e+01  9.436042e+00
     vertex  7.600000e+01  2.200000e+01  1.800000e+01
   endloop
 endfacet
 facet normal  1.000000e+00 -0.000000e+00  0.000000e+00
   outer loop
     vertex  7.600000e+01  1.240915e+01  9.514104e+00
     vertex  7.600000e+01  1.242272e+01  9.475252e+00
     vertex  7.600000e+01  2.200000e+01  1.800000e+01
   endloop
 endfacet
 facet normal  1.000000e+00 -0.000000e+00  0.000000e+00
   outer loop
     vertex  7.600000e+01  1.239451e+01  9.552569e+00
     vertex  7.600000e+01  1.240915e+01  9.514104e+00
     vertex  7.600000e+01  2.200000e+01  1.800000e+01
   endloop
 endfacet
 facet normal  1.000000e+00 -0.000000e+00  0.000000e+00
   outer loop
     vertex  7.600000e+01  1.237883e+01  9.590619e+00
     vertex  7.600000e+01  1.239451e+01  9.552569e+00
     vertex  7.600000e+01  2.200000e+01  1.800000e+01
   endloop
 endfacet
 facet normal  1.000000e+00 -0.000000e+00  0.000000e+00
   outer loop
     vertex  7.600000e+01  1.236211e+01  9.628223e+00
     vertex  7.600000e+01  1.237883e+01  9.590619e+00
     vertex  7.600000e+01  2.200000e+01  1.800000e+01
   endloop
 endfacet
 facet normal  1.000000e+00 -0.000000e+00  0.000000e+00
   outer loop
     vertex  7.600000e+01  1.234436e+01  9.665355e+00
     vertex  7.600000e+01  1.236211e+01  9.628223e+00
     vertex  7.600000e+01  2.200000e+01  1.800000e+01
   endloop
 endfacet
 facet normal  1.000000e+00 -0.000000e+00  0.000000e+00
   outer loop
     vertex  7.600000e+01  1.232560e+01  9.701986e+00
     vertex  7.600000e+01  1.234436e+01  9.665355e+00
     vertex  7.600000e+01  2.200000e+01  1.800000e+01
   endloop
 endfacet
 facet normal  1.000000e+00 -0.000000e+00  0.000000e+00
   outer loop
     vertex  7.600000e+01  1.230584e+01  9.738088e+00
     vertex  7.600000e+01  1.232560e+01  9.701986e+00
     vertex  7.600000e+01  2.200000e+01  1.800000e+01
   endloop
 endfacet
 facet normal  1.000000e+00 -0.000000e+00  0.000000e+00
   outer loop
     vertex  7.600000e+01  1.228510e+01  9.773635e+00
     vertex  7.600000e+01  1.230584e+01  9.738088e+00
     vertex  7.600000e+01  2.200000e+01  1.800000e+01
   endloop
 endfacet
 facet normal  1.000000e+00 -0.000000e+00  0.000000e+00
   outer loop
     vertex  7.600000e+01  1.226340e+01  9.808599e+00
     vertex  7.600000e+01  1.228510e+01  9.773635e+00
     vertex  7.600000e+01  2.200000e+01  1.800000e+01
   endloop
 endfacet
 facet normal  1.000000e+00 -0.000000e+00  0.000000e+00
   outer loop
     vertex  7.600000e+01  1.224074e+01  9.842955e+00
     vertex  7.600000e+01  1.226340e+01  9.808599e+00
     vertex  7.600000e+01  2.200000e+01  1.800000e+01
   endloop
 endfacet
 facet normal  1.000000e+00 -0.000000e+00  0.000000e+00
   outer loop
     vertex  7.600000e+01  1.221714e+01  9.876676e+00
     vertex  7.600000e+01  1.224074e+01  9.842955e+00
     vertex  7.600000e+01  2.200000e+01  1.800000e+01
   endloop
 endfacet
 facet normal  1.000000e+00 -0.000000e+00  0.000000e+00
   outer loop
     vertex  7.600000e+01  1.219263e+01  9.909737e+00
     vertex  7.600000e+01  1.221714e+01  9.876676e+00
     vertex  7.600000e+01  2.200000e+01  1.800000e+01
   endloop
 endfacet
 facet normal  1.000000e+00 -0.000000e+00  0.000000e+00
   outer loop
     vertex  7.600000e+01  1.216723e+01  9.942114e+00
     vertex  7.600000e+01  1.219263e+01  9.909737e+00
     vertex  7.600000e+01  2.200000e+01  1.800000e+01
   endloop
 endfacet
 facet normal  1.000000e+00 -0.000000e+00  0.000000e+00
   outer loop
     vertex  7.600000e+01  1.214094e+01  9.973781e+00
     vertex  7.600000e+01  1.216723e+01  9.942114e+00
     vertex  7.600000e+01  2.200000e+01  1.800000e+01
   endloop
 endfacet
 facet normal  1.000000e+00 -0.000000e+00  0.000000e+00
   outer loop
     vertex  7.600000e+01  1.211380e+01  1.000471e+01
     vertex  7.600000e+01  1.214094e+01  9.973781e+00
     vertex  7.600000e+01  2.200000e+01  1.800000e+01
   endloop
 endfacet
 facet normal  1.000000e+00 -0.000000e+00  0.000000e+00
   outer loop
     vertex  7.600000e+01  1.208582e+01  1.003489e+01
     vertex  7.600000e+01  1.211380e+01  1.000471e+01
     vertex  7.600000e+01  2.200000e+01  1.800000e+01
   endloop
 endfacet
 facet normal  1.000000e+00 -0.000000e+00  0.000000e+00
   outer loop
     vertex  7.600000e+01  1.205702e+01  1.006429e+01
     vertex  7.600000e+01  1.208582e+01  1.003489e+01
     vertex  7.600000e+01  2.200000e+01  1.800000e+01
   endloop
 endfacet
 facet normal  1.000000e+00 -0.000000e+00  0.000000e+00
   outer loop
     vertex  7.600000e+01  1.202742e+01  1.009289e+01
     vertex  7.600000e+01  1.205702e+01  1.006429e+01
     vertex  7.600000e+01  2.200000e+01  1.800000e+01
   endloop
 endfacet
 facet normal  1.000000e+00 -0.000000e+00  0.000000e+00
   outer loop
     vertex  7.600000e+01  1.199705e+01  1.012066e+01
     vertex  7.600000e+01  1.202742e+01  1.009289e+01
     vertex  7.600000e+01  2.200000e+01  1.800000e+01
   endloop
 endfacet
 facet normal  1.000000e+00 -0.000000e+00  0.000000e+00
   outer loop
     vertex  7.600000e+01  1.196593e+01  1.014760e+01
     vertex  7.600000e+01  1.199705e+01  1.012066e+01
     vertex  7.600000e+01  2.200000e+01  1.800000e+01
   endloop
 endfacet
 facet normal  1.000000e+00 -0.000000e+00  0.000000e+00
   outer loop
     vertex  7.600000e+01  1.193409e+01  1.017366e+01
     vertex  7.600000e+01  1.196593e+01  1.014760e+01
     vertex  7.600000e+01  2.200000e+01  1.800000e+01
   endloop
 endfacet
 facet normal  1.000000e+00 -0.000000e+00  0.000000e+00
   outer loop
     vertex  7.600000e+01  1.190154e+01  1.019885e+01
     vertex  7.600000e+01  1.193409e+01  1.017366e+01
     vertex  7.600000e+01  2.200000e+01  1.800000e+01
   endloop
 endfacet
 facet normal  1.000000e+00 -0.000000e+00  0.000000e+00
   outer loop
     vertex  7.600000e+01  1.186831e+01  1.022313e+01
     vertex  7.600000e+01  1.190154e+01  1.019885e+01
     vertex  7.600000e+01  2.200000e+01  1.800000e+01
   endloop
 endfacet
 facet normal  1.000000e+00 -0.000000e+00  0.000000e+00
   outer loop
     vertex  7.600000e+01  1.183442e+01  1.024649e+01
     vertex  7.600000e+01  1.186831e+01  1.022313e+01
     vertex  7.600000e+01  2.200000e+01  1.800000e+01
   endloop
 endfacet
 facet normal  1.000000e+00 -0.000000e+00  0.000000e+00
   outer loop
     vertex  7.600000e+01  1.179991e+01  1.026891e+01
     vertex  7.600000e+01  1.183442e+01  1.024649e+01
     vertex  7.600000e+01  2.200000e+01  1.800000e+01
   endloop
 endfacet
 facet normal  1.000000e+00 -0.000000e+00  0.000000e+00
   outer loop
     vertex  7.600000e+01  1.176480e+01  1.029038e+01
     vertex  7.600000e+01  1.179991e+01  1.026891e+01
     vertex  7.600000e+01  2.200000e+01  1.800000e+01
   endloop
 endfacet
 facet normal  1.000000e+00 -0.000000e+00  0.000000e+00
   outer loop
     vertex  7.600000e+01  1.172911e+01  1.031088e+01
     vertex  7.600000e+01  1.176480e+01  1.029038e+01
     vertex  7.600000e+01  2.200000e+01  1.800000e+01
   endloop
 endfacet
 facet normal  1.000000e+00 -0.000000e+00  0.000000e+00
   outer loop
     vertex  7.600000e+01  1.169288e+01  1.033038e+01
     vertex  7.600000e+01  1.172911e+01  1.031088e+01
     vertex  7.600000e+01  2.200000e+01  1.800000e+01
   endloop
 endfacet
 facet normal  1.000000e+00 -0.000000e+00  0.000000e+00
   outer loop
     vertex  7.600000e+01  1.165612e+01  1.034889e+01
     vertex  7.600000e+01  1.169288e+01  1.033038e+01
     vertex  7.600000e+01  2.200000e+01  1.800000e+01
   endloop
 endfacet
 facet normal  1.000000e+00 -0.000000e+00  0.000000e+00
   outer loop
     vertex  7.600000e+01  1.161887e+01  1.036638e+01
     vertex  7.600000e+01  1.165612e+01  1.034889e+01
     vertex  7.600000e+01  2.200000e+01  1.800000e+01
   endloop
 endfacet
 facet normal  1.000000e+00 -0.000000e+00  0.000000e+00
   outer loop
     vertex  7.600000e+01  1.158115e+01  1.038285e+01
     vertex  7.600000e+01  1.161887e+01  1.036638e+01
     vertex  7.600000e+01  2.200000e+01  1.800000e+01
   endloop
 endfacet
 facet normal  1.000000e+00 -0.000000e+00  0.000000e+00
   outer loop
     vertex  7.600000e+01  1.154299e+01  1.039827e+01
     vertex  7.600000e+01  1.158115e+01  1.038285e+01
     vertex  7.600000e+01  2.200000e+01  1.800000e+01
   endloop
 endfacet
 facet normal  1.000000e+00 -0.000000e+00  0.000000e+00
   outer loop
     vertex  7.600000e+01  1.150443e+01  1.041264e+01
     vertex  7.600000e+01  1.154299e+01  1.039827e+01
     vertex  7.600000e+01  2.200000e+01  1.800000e+01
   endloop
 endfacet
 facet normal  1.000000e+00 -0.000000e+00  0.000000e+00
   outer loop
     vertex  7.600000e+01  1.146548e+01  1.042595e+01
     vertex  7.600000e+01  1.150443e+01  1.041264e+01
     vertex  7.600000e+01  2.200000e+01  1.800000e+01
   endloop
 endfacet
 facet normal  1.000000e+00 -0.000000e+00  0.000000e+00
   outer loop
     vertex  7.600000e+01  1.142619e+01  1.043818e+01
     vertex  7.600000e+01  1.146548e+01  1.042595e+01
     vertex  7.600000e+01  2.200000e+01  1.800000e+01
   endloop
 endfacet
 facet normal  1.000000e+00 -0.000000e+00  0.000000e+00
   outer loop
     vertex  7.600000e+01  1.138657e+01  1.044933e+01
     vertex  7.600000e+01  1.142619e+01  1.043818e+01
     vertex  7.600000e+01  2.200000e+01  1.800000e+01
   endloop
 endfacet
 facet normal  1.000000e+00 -0.000000e+00  0.000000e+00
   outer loop
     vertex  7.600000e+01  1.134667e+01  1.045939e+01
     vertex  7.600000e+01  1.138657e+01  1.044933e+01
     vertex  7.600000e+01  2.200000e+01  1.800000e+01
   endloop
 endfacet
 facet normal  1.000000e+00 -0.000000e+00  0.000000e+00
   outer loop
     vertex  7.600000e+01  1.130650e+01  1.046835e+01
     vertex  7.600000e+01  1.134667e+01  1.045939e+01
     vertex  7.600000e+01  2.200000e+01  1.800000e+01
   endloop
 endfacet
 facet normal  1.000000e+00 -0.000000e+00  0.000000e+00
   outer loop
     vertex  7.600000e+01  1.126610e+01  1.047621e+01
     vertex  7.600000e+01  1.130650e+01  1.046835e+01
     vertex  7.600000e+01  2.200000e+01  1.800000e+01
   endloop
 endfacet
 facet normal  1.000000e+00 -0.000000e+00  0.000000e+00
   outer loop
     vertex  7.600000e+01  1.122550e+01  1.048295e+01
     vertex  7.600000e+01  1.126610e+01  1.047621e+01
     vertex  7.600000e+01  2.200000e+01  1.800000e+01
   endloop
 endfacet
 facet normal  1.000000e+00 -0.000000e+00  0.000000e+00
   outer loop
     vertex  7.600000e+01  1.118473e+01  1.048858e+01
     vertex  7.600000e+01  1.122550e+01  1.048295e+01
     vertex  7.600000e+01  2.200000e+01  1.800000e+01
   endloop
 endfacet
 facet normal  1.000000e+00 -0.000000e+00  0.000000e+00
   outer loop
     vertex  7.600000e+01  1.114383e+01  1.049309e+01
     vertex  7.600000e+01  1.118473e+01  1.048858e+01
     vertex  7.600000e+01  2.200000e+01  1.800000e+01
   endloop
 endfacet
 facet normal  1.000000e+00 -0.000000e+00  0.000000e+00
   outer loop
     vertex  7.600000e+01  1.110281e+01  1.049647e+01
     vertex  7.600000e+01  1.114383e+01  1.049309e+01
     vertex  7.600000e+01  2.200000e+01  1.800000e+01
   endloop
 endfacet
 facet normal  1.000000e+00 -0.000000e+00  0.000000e+00
   outer loop
     vertex  7.600000e+01  1.106172e+01  1.049873e+01
     vertex  7.600000e+01  1.110281e+01  1.049647e+01
     vertex  7.600000e+01  2.200000e+01  1.800000e+01
   endloop
 endfacet
 facet normal  1.000000e+00 -0.000000e+00  0.000000e+00
   outer loop
     vertex  7.600000e+01  1.102058e+01  1.049986e+01
     vertex  7.600000e+01  1.106172e+01  1.049873e+01
     vertex  7.600000e+01  2.200000e+01  1.800000e+01
   endloop
 endfacet
 facet normal  1.000000e+00  0.000000e+00  0.000000e+00
   outer loop
     vertex  7.600000e+01  1.097942e+01  1.049986e+01
     vertex  7.600000e+01  1.102058e+01  1.049986e+01
     vertex  7.600000e+01  2.200000e+01  1.800000e+01
   endloop
 endfacet
 facet normal  1.000000e+00  0.000000e+00  0.000000e+00
   outer loop
     vertex  7.600000e+01  0.000000e+00  0.000000e+00
     vertex  7.600000e+01  1.100000e+01  7.500000e+00
     vertex  7.600000e+01  1.095885e+01  7.500565e+00
   endloop
 endfacet
 facet normal  1.000000e+00  0.000000e+00  0.000000e+00
   outer loop
     vertex  7.600000e+01  0.000000e+00  0.000000e+00
     vertex  7.600000e+01  1.095885e+01  7.500565e+00
     vertex  7.600000e+01  1.091773e+01  7.502258e+00
   endloop
 endfacet
 facet normal  1.000000e+00  0.000000e+00  0.000000e+00
   outer loop
     vertex  7.600000e+01  0.000000e+00  0.000000e+00
     vertex  7.600000e+01  1.091773e+01  7.502258e+00
     vertex  7.600000e+01  1.087667e+01  7.505079e+00
   endloop
 endfacet
 facet normal  1.000000e+00  0.000000e+00  0.000000e+00
   outer loop
     vertex  7.600000e+01  0.000000e+00  0.000000e+00
     vertex  7.600000e+01  1.087667e+01  7.505079e+00
     vertex  7.600000e+01  1.083571e+01  7.509025e+00
   endloop
 endfacet
 facet normal  1.000000e+00  0.000000e+00  0.000000e+00
   outer loop
     vertex  7.600000e+01  0.000000e+00  0.000000e+00
     vertex  7.600000e+01  1.083571e+01  7.509025e+00
     vertex  7.600000e+01  1.079486e+01  7.514093e+00
   endloop
 endfacet
 facet normal  1.000000e+00  0.000000e+00  0.000000e+00
   outer loop
     vertex  7.600000e+01  0.000000e+00  0.000000e+00
     vertex  7.600000e+01  1.079486e+01  7.514093e+00
     vertex  7.600000e+01  1.075418e+01  7.520280e+00
   endloop
 endfacet
 facet normal  1.000000e+00  0.000000e+00  0.000000e+00
   outer loop
     vertex  7.600000e+01  0.000000e+00  0.000000e+00
     vertex  7.600000e+01  1.075418e+01  7.520280e+00
     vertex  7.600000e+01  1.071367e+01  7.527581e+00
   endloop
 endfacet
 facet normal  1.000000e+00  0.000000e+00  0.000000e+00
   outer loop
     vertex  7.600000e+01  0.000000e+00  0.000000e+00
     vertex  7.600000e+01  1.071367e+01  7.527581e+00
     vertex  7.600000e+01  1.067339e+01  7.535990e+00
   endloop
 endfacet
 facet normal  1.000000e+00  0.000000e+00  0.000000e+00
   outer loop
     vertex  7.600000e+01  0.000000e+00  0.000000e+00
     vertex  7.600000e+01  1.067339e+01  7.535990e+00
     vertex  7.600000e+01  1.063335e+01  7.545502e+00
   endloop
 endfacet
 facet normal  1.000000e+00  0.000000e+00  0.000000e+00
   outer loop
     vertex  7.600000e+01  0.000000e+00  0.000000e+00
     vertex  7.600000e+01  1.063335e+01  7.545502e+00
     vertex  7.600000e+01  1.059358e+01  7.556108e+00
   endloop
 endfacet
 facet normal  1.000000e+00  0.000000e+00  0.000000e+00
   outer loop
     vertex  7.600000e+01  0.000000e+00  0.000000e+00
     vertex  7.600000e+01  1.059358e+01  7.556108e+00
     vertex  7.600000e+01  1.055412e+01  7.567801e+00
   endloop
 endfacet
 facet normal  1.000000e+00  0.000000e+00  0.000000e+00
   outer loop
     vertex  7.600000e+01  0.000000e+00  0.000000e+00
     vertex  7.600000e+01  1.055412e+01  7.567801e+00
     vertex  7.600000e+01  1.051500e+01  7.580572e+00
   endloop
 endfacet
 facet normal  1.000000e+00  0.000000e+00  0.000000e+00
   outer loop
     vertex  7.600000e+01  0.000000e+00  0.000000e+00
     vertex  7.600000e+01  1.051500e+01  7.580572e+00
     vertex  7.600000e+01  1.047624e+01  7.594412e+00
   endloop
 endfacet
 facet normal  1.000000e+00  0.000000e+00  0.000000e+00
   outer loop
     vertex  7.600000e+01  0.000000e+00  0.000000e+00
     vertex  7.600000e+01  1.047624e+01  7.594412e+00
     vertex  7.600000e+01  1.043788e+01  7.609310e+00
   endloop
 endfacet
 facet normal  1.000000e+00  0.000000e+00  0.000000e+00
   outer loop
     vertex  7.600000e+01  0.000000e+00  0.000000e+00
     vertex  7.600000e+01  1.043788e+01  7.609310e+00
     vertex  7.600000e+01  1.039994e+01  7.625255e+00
   endloop
 endfacet
 facet normal  1.000000e+00  0.000000e+00  0.000000e+00
   outer loop
     vertex  7.600000e+01  0.000000e+00  0.000000e+00
     vertex  7.600000e+01  1.039994e+01  7.625255e+00
     vertex  7.600000e+01  1.036245e+01  7.642234e+00
   endloop
 endfacet
 facet normal  1.000000e+00  0.000000e+00  0.000000e+00
   outer loop
     vertex  7.600000e+01  0.000000e+00  0.000000e+00
     vertex  7.600000e+01  1.036245e+01  7.642234e+00
     vertex  7.600000e+01  1.032544e+01  7.660236e+00
   endloop
 endfacet
 facet normal  1.000000e+00  0.000000e+00  0.000000e+00
   outer loop
     vertex  7.600000e+01  0.000000e+00  0.000000e+00
     vertex  7.600000e+01  1.032544e+01  7.660236e+00
     vertex  7.600000e+01  1.028894e+01  7.679246e+00
   endloop
 endfacet
 facet normal  1.000000e+00  0.000000e+00  0.000000e+00
   outer loop
     vertex  7.600000e+01  0.000000e+00  0.000000e+00
     vertex  7.600000e+01  1.028894e+01  7.679246e+00
     vertex  7.600000e+01  1.025297e+01  7.699250e+00
   endloop
 endfacet
 facet normal  1.000000e+00  0.000000e+00  0.000000e+00
   outer loop
     vertex  7.600000e+01  0.000000e+00  0.000000e+00
     vertex  7.600000e+01  1.025297e+01  7.699250e+00
     vertex  7.600000e+01  1.021757e+01  7.720234e+00
   endloop
 endfacet
 facet normal  1.000000e+00  0.000000e+00  0.000000e+00
   outer loop
     vertex  7.600000e+01  0.000000e+00  0.000000e+00
     vertex  7.600000e+01  1.021757e+01  7.720234e+00
     vertex  7.600000e+01  1.018275e+01  7.742181e+00
   endloop
 endfacet
 facet normal  1.000000e+00  0.000000e+00  0.000000e+00
   outer loop
     vertex  7.600000e+01  0.000000e+00  0.000000e+00
     vertex  7.600000e+01  1.018275e+01  7.742181e+00
     vertex  7.600000e+01  1.014855e+01  7.765075e+00
   endloop
 endfacet
 facet normal  1.000000e+00  0.000000e+00  0.000000e+00
   outer loop
     vertex  7.600000e+01  0.000000e+00  0.000000e+00
     vertex  7.600000e+01  1.014855e+01  7.765075e+00
     vertex  7.600000e+01  1.011500e+01  7.788898e+00
   endloop
 endfacet
 facet normal  1.000000e+00  0.000000e+00  0.000000e+00
   outer loop
     vertex  7.600000e+01  0.000000e+00  0.000000e+00
     vertex  7.600000e+01  1.011500e+01  7.788898e+00
     vertex  7.600000e+01  1.008210e+01  7.813633e+00
   endloop
 endfacet
 facet normal  1.000000e+00  0.000000e+00  0.000000e+00
   outer loop
     vertex  7.600000e+01  0.000000e+00  0.000000e+00
     vertex  7.600000e+01  1.008210e+01  7.813633e+00
     vertex  7.600000e+01  1.004990e+01  7.839261e+00
   endloop
 endfacet
 facet normal  1.000000e+00  0.000000e+00  0.000000e+00
   outer loop
     vertex  7.600000e+01  0.000000e+00  0.000000e+00
     vertex  7.600000e+01  1.004990e+01  7.839261e+00
     vertex  7.600000e+01  1.001842e+01  7.865763e+00
   endloop
 endfacet
 facet normal  1.000000e+00  0.000000e+00  0.000000e+00
   outer loop
     vertex  7.600000e+01  0.000000e+00  0.000000e+00
     vertex  7.600000e+01  1.001842e+01  7.865763e+00
     vertex  7.600000e+01  9.987669e+00  7.893119e+00
   endloop
 endfacet
 facet normal  1.000000e+00  0.000000e+00  0.000000e+00
   outer loop
     vertex  7.600000e+01  0.000000e+00  0.000000e+00
     vertex  7.600000e+01  9.987669e+00  7.893119e+00
     vertex  7.600000e+01  9.957684e+00  7.921308e+00
   endloop
 endfacet
 facet normal  1.000000e+00  0.000000e+00  0.000000e+00
   outer loop
     vertex  7.600000e+01  0.000000e+00  0.000000e+00
     vertex  7.600000e+01  9.957684e+00  7.921308e+00
     vertex  7.600000e+01  9.928483e+00  7.950309e+00
   endloop
 endfacet
 facet normal  1.000000e+00  0.000000e+00  0.000000e+00
   outer loop
     vertex  7.600000e+01  0.000000e+00  0.000000e+00
     vertex  7.600000e+01  9.928483e+00  7.950309e+00
     vertex  7.600000e+01  9.900089e+00  7.980100e+00
   endloop
 endfacet
 facet normal  1.000000e+00  0.000000e+00  0.000000e+00
   outer loop
     vertex  7.600000e+01  0.000000e+00  0.000000e+00
     vertex  7.600000e+01  9.900089e+00  7.980100e+00
     vertex  7.600000e+01  9.872523e+00  8.010659e+00
   endloop
 endfacet
 facet normal  1.000000e+00  0.000000e+00  0.000000e+00
   outer loop
     vertex  7.600000e+01  0.000000e+00  0.000000e+00
     vertex  7.600000e+01  9.872523e+00  8.010659e+00
     vertex  7.600000e+01  9.845806e+00  8.041963e+00
   endloop
 endfacet
 facet normal  1.000000e+00  0.000000e+00  0.000000e+00
   outer loop
     vertex  7.600000e+01  0.000000e+00  0.000000e+00
     vertex  7.600000e+01  9.845806e+00  8.041963e+00
     vertex  7.600000e+01  9.819957e+00  8.073987e+00
   endloop
 endfacet
 facet normal  1.000000e+00  0.000000e+00  0.000000e+00
   outer loop
     vertex  7.600000e+01  0.000000e+00  0.000000e+00
     vertex  7.600000e+01  9.819957e+00  8.073987e+00
     vertex  7.600000e+01  9.794997e+00  8.106709e+00
   endloop
 endfacet
 facet normal  1.000000e+00  0.000000e+00  0.000000e+00
   outer loop
     vertex  7.600000e+01  0.000000e+00  0.000000e+00
     vertex  7.600000e+01  9.794997e+00  8.106709e+00
     vertex  7.600000e+01  9.770944e+00  8.140104e+00
   endloop
 endfacet
 facet normal  1.000000e+00  0.000000e+00  0.000000e+00
   outer loop
     vertex  7.600000e+01  0.000000e+00  0.000000e+00
     vertex  7.600000e+01  9.770944e+00  8.140104e+00
     vertex  7.600000e+01  9.747816e+00  8.174145e+00
   endloop
 endfacet
 facet normal  1.000000e+00  0.000000e+00  0.000000e+00
   outer loop
     vertex  7.600000e+01  0.000000e+00  0.000000e+00
     vertex  7.600000e+01  9.747816e+00  8.174145e+00
     vertex  7.600000e+01  9.725631e+00  8.208809e+00
   endloop
 endfacet
 facet normal  1.000000e+00  0.000000e+00  0.000000e+00
   outer loop
     vertex  7.600000e+01  0.000000e+00  0.000000e+00
     vertex  7.600000e+01  9.725631e+00  8.208809e+00
     vertex  7.600000e+01  9.704405e+00  8.244067e+00
   endloop
 endfacet
 facet normal  1.000000e+00  0.000000e+00  0.000000e+00
   outer loop
     vertex  7.600000e+01  0.000000e+00  0.000000e+00
     vertex  7.600000e+01  9.704405e+00  8.244067e+00
     vertex  7.600000e+01  9.684155e+00  8.279895e+00
   endloop
 endfacet
 facet normal  1.000000e+00  0.000000e+00  0.000000e+00
   outer loop
     vertex  7.600000e+01  0.000000e+00  0.000000e+00
     vertex  7.600000e+01  9.684155e+00  8.279895e+00
     vertex  7.600000e+01  9.664894e+00  8.316265e+00
   endloop
 endfacet
 facet normal  1.000000e+00  0.000000e+00  0.000000e+00
   outer loop
     vertex  7.600000e+01  0.000000e+00  0.000000e+00
     vertex  7.600000e+01  9.664894e+00  8.316265e+00
     vertex  7.600000e+01  9.646639e+00  8.353150e+00
   endloop
 endfacet
 facet normal  1.000000e+00  0.000000e+00  0.000000e+00
   outer loop
     vertex  7.600000e+01  0.000000e+00  0.000000e+00
     vertex  7.600000e+01  9.646639e+00  8.353150e+00
     vertex  7.600000e+01  9.629403e+00  8.390522e+00
   endloop
 endfacet
 facet normal  1.000000e+00  0.000000e+00  0.000000e+00
   outer loop
     vertex  7.600000e+01  0.000000e+00  0.000000e+00
     vertex  7.600000e+01  9.629403e+00  8.390522e+00
     vertex  7.600000e+01  9.613198e+00  8.428352e+00
   endloop
 endfacet
 facet normal  1.000000e+00  0.000000e+00  0.000000e+00
   outer loop
     vertex  7.600000e+01  0.000000e+00  0.000000e+00
     vertex  7.600000e+01  9.613198e+00  8.428352e+00
     vertex  7.600000e+01  9.598038e+00  8.466613e+00
   endloop
 endfacet
 facet normal  1.000000e+00  0.000000e+00  0.000000e+00
   outer loop
     vertex  7.600000e+01  0.000000e+00  0.000000e+00
     vertex  7.600000e+01  9.598038e+00  8.466613e+00
     vertex  7.600000e+01  9.583932e+00  8.505275e+00
   endloop
 endfacet
 facet normal  1.000000e+00  0.000000e+00  0.000000e+00
   outer loop
     vertex  7.600000e+01  0.000000e+00  0.000000e+00
     vertex  7.600000e+01  9.583932e+00  8.505275e+00
     vertex  7.600000e+01  9.570893e+00  8.544310e+00
   endloop
 endfacet
 facet normal  1.000000e+00  0.000000e+00  0.000000e+00
   outer loop
     vertex  7.600000e+01  0.000000e+00  0.000000e+00
     vertex  7.600000e+01  2.200000e+01  0.000000e+00
     vertex  7.600000e+01  1.100000e+01  7.500000e+00
   endloop
 endfacet
 facet normal  1.000000e+00  0.000000e+00  0.000000e+00
   outer loop
     vertex  7.600000e+01  0.000000e+00  0.000000e+00
     vertex  7.600000e+01  9.570893e+00  8.544310e+00
     vertex  7.600000e+01  9.558930e+00  8.583688e+00
   endloop
 endfacet
 facet normal  1.000000e+00  0.000000e+00  0.000000e+00
   outer loop
     vertex  7.600000e+01  0.000000e+00  0.000000e+00
     vertex  7.600000e+01  9.558930e+00  8.583688e+00
     vertex  7.600000e+01  9.548051e+00  8.623379e+00
   endloop
 endfacet
 facet normal  1.000000e+00  0.000000e+00  0.000000e+00
   outer loop
     vertex  7.600000e+01  0.000000e+00  0.000000e+00
     vertex  7.600000e+01  9.548051e+00  8.623379e+00
     vertex  7.600000e+01  9.538265e+00  8.663353e+00
   endloop
 endfacet
 facet normal  1.000000e+00  0.000000e+00  0.000000e+00
   outer loop
     vertex  7.600000e+01  0.000000e+00  0.000000e+00
     vertex  7.600000e+01  9.538265e+00  8.663353e+00
     vertex  7.600000e+01  9.529580e+00  8.703581e+00
   endloop
 endfacet
 facet normal  1.000000e+00  0.000000e+00  0.000000e+00
   outer loop
     vertex  7.600000e+01  0.000000e+00  0.000000e+00
     vertex  7.600000e+01  9.529580e+00  8.703581e+00
     vertex  7.600000e+01  9.522001e+00  8.744032e+00
   endloop
 endfacet
 facet normal  1.000000e+00  0.000000e+00  0.000000e+00
   outer loop
     vertex  7.600000e+01  0.000000e+00  0.000000e+00
     vertex  7.600000e+01  9.522001e+00  8.744032e+00
     vertex  7.600000e+01  9.515535e+00  8.784676e+00
   endloop
 endfacet
 facet normal  1.000000e+00  0.000000e+00  0.000000e+00
   outer loop
     vertex  7.600000e+01  0.000000e+00  0.000000e+00
     vertex  7.600000e+01  9.515535e+00  8.784676e+00
     vertex  7.600000e+01  9.510187e+00  8.825482e+00
   endloop
 endfacet
 facet normal  1.000000e+00  0.000000e+00  0.000000e+00
   outer loop
     vertex  7.600000e+01  0.000000e+00  0.000000e+00
     vertex  7.600000e+01  9.510187e+00  8.825482e+00
     vertex  7.600000e+01  9.505960e+00  8.866419e+00
   endloop
 endfacet
 facet normal  1.000000e+00  0.000000e+00  0.000000e+00
   outer loop
     vertex  7.600000e+01  0.000000e+00  0.000000e+00
     vertex  7.600000e+01  9.505960e+00  8.866419e+00
     vertex  7.600000e+01  9.502857e+00  8.907457e+00
   endloop
 endfacet
 facet normal  1.000000e+00  0.000000e+00  0.000000e+00
   outer loop
     vertex  7.600000e+01  0.000000e+00  0.000000e+00
     vertex  7.600000e+01  9.502857e+00  8.907457e+00
     vertex  7.600000e+01  9.500882e+00  8.948565e+00
   endloop
 endfacet
 facet normal  1.000000e+00  0.000000e+00  0.000000e+00
   outer loop
     vertex  7.600000e+01  0.000000e+00  0.000000e+00
     vertex  7.600000e+01  9.500882e+00  8.948565e+00
     vertex  7.600000e+01  9.500035e+00  8.989711e+00
   endloop
 endfacet
 facet normal  1.000000e+00  0.000000e+00  0.000000e+00
   outer loop
     vertex  7.600000e+01  0.000000e+00  1.800000e+01
     vertex  7.600000e+01  1.027089e+01  1.031088e+01
     vertex  7.600000e+01  1.030712e+01  1.033038e+01
   endloop
 endfacet
 facet normal  1.000000e+00  0.000000e+00  0.000000e+00
   outer loop
     vertex  7.600000e+01  0.000000e+00  1.800000e+01
     vertex  7.600000e+01  1.030712e+01  1.033038e+01
     vertex  7.600000e+01  1.034388e+01  1.034889e+01
   endloop
 endfacet
 facet normal  1.000000e+00  0.000000e+00  0.000000e+00
   outer loop
     vertex  7.600000e+01  0.000000e+00  1.800000e+01
     vertex  7.600000e+01  1.034388e+01  1.034889e+01
     vertex  7.600000e+01  1.038113e+01  1.036638e+01
   endloop
 endfacet
 facet normal  1.000000e+00  0.000000e+00  0.000000e+00
   outer loop
     vertex  7.600000e+01  0.000000e+00  1.800000e+01
     vertex  7.600000e+01  1.038113e+01  1.036638e+01
     vertex  7.600000e+01  1.041885e+01  1.038285e+01
   endloop
 endfacet
 facet normal  1.000000e+00  0.000000e+00  0.000000e+00
   outer loop
     vertex  7.600000e+01  0.000000e+00  1.800000e+01
     vertex  7.600000e+01  1.041885e+01  1.038285e+01
     vertex  7.600000e+01  1.045701e+01  1.039827e+01
   endloop
 endfacet
 facet normal  1.000000e+00  0.000000e+00  0.000000e+00
   outer loop
     vertex  7.600000e+01  0.000000e+00  1.800000e+01
     vertex  7.600000e+01  1.045701e+01  1.039827e+01
     vertex  7.600000e+01  1.049557e+01  1.041264e+01
   endloop
 endfacet
 facet normal  1.000000e+00  0.000000e+00  0.000000e+00
   outer loop
     vertex  7.600000e+01  0.000000e+00  1.800000e+01
     vertex  7.600000e+01  1.049557e+01  1.041264e+01
     vertex  7.600000e+01  1.053452e+01  1.042595e+01
   endloop
 endfacet
 facet normal  1.000000e+00  0.000000e+00  0.000000e+00
   outer loop
     vertex  7.600000e+01  0.000000e+00  1.800000e+01
     vertex  7.600000e+01  1.053452e+01  1.042595e+01
     vertex  7.600000e+01  1.057381e+01  1.043818e+01
   endloop
 endfacet
 facet normal  1.000000e+00  0.000000e+00  0.000000e+00
   outer loop
     vertex  7.600000e+01  0.000000e+00  1.800000e+01
     vertex  7.600000e+01  1.057381e+01  1.043818e+01
     vertex  7.600000e+01  1.061343e+01  1.044933e+01
   endloop
 endfacet
 facet normal  1.000000e+00  0.000000e+00  0.000000e+00
   outer loop
     vertex  7.600000e+01  0.000000e+00  1.800000e+01
     vertex  7.600000e+01  1.061343e+01  1.044933e+01
     vertex  7.600000e+01  1.065333e+01  1.045939e+01
   endloop
 endfacet
 facet normal  1.000000e+00  0.000000e+00  0.000000e+00
   outer loop
     vertex  7.600000e+01  0.000000e+00  1.800000e+01
     vertex  7.600000e+01  1.065333e+01  1.045939e+01
     vertex  7.600000e+01  1.069350e+01  1.046835e+01
   endloop
 endfacet
 facet normal  1.000000e+00  0.000000e+00  0.000000e+00
   outer loop
     vertex  7.600000e+01  0.000000e+00  1.800000e+01
     vertex  7.600000e+01  1.069350e+01  1.046835e+01
     vertex  7.600000e+01  1.073390e+01  1.047621e+01
   endloop
 endfacet
 facet normal  1.000000e+00  0.000000e+00  0.000000e+00
   outer loop
     vertex  7.600000e+01  0.000000e+00  1.800000e+01
     vertex  7.600000e+01  1.073390e+01  1.047621e+01
     vertex  7.600000e+01  1.077450e+01  1.048295e+01
   endloop
 endfacet
 facet normal  1.000000e+00  0.000000e+00  0.000000e+00
   outer loop
     vertex  7.600000e+01  0.000000e+00  1.800000e+01
     vertex  7.600000e+01  1.077450e+01  1.048295e+01
     vertex  7.600000e+01  1.081527e+01  1.048858e+01
   endloop
 endfacet
 facet normal  1.000000e+00  0.000000e+00  0.000000e+00
   outer loop
     vertex  7.600000e+01  0.000000e+00  1.800000e+01
     vertex  7.600000e+01  1.081527e+01  1.048858e+01
     vertex  7.600000e+01  1.085617e+01  1.049309e+01
   endloop
 endfacet
 facet normal  1.000000e+00  0.000000e+00  0.000000e+00
   outer loop
     vertex  7.600000e+01  0.000000e+00  1.800000e+01
     vertex  7.600000e+01  1.085617e+01  1.049309e+01
     vertex  7.600000e+01  1.089719e+01  1.049647e+01
   endloop
 endfacet
 facet normal  1.000000e+00  0.000000e+00  0.000000e+00
   outer loop
     vertex  7.600000e+01  0.000000e+00  1.800000e+01
     vertex  7.600000e+01  1.089719e+01  1.049647e+01
     vertex  7.600000e+01  1.093828e+01  1.049873e+01
   endloop
 endfacet
 facet normal  1.000000e+00  0.000000e+00  0.000000e+00
   outer loop
     vertex  7.600000e+01  0.000000e+00  1.800000e+01
     vertex  7.600000e+01  1.093828e+01  1.049873e+01
     vertex  7.600000e+01  1.097942e+01  1.049986e+01
   endloop
 endfacet
 facet normal  1.000000e+00  0.000000e+00  0.000000e+00
   outer loop
     vertex  7.600000e+01  0.000000e+00  1.800000e+01
     vertex  7.600000e+01  0.000000e+00  0.000000e+00
     vertex  7.600000e+01  9.500035e+00  8.989711e+00
   endloop
 endfacet
 facet normal  1.000000e+00  0.000000e+00  0.000000e+00
   outer loop
     vertex  7.600000e+01  0.000000e+00  1.800000e+01
     vertex  7.600000e+01  9.500035e+00  8.989711e+00
     vertex  7.600000e+01  9.500318e+00  9.030865e+00
   endloop
 endfacet
 facet normal  1.000000e+00  0.000000e+00  0.000000e+00
   outer loop
     vertex  7.600000e+01  0.000000e+00  1.800000e+01
     vertex  7.600000e+01  9.500318e+00  9.030865e+00
     vertex  7.600000e+01  9.501729e+00  9.071996e+00
   endloop
 endfacet
 facet normal  1.000000e+00  0.000000e+00  0.000000e+00
   outer loop
     vertex  7.600000e+01  0.000000e+00  1.800000e+01
     vertex  7.600000e+01  9.501729e+00  9.071996e+00
     vertex  7.600000e+01  9.504268e+00  9.113072e+00
   endloop
 endfacet
 facet normal  1.000000e+00  0.000000e+00  0.000000e+00
   outer loop
     vertex  7.600000e+01  0.000000e+00  1.800000e+01
     vertex  7.600000e+01  9.504268e+00  9.113072e+00
     vertex  7.600000e+01  9.507933e+00  9.154064e+00
   endloop
 endfacet
 facet normal  1.000000e+00  0.000000e+00  0.000000e+00
   outer loop
     vertex  7.600000e+01  0.000000e+00  1.800000e+01
     vertex  7.600000e+01  9.507933e+00  9.154064e+00
     vertex  7.600000e+01  9.512721e+00  9.194939e+00
   endloop
 endfacet
 facet normal  1.000000e+00  0.000000e+00  0.000000e+00
   outer loop
     vertex  7.600000e+01  0.000000e+00  1.800000e+01
     vertex  7.600000e+01  9.512721e+00  9.194939e+00
     vertex  7.600000e+01  9.518629e+00  9.235668e+00
   endloop
 endfacet
 facet normal  1.000000e+00  0.000000e+00  0.000000e+00
   outer loop
     vertex  7.600000e+01  0.000000e+00  1.800000e+01
     vertex  7.600000e+01  9.518629e+00  9.235668e+00
     vertex  7.600000e+01  9.525652e+00  9.276219e+00
   endloop
 endfacet
 facet normal  1.000000e+00  0.000000e+00  0.000000e+00
   outer loop
     vertex  7.600000e+01  0.000000e+00  1.800000e+01
     vertex  7.600000e+01  9.525652e+00  9.276219e+00
     vertex  7.600000e+01  9.533784e+00  9.316563e+00
   endloop
 endfacet
 facet normal  1.000000e+00  0.000000e+00  0.000000e+00
   outer loop
     vertex  7.600000e+01  0.000000e+00  1.800000e+01
     vertex  7.600000e+01  9.533784e+00  9.316563e+00
     vertex  7.600000e+01  9.543021e+00  9.356668e+00
   endloop
 endfacet
 facet normal  1.000000e+00  0.000000e+00  0.000000e+00
   outer loop
     vertex  7.600000e+01  0.000000e+00  1.800000e+01
     vertex  7.600000e+01  9.543021e+00  9.356668e+00
     vertex  7.600000e+01  9.553354e+00  9.396504e+00
   endloop
 endfacet
 facet normal  1.000000e+00  0.000000e+00  0.000000e+00
   outer loop
     vertex  7.600000e+01  0.000000e+00  1.800000e+01
     vertex  7.600000e+01  9.553354e+00  9.396504e+00
     vertex  7.600000e+01  9.564776e+00  9.436042e+00
   endloop
 endfacet
 facet normal  1.000000e+00  0.000000e+00  0.000000e+00
   outer loop
     vertex  7.600000e+01  0.000000e+00  1.800000e+01
     vertex  7.600000e+01  9.564776e+00  9.436042e+00
     vertex  7.600000e+01  9.577279e+00  9.475252e+00
   endloop
 endfacet
 facet normal  1.000000e+00  0.000000e+00  0.000000e+00
   outer loop
     vertex  7.600000e+01  0.000000e+00  1.800000e+01
     vertex  7.600000e+01  9.577279e+00  9.475252e+00
     vertex  7.600000e+01  9.590852e+00  9.514104e+00
   endloop
 endfacet
 facet normal  1.000000e+00  0.000000e+00  0.000000e+00
   outer loop
     vertex  7.600000e+01  0.000000e+00  1.800000e+01
     vertex  7.600000e+01  9.590852e+00  9.514104e+00
     vertex  7.600000e+01  9.605487e+00  9.552569e+00
   endloop
 endfacet
 facet normal  1.000000e+00  0.000000e+00  0.000000e+00
   outer loop
     vertex  7.600000e+01  0.000000e+00  1.800000e+01
     vertex  7.600000e+01  9.605487e+00  9.552569e+00
     vertex  7.600000e+01  9.621171e+00  9.590619e+00
   endloop
 endfacet
 facet normal  1.000000e+00  0.000000e+00  0.000000e+00
   outer loop
     vertex  7.600000e+01  0.000000e+00  1.800000e+01
     vertex  7.600000e+01  9.621171e+00  9.590619e+00
     vertex  7.600000e+01  9.637893e+00  9.628223e+00
   endloop
 endfacet
 facet normal  1.000000e+00  0.000000e+00  0.000000e+00
   outer loop
     vertex  7.600000e+01  0.000000e+00  1.800000e+01
     vertex  7.600000e+01  9.637893e+00  9.628223e+00
     vertex  7.600000e+01  9.655640e+00  9.665355e+00
   endloop
 endfacet
 facet normal  1.000000e+00  0.000000e+00  0.000000e+00
   outer loop
     vertex  7.600000e+01  0.000000e+00  1.800000e+01
     vertex  7.600000e+01  9.655640e+00  9.665355e+00
     vertex  7.600000e+01  9.674400e+00  9.701986e+00
   endloop
 endfacet
 facet normal  1.000000e+00  0.000000e+00  0.000000e+00
   outer loop
     vertex  7.600000e+01  0.000000e+00  1.800000e+01
     vertex  7.600000e+01  9.674400e+00  9.701986e+00
     vertex  7.600000e+01  9.694157e+00  9.738088e+00
   endloop
 endfacet
 facet normal  1.000000e+00  0.000000e+00  0.000000e+00
   outer loop
     vertex  7.600000e+01  0.000000e+00  1.800000e+01
     vertex  7.600000e+01  9.694157e+00  9.738088e+00
     vertex  7.600000e+01  9.714897e+00  9.773635e+00
   endloop
 endfacet
 facet normal  1.000000e+00 -0.000000e+00  0.000000e+00
   outer loop
     vertex  7.600000e+01  0.000000e+00  1.800000e+01
     vertex  7.600000e+01  1.097942e+01  1.049986e+01
     vertex  7.600000e+01  2.200000e+01  1.800000e+01
   endloop
 endfacet
 facet normal  1.000000e+00  0.000000e+00  0.000000e+00
   outer loop
     vertex  7.600000e+01  0.000000e+00  1.800000e+01
     vertex  7.600000e+01  9.714897e+00  9.773635e+00
     vertex  7.600000e+01  9.736605e+00  9.808599e+00
   endloop
 endfacet
 facet normal  1.000000e+00  0.000000e+00  0.000000e+00
   outer loop
     vertex  7.600000e+01  0.000000e+00  1.800000e+01
     vertex  7.600000e+01  9.736605e+00  9.808599e+00
     vertex  7.600000e+01  9.759263e+00  9.842955e+00
   endloop
 endfacet
 facet normal  1.000000e+00  0.000000e+00  0.000000e+00
   outer loop
     vertex  7.600000e+01  0.000000e+00  1.800000e+01
     vertex  7.600000e+01  9.759263e+00  9.842955e+00
     vertex  7.600000e+01  9.782856e+00  9.876676e+00
   endloop
 endfacet
 facet normal  1.000000e+00  0.000000e+00  0.000000e+00
   outer loop
     vertex  7.600000e+01  0.000000e+00  1.800000e+01
     vertex  7.600000e+01  9.782856e+00  9.876676e+00
     vertex  7.600000e+01  9.807365e+00  9.909737e+00
   endloop
 endfacet
 facet normal  1.000000e+00  0.000000e+00  0.000000e+00
   outer loop
     vertex  7.600000e+01  0.000000e+00  1.800000e+01
     vertex  7.600000e+01  9.807365e+00  9.909737e+00
     vertex  7.600000e+01  9.832772e+00  9.942114e+00
   endloop
 endfacet
 facet normal  1.000000e+00  0.000000e+00  0.000000e+00
   outer loop
     vertex  7.600000e+01  0.000000e+00  1.800000e+01
     vertex  7.600000e+01  9.832772e+00  9.942114e+00
     vertex  7.600000e+01  9.859057e+00  9.973781e+00
   endloop
 endfacet
 facet normal  1.000000e+00  0.000000e+00  0.000000e+00
   outer loop
     vertex  7.600000e+01  0.000000e+00  1.800000e+01
     vertex  7.600000e+01  9.859057e+00  9.973781e+00
     vertex  7.600000e+01  9.886201e+00  1.000471e+01
   endloop
 endfacet
 facet normal  1.000000e+00  0.000000e+00  0.000000e+00
   outer loop
     vertex  7.600000e+01  0.000000e+00  1.800000e+01
     vertex  7.600000e+01  9.886201e+00  1.000471e+01
     vertex  7.600000e+01  9.914184e+00  1.003489e+01
   endloop
 endfacet
 facet normal  1.000000e+00  0.000000e+00  0.000000e+00
   outer loop
     vertex  7.600000e+01  0.000000e+00  1.800000e+01
     vertex  7.600000e+01  9.914184e+00  1.003489e+01
     vertex  7.600000e+01  9.942984e+00  1.006429e+01
   endloop
 endfacet
 facet normal  1.000000e+00  0.000000e+00  0.000000e+00
   outer loop
     vertex  7.600000e+01  0.000000e+00  1.800000e+01
     vertex  7.600000e+01  9.942984e+00  1.006429e+01
     vertex  7.600000e+01  9.972579e+00  1.009289e+01
   endloop
 endfacet
 facet normal  1.000000e+00  0.000000e+00  0.000000e+00
   outer loop
     vertex  7.600000e+01  0.000000e+00  1.800000e+01
     vertex  7.600000e+01  9.972579e+00  1.009289e+01
     vertex  7.600000e+01  1.000295e+01  1.012066e+01
   endloop
 endfacet
 facet normal  1.000000e+00  0.000000e+00  0.000000e+00
   outer loop
     vertex  7.600000e+01  0.000000e+00  1.800000e+01
     vertex  7.600000e+01  1.000295e+01  1.012066e+01
     vertex  7.600000e+01  1.003407e+01  1.014760e+01
   endloop
 endfacet
 facet normal  1.000000e+00  0.000000e+00  0.000000e+00
   outer loop
     vertex  7.600000e+01  0.000000e+00  1.800000e+01
     vertex  7.600000e+01  1.003407e+01  1.014760e+01
     vertex  7.600000e+01  1.006591e+01  1.017366e+01
   endloop
 endfacet
 facet normal  1.000000e+00  0.000000e+00  0.000000e+00
   outer loop
     vertex  7.600000e+01  0.000000e+00  1.800000e+01
     vertex  7.600000e+01  1.006591e+01  1.017366e+01
     vertex  7.600000e+01  1.009846e+01  1.019885e+01
   endloop
 endfacet
 facet normal  1.000000e+00  0.000000e+00  0.000000e+00
   outer loop
     vertex  7.600000e+01  0.000000e+00  1.800000e+01
     vertex  7.600000e+01  1.009846e+01  1.019885e+01
     vertex  7.600000e+01  1.013169e+01  1.022313e+01
   endloop
 endfacet
 facet normal  1.000000e+00  0.000000e+00  0.000000e+00
   outer loop
     vertex  7.600000e+01  0.000000e+00  1.800000e+01
     vertex  7.600000e+01  1.013169e+01  1.022313e+01
     vertex  7.600000e+01  1.016558e+01  1.024649e+01
   endloop
 endfacet
 facet normal  1.000000e+00  0.000000e+00  0.000000e+00
   outer loop
     vertex  7.600000e+01  0.000000e+00  1.800000e+01
     vertex  7.600000e+01  1.016558e+01  1.024649e+01
     vertex  7.600000e+01  1.020009e+01  1.026891e+01
   endloop
 endfacet
 facet normal  1.000000e+00  0.000000e+00  0.000000e+00
   outer loop
     vertex  7.600000e+01  0.000000e+00  1.800000e+01
     vertex  7.600000e+01  1.020009e+01  1.026891e+01
     vertex  7.600000e+01  1.023520e+01  1.029038e+01
   endloop
 endfacet
 facet normal  1.000000e+00  0.000000e+00  0.000000e+00
   outer loop
     vertex  7.600000e+01  0.000000e+00  1.800000e+01
     vertex  7.600000e+01  1.023520e+01  1.029038e+01
     vertex  7.600000e+01  1.027089e+01  1.031088e+01
   endloop
 endfacet
 facet normal  1.000000e+00  0.000000e+00  0.000000e+00
   outer loop
     vertex  4.500000e+00  5.000000e+00  1.800000e+01
     vertex  4.500000e+00  1.990128e+00  1.498799e+01
     vertex  4.500000e+00  2.074352e+00  1.474688e+01
   endloop
 endfacet
 facet normal  1.000000e+00  0.000000e+00  0.000000e+00
   outer loop
     vertex  4.500000e+00  5.000000e+00  1.800000e+01
     vertex  4.500000e+00  2.074352e+00  1.474688e+01
     vertex  4.500000e+00  2.165028e+00  1.450811e+01
   endloop
 endfacet
 facet normal  1.000000e+00  0.000000e+00  0.000000e+00
   outer loop
     vertex  4.500000e+00  5.000000e+00  1.800000e+01
     vertex  4.500000e+00  2.165028e+00  1.450811e+01
     vertex  4.500000e+00  2.262089e+00  1.427188e+01
   endloop
 endfacet
 facet normal  1.000000e+00  0.000000e+00  0.000000e+00
   outer loop
     vertex  4.500000e+00  5.000000e+00  1.800000e+01
     vertex  4.500000e+00  2.262089e+00  1.427188e+01
     vertex  4.500000e+00  2.365465e+00  1.403833e+01
   endloop
 endfacet
 facet normal  1.000000e+00  0.000000e+00  0.000000e+00
   outer loop
     vertex  4.500000e+00  5.000000e+00  1.800000e+01
     vertex  4.500000e+00  2.365465e+00  1.403833e+01
     vertex  4.500000e+00  2.475083e+00  1.380765e+01
   endloop
 endfacet
 facet normal  1.000000e+00  0.000000e+00  0.000000e+00
   outer loop
     vertex  4.500000e+00  5.000000e+00  1.800000e+01
     vertex  4.500000e+00  2.475083e+00  1.380765e+01
     vertex  4.500000e+00  2.590862e+00  1.358000e+01
   endloop
 endfacet
 facet normal  1.000000e+00  0.000000e+00  0.000000e+00
   outer loop
     vertex  4.500000e+00  5.000000e+00  1.800000e+01
     vertex  4.500000e+00  2.590862e+00  1.358000e+01
     vertex  4.500000e+00  2.712718e+00  1.335554e+01
   endloop
 endfacet
 facet normal  1.000000e+00  0.000000e+00  0.000000e+00
   outer loop
     vertex  4.500000e+00  5.000000e+00  1.800000e+01
     vertex  4.500000e+00  2.712718e+00  1.335554e+01
     vertex  4.500000e+00  2.840565e+00  1.313445e+01
   endloop
 endfacet
 facet normal  1.000000e+00  0.000000e+00  0.000000e+00
   outer loop
     vertex  4.500000e+00  5.000000e+00  1.800000e+01
     vertex  4.500000e+00  2.840565e+00  1.313445e+01
     vertex  4.500000e+00  2.974309e+00  1.291686e+01
   endloop
 endfacet
 facet normal  1.000000e+00  0.000000e+00  0.000000e+00
   outer loop
     vertex  4.500000e+00  5.000000e+00  1.800000e+01
     vertex  4.500000e+00  2.974309e+00  1.291686e+01
     vertex  4.500000e+00  3.113853e+00  1.270295e+01
   endloop
 endfacet
 facet normal  1.000000e+00  0.000000e+00  0.000000e+00
   outer loop
     vertex  4.500000e+00  5.000000e+00  1.800000e+01
     vertex  4.500000e+00  3.113853e+00  1.270295e+01
     vertex  4.500000e+00  3.259098e+00  1.249287e+01
   endloop
 endfacet
 facet normal  1.000000e+00  0.000000e+00  0.000000e+00
   outer loop
     vertex  4.500000e+00  5.000000e+00  1.800000e+01
     vertex  4.500000e+00  3.259098e+00  1.249287e+01
     vertex  4.500000e+00  3.409937e+00  1.228678e+01
   endloop
 endfacet
 facet normal  1.000000e+00  0.000000e+00  0.000000e+00
   outer loop
     vertex  4.500000e+00  5.000000e+00  1.800000e+01
     vertex  4.500000e+00  3.409937e+00  1.228678e+01
     vertex  4.500000e+00  3.566262e+00  1.208480e+01
   endloop
 endfacet
 facet normal  1.000000e+00  0.000000e+00  0.000000e+00
   outer loop
     vertex  4.500000e+00  5.000000e+00  1.800000e+01
     vertex  4.500000e+00  3.566262e+00  1.208480e+01
     vertex  4.500000e+00  3.727960e+00  1.188711e+01
   endloop
 endfacet
 facet normal  1.000000e+00  0.000000e+00  0.000000e+00
   outer loop
     vertex  4.500000e+00  5.000000e+00  1.800000e+01
     vertex  4.500000e+00  3.727960e+00  1.188711e+01
     vertex  4.500000e+00  3.894914e+00  1.169383e+01
   endloop
 endfacet
 facet normal  1.000000e+00  0.000000e+00  0.000000e+00
   outer loop
     vertex  4.500000e+00  5.000000e+00  1.800000e+01
     vertex  4.500000e+00  3.894914e+00  1.169383e+01
     vertex  4.500000e+00  4.067003e+00  1.150511e+01
   endloop
 endfacet
 facet normal  1.000000e+00  0.000000e+00  0.000000e+00
   outer loop
     vertex  4.500000e+00  5.000000e+00  1.800000e+01
     vertex  4.500000e+00  4.067003e+00  1.150511e+01
     vertex  4.500000e+00  4.244103e+00  1.132109e+01
   endloop
 endfacet
 facet normal  1.000000e+00  0.000000e+00  0.000000e+00
   outer loop
     vertex  4.500000e+00  5.000000e+00  1.800000e+01
     vertex  4.500000e+00  4.244103e+00  1.132109e+01
     vertex  4.500000e+00  4.426086e+00  1.114189e+01
   endloop
 endfacet
 facet normal  1.000000e+00  0.000000e+00  0.000000e+00
   outer loop
     vertex  4.500000e+00  5.000000e+00  1.800000e+01
     vertex  4.500000e+00  4.426086e+00  1.114189e+01
     vertex  4.500000e+00  4.612820e+00  1.096765e+01
   endloop
 endfacet
 facet normal  1.000000e+00  0.000000e+00  0.000000e+00
   outer loop
     vertex  4.500000e+00  5.000000e+00  1.800000e+01
     vertex  4.500000e+00  4.612820e+00  1.096765e+01
     vertex  4.500000e+00  4.804171e+00  1.079849e+01
   endloop
 endfacet
 facet normal  1.000000e+00  0.000000e+00  0.000000e+00
   outer loop
     vertex  4.500000e+00  5.000000e+00  1.800000e+01
     vertex  4.500000e+00  4.804171e+00  1.079849e+01
     vertex  4.500000e+00  5.000000e+00  1.063454e+01
   endloop
 endfacet
 facet normal  1.000000e+00 -0.000000e+00  0.000000e+00
   outer loop
     vertex  4.500000e+00  1.912415e+00  1.523128e+01
     vertex  4.500000e+00  1.990128e+00  1.498799e+01
     vertex  4.500000e+00  5.000000e+00  1.800000e+01
   endloop
 endfacet
 facet normal  1.000000e+00 -0.000000e+00  0.000000e+00
   outer loop
     vertex  4.500000e+00  1.841271e+00  1.547657e+01
     vertex  4.500000e+00  1.912415e+00  1.523128e+01
     vertex  4.500000e+00  5.000000e+00  1.800000e+01
   endloop
 endfacet
 facet normal  1.000000e+00 -0.000000e+00  0.000000e+00
   outer loop
     vertex  4.500000e+00  1.776746e+00  1.572369e+01
     vertex  4.500000e+00  1.841271e+00  1.547657e+01
     vertex  4.500000e+00  5.000000e+00  1.800000e+01
   endloop
 endfacet
 facet normal  1.000000e+00 -0.000000e+00  0.000000e+00
   outer loop
     vertex  4.500000e+00  1.718888e+00  1.597245e+01
     vertex  4.500000e+00  1.776746e+00  1.572369e+01
     vertex  4.500000e+00  5.000000e+00  1.800000e+01
   endloop
 endfacet
 facet normal  1.000000e+00 -0.000000e+00  0.000000e+00
   outer loop
     vertex  4.500000e+00  1.667738e+00  1.622268e+01
     vertex  4.500000e+00  1.718888e+00  1.597245e+01
     vertex  4.500000e+00  5.000000e+00  1.800000e+01
   endloop
 endfacet
 facet normal  1.000000e+00 -0.000000e+00  0.000000e+00
   outer loop
     vertex  4.500000e+00  1.623332e+00  1.647419e+01
     vertex  4.500000e+00  1.667738e+00  1.622268e+01
     vertex  4.500000e+00  5.000000e+00  1.800000e+01
   endloop
 endfacet
 facet normal  1.000000e+00 -0.000000e+00  0.000000e+00
   outer loop
     vertex  4.500000e+00  1.585704e+00  1.672680e+01
     vertex  4.500000e+00  1.623332e+00  1.647419e+01
     vertex  4.500000e+00  5.000000e+00  1.800000e+01
   endloop
 endfacet
 facet normal  1.000000e+00 -0.000000e+00  0.000000e+00
   outer loop
     vertex  4.500000e+00  1.554881e+00  1.698033e+01
     vertex  4.500000e+00  1.585704e+00  1.672680e+01
     vertex  4.500000e+00  5.000000e+00  1.800000e+01
   endloop
 endfacet
 facet normal  1.000000e+00 -0.000000e+00  0.000000e+00
   outer loop
     vertex  4.500000e+00  1.530883e+00  1.723461e+01
     vertex  4.500000e+00  1.554881e+00  1.698033e+01
     vertex  4.500000e+00  5.000000e+00  1.800000e+01
   endloop
 endfacet
 facet normal  1.000000e+00 -0.000000e+00  0.000000e+00
   outer loop
     vertex  4.500000e+00  1.513730e+00  1.748943e+01
     vertex  4.500000e+00  1.530883e+00  1.723461e+01
     vertex  4.500000e+00  5.000000e+00  1.800000e+01
   endloop
 endfacet
 facet normal  1.000000e+00 -0.000000e+00  0.000000e+00
   outer loop
     vertex  4.500000e+00  1.503433e+00  1.774462e+01
     vertex  4.500000e+00  1.513730e+00  1.748943e+01
     vertex  4.500000e+00  5.000000e+00  1.800000e+01
   endloop
 endfacet
 facet normal  1.000000e+00 -0.000000e+00  0.000000e+00
   outer loop
     vertex  4.500000e+00  1.500000e+00  1.800000e+01
     vertex  4.500000e+00  1.503433e+00  1.774462e+01
     vertex  4.500000e+00  5.000000e+00  1.800000e+01
   endloop
 endfacet
 facet normal  1.000000e+00 -0.000000e+00  0.000000e+00
   outer loop
     vertex  4.500000e+00  1.245881e+01  8.650887e+00
     vertex  4.500000e+00  1.244871e+01  8.611111e+00
     vertex  4.500000e+00  1.269721e+01  8.652836e+00
   endloop
 endfacet
 facet normal  1.000000e+00  0.000000e+00  0.000000e+00
   outer loop
     vertex  4.500000e+00  1.246781e+01  8.690924e+00
     vertex  4.500000e+00  1.245881e+01  8.650887e+00
     vertex  4.500000e+00  1.269721e+01  8.652836e+00
   endloop
 endfacet
 facet normal  1.000000e+00  0.000000e+00  0.000000e+00
   outer loop
     vertex  4.500000e+00  1.247572e+01  8.731193e+00
     vertex  4.500000e+00  1.246781e+01  8.690924e+00
     vertex  4.500000e+00  1.269721e+01  8.652836e+00
   endloop
 endfacet
 facet normal  1.000000e+00  0.000000e+00  0.000000e+00
   outer loop
     vertex  4.500000e+00  1.248252e+01  8.771662e+00
     vertex  4.500000e+00  1.247572e+01  8.731193e+00
     vertex  4.500000e+00  1.269721e+01  8.652836e+00
   endloop
 endfacet
 facet normal  1.000000e+00  0.000000e+00  0.000000e+00
   outer loop
     vertex  4.500000e+00  1.248821e+01  8.812303e+00
     vertex  4.500000e+00  1.248252e+01  8.771662e+00
     vertex  4.500000e+00  1.269721e+01  8.652836e+00
   endloop
 endfacet
 facet normal  1.000000e+00  0.000000e+00  0.000000e+00
   outer loop
     vertex  4.500000e+00  1.249279e+01  8.853084e+00
     vertex  4.500000e+00  1.248821e+01  8.812303e+00
     vertex  4.500000e+00  1.269721e+01  8.652836e+00
   endloop
 endfacet
 facet normal  1.000000e+00  0.000000e+00  0.000000e+00
   outer loop
     vertex  4.500000e+00  1.249625e+01  8.893975e+00
     vertex  4.500000e+00  1.249279e+01  8.853084e+00
     vertex  4.500000e+00  1.269721e+01  8.652836e+00
   endloop
 endfacet
 facet normal  1.000000e+00  0.000000e+00  0.000000e+00
   outer loop
     vertex  4.500000e+00  1.249859e+01  8.934945e+00
     vertex  4.500000e+00  1.249625e+01  8.893975e+00
     vertex  4.500000e+00  1.269721e+01  8.652836e+00
   endloop
 endfacet
 facet normal  1.000000e+00  0.000000e+00  0.000000e+00
   outer loop
     vertex  4.500000e+00  1.249859e+01  8.934945e+00
     vertex  4.500000e+00  1.269721e+01  8.652836e+00
     vertex  4.500000e+00  1.294452e+01  8.701137e+00
   endloop
 endfacet
 facet normal  1.000000e+00  0.000000e+00  0.000000e+00
   outer loop
     vertex  4.500000e+00  1.249981e+01  8.975964e+00
     vertex  4.500000e+00  1.249859e+01  8.934945e+00
     vertex  4.500000e+00  1.294452e+01  8.701137e+00
   endloop
 endfacet
 facet normal  1.000000e+00  0.000000e+00  0.000000e+00
   outer loop
     vertex  4.500000e+00  1.249990e+01  9.017002e+00
     vertex  4.500000e+00  1.249981e+01  8.975964e+00
     vertex  4.500000e+00  1.294452e+01  8.701137e+00
   endloop
 endfacet
 facet normal  1.000000e+00  0.000000e+00  0.000000e+00
   outer loop
     vertex  4.500000e+00  1.249888e+01  9.058026e+00
     vertex  4.500000e+00  1.249990e+01  9.017002e+00
     vertex  4.500000e+00  1.294452e+01  8.701137e+00
   endloop
 endfacet
 facet normal  1.000000e+00  0.000000e+00  0.000000e+00
   outer loop
     vertex  4.500000e+00  1.249673e+01  9.099007e+00
     vertex  4.500000e+00  1.249888e+01  9.058026e+00
     vertex  4.500000e+00  1.294452e+01  8.701137e+00
   endloop
 endfacet
 facet normal  1.000000e+00  0.000000e+00  0.000000e+00
   outer loop
     vertex  4.500000e+00  1.249346e+01  9.139914e+00
     vertex  4.500000e+00  1.249673e+01  9.099007e+00
     vertex  4.500000e+00  1.294452e+01  8.701137e+00
   endloop
 endfacet
 facet normal  1.000000e+00  0.000000e+00  0.000000e+00
   outer loop
     vertex  4.500000e+00  1.249346e+01  9.139914e+00
     vertex  4.500000e+00  1.294452e+01  8.701137e+00
     vertex  4.500000e+00  1.319045e+01  8.755979e+00
   endloop
 endfacet
 facet normal  1.000000e+00  0.000000e+00  0.000000e+00
   outer loop
     vertex  4.500000e+00  1.248907e+01  9.180716e+00
     vertex  4.500000e+00  1.249346e+01  9.139914e+00
     vertex  4.500000e+00  1.319045e+01  8.755979e+00
   endloop
 endfacet
 facet normal  1.000000e+00  0.000000e+00  0.000000e+00
   outer loop
     vertex  4.500000e+00  1.248357e+01  9.221383e+00
     vertex  4.500000e+00  1.248907e+01  9.180716e+00
     vertex  4.500000e+00  1.319045e+01  8.755979e+00
   endloop
 endfacet
 facet normal  1.000000e+00  0.000000e+00  0.000000e+00
   outer loop
     vertex  4.500000e+00  1.247696e+01  9.261884e+00
     vertex  4.500000e+00  1.248357e+01  9.221383e+00
     vertex  4.500000e+00  1.319045e+01  8.755979e+00
   endloop
 endfacet
 facet normal  1.000000e+00  0.000000e+00  0.000000e+00
   outer loop
     vertex  4.500000e+00  1.246925e+01  9.302189e+00
     vertex  4.500000e+00  1.247696e+01  9.261884e+00
     vertex  4.500000e+00  1.319045e+01  8.755979e+00
   endloop
 endfacet
 facet normal  1.000000e+00  0.000000e+00  0.000000e+00
   outer loop
     vertex  4.500000e+00  1.246925e+01  9.302189e+00
     vertex  4.500000e+00  1.319045e+01  8.755979e+00
     vertex  4.500000e+00  1.343485e+01  8.817325e+00
   endloop
 endfacet
 facet normal  1.000000e+00  0.000000e+00  0.000000e+00
   outer loop
     vertex  4.500000e+00  1.246043e+01  9.342268e+00
     vertex  4.500000e+00  1.246925e+01  9.302189e+00
     vertex  4.500000e+00  1.343485e+01  8.817325e+00
   endloop
 endfacet
 facet normal  1.000000e+00  0.000000e+00  0.000000e+00
   outer loop
     vertex  4.500000e+00  1.245052e+01  9.382091e+00
     vertex  4.500000e+00  1.246043e+01  9.342268e+00
     vertex  4.500000e+00  1.343485e+01  8.817325e+00
   endloop
 endfacet
 facet normal  1.000000e+00  0.000000e+00  0.000000e+00
   outer loop
     vertex  4.500000e+00  1.243952e+01  9.421627e+00
     vertex  4.500000e+00  1.245052e+01  9.382091e+00
     vertex  4.500000e+00  1.343485e+01  8.817325e+00
   endloop
 endfacet
 facet normal  1.000000e+00  0.000000e+00  0.000000e+00
   outer loop
     vertex  4.500000e+00  1.242745e+01  9.460849e+00
     vertex  4.500000e+00  1.243952e+01  9.421627e+00
     vertex  4.500000e+00  1.343485e+01  8.817325e+00
   endloop
 endfacet
 facet normal  1.000000e+00  0.000000e+00  0.000000e+00
   outer loop
     vertex  4.500000e+00  1.242745e+01  9.460849e+00
     vertex  4.500000e+00  1.343485e+01  8.817325e+00
     vertex  4.500000e+00  1.367753e+01  8.885132e+00
   endloop
 endfacet
 facet normal  1.000000e+00  0.000000e+00  0.000000e+00
   outer loop
     vertex  4.500000e+00  1.241431e+01  9.499725e+00
     vertex  4.500000e+00  1.242745e+01  9.460849e+00
     vertex  4.500000e+00  1.367753e+01  8.885132e+00
   endloop
 endfacet
 facet normal  1.000000e+00  0.000000e+00  0.000000e+00
   outer loop
     vertex  4.500000e+00  1.240011e+01  9.538227e+00
     vertex  4.500000e+00  1.241431e+01  9.499725e+00
     vertex  4.500000e+00  1.367753e+01  8.885132e+00
   endloop
 endfacet
 facet normal  1.000000e+00  0.000000e+00  0.000000e+00
   outer loop
     vertex  4.500000e+00  1.238486e+01  9.576327e+00
     vertex  4.500000e+00  1.240011e+01  9.538227e+00
     vertex  4.500000e+00  1.367753e+01  8.885132e+00
   endloop
 endfacet
 facet normal  1.000000e+00  0.000000e+00  0.000000e+00
   outer loop
     vertex  4.500000e+00  1.238486e+01  9.576327e+00
     vertex  4.500000e+00  1.367753e+01  8.885132e+00
     vertex  4.500000e+00  1.391833e+01  8.959350e+00
   endloop
 endfacet
 facet normal  1.000000e+00  0.000000e+00  0.000000e+00
   outer loop
     vertex  4.500000e+00  1.236858e+01  9.613995e+00
     vertex  4.500000e+00  1.238486e+01  9.576327e+00
     vertex  4.500000e+00  1.391833e+01  8.959350e+00
   endloop
 endfacet
 facet normal  1.000000e+00  0.000000e+00  0.000000e+00
   outer loop
     vertex  4.500000e+00  1.235127e+01  9.651203e+00
     vertex  4.500000e+00  1.236858e+01  9.613995e+00
     vertex  4.500000e+00  1.391833e+01  8.959350e+00
   endloop
 endfacet
 facet normal  1.000000e+00  0.000000e+00  0.000000e+00
   outer loop
     vertex  4.500000e+00  1.233295e+01  9.687924e+00
     vertex  4.500000e+00  1.391833e+01  8.959350e+00
     vertex  4.500000e+00  1.415708e+01  9.039929e+00
   endloop
 endfacet
 facet normal  1.000000e+00  0.000000e+00  0.000000e+00
   outer loop
     vertex  4.500000e+00  1.233295e+01  9.687924e+00
     vertex  4.500000e+00  1.235127e+01  9.651203e+00
     vertex  4.500000e+00  1.391833e+01  8.959350e+00
   endloop
 endfacet
 facet normal  1.000000e+00  0.000000e+00  0.000000e+00
   outer loop
     vertex  4.500000e+00  1.231363e+01  9.724130e+00
     vertex  4.500000e+00  1.233295e+01  9.687924e+00
     vertex  4.500000e+00  1.415708e+01  9.039929e+00
   endloop
 endfacet
 facet normal  1.000000e+00  0.000000e+00  0.000000e+00
   outer loop
     vertex  4.500000e+00  1.229333e+01  9.759795e+00
     vertex  4.500000e+00  1.231363e+01  9.724130e+00
     vertex  4.500000e+00  1.415708e+01  9.039929e+00
   endloop
 endfacet
 facet normal  1.000000e+00  0.000000e+00  0.000000e+00
   outer loop
     vertex  4.500000e+00  1.227207e+01  9.794890e+00
     vertex  4.500000e+00  1.415708e+01  9.039929e+00
     vertex  4.500000e+00  1.439360e+01  9.126812e+00
   endloop
 endfacet
 facet normal  1.000000e+00  0.000000e+00  0.000000e+00
   outer loop
     vertex  4.500000e+00  1.227207e+01  9.794890e+00
     vertex  4.500000e+00  1.229333e+01  9.759795e+00
     vertex  4.500000e+00  1.415708e+01  9.039929e+00
   endloop
 endfacet
 facet normal  1.000000e+00  0.000000e+00  0.000000e+00
   outer loop
     vertex  4.500000e+00  1.224984e+01  9.829391e+00
     vertex  4.500000e+00  1.227207e+01  9.794890e+00
     vertex  4.500000e+00  1.439360e+01  9.126812e+00
   endloop
 endfacet
 facet normal  1.000000e+00  0.000000e+00  0.000000e+00
   outer loop
     vertex  4.500000e+00  1.222669e+01  9.863270e+00
     vertex  4.500000e+00  1.224984e+01  9.829391e+00
     vertex  4.500000e+00  1.439360e+01  9.126812e+00
   endloop
 endfacet
 facet normal  1.000000e+00  0.000000e+00  0.000000e+00
   outer loop
     vertex  4.500000e+00  1.222669e+01  9.863270e+00
     vertex  4.500000e+00  1.439360e+01  9.126812e+00
     vertex  4.500000e+00  1.462774e+01  9.219937e+00
   endloop
 endfacet
 facet normal  1.000000e+00  0.000000e+00  0.000000e+00
   outer loop
     vertex  4.500000e+00  1.220261e+01  9.896504e+00
     vertex  4.500000e+00  1.222669e+01  9.863270e+00
     vertex  4.500000e+00  1.462774e+01  9.219937e+00
   endloop
 endfacet
 facet normal  1.000000e+00  0.000000e+00  0.000000e+00
   outer loop
     vertex  4.500000e+00  1.217764e+01  9.929067e+00
     vertex  4.500000e+00  1.462774e+01  9.219937e+00
     vertex  4.500000e+00  1.485933e+01  9.319239e+00
   endloop
 endfacet
 facet normal  1.000000e+00  0.000000e+00  0.000000e+00
   outer loop
     vertex  4.500000e+00  1.217764e+01  9.929067e+00
     vertex  4.500000e+00  1.220261e+01  9.896504e+00
     vertex  4.500000e+00  1.462774e+01  9.219937e+00
   endloop
 endfacet
 facet normal  1.000000e+00  0.000000e+00  0.000000e+00
   outer loop
     vertex  4.500000e+00  1.215178e+01  9.960934e+00
     vertex  4.500000e+00  1.217764e+01  9.929067e+00
     vertex  4.500000e+00  1.485933e+01  9.319239e+00
   endloop
 endfacet
 facet normal  1.000000e+00  0.000000e+00  0.000000e+00
   outer loop
     vertex  4.500000e+00  1.212507e+01  9.992082e+00
     vertex  4.500000e+00  1.215178e+01  9.960934e+00
     vertex  4.500000e+00  1.485933e+01  9.319239e+00
   endloop
 endfacet
 facet normal  1.000000e+00  0.000000e+00  0.000000e+00
   outer loop
     vertex  4.500000e+00  1.212507e+01  9.992082e+00
     vertex  4.500000e+00  1.485933e+01  9.319239e+00
     vertex  4.500000e+00  1.508820e+01  9.424648e+00
   endloop
 endfacet
 facet normal  1.000000e+00  0.000000e+00  0.000000e+00
   outer loop
     vertex  4.500000e+00  1.209751e+01  1.002249e+01
     vertex  4.500000e+00  1.508820e+01  9.424648e+00
     vertex  4.500000e+00  1.531419e+01  9.536090e+00
   endloop
 endfacet
 facet normal  1.000000e+00  0.000000e+00  0.000000e+00
   outer loop
     vertex  4.500000e+00  1.209751e+01  1.002249e+01
     vertex  4.500000e+00  1.212507e+01  9.992082e+00
     vertex  4.500000e+00  1.508820e+01  9.424648e+00
   endloop
 endfacet
 facet normal  1.000000e+00  0.000000e+00  0.000000e+00
   outer loop
     vertex  4.500000e+00  1.206912e+01  1.005213e+01
     vertex  4.500000e+00  1.209751e+01  1.002249e+01
     vertex  4.500000e+00  1.531419e+01  9.536090e+00
   endloop
 endfacet
 facet normal  1.000000e+00  0.000000e+00  0.000000e+00
   outer loop
     vertex  4.500000e+00  1.203994e+01  1.008098e+01
     vertex  4.500000e+00  1.531419e+01  9.536090e+00
     vertex  4.500000e+00  1.553715e+01  9.653487e+00
   endloop
 endfacet
 facet normal  1.000000e+00  0.000000e+00  0.000000e+00
   outer loop
     vertex  4.500000e+00  1.203994e+01  1.008098e+01
     vertex  4.500000e+00  1.206912e+01  1.005213e+01
     vertex  4.500000e+00  1.531419e+01  9.536090e+00
   endloop
 endfacet
 facet normal  1.000000e+00  0.000000e+00  0.000000e+00
   outer loop
     vertex  4.500000e+00  1.200998e+01  1.010902e+01
     vertex  4.500000e+00  1.553715e+01  9.653487e+00
     vertex  4.500000e+00  1.575692e+01  9.776756e+00
   endloop
 endfacet
 facet normal  1.000000e+00  0.000000e+00  0.000000e+00
   outer loop
     vertex  4.500000e+00  1.200998e+01  1.010902e+01
     vertex  4.500000e+00  1.203994e+01  1.008098e+01
     vertex  4.500000e+00  1.553715e+01  9.653487e+00
   endloop
 endfacet
 facet normal  1.000000e+00  0.000000e+00  0.000000e+00
   outer loop
     vertex  4.500000e+00  1.197927e+01  1.013624e+01
     vertex  4.500000e+00  1.200998e+01  1.010902e+01
     vertex  4.500000e+00  1.575692e+01  9.776756e+00
   endloop
 endfacet
 facet normal  1.000000e+00  0.000000e+00  0.000000e+00
   outer loop
     vertex  4.500000e+00  1.194782e+01  1.016260e+01
     vertex  4.500000e+00  1.575692e+01  9.776756e+00
     vertex  4.500000e+00  1.597334e+01  9.905809e+00
   endloop
 endfacet
 facet normal  1.000000e+00  0.000000e+00  0.000000e+00
   outer loop
     vertex  4.500000e+00  1.194782e+01  1.016260e+01
     vertex  4.500000e+00  1.197927e+01  1.013624e+01
     vertex  4.500000e+00  1.575692e+01  9.776756e+00
   endloop
 endfacet
 facet normal  1.000000e+00  0.000000e+00  0.000000e+00
   outer loop
     vertex  4.500000e+00  1.191566e+01  1.018809e+01
     vertex  4.500000e+00  1.194782e+01  1.016260e+01
     vertex  4.500000e+00  1.597334e+01  9.905809e+00
   endloop
 endfacet
 facet normal  1.000000e+00  0.000000e+00  0.000000e+00
   outer loop
     vertex  4.500000e+00  1.191566e+01  1.018809e+01
     vertex  4.500000e+00  1.597334e+01  9.905809e+00
     vertex  4.500000e+00  1.618626e+01  1.004056e+01
   endloop
 endfacet
 facet normal  1.000000e+00  0.000000e+00  0.000000e+00
   outer loop
     vertex  4.500000e+00  1.188282e+01  1.021270e+01
     vertex  4.500000e+00  1.618626e+01  1.004056e+01
     vertex  4.500000e+00  1.639553e+01  1.018091e+01
   endloop
 endfacet
 facet normal  1.000000e+00  0.000000e+00  0.000000e+00
   outer loop
     vertex  4.500000e+00  1.188282e+01  1.021270e+01
     vertex  4.500000e+00  1.191566e+01  1.018809e+01
     vertex  4.500000e+00  1.618626e+01  1.004056e+01
   endloop
 endfacet
 facet normal  1.000000e+00  0.000000e+00  0.000000e+00
   outer loop
     vertex  4.500000e+00  1.184931e+01  1.023639e+01
     vertex  4.500000e+00  1.188282e+01  1.021270e+01
     vertex  4.500000e+00  1.639553e+01  1.018091e+01
   endloop
 endfacet
 facet normal  1.000000e+00 -0.000000e+00  0.000000e+00
   outer loop
     vertex  4.500000e+00  1.184931e+01  1.023639e+01
     vertex  4.500000e+00  1.639553e+01  1.018091e+01
     vertex  4.500000e+00  1.660101e+01  1.032675e+01
   endloop
 endfacet
 facet normal  1.000000e+00 -0.000000e+00  0.000000e+00
   outer loop
     vertex  4.500000e+00  1.181517e+01  1.025916e+01
     vertex  4.500000e+00  1.184931e+01  1.023639e+01
     vertex  4.500000e+00  1.660101e+01  1.032675e+01
   endloop
 endfacet
 facet normal  1.000000e+00  0.000000e+00  0.000000e+00
   outer loop
     vertex  4.500000e+00  1.181517e+01  1.025916e+01
     vertex  4.500000e+00  1.660101e+01  1.032675e+01
     vertex  4.500000e+00  1.680255e+01  1.047800e+01
   endloop
 endfacet
 facet normal  1.000000e+00  0.000000e+00  0.000000e+00
   outer loop
     vertex  4.500000e+00  1.178042e+01  1.028099e+01
     vertex  4.500000e+00  1.680255e+01  1.047800e+01
     vertex  4.500000e+00  1.700000e+01  1.063454e+01
   endloop
 endfacet
 facet normal  1.000000e+00 -0.000000e+00  0.000000e+00
   outer loop
     vertex  4.500000e+00  1.178042e+01  1.028099e+01
     vertex  4.500000e+00  1.181517e+01  1.025916e+01
     vertex  4.500000e+00  1.680255e+01  1.047800e+01
   endloop
 endfacet
 facet normal  1.000000e+00 -0.000000e+00  0.000000e+00
   outer loop
     vertex  4.500000e+00  1.174509e+01  1.030186e+01
     vertex  4.500000e+00  1.178042e+01  1.028099e+01
     vertex  4.500000e+00  1.700000e+01  1.063454e+01
   endloop
 endfacet
 facet normal  1.000000e+00  0.000000e+00  0.000000e+00
   outer loop
     vertex  4.500000e+00  9.302789e+00  8.652836e+00
     vertex  4.500000e+00  9.511790e+00  8.812303e+00
     vertex  4.500000e+00  9.507212e+00  8.853084e+00
   endloop
 endfacet
 facet normal  1.000000e+00  0.000000e+00  0.000000e+00
   outer loop
     vertex  4.500000e+00  9.302789e+00  8.652836e+00
     vertex  4.500000e+00  9.517481e+00  8.771662e+00
     vertex  4.500000e+00  9.511790e+00  8.812303e+00
   endloop
 endfacet
 facet normal  1.000000e+00  0.000000e+00  0.000000e+00
   outer loop
     vertex  4.500000e+00  9.302789e+00  8.652836e+00
     vertex  4.500000e+00  9.524282e+00  8.731193e+00
     vertex  4.500000e+00  9.517481e+00  8.771662e+00
   endloop
 endfacet
 facet normal  1.000000e+00  0.000000e+00  0.000000e+00
   outer loop
     vertex  4.500000e+00  9.302789e+00  8.652836e+00
     vertex  4.500000e+00  9.532188e+00  8.690924e+00
     vertex  4.500000e+00  9.524282e+00  8.731193e+00
   endloop
 endfacet
 facet normal  1.000000e+00 -0.000000e+00  0.000000e+00
   outer loop
     vertex  4.500000e+00  9.302789e+00  8.652836e+00
     vertex  4.500000e+00  9.541192e+00  8.650887e+00
     vertex  4.500000e+00  9.532188e+00  8.690924e+00
   endloop
 endfacet
 facet normal  1.000000e+00  0.000000e+00  0.000000e+00
   outer loop
     vertex  4.500000e+00  9.302789e+00  8.652836e+00
     vertex  4.500000e+00  9.551288e+00  8.611111e+00
     vertex  4.500000e+00  9.541192e+00  8.650887e+00
   endloop
 endfacet
 facet normal  1.000000e+00  0.000000e+00  0.000000e+00
   outer loop
     vertex  4.500000e+00  9.503752e+00  8.893975e+00
     vertex  4.500000e+00  9.302789e+00  8.652836e+00
     vertex  4.500000e+00  9.507212e+00  8.853084e+00
   endloop
 endfacet
 facet normal  1.000000e+00  0.000000e+00  0.000000e+00
   outer loop
     vertex  4.500000e+00  9.501411e+00  8.934945e+00
     vertex  4.500000e+00  9.302789e+00  8.652836e+00
     vertex  4.500000e+00  9.503752e+00  8.893975e+00
   endloop
 endfacet
 facet normal  1.000000e+00 -0.000000e+00  0.000000e+00
   outer loop
     vertex  4.500000e+00  9.055484e+00  8.701137e+00
     vertex  4.500000e+00  9.302789e+00  8.652836e+00
     vertex  4.500000e+00  9.501411e+00  8.934945e+00
   endloop
 endfacet
 facet normal  1.000000e+00  0.000000e+00  0.000000e+00
   outer loop
     vertex  4.500000e+00  9.055484e+00  8.701137e+00
     vertex  4.500000e+00  9.503271e+00  9.099007e+00
     vertex  4.500000e+00  9.506540e+00  9.139914e+00
   endloop
 endfacet
 facet normal  1.000000e+00  0.000000e+00  0.000000e+00
   outer loop
     vertex  4.500000e+00  9.055484e+00  8.701137e+00
     vertex  4.500000e+00  9.501123e+00  9.058026e+00
     vertex  4.500000e+00  9.503271e+00  9.099007e+00
   endloop
 endfacet
 facet normal  1.000000e+00  0.000000e+00  0.000000e+00
   outer loop
     vertex  4.500000e+00  9.055484e+00  8.701137e+00
     vertex  4.500000e+00  9.500096e+00  9.017002e+00
     vertex  4.500000e+00  9.501123e+00  9.058026e+00
   endloop
 endfacet
 facet normal  1.000000e+00  0.000000e+00  0.000000e+00
   outer loop
     vertex  4.500000e+00  9.055484e+00  8.701137e+00
     vertex  4.500000e+00  9.500193e+00  8.975964e+00
     vertex  4.500000e+00  9.500096e+00  9.017002e+00
   endloop
 endfacet
 facet normal  1.000000e+00  0.000000e+00  0.000000e+00
   outer loop
     vertex  4.500000e+00  9.055484e+00  8.701137e+00
     vertex  4.500000e+00  9.501411e+00  8.934945e+00
     vertex  4.500000e+00  9.500193e+00  8.975964e+00
   endloop
 endfacet
 facet normal  1.000000e+00  0.000000e+00  0.000000e+00
   outer loop
     vertex  4.500000e+00  8.809547e+00  8.755979e+00
     vertex  4.500000e+00  9.523038e+00  9.261884e+00
     vertex  4.500000e+00  9.530755e+00  9.302189e+00
   endloop
 endfacet
 facet normal  1.000000e+00  0.000000e+00  0.000000e+00
   outer loop
     vertex  4.500000e+00  8.809547e+00  8.755979e+00
     vertex  4.500000e+00  9.516427e+00  9.221383e+00
     vertex  4.500000e+00  9.523038e+00  9.261884e+00
   endloop
 endfacet
 facet normal  1.000000e+00  0.000000e+00  0.000000e+00
   outer loop
     vertex  4.500000e+00  8.809547e+00  8.755979e+00
     vertex  4.500000e+00  9.510926e+00  9.180716e+00
     vertex  4.500000e+00  9.516427e+00  9.221383e+00
   endloop
 endfacet
 facet normal  1.000000e+00  0.000000e+00  0.000000e+00
   outer loop
     vertex  4.500000e+00  8.809547e+00  8.755979e+00
     vertex  4.500000e+00  9.506540e+00  9.139914e+00
     vertex  4.500000e+00  9.510926e+00  9.180716e+00
   endloop
 endfacet
 facet normal  1.000000e+00 -0.000000e+00  0.000000e+00
   outer loop
     vertex  4.500000e+00  8.809547e+00  8.755979e+00
     vertex  4.500000e+00  9.055484e+00  8.701137e+00
     vertex  4.500000e+00  9.506540e+00  9.139914e+00
   endloop
 endfacet
 facet normal  1.000000e+00 -0.000000e+00  0.000000e+00
   outer loop
     vertex  4.500000e+00  8.565151e+00  8.817325e+00
     vertex  4.500000e+00  8.809547e+00  8.755979e+00
     vertex  4.500000e+00  9.530755e+00  9.302189e+00
   endloop
 endfacet
 facet normal  1.000000e+00  0.000000e+00  0.000000e+00
   outer loop
     vertex  4.500000e+00  8.565151e+00  8.817325e+00
     vertex  4.500000e+00  9.560476e+00  9.421627e+00
     vertex  4.500000e+00  9.572548e+00  9.460849e+00
   endloop
 endfacet
 facet normal  1.000000e+00  0.000000e+00  0.000000e+00
   outer loop
     vertex  4.500000e+00  8.565151e+00  8.817325e+00
     vertex  4.500000e+00  9.549481e+00  9.382091e+00
     vertex  4.500000e+00  9.560476e+00  9.421627e+00
   endloop
 endfacet
 facet normal  1.000000e+00  0.000000e+00  0.000000e+00
   outer loop
     vertex  4.500000e+00  8.565151e+00  8.817325e+00
     vertex  4.500000e+00  9.539571e+00  9.342268e+00
     vertex  4.500000e+00  9.549481e+00  9.382091e+00
   endloop
 endfacet
 facet normal  1.000000e+00  0.000000e+00  0.000000e+00
   outer loop
     vertex  4.500000e+00  8.565151e+00  8.817325e+00
     vertex  4.500000e+00  9.530755e+00  9.302189e+00
     vertex  4.500000e+00  9.539571e+00  9.342268e+00
   endloop
 endfacet
 facet normal  1.000000e+00 -0.000000e+00  0.000000e+00
   outer loop
     vertex  4.500000e+00  8.322468e+00  8.885132e+00
     vertex  4.500000e+00  8.565151e+00  8.817325e+00
     vertex  4.500000e+00  9.572548e+00  9.460849e+00
   endloop
 endfacet
 facet normal  1.000000e+00  0.000000e+00  0.000000e+00
   outer loop
     vertex  4.500000e+00  8.322468e+00  8.885132e+00
     vertex  4.500000e+00  9.599889e+00  9.538227e+00
     vertex  4.500000e+00  9.615136e+00  9.576327e+00
   endloop
 endfacet
 facet normal  1.000000e+00  0.000000e+00  0.000000e+00
   outer loop
     vertex  4.500000e+00  8.322468e+00  8.885132e+00
     vertex  4.500000e+00  9.585689e+00  9.499725e+00
     vertex  4.500000e+00  9.599889e+00  9.538227e+00
   endloop
 endfacet
 facet normal  1.000000e+00  0.000000e+00  0.000000e+00
   outer loop
     vertex  4.500000e+00  8.322468e+00  8.885132e+00
     vertex  4.500000e+00  9.572548e+00  9.460849e+00
     vertex  4.500000e+00  9.585689e+00  9.499725e+00
   endloop
 endfacet
 facet normal  1.000000e+00  0.000000e+00  0.000000e+00
   outer loop
     vertex  4.500000e+00  8.081669e+00  8.959350e+00
     vertex  4.500000e+00  9.648729e+00  9.651203e+00
     vertex  4.500000e+00  9.667048e+00  9.687924e+00
   endloop
 endfacet
 facet normal  1.000000e+00  0.000000e+00  0.000000e+00
   outer loop
     vertex  4.500000e+00  8.081669e+00  8.959350e+00
     vertex  4.500000e+00  9.631420e+00  9.613995e+00
     vertex  4.500000e+00  9.648729e+00  9.651203e+00
   endloop
 endfacet
 facet normal  1.000000e+00  0.000000e+00  0.000000e+00
   outer loop
     vertex  4.500000e+00  8.081669e+00  8.959350e+00
     vertex  4.500000e+00  9.615136e+00  9.576327e+00
     vertex  4.500000e+00  9.631420e+00  9.613995e+00
   endloop
 endfacet
 facet normal  1.000000e+00 -0.000000e+00  0.000000e+00
   outer loop
     vertex  4.500000e+00  8.081669e+00  8.959350e+00
     vertex  4.500000e+00  8.322468e+00  8.885132e+00
     vertex  4.500000e+00  9.615136e+00  9.576327e+00
   endloop
 endfacet
 facet normal  1.000000e+00  0.000000e+00  0.000000e+00
   outer loop
     vertex  4.500000e+00  1.700000e+01  1.800000e+01
     vertex  4.500000e+00  1.174509e+01  1.030186e+01
     vertex  4.500000e+00  1.700000e+01  1.063454e+01
   endloop
 endfacet
 facet normal  1.000000e+00  0.000000e+00  0.000000e+00
   outer loop
     vertex  4.500000e+00  1.700000e+01  1.800000e+01
     vertex  4.500000e+00  1.170919e+01  1.032176e+01
     vertex  4.500000e+00  1.174509e+01  1.030186e+01
   endloop
 endfacet
 facet normal  1.000000e+00  0.000000e+00  0.000000e+00
   outer loop
     vertex  4.500000e+00  1.700000e+01  1.800000e+01
     vertex  4.500000e+00  1.167277e+01  1.034066e+01
     vertex  4.500000e+00  1.170919e+01  1.032176e+01
   endloop
 endfacet
 facet normal  1.000000e+00  0.000000e+00  0.000000e+00
   outer loop
     vertex  4.500000e+00  1.700000e+01  1.800000e+01
     vertex  4.500000e+00  1.163585e+01  1.035857e+01
     vertex  4.500000e+00  1.167277e+01  1.034066e+01
   endloop
 endfacet
 facet normal  1.000000e+00  0.000000e+00  0.000000e+00
   outer loop
     vertex  4.500000e+00  1.700000e+01  1.800000e+01
     vertex  4.500000e+00  1.159844e+01  1.037545e+01
     vertex  4.500000e+00  1.163585e+01  1.035857e+01
   endloop
 endfacet
 facet normal  1.000000e+00  0.000000e+00  0.000000e+00
   outer loop
     vertex  4.500000e+00  1.700000e+01  1.800000e+01
     vertex  4.500000e+00  1.156059e+01  1.039131e+01
     vertex  4.500000e+00  1.159844e+01  1.037545e+01
   endloop
 endfacet
 facet normal  1.000000e+00  0.000000e+00  0.000000e+00
   outer loop
     vertex  4.500000e+00  1.700000e+01  1.800000e+01
     vertex  4.500000e+00  1.152232e+01  1.040612e+01
     vertex  4.500000e+00  1.156059e+01  1.039131e+01
   endloop
 endfacet
 facet normal  1.000000e+00  0.000000e+00  0.000000e+00
   outer loop
     vertex  4.500000e+00  1.700000e+01  1.800000e+01
     vertex  4.500000e+00  1.148366e+01  1.041988e+01
     vertex  4.500000e+00  1.152232e+01  1.040612e+01
   endloop
 endfacet
 facet normal  1.000000e+00  0.000000e+00  0.000000e+00
   outer loop
     vertex  4.500000e+00  1.700000e+01  1.800000e+01
     vertex  4.500000e+00  1.144464e+01  1.043258e+01
     vertex  4.500000e+00  1.148366e+01  1.041988e+01
   endloop
 endfacet
 facet normal  1.000000e+00  0.000000e+00  0.000000e+00
   outer loop
     vertex  4.500000e+00  1.700000e+01  1.800000e+01
     vertex  4.500000e+00  1.140528e+01  1.044421e+01
     vertex  4.500000e+00  1.144464e+01  1.043258e+01
   endloop
 endfacet
 facet normal  1.000000e+00  0.000000e+00  0.000000e+00
   outer loop
     vertex  4.500000e+00  1.700000e+01  1.800000e+01
     vertex  4.500000e+00  1.136563e+01  1.045476e+01
     vertex  4.500000e+00  1.140528e+01  1.044421e+01
   endloop
 endfacet
 facet normal  1.000000e+00  0.000000e+00  0.000000e+00
   outer loop
     vertex  4.500000e+00  1.700000e+01  1.800000e+01
     vertex  4.500000e+00  1.132569e+01  1.046421e+01
     vertex  4.500000e+00  1.136563e+01  1.045476e+01
   endloop
 endfacet
 facet normal  1.000000e+00  0.000000e+00  0.000000e+00
   outer loop
     vertex  4.500000e+00  1.700000e+01  1.800000e+01
     vertex  4.500000e+00  1.128552e+01  1.047258e+01
     vertex  4.500000e+00  1.132569e+01  1.046421e+01
   endloop
 endfacet
 facet normal  1.000000e+00  0.000000e+00  0.000000e+00
   outer loop
     vertex  4.500000e+00  1.700000e+01  1.800000e+01
     vertex  4.500000e+00  1.124513e+01  1.047984e+01
     vertex  4.500000e+00  1.128552e+01  1.047258e+01
   endloop
 endfacet
 facet normal  1.000000e+00  0.000000e+00  0.000000e+00
   outer loop
     vertex  4.500000e+00  1.700000e+01  1.800000e+01
     vertex  4.500000e+00  1.120455e+01  1.048599e+01
     vertex  4.500000e+00  1.124513e+01  1.047984e+01
   endloop
 endfacet
 facet normal  1.000000e+00  0.000000e+00  0.000000e+00
   outer loop
     vertex  4.500000e+00  1.700000e+01  1.800000e+01
     vertex  4.500000e+00  1.116383e+01  1.049103e+01
     vertex  4.500000e+00  1.120455e+01  1.048599e+01
   endloop
 endfacet
 facet normal  1.000000e+00  0.000000e+00  0.000000e+00
   outer loop
     vertex  4.500000e+00  1.700000e+01  1.800000e+01
     vertex  4.500000e+00  1.112298e+01  1.049495e+01
     vertex  4.500000e+00  1.116383e+01  1.049103e+01
   endloop
 endfacet
 facet normal  1.000000e+00  0.000000e+00  0.000000e+00
   outer loop
     vertex  4.500000e+00  1.700000e+01  1.800000e+01
     vertex  4.500000e+00  1.108204e+01  1.049776e+01
     vertex  4.500000e+00  1.112298e+01  1.049495e+01
   endloop
 endfacet
 facet normal  1.000000e+00  0.000000e+00  0.000000e+00
   outer loop
     vertex  4.500000e+00  1.700000e+01  1.800000e+01
     vertex  4.500000e+00  1.104103e+01  1.049944e+01
     vertex  4.500000e+00  1.108204e+01  1.049776e+01
   endloop
 endfacet
 facet normal  1.000000e+00  0.000000e+00  0.000000e+00
   outer loop
     vertex  4.500000e+00  1.700000e+01  1.800000e+01
     vertex  4.500000e+00  1.100000e+01  1.050000e+01
     vertex  4.500000e+00  1.104103e+01  1.049944e+01
   endloop
 endfacet
 facet normal  1.000000e+00  0.000000e+00  0.000000e+00
   outer loop
     vertex  4.500000e+00  7.842923e+00  9.039929e+00
     vertex  4.500000e+00  9.706666e+00  9.759795e+00
     vertex  4.500000e+00  9.727935e+00  9.794890e+00
   endloop
 endfacet
 facet normal  1.000000e+00  0.000000e+00  0.000000e+00
   outer loop
     vertex  4.500000e+00  7.842923e+00  9.039929e+00
     vertex  4.500000e+00  9.686366e+00  9.724130e+00
     vertex  4.500000e+00  9.706666e+00  9.759795e+00
   endloop
 endfacet
 facet normal  1.000000e+00  0.000000e+00  0.000000e+00
   outer loop
     vertex  4.500000e+00  7.842923e+00  9.039929e+00
     vertex  4.500000e+00  9.667048e+00  9.687924e+00
     vertex  4.500000e+00  9.686366e+00  9.724130e+00
   endloop
 endfacet
 facet normal  1.000000e+00 -0.000000e+00  0.000000e+00
   outer loop
     vertex  4.500000e+00  7.842923e+00  9.039929e+00
     vertex  4.500000e+00  8.081669e+00  8.959350e+00
     vertex  4.500000e+00  9.667048e+00  9.687924e+00
   endloop
 endfacet
 facet normal  1.000000e+00 -0.000000e+00  0.000000e+00
   outer loop
     vertex  4.500000e+00  7.606398e+00  9.126812e+00
     vertex  4.500000e+00  7.842923e+00  9.039929e+00
     vertex  4.500000e+00  9.727935e+00  9.794890e+00
   endloop
 endfacet
 facet normal  1.000000e+00  0.000000e+00  0.000000e+00
   outer loop
     vertex  4.500000e+00  7.606398e+00  9.126812e+00
     vertex  4.500000e+00  9.750156e+00  9.829391e+00
     vertex  4.500000e+00  9.773312e+00  9.863270e+00
   endloop
 endfacet
 facet normal  1.000000e+00  0.000000e+00  0.000000e+00
   outer loop
     vertex  4.500000e+00  7.606398e+00  9.126812e+00
     vertex  4.500000e+00  9.727935e+00  9.794890e+00
     vertex  4.500000e+00  9.750156e+00  9.829391e+00
   endloop
 endfacet
 facet normal  1.000000e+00 -0.000000e+00  0.000000e+00
   outer loop
     vertex  4.500000e+00  7.372260e+00  9.219937e+00
     vertex  4.500000e+00  7.606398e+00  9.126812e+00
     vertex  4.500000e+00  9.773312e+00  9.863270e+00
   endloop
 endfacet
 facet normal  1.000000e+00  0.000000e+00  0.000000e+00
   outer loop
     vertex  4.500000e+00  7.372260e+00  9.219937e+00
     vertex  4.500000e+00  9.797386e+00  9.896504e+00
     vertex  4.500000e+00  9.822361e+00  9.929067e+00
   endloop
 endfacet
 facet normal  1.000000e+00  0.000000e+00  0.000000e+00
   outer loop
     vertex  4.500000e+00  7.372260e+00  9.219937e+00
     vertex  4.500000e+00  9.773312e+00  9.863270e+00
     vertex  4.500000e+00  9.797386e+00  9.896504e+00
   endloop
 endfacet
 facet normal  1.000000e+00 -0.000000e+00  0.000000e+00
   outer loop
     vertex  4.500000e+00  7.140675e+00  9.319239e+00
     vertex  4.500000e+00  7.372260e+00  9.219937e+00
     vertex  4.500000e+00  9.822361e+00  9.929067e+00
   endloop
 endfacet
 facet normal  1.000000e+00  0.000000e+00  0.000000e+00
   outer loop
     vertex  4.500000e+00  7.140675e+00  9.319239e+00
     vertex  4.500000e+00  9.848216e+00  9.960934e+00
     vertex  4.500000e+00  9.874934e+00  9.992082e+00
   endloop
 endfacet
 facet normal  1.000000e+00  0.000000e+00  0.000000e+00
   outer loop
     vertex  4.500000e+00  7.140675e+00  9.319239e+00
     vertex  4.500000e+00  9.822361e+00  9.929067e+00
     vertex  4.500000e+00  9.848216e+00  9.960934e+00
   endloop
 endfacet
 facet normal  1.000000e+00 -0.000000e+00  0.000000e+00
   outer loop
     vertex  4.500000e+00  6.911804e+00  9.424648e+00
     vertex  4.500000e+00  7.140675e+00  9.319239e+00
     vertex  4.500000e+00  9.874934e+00  9.992082e+00
   endloop
 endfacet
 facet normal  1.000000e+00  0.000000e+00  0.000000e+00
   outer loop
     vertex  4.500000e+00  6.911804e+00  9.424648e+00
     vertex  4.500000e+00  9.874934e+00  9.992082e+00
     vertex  4.500000e+00  9.902494e+00  1.002249e+01
   endloop
 endfacet
 facet normal  1.000000e+00 -0.000000e+00  0.000000e+00
   outer loop
     vertex  4.500000e+00  6.685810e+00  9.536090e+00
     vertex  4.500000e+00  6.911804e+00  9.424648e+00
     vertex  4.500000e+00  9.902494e+00  1.002249e+01
   endloop
 endfacet
 facet normal  1.000000e+00  0.000000e+00  0.000000e+00
   outer loop
     vertex  4.500000e+00  6.685810e+00  9.536090e+00
     vertex  4.500000e+00  9.930876e+00  1.005213e+01
     vertex  4.500000e+00  9.960057e+00  1.008098e+01
   endloop
 endfacet
 facet normal  1.000000e+00  0.000000e+00  0.000000e+00
   outer loop
     vertex  4.500000e+00  6.685810e+00  9.536090e+00
     vertex  4.500000e+00  9.902494e+00  1.002249e+01
     vertex  4.500000e+00  9.930876e+00  1.005213e+01
   endloop
 endfacet
 facet normal  1.000000e+00 -0.000000e+00  0.000000e+00
   outer loop
     vertex  4.500000e+00  6.462851e+00  9.653487e+00
     vertex  4.500000e+00  6.685810e+00  9.536090e+00
     vertex  4.500000e+00  9.960057e+00  1.008098e+01
   endloop
 endfacet
 facet normal  1.000000e+00  0.000000e+00  0.000000e+00
   outer loop
     vertex  4.500000e+00  6.462851e+00  9.653487e+00
     vertex  4.500000e+00  9.960057e+00  1.008098e+01
     vertex  4.500000e+00  9.990017e+00  1.010902e+01
   endloop
 endfacet
 facet normal  1.000000e+00 -0.000000e+00  0.000000e+00
   outer loop
     vertex  4.500000e+00  6.243084e+00  9.776756e+00
     vertex  4.500000e+00  6.462851e+00  9.653487e+00
     vertex  4.500000e+00  9.990017e+00  1.010902e+01
   endloop
 endfacet
 facet normal  1.000000e+00  0.000000e+00  0.000000e+00
   outer loop
     vertex  4.500000e+00  6.243084e+00  9.776756e+00
     vertex  4.500000e+00  1.002073e+01  1.013624e+01
     vertex  4.500000e+00  1.005218e+01  1.016260e+01
   endloop
 endfacet
 facet normal  1.000000e+00  0.000000e+00  0.000000e+00
   outer loop
     vertex  4.500000e+00  6.243084e+00  9.776756e+00
     vertex  4.500000e+00  9.990017e+00  1.010902e+01
     vertex  4.500000e+00  1.002073e+01  1.013624e+01
   endloop
 endfacet
 facet normal  1.000000e+00 -0.000000e+00  0.000000e+00
   outer loop
     vertex  4.500000e+00  6.026663e+00  9.905809e+00
     vertex  4.500000e+00  6.243084e+00  9.776756e+00
     vertex  4.500000e+00  1.005218e+01  1.016260e+01
   endloop
 endfacet
 facet normal  1.000000e+00  0.000000e+00  0.000000e+00
   outer loop
     vertex  4.500000e+00  6.026663e+00  9.905809e+00
     vertex  4.500000e+00  1.005218e+01  1.016260e+01
     vertex  4.500000e+00  1.008434e+01  1.018809e+01
   endloop
 endfacet
 facet normal  1.000000e+00 -0.000000e+00  0.000000e+00
   outer loop
     vertex  4.500000e+00  5.813742e+00  1.004056e+01
     vertex  4.500000e+00  6.026663e+00  9.905809e+00
     vertex  4.500000e+00  1.008434e+01  1.018809e+01
   endloop
 endfacet
 facet normal  1.000000e+00  0.000000e+00  0.000000e+00
   outer loop
     vertex  4.500000e+00  5.813742e+00  1.004056e+01
     vertex  4.500000e+00  1.008434e+01  1.018809e+01
     vertex  4.500000e+00  1.011718e+01  1.021270e+01
   endloop
 endfacet
 facet normal  1.000000e+00 -0.000000e+00  0.000000e+00
   outer loop
     vertex  4.500000e+00  5.604469e+00  1.018091e+01
     vertex  4.500000e+00  5.813742e+00  1.004056e+01
     vertex  4.500000e+00  1.011718e+01  1.021270e+01
   endloop
 endfacet
 facet normal  1.000000e+00  0.000000e+00  0.000000e+00
   outer loop
     vertex  4.500000e+00  5.604469e+00  1.018091e+01
     vertex  4.500000e+00  1.011718e+01  1.021270e+01
     vertex  4.500000e+00  1.015069e+01  1.023639e+01
   endloop
 endfacet
 facet normal  1.000000e+00  0.000000e+00  0.000000e+00
   outer loop
     vertex  4.500000e+00  5.398991e+00  1.032675e+01
     vertex  4.500000e+00  5.604469e+00  1.018091e+01
     vertex  4.500000e+00  1.015069e+01  1.023639e+01
   endloop
 endfacet
 facet normal  1.000000e+00  0.000000e+00  0.000000e+00
   outer loop
     vertex  4.500000e+00  5.398991e+00  1.032675e+01
     vertex  4.500000e+00  1.015069e+01  1.023639e+01
     vertex  4.500000e+00  1.018483e+01  1.025916e+01
   endloop
 endfacet
 facet normal  1.000000e+00  0.000000e+00  0.000000e+00
   outer loop
     vertex  4.500000e+00  5.197455e+00  1.047800e+01
     vertex  4.500000e+00  5.398991e+00  1.032675e+01
     vertex  4.500000e+00  1.018483e+01  1.025916e+01
   endloop
 endfacet
 facet normal  1.000000e+00  0.000000e+00  0.000000e+00
   outer loop
     vertex  4.500000e+00  5.197455e+00  1.047800e+01
     vertex  4.500000e+00  1.018483e+01  1.025916e+01
     vertex  4.500000e+00  1.021958e+01  1.028099e+01
   endloop
 endfacet
 facet normal  1.000000e+00  0.000000e+00  0.000000e+00
   outer loop
     vertex  4.500000e+00  5.000000e+00  1.063454e+01
     vertex  4.500000e+00  5.197455e+00  1.047800e+01
     vertex  4.500000e+00  1.021958e+01  1.028099e+01
   endloop
 endfacet
 facet normal  1.000000e+00  0.000000e+00  0.000000e+00
   outer loop
     vertex  4.500000e+00  5.000000e+00  1.063454e+01
     vertex  4.500000e+00  1.021958e+01  1.028099e+01
     vertex  4.500000e+00  1.025491e+01  1.030186e+01
   endloop
 endfacet
 facet normal  1.000000e+00  0.000000e+00  0.000000e+00
   outer loop
     vertex  4.500000e+00  5.000000e+00  1.800000e+01
     vertex  4.500000e+00  1.095897e+01  1.049944e+01
     vertex  4.500000e+00  1.100000e+01  1.050000e+01
   endloop
 endfacet
 facet normal  1.000000e+00  0.000000e+00  0.000000e+00
   outer loop
     vertex  4.500000e+00  5.000000e+00  1.800000e+01
     vertex  4.500000e+00  1.091796e+01  1.049776e+01
     vertex  4.500000e+00  1.095897e+01  1.049944e+01
   endloop
 endfacet
 facet normal  1.000000e+00  0.000000e+00  0.000000e+00
   outer loop
     vertex  4.500000e+00  5.000000e+00  1.800000e+01
     vertex  4.500000e+00  1.087702e+01  1.049495e+01
     vertex  4.500000e+00  1.091796e+01  1.049776e+01
   endloop
 endfacet
 facet normal  1.000000e+00  0.000000e+00  0.000000e+00
   outer loop
     vertex  4.500000e+00  5.000000e+00  1.800000e+01
     vertex  4.500000e+00  1.083617e+01  1.049103e+01
     vertex  4.500000e+00  1.087702e+01  1.049495e+01
   endloop
 endfacet
 facet normal  1.000000e+00  0.000000e+00  0.000000e+00
   outer loop
     vertex  4.500000e+00  5.000000e+00  1.800000e+01
     vertex  4.500000e+00  1.079545e+01  1.048599e+01
     vertex  4.500000e+00  1.083617e+01  1.049103e+01
   endloop
 endfacet
 facet normal  1.000000e+00  0.000000e+00  0.000000e+00
   outer loop
     vertex  4.500000e+00  5.000000e+00  1.800000e+01
     vertex  4.500000e+00  1.075487e+01  1.047984e+01
     vertex  4.500000e+00  1.079545e+01  1.048599e+01
   endloop
 endfacet
 facet normal  1.000000e+00  0.000000e+00  0.000000e+00
   outer loop
     vertex  4.500000e+00  5.000000e+00  1.800000e+01
     vertex  4.500000e+00  5.000000e+00  1.063454e+01
     vertex  4.500000e+00  1.025491e+01  1.030186e+01
   endloop
 endfacet
 facet normal  1.000000e+00  0.000000e+00  0.000000e+00
   outer loop
     vertex  4.500000e+00  5.000000e+00  1.800000e+01
     vertex  4.500000e+00  1.071448e+01  1.047258e+01
     vertex  4.500000e+00  1.075487e+01  1.047984e+01
   endloop
 endfacet
 facet normal  1.000000e+00  0.000000e+00  0.000000e+00
   outer loop
     vertex  4.500000e+00  5.000000e+00  1.800000e+01
     vertex  4.500000e+00  1.067431e+01  1.046421e+01
     vertex  4.500000e+00  1.071448e+01  1.047258e+01
   endloop
 endfacet
 facet normal  1.000000e+00  0.000000e+00  0.000000e+00
   outer loop
     vertex  4.500000e+00  5.000000e+00  1.800000e+01
     vertex  4.500000e+00  1.063437e+01  1.045476e+01
     vertex  4.500000e+00  1.067431e+01  1.046421e+01
   endloop
 endfacet
 facet normal  1.000000e+00  0.000000e+00  0.000000e+00
   outer loop
     vertex  4.500000e+00  5.000000e+00  1.800000e+01
     vertex  4.500000e+00  1.059472e+01  1.044421e+01
     vertex  4.500000e+00  1.063437e+01  1.045476e+01
   endloop
 endfacet
 facet normal  1.000000e+00  0.000000e+00  0.000000e+00
   outer loop
     vertex  4.500000e+00  5.000000e+00  1.800000e+01
     vertex  4.500000e+00  1.055536e+01  1.043258e+01
     vertex  4.500000e+00  1.059472e+01  1.044421e+01
   endloop
 endfacet
 facet normal  1.000000e+00  0.000000e+00  0.000000e+00
   outer loop
     vertex  4.500000e+00  5.000000e+00  1.800000e+01
     vertex  4.500000e+00  1.051634e+01  1.041988e+01
     vertex  4.500000e+00  1.055536e+01  1.043258e+01
   endloop
 endfacet
 facet normal  1.000000e+00  0.000000e+00  0.000000e+00
   outer loop
     vertex  4.500000e+00  5.000000e+00  1.800000e+01
     vertex  4.500000e+00  1.047768e+01  1.040612e+01
     vertex  4.500000e+00  1.051634e+01  1.041988e+01
   endloop
 endfacet
 facet normal  1.000000e+00  0.000000e+00  0.000000e+00
   outer loop
     vertex  4.500000e+00  5.000000e+00  1.800000e+01
     vertex  4.500000e+00  1.043941e+01  1.039131e+01
     vertex  4.500000e+00  1.047768e+01  1.040612e+01
   endloop
 endfacet
 facet normal  1.000000e+00  0.000000e+00  0.000000e+00
   outer loop
     vertex  4.500000e+00  5.000000e+00  1.800000e+01
     vertex  4.500000e+00  1.040156e+01  1.037545e+01
     vertex  4.500000e+00  1.043941e+01  1.039131e+01
   endloop
 endfacet
 facet normal  1.000000e+00  0.000000e+00  0.000000e+00
   outer loop
     vertex  4.500000e+00  5.000000e+00  1.800000e+01
     vertex  4.500000e+00  1.036415e+01  1.035857e+01
     vertex  4.500000e+00  1.040156e+01  1.037545e+01
   endloop
 endfacet
 facet normal  1.000000e+00  0.000000e+00  0.000000e+00
   outer loop
     vertex  4.500000e+00  5.000000e+00  1.800000e+01
     vertex  4.500000e+00  1.032723e+01  1.034066e+01
     vertex  4.500000e+00  1.036415e+01  1.035857e+01
   endloop
 endfacet
 facet normal  1.000000e+00 -0.000000e+00  0.000000e+00
   outer loop
     vertex  4.500000e+00  5.000000e+00  1.800000e+01
     vertex  4.500000e+00  1.100000e+01  1.050000e+01
     vertex  4.500000e+00  1.700000e+01  1.800000e+01
   endloop
 endfacet
 facet normal  1.000000e+00  0.000000e+00  0.000000e+00
   outer loop
     vertex  4.500000e+00  5.000000e+00  1.800000e+01
     vertex  4.500000e+00  1.029081e+01  1.032176e+01
     vertex  4.500000e+00  1.032723e+01  1.034066e+01
   endloop
 endfacet
 facet normal  1.000000e+00  0.000000e+00  0.000000e+00
   outer loop
     vertex  4.500000e+00  5.000000e+00  1.800000e+01
     vertex  4.500000e+00  1.025491e+01  1.030186e+01
     vertex  4.500000e+00  1.029081e+01  1.032176e+01
   endloop
 endfacet
 facet normal  1.000000e+00  0.000000e+00  0.000000e+00
   outer loop
     vertex  4.500000e+00  1.700000e+01  1.800000e+01
     vertex  4.500000e+00  1.719583e+01  1.079849e+01
     vertex  4.500000e+00  1.738718e+01  1.096765e+01
   endloop
 endfacet
 facet normal  1.000000e+00  0.000000e+00  0.000000e+00
   outer loop
     vertex  4.500000e+00  1.700000e+01  1.800000e+01
     vertex  4.500000e+00  1.738718e+01  1.096765e+01
     vertex  4.500000e+00  1.757391e+01  1.114189e+01
   endloop
 endfacet
 facet normal  1.000000e+00  0.000000e+00  0.000000e+00
   outer loop
     vertex  4.500000e+00  1.700000e+01  1.800000e+01
     vertex  4.500000e+00  1.757391e+01  1.114189e+01
     vertex  4.500000e+00  1.775590e+01  1.132109e+01
   endloop
 endfacet
 facet normal  1.000000e+00  0.000000e+00  0.000000e+00
   outer loop
     vertex  4.500000e+00  1.700000e+01  1.800000e+01
     vertex  4.500000e+00  1.775590e+01  1.132109e+01
     vertex  4.500000e+00  1.793300e+01  1.150511e+01
   endloop
 endfacet
 facet normal  1.000000e+00  0.000000e+00  0.000000e+00
   outer loop
     vertex  4.500000e+00  1.700000e+01  1.800000e+01
     vertex  4.500000e+00  1.793300e+01  1.150511e+01
     vertex  4.500000e+00  1.810509e+01  1.169383e+01
   endloop
 endfacet
 facet normal  1.000000e+00  0.000000e+00  0.000000e+00
   outer loop
     vertex  4.500000e+00  1.700000e+01  1.800000e+01
     vertex  4.500000e+00  1.810509e+01  1.169383e+01
     vertex  4.500000e+00  1.827204e+01  1.188711e+01
   endloop
 endfacet
 facet normal  1.000000e+00  0.000000e+00  0.000000e+00
   outer loop
     vertex  4.500000e+00  1.700000e+01  1.800000e+01
     vertex  4.500000e+00  1.827204e+01  1.188711e+01
     vertex  4.500000e+00  1.843374e+01  1.208480e+01
   endloop
 endfacet
 facet normal  1.000000e+00  0.000000e+00  0.000000e+00
   outer loop
     vertex  4.500000e+00  1.700000e+01  1.800000e+01
     vertex  4.500000e+00  1.843374e+01  1.208480e+01
     vertex  4.500000e+00  1.859006e+01  1.228678e+01
   endloop
 endfacet
 facet normal  1.000000e+00  0.000000e+00  0.000000e+00
   outer loop
     vertex  4.500000e+00  1.700000e+01  1.800000e+01
     vertex  4.500000e+00  1.859006e+01  1.228678e+01
     vertex  4.500000e+00  1.874090e+01  1.249287e+01
   endloop
 endfacet
 facet normal  1.000000e+00  0.000000e+00  0.000000e+00
   outer loop
     vertex  4.500000e+00  1.700000e+01  1.800000e+01
     vertex  4.500000e+00  1.874090e+01  1.249287e+01
     vertex  4.500000e+00  1.888615e+01  1.270295e+01
   endloop
 endfacet
 facet normal  1.000000e+00  0.000000e+00  0.000000e+00
   outer loop
     vertex  4.500000e+00  1.700000e+01  1.800000e+01
     vertex  4.500000e+00  1.888615e+01  1.270295e+01
     vertex  4.500000e+00  1.902569e+01  1.291686e+01
   endloop
 endfacet
 facet normal  1.000000e+00  0.000000e+00  0.000000e+00
   outer loop
     vertex  4.500000e+00  1.700000e+01  1.800000e+01
     vertex  4.500000e+00  1.902569e+01  1.291686e+01
     vertex  4.500000e+00  1.915944e+01  1.313445e+01
   endloop
 endfacet
 facet normal  1.000000e+00  0.000000e+00  0.000000e+00
   outer loop
     vertex  4.500000e+00  1.700000e+01  1.800000e+01
     vertex  4.500000e+00  1.915944e+01  1.313445e+01
     vertex  4.500000e+00  1.928728e+01  1.335554e+01
   endloop
 endfacet
 facet normal  1.000000e+00  0.000000e+00  0.000000e+00
   outer loop
     vertex  4.500000e+00  1.700000e+01  1.800000e+01
     vertex  4.500000e+00  1.928728e+01  1.335554e+01
     vertex  4.500000e+00  1.940914e+01  1.358000e+01
   endloop
 endfacet
 facet normal  1.000000e+00  0.000000e+00  0.000000e+00
   outer loop
     vertex  4.500000e+00  1.700000e+01  1.800000e+01
     vertex  4.500000e+00  1.940914e+01  1.358000e+01
     vertex  4.500000e+00  1.952492e+01  1.380765e+01
   endloop
 endfacet
 facet normal  1.000000e+00  0.000000e+00  0.000000e+00
   outer loop
     vertex  4.500000e+00  1.700000e+01  1.800000e+01
     vertex  4.500000e+00  1.952492e+01  1.380765e+01
     vertex  4.500000e+00  1.963453e+01  1.403833e+01
   endloop
 endfacet
 facet normal  1.000000e+00  0.000000e+00  0.000000e+00
   outer loop
     vertex  4.500000e+00  1.700000e+01  1.800000e+01
     vertex  4.500000e+00  1.963453e+01  1.403833e+01
     vertex  4.500000e+00  1.973791e+01  1.427188e+01
   endloop
 endfacet
 facet normal  1.000000e+00  0.000000e+00  0.000000e+00
   outer loop
     vertex  4.500000e+00  1.700000e+01  1.800000e+01
     vertex  4.500000e+00  1.973791e+01  1.427188e+01
     vertex  4.500000e+00  1.983497e+01  1.450811e+01
   endloop
 endfacet
 facet normal  1.000000e+00  0.000000e+00  0.000000e+00
   outer loop
     vertex  4.500000e+00  1.700000e+01  1.800000e+01
     vertex  4.500000e+00  1.983497e+01  1.450811e+01
     vertex  4.500000e+00  1.992565e+01  1.474688e+01
   endloop
 endfacet
 facet normal  1.000000e+00  0.000000e+00  0.000000e+00
   outer loop
     vertex  4.500000e+00  1.700000e+01  1.800000e+01
     vertex  4.500000e+00  1.992565e+01  1.474688e+01
     vertex  4.500000e+00  2.000987e+01  1.498799e+01
   endloop
 endfacet
 facet normal  1.000000e+00  0.000000e+00  0.000000e+00
   outer loop
     vertex  4.500000e+00  1.700000e+01  1.800000e+01
     vertex  4.500000e+00  2.000987e+01  1.498799e+01
     vertex  4.500000e+00  2.008758e+01  1.523128e+01
   endloop
 endfacet
 facet normal  1.000000e+00  0.000000e+00  0.000000e+00
   outer loop
     vertex  4.500000e+00  1.700000e+01  1.800000e+01
     vertex  4.500000e+00  2.008758e+01  1.523128e+01
     vertex  4.500000e+00  2.015873e+01  1.547657e+01
   endloop
 endfacet
 facet normal  1.000000e+00  0.000000e+00  0.000000e+00
   outer loop
     vertex  4.500000e+00  1.700000e+01  1.800000e+01
     vertex  4.500000e+00  2.015873e+01  1.547657e+01
     vertex  4.500000e+00  2.022325e+01  1.572369e+01
   endloop
 endfacet
 facet normal  1.000000e+00  0.000000e+00  0.000000e+00
   outer loop
     vertex  4.500000e+00  1.700000e+01  1.800000e+01
     vertex  4.500000e+00  2.022325e+01  1.572369e+01
     vertex  4.500000e+00  2.028111e+01  1.597245e+01
   endloop
 endfacet
 facet normal  1.000000e+00  0.000000e+00  0.000000e+00
   outer loop
     vertex  4.500000e+00  1.700000e+01  1.800000e+01
     vertex  4.500000e+00  2.028111e+01  1.597245e+01
     vertex  4.500000e+00  2.033226e+01  1.622268e+01
   endloop
 endfacet
 facet normal  1.000000e+00  0.000000e+00  0.000000e+00
   outer loop
     vertex  4.500000e+00  1.700000e+01  1.800000e+01
     vertex  4.500000e+00  2.033226e+01  1.622268e+01
     vertex  4.500000e+00  2.037667e+01  1.647419e+01
   endloop
 endfacet
 facet normal  1.000000e+00  0.000000e+00  0.000000e+00
   outer loop
     vertex  4.500000e+00  1.700000e+01  1.800000e+01
     vertex  4.500000e+00  2.037667e+01  1.647419e+01
     vertex  4.500000e+00  2.041430e+01  1.672680e+01
   endloop
 endfacet
 facet normal  1.000000e+00  0.000000e+00  0.000000e+00
   outer loop
     vertex  4.500000e+00  1.700000e+01  1.800000e+01
     vertex  4.500000e+00  2.041430e+01  1.672680e+01
     vertex  4.500000e+00  2.044512e+01  1.698033e+01
   endloop
 endfacet
 facet normal  1.000000e+00  0.000000e+00  0.000000e+00
   outer loop
     vertex  4.500000e+00  1.700000e+01  1.800000e+01
     vertex  4.500000e+00  2.044512e+01  1.698033e+01
     vertex  4.500000e+00  2.046912e+01  1.723461e+01
   endloop
 endfacet
 facet normal  1.000000e+00  0.000000e+00  0.000000e+00
   outer loop
     vertex  4.500000e+00  1.700000e+01  1.800000e+01
     vertex  4.500000e+00  2.046912e+01  1.723461e+01
     vertex  4.500000e+00  2.048627e+01  1.748943e+01
   endloop
 endfacet
 facet normal  1.000000e+00  0.000000e+00  0.000000e+00
   outer loop
     vertex  4.500000e+00  1.700000e+01  1.800000e+01
     vertex  4.500000e+00  2.048627e+01  1.748943e+01
     vertex  4.500000e+00  2.049657e+01  1.774462e+01
   endloop
 endfacet
 facet normal  1.000000e+00 -0.000000e+00  0.000000e+00
   outer loop
     vertex  4.500000e+00  1.700000e+01  1.800000e+01
     vertex  4.500000e+00  2.049657e+01  1.774462e+01
     vertex  4.500000e+00  2.050000e+01  1.800000e+01
   endloop
 endfacet
 facet normal  1.000000e+00  0.000000e+00  0.000000e+00
   outer loop
     vertex  4.500000e+00  1.700000e+01  1.800000e+01
     vertex  4.500000e+00  1.700000e+01  1.063454e+01
     vertex  4.500000e+00  1.719583e+01  1.079849e+01
   endloop
 endfacet
 facet normal  0.000000e+00  9.999097e-01  1.344214e-02
   outer loop
     vertex  7.150000e+01  1.500000e+00  1.800000e+01
     vertex  4.500000e+00  1.503433e+00  1.774462e+01
     vertex  4.500000e+00  1.500000e+00  1.800000e+01
   endloop
 endfacet
 facet normal  0.000000e+00  9.999097e-01  1.344214e-02
   outer loop
     vertex  7.150000e+01  1.503433e+00  1.774462e+01
     vertex  4.500000e+00  1.503433e+00  1.774462e+01
     vertex  7.150000e+01  1.500000e+00  1.800000e+01
   endloop
 endfacet
 facet normal  0.000000e+00  9.991870e-01  4.031672e-02
   outer loop
     vertex  7.150000e+01  1.513730e+00  1.748943e+01
     vertex  4.500000e+00  1.513730e+00  1.748943e+01
     vertex  4.500000e+00  1.503433e+00  1.774462e+01
   endloop
 endfacet
 facet normal  0.000000e+00  9.991870e-01  4.031672e-02
   outer loop
     vertex  7.150000e+01  1.513730e+00  1.748943e+01
     vertex  4.500000e+00  1.503433e+00  1.774462e+01
     vertex  7.150000e+01  1.503433e+00  1.774462e+01
   endloop
 endfacet
 facet normal  0.000000e+00  9.977421e-01  6.716215e-02
   outer loop
     vertex  7.150000e+01  1.530883e+00  1.723461e+01
     vertex  4.500000e+00  1.530883e+00  1.723461e+01
     vertex  4.500000e+00  1.513730e+00  1.748943e+01
   endloop
 endfacet
 facet normal  0.000000e+00  9.955761e-01  9.395904e-02
   outer loop
     vertex  7.150000e+01  1.530883e+00  1.723461e+01
     vertex  4.500000e+00  1.554881e+00  1.698033e+01
     vertex  4.500000e+00  1.530883e+00  1.723461e+01
   endloop
 endfacet
 facet normal  0.000000e+00  9.977421e-01  6.716215e-02
   outer loop
     vertex  7.150000e+01  1.530883e+00  1.723461e+01
     vertex  4.500000e+00  1.513730e+00  1.748943e+01
     vertex  7.150000e+01  1.513730e+00  1.748943e+01
   endloop
 endfacet
 facet normal  0.000000e+00  9.955761e-01  9.395904e-02
   outer loop
     vertex  7.150000e+01  1.554881e+00  1.698033e+01
     vertex  4.500000e+00  1.554881e+00  1.698033e+01
     vertex  7.150000e+01  1.530883e+00  1.723461e+01
   endloop
 endfacet
 facet normal  0.000000e+00  9.926905e-01  1.206880e-01
   outer loop
     vertex  7.150000e+01  1.585704e+00  1.672680e+01
     vertex  4.500000e+00  1.585704e+00  1.672680e+01
     vertex  4.500000e+00  1.554881e+00  1.698033e+01
   endloop
 endfacet
 facet normal  0.000000e+00  9.926905e-01  1.206880e-01
   outer loop
     vertex  7.150000e+01  1.585704e+00  1.672680e+01
     vertex  4.500000e+00  1.554881e+00  1.698033e+01
     vertex  7.150000e+01  1.554881e+00  1.698033e+01
   endloop
 endfacet
 facet normal  0.000000e+00  9.890874e-01  1.473298e-01
   outer loop
     vertex  7.150000e+01  1.623332e+00  1.647419e+01
     vertex  4.500000e+00  1.623332e+00  1.647419e+01
     vertex  4.500000e+00  1.585704e+00  1.672680e+01
   endloop
 endfacet
 facet normal  0.000000e+00  9.890874e-01  1.473298e-01
   outer loop
     vertex  7.150000e+01  1.623332e+00  1.647419e+01
     vertex  4.500000e+00  1.585704e+00  1.672680e+01
     vertex  7.150000e+01  1.585704e+00  1.672680e+01
   endloop
 endfacet
 facet normal  0.000000e+00  9.847695e-01  1.738650e-01
   outer loop
     vertex  7.150000e+01  1.667738e+00  1.622268e+01
     vertex  4.500000e+00  1.667738e+00  1.622268e+01
     vertex  4.500000e+00  1.623332e+00  1.647419e+01
   endloop
 endfacet
 facet normal  0.000000e+00  9.847695e-01  1.738650e-01
   outer loop
     vertex  7.150000e+01  1.667738e+00  1.622268e+01
     vertex  4.500000e+00  1.623332e+00  1.647419e+01
     vertex  7.150000e+01  1.623332e+00  1.647419e+01
   endloop
 endfacet
 facet normal  0.000000e+00  9.797398e-01  2.002747e-01
   outer loop
     vertex  7.150000e+01  1.718888e+00  1.597245e+01
     vertex  4.500000e+00  1.718888e+00  1.597245e+01
     vertex  4.500000e+00  1.667738e+00  1.622268e+01
   endloop
 endfacet
 facet normal  0.000000e+00  9.740020e-01  2.265395e-01
   outer loop
     vertex  7.150000e+01  1.718888e+00  1.597245e+01
     vertex  4.500000e+00  1.776746e+00  1.572369e+01
     vertex  4.500000e+00  1.718888e+00  1.597245e+01
   endloop
 endfacet
 facet normal  0.000000e+00  9.797398e-01  2.002747e-01
   outer loop
     vertex  7.150000e+01  1.718888e+00  1.597245e+01
     vertex  4.500000e+00  1.667738e+00  1.622268e+01
     vertex  7.150000e+01  1.667738e+00  1.622268e+01
   endloop
 endfacet
 facet normal  0.000000e+00  9.740020e-01  2.265395e-01
   outer loop
     vertex  7.150000e+01  1.776746e+00  1.572369e+01
     vertex  4.500000e+00  1.776746e+00  1.572369e+01
     vertex  7.150000e+01  1.718888e+00  1.597245e+01
   endloop
 endfacet
 facet normal  0.000000e+00  9.675602e-01  2.526406e-01
   outer loop
     vertex  7.150000e+01  1.841271e+00  1.547657e+01
     vertex  4.500000e+00  1.841271e+00  1.547657e+01
     vertex  4.500000e+00  1.776746e+00  1.572369e+01
   endloop
 endfacet
 facet normal  0.000000e+00  9.675602e-01  2.526406e-01
   outer loop
     vertex  7.150000e+01  1.841271e+00  1.547657e+01
     vertex  4.500000e+00  1.776746e+00  1.572369e+01
     vertex  7.150000e+01  1.776746e+00  1.572369e+01
   endloop
 endfacet
 facet normal  0.000000e+00  9.604191e-01  2.785591e-01
   outer loop
     vertex  7.150000e+01  1.912415e+00  1.523128e+01
     vertex  4.500000e+00  1.912415e+00  1.523128e+01
     vertex  4.500000e+00  1.841271e+00  1.547657e+01
   endloop
 endfacet
 facet normal  0.000000e+00  9.604191e-01  2.785591e-01
   outer loop
     vertex  7.150000e+01  1.912415e+00  1.523128e+01
     vertex  4.500000e+00  1.841271e+00  1.547657e+01
     vertex  7.150000e+01  1.841271e+00  1.547657e+01
   endloop
 endfacet
 facet normal  0.000000e+00  9.525838e-01  3.042763e-01
   outer loop
     vertex  7.150000e+01  1.990128e+00  1.498799e+01
     vertex  4.500000e+00  1.990128e+00  1.498799e+01
     vertex  4.500000e+00  1.912415e+00  1.523128e+01
   endloop
 endfacet
 facet normal  0.000000e+00  9.440601e-01  3.297736e-01
   outer loop
     vertex  7.150000e+01  1.990128e+00  1.498799e+01
     vertex  4.500000e+00  2.074352e+00  1.474688e+01
     vertex  4.500000e+00  1.990128e+00  1.498799e+01
   endloop
 endfacet
 facet normal  0.000000e+00  9.525838e-01  3.042763e-01
   outer loop
     vertex  7.150000e+01  1.990128e+00  1.498799e+01
     vertex  4.500000e+00  1.912415e+00  1.523128e+01
     vertex  7.150000e+01  1.912415e+00  1.523128e+01
   endloop
 endfacet
 facet normal  0.000000e+00  9.440601e-01  3.297736e-01
   outer loop
     vertex  7.150000e+01  2.074352e+00  1.474688e+01
     vertex  4.500000e+00  2.074352e+00  1.474688e+01
     vertex  7.150000e+01  1.990128e+00  1.498799e+01
   endloop
 endfacet
 facet normal  0.000000e+00  9.348540e-01  3.550325e-01
   outer loop
     vertex  7.150000e+01  2.165028e+00  1.450811e+01
     vertex  4.500000e+00  2.165028e+00  1.450811e+01
     vertex  4.500000e+00  2.074352e+00  1.474688e+01
   endloop
 endfacet
 facet normal  0.000000e+00  9.348540e-01  3.550325e-01
   outer loop
     vertex  7.150000e+01  2.165028e+00  1.450811e+01
     vertex  4.500000e+00  2.074352e+00  1.474688e+01
     vertex  7.150000e+01  2.074352e+00  1.474688e+01
   endloop
 endfacet
 facet normal  0.000000e+00  9.249722e-01  3.800348e-01
   outer loop
     vertex  7.150000e+01  2.262089e+00  1.427188e+01
     vertex  4.500000e+00  2.165028e+00  1.450811e+01
     vertex  7.150000e+01  2.165028e+00  1.450811e+01
   endloop
 endfacet
 facet normal  0.000000e+00  9.249722e-01  3.800348e-01
   outer loop
     vertex  7.150000e+01  2.262089e+00  1.427188e+01
     vertex  4.500000e+00  2.262089e+00  1.427188e+01
     vertex  4.500000e+00  2.165028e+00  1.450811e+01
   endloop
 endfacet
 facet normal  0.000000e+00  9.144219e-01  4.047625e-01
   outer loop
     vertex  7.150000e+01  2.365465e+00  1.403833e+01
     vertex  4.500000e+00  2.262089e+00  1.427188e+01
     vertex  7.150000e+01  2.262089e+00  1.427188e+01
   endloop
 endfacet
 facet normal  0.000000e+00  9.144219e-01  4.047625e-01
   outer loop
     vertex  7.150000e+01  2.365465e+00  1.403833e+01
     vertex  4.500000e+00  2.365465e+00  1.403833e+01
     vertex  4.500000e+00  2.262089e+00  1.427188e+01
   endloop
 endfacet
 facet normal  0.000000e+00  9.032106e-01  4.291975e-01
   outer loop
     vertex  7.150000e+01  2.365465e+00  1.403833e+01
     vertex  4.500000e+00  2.475083e+00  1.380765e+01
     vertex  4.500000e+00  2.365465e+00  1.403833e+01
   endloop
 endfacet
 facet normal  0.000000e+00  9.032106e-01  4.291975e-01
   outer loop
     vertex  7.150000e+01  2.475083e+00  1.380765e+01
     vertex  4.500000e+00  2.475083e+00  1.380765e+01
     vertex  7.150000e+01  2.365465e+00  1.403833e+01
   endloop
 endfacet
 facet normal  0.000000e+00  8.913466e-01  4.533224e-01
   outer loop
     vertex  7.150000e+01  2.475083e+00  1.380765e+01
     vertex  4.500000e+00  2.590862e+00  1.358000e+01
     vertex  4.500000e+00  2.475083e+00  1.380765e+01
   endloop
 endfacet
 facet normal  0.000000e+00  8.913466e-01  4.533224e-01
   outer loop
     vertex  7.150000e+01  2.590862e+00  1.358000e+01
     vertex  4.500000e+00  2.590862e+00  1.358000e+01
     vertex  7.150000e+01  2.475083e+00  1.380765e+01
   endloop
 endfacet
 facet normal  0.000000e+00  8.788383e-01  4.771196e-01
   outer loop
     vertex  7.150000e+01  2.712718e+00  1.335554e+01
     vertex  4.500000e+00  2.590862e+00  1.358000e+01
     vertex  7.150000e+01  2.590862e+00  1.358000e+01
   endloop
 endfacet
 facet normal  0.000000e+00  8.788383e-01  4.771196e-01
   outer loop
     vertex  7.150000e+01  2.712718e+00  1.335554e+01
     vertex  4.500000e+00  2.712718e+00  1.335554e+01
     vertex  4.500000e+00  2.590862e+00  1.358000e+01
   endloop
 endfacet
 facet normal  0.000000e+00  8.656949e-01  5.005720e-01
   outer loop
     vertex  7.150000e+01  2.712718e+00  1.335554e+01
     vertex  4.500000e+00  2.840565e+00  1.313445e+01
     vertex  4.500000e+00  2.712718e+00  1.335554e+01
   endloop
 endfacet
 facet normal  0.000000e+00  8.656949e-01  5.005720e-01
   outer loop
     vertex  7.150000e+01  2.840565e+00  1.313445e+01
     vertex  4.500000e+00  2.840565e+00  1.313445e+01
     vertex  7.150000e+01  2.712718e+00  1.335554e+01
   endloop
 endfacet
 facet normal  0.000000e+00  8.519257e-01  5.236626e-01
   outer loop
     vertex  7.150000e+01  2.974309e+00  1.291686e+01
     vertex  4.500000e+00  2.840565e+00  1.313445e+01
     vertex  7.150000e+01  2.840565e+00  1.313445e+01
   endloop
 endfacet
 facet normal  0.000000e+00  8.519257e-01  5.236626e-01
   outer loop
     vertex  7.150000e+01  2.974309e+00  1.291686e+01
     vertex  4.500000e+00  2.974309e+00  1.291686e+01
     vertex  4.500000e+00  2.840565e+00  1.313445e+01
   endloop
 endfacet
 facet normal  0.000000e+00  8.375408e-01  5.463747e-01
   outer loop
     vertex  7.150000e+01  2.974309e+00  1.291686e+01
     vertex  4.500000e+00  3.113853e+00  1.270295e+01
     vertex  4.500000e+00  2.974309e+00  1.291686e+01
   endloop
 endfacet
 facet normal  0.000000e+00  8.375408e-01  5.463747e-01
   outer loop
     vertex  7.150000e+01  3.113853e+00  1.270295e+01
     vertex  4.500000e+00  3.113853e+00  1.270295e+01
     vertex  7.150000e+01  2.974309e+00  1.291686e+01
   endloop
 endfacet
 facet normal  0.000000e+00  8.225506e-01  5.686919e-01
   outer loop
     vertex  7.150000e+01  3.259098e+00  1.249287e+01
     vertex  4.500000e+00  3.113853e+00  1.270295e+01
     vertex  7.150000e+01  3.113853e+00  1.270295e+01
   endloop
 endfacet
 facet normal  0.000000e+00  8.225506e-01  5.686919e-01
   outer loop
     vertex  7.150000e+01  3.259098e+00  1.249287e+01
     vertex  4.500000e+00  3.259098e+00  1.249287e+01
     vertex  4.500000e+00  3.113853e+00  1.270295e+01
   endloop
 endfacet
 facet normal  0.000000e+00  8.069658e-01  5.905981e-01
   outer loop
     vertex  7.150000e+01  3.409937e+00  1.228678e+01
     vertex  4.500000e+00  3.259098e+00  1.249287e+01
     vertex  7.150000e+01  3.259098e+00  1.249287e+01
   endloop
 endfacet
 facet normal  0.000000e+00  8.069658e-01  5.905981e-01
   outer loop
     vertex  7.150000e+01  3.409937e+00  1.228678e+01
     vertex  4.500000e+00  3.409937e+00  1.228678e+01
     vertex  4.500000e+00  3.259098e+00  1.249287e+01
   endloop
 endfacet
 facet normal  0.000000e+00  7.907978e-01  6.120774e-01
   outer loop
     vertex  7.150000e+01  3.409937e+00  1.228678e+01
     vertex  4.500000e+00  3.566262e+00  1.208480e+01
     vertex  4.500000e+00  3.409937e+00  1.228678e+01
   endloop
 endfacet
 facet normal  0.000000e+00  7.907978e-01  6.120774e-01
   outer loop
     vertex  7.150000e+01  3.566262e+00  1.208480e+01
     vertex  4.500000e+00  3.566262e+00  1.208480e+01
     vertex  7.150000e+01  3.409937e+00  1.228678e+01
   endloop
 endfacet
 facet normal  0.000000e+00  7.740583e-01  6.331143e-01
   outer loop
     vertex  7.150000e+01  3.727960e+00  1.188711e+01
     vertex  4.500000e+00  3.566262e+00  1.208480e+01
     vertex  7.150000e+01  3.566262e+00  1.208480e+01
   endloop
 endfacet
 facet normal  0.000000e+00  7.740583e-01  6.331143e-01
   outer loop
     vertex  7.150000e+01  3.727960e+00  1.188711e+01
     vertex  4.500000e+00  3.727960e+00  1.188711e+01
     vertex  4.500000e+00  3.566262e+00  1.208480e+01
   endloop
 endfacet
 facet normal  0.000000e+00  7.567593e-01  6.536937e-01
   outer loop
     vertex  7.150000e+01  3.894914e+00  1.169383e+01
     vertex  4.500000e+00  3.727960e+00  1.188711e+01
     vertex  7.150000e+01  3.727960e+00  1.188711e+01
   endloop
 endfacet
 facet normal  0.000000e+00  7.567593e-01  6.536937e-01
   outer loop
     vertex  7.150000e+01  3.894914e+00  1.169383e+01
     vertex  4.500000e+00  3.894914e+00  1.169383e+01
     vertex  4.500000e+00  3.727960e+00  1.188711e+01
   endloop
 endfacet
 facet normal  0.000000e+00  7.389133e-01  6.738005e-01
   outer loop
     vertex  7.150000e+01  3.894914e+00  1.169383e+01
     vertex  4.500000e+00  4.067003e+00  1.150511e+01
     vertex  4.500000e+00  3.894914e+00  1.169383e+01
   endloop
 endfacet
 facet normal  0.000000e+00  7.389133e-01  6.738005e-01
   outer loop
     vertex  7.150000e+01  4.067003e+00  1.150511e+01
     vertex  4.500000e+00  4.067003e+00  1.150511e+01
     vertex  7.150000e+01  3.894914e+00  1.169383e+01
   endloop
 endfacet
 facet normal  0.000000e+00  7.205332e-01  6.934204e-01
   outer loop
     vertex  7.150000e+01  4.067003e+00  1.150511e+01
     vertex  4.500000e+00  4.244103e+00  1.132109e+01
     vertex  4.500000e+00  4.067003e+00  1.150511e+01
   endloop
 endfacet
 facet normal  0.000000e+00  7.205332e-01  6.934204e-01
   outer loop
     vertex  7.150000e+01  4.244103e+00  1.132109e+01
     vertex  4.500000e+00  4.244103e+00  1.132109e+01
     vertex  7.150000e+01  4.067003e+00  1.150511e+01
   endloop
 endfacet
 facet normal  0.000000e+00  7.016324e-01  7.125391e-01
   outer loop
     vertex  7.150000e+01  4.426086e+00  1.114189e+01
     vertex  4.500000e+00  4.244103e+00  1.132109e+01
     vertex  7.150000e+01  4.244103e+00  1.132109e+01
   endloop
 endfacet
 facet normal  0.000000e+00  7.016324e-01  7.125391e-01
   outer loop
     vertex  7.150000e+01  4.426086e+00  1.114189e+01
     vertex  4.500000e+00  4.426086e+00  1.114189e+01
     vertex  4.500000e+00  4.244103e+00  1.132109e+01
   endloop
 endfacet
 facet normal  0.000000e+00  6.822245e-01  7.311428e-01
   outer loop
     vertex  7.150000e+01  4.612820e+00  1.096765e+01
     vertex  4.500000e+00  4.426086e+00  1.114189e+01
     vertex  7.150000e+01  4.426086e+00  1.114189e+01
   endloop
 endfacet
 facet normal  0.000000e+00  6.822245e-01  7.311428e-01
   outer loop
     vertex  7.150000e+01  4.612820e+00  1.096765e+01
     vertex  4.500000e+00  4.612820e+00  1.096765e+01
     vertex  4.500000e+00  4.426086e+00  1.114189e+01
   endloop
 endfacet
 facet normal  0.000000e+00  6.623235e-01  7.492180e-01
   outer loop
     vertex  7.150000e+01  4.612820e+00  1.096765e+01
     vertex  4.500000e+00  4.804171e+00  1.079849e+01
     vertex  4.500000e+00  4.612820e+00  1.096765e+01
   endloop
 endfacet
 facet normal  4.058542e-14  6.419437e-01  7.667517e-01
   outer loop
     vertex  6.000000e+00  5.000000e+00  1.063454e+01
     vertex  4.500000e+00  5.000000e+00  1.063454e+01
     vertex  4.500000e+00  4.804171e+00  1.079849e+01
   endloop
 endfacet
 facet normal  0.000000e+00  6.623235e-01  7.492180e-01
   outer loop
     vertex  7.150000e+01  4.804171e+00  1.079849e+01
     vertex  4.500000e+00  4.804171e+00  1.079849e+01
     vertex  7.150000e+01  4.612820e+00  1.096765e+01
   endloop
 endfacet
 facet normal  0.000000e+00  6.209204e-01  7.838736e-01
   outer loop
     vertex  7.000000e+01  5.000000e+00  1.063454e+01
     vertex  6.000000e+00  5.203615e+00  1.047325e+01
     vertex  6.000000e+00  5.000000e+00  1.063454e+01
   endloop
 endfacet
 facet normal  0.000000e+00  6.419437e-01  7.667517e-01
   outer loop
     vertex  7.000000e+01  5.000000e+00  1.063454e+01
     vertex  6.000000e+00  5.000000e+00  1.063454e+01
     vertex  4.500000e+00  4.804171e+00  1.079849e+01
   endloop
 endfacet
 facet normal  0.000000e+00  6.419437e-01  7.667517e-01
   outer loop
     vertex  7.000000e+01  5.000000e+00  1.063454e+01
     vertex  4.500000e+00  4.804171e+00  1.079849e+01
     vertex  7.150000e+01  4.804171e+00  1.079849e+01
   endloop
 endfacet
 facet normal -4.058542e-14  6.419437e-01  7.667517e-01
   outer loop
     vertex  7.150000e+01  5.000000e+00  1.063454e+01
     vertex  7.000000e+01  5.000000e+00  1.063454e+01
     vertex  7.150000e+01  4.804171e+00  1.079849e+01
   endloop
 endfacet
 facet normal  0.000000e+00  5.992571e-01  8.005567e-01
   outer loop
     vertex  7.000000e+01  5.203615e+00  1.047325e+01
     vertex  6.000000e+00  5.411564e+00  1.031759e+01
     vertex  6.000000e+00  5.203615e+00  1.047325e+01
   endloop
 endfacet
 facet normal  0.000000e+00  6.209204e-01  7.838736e-01
   outer loop
     vertex  7.000000e+01  5.203615e+00  1.047325e+01
     vertex  6.000000e+00  5.203615e+00  1.047325e+01
     vertex  7.000000e+01  5.000000e+00  1.063454e+01
   endloop
 endfacet
 facet normal  0.000000e+00  5.992571e-01  8.005567e-01
   outer loop
     vertex  7.000000e+01  5.411564e+00  1.031759e+01
     vertex  6.000000e+00  5.411564e+00  1.031759e+01
     vertex  7.000000e+01  5.203615e+00  1.047325e+01
   endloop
 endfacet
 facet normal  0.000000e+00  5.771458e-01  8.166412e-01
   outer loop
     vertex  7.000000e+01  5.623691e+00  1.016768e+01
     vertex  6.000000e+00  5.623691e+00  1.016768e+01
     vertex  6.000000e+00  5.411564e+00  1.031759e+01
   endloop
 endfacet
 facet normal  0.000000e+00  5.771458e-01  8.166412e-01
   outer loop
     vertex  7.000000e+01  5.623691e+00  1.016768e+01
     vertex  6.000000e+00  5.411564e+00  1.031759e+01
     vertex  7.000000e+01  5.411564e+00  1.031759e+01
   endloop
 endfacet
 facet normal  0.000000e+00  5.546029e-01  8.321151e-01
   outer loop
     vertex  7.000000e+01  5.839838e+00  1.002361e+01
     vertex  6.000000e+00  5.839838e+00  1.002361e+01
     vertex  6.000000e+00  5.623691e+00  1.016768e+01
   endloop
 endfacet
 facet normal  0.000000e+00  5.546029e-01  8.321151e-01
   outer loop
     vertex  7.000000e+01  5.839838e+00  1.002361e+01
     vertex  6.000000e+00  5.623691e+00  1.016768e+01
     vertex  7.000000e+01  5.623691e+00  1.016768e+01
   endloop
 endfacet
 facet normal  0.000000e+00  5.316455e-01  8.469670e-01
   outer loop
     vertex  7.000000e+01  6.059842e+00  9.885517e+00
     vertex  6.000000e+00  6.059842e+00  9.885517e+00
     vertex  6.000000e+00  5.839838e+00  1.002361e+01
   endloop
 endfacet
 facet normal  0.000000e+00  5.082906e-01  8.611856e-01
   outer loop
     vertex  7.000000e+01  6.059842e+00  9.885517e+00
     vertex  6.000000e+00  6.283539e+00  9.753486e+00
     vertex  6.000000e+00  6.059842e+00  9.885517e+00
   endloop
 endfacet
 facet normal  0.000000e+00  5.316455e-01  8.469670e-01
   outer loop
     vertex  7.000000e+01  6.059842e+00  9.885517e+00
     vertex  6.000000e+00  5.839838e+00  1.002361e+01
     vertex  7.000000e+01  5.839838e+00  1.002361e+01
   endloop
 endfacet
 facet normal  0.000000e+00  5.082906e-01  8.611856e-01
   outer loop
     vertex  7.000000e+01  6.283539e+00  9.753486e+00
     vertex  6.000000e+00  6.283539e+00  9.753486e+00
     vertex  7.000000e+01  6.059842e+00  9.885517e+00
   endloop
 endfacet
 facet normal  0.000000e+00  4.845557e-01  8.747604e-01
   outer loop
     vertex  7.000000e+01  6.510763e+00  9.627620e+00
     vertex  6.000000e+00  6.283539e+00  9.753486e+00
     vertex  7.000000e+01  6.283539e+00  9.753486e+00
   endloop
 endfacet
 facet normal  0.000000e+00  4.845557e-01  8.747604e-01
   outer loop
     vertex  7.000000e+01  6.510763e+00  9.627620e+00
     vertex  6.000000e+00  6.510763e+00  9.627620e+00
     vertex  6.000000e+00  6.283539e+00  9.753486e+00
   endloop
 endfacet
 facet normal  0.000000e+00  4.604585e-01  8.876812e-01
   outer loop
     vertex  7.000000e+01  6.741343e+00  9.508013e+00
     vertex  6.000000e+00  6.510763e+00  9.627620e+00
     vertex  7.000000e+01  6.510763e+00  9.627620e+00
   endloop
 endfacet
 facet normal  0.000000e+00  4.604585e-01  8.876812e-01
   outer loop
     vertex  7.000000e+01  6.741343e+00  9.508013e+00
     vertex  6.000000e+00  6.741343e+00  9.508013e+00
     vertex  6.000000e+00  6.510763e+00  9.627620e+00
   endloop
 endfacet
 facet normal  0.000000e+00  4.360171e-01  8.999384e-01
   outer loop
     vertex  7.000000e+01  6.975107e+00  9.394755e+00
     vertex  6.000000e+00  6.741343e+00  9.508013e+00
     vertex  7.000000e+01  6.741343e+00  9.508013e+00
   endloop
 endfacet
 facet normal  0.000000e+00  4.360171e-01  8.999384e-01
   outer loop
     vertex  7.000000e+01  6.975107e+00  9.394755e+00
     vertex  6.000000e+00  6.975107e+00  9.394755e+00
     vertex  6.000000e+00  6.741343e+00  9.508013e+00
   endloop
 endfacet
 facet normal  0.000000e+00  4.112497e-01  9.115227e-01
   outer loop
     vertex  7.000000e+01  7.211880e+00  9.287931e+00
     vertex  6.000000e+00  6.975107e+00  9.394755e+00
     vertex  7.000000e+01  6.975107e+00  9.394755e+00
   endloop
 endfacet
 facet normal  0.000000e+00  4.112497e-01  9.115227e-01
   outer loop
     vertex  7.000000e+01  7.211880e+00  9.287931e+00
     vertex  6.000000e+00  7.211880e+00  9.287931e+00
     vertex  6.000000e+00  6.975107e+00  9.394755e+00
   endloop
 endfacet
 facet normal  0.000000e+00  3.861748e-01  9.224256e-01
   outer loop
     vertex  7.000000e+01  7.451485e+00  9.187620e+00
     vertex  6.000000e+00  7.211880e+00  9.287931e+00
     vertex  7.000000e+01  7.211880e+00  9.287931e+00
   endloop
 endfacet
 facet normal  0.000000e+00  3.861748e-01  9.224256e-01
   outer loop
     vertex  7.000000e+01  7.451485e+00  9.187620e+00
     vertex  6.000000e+00  7.451485e+00  9.187620e+00
     vertex  6.000000e+00  7.211880e+00  9.287931e+00
   endloop
 endfacet
 facet normal  0.000000e+00  3.608112e-01  9.326389e-01
   outer loop
     vertex  7.000000e+01  7.693743e+00  9.093897e+00
     vertex  6.000000e+00  7.451485e+00  9.187620e+00
     vertex  7.000000e+01  7.451485e+00  9.187620e+00
   endloop
 endfacet
 facet normal  0.000000e+00  3.608112e-01  9.326389e-01
   outer loop
     vertex  7.000000e+01  7.693743e+00  9.093897e+00
     vertex  6.000000e+00  7.693743e+00  9.093897e+00
     vertex  6.000000e+00  7.451485e+00  9.187620e+00
   endloop
 endfacet
 facet normal  0.000000e+00  3.351779e-01  9.421549e-01
   outer loop
     vertex  7.000000e+01  7.938473e+00  9.006833e+00
     vertex  6.000000e+00  7.693743e+00  9.093897e+00
     vertex  7.000000e+01  7.693743e+00  9.093897e+00
   endloop
 endfacet
 facet normal  0.000000e+00  3.351779e-01  9.421549e-01
   outer loop
     vertex  7.000000e+01  7.938473e+00  9.006833e+00
     vertex  6.000000e+00  7.938473e+00  9.006833e+00
     vertex  6.000000e+00  7.693743e+00  9.093897e+00
   endloop
 endfacet
 facet normal  0.000000e+00  3.092940e-01  9.509665e-01
   outer loop
     vertex  7.000000e+01  8.185491e+00  8.926492e+00
     vertex  6.000000e+00  7.938473e+00  9.006833e+00
     vertex  7.000000e+01  7.938473e+00  9.006833e+00
   endloop
 endfacet
 facet normal  0.000000e+00  3.092940e-01  9.509665e-01
   outer loop
     vertex  7.000000e+01  8.185491e+00  8.926492e+00
     vertex  6.000000e+00  8.185491e+00  8.926492e+00
     vertex  6.000000e+00  7.938473e+00  9.006833e+00
   endloop
 endfacet
 facet normal  0.000000e+00  2.831788e-01  9.590671e-01
   outer loop
     vertex  7.000000e+01  8.434614e+00  8.852935e+00
     vertex  6.000000e+00  8.185491e+00  8.926492e+00
     vertex  7.000000e+01  8.185491e+00  8.926492e+00
   endloop
 endfacet
 facet normal  0.000000e+00  2.831788e-01  9.590671e-01
   outer loop
     vertex  7.000000e+01  8.434614e+00  8.852935e+00
     vertex  6.000000e+00  8.434614e+00  8.852935e+00
     vertex  6.000000e+00  8.185491e+00  8.926492e+00
   endloop
 endfacet
 facet normal  0.000000e+00  2.568520e-01  9.664508e-01
   outer loop
     vertex  7.000000e+01  8.685655e+00  8.786216e+00
     vertex  6.000000e+00  8.434614e+00  8.852935e+00
     vertex  7.000000e+01  8.434614e+00  8.852935e+00
   endloop
 endfacet
 facet normal  0.000000e+00  2.568520e-01  9.664508e-01
   outer loop
     vertex  7.000000e+01  8.685655e+00  8.786216e+00
     vertex  6.000000e+00  8.685655e+00  8.786216e+00
     vertex  6.000000e+00  8.434614e+00  8.852935e+00
   endloop
 endfacet
 facet normal  0.000000e+00  2.303331e-01  9.731119e-01
   outer loop
     vertex  7.000000e+01  8.685655e+00  8.786216e+00
     vertex  6.000000e+00  8.938426e+00  8.726386e+00
     vertex  6.000000e+00  8.685655e+00  8.786216e+00
   endloop
 endfacet
 facet normal  0.000000e+00  2.303331e-01  9.731119e-01
   outer loop
     vertex  7.000000e+01  8.938426e+00  8.726386e+00
     vertex  6.000000e+00  8.938426e+00  8.726386e+00
     vertex  7.000000e+01  8.685655e+00  8.786216e+00
   endloop
 endfacet
 facet normal  0.000000e+00  2.036420e-01  9.790454e-01
   outer loop
     vertex  7.000000e+01  9.192738e+00  8.673489e+00
     vertex  6.000000e+00  8.938426e+00  8.726386e+00
     vertex  7.000000e+01  8.938426e+00  8.726386e+00
   endloop
 endfacet
 facet normal  0.000000e+00  2.036420e-01  9.790454e-01
   outer loop
     vertex  7.000000e+01  9.192738e+00  8.673489e+00
     vertex  6.000000e+00  9.192738e+00  8.673489e+00
     vertex  6.000000e+00  8.938426e+00  8.726386e+00
   endloop
 endfacet
 facet normal  0.000000e+00  1.767986e-01  9.842470e-01
   outer loop
     vertex  7.000000e+01  9.192738e+00  8.673489e+00
     vertex  6.000000e+00  9.448402e+00  8.627565e+00
     vertex  6.000000e+00  9.192738e+00  8.673489e+00
   endloop
 endfacet
 facet normal  0.000000e+00  1.767986e-01  9.842470e-01
   outer loop
     vertex  7.000000e+01  9.448402e+00  8.627565e+00
     vertex  6.000000e+00  9.448402e+00  8.627565e+00
     vertex  7.000000e+01  9.192738e+00  8.673489e+00
   endloop
 endfacet
 facet normal  0.000000e+00  1.498231e-01  9.887128e-01
   outer loop
     vertex  7.000000e+01  9.705225e+00  8.588647e+00
     vertex  6.000000e+00  9.448402e+00  8.627565e+00
     vertex  7.000000e+01  9.448402e+00  8.627565e+00
   endloop
 endfacet
 facet normal  0.000000e+00  1.498231e-01  9.887128e-01
   outer loop
     vertex  7.000000e+01  9.705225e+00  8.588647e+00
     vertex  6.000000e+00  9.705225e+00  8.588647e+00
     vertex  6.000000e+00  9.448402e+00  8.627565e+00
   endloop
 endfacet
 facet normal  0.000000e+00  1.227356e-01  9.924394e-01
   outer loop
     vertex  7.000000e+01  9.705225e+00  8.588647e+00
     vertex  6.000000e+00  9.963017e+00  8.556766e+00
     vertex  6.000000e+00  9.705225e+00  8.588647e+00
   endloop
 endfacet
 facet normal  0.000000e+00  1.227356e-01  9.924394e-01
   outer loop
     vertex  7.000000e+01  9.963017e+00  8.556766e+00
     vertex  6.000000e+00  9.963017e+00  8.556766e+00
     vertex  7.000000e+01  9.705225e+00  8.588647e+00
   endloop
 endfacet
 facet normal  0.000000e+00  9.555631e-02  9.954240e-01
   outer loop
     vertex  7.000000e+01  9.963017e+00  8.556766e+00
     vertex  6.000000e+00  1.022158e+01  8.531945e+00
     vertex  6.000000e+00  9.963017e+00  8.556766e+00
   endloop
 endfacet
 facet normal  0.000000e+00  9.555631e-02  9.954240e-01
   outer loop
     vertex  7.000000e+01  1.022158e+01  8.531945e+00
     vertex  6.000000e+00  1.022158e+01  8.531945e+00
     vertex  7.000000e+01  9.963017e+00  8.556766e+00
   endloop
 endfacet
 facet normal  0.000000e+00  6.830558e-02  9.976644e-01
   outer loop
     vertex  7.000000e+01  1.022158e+01  8.531945e+00
     vertex  6.000000e+00  1.048073e+01  8.514202e+00
     vertex  6.000000e+00  1.022158e+01  8.531945e+00
   endloop
 endfacet
 facet normal  0.000000e+00  6.830558e-02  9.976644e-01
   outer loop
     vertex  7.000000e+01  1.048073e+01  8.514202e+00
     vertex  6.000000e+00  1.048073e+01  8.514202e+00
     vertex  7.000000e+01  1.022158e+01  8.531945e+00
   endloop
 endfacet
 facet normal  0.000000e+00  4.100378e-02  9.991590e-01
   outer loop
     vertex  7.000000e+01  1.074027e+01  8.503551e+00
     vertex  6.000000e+00  1.048073e+01  8.514202e+00
     vertex  7.000000e+01  1.048073e+01  8.514202e+00
   endloop
 endfacet
 facet normal  0.000000e+00  4.100378e-02  9.991590e-01
   outer loop
     vertex  7.000000e+01  1.074027e+01  8.503551e+00
     vertex  6.000000e+00  1.074027e+01  8.503551e+00
     vertex  6.000000e+00  1.048073e+01  8.514202e+00
   endloop
 endfacet
 facet normal  0.000000e+00  1.367134e-02  9.999065e-01
   outer loop
     vertex  7.000000e+01  1.100000e+01  8.500000e+00
     vertex  6.000000e+00  1.074027e+01  8.503551e+00
     vertex  7.000000e+01  1.074027e+01  8.503551e+00
   endloop
 endfacet
 facet normal  0.000000e+00  1.367134e-02  9.999065e-01
   outer loop
     vertex  7.000000e+01  1.100000e+01  8.500000e+00
     vertex  6.000000e+00  1.100000e+01  8.500000e+00
     vertex  6.000000e+00  1.074027e+01  8.503551e+00
   endloop
 endfacet
 facet normal  0.000000e+00 -1.367134e-02  9.999065e-01
   outer loop
     vertex  7.000000e+01  1.125973e+01  8.503551e+00
     vertex  6.000000e+00  1.100000e+01  8.500000e+00
     vertex  7.000000e+01  1.100000e+01  8.500000e+00
   endloop
 endfacet
 facet normal  0.000000e+00 -1.367134e-02  9.999065e-01
   outer loop
     vertex  7.000000e+01  1.125973e+01  8.503551e+00
     vertex  6.000000e+00  1.125973e+01  8.503551e+00
     vertex  6.000000e+00  1.100000e+01  8.500000e+00
   endloop
 endfacet
 facet normal  0.000000e+00 -4.100378e-02  9.991590e-01
   outer loop
     vertex  7.000000e+01  1.151927e+01  8.514202e+00
     vertex  6.000000e+00  1.125973e+01  8.503551e+00
     vertex  7.000000e+01  1.125973e+01  8.503551e+00
   endloop
 endfacet
 facet normal  0.000000e+00 -4.100378e-02  9.991590e-01
   outer loop
     vertex  7.000000e+01  1.151927e+01  8.514202e+00
     vertex  6.000000e+00  1.151927e+01  8.514202e+00
     vertex  6.000000e+00  1.125973e+01  8.503551e+00
   endloop
 endfacet
 facet normal  0.000000e+00 -6.830558e-02  9.976644e-01
   outer loop
     vertex  7.000000e+01  1.177842e+01  8.531945e+00
     vertex  6.000000e+00  1.151927e+01  8.514202e+00
     vertex  7.000000e+01  1.151927e+01  8.514202e+00
   endloop
 endfacet
 facet normal  0.000000e+00 -6.830558e-02  9.976644e-01
   outer loop
     vertex  7.000000e+01  1.177842e+01  8.531945e+00
     vertex  6.000000e+00  1.177842e+01  8.531945e+00
     vertex  6.000000e+00  1.151927e+01  8.514202e+00
   endloop
 endfacet
 facet normal  0.000000e+00 -9.555631e-02  9.954240e-01
   outer loop
     vertex  7.000000e+01  1.203698e+01  8.556766e+00
     vertex  6.000000e+00  1.177842e+01  8.531945e+00
     vertex  7.000000e+01  1.177842e+01  8.531945e+00
   endloop
 endfacet
 facet normal  0.000000e+00 -9.555631e-02  9.954240e-01
   outer loop
     vertex  7.000000e+01  1.203698e+01  8.556766e+00
     vertex  6.000000e+00  1.203698e+01  8.556766e+00
     vertex  6.000000e+00  1.177842e+01  8.531945e+00
   endloop
 endfacet
 facet normal  0.000000e+00 -1.227356e-01  9.924394e-01
   outer loop
     vertex  7.000000e+01  1.229477e+01  8.588647e+00
     vertex  6.000000e+00  1.203698e+01  8.556766e+00
     vertex  7.000000e+01  1.203698e+01  8.556766e+00
   endloop
 endfacet
 facet normal  0.000000e+00 -1.227356e-01  9.924394e-01
   outer loop
     vertex  7.000000e+01  1.229477e+01  8.588647e+00
     vertex  6.000000e+00  1.229477e+01  8.588647e+00
     vertex  6.000000e+00  1.203698e+01  8.556766e+00
   endloop
 endfacet
 facet normal  0.000000e+00 -1.498231e-01  9.887128e-01
   outer loop
     vertex  7.000000e+01  1.255160e+01  8.627565e+00
     vertex  6.000000e+00  1.255160e+01  8.627565e+00
     vertex  6.000000e+00  1.229477e+01  8.588647e+00
   endloop
 endfacet
 facet normal  0.000000e+00 -1.498231e-01  9.887128e-01
   outer loop
     vertex  7.000000e+01  1.255160e+01  8.627565e+00
     vertex  6.000000e+00  1.229477e+01  8.588647e+00
     vertex  7.000000e+01  1.229477e+01  8.588647e+00
   endloop
 endfacet
 facet normal  0.000000e+00 -2.036420e-01  9.790454e-01
   outer loop
     vertex  7.000000e+01  1.280726e+01  8.673489e+00
     vertex  6.000000e+00  1.306157e+01  8.726386e+00
     vertex  6.000000e+00  1.280726e+01  8.673489e+00
   endloop
 endfacet
 facet normal  0.000000e+00 -1.767986e-01  9.842470e-01
   outer loop
     vertex  7.000000e+01  1.280726e+01  8.673489e+00
     vertex  6.000000e+00  1.255160e+01  8.627565e+00
     vertex  7.000000e+01  1.255160e+01  8.627565e+00
   endloop
 endfacet
 facet normal  0.000000e+00 -1.767986e-01  9.842470e-01
   outer loop
     vertex  7.000000e+01  1.280726e+01  8.673489e+00
     vertex  6.000000e+00  1.280726e+01  8.673489e+00
     vertex  6.000000e+00  1.255160e+01  8.627565e+00
   endloop
 endfacet
 facet normal  0.000000e+00 -2.036420e-01  9.790454e-01
   outer loop
     vertex  7.000000e+01  1.306157e+01  8.726386e+00
     vertex  6.000000e+00  1.306157e+01  8.726386e+00
     vertex  7.000000e+01  1.280726e+01  8.673489e+00
   endloop
 endfacet
 facet normal  0.000000e+00 -2.303331e-01  9.731119e-01
   outer loop
     vertex  7.000000e+01  1.331435e+01  8.786216e+00
     vertex  6.000000e+00  1.331435e+01  8.786216e+00
     vertex  6.000000e+00  1.306157e+01  8.726386e+00
   endloop
 endfacet
 facet normal  0.000000e+00 -2.568520e-01  9.664508e-01
   outer loop
     vertex  7.000000e+01  1.331435e+01  8.786216e+00
     vertex  6.000000e+00  1.356539e+01  8.852935e+00
     vertex  6.000000e+00  1.331435e+01  8.786216e+00
   endloop
 endfacet
 facet normal  0.000000e+00 -2.303331e-01  9.731119e-01
   outer loop
     vertex  7.000000e+01  1.331435e+01  8.786216e+00
     vertex  6.000000e+00  1.306157e+01  8.726386e+00
     vertex  7.000000e+01  1.306157e+01  8.726386e+00
   endloop
 endfacet
 facet normal  0.000000e+00 -2.568520e-01  9.664508e-01
   outer loop
     vertex  7.000000e+01  1.356539e+01  8.852935e+00
     vertex  6.000000e+00  1.356539e+01  8.852935e+00
     vertex  7.000000e+01  1.331435e+01  8.786216e+00
   endloop
 endfacet
 facet normal  0.000000e+00 -2.831788e-01  9.590671e-01
   outer loop
     vertex  7.000000e+01  1.381451e+01  8.926492e+00
     vertex  6.000000e+00  1.381451e+01  8.926492e+00
     vertex  6.000000e+00  1.356539e+01  8.852935e+00
   endloop
 endfacet
 facet normal  0.000000e+00 -2.831788e-01  9.590671e-01
   outer loop
     vertex  7.000000e+01  1.381451e+01  8.926492e+00
     vertex  6.000000e+00  1.356539e+01  8.852935e+00
     vertex  7.000000e+01  1.356539e+01  8.852935e+00
   endloop
 endfacet
 facet normal  0.000000e+00 -3.092940e-01  9.509665e-01
   outer loop
     vertex  7.000000e+01  1.406153e+01  9.006833e+00
     vertex  6.000000e+00  1.406153e+01  9.006833e+00
     vertex  6.000000e+00  1.381451e+01  8.926492e+00
   endloop
 endfacet
 facet normal  0.000000e+00 -3.092940e-01  9.509665e-01
   outer loop
     vertex  7.000000e+01  1.406153e+01  9.006833e+00
     vertex  6.000000e+00  1.381451e+01  8.926492e+00
     vertex  7.000000e+01  1.381451e+01  8.926492e+00
   endloop
 endfacet
 facet normal  0.000000e+00 -3.351779e-01  9.421549e-01
   outer loop
     vertex  7.000000e+01  1.430626e+01  9.093897e+00
     vertex  6.000000e+00  1.430626e+01  9.093897e+00
     vertex  6.000000e+00  1.406153e+01  9.006833e+00
   endloop
 endfacet
 facet normal  0.000000e+00 -3.351779e-01  9.421549e-01
   outer loop
     vertex  7.000000e+01  1.430626e+01  9.093897e+00
     vertex  6.000000e+00  1.406153e+01  9.006833e+00
     vertex  7.000000e+01  1.406153e+01  9.006833e+00
   endloop
 endfacet
 facet normal  0.000000e+00 -3.608112e-01  9.326389e-01
   outer loop
     vertex  7.000000e+01  1.454852e+01  9.187620e+00
     vertex  6.000000e+00  1.454852e+01  9.187620e+00
     vertex  6.000000e+00  1.430626e+01  9.093897e+00
   endloop
 endfacet
 facet normal  0.000000e+00 -3.608112e-01  9.326389e-01
   outer loop
     vertex  7.000000e+01  1.454852e+01  9.187620e+00
     vertex  6.000000e+00  1.430626e+01  9.093897e+00
     vertex  7.000000e+01  1.430626e+01  9.093897e+00
   endloop
 endfacet
 facet normal  0.000000e+00 -3.861748e-01  9.224256e-01
   outer loop
     vertex  7.000000e+01  1.478812e+01  9.287931e+00
     vertex  6.000000e+00  1.478812e+01  9.287931e+00
     vertex  6.000000e+00  1.454852e+01  9.187620e+00
   endloop
 endfacet
 facet normal  0.000000e+00 -3.861748e-01  9.224256e-01
   outer loop
     vertex  7.000000e+01  1.478812e+01  9.287931e+00
     vertex  6.000000e+00  1.454852e+01  9.187620e+00
     vertex  7.000000e+01  1.454852e+01  9.187620e+00
   endloop
 endfacet
 facet normal  0.000000e+00 -4.112497e-01  9.115227e-01
   outer loop
     vertex  7.000000e+01  1.502489e+01  9.394755e+00
     vertex  6.000000e+00  1.502489e+01  9.394755e+00
     vertex  6.000000e+00  1.478812e+01  9.287931e+00
   endloop
 endfacet
 facet normal  0.000000e+00 -4.112497e-01  9.115227e-01
   outer loop
     vertex  7.000000e+01  1.502489e+01  9.394755e+00
     vertex  6.000000e+00  1.478812e+01  9.287931e+00
     vertex  7.000000e+01  1.478812e+01  9.287931e+00
   endloop
 endfacet
 facet normal  0.000000e+00 -4.360171e-01  8.999384e-01
   outer loop
     vertex  7.000000e+01  1.525866e+01  9.508013e+00
     vertex  6.000000e+00  1.525866e+01  9.508013e+00
     vertex  6.000000e+00  1.502489e+01  9.394755e+00
   endloop
 endfacet
 facet normal  0.000000e+00 -4.360171e-01  8.999384e-01
   outer loop
     vertex  7.000000e+01  1.525866e+01  9.508013e+00
     vertex  6.000000e+00  1.502489e+01  9.394755e+00
     vertex  7.000000e+01  1.502489e+01  9.394755e+00
   endloop
 endfacet
 facet normal  0.000000e+00 -4.604585e-01  8.876812e-01
   outer loop
     vertex  7.000000e+01  1.548924e+01  9.627620e+00
     vertex  6.000000e+00  1.548924e+01  9.627620e+00
     vertex  6.000000e+00  1.525866e+01  9.508013e+00
   endloop
 endfacet
 facet normal  0.000000e+00 -4.604585e-01  8.876812e-01
   outer loop
     vertex  7.000000e+01  1.548924e+01  9.627620e+00
     vertex  6.000000e+00  1.525866e+01  9.508013e+00
     vertex  7.000000e+01  1.525866e+01  9.508013e+00
   endloop
 endfacet
 facet normal  0.000000e+00 -4.845557e-01  8.747604e-01
   outer loop
     vertex  7.000000e+01  1.571646e+01  9.753486e+00
     vertex  6.000000e+00  1.571646e+01  9.753486e+00
     vertex  6.000000e+00  1.548924e+01  9.627620e+00
   endloop
 endfacet
 facet normal  0.000000e+00 -5.082906e-01  8.611856e-01
   outer loop
     vertex  7.000000e+01  1.571646e+01  9.753486e+00
     vertex  6.000000e+00  1.594016e+01  9.885517e+00
     vertex  6.000000e+00  1.571646e+01  9.753486e+00
   endloop
 endfacet
 facet normal  0.000000e+00 -4.845557e-01  8.747604e-01
   outer loop
     vertex  7.000000e+01  1.571646e+01  9.753486e+00
     vertex  6.000000e+00  1.548924e+01  9.627620e+00
     vertex  7.000000e+01  1.548924e+01  9.627620e+00
   endloop
 endfacet
 facet normal  0.000000e+00 -5.082906e-01  8.611856e-01
   outer loop
     vertex  7.000000e+01  1.594016e+01  9.885517e+00
     vertex  6.000000e+00  1.594016e+01  9.885517e+00
     vertex  7.000000e+01  1.571646e+01  9.753486e+00
   endloop
 endfacet
 facet normal  0.000000e+00 -5.316455e-01  8.469670e-01
   outer loop
     vertex  7.000000e+01  1.616016e+01  1.002361e+01
     vertex  6.000000e+00  1.616016e+01  1.002361e+01
     vertex  6.000000e+00  1.594016e+01  9.885517e+00
   endloop
 endfacet
 facet normal  0.000000e+00 -5.316455e-01  8.469670e-01
   outer loop
     vertex  7.000000e+01  1.616016e+01  1.002361e+01
     vertex  6.000000e+00  1.594016e+01  9.885517e+00
     vertex  7.000000e+01  1.594016e+01  9.885517e+00
   endloop
 endfacet
 facet normal  0.000000e+00 -5.546029e-01  8.321151e-01
   outer loop
     vertex  7.000000e+01  1.637631e+01  1.016768e+01
     vertex  6.000000e+00  1.637631e+01  1.016768e+01
     vertex  6.000000e+00  1.616016e+01  1.002361e+01
   endloop
 endfacet
 facet normal  0.000000e+00 -5.771458e-01  8.166412e-01
   outer loop
     vertex  7.000000e+01  1.637631e+01  1.016768e+01
     vertex  6.000000e+00  1.658844e+01  1.031759e+01
     vertex  6.000000e+00  1.637631e+01  1.016768e+01
   endloop
 endfacet
 facet normal  0.000000e+00 -5.546029e-01  8.321151e-01
   outer loop
     vertex  7.000000e+01  1.637631e+01  1.016768e+01
     vertex  6.000000e+00  1.616016e+01  1.002361e+01
     vertex  7.000000e+01  1.616016e+01  1.002361e+01
   endloop
 endfacet
 facet normal  0.000000e+00 -5.771458e-01  8.166412e-01
   outer loop
     vertex  7.000000e+01  1.658844e+01  1.031759e+01
     vertex  6.000000e+00  1.658844e+01  1.031759e+01
     vertex  7.000000e+01  1.637631e+01  1.016768e+01
   endloop
 endfacet
 facet normal  0.000000e+00 -5.992571e-01  8.005567e-01
   outer loop
     vertex  7.000000e+01  1.679638e+01  1.047325e+01
     vertex  6.000000e+00  1.679638e+01  1.047325e+01
     vertex  6.000000e+00  1.658844e+01  1.031759e+01
   endloop
 endfacet
 facet normal  0.000000e+00 -6.209204e-01  7.838736e-01
   outer loop
     vertex  7.000000e+01  1.679638e+01  1.047325e+01
     vertex  6.000000e+00  1.700000e+01  1.063454e+01
     vertex  6.000000e+00  1.679638e+01  1.047325e+01
   endloop
 endfacet
 facet normal  0.000000e+00 -5.992571e-01  8.005567e-01
   outer loop
     vertex  7.000000e+01  1.679638e+01  1.047325e+01
     vertex  6.000000e+00  1.658844e+01  1.031759e+01
     vertex  7.000000e+01  1.658844e+01  1.031759e+01
   endloop
 endfacet
 facet normal  4.187595e-14 -6.419437e-01  7.667517e-01
   outer loop
     vertex  4.500000e+00  1.719583e+01  1.079849e+01
     vertex  4.500000e+00  1.700000e+01  1.063454e+01
     vertex  6.000000e+00  1.700000e+01  1.063454e+01
   endloop
 endfacet
 facet normal  0.000000e+00 -6.209204e-01  7.838736e-01
   outer loop
     vertex  7.000000e+01  1.700000e+01  1.063454e+01
     vertex  6.000000e+00  1.700000e+01  1.063454e+01
     vertex  7.000000e+01  1.679638e+01  1.047325e+01
   endloop
 endfacet
 facet normal  0.000000e+00 -6.419437e-01  7.667517e-01
   outer loop
     vertex  7.150000e+01  1.719583e+01  1.079849e+01
     vertex  6.000000e+00  1.700000e+01  1.063454e+01
     vertex  7.000000e+01  1.700000e+01  1.063454e+01
   endloop
 endfacet
 facet normal -4.187595e-14 -6.419437e-01  7.667517e-01
   outer loop
     vertex  7.150000e+01  1.719583e+01  1.079849e+01
     vertex  7.000000e+01  1.700000e+01  1.063454e+01
     vertex  7.150000e+01  1.700000e+01  1.063454e+01
   endloop
 endfacet
 facet normal  0.000000e+00 -6.419437e-01  7.667517e-01
   outer loop
     vertex  7.150000e+01  1.719583e+01  1.079849e+01
     vertex  4.500000e+00  1.719583e+01  1.079849e+01
     vertex  6.000000e+00  1.700000e+01  1.063454e+01
   endloop
 endfacet
 facet normal  0.000000e+00 -6.623235e-01  7.492180e-01
   outer loop
     vertex  7.150000e+01  1.738718e+01  1.096765e+01
     vertex  4.500000e+00  1.738718e+01  1.096765e+01
     vertex  4.500000e+00  1.719583e+01  1.079849e+01
   endloop
 endfacet
 facet normal  0.000000e+00 -6.623235e-01  7.492180e-01
   outer loop
     vertex  7.150000e+01  1.738718e+01  1.096765e+01
     vertex  4.500000e+00  1.719583e+01  1.079849e+01
     vertex  7.150000e+01  1.719583e+01  1.079849e+01
   endloop
 endfacet
 facet normal  0.000000e+00 -6.822245e-01  7.311428e-01
   outer loop
     vertex  7.150000e+01  1.757391e+01  1.114189e+01
     vertex  4.500000e+00  1.757391e+01  1.114189e+01
     vertex  4.500000e+00  1.738718e+01  1.096765e+01
   endloop
 endfacet
 facet normal  0.000000e+00 -6.822245e-01  7.311428e-01
   outer loop
     vertex  7.150000e+01  1.757391e+01  1.114189e+01
     vertex  4.500000e+00  1.738718e+01  1.096765e+01
     vertex  7.150000e+01  1.738718e+01  1.096765e+01
   endloop
 endfacet
 facet normal  0.000000e+00 -7.016324e-01  7.125391e-01
   outer loop
     vertex  7.150000e+01  1.775590e+01  1.132109e+01
     vertex  4.500000e+00  1.775590e+01  1.132109e+01
     vertex  4.500000e+00  1.757391e+01  1.114189e+01
   endloop
 endfacet
 facet normal  0.000000e+00 -7.016324e-01  7.125391e-01
   outer loop
     vertex  7.150000e+01  1.775590e+01  1.132109e+01
     vertex  4.500000e+00  1.757391e+01  1.114189e+01
     vertex  7.150000e+01  1.757391e+01  1.114189e+01
   endloop
 endfacet
 facet normal  0.000000e+00 -7.205332e-01  6.934204e-01
   outer loop
     vertex  7.150000e+01  1.793300e+01  1.150511e+01
     vertex  4.500000e+00  1.793300e+01  1.150511e+01
     vertex  4.500000e+00  1.775590e+01  1.132109e+01
   endloop
 endfacet
 facet normal  0.000000e+00 -7.205332e-01  6.934204e-01
   outer loop
     vertex  7.150000e+01  1.793300e+01  1.150511e+01
     vertex  4.500000e+00  1.775590e+01  1.132109e+01
     vertex  7.150000e+01  1.775590e+01  1.132109e+01
   endloop
 endfacet
 facet normal  0.000000e+00 -7.389133e-01  6.738005e-01
   outer loop
     vertex  7.150000e+01  1.810509e+01  1.169383e+01
     vertex  4.500000e+00  1.793300e+01  1.150511e+01
     vertex  7.150000e+01  1.793300e+01  1.150511e+01
   endloop
 endfacet
 facet normal  0.000000e+00 -7.389133e-01  6.738005e-01
   outer loop
     vertex  7.150000e+01  1.810509e+01  1.169383e+01
     vertex  4.500000e+00  1.810509e+01  1.169383e+01
     vertex  4.500000e+00  1.793300e+01  1.150511e+01
   endloop
 endfacet
 facet normal  0.000000e+00 -7.567593e-01  6.536937e-01
   outer loop
     vertex  7.150000e+01  1.827204e+01  1.188711e+01
     vertex  4.500000e+00  1.810509e+01  1.169383e+01
     vertex  7.150000e+01  1.810509e+01  1.169383e+01
   endloop
 endfacet
 facet normal  0.000000e+00 -7.567593e-01  6.536937e-01
   outer loop
     vertex  7.150000e+01  1.827204e+01  1.188711e+01
     vertex  4.500000e+00  1.827204e+01  1.188711e+01
     vertex  4.500000e+00  1.810509e+01  1.169383e+01
   endloop
 endfacet
 facet normal  0.000000e+00 -7.740583e-01  6.331143e-01
   outer loop
     vertex  7.150000e+01  1.827204e+01  1.188711e+01
     vertex  4.500000e+00  1.843374e+01  1.208480e+01
     vertex  4.500000e+00  1.827204e+01  1.188711e+01
   endloop
 endfacet
 facet normal  0.000000e+00 -7.740583e-01  6.331143e-01
   outer loop
     vertex  7.150000e+01  1.843374e+01  1.208480e+01
     vertex  4.500000e+00  1.843374e+01  1.208480e+01
     vertex  7.150000e+01  1.827204e+01  1.188711e+01
   endloop
 endfacet
 facet normal  0.000000e+00 -7.907978e-01  6.120774e-01
   outer loop
     vertex  7.150000e+01  1.859006e+01  1.228678e+01
     vertex  4.500000e+00  1.843374e+01  1.208480e+01
     vertex  7.150000e+01  1.843374e+01  1.208480e+01
   endloop
 endfacet
 facet normal  0.000000e+00 -7.907978e-01  6.120774e-01
   outer loop
     vertex  7.150000e+01  1.859006e+01  1.228678e+01
     vertex  4.500000e+00  1.859006e+01  1.228678e+01
     vertex  4.500000e+00  1.843374e+01  1.208480e+01
   endloop
 endfacet
 facet normal  0.000000e+00 -8.069658e-01  5.905981e-01
   outer loop
     vertex  7.150000e+01  1.874090e+01  1.249287e+01
     vertex  4.500000e+00  1.859006e+01  1.228678e+01
     vertex  7.150000e+01  1.859006e+01  1.228678e+01
   endloop
 endfacet
 facet normal  0.000000e+00 -8.069658e-01  5.905981e-01
   outer loop
     vertex  7.150000e+01  1.874090e+01  1.249287e+01
     vertex  4.500000e+00  1.874090e+01  1.249287e+01
     vertex  4.500000e+00  1.859006e+01  1.228678e+01
   endloop
 endfacet
 facet normal  0.000000e+00 -8.225506e-01  5.686919e-01
   outer loop
     vertex  7.150000e+01  1.888615e+01  1.270295e+01
     vertex  4.500000e+00  1.874090e+01  1.249287e+01
     vertex  7.150000e+01  1.874090e+01  1.249287e+01
   endloop
 endfacet
 facet normal  0.000000e+00 -8.225506e-01  5.686919e-01
   outer loop
     vertex  7.150000e+01  1.888615e+01  1.270295e+01
     vertex  4.500000e+00  1.888615e+01  1.270295e+01
     vertex  4.500000e+00  1.874090e+01  1.249287e+01
   endloop
 endfacet
 facet normal  0.000000e+00 -8.375408e-01  5.463747e-01
   outer loop
     vertex  7.150000e+01  1.902569e+01  1.291686e+01
     vertex  4.500000e+00  1.888615e+01  1.270295e+01
     vertex  7.150000e+01  1.888615e+01  1.270295e+01
   endloop
 endfacet
 facet normal  0.000000e+00 -8.375408e-01  5.463747e-01
   outer loop
     vertex  7.150000e+01  1.902569e+01  1.291686e+01
     vertex  4.500000e+00  1.902569e+01  1.291686e+01
     vertex  4.500000e+00  1.888615e+01  1.270295e+01
   endloop
 endfacet
 facet normal  0.000000e+00 -8.519257e-01  5.236626e-01
   outer loop
     vertex  7.150000e+01  1.915944e+01  1.313445e+01
     vertex  4.500000e+00  1.915944e+01  1.313445e+01
     vertex  4.500000e+00  1.902569e+01  1.291686e+01
   endloop
 endfacet
 facet normal  0.000000e+00 -8.519257e-01  5.236626e-01
   outer loop
     vertex  7.150000e+01  1.915944e+01  1.313445e+01
     vertex  4.500000e+00  1.902569e+01  1.291686e+01
     vertex  7.150000e+01  1.902569e+01  1.291686e+01
   endloop
 endfacet
 facet normal  0.000000e+00 -8.656949e-01  5.005720e-01
   outer loop
     vertex  7.150000e+01  1.928728e+01  1.335554e+01
     vertex  4.500000e+00  1.915944e+01  1.313445e+01
     vertex  7.150000e+01  1.915944e+01  1.313445e+01
   endloop
 endfacet
 facet normal  0.000000e+00 -8.656949e-01  5.005720e-01
   outer loop
     vertex  7.150000e+01  1.928728e+01  1.335554e+01
     vertex  4.500000e+00  1.928728e+01  1.335554e+01
     vertex  4.500000e+00  1.915944e+01  1.313445e+01
   endloop
 endfacet
 facet normal  0.000000e+00 -8.788383e-01  4.771196e-01
   outer loop
     vertex  7.150000e+01  1.940914e+01  1.358000e+01
     vertex  4.500000e+00  1.940914e+01  1.358000e+01
     vertex  4.500000e+00  1.928728e+01  1.335554e+01
   endloop
 endfacet
 facet normal  0.000000e+00 -8.788383e-01  4.771196e-01
   outer loop
     vertex  7.150000e+01  1.940914e+01  1.358000e+01
     vertex  4.500000e+00  1.928728e+01  1.335554e+01
     vertex  7.150000e+01  1.928728e+01  1.335554e+01
   endloop
 endfacet
 facet normal  0.000000e+00 -8.913466e-01  4.533224e-01
   outer loop
     vertex  7.150000e+01  1.952492e+01  1.380765e+01
     vertex  4.500000e+00  1.952492e+01  1.380765e+01
     vertex  4.500000e+00  1.940914e+01  1.358000e+01
   endloop
 endfacet
 facet normal  0.000000e+00 -8.913466e-01  4.533224e-01
   outer loop
     vertex  7.150000e+01  1.952492e+01  1.380765e+01
     vertex  4.500000e+00  1.940914e+01  1.358000e+01
     vertex  7.150000e+01  1.940914e+01  1.358000e+01
   endloop
 endfacet
 facet normal  0.000000e+00 -9.032106e-01  4.291975e-01
   outer loop
     vertex  7.150000e+01  1.963453e+01  1.403833e+01
     vertex  4.500000e+00  1.963453e+01  1.403833e+01
     vertex  4.500000e+00  1.952492e+01  1.380765e+01
   endloop
 endfacet
 facet normal  0.000000e+00 -9.032106e-01  4.291975e-01
   outer loop
     vertex  7.150000e+01  1.963453e+01  1.403833e+01
     vertex  4.500000e+00  1.952492e+01  1.380765e+01
     vertex  7.150000e+01  1.952492e+01  1.380765e+01
   endloop
 endfacet
 facet normal  0.000000e+00 -9.144219e-01  4.047625e-01
   outer loop
     vertex  7.150000e+01  1.973791e+01  1.427188e+01
     vertex  4.500000e+00  1.973791e+01  1.427188e+01
     vertex  4.500000e+00  1.963453e+01  1.403833e+01
   endloop
 endfacet
 facet normal  0.000000e+00 -9.144219e-01  4.047625e-01
   outer loop
     vertex  7.150000e+01  1.973791e+01  1.427188e+01
     vertex  4.500000e+00  1.963453e+01  1.403833e+01
     vertex  7.150000e+01  1.963453e+01  1.403833e+01
   endloop
 endfacet
 facet normal  0.000000e+00 -9.249722e-01  3.800348e-01
   outer loop
     vertex  7.150000e+01  1.983497e+01  1.450811e+01
     vertex  4.500000e+00  1.983497e+01  1.450811e+01
     vertex  4.500000e+00  1.973791e+01  1.427188e+01
   endloop
 endfacet
 facet normal  0.000000e+00 -9.348540e-01  3.550325e-01
   outer loop
     vertex  7.150000e+01  1.983497e+01  1.450811e+01
     vertex  4.500000e+00  1.992565e+01  1.474688e+01
     vertex  4.500000e+00  1.983497e+01  1.450811e+01
   endloop
 endfacet
 facet normal  0.000000e+00 -9.249722e-01  3.800348e-01
   outer loop
     vertex  7.150000e+01  1.983497e+01  1.450811e+01
     vertex  4.500000e+00  1.973791e+01  1.427188e+01
     vertex  7.150000e+01  1.973791e+01  1.427188e+01
   endloop
 endfacet
 facet normal  0.000000e+00 -9.348540e-01  3.550325e-01
   outer loop
     vertex  7.150000e+01  1.992565e+01  1.474688e+01
     vertex  4.500000e+00  1.992565e+01  1.474688e+01
     vertex  7.150000e+01  1.983497e+01  1.450811e+01
   endloop
 endfacet
 facet normal  0.000000e+00 -9.440601e-01  3.297736e-01
   outer loop
     vertex  7.150000e+01  2.000987e+01  1.498799e+01
     vertex  4.500000e+00  2.000987e+01  1.498799e+01
     vertex  4.500000e+00  1.992565e+01  1.474688e+01
   endloop
 endfacet
 facet normal  0.000000e+00 -9.440601e-01  3.297736e-01
   outer loop
     vertex  7.150000e+01  2.000987e+01  1.498799e+01
     vertex  4.500000e+00  1.992565e+01  1.474688e+01
     vertex  7.150000e+01  1.992565e+01  1.474688e+01
   endloop
 endfacet
 facet normal  0.000000e+00 -9.525838e-01  3.042763e-01
   outer loop
     vertex  7.150000e+01  2.008758e+01  1.523128e+01
     vertex  4.500000e+00  2.008758e+01  1.523128e+01
     vertex  4.500000e+00  2.000987e+01  1.498799e+01
   endloop
 endfacet
 facet normal  0.000000e+00 -9.525838e-01  3.042763e-01
   outer loop
     vertex  7.150000e+01  2.008758e+01  1.523128e+01
     vertex  4.500000e+00  2.000987e+01  1.498799e+01
     vertex  7.150000e+01  2.000987e+01  1.498799e+01
   endloop
 endfacet
 facet normal  0.000000e+00 -9.604191e-01  2.785591e-01
   outer loop
     vertex  7.150000e+01  2.015873e+01  1.547657e+01
     vertex  4.500000e+00  2.015873e+01  1.547657e+01
     vertex  4.500000e+00  2.008758e+01  1.523128e+01
   endloop
 endfacet
 facet normal  0.000000e+00 -9.604191e-01  2.785591e-01
   outer loop
     vertex  7.150000e+01  2.015873e+01  1.547657e+01
     vertex  4.500000e+00  2.008758e+01  1.523128e+01
     vertex  7.150000e+01  2.008758e+01  1.523128e+01
   endloop
 endfacet
 facet normal  0.000000e+00 -9.675602e-01  2.526406e-01
   outer loop
     vertex  7.150000e+01  2.022325e+01  1.572369e+01
     vertex  4.500000e+00  2.022325e+01  1.572369e+01
     vertex  4.500000e+00  2.015873e+01  1.547657e+01
   endloop
 endfacet
 facet normal  0.000000e+00 -9.740020e-01  2.265395e-01
   outer loop
     vertex  7.150000e+01  2.022325e+01  1.572369e+01
     vertex  4.500000e+00  2.028111e+01  1.597245e+01
     vertex  4.500000e+00  2.022325e+01  1.572369e+01
   endloop
 endfacet
 facet normal  0.000000e+00 -9.675602e-01  2.526406e-01
   outer loop
     vertex  7.150000e+01  2.022325e+01  1.572369e+01
     vertex  4.500000e+00  2.015873e+01  1.547657e+01
     vertex  7.150000e+01  2.015873e+01  1.547657e+01
   endloop
 endfacet
 facet normal  0.000000e+00 -9.740020e-01  2.265395e-01
   outer loop
     vertex  7.150000e+01  2.028111e+01  1.597245e+01
     vertex  4.500000e+00  2.028111e+01  1.597245e+01
     vertex  7.150000e+01  2.022325e+01  1.572369e+01
   endloop
 endfacet
 facet normal  0.000000e+00 -9.797398e-01  2.002747e-01
   outer loop
     vertex  7.150000e+01  2.033226e+01  1.622268e+01
     vertex  4.500000e+00  2.033226e+01  1.622268e+01
     vertex  4.500000e+00  2.028111e+01  1.597245e+01
   endloop
 endfacet
 facet normal  0.000000e+00 -9.797398e-01  2.002747e-01
   outer loop
     vertex  7.150000e+01  2.033226e+01  1.622268e+01
     vertex  4.500000e+00  2.028111e+01  1.597245e+01
     vertex  7.150000e+01  2.028111e+01  1.597245e+01
   endloop
 endfacet
 facet normal  0.000000e+00 -9.847695e-01  1.738650e-01
   outer loop
     vertex  7.150000e+01  2.037667e+01  1.647419e+01
     vertex  4.500000e+00  2.037667e+01  1.647419e+01
     vertex  4.500000e+00  2.033226e+01  1.622268e+01
   endloop
 endfacet
 facet normal  0.000000e+00 -9.847695e-01  1.738650e-01
   outer loop
     vertex  7.150000e+01  2.037667e+01  1.647419e+01
     vertex  4.500000e+00  2.033226e+01  1.622268e+01
     vertex  7.150000e+01  2.033226e+01  1.622268e+01
   endloop
 endfacet
 facet normal  0.000000e+00 -9.890874e-01  1.473298e-01
   outer loop
     vertex  7.150000e+01  2.041430e+01  1.672680e+01
     vertex  4.500000e+00  2.041430e+01  1.672680e+01
     vertex  4.500000e+00  2.037667e+01  1.647419e+01
   endloop
 endfacet
 facet normal  0.000000e+00 -9.890874e-01  1.473298e-01
   outer loop
     vertex  7.150000e+01  2.041430e+01  1.672680e+01
     vertex  4.500000e+00  2.037667e+01  1.647419e+01
     vertex  7.150000e+01  2.037667e+01  1.647419e+01
   endloop
 endfacet
 facet normal  0.000000e+00 -9.926905e-01  1.206880e-01
   outer loop
     vertex  7.150000e+01  2.044512e+01  1.698033e+01
     vertex  4.500000e+00  2.044512e+01  1.698033e+01
     vertex  4.500000e+00  2.041430e+01  1.672680e+01
   endloop
 endfacet
 facet normal  0.000000e+00 -9.926905e-01  1.206880e-01
   outer loop
     vertex  7.150000e+01  2.044512e+01  1.698033e+01
     vertex  4.500000e+00  2.041430e+01  1.672680e+01
     vertex  7.150000e+01  2.041430e+01  1.672680e+01
   endloop
 endfacet
 facet normal  0.000000e+00 -9.955761e-01  9.395904e-02
   outer loop
     vertex  7.150000e+01  2.046912e+01  1.723461e+01
     vertex  4.500000e+00  2.046912e+01  1.723461e+01
     vertex  4.500000e+00  2.044512e+01  1.698033e+01
   endloop
 endfacet
 facet normal  0.000000e+00 -9.955761e-01  9.395904e-02
   outer loop
     vertex  7.150000e+01  2.046912e+01  1.723461e+01
     vertex  4.500000e+00  2.044512e+01  1.698033e+01
     vertex  7.150000e+01  2.044512e+01  1.698033e+01
   endloop
 endfacet
 facet normal  0.000000e+00 -9.977421e-01  6.716215e-02
   outer loop
     vertex  7.150000e+01  2.048627e+01  1.748943e+01
     vertex  4.500000e+00  2.046912e+01  1.723461e+01
     vertex  7.150000e+01  2.046912e+01  1.723461e+01
   endloop
 endfacet
 facet normal  0.000000e+00 -9.977421e-01  6.716215e-02
   outer loop
     vertex  7.150000e+01  2.048627e+01  1.748943e+01
     vertex  4.500000e+00  2.048627e+01  1.748943e+01
     vertex  4.500000e+00  2.046912e+01  1.723461e+01
   endloop
 endfacet
 facet normal  0.000000e+00 -9.991870e-01  4.031672e-02
   outer loop
     vertex  7.150000e+01  2.049657e+01  1.774462e+01
     vertex  4.500000e+00  2.048627e+01  1.748943e+01
     vertex  7.150000e+01  2.048627e+01  1.748943e+01
   endloop
 endfacet
 facet normal  0.000000e+00 -9.991870e-01  4.031672e-02
   outer loop
     vertex  7.150000e+01  2.049657e+01  1.774462e+01
     vertex  4.500000e+00  2.049657e+01  1.774462e+01
     vertex  4.500000e+00  2.048627e+01  1.748943e+01
   endloop
 endfacet
 facet normal  0.000000e+00 -9.999097e-01  1.344214e-02
   outer loop
     vertex  7.150000e+01  2.050000e+01  1.800000e+01
     vertex  4.500000e+00  2.049657e+01  1.774462e+01
     vertex  7.150000e+01  2.049657e+01  1.774462e+01
   endloop
 endfacet
 facet normal  0.000000e+00 -9.999097e-01  1.344214e-02
   outer loop
     vertex  7.150000e+01  2.050000e+01  1.800000e+01
     vertex  4.500000e+00  2.050000e+01  1.800000e+01
     vertex  4.500000e+00  2.049657e+01  1.774462e+01
   endloop
 endfacet
 facet normal -1.000000e+00  0.000000e+00  0.000000e+00
   outer loop
     vertex  7.150000e+01  5.000000e+00  1.800000e+01
     vertex  7.150000e+01  2.074352e+00  1.474688e+01
     vertex  7.150000e+01  1.990128e+00  1.498799e+01
   endloop
 endfacet
 facet normal -1.000000e+00  0.000000e+00  0.000000e+00
   outer loop
     vertex  7.150000e+01  5.000000e+00  1.800000e+01
     vertex  7.150000e+01  2.165028e+00  1.450811e+01
     vertex  7.150000e+01  2.074352e+00  1.474688e+01
   endloop
 endfacet
 facet normal -1.000000e+00  0.000000e+00  0.000000e+00
   outer loop
     vertex  7.150000e+01  5.000000e+00  1.800000e+01
     vertex  7.150000e+01  2.262089e+00  1.427188e+01
     vertex  7.150000e+01  2.165028e+00  1.450811e+01
   endloop
 endfacet
 facet normal -1.000000e+00  0.000000e+00  0.000000e+00
   outer loop
     vertex  7.150000e+01  5.000000e+00  1.800000e+01
     vertex  7.150000e+01  2.365465e+00  1.403833e+01
     vertex  7.150000e+01  2.262089e+00  1.427188e+01
   endloop
 endfacet
 facet normal -1.000000e+00  0.000000e+00  0.000000e+00
   outer loop
     vertex  7.150000e+01  5.000000e+00  1.800000e+01
     vertex  7.150000e+01  2.475083e+00  1.380765e+01
     vertex  7.150000e+01  2.365465e+00  1.403833e+01
   endloop
 endfacet
 facet normal -1.000000e+00  0.000000e+00  0.000000e+00
   outer loop
     vertex  7.150000e+01  5.000000e+00  1.800000e+01
     vertex  7.150000e+01  2.590862e+00  1.358000e+01
     vertex  7.150000e+01  2.475083e+00  1.380765e+01
   endloop
 endfacet
 facet normal -1.000000e+00  0.000000e+00  0.000000e+00
   outer loop
     vertex  7.150000e+01  5.000000e+00  1.800000e+01
     vertex  7.150000e+01  2.712718e+00  1.335554e+01
     vertex  7.150000e+01  2.590862e+00  1.358000e+01
   endloop
 endfacet
 facet normal -1.000000e+00  0.000000e+00  0.000000e+00
   outer loop
     vertex  7.150000e+01  5.000000e+00  1.800000e+01
     vertex  7.150000e+01  2.840565e+00  1.313445e+01
     vertex  7.150000e+01  2.712718e+00  1.335554e+01
   endloop
 endfacet
 facet normal -1.000000e+00  0.000000e+00  0.000000e+00
   outer loop
     vertex  7.150000e+01  5.000000e+00  1.800000e+01
     vertex  7.150000e+01  2.974309e+00  1.291686e+01
     vertex  7.150000e+01  2.840565e+00  1.313445e+01
   endloop
 endfacet
 facet normal -1.000000e+00  0.000000e+00  0.000000e+00
   outer loop
     vertex  7.150000e+01  5.000000e+00  1.800000e+01
     vertex  7.150000e+01  3.113853e+00  1.270295e+01
     vertex  7.150000e+01  2.974309e+00  1.291686e+01
   endloop
 endfacet
 facet normal -1.000000e+00  0.000000e+00  0.000000e+00
   outer loop
     vertex  7.150000e+01  5.000000e+00  1.800000e+01
     vertex  7.150000e+01  3.259098e+00  1.249287e+01
     vertex  7.150000e+01  3.113853e+00  1.270295e+01
   endloop
 endfacet
 facet normal -1.000000e+00  0.000000e+00  0.000000e+00
   outer loop
     vertex  7.150000e+01  5.000000e+00  1.800000e+01
     vertex  7.150000e+01  3.409937e+00  1.228678e+01
     vertex  7.150000e+01  3.259098e+00  1.249287e+01
   endloop
 endfacet
 facet normal -1.000000e+00  0.000000e+00  0.000000e+00
   outer loop
     vertex  7.150000e+01  5.000000e+00  1.800000e+01
     vertex  7.150000e+01  3.566262e+00  1.208480e+01
     vertex  7.150000e+01  3.409937e+00  1.228678e+01
   endloop
 endfacet
 facet normal -1.000000e+00  0.000000e+00  0.000000e+00
   outer loop
     vertex  7.150000e+01  5.000000e+00  1.800000e+01
     vertex  7.150000e+01  3.727960e+00  1.188711e+01
     vertex  7.150000e+01  3.566262e+00  1.208480e+01
   endloop
 endfacet
 facet normal -1.000000e+00  0.000000e+00  0.000000e+00
   outer loop
     vertex  7.150000e+01  5.000000e+00  1.800000e+01
     vertex  7.150000e+01  3.894914e+00  1.169383e+01
     vertex  7.150000e+01  3.727960e+00  1.188711e+01
   endloop
 endfacet
 facet normal -1.000000e+00  0.000000e+00  0.000000e+00
   outer loop
     vertex  7.150000e+01  5.000000e+00  1.800000e+01
     vertex  7.150000e+01  4.067003e+00  1.150511e+01
     vertex  7.150000e+01  3.894914e+00  1.169383e+01
   endloop
 endfacet
 facet normal -1.000000e+00  0.000000e+00  0.000000e+00
   outer loop
     vertex  7.150000e+01  5.000000e+00  1.800000e+01
     vertex  7.150000e+01  4.244103e+00  1.132109e+01
     vertex  7.150000e+01  4.067003e+00  1.150511e+01
   endloop
 endfacet
 facet normal -1.000000e+00  0.000000e+00  0.000000e+00
   outer loop
     vertex  7.150000e+01  5.000000e+00  1.800000e+01
     vertex  7.150000e+01  4.426086e+00  1.114189e+01
     vertex  7.150000e+01  4.244103e+00  1.132109e+01
   endloop
 endfacet
 facet normal -1.000000e+00  0.000000e+00  0.000000e+00
   outer loop
     vertex  7.150000e+01  5.000000e+00  1.800000e+01
     vertex  7.150000e+01  4.612820e+00  1.096765e+01
     vertex  7.150000e+01  4.426086e+00  1.114189e+01
   endloop
 endfacet
 facet normal -1.000000e+00  0.000000e+00  0.000000e+00
   outer loop
     vertex  7.150000e+01  5.000000e+00  1.800000e+01
     vertex  7.150000e+01  4.804171e+00  1.079849e+01
     vertex  7.150000e+01  4.612820e+00  1.096765e+01
   endloop
 endfacet
 facet normal -1.000000e+00  0.000000e+00  0.000000e+00
   outer loop
     vertex  7.150000e+01  5.000000e+00  1.800000e+01
     vertex  7.150000e+01  5.000000e+00  1.063454e+01
     vertex  7.150000e+01  4.804171e+00  1.079849e+01
   endloop
 endfacet
 facet normal -1.000000e+00  0.000000e+00  0.000000e+00
   outer loop
     vertex  7.150000e+01  1.912415e+00  1.523128e+01
     vertex  7.150000e+01  5.000000e+00  1.800000e+01
     vertex  7.150000e+01  1.990128e+00  1.498799e+01
   endloop
 endfacet
 facet normal -1.000000e+00  0.000000e+00  0.000000e+00
   outer loop
     vertex  7.150000e+01  1.841271e+00  1.547657e+01
     vertex  7.150000e+01  5.000000e+00  1.800000e+01
     vertex  7.150000e+01  1.912415e+00  1.523128e+01
   endloop
 endfacet
 facet normal -1.000000e+00  0.000000e+00  0.000000e+00
   outer loop
     vertex  7.150000e+01  1.776746e+00  1.572369e+01
     vertex  7.150000e+01  5.000000e+00  1.800000e+01
     vertex  7.150000e+01  1.841271e+00  1.547657e+01
   endloop
 endfacet
 facet normal -1.000000e+00  0.000000e+00  0.000000e+00
   outer loop
     vertex  7.150000e+01  1.718888e+00  1.597245e+01
     vertex  7.150000e+01  5.000000e+00  1.800000e+01
     vertex  7.150000e+01  1.776746e+00  1.572369e+01
   endloop
 endfacet
 facet normal -1.000000e+00  0.000000e+00  0.000000e+00
   outer loop
     vertex  7.150000e+01  1.667738e+00  1.622268e+01
     vertex  7.150000e+01  5.000000e+00  1.800000e+01
     vertex  7.150000e+01  1.718888e+00  1.597245e+01
   endloop
 endfacet
 facet normal -1.000000e+00  0.000000e+00  0.000000e+00
   outer loop
     vertex  7.150000e+01  1.623332e+00  1.647419e+01
     vertex  7.150000e+01  5.000000e+00  1.800000e+01
     vertex  7.150000e+01  1.667738e+00  1.622268e+01
   endloop
 endfacet
 facet normal -1.000000e+00  0.000000e+00  0.000000e+00
   outer loop
     vertex  7.150000e+01  1.585704e+00  1.672680e+01
     vertex  7.150000e+01  5.000000e+00  1.800000e+01
     vertex  7.150000e+01  1.623332e+00  1.647419e+01
   endloop
 endfacet
 facet normal -1.000000e+00  0.000000e+00  0.000000e+00
   outer loop
     vertex  7.150000e+01  1.554881e+00  1.698033e+01
     vertex  7.150000e+01  5.000000e+00  1.800000e+01
     vertex  7.150000e+01  1.585704e+00  1.672680e+01
   endloop
 endfacet
 facet normal -1.000000e+00  0.000000e+00  0.000000e+00
   outer loop
     vertex  7.150000e+01  1.530883e+00  1.723461e+01
     vertex  7.150000e+01  5.000000e+00  1.800000e+01
     vertex  7.150000e+01  1.554881e+00  1.698033e+01
   endloop
 endfacet
 facet normal -1.000000e+00  0.000000e+00  0.000000e+00
   outer loop
     vertex  7.150000e+01  1.513730e+00  1.748943e+01
     vertex  7.150000e+01  5.000000e+00  1.800000e+01
     vertex  7.150000e+01  1.530883e+00  1.723461e+01
   endloop
 endfacet
 facet normal -1.000000e+00  0.000000e+00  0.000000e+00
   outer loop
     vertex  7.150000e+01  1.503433e+00  1.774462e+01
     vertex  7.150000e+01  5.000000e+00  1.800000e+01
     vertex  7.150000e+01  1.513730e+00  1.748943e+01
   endloop
 endfacet
 facet normal -1.000000e+00  0.000000e+00  0.000000e+00
   outer loop
     vertex  7.150000e+01  1.500000e+00  1.800000e+01
     vertex  7.150000e+01  5.000000e+00  1.800000e+01
     vertex  7.150000e+01  1.503433e+00  1.774462e+01
   endloop
 endfacet
 facet normal -1.000000e+00  0.000000e+00 -0.000000e+00
   outer loop
     vertex  7.150000e+01  1.245881e+01  8.650887e+00
     vertex  7.150000e+01  1.269721e+01  8.652836e+00
     vertex  7.150000e+01  1.244871e+01  8.611111e+00
   endloop
 endfacet
 facet normal -1.000000e+00  0.000000e+00 -0.000000e+00
   outer loop
     vertex  7.150000e+01  1.246781e+01  8.690924e+00
     vertex  7.150000e+01  1.269721e+01  8.652836e+00
     vertex  7.150000e+01  1.245881e+01  8.650887e+00
   endloop
 endfacet
 facet normal -1.000000e+00  0.000000e+00 -0.000000e+00
   outer loop
     vertex  7.150000e+01  1.247572e+01  8.731193e+00
     vertex  7.150000e+01  1.269721e+01  8.652836e+00
     vertex  7.150000e+01  1.246781e+01  8.690924e+00
   endloop
 endfacet
 facet normal -1.000000e+00  0.000000e+00 -0.000000e+00
   outer loop
     vertex  7.150000e+01  1.248252e+01  8.771662e+00
     vertex  7.150000e+01  1.269721e+01  8.652836e+00
     vertex  7.150000e+01  1.247572e+01  8.731193e+00
   endloop
 endfacet
 facet normal -1.000000e+00  0.000000e+00 -0.000000e+00
   outer loop
     vertex  7.150000e+01  1.248821e+01  8.812303e+00
     vertex  7.150000e+01  1.269721e+01  8.652836e+00
     vertex  7.150000e+01  1.248252e+01  8.771662e+00
   endloop
 endfacet
 facet normal -1.000000e+00  0.000000e+00 -0.000000e+00
   outer loop
     vertex  7.150000e+01  1.249279e+01  8.853084e+00
     vertex  7.150000e+01  1.269721e+01  8.652836e+00
     vertex  7.150000e+01  1.248821e+01  8.812303e+00
   endloop
 endfacet
 facet normal -1.000000e+00  0.000000e+00 -0.000000e+00
   outer loop
     vertex  7.150000e+01  1.249625e+01  8.893975e+00
     vertex  7.150000e+01  1.269721e+01  8.652836e+00
     vertex  7.150000e+01  1.249279e+01  8.853084e+00
   endloop
 endfacet
 facet normal -1.000000e+00  0.000000e+00  0.000000e+00
   outer loop
     vertex  7.150000e+01  1.249859e+01  8.934945e+00
     vertex  7.150000e+01  1.294452e+01  8.701137e+00
     vertex  7.150000e+01  1.269721e+01  8.652836e+00
   endloop
 endfacet
 facet normal -1.000000e+00  0.000000e+00 -0.000000e+00
   outer loop
     vertex  7.150000e+01  1.249859e+01  8.934945e+00
     vertex  7.150000e+01  1.269721e+01  8.652836e+00
     vertex  7.150000e+01  1.249625e+01  8.893975e+00
   endloop
 endfacet
 facet normal -1.000000e+00  0.000000e+00 -0.000000e+00
   outer loop
     vertex  7.150000e+01  1.249981e+01  8.975964e+00
     vertex  7.150000e+01  1.294452e+01  8.701137e+00
     vertex  7.150000e+01  1.249859e+01  8.934945e+00
   endloop
 endfacet
 facet normal -1.000000e+00  0.000000e+00 -0.000000e+00
   outer loop
     vertex  7.150000e+01  1.249990e+01  9.017002e+00
     vertex  7.150000e+01  1.294452e+01  8.701137e+00
     vertex  7.150000e+01  1.249981e+01  8.975964e+00
   endloop
 endfacet
 facet normal -1.000000e+00  0.000000e+00  0.000000e+00
   outer loop
     vertex  7.150000e+01  1.249888e+01  9.058026e+00
     vertex  7.150000e+01  1.294452e+01  8.701137e+00
     vertex  7.150000e+01  1.249990e+01  9.017002e+00
   endloop
 endfacet
 facet normal -1.000000e+00  0.000000e+00  0.000000e+00
   outer loop
     vertex  7.150000e+01  1.249673e+01  9.099007e+00
     vertex  7.150000e+01  1.294452e+01  8.701137e+00
     vertex  7.150000e+01  1.249888e+01  9.058026e+00
   endloop
 endfacet
 facet normal -1.000000e+00  0.000000e+00  0.000000e+00
   outer loop
     vertex  7.150000e+01  1.249346e+01  9.139914e+00
     vertex  7.150000e+01  1.294452e+01  8.701137e+00
     vertex  7.150000e+01  1.249673e+01  9.099007e+00
   endloop
 endfacet
 facet normal -1.000000e+00  0.000000e+00  0.000000e+00
   outer loop
     vertex  7.150000e+01  1.249346e+01  9.139914e+00
     vertex  7.150000e+01  1.319045e+01  8.755979e+00
     vertex  7.150000e+01  1.294452e+01  8.701137e+00
   endloop
 endfacet
 facet normal -1.000000e+00  0.000000e+00  0.000000e+00
   outer loop
     vertex  7.150000e+01  1.248907e+01  9.180716e+00
     vertex  7.150000e+01  1.319045e+01  8.755979e+00
     vertex  7.150000e+01  1.249346e+01  9.139914e+00
   endloop
 endfacet
 facet normal -1.000000e+00  0.000000e+00  0.000000e+00
   outer loop
     vertex  7.150000e+01  1.248357e+01  9.221383e+00
     vertex  7.150000e+01  1.319045e+01  8.755979e+00
     vertex  7.150000e+01  1.248907e+01  9.180716e+00
   endloop
 endfacet
 facet normal -1.000000e+00  0.000000e+00  0.000000e+00
   outer loop
     vertex  7.150000e+01  1.247696e+01  9.261884e+00
     vertex  7.150000e+01  1.319045e+01  8.755979e+00
     vertex  7.150000e+01  1.248357e+01  9.221383e+00
   endloop
 endfacet
 facet normal -1.000000e+00  0.000000e+00  0.000000e+00
   outer loop
     vertex  7.150000e+01  1.246925e+01  9.302189e+00
     vertex  7.150000e+01  1.319045e+01  8.755979e+00
     vertex  7.150000e+01  1.247696e+01  9.261884e+00
   endloop
 endfacet
 facet normal -1.000000e+00  0.000000e+00  0.000000e+00
   outer loop
     vertex  7.150000e+01  1.246925e+01  9.302189e+00
     vertex  7.150000e+01  1.343485e+01  8.817325e+00
     vertex  7.150000e+01  1.319045e+01  8.755979e+00
   endloop
 endfacet
 facet normal -1.000000e+00  0.000000e+00  0.000000e+00
   outer loop
     vertex  7.150000e+01  1.246043e+01  9.342268e+00
     vertex  7.150000e+01  1.343485e+01  8.817325e+00
     vertex  7.150000e+01  1.246925e+01  9.302189e+00
   endloop
 endfacet
 facet normal -1.000000e+00  0.000000e+00  0.000000e+00
   outer loop
     vertex  7.150000e+01  1.245052e+01  9.382091e+00
     vertex  7.150000e+01  1.343485e+01  8.817325e+00
     vertex  7.150000e+01  1.246043e+01  9.342268e+00
   endloop
 endfacet
 facet normal -1.000000e+00  0.000000e+00  0.000000e+00
   outer loop
     vertex  7.150000e+01  1.243952e+01  9.421627e+00
     vertex  7.150000e+01  1.343485e+01  8.817325e+00
     vertex  7.150000e+01  1.245052e+01  9.382091e+00
   endloop
 endfacet
 facet normal -1.000000e+00  0.000000e+00  0.000000e+00
   outer loop
     vertex  7.150000e+01  1.242745e+01  9.460849e+00
     vertex  7.150000e+01  1.343485e+01  8.817325e+00
     vertex  7.150000e+01  1.243952e+01  9.421627e+00
   endloop
 endfacet
 facet normal -1.000000e+00  0.000000e+00  0.000000e+00
   outer loop
     vertex  7.150000e+01  1.242745e+01  9.460849e+00
     vertex  7.150000e+01  1.367753e+01  8.885132e+00
     vertex  7.150000e+01  1.343485e+01  8.817325e+00
   endloop
 endfacet
 facet normal -1.000000e+00  0.000000e+00  0.000000e+00
   outer loop
     vertex  7.150000e+01  1.241431e+01  9.499725e+00
     vertex  7.150000e+01  1.367753e+01  8.885132e+00
     vertex  7.150000e+01  1.242745e+01  9.460849e+00
   endloop
 endfacet
 facet normal -1.000000e+00  0.000000e+00  0.000000e+00
   outer loop
     vertex  7.150000e+01  1.240011e+01  9.538227e+00
     vertex  7.150000e+01  1.367753e+01  8.885132e+00
     vertex  7.150000e+01  1.241431e+01  9.499725e+00
   endloop
 endfacet
 facet normal -1.000000e+00  0.000000e+00  0.000000e+00
   outer loop
     vertex  7.150000e+01  1.238486e+01  9.576327e+00
     vertex  7.150000e+01  1.391833e+01  8.959350e+00
     vertex  7.150000e+01  1.367753e+01  8.885132e+00
   endloop
 endfacet
 facet normal -1.000000e+00  0.000000e+00  0.000000e+00
   outer loop
     vertex  7.150000e+01  1.238486e+01  9.576327e+00
     vertex  7.150000e+01  1.367753e+01  8.885132e+00
     vertex  7.150000e+01  1.240011e+01  9.538227e+00
   endloop
 endfacet
 facet normal -1.000000e+00  0.000000e+00  0.000000e+00
   outer loop
     vertex  7.150000e+01  1.236858e+01  9.613995e+00
     vertex  7.150000e+01  1.391833e+01  8.959350e+00
     vertex  7.150000e+01  1.238486e+01  9.576327e+00
   endloop
 endfacet
 facet normal -1.000000e+00  0.000000e+00  0.000000e+00
   outer loop
     vertex  7.150000e+01  1.235127e+01  9.651203e+00
     vertex  7.150000e+01  1.391833e+01  8.959350e+00
     vertex  7.150000e+01  1.236858e+01  9.613995e+00
   endloop
 endfacet
 facet normal -1.000000e+00  0.000000e+00  0.000000e+00
   outer loop
     vertex  7.150000e+01  1.233295e+01  9.687924e+00
     vertex  7.150000e+01  1.415708e+01  9.039929e+00
     vertex  7.150000e+01  1.391833e+01  8.959350e+00
   endloop
 endfacet
 facet normal -1.000000e+00  0.000000e+00  0.000000e+00
   outer loop
     vertex  7.150000e+01  1.233295e+01  9.687924e+00
     vertex  7.150000e+01  1.391833e+01  8.959350e+00
     vertex  7.150000e+01  1.235127e+01  9.651203e+00
   endloop
 endfacet
 facet normal -1.000000e+00  0.000000e+00  0.000000e+00
   outer loop
     vertex  7.150000e+01  1.231363e+01  9.724130e+00
     vertex  7.150000e+01  1.415708e+01  9.039929e+00
     vertex  7.150000e+01  1.233295e+01  9.687924e+00
   endloop
 endfacet
 facet normal -1.000000e+00  0.000000e+00  0.000000e+00
   outer loop
     vertex  7.150000e+01  1.229333e+01  9.759795e+00
     vertex  7.150000e+01  1.415708e+01  9.039929e+00
     vertex  7.150000e+01  1.231363e+01  9.724130e+00
   endloop
 endfacet
 facet normal -1.000000e+00  0.000000e+00  0.000000e+00
   outer loop
     vertex  7.150000e+01  1.227207e+01  9.794890e+00
     vertex  7.150000e+01  1.439360e+01  9.126812e+00
     vertex  7.150000e+01  1.415708e+01  9.039929e+00
   endloop
 endfacet
 facet normal -1.000000e+00  0.000000e+00  0.000000e+00
   outer loop
     vertex  7.150000e+01  1.227207e+01  9.794890e+00
     vertex  7.150000e+01  1.415708e+01  9.039929e+00
     vertex  7.150000e+01  1.229333e+01  9.759795e+00
   endloop
 endfacet
 facet normal -1.000000e+00  0.000000e+00  0.000000e+00
   outer loop
     vertex  7.150000e+01  1.224984e+01  9.829391e+00
     vertex  7.150000e+01  1.439360e+01  9.126812e+00
     vertex  7.150000e+01  1.227207e+01  9.794890e+00
   endloop
 endfacet
 facet normal -1.000000e+00  0.000000e+00  0.000000e+00
   outer loop
     vertex  7.150000e+01  1.222669e+01  9.863270e+00
     vertex  7.150000e+01  1.462774e+01  9.219937e+00
     vertex  7.150000e+01  1.439360e+01  9.126812e+00
   endloop
 endfacet
 facet normal -1.000000e+00  0.000000e+00  0.000000e+00
   outer loop
     vertex  7.150000e+01  1.222669e+01  9.863270e+00
     vertex  7.150000e+01  1.439360e+01  9.126812e+00
     vertex  7.150000e+01  1.224984e+01  9.829391e+00
   endloop
 endfacet
 facet normal -1.000000e+00  0.000000e+00  0.000000e+00
   outer loop
     vertex  7.150000e+01  1.220261e+01  9.896504e+00
     vertex  7.150000e+01  1.462774e+01  9.219937e+00
     vertex  7.150000e+01  1.222669e+01  9.863270e+00
   endloop
 endfacet
 facet normal -1.000000e+00  0.000000e+00  0.000000e+00
   outer loop
     vertex  7.150000e+01  1.217764e+01  9.929067e+00
     vertex  7.150000e+01  1.485933e+01  9.319239e+00
     vertex  7.150000e+01  1.462774e+01  9.219937e+00
   endloop
 endfacet
 facet normal -1.000000e+00  0.000000e+00  0.000000e+00
   outer loop
     vertex  7.150000e+01  1.217764e+01  9.929067e+00
     vertex  7.150000e+01  1.462774e+01  9.219937e+00
     vertex  7.150000e+01  1.220261e+01  9.896504e+00
   endloop
 endfacet
 facet normal -1.000000e+00  0.000000e+00  0.000000e+00
   outer loop
     vertex  7.150000e+01  1.215178e+01  9.960934e+00
     vertex  7.150000e+01  1.485933e+01  9.319239e+00
     vertex  7.150000e+01  1.217764e+01  9.929067e+00
   endloop
 endfacet
 facet normal -1.000000e+00  0.000000e+00  0.000000e+00
   outer loop
     vertex  7.150000e+01  1.212507e+01  9.992082e+00
     vertex  7.150000e+01  1.508820e+01  9.424648e+00
     vertex  7.150000e+01  1.485933e+01  9.319239e+00
   endloop
 endfacet
 facet normal -1.000000e+00  0.000000e+00  0.000000e+00
   outer loop
     vertex  7.150000e+01  1.212507e+01  9.992082e+00
     vertex  7.150000e+01  1.485933e+01  9.319239e+00
     vertex  7.150000e+01  1.215178e+01  9.960934e+00
   endloop
 endfacet
 facet normal -1.000000e+00  0.000000e+00  0.000000e+00
   outer loop
     vertex  7.150000e+01  1.209751e+01  1.002249e+01
     vertex  7.150000e+01  1.508820e+01  9.424648e+00
     vertex  7.150000e+01  1.212507e+01  9.992082e+00
   endloop
 endfacet
 facet normal -1.000000e+00  0.000000e+00  0.000000e+00
   outer loop
     vertex  7.150000e+01  1.209751e+01  1.002249e+01
     vertex  7.150000e+01  1.531419e+01  9.536090e+00
     vertex  7.150000e+01  1.508820e+01  9.424648e+00
   endloop
 endfacet
 facet normal -1.000000e+00  0.000000e+00  0.000000e+00
   outer loop
     vertex  7.150000e+01  1.206912e+01  1.005213e+01
     vertex  7.150000e+01  1.531419e+01  9.536090e+00
     vertex  7.150000e+01  1.209751e+01  1.002249e+01
   endloop
 endfacet
 facet normal -1.000000e+00  0.000000e+00  0.000000e+00
   outer loop
     vertex  7.150000e+01  1.203994e+01  1.008098e+01
     vertex  7.150000e+01  1.553715e+01  9.653487e+00
     vertex  7.150000e+01  1.531419e+01  9.536090e+00
   endloop
 endfacet
 facet normal -1.000000e+00  0.000000e+00  0.000000e+00
   outer loop
     vertex  7.150000e+01  1.203994e+01  1.008098e+01
     vertex  7.150000e+01  1.531419e+01  9.536090e+00
     vertex  7.150000e+01  1.206912e+01  1.005213e+01
   endloop
 endfacet
 facet normal -1.000000e+00  0.000000e+00  0.000000e+00
   outer loop
     vertex  7.150000e+01  1.200998e+01  1.010902e+01
     vertex  7.150000e+01  1.575692e+01  9.776756e+00
     vertex  7.150000e+01  1.553715e+01  9.653487e+00
   endloop
 endfacet
 facet normal -1.000000e+00  0.000000e+00  0.000000e+00
   outer loop
     vertex  7.150000e+01  1.200998e+01  1.010902e+01
     vertex  7.150000e+01  1.553715e+01  9.653487e+00
     vertex  7.150000e+01  1.203994e+01  1.008098e+01
   endloop
 endfacet
 facet normal -1.000000e+00  0.000000e+00  0.000000e+00
   outer loop
     vertex  7.150000e+01  1.197927e+01  1.013624e+01
     vertex  7.150000e+01  1.575692e+01  9.776756e+00
     vertex  7.150000e+01  1.200998e+01  1.010902e+01
   endloop
 endfacet
 facet normal -1.000000e+00  0.000000e+00  0.000000e+00
   outer loop
     vertex  7.150000e+01  1.194782e+01  1.016260e+01
     vertex  7.150000e+01  1.597334e+01  9.905809e+00
     vertex  7.150000e+01  1.575692e+01  9.776756e+00
   endloop
 endfacet
 facet normal -1.000000e+00  0.000000e+00  0.000000e+00
   outer loop
     vertex  7.150000e+01  1.194782e+01  1.016260e+01
     vertex  7.150000e+01  1.575692e+01  9.776756e+00
     vertex  7.150000e+01  1.197927e+01  1.013624e+01
   endloop
 endfacet
 facet normal -1.000000e+00  0.000000e+00  0.000000e+00
   outer loop
     vertex  7.150000e+01  1.191566e+01  1.018809e+01
     vertex  7.150000e+01  1.597334e+01  9.905809e+00
     vertex  7.150000e+01  1.194782e+01  1.016260e+01
   endloop
 endfacet
 facet normal -1.000000e+00  0.000000e+00  0.000000e+00
   outer loop
     vertex  7.150000e+01  1.191566e+01  1.018809e+01
     vertex  7.150000e+01  1.618626e+01  1.004056e+01
     vertex  7.150000e+01  1.597334e+01  9.905809e+00
   endloop
 endfacet
 facet normal -1.000000e+00  0.000000e+00  0.000000e+00
   outer loop
     vertex  7.150000e+01  1.188282e+01  1.021270e+01
     vertex  7.150000e+01  1.639553e+01  1.018091e+01
     vertex  7.150000e+01  1.618626e+01  1.004056e+01
   endloop
 endfacet
 facet normal -1.000000e+00  0.000000e+00  0.000000e+00
   outer loop
     vertex  7.150000e+01  1.188282e+01  1.021270e+01
     vertex  7.150000e+01  1.618626e+01  1.004056e+01
     vertex  7.150000e+01  1.191566e+01  1.018809e+01
   endloop
 endfacet
 facet normal -1.000000e+00  0.000000e+00  0.000000e+00
   outer loop
     vertex  7.150000e+01  1.184931e+01  1.023639e+01
     vertex  7.150000e+01  1.660101e+01  1.032675e+01
     vertex  7.150000e+01  1.639553e+01  1.018091e+01
   endloop
 endfacet
 facet normal -1.000000e+00  0.000000e+00  0.000000e+00
   outer loop
     vertex  7.150000e+01  1.184931e+01  1.023639e+01
     vertex  7.150000e+01  1.639553e+01  1.018091e+01
     vertex  7.150000e+01  1.188282e+01  1.021270e+01
   endloop
 endfacet
 facet normal -1.000000e+00  0.000000e+00  0.000000e+00
   outer loop
     vertex  7.150000e+01  1.181517e+01  1.025916e+01
     vertex  7.150000e+01  1.660101e+01  1.032675e+01
     vertex  7.150000e+01  1.184931e+01  1.023639e+01
   endloop
 endfacet
 facet normal -1.000000e+00  0.000000e+00  0.000000e+00
   outer loop
     vertex  7.150000e+01  1.181517e+01  1.025916e+01
     vertex  7.150000e+01  1.680255e+01  1.047800e+01
     vertex  7.150000e+01  1.660101e+01  1.032675e+01
   endloop
 endfacet
 facet normal -1.000000e+00  0.000000e+00  0.000000e+00
   outer loop
     vertex  7.150000e+01  1.178042e+01  1.028099e+01
     vertex  7.150000e+01  1.680255e+01  1.047800e+01
     vertex  7.150000e+01  1.181517e+01  1.025916e+01
   endloop
 endfacet
 facet normal -1.000000e+00  0.000000e+00  0.000000e+00
   outer loop
     vertex  7.150000e+01  1.178042e+01  1.028099e+01
     vertex  7.150000e+01  1.700000e+01  1.063454e+01
     vertex  7.150000e+01  1.680255e+01  1.047800e+01
   endloop
 endfacet
 facet normal -1.000000e+00  0.000000e+00  0.000000e+00
   outer loop
     vertex  7.150000e+01  1.174509e+01  1.030186e+01
     vertex  7.150000e+01  1.700000e+01  1.063454e+01
     vertex  7.150000e+01  1.178042e+01  1.028099e+01
   endloop
 endfacet
 facet normal -1.000000e+00  0.000000e+00  0.000000e+00
   outer loop
     vertex  7.150000e+01  9.302789e+00  8.652836e+00
     vertex  7.150000e+01  9.541192e+00  8.650887e+00
     vertex  7.150000e+01  9.551288e+00  8.611111e+00
   endloop
 endfacet
 facet normal -1.000000e+00  0.000000e+00  0.000000e+00
   outer loop
     vertex  7.150000e+01  9.302789e+00  8.652836e+00
     vertex  7.150000e+01  9.532188e+00  8.690924e+00
     vertex  7.150000e+01  9.541192e+00  8.650887e+00
   endloop
 endfacet
 facet normal -1.000000e+00  0.000000e+00  0.000000e+00
   outer loop
     vertex  7.150000e+01  9.302789e+00  8.652836e+00
     vertex  7.150000e+01  9.524282e+00  8.731193e+00
     vertex  7.150000e+01  9.532188e+00  8.690924e+00
   endloop
 endfacet
 facet normal -1.000000e+00  0.000000e+00  0.000000e+00
   outer loop
     vertex  7.150000e+01  9.302789e+00  8.652836e+00
     vertex  7.150000e+01  9.517481e+00  8.771662e+00
     vertex  7.150000e+01  9.524282e+00  8.731193e+00
   endloop
 endfacet
 facet normal -1.000000e+00  0.000000e+00  0.000000e+00
   outer loop
     vertex  7.150000e+01  9.302789e+00  8.652836e+00
     vertex  7.150000e+01  9.511790e+00  8.812303e+00
     vertex  7.150000e+01  9.517481e+00  8.771662e+00
   endloop
 endfacet
 facet normal -1.000000e+00  0.000000e+00  0.000000e+00
   outer loop
     vertex  7.150000e+01  9.302789e+00  8.652836e+00
     vertex  7.150000e+01  9.507212e+00  8.853084e+00
     vertex  7.150000e+01  9.511790e+00  8.812303e+00
   endloop
 endfacet
 facet normal -1.000000e+00  0.000000e+00 -0.000000e+00
   outer loop
     vertex  7.150000e+01  9.503752e+00  8.893975e+00
     vertex  7.150000e+01  9.507212e+00  8.853084e+00
     vertex  7.150000e+01  9.302789e+00  8.652836e+00
   endloop
 endfacet
 facet normal -1.000000e+00  0.000000e+00 -0.000000e+00
   outer loop
     vertex  7.150000e+01  9.501411e+00  8.934945e+00
     vertex  7.150000e+01  9.503752e+00  8.893975e+00
     vertex  7.150000e+01  9.302789e+00  8.652836e+00
   endloop
 endfacet
 facet normal -1.000000e+00  0.000000e+00  0.000000e+00
   outer loop
     vertex  7.150000e+01  9.055484e+00  8.701137e+00
     vertex  7.150000e+01  9.500193e+00  8.975964e+00
     vertex  7.150000e+01  9.501411e+00  8.934945e+00
   endloop
 endfacet
 facet normal -1.000000e+00  0.000000e+00  0.000000e+00
   outer loop
     vertex  7.150000e+01  9.055484e+00  8.701137e+00
     vertex  7.150000e+01  9.500096e+00  9.017002e+00
     vertex  7.150000e+01  9.500193e+00  8.975964e+00
   endloop
 endfacet
 facet normal -1.000000e+00  0.000000e+00  0.000000e+00
   outer loop
     vertex  7.150000e+01  9.055484e+00  8.701137e+00
     vertex  7.150000e+01  9.501123e+00  9.058026e+00
     vertex  7.150000e+01  9.500096e+00  9.017002e+00
   endloop
 endfacet
 facet normal -1.000000e+00  0.000000e+00  0.000000e+00
   outer loop
     vertex  7.150000e+01  9.055484e+00  8.701137e+00
     vertex  7.150000e+01  9.503271e+00  9.099007e+00
     vertex  7.150000e+01  9.501123e+00  9.058026e+00
   endloop
 endfacet
 facet normal -1.000000e+00  0.000000e+00  0.000000e+00
   outer loop
     vertex  7.150000e+01  9.055484e+00  8.701137e+00
     vertex  7.150000e+01  9.506540e+00  9.139914e+00
     vertex  7.150000e+01  9.503271e+00  9.099007e+00
   endloop
 endfacet
 facet normal -1.000000e+00  0.000000e+00  0.000000e+00
   outer loop
     vertex  7.150000e+01  9.055484e+00  8.701137e+00
     vertex  7.150000e+01  9.501411e+00  8.934945e+00
     vertex  7.150000e+01  9.302789e+00  8.652836e+00
   endloop
 endfacet
 facet normal -1.000000e+00  0.000000e+00  0.000000e+00
   outer loop
     vertex  7.150000e+01  8.809547e+00  8.755979e+00
     vertex  7.150000e+01  9.510926e+00  9.180716e+00
     vertex  7.150000e+01  9.506540e+00  9.139914e+00
   endloop
 endfacet
 facet normal -1.000000e+00  0.000000e+00  0.000000e+00
   outer loop
     vertex  7.150000e+01  8.809547e+00  8.755979e+00
     vertex  7.150000e+01  9.516427e+00  9.221383e+00
     vertex  7.150000e+01  9.510926e+00  9.180716e+00
   endloop
 endfacet
 facet normal -1.000000e+00  0.000000e+00  0.000000e+00
   outer loop
     vertex  7.150000e+01  8.809547e+00  8.755979e+00
     vertex  7.150000e+01  9.523038e+00  9.261884e+00
     vertex  7.150000e+01  9.516427e+00  9.221383e+00
   endloop
 endfacet
 facet normal -1.000000e+00  0.000000e+00  0.000000e+00
   outer loop
     vertex  7.150000e+01  8.809547e+00  8.755979e+00
     vertex  7.150000e+01  9.530755e+00  9.302189e+00
     vertex  7.150000e+01  9.523038e+00  9.261884e+00
   endloop
 endfacet
 facet normal -1.000000e+00  0.000000e+00  0.000000e+00
   outer loop
     vertex  7.150000e+01  8.809547e+00  8.755979e+00
     vertex  7.150000e+01  9.506540e+00  9.139914e+00
     vertex  7.150000e+01  9.055484e+00  8.701137e+00
   endloop
 endfacet
 facet normal -1.000000e+00  0.000000e+00  0.000000e+00
   outer loop
     vertex  7.150000e+01  8.565151e+00  8.817325e+00
     vertex  7.150000e+01  9.530755e+00  9.302189e+00
     vertex  7.150000e+01  8.809547e+00  8.755979e+00
   endloop
 endfacet
 facet normal -1.000000e+00  0.000000e+00  0.000000e+00
   outer loop
     vertex  7.150000e+01  8.565151e+00  8.817325e+00
     vertex  7.150000e+01  9.539571e+00  9.342268e+00
     vertex  7.150000e+01  9.530755e+00  9.302189e+00
   endloop
 endfacet
 facet normal -1.000000e+00  0.000000e+00  0.000000e+00
   outer loop
     vertex  7.150000e+01  8.565151e+00  8.817325e+00
     vertex  7.150000e+01  9.549481e+00  9.382091e+00
     vertex  7.150000e+01  9.539571e+00  9.342268e+00
   endloop
 endfacet
 facet normal -1.000000e+00  0.000000e+00  0.000000e+00
   outer loop
     vertex  7.150000e+01  8.565151e+00  8.817325e+00
     vertex  7.150000e+01  9.560476e+00  9.421627e+00
     vertex  7.150000e+01  9.549481e+00  9.382091e+00
   endloop
 endfacet
 facet normal -1.000000e+00  0.000000e+00  0.000000e+00
   outer loop
     vertex  7.150000e+01  8.565151e+00  8.817325e+00
     vertex  7.150000e+01  9.572548e+00  9.460849e+00
     vertex  7.150000e+01  9.560476e+00  9.421627e+00
   endloop
 endfacet
 facet normal -1.000000e+00  0.000000e+00  0.000000e+00
   outer loop
     vertex  7.150000e+01  8.322468e+00  8.885132e+00
     vertex  7.150000e+01  9.585689e+00  9.499725e+00
     vertex  7.150000e+01  9.572548e+00  9.460849e+00
   endloop
 endfacet
 facet normal -1.000000e+00  0.000000e+00  0.000000e+00
   outer loop
     vertex  7.150000e+01  8.322468e+00  8.885132e+00
     vertex  7.150000e+01  9.599889e+00  9.538227e+00
     vertex  7.150000e+01  9.585689e+00  9.499725e+00
   endloop
 endfacet
 facet normal -1.000000e+00  0.000000e+00  0.000000e+00
   outer loop
     vertex  7.150000e+01  8.322468e+00  8.885132e+00
     vertex  7.150000e+01  9.615136e+00  9.576327e+00
     vertex  7.150000e+01  9.599889e+00  9.538227e+00
   endloop
 endfacet
 facet normal -1.000000e+00  0.000000e+00  0.000000e+00
   outer loop
     vertex  7.150000e+01  8.322468e+00  8.885132e+00
     vertex  7.150000e+01  9.572548e+00  9.460849e+00
     vertex  7.150000e+01  8.565151e+00  8.817325e+00
   endloop
 endfacet
 facet normal -1.000000e+00  0.000000e+00  0.000000e+00
   outer loop
     vertex  7.150000e+01  8.081669e+00  8.959350e+00
     vertex  7.150000e+01  9.631420e+00  9.613995e+00
     vertex  7.150000e+01  9.615136e+00  9.576327e+00
   endloop
 endfacet
 facet normal -1.000000e+00  0.000000e+00  0.000000e+00
   outer loop
     vertex  7.150000e+01  8.081669e+00  8.959350e+00
     vertex  7.150000e+01  9.648729e+00  9.651203e+00
     vertex  7.150000e+01  9.631420e+00  9.613995e+00
   endloop
 endfacet
 facet normal -1.000000e+00  0.000000e+00  0.000000e+00
   outer loop
     vertex  7.150000e+01  8.081669e+00  8.959350e+00
     vertex  7.150000e+01  9.667048e+00  9.687924e+00
     vertex  7.150000e+01  9.648729e+00  9.651203e+00
   endloop
 endfacet
 facet normal -1.000000e+00  0.000000e+00  0.000000e+00
   outer loop
     vertex  7.150000e+01  8.081669e+00  8.959350e+00
     vertex  7.150000e+01  9.615136e+00  9.576327e+00
     vertex  7.150000e+01  8.322468e+00  8.885132e+00
   endloop
 endfacet
 facet normal -1.000000e+00  0.000000e+00  0.000000e+00
   outer loop
     vertex  7.150000e+01  1.700000e+01  1.800000e+01
     vertex  7.150000e+01  1.148366e+01  1.041988e+01
     vertex  7.150000e+01  1.144464e+01  1.043258e+01
   endloop
 endfacet
 facet normal -1.000000e+00  0.000000e+00  0.000000e+00
   outer loop
     vertex  7.150000e+01  1.700000e+01  1.800000e+01
     vertex  7.150000e+01  1.152232e+01  1.040612e+01
     vertex  7.150000e+01  1.148366e+01  1.041988e+01
   endloop
 endfacet
 facet normal -1.000000e+00  0.000000e+00  0.000000e+00
   outer loop
     vertex  7.150000e+01  1.700000e+01  1.800000e+01
     vertex  7.150000e+01  1.156059e+01  1.039131e+01
     vertex  7.150000e+01  1.152232e+01  1.040612e+01
   endloop
 endfacet
 facet normal -1.000000e+00  0.000000e+00  0.000000e+00
   outer loop
     vertex  7.150000e+01  1.700000e+01  1.800000e+01
     vertex  7.150000e+01  1.159844e+01  1.037545e+01
     vertex  7.150000e+01  1.156059e+01  1.039131e+01
   endloop
 endfacet
 facet normal -1.000000e+00  0.000000e+00  0.000000e+00
   outer loop
     vertex  7.150000e+01  1.700000e+01  1.800000e+01
     vertex  7.150000e+01  1.163585e+01  1.035857e+01
     vertex  7.150000e+01  1.159844e+01  1.037545e+01
   endloop
 endfacet
 facet normal -1.000000e+00  0.000000e+00  0.000000e+00
   outer loop
     vertex  7.150000e+01  1.700000e+01  1.800000e+01
     vertex  7.150000e+01  1.167277e+01  1.034066e+01
     vertex  7.150000e+01  1.163585e+01  1.035857e+01
   endloop
 endfacet
 facet normal -1.000000e+00  0.000000e+00  0.000000e+00
   outer loop
     vertex  7.150000e+01  1.700000e+01  1.800000e+01
     vertex  7.150000e+01  1.170919e+01  1.032176e+01
     vertex  7.150000e+01  1.167277e+01  1.034066e+01
   endloop
 endfacet
 facet normal -1.000000e+00  0.000000e+00  0.000000e+00
   outer loop
     vertex  7.150000e+01  1.700000e+01  1.800000e+01
     vertex  7.150000e+01  1.174509e+01  1.030186e+01
     vertex  7.150000e+01  1.170919e+01  1.032176e+01
   endloop
 endfacet
 facet normal -1.000000e+00  0.000000e+00  0.000000e+00
   outer loop
     vertex  7.150000e+01  1.700000e+01  1.800000e+01
     vertex  7.150000e+01  1.104103e+01  1.049944e+01
     vertex  7.150000e+01  1.100000e+01  1.050000e+01
   endloop
 endfacet
 facet normal -1.000000e+00  0.000000e+00  0.000000e+00
   outer loop
     vertex  7.150000e+01  1.700000e+01  1.800000e+01
     vertex  7.150000e+01  1.108204e+01  1.049776e+01
     vertex  7.150000e+01  1.104103e+01  1.049944e+01
   endloop
 endfacet
 facet normal -1.000000e+00  0.000000e+00  0.000000e+00
   outer loop
     vertex  7.150000e+01  1.700000e+01  1.800000e+01
     vertex  7.150000e+01  1.112298e+01  1.049495e+01
     vertex  7.150000e+01  1.108204e+01  1.049776e+01
   endloop
 endfacet
 facet normal -1.000000e+00  0.000000e+00  0.000000e+00
   outer loop
     vertex  7.150000e+01  1.700000e+01  1.800000e+01
     vertex  7.150000e+01  1.116383e+01  1.049103e+01
     vertex  7.150000e+01  1.112298e+01  1.049495e+01
   endloop
 endfacet
 facet normal -1.000000e+00  0.000000e+00  0.000000e+00
   outer loop
     vertex  7.150000e+01  1.700000e+01  1.800000e+01
     vertex  7.150000e+01  1.120455e+01  1.048599e+01
     vertex  7.150000e+01  1.116383e+01  1.049103e+01
   endloop
 endfacet
 facet normal -1.000000e+00  0.000000e+00  0.000000e+00
   outer loop
     vertex  7.150000e+01  1.700000e+01  1.800000e+01
     vertex  7.150000e+01  1.124513e+01  1.047984e+01
     vertex  7.150000e+01  1.120455e+01  1.048599e+01
   endloop
 endfacet
 facet normal -1.000000e+00  0.000000e+00  0.000000e+00
   outer loop
     vertex  7.150000e+01  1.700000e+01  1.800000e+01
     vertex  7.150000e+01  1.128552e+01  1.047258e+01
     vertex  7.150000e+01  1.124513e+01  1.047984e+01
   endloop
 endfacet
 facet normal -1.000000e+00  0.000000e+00  0.000000e+00
   outer loop
     vertex  7.150000e+01  1.700000e+01  1.800000e+01
     vertex  7.150000e+01  1.132569e+01  1.046421e+01
     vertex  7.150000e+01  1.128552e+01  1.047258e+01
   endloop
 endfacet
 facet normal -1.000000e+00  0.000000e+00  0.000000e+00
   outer loop
     vertex  7.150000e+01  1.700000e+01  1.800000e+01
     vertex  7.150000e+01  1.136563e+01  1.045476e+01
     vertex  7.150000e+01  1.132569e+01  1.046421e+01
   endloop
 endfacet
 facet normal -1.000000e+00  0.000000e+00 -0.000000e+00
   outer loop
     vertex  7.150000e+01  1.700000e+01  1.800000e+01
     vertex  7.150000e+01  1.700000e+01  1.063454e+01
     vertex  7.150000e+01  1.174509e+01  1.030186e+01
   endloop
 endfacet
 facet normal -1.000000e+00  0.000000e+00  0.000000e+00
   outer loop
     vertex  7.150000e+01  1.700000e+01  1.800000e+01
     vertex  7.150000e+01  1.140528e+01  1.044421e+01
     vertex  7.150000e+01  1.136563e+01  1.045476e+01
   endloop
 endfacet
 facet normal -1.000000e+00  0.000000e+00  0.000000e+00
   outer loop
     vertex  7.150000e+01  1.700000e+01  1.800000e+01
     vertex  7.150000e+01  1.144464e+01  1.043258e+01
     vertex  7.150000e+01  1.140528e+01  1.044421e+01
   endloop
 endfacet
 facet normal -1.000000e+00  0.000000e+00  0.000000e+00
   outer loop
     vertex  7.150000e+01  7.842923e+00  9.039929e+00
     vertex  7.150000e+01  9.686366e+00  9.724130e+00
     vertex  7.150000e+01  9.667048e+00  9.687924e+00
   endloop
 endfacet
 facet normal -1.000000e+00  0.000000e+00  0.000000e+00
   outer loop
     vertex  7.150000e+01  7.842923e+00  9.039929e+00
     vertex  7.150000e+01  9.706666e+00  9.759795e+00
     vertex  7.150000e+01  9.686366e+00  9.724130e+00
   endloop
 endfacet
 facet normal -1.000000e+00  0.000000e+00  0.000000e+00
   outer loop
     vertex  7.150000e+01  7.842923e+00  9.039929e+00
     vertex  7.150000e+01  9.727935e+00  9.794890e+00
     vertex  7.150000e+01  9.706666e+00  9.759795e+00
   endloop
 endfacet
 facet normal -1.000000e+00  0.000000e+00  0.000000e+00
   outer loop
     vertex  7.150000e+01  7.842923e+00  9.039929e+00
     vertex  7.150000e+01  9.667048e+00  9.687924e+00
     vertex  7.150000e+01  8.081669e+00  8.959350e+00
   endloop
 endfacet
 facet normal -1.000000e+00  0.000000e+00  0.000000e+00
   outer loop
     vertex  7.150000e+01  7.606398e+00  9.126812e+00
     vertex  7.150000e+01  9.750156e+00  9.829391e+00
     vertex  7.150000e+01  9.727935e+00  9.794890e+00
   endloop
 endfacet
 facet normal -1.000000e+00  0.000000e+00  0.000000e+00
   outer loop
     vertex  7.150000e+01  7.606398e+00  9.126812e+00
     vertex  7.150000e+01  9.773312e+00  9.863270e+00
     vertex  7.150000e+01  9.750156e+00  9.829391e+00
   endloop
 endfacet
 facet normal -1.000000e+00  0.000000e+00  0.000000e+00
   outer loop
     vertex  7.150000e+01  7.606398e+00  9.126812e+00
     vertex  7.150000e+01  9.727935e+00  9.794890e+00
     vertex  7.150000e+01  7.842923e+00  9.039929e+00
   endloop
 endfacet
 facet normal -1.000000e+00  0.000000e+00  0.000000e+00
   outer loop
     vertex  7.150000e+01  7.372260e+00  9.219937e+00
     vertex  7.150000e+01  9.773312e+00  9.863270e+00
     vertex  7.150000e+01  7.606398e+00  9.126812e+00
   endloop
 endfacet
 facet normal -1.000000e+00  0.000000e+00  0.000000e+00
   outer loop
     vertex  7.150000e+01  7.372260e+00  9.219937e+00
     vertex  7.150000e+01  9.797386e+00  9.896504e+00
     vertex  7.150000e+01  9.773312e+00  9.863270e+00
   endloop
 endfacet
 facet normal -1.000000e+00  0.000000e+00  0.000000e+00
   outer loop
     vertex  7.150000e+01  7.372260e+00  9.219937e+00
     vertex  7.150000e+01  9.822361e+00  9.929067e+00
     vertex  7.150000e+01  9.797386e+00  9.896504e+00
   endloop
 endfacet
 facet normal -1.000000e+00  0.000000e+00  0.000000e+00
   outer loop
     vertex  7.150000e+01  7.140675e+00  9.319239e+00
     vertex  7.150000e+01  9.848216e+00  9.960934e+00
     vertex  7.150000e+01  9.822361e+00  9.929067e+00
   endloop
 endfacet
 facet normal -1.000000e+00  0.000000e+00  0.000000e+00
   outer loop
     vertex  7.150000e+01  7.140675e+00  9.319239e+00
     vertex  7.150000e+01  9.874934e+00  9.992082e+00
     vertex  7.150000e+01  9.848216e+00  9.960934e+00
   endloop
 endfacet
 facet normal -1.000000e+00  0.000000e+00  0.000000e+00
   outer loop
     vertex  7.150000e+01  7.140675e+00  9.319239e+00
     vertex  7.150000e+01  9.822361e+00  9.929067e+00
     vertex  7.150000e+01  7.372260e+00  9.219937e+00
   endloop
 endfacet
 facet normal -1.000000e+00  0.000000e+00  0.000000e+00
   outer loop
     vertex  7.150000e+01  6.911804e+00  9.424648e+00
     vertex  7.150000e+01  9.902494e+00  1.002249e+01
     vertex  7.150000e+01  9.874934e+00  9.992082e+00
   endloop
 endfacet
 facet normal -1.000000e+00  0.000000e+00  0.000000e+00
   outer loop
     vertex  7.150000e+01  6.911804e+00  9.424648e+00
     vertex  7.150000e+01  9.874934e+00  9.992082e+00
     vertex  7.150000e+01  7.140675e+00  9.319239e+00
   endloop
 endfacet
 facet normal -1.000000e+00  0.000000e+00  0.000000e+00
   outer loop
     vertex  7.150000e+01  6.685810e+00  9.536090e+00
     vertex  7.150000e+01  9.902494e+00  1.002249e+01
     vertex  7.150000e+01  6.911804e+00  9.424648e+00
   endloop
 endfacet
 facet normal -1.000000e+00  0.000000e+00  0.000000e+00
   outer loop
     vertex  7.150000e+01  6.685810e+00  9.536090e+00
     vertex  7.150000e+01  9.930876e+00  1.005213e+01
     vertex  7.150000e+01  9.902494e+00  1.002249e+01
   endloop
 endfacet
 facet normal -1.000000e+00  0.000000e+00  0.000000e+00
   outer loop
     vertex  7.150000e+01  6.685810e+00  9.536090e+00
     vertex  7.150000e+01  9.960057e+00  1.008098e+01
     vertex  7.150000e+01  9.930876e+00  1.005213e+01
   endloop
 endfacet
 facet normal -1.000000e+00  0.000000e+00  0.000000e+00
   outer loop
     vertex  7.150000e+01  6.462851e+00  9.653487e+00
     vertex  7.150000e+01  9.960057e+00  1.008098e+01
     vertex  7.150000e+01  6.685810e+00  9.536090e+00
   endloop
 endfacet
 facet normal -1.000000e+00  0.000000e+00  0.000000e+00
   outer loop
     vertex  7.150000e+01  6.462851e+00  9.653487e+00
     vertex  7.150000e+01  9.990017e+00  1.010902e+01
     vertex  7.150000e+01  9.960057e+00  1.008098e+01
   endloop
 endfacet
 facet normal -1.000000e+00  0.000000e+00  0.000000e+00
   outer loop
     vertex  7.150000e+01  6.243084e+00  9.776756e+00
     vertex  7.150000e+01  1.002073e+01  1.013624e+01
     vertex  7.150000e+01  9.990017e+00  1.010902e+01
   endloop
 endfacet
 facet normal -1.000000e+00  0.000000e+00  0.000000e+00
   outer loop
     vertex  7.150000e+01  6.243084e+00  9.776756e+00
     vertex  7.150000e+01  1.005218e+01  1.016260e+01
     vertex  7.150000e+01  1.002073e+01  1.013624e+01
   endloop
 endfacet
 facet normal -1.000000e+00  0.000000e+00  0.000000e+00
   outer loop
     vertex  7.150000e+01  6.243084e+00  9.776756e+00
     vertex  7.150000e+01  9.990017e+00  1.010902e+01
     vertex  7.150000e+01  6.462851e+00  9.653487e+00
   endloop
 endfacet
 facet normal -1.000000e+00  0.000000e+00  0.000000e+00
   outer loop
     vertex  7.150000e+01  6.026663e+00  9.905809e+00
     vertex  7.150000e+01  1.005218e+01  1.016260e+01
     vertex  7.150000e+01  6.243084e+00  9.776756e+00
   endloop
 endfacet
 facet normal -1.000000e+00  0.000000e+00  0.000000e+00
   outer loop
     vertex  7.150000e+01  6.026663e+00  9.905809e+00
     vertex  7.150000e+01  1.008434e+01  1.018809e+01
     vertex  7.150000e+01  1.005218e+01  1.016260e+01
   endloop
 endfacet
 facet normal -1.000000e+00  0.000000e+00  0.000000e+00
   outer loop
     vertex  7.150000e+01  5.813742e+00  1.004056e+01
     vertex  7.150000e+01  1.008434e+01  1.018809e+01
     vertex  7.150000e+01  6.026663e+00  9.905809e+00
   endloop
 endfacet
 facet normal -1.000000e+00  0.000000e+00  0.000000e+00
   outer loop
     vertex  7.150000e+01  5.813742e+00  1.004056e+01
     vertex  7.150000e+01  1.011718e+01  1.021270e+01
     vertex  7.150000e+01  1.008434e+01  1.018809e+01
   endloop
 endfacet
 facet normal -1.000000e+00  0.000000e+00  0.000000e+00
   outer loop
     vertex  7.150000e+01  5.604469e+00  1.018091e+01
     vertex  7.150000e+01  1.011718e+01  1.021270e+01
     vertex  7.150000e+01  5.813742e+00  1.004056e+01
   endloop
 endfacet
 facet normal -1.000000e+00  0.000000e+00  0.000000e+00
   outer loop
     vertex  7.150000e+01  5.604469e+00  1.018091e+01
     vertex  7.150000e+01  1.015069e+01  1.023639e+01
     vertex  7.150000e+01  1.011718e+01  1.021270e+01
   endloop
 endfacet
 facet normal -1.000000e+00  0.000000e+00  0.000000e+00
   outer loop
     vertex  7.150000e+01  5.398991e+00  1.032675e+01
     vertex  7.150000e+01  1.015069e+01  1.023639e+01
     vertex  7.150000e+01  5.604469e+00  1.018091e+01
   endloop
 endfacet
 facet normal -1.000000e+00  0.000000e+00  0.000000e+00
   outer loop
     vertex  7.150000e+01  5.398991e+00  1.032675e+01
     vertex  7.150000e+01  1.018483e+01  1.025916e+01
     vertex  7.150000e+01  1.015069e+01  1.023639e+01
   endloop
 endfacet
 facet normal -1.000000e+00  0.000000e+00  0.000000e+00
   outer loop
     vertex  7.150000e+01  5.197455e+00  1.047800e+01
     vertex  7.150000e+01  1.018483e+01  1.025916e+01
     vertex  7.150000e+01  5.398991e+00  1.032675e+01
   endloop
 endfacet
 facet normal -1.000000e+00  0.000000e+00  0.000000e+00
   outer loop
     vertex  7.150000e+01  5.197455e+00  1.047800e+01
     vertex  7.150000e+01  1.021958e+01  1.028099e+01
     vertex  7.150000e+01  1.018483e+01  1.025916e+01
   endloop
 endfacet
 facet normal -1.000000e+00  0.000000e+00  0.000000e+00
   outer loop
     vertex  7.150000e+01  5.000000e+00  1.063454e+01
     vertex  7.150000e+01  1.021958e+01  1.028099e+01
     vertex  7.150000e+01  5.197455e+00  1.047800e+01
   endloop
 endfacet
 facet normal -1.000000e+00  0.000000e+00  0.000000e+00
   outer loop
     vertex  7.150000e+01  5.000000e+00  1.063454e+01
     vertex  7.150000e+01  1.025491e+01  1.030186e+01
     vertex  7.150000e+01  1.021958e+01  1.028099e+01
   endloop
 endfacet
 facet normal -1.000000e+00  0.000000e+00  0.000000e+00
   outer loop
     vertex  7.150000e+01  5.000000e+00  1.800000e+01
     vertex  7.150000e+01  1.700000e+01  1.800000e+01
     vertex  7.150000e+01  1.100000e+01  1.050000e+01
   endloop
 endfacet
 facet normal -1.000000e+00  0.000000e+00 -0.000000e+00
   outer loop
     vertex  7.150000e+01  5.000000e+00  1.800000e+01
     vertex  7.150000e+01  1.025491e+01  1.030186e+01
     vertex  7.150000e+01  5.000000e+00  1.063454e+01
   endloop
 endfacet
 facet normal -1.000000e+00  0.000000e+00  0.000000e+00
   outer loop
     vertex  7.150000e+01  5.000000e+00  1.800000e+01
     vertex  7.150000e+01  1.029081e+01  1.032176e+01
     vertex  7.150000e+01  1.025491e+01  1.030186e+01
   endloop
 endfacet
 facet normal -1.000000e+00  0.000000e+00  0.000000e+00
   outer loop
     vertex  7.150000e+01  5.000000e+00  1.800000e+01
     vertex  7.150000e+01  1.032723e+01  1.034066e+01
     vertex  7.150000e+01  1.029081e+01  1.032176e+01
   endloop
 endfacet
 facet normal -1.000000e+00  0.000000e+00  0.000000e+00
   outer loop
     vertex  7.150000e+01  5.000000e+00  1.800000e+01
     vertex  7.150000e+01  1.036415e+01  1.035857e+01
     vertex  7.150000e+01  1.032723e+01  1.034066e+01
   endloop
 endfacet
 facet normal -1.000000e+00  0.000000e+00  0.000000e+00
   outer loop
     vertex  7.150000e+01  5.000000e+00  1.800000e+01
     vertex  7.150000e+01  1.040156e+01  1.037545e+01
     vertex  7.150000e+01  1.036415e+01  1.035857e+01
   endloop
 endfacet
 facet normal -1.000000e+00  0.000000e+00  0.000000e+00
   outer loop
     vertex  7.150000e+01  5.000000e+00  1.800000e+01
     vertex  7.150000e+01  1.043941e+01  1.039131e+01
     vertex  7.150000e+01  1.040156e+01  1.037545e+01
   endloop
 endfacet
 facet normal -1.000000e+00  0.000000e+00  0.000000e+00
   outer loop
     vertex  7.150000e+01  5.000000e+00  1.800000e+01
     vertex  7.150000e+01  1.047768e+01  1.040612e+01
     vertex  7.150000e+01  1.043941e+01  1.039131e+01
   endloop
 endfacet
 facet normal -1.000000e+00  0.000000e+00  0.000000e+00
   outer loop
     vertex  7.150000e+01  5.000000e+00  1.800000e+01
     vertex  7.150000e+01  1.051634e+01  1.041988e+01
     vertex  7.150000e+01  1.047768e+01  1.040612e+01
   endloop
 endfacet
 facet normal -1.000000e+00  0.000000e+00  0.000000e+00
   outer loop
     vertex  7.150000e+01  5.000000e+00  1.800000e+01
     vertex  7.150000e+01  1.055536e+01  1.043258e+01
     vertex  7.150000e+01  1.051634e+01  1.041988e+01
   endloop
 endfacet
 facet normal -1.000000e+00  0.000000e+00  0.000000e+00
   outer loop
     vertex  7.150000e+01  5.000000e+00  1.800000e+01
     vertex  7.150000e+01  1.059472e+01  1.044421e+01
     vertex  7.150000e+01  1.055536e+01  1.043258e+01
   endloop
 endfacet
 facet normal -1.000000e+00  0.000000e+00  0.000000e+00
   outer loop
     vertex  7.150000e+01  5.000000e+00  1.800000e+01
     vertex  7.150000e+01  1.063437e+01  1.045476e+01
     vertex  7.150000e+01  1.059472e+01  1.044421e+01
   endloop
 endfacet
 facet normal -1.000000e+00  0.000000e+00  0.000000e+00
   outer loop
     vertex  7.150000e+01  5.000000e+00  1.800000e+01
     vertex  7.150000e+01  1.067431e+01  1.046421e+01
     vertex  7.150000e+01  1.063437e+01  1.045476e+01
   endloop
 endfacet
 facet normal -1.000000e+00  0.000000e+00  0.000000e+00
   outer loop
     vertex  7.150000e+01  5.000000e+00  1.800000e+01
     vertex  7.150000e+01  1.071448e+01  1.047258e+01
     vertex  7.150000e+01  1.067431e+01  1.046421e+01
   endloop
 endfacet
 facet normal -1.000000e+00  0.000000e+00  0.000000e+00
   outer loop
     vertex  7.150000e+01  5.000000e+00  1.800000e+01
     vertex  7.150000e+01  1.075487e+01  1.047984e+01
     vertex  7.150000e+01  1.071448e+01  1.047258e+01
   endloop
 endfacet
 facet normal -1.000000e+00  0.000000e+00  0.000000e+00
   outer loop
     vertex  7.150000e+01  5.000000e+00  1.800000e+01
     vertex  7.150000e+01  1.079545e+01  1.048599e+01
     vertex  7.150000e+01  1.075487e+01  1.047984e+01
   endloop
 endfacet
 facet normal -1.000000e+00  0.000000e+00  0.000000e+00
   outer loop
     vertex  7.150000e+01  5.000000e+00  1.800000e+01
     vertex  7.150000e+01  1.083617e+01  1.049103e+01
     vertex  7.150000e+01  1.079545e+01  1.048599e+01
   endloop
 endfacet
 facet normal -1.000000e+00  0.000000e+00  0.000000e+00
   outer loop
     vertex  7.150000e+01  5.000000e+00  1.800000e+01
     vertex  7.150000e+01  1.087702e+01  1.049495e+01
     vertex  7.150000e+01  1.083617e+01  1.049103e+01
   endloop
 endfacet
 facet normal -1.000000e+00  0.000000e+00  0.000000e+00
   outer loop
     vertex  7.150000e+01  5.000000e+00  1.800000e+01
     vertex  7.150000e+01  1.091796e+01  1.049776e+01
     vertex  7.150000e+01  1.087702e+01  1.049495e+01
   endloop
 endfacet
 facet normal -1.000000e+00  0.000000e+00  0.000000e+00
   outer loop
     vertex  7.150000e+01  5.000000e+00  1.800000e+01
     vertex  7.150000e+01  1.095897e+01  1.049944e+01
     vertex  7.150000e+01  1.091796e+01  1.049776e+01
   endloop
 endfacet
 facet normal -1.000000e+00  0.000000e+00  0.000000e+00
   outer loop
     vertex  7.150000e+01  5.000000e+00  1.800000e+01
     vertex  7.150000e+01  1.100000e+01  1.050000e+01
     vertex  7.150000e+01  1.095897e+01  1.049944e+01
   endloop
 endfacet
 facet normal -1.000000e+00  0.000000e+00  0.000000e+00
   outer loop
     vertex  7.150000e+01  1.700000e+01  1.800000e+01
     vertex  7.150000e+01  1.738718e+01  1.096765e+01
     vertex  7.150000e+01  1.719583e+01  1.079849e+01
   endloop
 endfacet
 facet normal -1.000000e+00  0.000000e+00  0.000000e+00
   outer loop
     vertex  7.150000e+01  1.700000e+01  1.800000e+01
     vertex  7.150000e+01  1.757391e+01  1.114189e+01
     vertex  7.150000e+01  1.738718e+01  1.096765e+01
   endloop
 endfacet
 facet normal -1.000000e+00  0.000000e+00  0.000000e+00
   outer loop
     vertex  7.150000e+01  1.700000e+01  1.800000e+01
     vertex  7.150000e+01  1.775590e+01  1.132109e+01
     vertex  7.150000e+01  1.757391e+01  1.114189e+01
   endloop
 endfacet
 facet normal -1.000000e+00  0.000000e+00  0.000000e+00
   outer loop
     vertex  7.150000e+01  1.700000e+01  1.800000e+01
     vertex  7.150000e+01  1.793300e+01  1.150511e+01
     vertex  7.150000e+01  1.775590e+01  1.132109e+01
   endloop
 endfacet
 facet normal -1.000000e+00  0.000000e+00  0.000000e+00
   outer loop
     vertex  7.150000e+01  1.700000e+01  1.800000e+01
     vertex  7.150000e+01  1.810509e+01  1.169383e+01
     vertex  7.150000e+01  1.793300e+01  1.150511e+01
   endloop
 endfacet
 facet normal -1.000000e+00  0.000000e+00  0.000000e+00
   outer loop
     vertex  7.150000e+01  1.700000e+01  1.800000e+01
     vertex  7.150000e+01  1.827204e+01  1.188711e+01
     vertex  7.150000e+01  1.810509e+01  1.169383e+01
   endloop
 endfacet
 facet normal -1.000000e+00  0.000000e+00  0.000000e+00
   outer loop
     vertex  7.150000e+01  1.700000e+01  1.800000e+01
     vertex  7.150000e+01  1.843374e+01  1.208480e+01
     vertex  7.150000e+01  1.827204e+01  1.188711e+01
   endloop
 endfacet
 facet normal -1.000000e+00  0.000000e+00  0.000000e+00
   outer loop
     vertex  7.150000e+01  1.700000e+01  1.800000e+01
     vertex  7.150000e+01  1.859006e+01  1.228678e+01
     vertex  7.150000e+01  1.843374e+01  1.208480e+01
   endloop
 endfacet
 facet normal -1.000000e+00  0.000000e+00  0.000000e+00
   outer loop
     vertex  7.150000e+01  1.700000e+01  1.800000e+01
     vertex  7.150000e+01  1.874090e+01  1.249287e+01
     vertex  7.150000e+01  1.859006e+01  1.228678e+01
   endloop
 endfacet
 facet normal -1.000000e+00  0.000000e+00  0.000000e+00
   outer loop
     vertex  7.150000e+01  1.700000e+01  1.800000e+01
     vertex  7.150000e+01  1.888615e+01  1.270295e+01
     vertex  7.150000e+01  1.874090e+01  1.249287e+01
   endloop
 endfacet
 facet normal -1.000000e+00  0.000000e+00  0.000000e+00
   outer loop
     vertex  7.150000e+01  1.700000e+01  1.800000e+01
     vertex  7.150000e+01  1.902569e+01  1.291686e+01
     vertex  7.150000e+01  1.888615e+01  1.270295e+01
   endloop
 endfacet
 facet normal -1.000000e+00  0.000000e+00  0.000000e+00
   outer loop
     vertex  7.150000e+01  1.700000e+01  1.800000e+01
     vertex  7.150000e+01  1.915944e+01  1.313445e+01
     vertex  7.150000e+01  1.902569e+01  1.291686e+01
   endloop
 endfacet
 facet normal -1.000000e+00  0.000000e+00  0.000000e+00
   outer loop
     vertex  7.150000e+01  1.700000e+01  1.800000e+01
     vertex  7.150000e+01  1.928728e+01  1.335554e+01
     vertex  7.150000e+01  1.915944e+01  1.313445e+01
   endloop
 endfacet
 facet normal -1.000000e+00  0.000000e+00  0.000000e+00
   outer loop
     vertex  7.150000e+01  1.700000e+01  1.800000e+01
     vertex  7.150000e+01  1.940914e+01  1.358000e+01
     vertex  7.150000e+01  1.928728e+01  1.335554e+01
   endloop
 endfacet
 facet normal -1.000000e+00  0.000000e+00  0.000000e+00
   outer loop
     vertex  7.150000e+01  1.700000e+01  1.800000e+01
     vertex  7.150000e+01  1.952492e+01  1.380765e+01
     vertex  7.150000e+01  1.940914e+01  1.358000e+01
   endloop
 endfacet
 facet normal -1.000000e+00  0.000000e+00  0.000000e+00
   outer loop
     vertex  7.150000e+01  1.700000e+01  1.800000e+01
     vertex  7.150000e+01  1.963453e+01  1.403833e+01
     vertex  7.150000e+01  1.952492e+01  1.380765e+01
   endloop
 endfacet
 facet normal -1.000000e+00  0.000000e+00  0.000000e+00
   outer loop
     vertex  7.150000e+01  1.700000e+01  1.800000e+01
     vertex  7.150000e+01  1.973791e+01  1.427188e+01
     vertex  7.150000e+01  1.963453e+01  1.403833e+01
   endloop
 endfacet
 facet normal -1.000000e+00  0.000000e+00  0.000000e+00
   outer loop
     vertex  7.150000e+01  1.700000e+01  1.800000e+01
     vertex  7.150000e+01  1.983497e+01  1.450811e+01
     vertex  7.150000e+01  1.973791e+01  1.427188e+01
   endloop
 endfacet
 facet normal -1.000000e+00  0.000000e+00  0.000000e+00
   outer loop
     vertex  7.150000e+01  1.700000e+01  1.800000e+01
     vertex  7.150000e+01  1.992565e+01  1.474688e+01
     vertex  7.150000e+01  1.983497e+01  1.450811e+01
   endloop
 endfacet
 facet normal -1.000000e+00  0.000000e+00  0.000000e+00
   outer loop
     vertex  7.150000e+01  1.700000e+01  1.800000e+01
     vertex  7.150000e+01  2.000987e+01  1.498799e+01
     vertex  7.150000e+01  1.992565e+01  1.474688e+01
   endloop
 endfacet
 facet normal -1.000000e+00  0.000000e+00  0.000000e+00
   outer loop
     vertex  7.150000e+01  1.700000e+01  1.800000e+01
     vertex  7.150000e+01  2.008758e+01  1.523128e+01
     vertex  7.150000e+01  2.000987e+01  1.498799e+01
   endloop
 endfacet
 facet normal -1.000000e+00  0.000000e+00  0.000000e+00
   outer loop
     vertex  7.150000e+01  1.700000e+01  1.800000e+01
     vertex  7.150000e+01  2.015873e+01  1.547657e+01
     vertex  7.150000e+01  2.008758e+01  1.523128e+01
   endloop
 endfacet
 facet normal -1.000000e+00  0.000000e+00  0.000000e+00
   outer loop
     vertex  7.150000e+01  1.700000e+01  1.800000e+01
     vertex  7.150000e+01  2.022325e+01  1.572369e+01
     vertex  7.150000e+01  2.015873e+01  1.547657e+01
   endloop
 endfacet
 facet normal -1.000000e+00  0.000000e+00  0.000000e+00
   outer loop
     vertex  7.150000e+01  1.700000e+01  1.800000e+01
     vertex  7.150000e+01  2.028111e+01  1.597245e+01
     vertex  7.150000e+01  2.022325e+01  1.572369e+01
   endloop
 endfacet
 facet normal -1.000000e+00  0.000000e+00  0.000000e+00
   outer loop
     vertex  7.150000e+01  1.700000e+01  1.800000e+01
     vertex  7.150000e+01  2.033226e+01  1.622268e+01
     vertex  7.150000e+01  2.028111e+01  1.597245e+01
   endloop
 endfacet
 facet normal -1.000000e+00  0.000000e+00  0.000000e+00
   outer loop
     vertex  7.150000e+01  1.700000e+01  1.800000e+01
     vertex  7.150000e+01  2.037667e+01  1.647419e+01
     vertex  7.150000e+01  2.033226e+01  1.622268e+01
   endloop
 endfacet
 facet normal -1.000000e+00  0.000000e+00  0.000000e+00
   outer loop
     vertex  7.150000e+01  1.700000e+01  1.800000e+01
     vertex  7.150000e+01  2.041430e+01  1.672680e+01
     vertex  7.150000e+01  2.037667e+01  1.647419e+01
   endloop
 endfacet
 facet normal -1.000000e+00  0.000000e+00  0.000000e+00
   outer loop
     vertex  7.150000e+01  1.700000e+01  1.800000e+01
     vertex  7.150000e+01  2.044512e+01  1.698033e+01
     vertex  7.150000e+01  2.041430e+01  1.672680e+01
   endloop
 endfacet
 facet normal -1.000000e+00  0.000000e+00  0.000000e+00
   outer loop
     vertex  7.150000e+01  1.700000e+01  1.800000e+01
     vertex  7.150000e+01  2.046912e+01  1.723461e+01
     vertex  7.150000e+01  2.044512e+01  1.698033e+01
   endloop
 endfacet
 facet normal -1.000000e+00  0.000000e+00  0.000000e+00
   outer loop
     vertex  7.150000e+01  1.700000e+01  1.800000e+01
     vertex  7.150000e+01  2.048627e+01  1.748943e+01
     vertex  7.150000e+01  2.046912e+01  1.723461e+01
   endloop
 endfacet
 facet normal -1.000000e+00  0.000000e+00  0.000000e+00
   outer loop
     vertex  7.150000e+01  1.700000e+01  1.800000e+01
     vertex  7.150000e+01  2.049657e+01  1.774462e+01
     vertex  7.150000e+01  2.048627e+01  1.748943e+01
   endloop
 endfacet
 facet normal -1.000000e+00  0.000000e+00  0.000000e+00
   outer loop
     vertex  7.150000e+01  1.700000e+01  1.800000e+01
     vertex  7.150000e+01  2.050000e+01  1.800000e+01
     vertex  7.150000e+01  2.049657e+01  1.774462e+01
   endloop
 endfacet
 facet normal -1.000000e+00  0.000000e+00  0.000000e+00
   outer loop
     vertex  7.150000e+01  1.700000e+01  1.800000e+01
     vertex  7.150000e+01  1.719583e+01  1.079849e+01
     vertex  7.150000e+01  1.700000e+01  1.063454e+01
   endloop
 endfacet
 facet normal  1.000000e+00 -0.000000e+00  0.000000e+00
   outer loop
     vertex  4.500000e+00  1.680255e+01  1.047800e+01
     vertex  4.500000e+00  1.700000e+01  3.000000e+00
     vertex  4.500000e+00  1.700000e+01  1.063454e+01
   endloop
 endfacet
 facet normal  1.000000e+00 -0.000000e+00  0.000000e+00
   outer loop
     vertex  4.500000e+00  1.660101e+01  1.032675e+01
     vertex  4.500000e+00  1.700000e+01  3.000000e+00
     vertex  4.500000e+00  1.680255e+01  1.047800e+01
   endloop
 endfacet
 facet normal  1.000000e+00 -0.000000e+00  0.000000e+00
   outer loop
     vertex  4.500000e+00  1.639553e+01  1.018091e+01
     vertex  4.500000e+00  1.700000e+01  3.000000e+00
     vertex  4.500000e+00  1.660101e+01  1.032675e+01
   endloop
 endfacet
 facet normal  1.000000e+00 -0.000000e+00  0.000000e+00
   outer loop
     vertex  4.500000e+00  1.618626e+01  1.004056e+01
     vertex  4.500000e+00  1.700000e+01  3.000000e+00
     vertex  4.500000e+00  1.639553e+01  1.018091e+01
   endloop
 endfacet
 facet normal  1.000000e+00 -0.000000e+00  0.000000e+00
   outer loop
     vertex  4.500000e+00  1.597334e+01  9.905809e+00
     vertex  4.500000e+00  1.700000e+01  3.000000e+00
     vertex  4.500000e+00  1.618626e+01  1.004056e+01
   endloop
 endfacet
 facet normal  1.000000e+00 -0.000000e+00  0.000000e+00
   outer loop
     vertex  4.500000e+00  1.575692e+01  9.776756e+00
     vertex  4.500000e+00  1.700000e+01  3.000000e+00
     vertex  4.500000e+00  1.597334e+01  9.905809e+00
   endloop
 endfacet
 facet normal  1.000000e+00 -0.000000e+00  0.000000e+00
   outer loop
     vertex  4.500000e+00  1.553715e+01  9.653487e+00
     vertex  4.500000e+00  1.700000e+01  3.000000e+00
     vertex  4.500000e+00  1.575692e+01  9.776756e+00
   endloop
 endfacet
 facet normal  1.000000e+00 -0.000000e+00  0.000000e+00
   outer loop
     vertex  4.500000e+00  1.531419e+01  9.536090e+00
     vertex  4.500000e+00  1.700000e+01  3.000000e+00
     vertex  4.500000e+00  1.553715e+01  9.653487e+00
   endloop
 endfacet
 facet normal  1.000000e+00 -0.000000e+00  0.000000e+00
   outer loop
     vertex  4.500000e+00  1.508820e+01  9.424648e+00
     vertex  4.500000e+00  1.700000e+01  3.000000e+00
     vertex  4.500000e+00  1.531419e+01  9.536090e+00
   endloop
 endfacet
 facet normal  1.000000e+00 -0.000000e+00  0.000000e+00
   outer loop
     vertex  4.500000e+00  1.485933e+01  9.319239e+00
     vertex  4.500000e+00  1.700000e+01  3.000000e+00
     vertex  4.500000e+00  1.508820e+01  9.424648e+00
   endloop
 endfacet
 facet normal  1.000000e+00 -0.000000e+00  0.000000e+00
   outer loop
     vertex  4.500000e+00  1.462774e+01  9.219937e+00
     vertex  4.500000e+00  1.700000e+01  3.000000e+00
     vertex  4.500000e+00  1.485933e+01  9.319239e+00
   endloop
 endfacet
 facet normal  1.000000e+00 -0.000000e+00  0.000000e+00
   outer loop
     vertex  4.500000e+00  1.439360e+01  9.126812e+00
     vertex  4.500000e+00  1.700000e+01  3.000000e+00
     vertex  4.500000e+00  1.462774e+01  9.219937e+00
   endloop
 endfacet
 facet normal  1.000000e+00 -0.000000e+00  0.000000e+00
   outer loop
     vertex  4.500000e+00  1.415708e+01  9.039929e+00
     vertex  4.500000e+00  1.700000e+01  3.000000e+00
     vertex  4.500000e+00  1.439360e+01  9.126812e+00
   endloop
 endfacet
 facet normal  1.000000e+00 -0.000000e+00  0.000000e+00
   outer loop
     vertex  4.500000e+00  1.391833e+01  8.959350e+00
     vertex  4.500000e+00  1.700000e+01  3.000000e+00
     vertex  4.500000e+00  1.415708e+01  9.039929e+00
   endloop
 endfacet
 facet normal  1.000000e+00 -0.000000e+00  0.000000e+00
   outer loop
     vertex  4.500000e+00  1.367753e+01  8.885132e+00
     vertex  4.500000e+00  1.700000e+01  3.000000e+00
     vertex  4.500000e+00  1.391833e+01  8.959350e+00
   endloop
 endfacet
 facet normal  1.000000e+00 -0.000000e+00  0.000000e+00
   outer loop
     vertex  4.500000e+00  1.206614e+01  7.944847e+00
     vertex  4.500000e+00  1.700000e+01  3.000000e+00
     vertex  4.500000e+00  1.367753e+01  8.885132e+00
   endloop
 endfacet
 facet normal  1.000000e+00 -0.000000e+00  0.000000e+00
   outer loop
     vertex  4.500000e+00  1.203698e+01  7.916178e+00
     vertex  4.500000e+00  1.700000e+01  3.000000e+00
     vertex  4.500000e+00  1.206614e+01  7.944847e+00
   endloop
 endfacet
 facet normal  1.000000e+00  0.000000e+00  0.000000e+00
   outer loop
     vertex  4.500000e+00  1.209450e+01  7.974300e+00
     vertex  4.500000e+00  1.367753e+01  8.885132e+00
     vertex  4.500000e+00  1.343485e+01  8.817325e+00
   endloop
 endfacet
 facet normal  1.000000e+00 -0.000000e+00  0.000000e+00
   outer loop
     vertex  4.500000e+00  1.209450e+01  7.974300e+00
     vertex  4.500000e+00  1.206614e+01  7.944847e+00
     vertex  4.500000e+00  1.367753e+01  8.885132e+00
   endloop
 endfacet
 facet normal  1.000000e+00 -0.000000e+00  0.000000e+00
   outer loop
     vertex  4.500000e+00  1.200705e+01  7.888315e+00
     vertex  4.500000e+00  1.700000e+01  3.000000e+00
     vertex  4.500000e+00  1.203698e+01  7.916178e+00
   endloop
 endfacet
 facet normal  1.000000e+00 -0.000000e+00  0.000000e+00
   outer loop
     vertex  4.500000e+00  1.212206e+01  8.004515e+00
     vertex  4.500000e+00  1.209450e+01  7.974300e+00
     vertex  4.500000e+00  1.343485e+01  8.817325e+00
   endloop
 endfacet
 facet normal  1.000000e+00 -0.000000e+00  0.000000e+00
   outer loop
     vertex  4.500000e+00  1.197638e+01  7.861278e+00
     vertex  4.500000e+00  1.700000e+01  3.000000e+00
     vertex  4.500000e+00  1.200705e+01  7.888315e+00
   endloop
 endfacet
 facet normal  1.000000e+00 -0.000000e+00  0.000000e+00
   outer loop
     vertex  4.500000e+00  1.214877e+01  8.035469e+00
     vertex  4.500000e+00  1.212206e+01  8.004515e+00
     vertex  4.500000e+00  1.343485e+01  8.817325e+00
   endloop
 endfacet
 facet normal  1.000000e+00 -0.000000e+00  0.000000e+00
   outer loop
     vertex  4.500000e+00  1.194498e+01  7.835087e+00
     vertex  4.500000e+00  1.700000e+01  3.000000e+00
     vertex  4.500000e+00  1.197638e+01  7.861278e+00
   endloop
 endfacet
 facet normal  1.000000e+00  0.000000e+00  0.000000e+00
   outer loop
     vertex  4.500000e+00  1.217464e+01  8.067141e+00
     vertex  4.500000e+00  1.343485e+01  8.817325e+00
     vertex  4.500000e+00  1.319045e+01  8.755979e+00
   endloop
 endfacet
 facet normal  1.000000e+00 -0.000000e+00  0.000000e+00
   outer loop
     vertex  4.500000e+00  1.217464e+01  8.067141e+00
     vertex  4.500000e+00  1.214877e+01  8.035469e+00
     vertex  4.500000e+00  1.343485e+01  8.817325e+00
   endloop
 endfacet
 facet normal  1.000000e+00 -0.000000e+00  0.000000e+00
   outer loop
     vertex  4.500000e+00  1.191287e+01  7.809762e+00
     vertex  4.500000e+00  1.700000e+01  3.000000e+00
     vertex  4.500000e+00  1.194498e+01  7.835087e+00
   endloop
 endfacet
 facet normal  1.000000e+00 -0.000000e+00  0.000000e+00
   outer loop
     vertex  4.500000e+00  1.219963e+01  8.099506e+00
     vertex  4.500000e+00  1.217464e+01  8.067141e+00
     vertex  4.500000e+00  1.319045e+01  8.755979e+00
   endloop
 endfacet
 facet normal  1.000000e+00 -0.000000e+00  0.000000e+00
   outer loop
     vertex  4.500000e+00  1.188009e+01  7.785321e+00
     vertex  4.500000e+00  1.700000e+01  3.000000e+00
     vertex  4.500000e+00  1.191287e+01  7.809762e+00
   endloop
 endfacet
 facet normal  1.000000e+00 -0.000000e+00  0.000000e+00
   outer loop
     vertex  4.500000e+00  1.222373e+01  8.132540e+00
     vertex  4.500000e+00  1.219963e+01  8.099506e+00
     vertex  4.500000e+00  1.319045e+01  8.755979e+00
   endloop
 endfacet
 facet normal  1.000000e+00 -0.000000e+00  0.000000e+00
   outer loop
     vertex  4.500000e+00  1.184665e+01  7.761783e+00
     vertex  4.500000e+00  1.700000e+01  3.000000e+00
     vertex  4.500000e+00  1.188009e+01  7.785321e+00
   endloop
 endfacet
 facet normal  1.000000e+00  0.000000e+00  0.000000e+00
   outer loop
     vertex  4.500000e+00  1.224692e+01  8.166218e+00
     vertex  4.500000e+00  1.319045e+01  8.755979e+00
     vertex  4.500000e+00  1.294452e+01  8.701137e+00
   endloop
 endfacet
 facet normal  1.000000e+00 -0.000000e+00  0.000000e+00
   outer loop
     vertex  4.500000e+00  1.224692e+01  8.166218e+00
     vertex  4.500000e+00  1.222373e+01  8.132540e+00
     vertex  4.500000e+00  1.319045e+01  8.755979e+00
   endloop
 endfacet
 facet normal  1.000000e+00 -0.000000e+00  0.000000e+00
   outer loop
     vertex  4.500000e+00  1.181259e+01  7.739165e+00
     vertex  4.500000e+00  1.700000e+01  3.000000e+00
     vertex  4.500000e+00  1.184665e+01  7.761783e+00
   endloop
 endfacet
 facet normal  1.000000e+00 -0.000000e+00  0.000000e+00
   outer loop
     vertex  4.500000e+00  1.226918e+01  8.200517e+00
     vertex  4.500000e+00  1.224692e+01  8.166218e+00
     vertex  4.500000e+00  1.294452e+01  8.701137e+00
   endloop
 endfacet
 facet normal  1.000000e+00 -0.000000e+00  0.000000e+00
   outer loop
     vertex  4.500000e+00  1.177792e+01  7.717484e+00
     vertex  4.500000e+00  1.700000e+01  3.000000e+00
     vertex  4.500000e+00  1.181259e+01  7.739165e+00
   endloop
 endfacet
 facet normal  1.000000e+00 -0.000000e+00  0.000000e+00
   outer loop
     vertex  4.500000e+00  1.229050e+01  8.235409e+00
     vertex  4.500000e+00  1.226918e+01  8.200517e+00
     vertex  4.500000e+00  1.294452e+01  8.701137e+00
   endloop
 endfacet
 facet normal  1.000000e+00 -0.000000e+00  0.000000e+00
   outer loop
     vertex  4.500000e+00  1.174267e+01  7.696757e+00
     vertex  4.500000e+00  1.700000e+01  3.000000e+00
     vertex  4.500000e+00  1.177792e+01  7.717484e+00
   endloop
 endfacet
 facet normal  1.000000e+00 -0.000000e+00  0.000000e+00
   outer loop
     vertex  4.500000e+00  1.231087e+01  8.270869e+00
     vertex  4.500000e+00  1.229050e+01  8.235409e+00
     vertex  4.500000e+00  1.294452e+01  8.701137e+00
   endloop
 endfacet
 facet normal  1.000000e+00 -0.000000e+00  0.000000e+00
   outer loop
     vertex  4.500000e+00  1.170687e+01  7.676997e+00
     vertex  4.500000e+00  1.700000e+01  3.000000e+00
     vertex  4.500000e+00  1.174267e+01  7.696757e+00
   endloop
 endfacet
 facet normal  1.000000e+00  0.000000e+00  0.000000e+00
   outer loop
     vertex  4.500000e+00  1.233025e+01  8.306872e+00
     vertex  4.500000e+00  1.294452e+01  8.701137e+00
     vertex  4.500000e+00  1.269721e+01  8.652836e+00
   endloop
 endfacet
 facet normal  1.000000e+00 -0.000000e+00  0.000000e+00
   outer loop
     vertex  4.500000e+00  1.233025e+01  8.306872e+00
     vertex  4.500000e+00  1.231087e+01  8.270869e+00
     vertex  4.500000e+00  1.294452e+01  8.701137e+00
   endloop
 endfacet
 facet normal  1.000000e+00 -0.000000e+00  0.000000e+00
   outer loop
     vertex  4.500000e+00  1.167054e+01  7.658221e+00
     vertex  4.500000e+00  1.700000e+01  3.000000e+00
     vertex  4.500000e+00  1.170687e+01  7.676997e+00
   endloop
 endfacet
 facet normal  1.000000e+00 -0.000000e+00  0.000000e+00
   outer loop
     vertex  4.500000e+00  1.234865e+01  8.343389e+00
     vertex  4.500000e+00  1.233025e+01  8.306872e+00
     vertex  4.500000e+00  1.269721e+01  8.652836e+00
   endloop
 endfacet
 facet normal  1.000000e+00 -0.000000e+00  0.000000e+00
   outer loop
     vertex  4.500000e+00  1.163372e+01  7.640442e+00
     vertex  4.500000e+00  1.700000e+01  3.000000e+00
     vertex  4.500000e+00  1.167054e+01  7.658221e+00
   endloop
 endfacet
 facet normal  1.000000e+00 -0.000000e+00  0.000000e+00
   outer loop
     vertex  4.500000e+00  1.236605e+01  8.380395e+00
     vertex  4.500000e+00  1.234865e+01  8.343389e+00
     vertex  4.500000e+00  1.269721e+01  8.652836e+00
   endloop
 endfacet
 facet normal  1.000000e+00 -0.000000e+00  0.000000e+00
   outer loop
     vertex  4.500000e+00  1.159643e+01  7.623673e+00
     vertex  4.500000e+00  1.700000e+01  3.000000e+00
     vertex  4.500000e+00  1.163372e+01  7.640442e+00
   endloop
 endfacet
 facet normal  1.000000e+00 -0.000000e+00  0.000000e+00
   outer loop
     vertex  4.500000e+00  1.238243e+01  8.417860e+00
     vertex  4.500000e+00  1.236605e+01  8.380395e+00
     vertex  4.500000e+00  1.269721e+01  8.652836e+00
   endloop
 endfacet
 facet normal  1.000000e+00 -0.000000e+00  0.000000e+00
   outer loop
     vertex  4.500000e+00  1.155869e+01  7.607927e+00
     vertex  4.500000e+00  1.700000e+01  3.000000e+00
     vertex  4.500000e+00  1.159643e+01  7.623673e+00
   endloop
 endfacet
 facet normal  1.000000e+00 -0.000000e+00  0.000000e+00
   outer loop
     vertex  4.500000e+00  1.239778e+01  8.455759e+00
     vertex  4.500000e+00  1.238243e+01  8.417860e+00
     vertex  4.500000e+00  1.269721e+01  8.652836e+00
   endloop
 endfacet
 facet normal  1.000000e+00 -0.000000e+00  0.000000e+00
   outer loop
     vertex  4.500000e+00  1.152054e+01  7.593216e+00
     vertex  4.500000e+00  1.700000e+01  3.000000e+00
     vertex  4.500000e+00  1.155869e+01  7.607927e+00
   endloop
 endfacet
 facet normal  1.000000e+00 -0.000000e+00  0.000000e+00
   outer loop
     vertex  4.500000e+00  1.241210e+01  8.494062e+00
     vertex  4.500000e+00  1.239778e+01  8.455759e+00
     vertex  4.500000e+00  1.269721e+01  8.652836e+00
   endloop
 endfacet
 facet normal  1.000000e+00 -0.000000e+00  0.000000e+00
   outer loop
     vertex  4.500000e+00  1.148200e+01  7.579550e+00
     vertex  4.500000e+00  1.700000e+01  3.000000e+00
     vertex  4.500000e+00  1.152054e+01  7.593216e+00
   endloop
 endfacet
 facet normal  1.000000e+00 -0.000000e+00  0.000000e+00
   outer loop
     vertex  4.500000e+00  1.242537e+01  8.532741e+00
     vertex  4.500000e+00  1.241210e+01  8.494062e+00
     vertex  4.500000e+00  1.269721e+01  8.652836e+00
   endloop
 endfacet
 facet normal  1.000000e+00 -0.000000e+00  0.000000e+00
   outer loop
     vertex  4.500000e+00  1.144310e+01  7.566939e+00
     vertex  4.500000e+00  1.700000e+01  3.000000e+00
     vertex  4.500000e+00  1.148200e+01  7.579550e+00
   endloop
 endfacet
 facet normal  1.000000e+00 -0.000000e+00  0.000000e+00
   outer loop
     vertex  4.500000e+00  1.243757e+01  8.571767e+00
     vertex  4.500000e+00  1.242537e+01  8.532741e+00
     vertex  4.500000e+00  1.269721e+01  8.652836e+00
   endloop
 endfacet
 facet normal  1.000000e+00 -0.000000e+00  0.000000e+00
   outer loop
     vertex  4.500000e+00  1.140387e+01  7.555394e+00
     vertex  4.500000e+00  1.700000e+01  3.000000e+00
     vertex  4.500000e+00  1.144310e+01  7.566939e+00
   endloop
 endfacet
 facet normal  1.000000e+00 -0.000000e+00  0.000000e+00
   outer loop
     vertex  4.500000e+00  1.244871e+01  8.611111e+00
     vertex  4.500000e+00  1.243757e+01  8.571767e+00
     vertex  4.500000e+00  1.269721e+01  8.652836e+00
   endloop
 endfacet
 facet normal  1.000000e+00 -0.000000e+00  0.000000e+00
   outer loop
     vertex  4.500000e+00  1.136435e+01  7.544922e+00
     vertex  4.500000e+00  1.700000e+01  3.000000e+00
     vertex  4.500000e+00  1.140387e+01  7.555394e+00
   endloop
 endfacet
 facet normal  1.000000e+00 -0.000000e+00  0.000000e+00
   outer loop
     vertex  4.500000e+00  1.132455e+01  7.535531e+00
     vertex  4.500000e+00  1.700000e+01  3.000000e+00
     vertex  4.500000e+00  1.136435e+01  7.544922e+00
   endloop
 endfacet
 facet normal  1.000000e+00 -0.000000e+00  0.000000e+00
   outer loop
     vertex  4.500000e+00  1.128451e+01  7.527229e+00
     vertex  4.500000e+00  1.700000e+01  3.000000e+00
     vertex  4.500000e+00  1.132455e+01  7.535531e+00
   endloop
 endfacet
 facet normal  1.000000e+00 -0.000000e+00  0.000000e+00
   outer loop
     vertex  4.500000e+00  1.124426e+01  7.520021e+00
     vertex  4.500000e+00  1.700000e+01  3.000000e+00
     vertex  4.500000e+00  1.128451e+01  7.527229e+00
   endloop
 endfacet
 facet normal  1.000000e+00 -0.000000e+00  0.000000e+00
   outer loop
     vertex  4.500000e+00  1.120383e+01  7.513913e+00
     vertex  4.500000e+00  1.700000e+01  3.000000e+00
     vertex  4.500000e+00  1.124426e+01  7.520021e+00
   endloop
 endfacet
 facet normal  1.000000e+00 -0.000000e+00  0.000000e+00
   outer loop
     vertex  4.500000e+00  1.116324e+01  7.508909e+00
     vertex  4.500000e+00  1.700000e+01  3.000000e+00
     vertex  4.500000e+00  1.120383e+01  7.513913e+00
   endloop
 endfacet
 facet normal  1.000000e+00 -0.000000e+00  0.000000e+00
   outer loop
     vertex  4.500000e+00  1.112254e+01  7.505014e+00
     vertex  4.500000e+00  1.700000e+01  3.000000e+00
     vertex  4.500000e+00  1.116324e+01  7.508909e+00
   endloop
 endfacet
 facet normal  1.000000e+00 -0.000000e+00  0.000000e+00
   outer loop
     vertex  4.500000e+00  1.108174e+01  7.502229e+00
     vertex  4.500000e+00  1.700000e+01  3.000000e+00
     vertex  4.500000e+00  1.112254e+01  7.505014e+00
   endloop
 endfacet
 facet normal  1.000000e+00 -0.000000e+00  0.000000e+00
   outer loop
     vertex  4.500000e+00  1.104089e+01  7.500557e+00
     vertex  4.500000e+00  1.700000e+01  3.000000e+00
     vertex  4.500000e+00  1.108174e+01  7.502229e+00
   endloop
 endfacet
 facet normal  1.000000e+00 -0.000000e+00  0.000000e+00
   outer loop
     vertex  4.500000e+00  1.100000e+01  7.500000e+00
     vertex  4.500000e+00  1.700000e+01  3.000000e+00
     vertex  4.500000e+00  1.104089e+01  7.500557e+00
   endloop
 endfacet
 facet normal  1.000000e+00  0.000000e+00  0.000000e+00
   outer loop
     vertex  4.500000e+00  5.000000e+00  3.000000e+00
     vertex  4.500000e+00  9.992947e+00  7.888315e+00
     vertex  4.500000e+00  9.963019e+00  7.916178e+00
   endloop
 endfacet
 facet normal  1.000000e+00  0.000000e+00  0.000000e+00
   outer loop
     vertex  4.500000e+00  5.000000e+00  3.000000e+00
     vertex  4.500000e+00  1.002362e+01  7.861278e+00
     vertex  4.500000e+00  9.992947e+00  7.888315e+00
   endloop
 endfacet
 facet normal  1.000000e+00  0.000000e+00  0.000000e+00
   outer loop
     vertex  4.500000e+00  5.000000e+00  3.000000e+00
     vertex  4.500000e+00  1.005502e+01  7.835087e+00
     vertex  4.500000e+00  1.002362e+01  7.861278e+00
   endloop
 endfacet
 facet normal  1.000000e+00  0.000000e+00  0.000000e+00
   outer loop
     vertex  4.500000e+00  5.000000e+00  3.000000e+00
     vertex  4.500000e+00  1.008713e+01  7.809762e+00
     vertex  4.500000e+00  1.005502e+01  7.835087e+00
   endloop
 endfacet
 facet normal  1.000000e+00  0.000000e+00  0.000000e+00
   outer loop
     vertex  4.500000e+00  5.000000e+00  3.000000e+00
     vertex  4.500000e+00  1.011991e+01  7.785321e+00
     vertex  4.500000e+00  1.008713e+01  7.809762e+00
   endloop
 endfacet
 facet normal  1.000000e+00  0.000000e+00  0.000000e+00
   outer loop
     vertex  4.500000e+00  5.000000e+00  3.000000e+00
     vertex  4.500000e+00  1.015335e+01  7.761783e+00
     vertex  4.500000e+00  1.011991e+01  7.785321e+00
   endloop
 endfacet
 facet normal  1.000000e+00  0.000000e+00  0.000000e+00
   outer loop
     vertex  4.500000e+00  5.000000e+00  3.000000e+00
     vertex  4.500000e+00  1.018741e+01  7.739165e+00
     vertex  4.500000e+00  1.015335e+01  7.761783e+00
   endloop
 endfacet
 facet normal  1.000000e+00  0.000000e+00  0.000000e+00
   outer loop
     vertex  4.500000e+00  5.000000e+00  3.000000e+00
     vertex  4.500000e+00  1.022208e+01  7.717484e+00
     vertex  4.500000e+00  1.018741e+01  7.739165e+00
   endloop
 endfacet
 facet normal  1.000000e+00  0.000000e+00  0.000000e+00
   outer loop
     vertex  4.500000e+00  5.000000e+00  3.000000e+00
     vertex  4.500000e+00  1.025733e+01  7.696757e+00
     vertex  4.500000e+00  1.022208e+01  7.717484e+00
   endloop
 endfacet
 facet normal  1.000000e+00  0.000000e+00  0.000000e+00
   outer loop
     vertex  4.500000e+00  5.000000e+00  3.000000e+00
     vertex  4.500000e+00  1.029313e+01  7.676997e+00
     vertex  4.500000e+00  1.025733e+01  7.696757e+00
   endloop
 endfacet
 facet normal  1.000000e+00  0.000000e+00  0.000000e+00
   outer loop
     vertex  4.500000e+00  5.000000e+00  3.000000e+00
     vertex  4.500000e+00  1.032946e+01  7.658221e+00
     vertex  4.500000e+00  1.029313e+01  7.676997e+00
   endloop
 endfacet
 facet normal  1.000000e+00  0.000000e+00  0.000000e+00
   outer loop
     vertex  4.500000e+00  5.000000e+00  3.000000e+00
     vertex  4.500000e+00  1.036628e+01  7.640442e+00
     vertex  4.500000e+00  1.032946e+01  7.658221e+00
   endloop
 endfacet
 facet normal  1.000000e+00  0.000000e+00  0.000000e+00
   outer loop
     vertex  4.500000e+00  5.000000e+00  3.000000e+00
     vertex  4.500000e+00  1.040357e+01  7.623673e+00
     vertex  4.500000e+00  1.036628e+01  7.640442e+00
   endloop
 endfacet
 facet normal  1.000000e+00  0.000000e+00  0.000000e+00
   outer loop
     vertex  4.500000e+00  5.000000e+00  3.000000e+00
     vertex  4.500000e+00  1.044131e+01  7.607927e+00
     vertex  4.500000e+00  1.040357e+01  7.623673e+00
   endloop
 endfacet
 facet normal  1.000000e+00  0.000000e+00  0.000000e+00
   outer loop
     vertex  4.500000e+00  5.000000e+00  3.000000e+00
     vertex  4.500000e+00  1.047946e+01  7.593216e+00
     vertex  4.500000e+00  1.044131e+01  7.607927e+00
   endloop
 endfacet
 facet normal  1.000000e+00  0.000000e+00  0.000000e+00
   outer loop
     vertex  4.500000e+00  5.000000e+00  3.000000e+00
     vertex  4.500000e+00  1.051800e+01  7.579550e+00
     vertex  4.500000e+00  1.047946e+01  7.593216e+00
   endloop
 endfacet
 facet normal  1.000000e+00  0.000000e+00  0.000000e+00
   outer loop
     vertex  4.500000e+00  5.000000e+00  3.000000e+00
     vertex  4.500000e+00  1.055690e+01  7.566939e+00
     vertex  4.500000e+00  1.051800e+01  7.579550e+00
   endloop
 endfacet
 facet normal  1.000000e+00  0.000000e+00  0.000000e+00
   outer loop
     vertex  4.500000e+00  5.000000e+00  3.000000e+00
     vertex  4.500000e+00  1.059613e+01  7.555394e+00
     vertex  4.500000e+00  1.055690e+01  7.566939e+00
   endloop
 endfacet
 facet normal  1.000000e+00  0.000000e+00  0.000000e+00
   outer loop
     vertex  4.500000e+00  5.000000e+00  3.000000e+00
     vertex  4.500000e+00  1.063565e+01  7.544922e+00
     vertex  4.500000e+00  1.059613e+01  7.555394e+00
   endloop
 endfacet
 facet normal  1.000000e+00  0.000000e+00  0.000000e+00
   outer loop
     vertex  4.500000e+00  5.000000e+00  3.000000e+00
     vertex  4.500000e+00  1.067545e+01  7.535531e+00
     vertex  4.500000e+00  1.063565e+01  7.544922e+00
   endloop
 endfacet
 facet normal  1.000000e+00  0.000000e+00  0.000000e+00
   outer loop
     vertex  4.500000e+00  5.000000e+00  3.000000e+00
     vertex  4.500000e+00  1.071549e+01  7.527229e+00
     vertex  4.500000e+00  1.067545e+01  7.535531e+00
   endloop
 endfacet
 facet normal  1.000000e+00  0.000000e+00  0.000000e+00
   outer loop
     vertex  4.500000e+00  5.000000e+00  3.000000e+00
     vertex  4.500000e+00  1.075574e+01  7.520021e+00
     vertex  4.500000e+00  1.071549e+01  7.527229e+00
   endloop
 endfacet
 facet normal  1.000000e+00  0.000000e+00  0.000000e+00
   outer loop
     vertex  4.500000e+00  5.000000e+00  3.000000e+00
     vertex  4.500000e+00  1.079617e+01  7.513913e+00
     vertex  4.500000e+00  1.075574e+01  7.520021e+00
   endloop
 endfacet
 facet normal  1.000000e+00  0.000000e+00  0.000000e+00
   outer loop
     vertex  4.500000e+00  5.000000e+00  3.000000e+00
     vertex  4.500000e+00  1.083676e+01  7.508909e+00
     vertex  4.500000e+00  1.079617e+01  7.513913e+00
   endloop
 endfacet
 facet normal  1.000000e+00  0.000000e+00  0.000000e+00
   outer loop
     vertex  4.500000e+00  5.000000e+00  3.000000e+00
     vertex  4.500000e+00  1.087746e+01  7.505014e+00
     vertex  4.500000e+00  1.083676e+01  7.508909e+00
   endloop
 endfacet
 facet normal  1.000000e+00  0.000000e+00  0.000000e+00
   outer loop
     vertex  4.500000e+00  5.000000e+00  3.000000e+00
     vertex  4.500000e+00  1.091826e+01  7.502229e+00
     vertex  4.500000e+00  1.087746e+01  7.505014e+00
   endloop
 endfacet
 facet normal  1.000000e+00  0.000000e+00  0.000000e+00
   outer loop
     vertex  4.500000e+00  5.000000e+00  3.000000e+00
     vertex  4.500000e+00  1.095911e+01  7.500557e+00
     vertex  4.500000e+00  1.091826e+01  7.502229e+00
   endloop
 endfacet
 facet normal  1.000000e+00  0.000000e+00  0.000000e+00
   outer loop
     vertex  4.500000e+00  5.000000e+00  3.000000e+00
     vertex  4.500000e+00  1.100000e+01  7.500000e+00
     vertex  4.500000e+00  1.095911e+01  7.500557e+00
   endloop
 endfacet
 facet normal  1.000000e+00  0.000000e+00  0.000000e+00
   outer loop
     vertex  4.500000e+00  5.000000e+00  3.000000e+00
     vertex  4.500000e+00  1.700000e+01  3.000000e+00
     vertex  4.500000e+00  1.100000e+01  7.500000e+00
   endloop
 endfacet
 facet normal  1.000000e+00  0.000000e+00  0.000000e+00
   outer loop
     vertex  4.500000e+00  9.933861e+00  7.944847e+00
     vertex  4.500000e+00  5.000000e+00  3.000000e+00
     vertex  4.500000e+00  9.963019e+00  7.916178e+00
   endloop
 endfacet
 facet normal  1.000000e+00  0.000000e+00  0.000000e+00
   outer loop
     vertex  4.500000e+00  9.302789e+00  8.652836e+00
     vertex  4.500000e+00  9.562427e+00  8.571767e+00
     vertex  4.500000e+00  9.551288e+00  8.611111e+00
   endloop
 endfacet
 facet normal  1.000000e+00  0.000000e+00  0.000000e+00
   outer loop
     vertex  4.500000e+00  9.302789e+00  8.652836e+00
     vertex  4.500000e+00  9.574634e+00  8.532741e+00
     vertex  4.500000e+00  9.562427e+00  8.571767e+00
   endloop
 endfacet
 facet normal  1.000000e+00  0.000000e+00  0.000000e+00
   outer loop
     vertex  4.500000e+00  9.302789e+00  8.652836e+00
     vertex  4.500000e+00  9.587900e+00  8.494062e+00
     vertex  4.500000e+00  9.574634e+00  8.532741e+00
   endloop
 endfacet
 facet normal  1.000000e+00  0.000000e+00  0.000000e+00
   outer loop
     vertex  4.500000e+00  9.302789e+00  8.652836e+00
     vertex  4.500000e+00  9.602215e+00  8.455759e+00
     vertex  4.500000e+00  9.587900e+00  8.494062e+00
   endloop
 endfacet
 facet normal  1.000000e+00  0.000000e+00  0.000000e+00
   outer loop
     vertex  4.500000e+00  9.302789e+00  8.652836e+00
     vertex  4.500000e+00  9.617570e+00  8.417860e+00
     vertex  4.500000e+00  9.602215e+00  8.455759e+00
   endloop
 endfacet
 facet normal  1.000000e+00  0.000000e+00  0.000000e+00
   outer loop
     vertex  4.500000e+00  9.302789e+00  8.652836e+00
     vertex  4.500000e+00  9.633951e+00  8.380395e+00
     vertex  4.500000e+00  9.617570e+00  8.417860e+00
   endloop
 endfacet
 facet normal  1.000000e+00  0.000000e+00  0.000000e+00
   outer loop
     vertex  4.500000e+00  9.302789e+00  8.652836e+00
     vertex  4.500000e+00  9.651348e+00  8.343389e+00
     vertex  4.500000e+00  9.633951e+00  8.380395e+00
   endloop
 endfacet
 facet normal  1.000000e+00  0.000000e+00  0.000000e+00
   outer loop
     vertex  4.500000e+00  9.302789e+00  8.652836e+00
     vertex  4.500000e+00  9.669747e+00  8.306872e+00
     vertex  4.500000e+00  9.651348e+00  8.343389e+00
   endloop
 endfacet
 facet normal  1.000000e+00  0.000000e+00  0.000000e+00
   outer loop
     vertex  4.500000e+00  9.055484e+00  8.701137e+00
     vertex  4.500000e+00  9.689134e+00  8.270869e+00
     vertex  4.500000e+00  9.669747e+00  8.306872e+00
   endloop
 endfacet
 facet normal  1.000000e+00  0.000000e+00  0.000000e+00
   outer loop
     vertex  4.500000e+00  9.055484e+00  8.701137e+00
     vertex  4.500000e+00  9.709496e+00  8.235409e+00
     vertex  4.500000e+00  9.689134e+00  8.270869e+00
   endloop
 endfacet
 facet normal  1.000000e+00  0.000000e+00  0.000000e+00
   outer loop
     vertex  4.500000e+00  9.055484e+00  8.701137e+00
     vertex  4.500000e+00  9.730817e+00  8.200517e+00
     vertex  4.500000e+00  9.709496e+00  8.235409e+00
   endloop
 endfacet
 facet normal  1.000000e+00  0.000000e+00  0.000000e+00
   outer loop
     vertex  4.500000e+00  9.055484e+00  8.701137e+00
     vertex  4.500000e+00  9.753081e+00  8.166218e+00
     vertex  4.500000e+00  9.730817e+00  8.200517e+00
   endloop
 endfacet
 facet normal  1.000000e+00  0.000000e+00  0.000000e+00
   outer loop
     vertex  4.500000e+00  9.055484e+00  8.701137e+00
     vertex  4.500000e+00  9.669747e+00  8.306872e+00
     vertex  4.500000e+00  9.302789e+00  8.652836e+00
   endloop
 endfacet
 facet normal  1.000000e+00  0.000000e+00  0.000000e+00
   outer loop
     vertex  4.500000e+00  8.809547e+00  8.755979e+00
     vertex  4.500000e+00  9.776271e+00  8.132540e+00
     vertex  4.500000e+00  9.753081e+00  8.166218e+00
   endloop
 endfacet
 facet normal  1.000000e+00  0.000000e+00  0.000000e+00
   outer loop
     vertex  4.500000e+00  8.809547e+00  8.755979e+00
     vertex  4.500000e+00  9.800371e+00  8.099506e+00
     vertex  4.500000e+00  9.776271e+00  8.132540e+00
   endloop
 endfacet
 facet normal  1.000000e+00  0.000000e+00  0.000000e+00
   outer loop
     vertex  4.500000e+00  8.809547e+00  8.755979e+00
     vertex  4.500000e+00  9.825362e+00  8.067141e+00
     vertex  4.500000e+00  9.800371e+00  8.099506e+00
   endloop
 endfacet
 facet normal  1.000000e+00  0.000000e+00  0.000000e+00
   outer loop
     vertex  4.500000e+00  8.809547e+00  8.755979e+00
     vertex  4.500000e+00  9.753081e+00  8.166218e+00
     vertex  4.500000e+00  9.055484e+00  8.701137e+00
   endloop
 endfacet
 facet normal  1.000000e+00  0.000000e+00  0.000000e+00
   outer loop
     vertex  4.500000e+00  8.565151e+00  8.817325e+00
     vertex  4.500000e+00  9.851226e+00  8.035469e+00
     vertex  4.500000e+00  9.825362e+00  8.067141e+00
   endloop
 endfacet
 facet normal  1.000000e+00  0.000000e+00  0.000000e+00
   outer loop
     vertex  4.500000e+00  8.565151e+00  8.817325e+00
     vertex  4.500000e+00  9.877944e+00  8.004515e+00
     vertex  4.500000e+00  9.851226e+00  8.035469e+00
   endloop
 endfacet
 facet normal  1.000000e+00  0.000000e+00  0.000000e+00
   outer loop
     vertex  4.500000e+00  8.565151e+00  8.817325e+00
     vertex  4.500000e+00  9.905496e+00  7.974300e+00
     vertex  4.500000e+00  9.877944e+00  8.004515e+00
   endloop
 endfacet
 facet normal  1.000000e+00  0.000000e+00  0.000000e+00
   outer loop
     vertex  4.500000e+00  8.565151e+00  8.817325e+00
     vertex  4.500000e+00  9.825362e+00  8.067141e+00
     vertex  4.500000e+00  8.809547e+00  8.755979e+00
   endloop
 endfacet
 facet normal  1.000000e+00  0.000000e+00  0.000000e+00
   outer loop
     vertex  4.500000e+00  8.322468e+00  8.885132e+00
     vertex  4.500000e+00  5.000000e+00  3.000000e+00
     vertex  4.500000e+00  9.933861e+00  7.944847e+00
   endloop
 endfacet
 facet normal  1.000000e+00  0.000000e+00  0.000000e+00
   outer loop
     vertex  4.500000e+00  8.322468e+00  8.885132e+00
     vertex  4.500000e+00  9.933861e+00  7.944847e+00
     vertex  4.500000e+00  9.905496e+00  7.974300e+00
   endloop
 endfacet
 facet normal  1.000000e+00  0.000000e+00  0.000000e+00
   outer loop
     vertex  4.500000e+00  8.322468e+00  8.885132e+00
     vertex  4.500000e+00  9.905496e+00  7.974300e+00
     vertex  4.500000e+00  8.565151e+00  8.817325e+00
   endloop
 endfacet
 facet normal  1.000000e+00  0.000000e+00  0.000000e+00
   outer loop
     vertex  4.500000e+00  8.081669e+00  8.959350e+00
     vertex  4.500000e+00  5.000000e+00  3.000000e+00
     vertex  4.500000e+00  8.322468e+00  8.885132e+00
   endloop
 endfacet
 facet normal  1.000000e+00  0.000000e+00  0.000000e+00
   outer loop
     vertex  4.500000e+00  7.842923e+00  9.039929e+00
     vertex  4.500000e+00  5.000000e+00  3.000000e+00
     vertex  4.500000e+00  8.081669e+00  8.959350e+00
   endloop
 endfacet
 facet normal  1.000000e+00  0.000000e+00  0.000000e+00
   outer loop
     vertex  4.500000e+00  7.606398e+00  9.126812e+00
     vertex  4.500000e+00  5.000000e+00  3.000000e+00
     vertex  4.500000e+00  7.842923e+00  9.039929e+00
   endloop
 endfacet
 facet normal  1.000000e+00  0.000000e+00  0.000000e+00
   outer loop
     vertex  4.500000e+00  7.372260e+00  9.219937e+00
     vertex  4.500000e+00  5.000000e+00  3.000000e+00
     vertex  4.500000e+00  7.606398e+00  9.126812e+00
   endloop
 endfacet
 facet normal  1.000000e+00  0.000000e+00  0.000000e+00
   outer loop
     vertex  4.500000e+00  7.140675e+00  9.319239e+00
     vertex  4.500000e+00  5.000000e+00  3.000000e+00
     vertex  4.500000e+00  7.372260e+00  9.219937e+00
   endloop
 endfacet
 facet normal  1.000000e+00  0.000000e+00  0.000000e+00
   outer loop
     vertex  4.500000e+00  6.911804e+00  9.424648e+00
     vertex  4.500000e+00  5.000000e+00  3.000000e+00
     vertex  4.500000e+00  7.140675e+00  9.319239e+00
   endloop
 endfacet
 facet normal  1.000000e+00  0.000000e+00  0.000000e+00
   outer loop
     vertex  4.500000e+00  6.685810e+00  9.536090e+00
     vertex  4.500000e+00  5.000000e+00  3.000000e+00
     vertex  4.500000e+00  6.911804e+00  9.424648e+00
   endloop
 endfacet
 facet normal  1.000000e+00  0.000000e+00  0.000000e+00
   outer loop
     vertex  4.500000e+00  6.462851e+00  9.653487e+00
     vertex  4.500000e+00  5.000000e+00  3.000000e+00
     vertex  4.500000e+00  6.685810e+00  9.536090e+00
   endloop
 endfacet
 facet normal  1.000000e+00  0.000000e+00  0.000000e+00
   outer loop
     vertex  4.500000e+00  6.243084e+00  9.776756e+00
     vertex  4.500000e+00  5.000000e+00  3.000000e+00
     vertex  4.500000e+00  6.462851e+00  9.653487e+00
   endloop
 endfacet
 facet normal  1.000000e+00  0.000000e+00  0.000000e+00
   outer loop
     vertex  4.500000e+00  6.026663e+00  9.905809e+00
     vertex  4.500000e+00  5.000000e+00  3.000000e+00
     vertex  4.500000e+00  6.243084e+00  9.776756e+00
   endloop
 endfacet
 facet normal  1.000000e+00  0.000000e+00  0.000000e+00
   outer loop
     vertex  4.500000e+00  5.813742e+00  1.004056e+01
     vertex  4.500000e+00  5.000000e+00  3.000000e+00
     vertex  4.500000e+00  6.026663e+00  9.905809e+00
   endloop
 endfacet
 facet normal  1.000000e+00  0.000000e+00  0.000000e+00
   outer loop
     vertex  4.500000e+00  5.604469e+00  1.018091e+01
     vertex  4.500000e+00  5.000000e+00  3.000000e+00
     vertex  4.500000e+00  5.813742e+00  1.004056e+01
   endloop
 endfacet
 facet normal  1.000000e+00  0.000000e+00  0.000000e+00
   outer loop
     vertex  4.500000e+00  5.398991e+00  1.032675e+01
     vertex  4.500000e+00  5.000000e+00  3.000000e+00
     vertex  4.500000e+00  5.604469e+00  1.018091e+01
   endloop
 endfacet
 facet normal  1.000000e+00  0.000000e+00  0.000000e+00
   outer loop
     vertex  4.500000e+00  5.197455e+00  1.047800e+01
     vertex  4.500000e+00  5.000000e+00  3.000000e+00
     vertex  4.500000e+00  5.398991e+00  1.032675e+01
   endloop
 endfacet
 facet normal  1.000000e+00  0.000000e+00  0.000000e+00
   outer loop
     vertex  4.500000e+00  5.000000e+00  1.063454e+01
     vertex  4.500000e+00  5.000000e+00  3.000000e+00
     vertex  4.500000e+00  5.197455e+00  1.047800e+01
   endloop
 endfacet
 facet normal  0.000000e+00  1.363022e-02  9.999071e-01
   outer loop
     vertex  7.150000e+01  1.095911e+01  7.500557e+00
     vertex  7.600000e+01  1.100000e+01  7.500000e+00
     vertex  7.150000e+01  1.100000e+01  7.500000e+00
   endloop
 endfacet
 facet normal -8.006211e-07  1.371831e-02  9.999059e-01
   outer loop
     vertex  7.150000e+01  1.095911e+01  7.500557e+00
     vertex  7.600000e+01  1.095885e+01  7.500565e+00
     vertex  7.600000e+01  1.100000e+01  7.500000e+00
   endloop
 endfacet
 facet normal -1.590892e-06  4.114462e-02  9.991532e-01
   outer loop
     vertex  7.150000e+01  1.091826e+01  7.502229e+00
     vertex  7.600000e+01  1.091773e+01  7.502258e+00
     vertex  7.600000e+01  1.095885e+01  7.500565e+00
   endloop
 endfacet
 facet normal  7.954462e-07  4.088052e-02  9.991640e-01
   outer loop
     vertex  7.150000e+01  1.091826e+01  7.502229e+00
     vertex  7.600000e+01  1.095885e+01  7.500565e+00
     vertex  7.150000e+01  1.095911e+01  7.500557e+00
   endloop
 endfacet
 facet normal -2.370814e-06  6.853995e-02  9.976484e-01
   outer loop
     vertex  7.150000e+01  1.087746e+01  7.505014e+00
     vertex  7.600000e+01  1.087667e+01  7.505079e+00
     vertex  7.600000e+01  1.091773e+01  7.502258e+00
   endloop
 endfacet
 facet normal  1.580543e-06  6.810044e-02  9.976785e-01
   outer loop
     vertex  7.150000e+01  1.087746e+01  7.505014e+00
     vertex  7.600000e+01  1.091773e+01  7.502258e+00
     vertex  7.150000e+01  1.091826e+01  7.502229e+00
   endloop
 endfacet
 facet normal -3.140386e-06  9.588368e-02  9.953925e-01
   outer loop
     vertex  7.150000e+01  1.083676e+01  7.508909e+00
     vertex  7.600000e+01  1.083571e+01  7.509025e+00
     vertex  7.600000e+01  1.087667e+01  7.505079e+00
   endloop
 endfacet
 facet normal  2.355289e-06  9.526975e-02  9.954515e-01
   outer loop
     vertex  7.150000e+01  1.083676e+01  7.508909e+00
     vertex  7.600000e+01  1.087667e+01  7.505079e+00
     vertex  7.150000e+01  1.087746e+01  7.505014e+00
   endloop
 endfacet
 facet normal -3.899608e-06  1.231552e-01  9.923874e-01
   outer loop
     vertex  7.150000e+01  1.079617e+01  7.513913e+00
     vertex  7.600000e+01  1.079486e+01  7.514093e+00
     vertex  7.600000e+01  1.083571e+01  7.509025e+00
   endloop
 endfacet
 facet normal  3.119686e-06  1.223683e-01  9.924848e-01
   outer loop
     vertex  7.150000e+01  1.079617e+01  7.513913e+00
     vertex  7.600000e+01  1.083571e+01  7.509025e+00
     vertex  7.150000e+01  1.083676e+01  7.508909e+00
   endloop
 endfacet
 facet normal -4.648480e-06  1.503341e-01  9.886353e-01
   outer loop
     vertex  7.150000e+01  1.075574e+01  7.520021e+00
     vertex  7.600000e+01  1.075418e+01  7.520280e+00
     vertex  7.600000e+01  1.079486e+01  7.514093e+00
   endloop
 endfacet
 facet normal  3.873733e-06  1.493758e-01  9.887805e-01
   outer loop
     vertex  7.150000e+01  1.075574e+01  7.520021e+00
     vertex  7.600000e+01  1.079486e+01  7.514093e+00
     vertex  7.150000e+01  1.079617e+01  7.513913e+00
   endloop
 endfacet
 facet normal -5.387002e-06  1.773998e-01  9.841389e-01
   outer loop
     vertex  7.150000e+01  1.071549e+01  7.527229e+00
     vertex  7.600000e+01  1.071367e+01  7.527581e+00
     vertex  7.600000e+01  1.075418e+01  7.520280e+00
   endloop
 endfacet
 facet normal  4.617430e-06  1.762724e-01  9.843414e-01
   outer loop
     vertex  7.150000e+01  1.071549e+01  7.527229e+00
     vertex  7.600000e+01  1.075418e+01  7.520280e+00
     vertex  7.150000e+01  1.075574e+01  7.520021e+00
   endloop
 endfacet
 facet normal -6.115174e-06  2.043319e-01  9.789017e-01
   outer loop
     vertex  7.150000e+01  1.067545e+01  7.535531e+00
     vertex  7.600000e+01  1.067339e+01  7.535990e+00
     vertex  7.600000e+01  1.071367e+01  7.527581e+00
   endloop
 endfacet
 facet normal  5.350777e-06  2.030380e-01  9.791709e-01
   outer loop
     vertex  7.150000e+01  1.067545e+01  7.535531e+00
     vertex  7.600000e+01  1.071367e+01  7.527581e+00
     vertex  7.150000e+01  1.071549e+01  7.527229e+00
   endloop
 endfacet
 facet normal -6.832997e-06  2.311102e-01  9.729276e-01
   outer loop
     vertex  7.150000e+01  1.063565e+01  7.544922e+00
     vertex  7.600000e+01  1.063335e+01  7.545502e+00
     vertex  7.600000e+01  1.067339e+01  7.535990e+00
   endloop
 endfacet
 facet normal  6.073775e-06  2.296527e-01  9.732726e-01
   outer loop
     vertex  7.150000e+01  1.063565e+01  7.544922e+00
     vertex  7.600000e+01  1.067339e+01  7.535990e+00
     vertex  7.150000e+01  1.067545e+01  7.535531e+00
   endloop
 endfacet
 facet normal -7.540469e-06  2.577146e-01  9.662211e-01
   outer loop
     vertex  7.150000e+01  1.059613e+01  7.555394e+00
     vertex  7.600000e+01  1.059358e+01  7.556108e+00
     vertex  7.600000e+01  1.063335e+01  7.545502e+00
   endloop
 endfacet
 facet normal  6.786422e-06  2.560967e-01  9.666512e-01
   outer loop
     vertex  7.150000e+01  1.059613e+01  7.555394e+00
     vertex  7.600000e+01  1.063335e+01  7.545502e+00
     vertex  7.150000e+01  1.063565e+01  7.544922e+00
   endloop
 endfacet
 facet normal  7.488720e-06  2.823505e-01  9.593113e-01
   outer loop
     vertex  7.150000e+01  1.055690e+01  7.566939e+00
     vertex  7.600000e+01  1.059358e+01  7.556108e+00
     vertex  7.150000e+01  1.059613e+01  7.555394e+00
   endloop
 endfacet
 facet normal -8.237591e-06  2.841250e-01  9.587873e-01
   outer loop
     vertex  7.150000e+01  1.055690e+01  7.566939e+00
     vertex  7.600000e+01  1.055412e+01  7.567801e+00
     vertex  7.600000e+01  1.059358e+01  7.556108e+00
   endloop
 endfacet
 facet normal  8.180667e-06  3.083944e-01  9.512586e-01
   outer loop
     vertex  7.150000e+01  1.051800e+01  7.579550e+00
     vertex  7.600000e+01  1.055412e+01  7.567801e+00
     vertex  7.150000e+01  1.055690e+01  7.566939e+00
   endloop
 endfacet
 facet normal -8.924364e-06  3.103214e-01  9.506317e-01
   outer loop
     vertex  7.150000e+01  1.051800e+01  7.579550e+00
     vertex  7.600000e+01  1.051500e+01  7.580572e+00
     vertex  7.600000e+01  1.055412e+01  7.567801e+00
   endloop
 endfacet
 facet normal  8.862265e-06  3.342091e-01  9.424990e-01
   outer loop
     vertex  7.150000e+01  1.047946e+01  7.593216e+00
     vertex  7.600000e+01  1.051500e+01  7.580572e+00
     vertex  7.150000e+01  1.051800e+01  7.579550e+00
   endloop
 endfacet
 facet normal -9.600786e-06  3.362843e-01  9.417605e-01
   outer loop
     vertex  7.150000e+01  1.047946e+01  7.593216e+00
     vertex  7.600000e+01  1.047624e+01  7.594412e+00
     vertex  7.600000e+01  1.051500e+01  7.580572e+00
   endloop
 endfacet
 facet normal  9.533512e-06  3.597754e-01  9.330389e-01
   outer loop
     vertex  7.150000e+01  1.044131e+01  7.607927e+00
     vertex  7.600000e+01  1.047624e+01  7.594412e+00
     vertex  7.150000e+01  1.047946e+01  7.593216e+00
   endloop
 endfacet
 facet normal -1.026686e-05  3.619940e-01  9.321804e-01
   outer loop
     vertex  7.150000e+01  1.044131e+01  7.607927e+00
     vertex  7.600000e+01  1.043788e+01  7.609310e+00
     vertex  7.600000e+01  1.047624e+01  7.594412e+00
   endloop
 endfacet
 facet normal  1.019441e-05  3.850744e-01  9.228855e-01
   outer loop
     vertex  7.150000e+01  1.040357e+01  7.623673e+00
     vertex  7.600000e+01  1.043788e+01  7.609310e+00
     vertex  7.150000e+01  1.044131e+01  7.607927e+00
   endloop
 endfacet
 facet normal -1.092258e-05  3.874313e-01  9.218986e-01
   outer loop
     vertex  7.150000e+01  1.040357e+01  7.623673e+00
     vertex  7.600000e+01  1.039994e+01  7.625255e+00
     vertex  7.600000e+01  1.043788e+01  7.609310e+00
   endloop
 endfacet
 facet normal  1.084496e-05  4.100873e-01  9.120463e-01
   outer loop
     vertex  7.150000e+01  1.036628e+01  7.640442e+00
     vertex  7.600000e+01  1.039994e+01  7.625255e+00
     vertex  7.150000e+01  1.040357e+01  7.623673e+00
   endloop
 endfacet
 facet normal -1.156795e-05  4.125769e-01  9.109228e-01
   outer loop
     vertex  7.150000e+01  1.036628e+01  7.640442e+00
     vertex  7.600000e+01  1.036245e+01  7.642234e+00
     vertex  7.600000e+01  1.039994e+01  7.625255e+00
   endloop
 endfacet
 facet normal  1.148515e-05  4.347954e-01  9.005293e-01
   outer loop
     vertex  7.150000e+01  1.032946e+01  7.658221e+00
     vertex  7.600000e+01  1.036245e+01  7.642234e+00
     vertex  7.150000e+01  1.036628e+01  7.640442e+00
   endloop
 endfacet
 facet normal -1.220298e-05  4.374119e-01  8.992613e-01
   outer loop
     vertex  7.150000e+01  1.032946e+01  7.658221e+00
     vertex  7.600000e+01  1.032544e+01  7.660236e+00
     vertex  7.600000e+01  1.036245e+01  7.642234e+00
   endloop
 endfacet
 facet normal  1.211500e-05  4.591803e-01  8.883431e-01
   outer loop
     vertex  7.150000e+01  1.029313e+01  7.676997e+00
     vertex  7.600000e+01  1.032544e+01  7.660236e+00
     vertex  7.150000e+01  1.032946e+01  7.658221e+00
   endloop
 endfacet
 facet normal -1.282765e-05  4.619176e-01  8.869228e-01
   outer loop
     vertex  7.150000e+01  1.029313e+01  7.676997e+00
     vertex  7.600000e+01  1.028894e+01  7.679246e+00
     vertex  7.600000e+01  1.032544e+01  7.660236e+00
   endloop
 endfacet
 facet normal  1.273450e-05  4.832241e-01  8.754967e-01
   outer loop
     vertex  7.150000e+01  1.025733e+01  7.696757e+00
     vertex  7.600000e+01  1.028894e+01  7.679246e+00
     vertex  7.150000e+01  1.029313e+01  7.676997e+00
   endloop
 endfacet
 facet normal -1.344197e-05  4.860756e-01  8.739167e-01
   outer loop
     vertex  7.150000e+01  1.025733e+01  7.696757e+00
     vertex  7.600000e+01  1.025297e+01  7.699250e+00
     vertex  7.600000e+01  1.028894e+01  7.679246e+00
   endloop
 endfacet
 facet normal  1.334365e-05  5.069087e-01  8.619997e-01
   outer loop
     vertex  7.150000e+01  1.022208e+01  7.717484e+00
     vertex  7.600000e+01  1.025297e+01  7.699250e+00
     vertex  7.150000e+01  1.025733e+01  7.696757e+00
   endloop
 endfacet
 facet normal -1.404594e-05  5.098678e-01  8.602528e-01
   outer loop
     vertex  7.150000e+01  1.022208e+01  7.717484e+00
     vertex  7.600000e+01  1.021757e+01  7.720234e+00
     vertex  7.600000e+01  1.025297e+01  7.699250e+00
   endloop
 endfacet
 facet normal  1.394244e-05  5.302167e-01  8.478622e-01
   outer loop
     vertex  7.150000e+01  1.018741e+01  7.739165e+00
     vertex  7.600000e+01  1.021757e+01  7.720234e+00
     vertex  7.150000e+01  1.022208e+01  7.717484e+00
   endloop
 endfacet
 facet normal -1.463956e-05  5.332761e-01  8.459413e-01
   outer loop
     vertex  7.150000e+01  1.018741e+01  7.739165e+00
     vertex  7.600000e+01  1.018275e+01  7.742181e+00
     vertex  7.600000e+01  1.021757e+01  7.720234e+00
   endloop
 endfacet
 facet normal  1.453089e-05  5.531306e-01  8.330945e-01
   outer loop
     vertex  7.150000e+01  1.015335e+01  7.761783e+00
     vertex  7.600000e+01  1.018275e+01  7.742181e+00
     vertex  7.150000e+01  1.018741e+01  7.739165e+00
   endloop
 endfacet
 facet normal -1.522284e-05  5.562829e-01  8.309929e-01
   outer loop
     vertex  7.150000e+01  1.015335e+01  7.761783e+00
     vertex  7.600000e+01  1.014855e+01  7.765075e+00
     vertex  7.600000e+01  1.018275e+01  7.742181e+00
   endloop
 endfacet
 facet normal  1.510899e-05  5.756335e-01  8.177078e-01
   outer loop
     vertex  7.150000e+01  1.011991e+01  7.785321e+00
     vertex  7.600000e+01  1.014855e+01  7.765075e+00
     vertex  7.150000e+01  1.015335e+01  7.761783e+00
   endloop
 endfacet
 facet normal -1.579576e-05  5.788711e-01  8.154191e-01
   outer loop
     vertex  7.150000e+01  1.011991e+01  7.785321e+00
     vertex  7.600000e+01  1.011500e+01  7.788898e+00
     vertex  7.600000e+01  1.014855e+01  7.765075e+00
   endloop
 endfacet
 facet normal  1.567673e-05  5.977086e-01  8.017134e-01
   outer loop
     vertex  7.150000e+01  1.008713e+01  7.809762e+00
     vertex  7.600000e+01  1.011500e+01  7.788898e+00
     vertex  7.150000e+01  1.011991e+01  7.785321e+00
   endloop
 endfacet
 facet normal -1.635833e-05  6.010234e-01  7.992314e-01
   outer loop
     vertex  7.150000e+01  1.008713e+01  7.809762e+00
     vertex  7.600000e+01  1.008210e+01  7.813633e+00
     vertex  7.600000e+01  1.011500e+01  7.788898e+00
   endloop
 endfacet
 facet normal  1.623413e-05  6.193396e-01  7.851233e-01
   outer loop
     vertex  7.150000e+01  1.005502e+01  7.835087e+00
     vertex  7.600000e+01  1.008210e+01  7.813633e+00
     vertex  7.150000e+01  1.008713e+01  7.809762e+00
   endloop
 endfacet
 facet normal -1.691055e-05  6.227234e-01  7.824421e-01
   outer loop
     vertex  7.150000e+01  1.005502e+01  7.835087e+00
     vertex  7.600000e+01  1.004990e+01  7.839261e+00
     vertex  7.600000e+01  1.008210e+01  7.813633e+00
   endloop
 endfacet
 facet normal  1.678117e-05  6.405102e-01  7.679496e-01
   outer loop
     vertex  7.150000e+01  1.002362e+01  7.861278e+00
     vertex  7.600000e+01  1.004990e+01  7.839261e+00
     vertex  7.150000e+01  1.005502e+01  7.835087e+00
   endloop
 endfacet
 facet normal -1.745242e-05  6.439545e-01  7.650637e-01
   outer loop
     vertex  7.150000e+01  1.002362e+01  7.861278e+00
     vertex  7.600000e+01  1.001842e+01  7.865763e+00
     vertex  7.600000e+01  1.004990e+01  7.839261e+00
   endloop
 endfacet
 facet normal  1.731787e-05  6.612049e-01  7.502053e-01
   outer loop
     vertex  7.150000e+01  9.992947e+00  7.888315e+00
     vertex  7.600000e+01  1.001842e+01  7.865763e+00
     vertex  7.150000e+01  1.002362e+01  7.861278e+00
   endloop
 endfacet
 facet normal -1.798394e-05  6.647010e-01  7.471095e-01
   outer loop
     vertex  7.150000e+01  9.992947e+00  7.888315e+00
     vertex  7.600000e+01  9.987669e+00  7.893119e+00
     vertex  7.600000e+01  1.001842e+01  7.865763e+00
   endloop
 endfacet
 facet normal  1.784421e-05  6.814083e-01  7.319035e-01
   outer loop
     vertex  7.150000e+01  9.963019e+00  7.916178e+00
     vertex  7.600000e+01  9.987669e+00  7.893119e+00
     vertex  7.150000e+01  9.992947e+00  7.888315e+00
   endloop
 endfacet
 facet normal -1.850511e-05  6.849470e-01  7.285929e-01
   outer loop
     vertex  7.150000e+01  9.963019e+00  7.916178e+00
     vertex  7.600000e+01  9.957684e+00  7.921308e+00
     vertex  7.600000e+01  9.987669e+00  7.893119e+00
   endloop
 endfacet
 facet normal -1.901593e-05  7.046775e-01  7.095278e-01
   outer loop
     vertex  7.150000e+01  9.933861e+00  7.944847e+00
     vertex  7.600000e+01  9.928483e+00  7.950309e+00
     vertex  7.600000e+01  9.957684e+00  7.921308e+00
   endloop
 endfacet
 facet normal  1.836021e-05  7.011052e-01  7.130578e-01
   outer loop
     vertex  7.150000e+01  9.933861e+00  7.944847e+00
     vertex  7.600000e+01  9.957684e+00  7.921308e+00
     vertex  7.150000e+01  9.963019e+00  7.916178e+00
   endloop
 endfacet
 facet normal -1.951640e-05  7.238775e-01  6.899286e-01
   outer loop
     vertex  7.150000e+01  9.905496e+00  7.974300e+00
     vertex  7.600000e+01  9.900089e+00  7.980100e+00
     vertex  7.600000e+01  9.928483e+00  7.950309e+00
   endloop
 endfacet
 facet normal  1.886585e-05  7.202812e-01  6.936822e-01
   outer loop
     vertex  7.150000e+01  9.905496e+00  7.974300e+00
     vertex  7.600000e+01  9.928483e+00  7.950309e+00
     vertex  7.150000e+01  9.933861e+00  7.944847e+00
   endloop
 endfacet
 facet normal -2.000652e-05  7.425325e-01  6.698100e-01
   outer loop
     vertex  7.150000e+01  9.877944e+00  8.004515e+00
     vertex  7.600000e+01  9.872523e+00  8.010659e+00
     vertex  7.600000e+01  9.900089e+00  7.980100e+00
   endloop
 endfacet
 facet normal  1.936115e-05  7.389219e-01  6.737911e-01
   outer loop
     vertex  7.150000e+01  9.877944e+00  8.004515e+00
     vertex  7.600000e+01  9.900089e+00  7.980100e+00
     vertex  7.150000e+01  9.905496e+00  7.974300e+00
   endloop
 endfacet
 facet normal -2.048629e-05  7.606287e-01  6.491872e-01
   outer loop
     vertex  7.150000e+01  9.851226e+00  8.035469e+00
     vertex  7.600000e+01  9.845806e+00  8.041963e+00
     vertex  7.600000e+01  9.872523e+00  8.010659e+00
   endloop
 endfacet
 facet normal  1.984609e-05  7.570134e-01  6.533993e-01
   outer loop
     vertex  7.150000e+01  9.851226e+00  8.035469e+00
     vertex  7.600000e+01  9.872523e+00  8.010659e+00
     vertex  7.150000e+01  9.877944e+00  8.004515e+00
   endloop
 endfacet
 facet normal -2.095570e-05  7.781522e-01  6.280757e-01
   outer loop
     vertex  7.150000e+01  9.825362e+00  8.067141e+00
     vertex  7.600000e+01  9.819957e+00  8.073987e+00
     vertex  7.600000e+01  9.845806e+00  8.041963e+00
   endloop
 endfacet
 facet normal  2.032068e-05  7.745425e-01  6.325219e-01
   outer loop
     vertex  7.150000e+01  9.825362e+00  8.067141e+00
     vertex  7.600000e+01  9.845806e+00  8.041963e+00
     vertex  7.150000e+01  9.851226e+00  8.035469e+00
   endloop
 endfacet
 facet normal -2.141477e-05  7.950900e-01  6.064915e-01
   outer loop
     vertex  7.150000e+01  9.800371e+00  8.099506e+00
     vertex  7.600000e+01  9.794997e+00  8.106709e+00
     vertex  7.600000e+01  9.819957e+00  8.073987e+00
   endloop
 endfacet
 facet normal  2.078493e-05  7.914959e-01  6.111745e-01
   outer loop
     vertex  7.150000e+01  9.800371e+00  8.099506e+00
     vertex  7.600000e+01  9.819957e+00  8.073987e+00
     vertex  7.150000e+01  9.825362e+00  8.067141e+00
   endloop
 endfacet
 facet normal -2.186349e-05  8.114292e-01  5.844507e-01
   outer loop
     vertex  7.150000e+01  9.776271e+00  8.132540e+00
     vertex  7.600000e+01  9.770944e+00  8.140104e+00
     vertex  7.600000e+01  9.794997e+00  8.106709e+00
   endloop
 endfacet
 facet normal  2.123882e-05  8.078611e-01  5.893729e-01
   outer loop
     vertex  7.150000e+01  9.776271e+00  8.132540e+00
     vertex  7.600000e+01  9.794997e+00  8.106709e+00
     vertex  7.150000e+01  9.800371e+00  8.099506e+00
   endloop
 endfacet
 facet normal  2.168236e-05  8.236260e-01  5.671333e-01
   outer loop
     vertex  7.150000e+01  9.753081e+00  8.166218e+00
     vertex  7.600000e+01  9.770944e+00  8.140104e+00
     vertex  7.150000e+01  9.776271e+00  8.132540e+00
   endloop
 endfacet
 facet normal -2.230186e-05  8.271577e-01  5.619699e-01
   outer loop
     vertex  7.150000e+01  9.753081e+00  8.166218e+00
     vertex  7.600000e+01  9.747816e+00  8.174145e+00
     vertex  7.600000e+01  9.770944e+00  8.140104e+00
   endloop
 endfacet
 facet normal  2.211556e-05  8.387788e-01  5.444723e-01
   outer loop
     vertex  7.150000e+01  9.730817e+00  8.200517e+00
     vertex  7.600000e+01  9.747816e+00  8.174145e+00
     vertex  7.150000e+01  9.753081e+00  8.166218e+00
   endloop
 endfacet
 facet normal -2.272987e-05  8.422635e-01  5.390661e-01
   outer loop
     vertex  7.150000e+01  9.730817e+00  8.200517e+00
     vertex  7.600000e+01  9.725631e+00  8.208809e+00
     vertex  7.600000e+01  9.747816e+00  8.174145e+00
   endloop
 endfacet
 facet normal  2.253840e-05  8.533084e-01  5.214066e-01
   outer loop
     vertex  7.150000e+01  9.709496e+00  8.235409e+00
     vertex  7.600000e+01  9.725631e+00  8.208809e+00
     vertex  7.150000e+01  9.730817e+00  8.200517e+00
   endloop
 endfacet
 facet normal -2.314754e-05  8.567352e-01  5.157565e-01
   outer loop
     vertex  7.150000e+01  9.709496e+00  8.235409e+00
     vertex  7.600000e+01  9.704405e+00  8.244067e+00
     vertex  7.600000e+01  9.725631e+00  8.208809e+00
   endloop
 endfacet
 facet normal  2.295089e-05  8.672037e-01  4.979535e-01
   outer loop
     vertex  7.150000e+01  9.689134e+00  8.270869e+00
     vertex  7.600000e+01  9.704405e+00  8.244067e+00
     vertex  7.150000e+01  9.709496e+00  8.235409e+00
   endloop
 endfacet
 facet normal -2.355486e-05  8.705620e-01  4.920587e-01
   outer loop
     vertex  7.150000e+01  9.689134e+00  8.270869e+00
     vertex  7.600000e+01  9.684155e+00  8.279895e+00
     vertex  7.600000e+01  9.704405e+00  8.244067e+00
   endloop
 endfacet
 facet normal  2.335303e-05  8.804547e-01  4.741303e-01
   outer loop
     vertex  7.150000e+01  9.669747e+00  8.306872e+00
     vertex  7.600000e+01  9.684155e+00  8.279895e+00
     vertex  7.150000e+01  9.689134e+00  8.270869e+00
   endloop
 endfacet
 facet normal -2.395182e-05  8.837335e-01  4.679904e-01
   outer loop
     vertex  7.150000e+01  9.669747e+00  8.306872e+00
     vertex  7.600000e+01  9.664894e+00  8.316265e+00
     vertex  7.600000e+01  9.684155e+00  8.279895e+00
   endloop
 endfacet
 facet normal  2.374482e-05  8.930513e-01  4.499548e-01
   outer loop
     vertex  7.150000e+01  9.651348e+00  8.343389e+00
     vertex  7.600000e+01  9.664894e+00  8.316265e+00
     vertex  7.150000e+01  9.669747e+00  8.306872e+00
   endloop
 endfacet
 facet normal -2.433844e-05  8.962398e-01  4.435699e-01
   outer loop
     vertex  7.150000e+01  9.651348e+00  8.343389e+00
     vertex  7.600000e+01  9.646639e+00  8.353150e+00
     vertex  7.600000e+01  9.664894e+00  8.316265e+00
   endloop
 endfacet
 facet normal  2.412626e-05  9.049843e-01  4.254449e-01
   outer loop
     vertex  7.150000e+01  9.633951e+00  8.380395e+00
     vertex  7.600000e+01  9.646639e+00  8.353150e+00
     vertex  7.150000e+01  9.651348e+00  8.343389e+00
   endloop
 endfacet
 facet normal -2.471470e-05  9.080714e-01  4.188155e-01
   outer loop
     vertex  7.150000e+01  9.633951e+00  8.380395e+00
     vertex  7.600000e+01  9.629403e+00  8.390522e+00
     vertex  7.600000e+01  9.646639e+00  8.353150e+00
   endloop
 endfacet
 facet normal  2.449735e-05  9.162448e-01  4.006189e-01
   outer loop
     vertex  7.150000e+01  9.617570e+00  8.417860e+00
     vertex  7.600000e+01  9.629403e+00  8.390522e+00
     vertex  7.150000e+01  9.633951e+00  8.380395e+00
   endloop
 endfacet
 facet normal -2.508061e-05  9.192194e-01  3.937458e-01
   outer loop
     vertex  7.150000e+01  9.617570e+00  8.417860e+00
     vertex  7.600000e+01  9.613198e+00  8.428352e+00
     vertex  7.600000e+01  9.629403e+00  8.390522e+00
   endloop
 endfacet
 facet normal  2.485809e-05  9.268244e-01  3.754951e-01
   outer loop
     vertex  7.150000e+01  9.602215e+00  8.455759e+00
     vertex  7.600000e+01  9.613198e+00  8.428352e+00
     vertex  7.150000e+01  9.617570e+00  8.417860e+00
   endloop
 endfacet
 facet normal -2.543618e-05  9.296754e-01  3.683796e-01
   outer loop
     vertex  7.150000e+01  9.602215e+00  8.455759e+00
     vertex  7.600000e+01  9.598038e+00  8.466613e+00
     vertex  7.600000e+01  9.613198e+00  8.428352e+00
   endloop
 endfacet
 facet normal  2.520847e-05  9.367152e-01  3.500923e-01
   outer loop
     vertex  7.150000e+01  9.587900e+00  8.494062e+00
     vertex  7.600000e+01  9.598038e+00  8.466613e+00
     vertex  7.150000e+01  9.602215e+00  8.455759e+00
   endloop
 endfacet
 facet normal -2.578139e-05  9.394317e-01  3.427362e-01
   outer loop
     vertex  7.150000e+01  9.587900e+00  8.494062e+00
     vertex  7.600000e+01  9.583932e+00  8.505275e+00
     vertex  7.600000e+01  9.598038e+00  8.466613e+00
   endloop
 endfacet
 facet normal  2.554851e-05  9.459099e-01  3.244293e-01
   outer loop
     vertex  7.150000e+01  9.574634e+00  8.532741e+00
     vertex  7.600000e+01  9.583932e+00  8.505275e+00
     vertex  7.150000e+01  9.587900e+00  8.494062e+00
   endloop
 endfacet
 facet normal -2.611625e-05  9.484807e-01  3.168348e-01
   outer loop
     vertex  7.150000e+01  9.574634e+00  8.532741e+00
     vertex  7.600000e+01  9.570893e+00  8.544310e+00
     vertex  7.600000e+01  9.583932e+00  8.505275e+00
   endloop
 endfacet
 facet normal  2.587820e-05  9.544017e-01  2.985252e-01
   outer loop
     vertex  7.150000e+01  9.562427e+00  8.571767e+00
     vertex  7.600000e+01  9.570893e+00  8.544310e+00
     vertex  7.150000e+01  9.574634e+00  8.532741e+00
   endloop
 endfacet
 facet normal -2.644077e-05  9.568158e-01  2.906949e-01
   outer loop
     vertex  7.150000e+01  9.562427e+00  8.571767e+00
     vertex  7.600000e+01  9.558930e+00  8.583688e+00
     vertex  7.600000e+01  9.570893e+00  8.544310e+00
   endloop
 endfacet
 facet normal  2.619754e-05  9.621843e-01  2.723993e-01
   outer loop
     vertex  7.150000e+01  9.551288e+00  8.611111e+00
     vertex  7.600000e+01  9.558930e+00  8.583688e+00
     vertex  7.150000e+01  9.562427e+00  8.571767e+00
   endloop
 endfacet
 facet normal -2.675493e-05  9.644306e-01  2.643362e-01
   outer loop
     vertex  7.150000e+01  9.551288e+00  8.611111e+00
     vertex  7.600000e+01  9.548051e+00  8.623379e+00
     vertex  7.600000e+01  9.558930e+00  8.583688e+00
   endloop
 endfacet
 facet normal  2.664425e-05  9.692638e-01  2.460237e-01
   outer loop
     vertex  7.150000e+01  9.541192e+00  8.650887e+00
     vertex  7.600000e+01  9.548051e+00  8.623379e+00
     vertex  7.150000e+01  9.551288e+00  8.611111e+00
   endloop
 endfacet
 facet normal -2.689157e-05  9.713194e-01  2.377784e-01
   outer loop
     vertex  7.150000e+01  9.541192e+00  8.650887e+00
     vertex  7.600000e+01  9.538265e+00  8.663353e+00
     vertex  7.600000e+01  9.548051e+00  8.623379e+00
   endloop
 endfacet
 facet normal  2.677986e-05  9.756312e-01  2.194168e-01
   outer loop
     vertex  7.150000e+01  9.532188e+00  8.690924e+00
     vertex  7.600000e+01  9.538265e+00  8.663353e+00
     vertex  7.150000e+01  9.541192e+00  8.650887e+00
   endloop
 endfacet
 facet normal -2.702615e-05  9.774771e-01  2.110417e-01
   outer loop
     vertex  7.150000e+01  9.532188e+00  8.690924e+00
     vertex  7.600000e+01  9.529580e+00  8.703581e+00
     vertex  7.600000e+01  9.538265e+00  8.663353e+00
   endloop
 endfacet
 facet normal  2.691342e-05  9.812684e-01  1.926458e-01
   outer loop
     vertex  7.150000e+01  9.524282e+00  8.731193e+00
     vertex  7.600000e+01  9.529580e+00  8.703581e+00
     vertex  7.150000e+01  9.532188e+00  8.690924e+00
   endloop
 endfacet
 facet normal -2.715869e-05  9.828989e-01  1.841461e-01
   outer loop
     vertex  7.150000e+01  9.524282e+00  8.731193e+00
     vertex  7.600000e+01  9.522001e+00  8.744032e+00
     vertex  7.600000e+01  9.529580e+00  8.703581e+00
   endloop
 endfacet
 facet normal -2.728916e-05  9.875808e-01  1.571119e-01
   outer loop
     vertex  7.150000e+01  9.517481e+00  8.771662e+00
     vertex  7.600000e+01  9.515535e+00  8.784676e+00
     vertex  7.600000e+01  9.522001e+00  8.744032e+00
   endloop
 endfacet
 facet normal  2.704493e-05  9.861711e-01  1.657305e-01
   outer loop
     vertex  7.150000e+01  9.517481e+00  8.771662e+00
     vertex  7.600000e+01  9.522001e+00  8.744032e+00
     vertex  7.150000e+01  9.524282e+00  8.731193e+00
   endloop
 endfacet
 facet normal -2.741759e-05  9.915193e-01  1.299594e-01
   outer loop
     vertex  7.150000e+01  9.511790e+00  8.812303e+00
     vertex  7.600000e+01  9.510187e+00  8.825482e+00
     vertex  7.600000e+01  9.515535e+00  8.784676e+00
   endloop
 endfacet
 facet normal  2.717438e-05  9.903357e-01  1.386912e-01
   outer loop
     vertex  7.150000e+01  9.511790e+00  8.812303e+00
     vertex  7.600000e+01  9.515535e+00  8.784676e+00
     vertex  7.150000e+01  9.517481e+00  8.771662e+00
   endloop
 endfacet
 facet normal -2.754395e-05  9.947114e-01  1.027091e-01
   outer loop
     vertex  7.150000e+01  9.507212e+00  8.853084e+00
     vertex  7.600000e+01  9.505960e+00  8.866419e+00
     vertex  7.600000e+01  9.510187e+00  8.825482e+00
   endloop
 endfacet
 facet normal  2.730177e-05  9.937590e-01  1.115481e-01
   outer loop
     vertex  7.150000e+01  9.507212e+00  8.853084e+00
     vertex  7.600000e+01  9.510187e+00  8.825482e+00
     vertex  7.150000e+01  9.511790e+00  8.812303e+00
   endloop
 endfacet
 facet normal -2.766827e-05  9.971548e-01  7.538152e-02
   outer loop
     vertex  7.150000e+01  9.503752e+00  8.893975e+00
     vertex  7.600000e+01  9.502857e+00  8.907457e+00
     vertex  7.600000e+01  9.505960e+00  8.866419e+00
   endloop
 endfacet
 facet normal  2.742711e-05  9.964386e-01  8.432156e-02
   outer loop
     vertex  7.150000e+01  9.503752e+00  8.893975e+00
     vertex  7.600000e+01  9.505960e+00  8.866419e+00
     vertex  7.150000e+01  9.507212e+00  8.853084e+00
   endloop
 endfacet
 facet normal -2.779052e-05  9.988475e-01  4.799716e-02
   outer loop
     vertex  7.150000e+01  9.501411e+00  8.934945e+00
     vertex  7.600000e+01  9.500882e+00  8.948565e+00
     vertex  7.600000e+01  9.502857e+00  8.907457e+00
   endloop
 endfacet
 facet normal  2.755040e-05  9.983724e-01  5.703187e-02
   outer loop
     vertex  7.150000e+01  9.501411e+00  8.934945e+00
     vertex  7.600000e+01  9.502857e+00  8.907457e+00
     vertex  7.150000e+01  9.503752e+00  8.893975e+00
   endloop
 endfacet
 facet normal -2.791073e-05  9.997883e-01  2.057667e-02
   outer loop
     vertex  7.150000e+01  9.500193e+00  8.975964e+00
     vertex  7.600000e+01  9.500035e+00  8.989711e+00
     vertex  7.600000e+01  9.500882e+00  8.948565e+00
   endloop
 endfacet
 facet normal  2.767163e-05  9.995589e-01  2.969948e-02
   outer loop
     vertex  7.150000e+01  9.500193e+00  8.975964e+00
     vertex  7.600000e+01  9.500882e+00  8.948565e+00
     vertex  7.150000e+01  9.501411e+00  8.934945e+00
   endloop
 endfacet
 facet normal -2.802888e-05  9.999765e-01 -6.859319e-03
   outer loop
     vertex  7.150000e+01  9.500096e+00  9.017002e+00
     vertex  7.600000e+01  9.500318e+00  9.030865e+00
     vertex  7.600000e+01  9.500035e+00  8.989711e+00
   endloop
 endfacet
 facet normal  2.779080e-05  9.999973e-01  2.344871e-03
   outer loop
     vertex  7.150000e+01  9.500096e+00  9.017002e+00
     vertex  7.600000e+01  9.500035e+00  8.989711e+00
     vertex  7.150000e+01  9.500193e+00  8.975964e+00
   endloop
 endfacet
 facet normal -2.814497e-05  9.994119e-01 -3.429014e-02
   outer loop
     vertex  7.150000e+01  9.501123e+00  9.058026e+00
     vertex  7.600000e+01  9.501729e+00  9.071996e+00
     vertex  7.600000e+01  9.500318e+00  9.030865e+00
   endloop
 endfacet
 facet normal  2.790793e-05  9.996872e-01 -2.501150e-02
   outer loop
     vertex  7.150000e+01  9.501123e+00  9.058026e+00
     vertex  7.600000e+01  9.500318e+00  9.030865e+00
     vertex  7.150000e+01  9.500096e+00  9.017002e+00
   endloop
 endfacet
 facet normal -2.825901e-05  9.980950e-01 -6.169515e-02
   outer loop
     vertex  7.150000e+01  9.503271e+00  9.099007e+00
     vertex  7.600000e+01  9.504268e+00  9.113072e+00
     vertex  7.600000e+01  9.501729e+00  9.071996e+00
   endloop
 endfacet
 facet normal  2.802299e-05  9.986288e-01 -5.234914e-02
   outer loop
     vertex  7.150000e+01  9.503271e+00  9.099007e+00
     vertex  7.600000e+01  9.501729e+00  9.071996e+00
     vertex  7.150000e+01  9.501123e+00  9.058026e+00
   endloop
 endfacet
 facet normal  2.813600e-05  9.968231e-01 -7.964761e-02
   outer loop
     vertex  7.150000e+01  9.506540e+00  9.139914e+00
     vertex  7.600000e+01  9.504268e+00  9.113072e+00
     vertex  7.150000e+01  9.503271e+00  9.099007e+00
   endloop
 endfacet
 facet normal -2.837099e-05  9.960268e-01 -8.905371e-02
   outer loop
     vertex  7.150000e+01  9.506540e+00  9.139914e+00
     vertex  7.600000e+01  9.507933e+00  9.154064e+00
     vertex  7.600000e+01  9.504268e+00  9.113072e+00
   endloop
 endfacet
 facet normal  2.824696e-05  9.942712e-01 -1.068865e-01
   outer loop
     vertex  7.150000e+01  9.510926e+00  9.180716e+00
     vertex  7.600000e+01  9.507933e+00  9.154064e+00
     vertex  7.150000e+01  9.506540e+00  9.139914e+00
   endloop
 endfacet
 facet normal -2.848092e-05  9.932088e-01 -1.163452e-01
   outer loop
     vertex  7.150000e+01  9.510926e+00  9.180716e+00
     vertex  7.600000e+01  9.512721e+00  9.194939e+00
     vertex  7.600000e+01  9.507933e+00  9.154064e+00
   endloop
 endfacet
 facet normal -2.858880e-05  9.896432e-01 -1.435492e-01
   outer loop
     vertex  7.150000e+01  9.516427e+00  9.221383e+00
     vertex  7.600000e+01  9.518629e+00  9.235668e+00
     vertex  7.600000e+01  9.512721e+00  9.194939e+00
   endloop
 endfacet
 facet normal  2.835586e-05  9.909752e-01 -1.340453e-01
   outer loop
     vertex  7.150000e+01  9.516427e+00  9.221383e+00
     vertex  7.600000e+01  9.512721e+00  9.194939e+00
     vertex  7.150000e+01  9.510926e+00  9.180716e+00
   endloop
 endfacet
 facet normal -2.869462e-05  9.853326e-01 -1.706451e-01
   outer loop
     vertex  7.150000e+01  9.523038e+00  9.261884e+00
     vertex  7.600000e+01  9.525652e+00  9.276219e+00
     vertex  7.600000e+01  9.518629e+00  9.235668e+00
   endloop
 endfacet
 facet normal  2.846271e-05  9.869375e-01 -1.611038e-01
   outer loop
     vertex  7.150000e+01  9.523038e+00  9.261884e+00
     vertex  7.600000e+01  9.518629e+00  9.235668e+00
     vertex  7.150000e+01  9.516427e+00  9.221383e+00
   endloop
 endfacet
 facet normal -2.879838e-05  9.802802e-01 -1.976125e-01
   outer loop
     vertex  7.150000e+01  9.530755e+00  9.302189e+00
     vertex  7.600000e+01  9.533784e+00  9.316563e+00
     vertex  7.600000e+01  9.525652e+00  9.276219e+00
   endloop
 endfacet
 facet normal  2.856750e-05  9.821610e-01 -1.880418e-01
   outer loop
     vertex  7.150000e+01  9.530755e+00  9.302189e+00
     vertex  7.600000e+01  9.525652e+00  9.276219e+00
     vertex  7.150000e+01  9.523038e+00  9.261884e+00
   endloop
 endfacet
 facet normal -2.890009e-05  9.744899e-01 -2.244312e-01
   outer loop
     vertex  7.150000e+01  9.539571e+00  9.342268e+00
     vertex  7.600000e+01  9.543021e+00  9.356668e+00
     vertex  7.600000e+01  9.533784e+00  9.316563e+00
   endloop
 endfacet
 facet normal  2.867024e-05  9.766495e-01 -2.148390e-01
   outer loop
     vertex  7.150000e+01  9.539571e+00  9.342268e+00
     vertex  7.600000e+01  9.533784e+00  9.316563e+00
     vertex  7.150000e+01  9.530755e+00  9.302189e+00
   endloop
 endfacet
 facet normal -2.899975e-05  9.679661e-01 -2.510809e-01
   outer loop
     vertex  7.150000e+01  9.549481e+00  9.382091e+00
     vertex  7.600000e+01  9.553354e+00  9.396504e+00
     vertex  7.600000e+01  9.543021e+00  9.356668e+00
   endloop
 endfacet
 facet normal  2.877092e-05  9.704069e-01 -2.414754e-01
   outer loop
     vertex  7.150000e+01  9.549481e+00  9.382091e+00
     vertex  7.600000e+01  9.543021e+00  9.356668e+00
     vertex  7.150000e+01  9.539571e+00  9.342268e+00
   endloop
 endfacet
 facet normal -2.909735e-05  9.607136e-01 -2.775416e-01
   outer loop
     vertex  7.150000e+01  9.560476e+00  9.421627e+00
     vertex  7.600000e+01  9.564776e+00  9.436042e+00
     vertex  7.600000e+01  9.553354e+00  9.396504e+00
   endloop
 endfacet
 facet normal  2.886955e-05  9.634381e-01 -2.679310e-01
   outer loop
     vertex  7.150000e+01  9.560476e+00  9.421627e+00
     vertex  7.600000e+01  9.553354e+00  9.396504e+00
     vertex  7.150000e+01  9.549481e+00  9.382091e+00
   endloop
 endfacet
 facet normal -2.919290e-05  9.527379e-01 -3.037934e-01
   outer loop
     vertex  7.150000e+01  9.572548e+00  9.460849e+00
     vertex  7.600000e+01  9.577279e+00  9.475252e+00
     vertex  7.600000e+01  9.564776e+00  9.436042e+00
   endloop
 endfacet
 facet normal  2.896613e-05  9.557481e-01 -2.941862e-01
   outer loop
     vertex  7.150000e+01  9.572548e+00  9.460849e+00
     vertex  7.600000e+01  9.564776e+00  9.436042e+00
     vertex  7.150000e+01  9.560476e+00  9.421627e+00
   endloop
 endfacet
 facet normal -2.928639e-05  9.440450e-01 -3.298166e-01
   outer loop
     vertex  7.150000e+01  9.585689e+00  9.499725e+00
     vertex  7.600000e+01  9.590852e+00  9.514104e+00
     vertex  7.600000e+01  9.577279e+00  9.475252e+00
   endloop
 endfacet
 facet normal  2.906065e-05  9.473428e-01 -3.202211e-01
   outer loop
     vertex  7.150000e+01  9.585689e+00  9.499725e+00
     vertex  7.600000e+01  9.577279e+00  9.475252e+00
     vertex  7.150000e+01  9.572548e+00  9.460849e+00
   endloop
 endfacet
 facet normal -2.937783e-05  9.346415e-01 -3.555914e-01
   outer loop
     vertex  7.150000e+01  9.599889e+00  9.538227e+00
     vertex  7.600000e+01  9.605487e+00  9.552569e+00
     vertex  7.600000e+01  9.590852e+00  9.514104e+00
   endloop
 endfacet
 facet normal  2.915311e-05  9.382285e-01 -3.460163e-01
   outer loop
     vertex  7.150000e+01  9.599889e+00  9.538227e+00
     vertex  7.600000e+01  9.590852e+00  9.514104e+00
     vertex  7.150000e+01  9.585689e+00  9.499725e+00
   endloop
 endfacet
 facet normal -2.946721e-05  9.245344e-01 -3.810986e-01
   outer loop
     vertex  7.150000e+01  9.615136e+00  9.576327e+00
     vertex  7.600000e+01  9.621171e+00  9.590619e+00
     vertex  7.600000e+01  9.605487e+00  9.552569e+00
   endloop
 endfacet
 facet normal  2.924352e-05  9.284119e-01 -3.715526e-01
   outer loop
     vertex  7.150000e+01  9.615136e+00  9.576327e+00
     vertex  7.600000e+01  9.605487e+00  9.552569e+00
     vertex  7.150000e+01  9.599889e+00  9.538227e+00
   endloop
 endfacet
 facet normal -2.955454e-05  9.137314e-01 -4.063188e-01
   outer loop
     vertex  7.150000e+01  9.631420e+00  9.613995e+00
     vertex  7.600000e+01  9.637893e+00  9.628223e+00
     vertex  7.600000e+01  9.621171e+00  9.590619e+00
   endloop
 endfacet
 facet normal  2.933187e-05  9.179004e-01 -3.968108e-01
   outer loop
     vertex  7.150000e+01  9.631420e+00  9.613995e+00
     vertex  7.600000e+01  9.621171e+00  9.590619e+00
     vertex  7.150000e+01  9.615136e+00  9.576327e+00
   endloop
 endfacet
 facet normal -2.963981e-05  9.022405e-01 -4.312333e-01
   outer loop
     vertex  7.150000e+01  9.648729e+00  9.651203e+00
     vertex  7.600000e+01  9.655640e+00  9.665355e+00
     vertex  7.600000e+01  9.637893e+00  9.628223e+00
   endloop
 endfacet
 facet normal  2.941817e-05  9.067019e-01 -4.217720e-01
   outer loop
     vertex  7.150000e+01  9.648729e+00  9.651203e+00
     vertex  7.600000e+01  9.637893e+00  9.628223e+00
     vertex  7.150000e+01  9.631420e+00  9.613995e+00
   endloop
 endfacet
 facet normal -2.972303e-05  8.900704e-01 -4.558231e-01
   outer loop
     vertex  7.150000e+01  9.667048e+00  9.687924e+00
     vertex  7.600000e+01  9.674400e+00  9.701986e+00
     vertex  7.600000e+01  9.655640e+00  9.665355e+00
   endloop
 endfacet
 facet normal  2.950242e-05  8.948248e-01 -4.464175e-01
   outer loop
     vertex  7.150000e+01  9.667048e+00  9.687924e+00
     vertex  7.600000e+01  9.655640e+00  9.665355e+00
     vertex  7.150000e+01  9.648729e+00  9.651203e+00
   endloop
 endfacet
 facet normal -2.980419e-05  8.772303e-01 -4.800697e-01
   outer loop
     vertex  7.150000e+01  9.686366e+00  9.724130e+00
     vertex  7.600000e+01  9.694157e+00  9.738088e+00
     vertex  7.600000e+01  9.674400e+00  9.701986e+00
   endloop
 endfacet
 facet normal  2.958461e-05  8.822779e-01 -4.707289e-01
   outer loop
     vertex  7.150000e+01  9.686366e+00  9.724130e+00
     vertex  7.600000e+01  9.674400e+00  9.701986e+00
     vertex  7.150000e+01  9.667048e+00  9.687924e+00
   endloop
 endfacet
 facet normal -2.988330e-05  8.637299e-01 -5.039550e-01
   outer loop
     vertex  7.150000e+01  9.706666e+00  9.759795e+00
     vertex  7.600000e+01  9.714897e+00  9.773635e+00
     vertex  7.600000e+01  9.694157e+00  9.738088e+00
   endloop
 endfacet
 facet normal  2.966475e-05  8.690707e-01 -4.946879e-01
   outer loop
     vertex  7.150000e+01  9.706666e+00  9.759795e+00
     vertex  7.600000e+01  9.694157e+00  9.738088e+00
     vertex  7.150000e+01  9.686366e+00  9.724130e+00
   endloop
 endfacet
 facet normal -2.996035e-05  8.495793e-01 -5.274609e-01
   outer loop
     vertex  7.150000e+01  9.727935e+00  9.794890e+00
     vertex  7.600000e+01  9.736605e+00  9.808599e+00
     vertex  7.600000e+01  9.714897e+00  9.773635e+00
   endloop
 endfacet
 facet normal  2.974283e-05  8.552130e-01 -5.182767e-01
   outer loop
     vertex  7.150000e+01  9.727935e+00  9.794890e+00
     vertex  7.600000e+01  9.714897e+00  9.773635e+00
     vertex  7.150000e+01  9.706666e+00  9.759795e+00
   endloop
 endfacet
 facet normal -3.003535e-05  8.347891e-01 -5.505698e-01
   outer loop
     vertex  7.150000e+01  9.750156e+00  9.829391e+00
     vertex  7.600000e+01  9.759263e+00  9.842955e+00
     vertex  7.600000e+01  9.736605e+00  9.808599e+00
   endloop
 endfacet
 facet normal  2.981885e-05  8.407152e-01 -5.414776e-01
   outer loop
     vertex  7.150000e+01  9.750156e+00  9.829391e+00
     vertex  7.600000e+01  9.736605e+00  9.808599e+00
     vertex  7.150000e+01  9.727935e+00  9.794890e+00
   endloop
 endfacet
 facet normal -3.010829e-05  8.193706e-01 -5.732642e-01
   outer loop
     vertex  7.150000e+01  9.773312e+00  9.863270e+00
     vertex  7.600000e+01  9.782856e+00  9.876676e+00
     vertex  7.600000e+01  9.759263e+00  9.842955e+00
   endloop
 endfacet
 facet normal  2.989282e-05  8.255881e-01 -5.642732e-01
   outer loop
     vertex  7.150000e+01  9.773312e+00  9.863270e+00
     vertex  7.600000e+01  9.759263e+00  9.842955e+00
     vertex  7.150000e+01  9.750156e+00  9.829391e+00
   endloop
 endfacet
 facet normal -3.017918e-05  8.033352e-01 -5.955271e-01
   outer loop
     vertex  7.150000e+01  9.797386e+00  9.896504e+00
     vertex  7.600000e+01  9.807365e+00  9.909737e+00
     vertex  7.600000e+01  9.782856e+00  9.876676e+00
   endloop
 endfacet
 facet normal  2.996474e-05  8.098432e-01 -5.866464e-01
   outer loop
     vertex  7.150000e+01  9.797386e+00  9.896504e+00
     vertex  7.600000e+01  9.782856e+00  9.876676e+00
     vertex  7.150000e+01  9.773312e+00  9.863270e+00
   endloop
 endfacet
 facet normal -3.024802e-05  7.866951e-01 -6.173417e-01
   outer loop
     vertex  7.150000e+01  9.822361e+00  9.929067e+00
     vertex  7.600000e+01  9.832772e+00  9.942114e+00
     vertex  7.600000e+01  9.807365e+00  9.909737e+00
   endloop
 endfacet
 facet normal  3.003460e-05  7.934920e-01 -6.085806e-01
   outer loop
     vertex  7.150000e+01  9.822361e+00  9.929067e+00
     vertex  7.600000e+01  9.807365e+00  9.909737e+00
     vertex  7.150000e+01  9.797386e+00  9.896504e+00
   endloop
 endfacet
 facet normal -3.031480e-05  7.694628e-01 -6.386916e-01
   outer loop
     vertex  7.150000e+01  9.848216e+00  9.960934e+00
     vertex  7.600000e+01  9.859057e+00  9.973781e+00
     vertex  7.600000e+01  9.832772e+00  9.942114e+00
   endloop
 endfacet
 facet normal  3.010241e-05  7.765470e-01 -6.300593e-01
   outer loop
     vertex  7.150000e+01  9.848216e+00  9.960934e+00
     vertex  7.600000e+01  9.832772e+00  9.942114e+00
     vertex  7.150000e+01  9.822361e+00  9.929067e+00
   endloop
 endfacet
 facet normal -3.037952e-05  7.516513e-01 -6.595607e-01
   outer loop
     vertex  7.150000e+01  9.874934e+00  9.992082e+00
     vertex  7.600000e+01  9.886201e+00  1.000471e+01
     vertex  7.600000e+01  9.859057e+00  9.973781e+00
   endloop
 endfacet
 facet normal  3.016816e-05  7.590208e-01 -6.510664e-01
   outer loop
     vertex  7.150000e+01  9.874934e+00  9.992082e+00
     vertex  7.600000e+01  9.859057e+00  9.973781e+00
     vertex  7.150000e+01  9.848216e+00  9.960934e+00
   endloop
 endfacet
 facet normal -3.044219e-05  7.332740e-01 -6.799333e-01
   outer loop
     vertex  7.150000e+01  9.902494e+00  1.002249e+01
     vertex  7.600000e+01  9.914184e+00  1.003489e+01
     vertex  7.600000e+01  9.886201e+00  1.000471e+01
   endloop
 endfacet
 facet normal  3.023186e-05  7.409265e-01 -6.715862e-01
   outer loop
     vertex  7.150000e+01  9.902494e+00  1.002249e+01
     vertex  7.600000e+01  9.886201e+00  1.000471e+01
     vertex  7.150000e+01  9.874934e+00  9.992082e+00
   endloop
 endfacet
 facet normal  3.029350e-05  7.222776e-01 -6.916033e-01
   outer loop
     vertex  7.150000e+01  9.930876e+00  1.005213e+01
     vertex  7.600000e+01  9.914184e+00  1.003489e+01
     vertex  7.150000e+01  9.902494e+00  1.002249e+01
   endloop
 endfacet
 facet normal -3.050281e-05  7.143447e-01 -6.997940e-01
   outer loop
     vertex  7.150000e+01  9.930876e+00  1.005213e+01
     vertex  7.600000e+01  9.942984e+00  1.006429e+01
     vertex  7.600000e+01  9.914184e+00  1.003489e+01
   endloop
 endfacet
 facet normal  3.035309e-05  7.030881e-01 -7.111028e-01
   outer loop
     vertex  7.150000e+01  9.960057e+00  1.008098e+01
     vertex  7.600000e+01  9.942984e+00  1.006429e+01
     vertex  7.150000e+01  9.930876e+00  1.005213e+01
   endloop
 endfacet
 facet normal -3.056137e-05  6.948776e-01 -7.191280e-01
   outer loop
     vertex  7.150000e+01  9.960057e+00  1.008098e+01
     vertex  7.600000e+01  9.972579e+00  1.009289e+01
     vertex  7.600000e+01  9.942984e+00  1.006429e+01
   endloop
 endfacet
 facet normal  3.041062e-05  6.833723e-01 -7.300700e-01
   outer loop
     vertex  7.150000e+01  9.990017e+00  1.010902e+01
     vertex  7.600000e+01  9.972579e+00  1.009289e+01
     vertex  7.150000e+01  9.960057e+00  1.008098e+01
   endloop
 endfacet
 facet normal -3.061787e-05  6.748875e-01 -7.379206e-01
   outer loop
     vertex  7.150000e+01  9.990017e+00  1.010902e+01
     vertex  7.600000e+01  1.000295e+01  1.012066e+01
     vertex  7.600000e+01  9.972579e+00  1.009289e+01
   endloop
 endfacet
 facet normal  3.046610e-05  6.631451e-01 -7.484909e-01
   outer loop
     vertex  7.150000e+01  1.002073e+01  1.013624e+01
     vertex  7.600000e+01  1.000295e+01  1.012066e+01
     vertex  7.150000e+01  9.990017e+00  1.010902e+01
   endloop
 endfacet
 facet normal -3.067233e-05  6.543893e-01 -7.561578e-01
   outer loop
     vertex  7.150000e+01  1.002073e+01  1.013624e+01
     vertex  7.600000e+01  1.003407e+01  1.014760e+01
     vertex  7.600000e+01  1.000295e+01  1.012066e+01
   endloop
 endfacet
 facet normal  3.051953e-05  6.424215e-01 -7.663515e-01
   outer loop
     vertex  7.150000e+01  1.005218e+01  1.016260e+01
     vertex  7.600000e+01  1.003407e+01  1.014760e+01
     vertex  7.150000e+01  1.002073e+01  1.013624e+01
   endloop
 endfacet
 facet normal -3.072472e-05  6.333986e-01 -7.738257e-01
   outer loop
     vertex  7.150000e+01  1.005218e+01  1.016260e+01
     vertex  7.600000e+01  1.006591e+01  1.017366e+01
     vertex  7.600000e+01  1.003407e+01  1.014760e+01
   endloop
 endfacet
 facet normal  3.057090e-05  6.212171e-01 -7.836385e-01
   outer loop
     vertex  7.150000e+01  1.008434e+01  1.018809e+01
     vertex  7.600000e+01  1.006591e+01  1.017366e+01
     vertex  7.150000e+01  1.005218e+01  1.016260e+01
   endloop
 endfacet
 facet normal -3.077506e-05  6.119310e-01 -7.909112e-01
   outer loop
     vertex  7.150000e+01  1.008434e+01  1.018809e+01
     vertex  7.600000e+01  1.009846e+01  1.019885e+01
     vertex  7.600000e+01  1.006591e+01  1.017366e+01
   endloop
 endfacet
 facet normal  3.062021e-05  5.995478e-01 -8.003390e-01
   outer loop
     vertex  7.150000e+01  1.011718e+01  1.021270e+01
     vertex  7.600000e+01  1.009846e+01  1.019885e+01
     vertex  7.150000e+01  1.008434e+01  1.018809e+01
   endloop
 endfacet
 facet normal -3.082335e-05  5.900028e-01 -8.074012e-01
   outer loop
     vertex  7.150000e+01  1.011718e+01  1.021270e+01
     vertex  7.600000e+01  1.013169e+01  1.022313e+01
     vertex  7.600000e+01  1.009846e+01  1.019885e+01
   endloop
 endfacet
 facet normal  3.066747e-05  5.774297e-01 -8.164404e-01
   outer loop
     vertex  7.150000e+01  1.015069e+01  1.023639e+01
     vertex  7.600000e+01  1.013169e+01  1.022313e+01
     vertex  7.150000e+01  1.011718e+01  1.021270e+01
   endloop
 endfacet
 facet normal -3.086958e-05  5.676304e-01 -8.232835e-01
   outer loop
     vertex  7.150000e+01  1.015069e+01  1.023639e+01
     vertex  7.600000e+01  1.016558e+01  1.024649e+01
     vertex  7.600000e+01  1.013169e+01  1.022313e+01
   endloop
 endfacet
 facet normal  3.071267e-05  5.548794e-01 -8.319308e-01
   outer loop
     vertex  7.150000e+01  1.018483e+01  1.025916e+01
     vertex  7.600000e+01  1.016558e+01  1.024649e+01
     vertex  7.150000e+01  1.015069e+01  1.023639e+01
   endloop
 endfacet
 facet normal -3.091376e-05  5.448308e-01 -8.385460e-01
   outer loop
     vertex  7.150000e+01  1.018483e+01  1.025916e+01
     vertex  7.600000e+01  1.020009e+01  1.026891e+01
     vertex  7.600000e+01  1.016558e+01  1.024649e+01
   endloop
 endfacet
 facet normal  3.075582e-05  5.319138e-01 -8.467985e-01
   outer loop
     vertex  7.150000e+01  1.021958e+01  1.028099e+01
     vertex  7.600000e+01  1.020009e+01  1.026891e+01
     vertex  7.150000e+01  1.018483e+01  1.025916e+01
   endloop
 endfacet
 facet normal -3.095588e-05  5.216210e-01 -8.531773e-01
   outer loop
     vertex  7.150000e+01  1.021958e+01  1.028099e+01
     vertex  7.600000e+01  1.023520e+01  1.029038e+01
     vertex  7.600000e+01  1.020009e+01  1.026891e+01
   endloop
 endfacet
 facet normal  3.079692e-05  5.085501e-01 -8.610324e-01
   outer loop
     vertex  7.150000e+01  1.025491e+01  1.030186e+01
     vertex  7.600000e+01  1.023520e+01  1.029038e+01
     vertex  7.150000e+01  1.021958e+01  1.028099e+01
   endloop
 endfacet
 facet normal -3.099595e-05  4.980186e-01 -8.671664e-01
   outer loop
     vertex  7.150000e+01  1.025491e+01  1.030186e+01
     vertex  7.600000e+01  1.027089e+01  1.031088e+01
     vertex  7.600000e+01  1.023520e+01  1.029038e+01
   endloop
 endfacet
 facet normal -3.103396e-05  4.740412e-01 -8.805026e-01
   outer loop
     vertex  7.150000e+01  1.029081e+01  1.032176e+01
     vertex  7.600000e+01  1.030712e+01  1.033038e+01
     vertex  7.600000e+01  1.027089e+01  1.031088e+01
   endloop
 endfacet
 facet normal  3.083596e-05  4.848058e-01 -8.746218e-01
   outer loop
     vertex  7.150000e+01  1.029081e+01  1.032176e+01
     vertex  7.600000e+01  1.027089e+01  1.031088e+01
     vertex  7.150000e+01  1.025491e+01  1.030186e+01
   endloop
 endfacet
 facet normal -3.106992e-05  4.497071e-01 -8.931761e-01
   outer loop
     vertex  7.150000e+01  1.032723e+01  1.034066e+01
     vertex  7.600000e+01  1.034388e+01  1.034889e+01
     vertex  7.600000e+01  1.030712e+01  1.033038e+01
   endloop
 endfacet
 facet normal  3.087295e-05  4.606986e-01 -8.875567e-01
   outer loop
     vertex  7.150000e+01  1.032723e+01  1.034066e+01
     vertex  7.600000e+01  1.030712e+01  1.033038e+01
     vertex  7.150000e+01  1.029081e+01  1.032176e+01
   endloop
 endfacet
 facet normal -3.110383e-05  4.250344e-01 -9.051772e-01
   outer loop
     vertex  7.150000e+01  1.036415e+01  1.035857e+01
     vertex  7.600000e+01  1.038113e+01  1.036638e+01
     vertex  7.600000e+01  1.034388e+01  1.034889e+01
   endloop
 endfacet
 facet normal  3.090788e-05  4.362465e-01 -8.998272e-01
   outer loop
     vertex  7.150000e+01  1.036415e+01  1.035857e+01
     vertex  7.600000e+01  1.034388e+01  1.034889e+01
     vertex  7.150000e+01  1.032723e+01  1.034066e+01
   endloop
 endfacet
 facet normal -3.113568e-05  4.000417e-01 -9.164969e-01
   outer loop
     vertex  7.150000e+01  1.040156e+01  1.037545e+01
     vertex  7.600000e+01  1.041885e+01  1.038285e+01
     vertex  7.600000e+01  1.038113e+01  1.036638e+01
   endloop
 endfacet
 facet normal  3.094075e-05  4.114680e-01 -9.114242e-01
   outer loop
     vertex  7.150000e+01  1.040156e+01  1.037545e+01
     vertex  7.600000e+01  1.038113e+01  1.036638e+01
     vertex  7.150000e+01  1.036415e+01  1.035857e+01
   endloop
 endfacet
 facet normal -3.116547e-05  3.747479e-01 -9.271267e-01
   outer loop
     vertex  7.150000e+01  1.043941e+01  1.039131e+01
     vertex  7.600000e+01  1.045701e+01  1.039827e+01
     vertex  7.600000e+01  1.041885e+01  1.038285e+01
   endloop
 endfacet
 facet normal  3.097157e-05  3.863815e-01 -9.223391e-01
   outer loop
     vertex  7.150000e+01  1.043941e+01  1.039131e+01
     vertex  7.600000e+01  1.041885e+01  1.038285e+01
     vertex  7.150000e+01  1.040156e+01  1.037545e+01
   endloop
 endfacet
 facet normal -3.119321e-05  3.491720e-01 -9.370586e-01
   outer loop
     vertex  7.150000e+01  1.047768e+01  1.040612e+01
     vertex  7.600000e+01  1.049557e+01  1.041264e+01
     vertex  7.600000e+01  1.045701e+01  1.039827e+01
   endloop
 endfacet
 facet normal  3.100034e-05  3.610058e-01 -9.325636e-01
   outer loop
     vertex  7.150000e+01  1.047768e+01  1.040612e+01
     vertex  7.600000e+01  1.045701e+01  1.039827e+01
     vertex  7.150000e+01  1.043941e+01  1.039131e+01
   endloop
 endfacet
 facet normal -3.121889e-05  3.233333e-01 -9.462851e-01
   outer loop
     vertex  7.150000e+01  1.051634e+01  1.041988e+01
     vertex  7.600000e+01  1.053452e+01  1.042595e+01
     vertex  7.600000e+01  1.049557e+01  1.041264e+01
   endloop
 endfacet
 facet normal  3.102705e-05  3.353599e-01 -9.420901e-01
   outer loop
     vertex  7.150000e+01  1.051634e+01  1.041988e+01
     vertex  7.600000e+01  1.049557e+01  1.041264e+01
     vertex  7.150000e+01  1.047768e+01  1.040612e+01
   endloop
 endfacet
 facet normal -3.124252e-05  2.972512e-01 -9.547993e-01
   outer loop
     vertex  7.150000e+01  1.055536e+01  1.043258e+01
     vertex  7.600000e+01  1.057381e+01  1.043818e+01
     vertex  7.600000e+01  1.053452e+01  1.042595e+01
   endloop
 endfacet
 facet normal  3.105171e-05  3.094630e-01 -9.509115e-01
   outer loop
     vertex  7.150000e+01  1.055536e+01  1.043258e+01
     vertex  7.600000e+01  1.053452e+01  1.042595e+01
     vertex  7.150000e+01  1.051634e+01  1.041988e+01
   endloop
 endfacet
 facet normal -3.126410e-05  2.709453e-01 -9.625948e-01
   outer loop
     vertex  7.150000e+01  1.059472e+01  1.044421e+01
     vertex  7.600000e+01  1.061343e+01  1.044933e+01
     vertex  7.600000e+01  1.057381e+01  1.043818e+01
   endloop
 endfacet
 facet normal  3.107431e-05  2.833344e-01 -9.590212e-01
   outer loop
     vertex  7.150000e+01  1.059472e+01  1.044421e+01
     vertex  7.600000e+01  1.057381e+01  1.043818e+01
     vertex  7.150000e+01  1.055536e+01  1.043258e+01
   endloop
 endfacet
 facet normal -3.128362e-05  2.444354e-01 -9.696656e-01
   outer loop
     vertex  7.150000e+01  1.063437e+01  1.045476e+01
     vertex  7.600000e+01  1.065333e+01  1.045939e+01
     vertex  7.600000e+01  1.061343e+01  1.044933e+01
   endloop
 endfacet
 facet normal  3.109486e-05  2.569939e-01 -9.664130e-01
   outer loop
     vertex  7.150000e+01  1.063437e+01  1.045476e+01
     vertex  7.600000e+01  1.061343e+01  1.044933e+01
     vertex  7.150000e+01  1.059472e+01  1.044421e+01
   endloop
 endfacet
 facet normal -3.130108e-05  2.177416e-01 -9.760065e-01
   outer loop
     vertex  7.150000e+01  1.067431e+01  1.046421e+01
     vertex  7.600000e+01  1.069350e+01  1.046835e+01
     vertex  7.600000e+01  1.065333e+01  1.045939e+01
   endloop
 endfacet
 facet normal  3.111335e-05  2.304609e-01 -9.730816e-01
   outer loop
     vertex  7.150000e+01  1.067431e+01  1.046421e+01
     vertex  7.600000e+01  1.065333e+01  1.045939e+01
     vertex  7.150000e+01  1.063437e+01  1.045476e+01
   endloop
 endfacet
 facet normal -3.131649e-05  1.908838e-01 -9.816126e-01
   outer loop
     vertex  7.150000e+01  1.071448e+01  1.047258e+01
     vertex  7.600000e+01  1.073390e+01  1.047621e+01
     vertex  7.600000e+01  1.069350e+01  1.046835e+01
   endloop
 endfacet
 facet normal  3.112979e-05  2.037555e-01 -9.790218e-01
   outer loop
     vertex  7.150000e+01  1.071448e+01  1.047258e+01
     vertex  7.600000e+01  1.069350e+01  1.046835e+01
     vertex  7.150000e+01  1.067431e+01  1.046421e+01
   endloop
 endfacet
 facet normal -3.132985e-05  1.638824e-01 -9.864799e-01
   outer loop
     vertex  7.150000e+01  1.075487e+01  1.047984e+01
     vertex  7.600000e+01  1.077450e+01  1.048295e+01
     vertex  7.600000e+01  1.073390e+01  1.047621e+01
   endloop
 endfacet
 facet normal  3.114418e-05  1.768975e-01 -9.842293e-01
   outer loop
     vertex  7.150000e+01  1.075487e+01  1.047984e+01
     vertex  7.600000e+01  1.073390e+01  1.047621e+01
     vertex  7.150000e+01  1.071448e+01  1.047258e+01
   endloop
 endfacet
 facet normal -3.134115e-05  1.367575e-01 -9.906046e-01
   outer loop
     vertex  7.150000e+01  1.079545e+01  1.048599e+01
     vertex  7.600000e+01  1.081527e+01  1.048858e+01
     vertex  7.600000e+01  1.077450e+01  1.048295e+01
   endloop
 endfacet
 facet normal  3.115650e-05  1.499072e-01 -9.887001e-01
   outer loop
     vertex  7.150000e+01  1.079545e+01  1.048599e+01
     vertex  7.600000e+01  1.077450e+01  1.048295e+01
     vertex  7.150000e+01  1.075487e+01  1.047984e+01
   endloop
 endfacet
 facet normal -3.135040e-05  1.095298e-01 -9.939835e-01
   outer loop
     vertex  7.150000e+01  1.083617e+01  1.049103e+01
     vertex  7.600000e+01  1.085617e+01  1.049309e+01
     vertex  7.600000e+01  1.081527e+01  1.048858e+01
   endloop
 endfacet
 facet normal  3.116678e-05  1.228046e-01 -9.924309e-01
   outer loop
     vertex  7.150000e+01  1.083617e+01  1.049103e+01
     vertex  7.600000e+01  1.081527e+01  1.048858e+01
     vertex  7.150000e+01  1.079545e+01  1.048599e+01
   endloop
 endfacet
 facet normal  3.117500e-05  9.561015e-02 -9.954189e-01
   outer loop
     vertex  7.150000e+01  1.087702e+01  1.049495e+01
     vertex  7.600000e+01  1.085617e+01  1.049309e+01
     vertex  7.150000e+01  1.083617e+01  1.049103e+01
   endloop
 endfacet
 facet normal -3.135759e-05  8.221955e-02 -9.966142e-01
   outer loop
     vertex  7.150000e+01  1.087702e+01  1.049495e+01
     vertex  7.600000e+01  1.089719e+01  1.049647e+01
     vertex  7.600000e+01  1.085617e+01  1.049309e+01
   endloop
 endfacet
 facet normal  3.118116e-05  6.834413e-02 -9.976618e-01
   outer loop
     vertex  7.150000e+01  1.091796e+01  1.049776e+01
     vertex  7.600000e+01  1.089719e+01  1.049647e+01
     vertex  7.150000e+01  1.087702e+01  1.049495e+01
   endloop
 endfacet
 facet normal -3.136273e-05  5.484744e-02 -9.984947e-01
   outer loop
     vertex  7.150000e+01  1.091796e+01  1.049776e+01
     vertex  7.600000e+01  1.093828e+01  1.049873e+01
     vertex  7.600000e+01  1.089719e+01  1.049647e+01
   endloop
 endfacet
 facet normal  3.118527e-05  4.102695e-02 -9.991580e-01
   outer loop
     vertex  7.150000e+01  1.095897e+01  1.049944e+01
     vertex  7.600000e+01  1.093828e+01  1.049873e+01
     vertex  7.150000e+01  1.091796e+01  1.049776e+01
   endloop
 endfacet
 facet normal -3.136581e-05  2.743405e-02 -9.996236e-01
   outer loop
     vertex  7.150000e+01  1.095897e+01  1.049944e+01
     vertex  7.600000e+01  1.097942e+01  1.049986e+01
     vertex  7.600000e+01  1.093828e+01  1.049873e+01
   endloop
 endfacet
 facet normal  3.118733e-05  1.367906e-02 -9.999064e-01
   outer loop
     vertex  7.150000e+01  1.100000e+01  1.050000e+01
     vertex  7.600000e+01  1.097942e+01  1.049986e+01
     vertex  7.150000e+01  1.095897e+01  1.049944e+01
   endloop
 endfacet
 facet normal -3.136684e-05  0.000000e+00 -1.000000e+00
   outer loop
     vertex  7.150000e+01  1.100000e+01  1.050000e+01
     vertex  7.600000e+01  1.102058e+01  1.049986e+01
     vertex  7.600000e+01  1.097942e+01  1.049986e+01
   endloop
 endfacet
 facet normal  3.118733e-05 -1.367906e-02 -9.999064e-01
   outer loop
     vertex  7.150000e+01  1.104103e+01  1.049944e+01
     vertex  7.600000e+01  1.102058e+01  1.049986e+01
     vertex  7.150000e+01  1.100000e+01  1.050000e+01
   endloop
 endfacet
 facet normal -3.136581e-05 -2.743405e-02 -9.996236e-01
   outer loop
     vertex  7.150000e+01  1.104103e+01  1.049944e+01
     vertex  7.600000e+01  1.106172e+01  1.049873e+01
     vertex  7.600000e+01  1.102058e+01  1.049986e+01
   endloop
 endfacet
 facet normal  3.118527e-05 -4.102695e-02 -9.991580e-01
   outer loop
     vertex  7.150000e+01  1.108204e+01  1.049776e+01
     vertex  7.600000e+01  1.106172e+01  1.049873e+01
     vertex  7.150000e+01  1.104103e+01  1.049944e+01
   endloop
 endfacet
 facet normal -3.136273e-05 -5.484744e-02 -9.984947e-01
   outer loop
     vertex  7.150000e+01  1.108204e+01  1.049776e+01
     vertex  7.600000e+01  1.110281e+01  1.049647e+01
     vertex  7.600000e+01  1.106172e+01  1.049873e+01
   endloop
 endfacet
 facet normal  3.118116e-05 -6.834413e-02 -9.976618e-01
   outer loop
     vertex  7.150000e+01  1.112298e+01  1.049495e+01
     vertex  7.600000e+01  1.110281e+01  1.049647e+01
     vertex  7.150000e+01  1.108204e+01  1.049776e+01
   endloop
 endfacet
 facet normal -3.135759e-05 -8.221955e-02 -9.966142e-01
   outer loop
     vertex  7.150000e+01  1.112298e+01  1.049495e+01
     vertex  7.600000e+01  1.114383e+01  1.049309e+01
     vertex  7.600000e+01  1.110281e+01  1.049647e+01
   endloop
 endfacet
 facet normal  3.117500e-05 -9.561015e-02 -9.954189e-01
   outer loop
     vertex  7.150000e+01  1.116383e+01  1.049103e+01
     vertex  7.600000e+01  1.114383e+01  1.049309e+01
     vertex  7.150000e+01  1.112298e+01  1.049495e+01
   endloop
 endfacet
 facet normal -3.135040e-05 -1.095298e-01 -9.939835e-01
   outer loop
     vertex  7.150000e+01  1.116383e+01  1.049103e+01
     vertex  7.600000e+01  1.118473e+01  1.048858e+01
     vertex  7.600000e+01  1.114383e+01  1.049309e+01
   endloop
 endfacet
 facet normal  3.116678e-05 -1.228046e-01 -9.924309e-01
   outer loop
     vertex  7.150000e+01  1.120455e+01  1.048599e+01
     vertex  7.600000e+01  1.118473e+01  1.048858e+01
     vertex  7.150000e+01  1.116383e+01  1.049103e+01
   endloop
 endfacet
 facet normal -3.134115e-05 -1.367575e-01 -9.906046e-01
   outer loop
     vertex  7.150000e+01  1.120455e+01  1.048599e+01
     vertex  7.600000e+01  1.122550e+01  1.048295e+01
     vertex  7.600000e+01  1.118473e+01  1.048858e+01
   endloop
 endfacet
 facet normal  3.115650e-05 -1.499072e-01 -9.887001e-01
   outer loop
     vertex  7.150000e+01  1.124513e+01  1.047984e+01
     vertex  7.600000e+01  1.122550e+01  1.048295e+01
     vertex  7.150000e+01  1.120455e+01  1.048599e+01
   endloop
 endfacet
 facet normal -3.132985e-05 -1.638824e-01 -9.864799e-01
   outer loop
     vertex  7.150000e+01  1.124513e+01  1.047984e+01
     vertex  7.600000e+01  1.126610e+01  1.047621e+01
     vertex  7.600000e+01  1.122550e+01  1.048295e+01
   endloop
 endfacet
 facet normal  3.114418e-05 -1.768975e-01 -9.842293e-01
   outer loop
     vertex  7.150000e+01  1.128552e+01  1.047258e+01
     vertex  7.600000e+01  1.126610e+01  1.047621e+01
     vertex  7.150000e+01  1.124513e+01  1.047984e+01
   endloop
 endfacet
 facet normal -3.131649e-05 -1.908838e-01 -9.816126e-01
   outer loop
     vertex  7.150000e+01  1.128552e+01  1.047258e+01
     vertex  7.600000e+01  1.130650e+01  1.046835e+01
     vertex  7.600000e+01  1.126610e+01  1.047621e+01
   endloop
 endfacet
 facet normal  3.112979e-05 -2.037555e-01 -9.790218e-01
   outer loop
     vertex  7.150000e+01  1.132569e+01  1.046421e+01
     vertex  7.600000e+01  1.130650e+01  1.046835e+01
     vertex  7.150000e+01  1.128552e+01  1.047258e+01
   endloop
 endfacet
 facet normal -3.130108e-05 -2.177416e-01 -9.760065e-01
   outer loop
     vertex  7.150000e+01  1.132569e+01  1.046421e+01
     vertex  7.600000e+01  1.134667e+01  1.045939e+01
     vertex  7.600000e+01  1.130650e+01  1.046835e+01
   endloop
 endfacet
 facet normal  3.111335e-05 -2.304609e-01 -9.730816e-01
   outer loop
     vertex  7.150000e+01  1.136563e+01  1.045476e+01
     vertex  7.600000e+01  1.134667e+01  1.045939e+01
     vertex  7.150000e+01  1.132569e+01  1.046421e+01
   endloop
 endfacet
 facet normal -3.128362e-05 -2.444354e-01 -9.696656e-01
   outer loop
     vertex  7.150000e+01  1.136563e+01  1.045476e+01
     vertex  7.600000e+01  1.138657e+01  1.044933e+01
     vertex  7.600000e+01  1.134667e+01  1.045939e+01
   endloop
 endfacet
 facet normal  3.109486e-05 -2.569939e-01 -9.664130e-01
   outer loop
     vertex  7.150000e+01  1.140528e+01  1.044421e+01
     vertex  7.600000e+01  1.138657e+01  1.044933e+01
     vertex  7.150000e+01  1.136563e+01  1.045476e+01
   endloop
 endfacet
 facet normal -3.126410e-05 -2.709453e-01 -9.625948e-01
   outer loop
     vertex  7.150000e+01  1.140528e+01  1.044421e+01
     vertex  7.600000e+01  1.142619e+01  1.043818e+01
     vertex  7.600000e+01  1.138657e+01  1.044933e+01
   endloop
 endfacet
 facet normal  3.107431e-05 -2.833344e-01 -9.590212e-01
   outer loop
     vertex  7.150000e+01  1.144464e+01  1.043258e+01
     vertex  7.600000e+01  1.142619e+01  1.043818e+01
     vertex  7.150000e+01  1.140528e+01  1.044421e+01
   endloop
 endfacet
 facet normal -3.124252e-05 -2.972512e-01 -9.547993e-01
   outer loop
     vertex  7.150000e+01  1.144464e+01  1.043258e+01
     vertex  7.600000e+01  1.146548e+01  1.042595e+01
     vertex  7.600000e+01  1.142619e+01  1.043818e+01
   endloop
 endfacet
 facet normal  3.105171e-05 -3.094630e-01 -9.509115e-01
   outer loop
     vertex  7.150000e+01  1.148366e+01  1.041988e+01
     vertex  7.600000e+01  1.146548e+01  1.042595e+01
     vertex  7.150000e+01  1.144464e+01  1.043258e+01
   endloop
 endfacet
 facet normal -3.121889e-05 -3.233333e-01 -9.462851e-01
   outer loop
     vertex  7.150000e+01  1.148366e+01  1.041988e+01
     vertex  7.600000e+01  1.150443e+01  1.041264e+01
     vertex  7.600000e+01  1.146548e+01  1.042595e+01
   endloop
 endfacet
 facet normal  3.102705e-05 -3.353599e-01 -9.420901e-01
   outer loop
     vertex  7.150000e+01  1.152232e+01  1.040612e+01
     vertex  7.600000e+01  1.150443e+01  1.041264e+01
     vertex  7.150000e+01  1.148366e+01  1.041988e+01
   endloop
 endfacet
 facet normal -3.119321e-05 -3.491720e-01 -9.370586e-01
   outer loop
     vertex  7.150000e+01  1.152232e+01  1.040612e+01
     vertex  7.600000e+01  1.154299e+01  1.039827e+01
     vertex  7.600000e+01  1.150443e+01  1.041264e+01
   endloop
 endfacet
 facet normal  3.100034e-05 -3.610058e-01 -9.325636e-01
   outer loop
     vertex  7.150000e+01  1.156059e+01  1.039131e+01
     vertex  7.600000e+01  1.154299e+01  1.039827e+01
     vertex  7.150000e+01  1.152232e+01  1.040612e+01
   endloop
 endfacet
 facet normal -3.116547e-05 -3.747479e-01 -9.271267e-01
   outer loop
     vertex  7.150000e+01  1.156059e+01  1.039131e+01
     vertex  7.600000e+01  1.158115e+01  1.038285e+01
     vertex  7.600000e+01  1.154299e+01  1.039827e+01
   endloop
 endfacet
 facet normal -3.113568e-05 -4.000417e-01 -9.164969e-01
   outer loop
     vertex  7.150000e+01  1.159844e+01  1.037545e+01
     vertex  7.600000e+01  1.161887e+01  1.036638e+01
     vertex  7.600000e+01  1.158115e+01  1.038285e+01
   endloop
 endfacet
 facet normal  3.097157e-05 -3.863815e-01 -9.223391e-01
   outer loop
     vertex  7.150000e+01  1.159844e+01  1.037545e+01
     vertex  7.600000e+01  1.158115e+01  1.038285e+01
     vertex  7.150000e+01  1.156059e+01  1.039131e+01
   endloop
 endfacet
 facet normal -3.110383e-05 -4.250344e-01 -9.051772e-01
   outer loop
     vertex  7.150000e+01  1.163585e+01  1.035857e+01
     vertex  7.600000e+01  1.165612e+01  1.034889e+01
     vertex  7.600000e+01  1.161887e+01  1.036638e+01
   endloop
 endfacet
 facet normal  3.094075e-05 -4.114680e-01 -9.114242e-01
   outer loop
     vertex  7.150000e+01  1.163585e+01  1.035857e+01
     vertex  7.600000e+01  1.161887e+01  1.036638e+01
     vertex  7.150000e+01  1.159844e+01  1.037545e+01
   endloop
 endfacet
 facet normal -3.106992e-05 -4.497071e-01 -8.931761e-01
   outer loop
     vertex  7.150000e+01  1.167277e+01  1.034066e+01
     vertex  7.600000e+01  1.169288e+01  1.033038e+01
     vertex  7.600000e+01  1.165612e+01  1.034889e+01
   endloop
 endfacet
 facet normal  3.090788e-05 -4.362465e-01 -8.998272e-01
   outer loop
     vertex  7.150000e+01  1.167277e+01  1.034066e+01
     vertex  7.600000e+01  1.165612e+01  1.034889e+01
     vertex  7.150000e+01  1.163585e+01  1.035857e+01
   endloop
 endfacet
 facet normal -3.103396e-05 -4.740412e-01 -8.805026e-01
   outer loop
     vertex  7.150000e+01  1.170919e+01  1.032176e+01
     vertex  7.600000e+01  1.172911e+01  1.031088e+01
     vertex  7.600000e+01  1.169288e+01  1.033038e+01
   endloop
 endfacet
 facet normal  3.087295e-05 -4.606986e-01 -8.875567e-01
   outer loop
     vertex  7.150000e+01  1.170919e+01  1.032176e+01
     vertex  7.600000e+01  1.169288e+01  1.033038e+01
     vertex  7.150000e+01  1.167277e+01  1.034066e+01
   endloop
 endfacet
 facet normal -3.099595e-05 -4.980186e-01 -8.671664e-01
   outer loop
     vertex  7.150000e+01  1.174509e+01  1.030186e+01
     vertex  7.600000e+01  1.176480e+01  1.029038e+01
     vertex  7.600000e+01  1.172911e+01  1.031088e+01
   endloop
 endfacet
 facet normal  3.083596e-05 -4.848058e-01 -8.746218e-01
   outer loop
     vertex  7.150000e+01  1.174509e+01  1.030186e+01
     vertex  7.600000e+01  1.172911e+01  1.031088e+01
     vertex  7.150000e+01  1.170919e+01  1.032176e+01
   endloop
 endfacet
 facet normal -3.095588e-05 -5.216210e-01 -8.531773e-01
   outer loop
     vertex  7.150000e+01  1.178042e+01  1.028099e+01
     vertex  7.600000e+01  1.179991e+01  1.026891e+01
     vertex  7.600000e+01  1.176480e+01  1.029038e+01
   endloop
 endfacet
 facet normal  3.079692e-05 -5.085501e-01 -8.610324e-01
   outer loop
     vertex  7.150000e+01  1.178042e+01  1.028099e+01
     vertex  7.600000e+01  1.176480e+01  1.029038e+01
     vertex  7.150000e+01  1.174509e+01  1.030186e+01
   endloop
 endfacet
 facet normal  3.075582e-05 -5.319138e-01 -8.467985e-01
   outer loop
     vertex  7.150000e+01  1.181517e+01  1.025916e+01
     vertex  7.600000e+01  1.179991e+01  1.026891e+01
     vertex  7.150000e+01  1.178042e+01  1.028099e+01
   endloop
 endfacet
 facet normal -3.091376e-05 -5.448308e-01 -8.385460e-01
   outer loop
     vertex  7.150000e+01  1.181517e+01  1.025916e+01
     vertex  7.600000e+01  1.183442e+01  1.024649e+01
     vertex  7.600000e+01  1.179991e+01  1.026891e+01
   endloop
 endfacet
 facet normal  3.071267e-05 -5.548794e-01 -8.319308e-01
   outer loop
     vertex  7.150000e+01  1.184931e+01  1.023639e+01
     vertex  7.600000e+01  1.183442e+01  1.024649e+01
     vertex  7.150000e+01  1.181517e+01  1.025916e+01
   endloop
 endfacet
 facet normal -3.086958e-05 -5.676304e-01 -8.232835e-01
   outer loop
     vertex  7.150000e+01  1.184931e+01  1.023639e+01
     vertex  7.600000e+01  1.186831e+01  1.022313e+01
     vertex  7.600000e+01  1.183442e+01  1.024649e+01
   endloop
 endfacet
 facet normal  3.066747e-05 -5.774297e-01 -8.164404e-01
   outer loop
     vertex  7.150000e+01  1.188282e+01  1.021270e+01
     vertex  7.600000e+01  1.186831e+01  1.022313e+01
     vertex  7.150000e+01  1.184931e+01  1.023639e+01
   endloop
 endfacet
 facet normal -3.082335e-05 -5.900028e-01 -8.074012e-01
   outer loop
     vertex  7.150000e+01  1.188282e+01  1.021270e+01
     vertex  7.600000e+01  1.190154e+01  1.019885e+01
     vertex  7.600000e+01  1.186831e+01  1.022313e+01
   endloop
 endfacet
 facet normal  3.062021e-05 -5.995478e-01 -8.003390e-01
   outer loop
     vertex  7.150000e+01  1.191566e+01  1.018809e+01
     vertex  7.600000e+01  1.190154e+01  1.019885e+01
     vertex  7.150000e+01  1.188282e+01  1.021270e+01
   endloop
 endfacet
 facet normal -3.077506e-05 -6.119310e-01 -7.909112e-01
   outer loop
     vertex  7.150000e+01  1.191566e+01  1.018809e+01
     vertex  7.600000e+01  1.193409e+01  1.017366e+01
     vertex  7.600000e+01  1.190154e+01  1.019885e+01
   endloop
 endfacet
 facet normal  3.057090e-05 -6.212171e-01 -7.836385e-01
   outer loop
     vertex  7.150000e+01  1.194782e+01  1.016260e+01
     vertex  7.600000e+01  1.193409e+01  1.017366e+01
     vertex  7.150000e+01  1.191566e+01  1.018809e+01
   endloop
 endfacet
 facet normal -3.072472e-05 -6.333986e-01 -7.738257e-01
   outer loop
     vertex  7.150000e+01  1.194782e+01  1.016260e+01
     vertex  7.600000e+01  1.196593e+01  1.014760e+01
     vertex  7.600000e+01  1.193409e+01  1.017366e+01
   endloop
 endfacet
 facet normal  3.051953e-05 -6.424215e-01 -7.663515e-01
   outer loop
     vertex  7.150000e+01  1.197927e+01  1.013624e+01
     vertex  7.600000e+01  1.196593e+01  1.014760e+01
     vertex  7.150000e+01  1.194782e+01  1.016260e+01
   endloop
 endfacet
 facet normal -3.067233e-05 -6.543893e-01 -7.561578e-01
   outer loop
     vertex  7.150000e+01  1.197927e+01  1.013624e+01
     vertex  7.600000e+01  1.199705e+01  1.012066e+01
     vertex  7.600000e+01  1.196593e+01  1.014760e+01
   endloop
 endfacet
 facet normal  3.046610e-05 -6.631451e-01 -7.484909e-01
   outer loop
     vertex  7.150000e+01  1.200998e+01  1.010902e+01
     vertex  7.600000e+01  1.199705e+01  1.012066e+01
     vertex  7.150000e+01  1.197927e+01  1.013624e+01
   endloop
 endfacet
 facet normal -3.061787e-05 -6.748875e-01 -7.379206e-01
   outer loop
     vertex  7.150000e+01  1.200998e+01  1.010902e+01
     vertex  7.600000e+01  1.202742e+01  1.009289e+01
     vertex  7.600000e+01  1.199705e+01  1.012066e+01
   endloop
 endfacet
 facet normal  3.041062e-05 -6.833723e-01 -7.300700e-01
   outer loop
     vertex  7.150000e+01  1.203994e+01  1.008098e+01
     vertex  7.600000e+01  1.202742e+01  1.009289e+01
     vertex  7.150000e+01  1.200998e+01  1.010902e+01
   endloop
 endfacet
 facet normal -3.056137e-05 -6.948776e-01 -7.191280e-01
   outer loop
     vertex  7.150000e+01  1.203994e+01  1.008098e+01
     vertex  7.600000e+01  1.205702e+01  1.006429e+01
     vertex  7.600000e+01  1.202742e+01  1.009289e+01
   endloop
 endfacet
 facet normal  3.035309e-05 -7.030881e-01 -7.111028e-01
   outer loop
     vertex  7.150000e+01  1.206912e+01  1.005213e+01
     vertex  7.600000e+01  1.205702e+01  1.006429e+01
     vertex  7.150000e+01  1.203994e+01  1.008098e+01
   endloop
 endfacet
 facet normal -3.050281e-05 -7.143447e-01 -6.997940e-01
   outer loop
     vertex  7.150000e+01  1.206912e+01  1.005213e+01
     vertex  7.600000e+01  1.208582e+01  1.003489e+01
     vertex  7.600000e+01  1.205702e+01  1.006429e+01
   endloop
 endfacet
 facet normal  3.029350e-05 -7.222776e-01 -6.916033e-01
   outer loop
     vertex  7.150000e+01  1.209751e+01  1.002249e+01
     vertex  7.600000e+01  1.208582e+01  1.003489e+01
     vertex  7.150000e+01  1.206912e+01  1.005213e+01
   endloop
 endfacet
 facet normal -3.044219e-05 -7.332740e-01 -6.799333e-01
   outer loop
     vertex  7.150000e+01  1.209751e+01  1.002249e+01
     vertex  7.600000e+01  1.211380e+01  1.000471e+01
     vertex  7.600000e+01  1.208582e+01  1.003489e+01
   endloop
 endfacet
 facet normal  3.023186e-05 -7.409265e-01 -6.715862e-01
   outer loop
     vertex  7.150000e+01  1.212507e+01  9.992082e+00
     vertex  7.600000e+01  1.211380e+01  1.000471e+01
     vertex  7.150000e+01  1.209751e+01  1.002249e+01
   endloop
 endfacet
 facet normal -3.037952e-05 -7.516513e-01 -6.595607e-01
   outer loop
     vertex  7.150000e+01  1.212507e+01  9.992082e+00
     vertex  7.600000e+01  1.214094e+01  9.973781e+00
     vertex  7.600000e+01  1.211380e+01  1.000471e+01
   endloop
 endfacet
 facet normal  3.016816e-05 -7.590208e-01 -6.510664e-01
   outer loop
     vertex  7.150000e+01  1.215178e+01  9.960934e+00
     vertex  7.600000e+01  1.214094e+01  9.973781e+00
     vertex  7.150000e+01  1.212507e+01  9.992082e+00
   endloop
 endfacet
 facet normal -3.031480e-05 -7.694628e-01 -6.386916e-01
   outer loop
     vertex  7.150000e+01  1.215178e+01  9.960934e+00
     vertex  7.600000e+01  1.216723e+01  9.942114e+00
     vertex  7.600000e+01  1.214094e+01  9.973781e+00
   endloop
 endfacet
 facet normal  3.010241e-05 -7.765470e-01 -6.300593e-01
   outer loop
     vertex  7.150000e+01  1.217764e+01  9.929067e+00
     vertex  7.600000e+01  1.216723e+01  9.942114e+00
     vertex  7.150000e+01  1.215178e+01  9.960934e+00
   endloop
 endfacet
 facet normal -3.024802e-05 -7.866951e-01 -6.173417e-01
   outer loop
     vertex  7.150000e+01  1.217764e+01  9.929067e+00
     vertex  7.600000e+01  1.219263e+01  9.909737e+00
     vertex  7.600000e+01  1.216723e+01  9.942114e+00
   endloop
 endfacet
 facet normal  3.003460e-05 -7.934920e-01 -6.085806e-01
   outer loop
     vertex  7.150000e+01  1.220261e+01  9.896504e+00
     vertex  7.600000e+01  1.219263e+01  9.909737e+00
     vertex  7.150000e+01  1.217764e+01  9.929067e+00
   endloop
 endfacet
 facet normal -3.017918e-05 -8.033352e-01 -5.955271e-01
   outer loop
     vertex  7.150000e+01  1.220261e+01  9.896504e+00
     vertex  7.600000e+01  1.221714e+01  9.876676e+00
     vertex  7.600000e+01  1.219263e+01  9.909737e+00
   endloop
 endfacet
 facet normal  2.996474e-05 -8.098432e-01 -5.866464e-01
   outer loop
     vertex  7.150000e+01  1.222669e+01  9.863270e+00
     vertex  7.600000e+01  1.221714e+01  9.876676e+00
     vertex  7.150000e+01  1.220261e+01  9.896504e+00
   endloop
 endfacet
 facet normal -3.010829e-05 -8.193706e-01 -5.732642e-01
   outer loop
     vertex  7.150000e+01  1.222669e+01  9.863270e+00
     vertex  7.600000e+01  1.224074e+01  9.842955e+00
     vertex  7.600000e+01  1.221714e+01  9.876676e+00
   endloop
 endfacet
 facet normal  2.989282e-05 -8.255881e-01 -5.642732e-01
   outer loop
     vertex  7.150000e+01  1.224984e+01  9.829391e+00
     vertex  7.600000e+01  1.224074e+01  9.842955e+00
     vertex  7.150000e+01  1.222669e+01  9.863270e+00
   endloop
 endfacet
 facet normal -3.003535e-05 -8.347891e-01 -5.505698e-01
   outer loop
     vertex  7.150000e+01  1.224984e+01  9.829391e+00
     vertex  7.600000e+01  1.226340e+01  9.808599e+00
     vertex  7.600000e+01  1.224074e+01  9.842955e+00
   endloop
 endfacet
 facet normal  2.981885e-05 -8.407152e-01 -5.414776e-01
   outer loop
     vertex  7.150000e+01  1.227207e+01  9.794890e+00
     vertex  7.600000e+01  1.226340e+01  9.808599e+00
     vertex  7.150000e+01  1.224984e+01  9.829391e+00
   endloop
 endfacet
 facet normal -2.996035e-05 -8.495793e-01 -5.274609e-01
   outer loop
     vertex  7.150000e+01  1.227207e+01  9.794890e+00
     vertex  7.600000e+01  1.228510e+01  9.773635e+00
     vertex  7.600000e+01  1.226340e+01  9.808599e+00
   endloop
 endfacet
 facet normal -2.988330e-05 -8.637299e-01 -5.039550e-01
   outer loop
     vertex  7.150000e+01  1.229333e+01  9.759795e+00
     vertex  7.600000e+01  1.230584e+01  9.738088e+00
     vertex  7.600000e+01  1.228510e+01  9.773635e+00
   endloop
 endfacet
 facet normal  2.974283e-05 -8.552130e-01 -5.182767e-01
   outer loop
     vertex  7.150000e+01  1.229333e+01  9.759795e+00
     vertex  7.600000e+01  1.228510e+01  9.773635e+00
     vertex  7.150000e+01  1.227207e+01  9.794890e+00
   endloop
 endfacet
 facet normal -2.980419e-05 -8.772303e-01 -4.800697e-01
   outer loop
     vertex  7.150000e+01  1.231363e+01  9.724130e+00
     vertex  7.600000e+01  1.232560e+01  9.701986e+00
     vertex  7.600000e+01  1.230584e+01  9.738088e+00
   endloop
 endfacet
 facet normal  2.966475e-05 -8.690707e-01 -4.946879e-01
   outer loop
     vertex  7.150000e+01  1.231363e+01  9.724130e+00
     vertex  7.600000e+01  1.230584e+01  9.738088e+00
     vertex  7.150000e+01  1.229333e+01  9.759795e+00
   endloop
 endfacet
 facet normal -2.972303e-05 -8.900704e-01 -4.558231e-01
   outer loop
     vertex  7.150000e+01  1.233295e+01  9.687924e+00
     vertex  7.600000e+01  1.234436e+01  9.665355e+00
     vertex  7.600000e+01  1.232560e+01  9.701986e+00
   endloop
 endfacet
 facet normal  2.958461e-05 -8.822779e-01 -4.707289e-01
   outer loop
     vertex  7.150000e+01  1.233295e+01  9.687924e+00
     vertex  7.600000e+01  1.232560e+01  9.701986e+00
     vertex  7.150000e+01  1.231363e+01  9.724130e+00
   endloop
 endfacet
 facet normal -2.963981e-05 -9.022405e-01 -4.312333e-01
   outer loop
     vertex  7.150000e+01  1.235127e+01  9.651203e+00
     vertex  7.600000e+01  1.236211e+01  9.628223e+00
     vertex  7.600000e+01  1.234436e+01  9.665355e+00
   endloop
 endfacet
 facet normal  2.950242e-05 -8.948248e-01 -4.464175e-01
   outer loop
     vertex  7.150000e+01  1.235127e+01  9.651203e+00
     vertex  7.600000e+01  1.234436e+01  9.665355e+00
     vertex  7.150000e+01  1.233295e+01  9.687924e+00
   endloop
 endfacet
 facet normal -2.955454e-05 -9.137314e-01 -4.063188e-01
   outer loop
     vertex  7.150000e+01  1.236858e+01  9.613995e+00
     vertex  7.600000e+01  1.237883e+01  9.590619e+00
     vertex  7.600000e+01  1.236211e+01  9.628223e+00
   endloop
 endfacet
 facet normal  2.941817e-05 -9.067019e-01 -4.217720e-01
   outer loop
     vertex  7.150000e+01  1.236858e+01  9.613995e+00
     vertex  7.600000e+01  1.236211e+01  9.628223e+00
     vertex  7.150000e+01  1.235127e+01  9.651203e+00
   endloop
 endfacet
 facet normal -2.946721e-05 -9.245344e-01 -3.810986e-01
   outer loop
     vertex  7.150000e+01  1.238486e+01  9.576327e+00
     vertex  7.600000e+01  1.239451e+01  9.552569e+00
     vertex  7.600000e+01  1.237883e+01  9.590619e+00
   endloop
 endfacet
 facet normal  2.933187e-05 -9.179004e-01 -3.968108e-01
   outer loop
     vertex  7.150000e+01  1.238486e+01  9.576327e+00
     vertex  7.600000e+01  1.237883e+01  9.590619e+00
     vertex  7.150000e+01  1.236858e+01  9.613995e+00
   endloop
 endfacet
 facet normal -2.937783e-05 -9.346415e-01 -3.555914e-01
   outer loop
     vertex  7.150000e+01  1.240011e+01  9.538227e+00
     vertex  7.600000e+01  1.240915e+01  9.514104e+00
     vertex  7.600000e+01  1.239451e+01  9.552569e+00
   endloop
 endfacet
 facet normal  2.924352e-05 -9.284119e-01 -3.715526e-01
   outer loop
     vertex  7.150000e+01  1.240011e+01  9.538227e+00
     vertex  7.600000e+01  1.239451e+01  9.552569e+00
     vertex  7.150000e+01  1.238486e+01  9.576327e+00
   endloop
 endfacet
 facet normal -2.928639e-05 -9.440450e-01 -3.298166e-01
   outer loop
     vertex  7.150000e+01  1.241431e+01  9.499725e+00
     vertex  7.600000e+01  1.242272e+01  9.475252e+00
     vertex  7.600000e+01  1.240915e+01  9.514104e+00
   endloop
 endfacet
 facet normal  2.915311e-05 -9.382285e-01 -3.460163e-01
   outer loop
     vertex  7.150000e+01  1.241431e+01  9.499725e+00
     vertex  7.600000e+01  1.240915e+01  9.514104e+00
     vertex  7.150000e+01  1.240011e+01  9.538227e+00
   endloop
 endfacet
 facet normal -2.919290e-05 -9.527379e-01 -3.037934e-01
   outer loop
     vertex  7.150000e+01  1.242745e+01  9.460849e+00
     vertex  7.600000e+01  1.243522e+01  9.436042e+00
     vertex  7.600000e+01  1.242272e+01  9.475252e+00
   endloop
 endfacet
 facet normal  2.906065e-05 -9.473428e-01 -3.202211e-01
   outer loop
     vertex  7.150000e+01  1.242745e+01  9.460849e+00
     vertex  7.600000e+01  1.242272e+01  9.475252e+00
     vertex  7.150000e+01  1.241431e+01  9.499725e+00
   endloop
 endfacet
 facet normal  2.896613e-05 -9.557481e-01 -2.941862e-01
   outer loop
     vertex  7.150000e+01  1.243952e+01  9.421627e+00
     vertex  7.600000e+01  1.243522e+01  9.436042e+00
     vertex  7.150000e+01  1.242745e+01  9.460849e+00
   endloop
 endfacet
 facet normal -2.909735e-05 -9.607136e-01 -2.775416e-01
   outer loop
     vertex  7.150000e+01  1.243952e+01  9.421627e+00
     vertex  7.600000e+01  1.244665e+01  9.396504e+00
     vertex  7.600000e+01  1.243522e+01  9.436042e+00
   endloop
 endfacet
 facet normal  2.886955e-05 -9.634381e-01 -2.679310e-01
   outer loop
     vertex  7.150000e+01  1.245052e+01  9.382091e+00
     vertex  7.600000e+01  1.244665e+01  9.396504e+00
     vertex  7.150000e+01  1.243952e+01  9.421627e+00
   endloop
 endfacet
 facet normal -2.899975e-05 -9.679661e-01 -2.510809e-01
   outer loop
     vertex  7.150000e+01  1.245052e+01  9.382091e+00
     vertex  7.600000e+01  1.245698e+01  9.356668e+00
     vertex  7.600000e+01  1.244665e+01  9.396504e+00
   endloop
 endfacet
 facet normal -2.890009e-05 -9.744899e-01 -2.244312e-01
   outer loop
     vertex  7.150000e+01  1.246043e+01  9.342268e+00
     vertex  7.600000e+01  1.246622e+01  9.316563e+00
     vertex  7.600000e+01  1.245698e+01  9.356668e+00
   endloop
 endfacet
 facet normal  2.877092e-05 -9.704069e-01 -2.414754e-01
   outer loop
     vertex  7.150000e+01  1.246043e+01  9.342268e+00
     vertex  7.600000e+01  1.245698e+01  9.356668e+00
     vertex  7.150000e+01  1.245052e+01  9.382091e+00
   endloop
 endfacet
 facet normal  2.867024e-05 -9.766495e-01 -2.148390e-01
   outer loop
     vertex  7.150000e+01  1.246925e+01  9.302189e+00
     vertex  7.600000e+01  1.246622e+01  9.316563e+00
     vertex  7.150000e+01  1.246043e+01  9.342268e+00
   endloop
 endfacet
 facet normal -2.879838e-05 -9.802802e-01 -1.976125e-01
   outer loop
     vertex  7.150000e+01  1.246925e+01  9.302189e+00
     vertex  7.600000e+01  1.247435e+01  9.276219e+00
     vertex  7.600000e+01  1.246622e+01  9.316563e+00
   endloop
 endfacet
 facet normal -2.869462e-05 -9.853326e-01 -1.706451e-01
   outer loop
     vertex  7.150000e+01  1.247696e+01  9.261884e+00
     vertex  7.600000e+01  1.248137e+01  9.235668e+00
     vertex  7.600000e+01  1.247435e+01  9.276219e+00
   endloop
 endfacet
 facet normal  2.856750e-05 -9.821610e-01 -1.880418e-01
   outer loop
     vertex  7.150000e+01  1.247696e+01  9.261884e+00
     vertex  7.600000e+01  1.247435e+01  9.276219e+00
     vertex  7.150000e+01  1.246925e+01  9.302189e+00
   endloop
 endfacet
 facet normal -2.858880e-05 -9.896432e-01 -1.435492e-01
   outer loop
     vertex  7.150000e+01  1.248357e+01  9.221383e+00
     vertex  7.600000e+01  1.248728e+01  9.194939e+00
     vertex  7.600000e+01  1.248137e+01  9.235668e+00
   endloop
 endfacet
 facet normal  2.846271e-05 -9.869375e-01 -1.611038e-01
   outer loop
     vertex  7.150000e+01  1.248357e+01  9.221383e+00
     vertex  7.600000e+01  1.248137e+01  9.235668e+00
     vertex  7.150000e+01  1.247696e+01  9.261884e+00
   endloop
 endfacet
 facet normal -2.848092e-05 -9.932088e-01 -1.163452e-01
   outer loop
     vertex  7.150000e+01  1.248907e+01  9.180716e+00
     vertex  7.600000e+01  1.249207e+01  9.154064e+00
     vertex  7.600000e+01  1.248728e+01  9.194939e+00
   endloop
 endfacet
 facet normal  2.835586e-05 -9.909752e-01 -1.340453e-01
   outer loop
     vertex  7.150000e+01  1.248907e+01  9.180716e+00
     vertex  7.600000e+01  1.248728e+01  9.194939e+00
     vertex  7.150000e+01  1.248357e+01  9.221383e+00
   endloop
 endfacet
 facet normal -2.837099e-05 -9.960268e-01 -8.905371e-02
   outer loop
     vertex  7.150000e+01  1.249346e+01  9.139914e+00
     vertex  7.600000e+01  1.249573e+01  9.113072e+00
     vertex  7.600000e+01  1.249207e+01  9.154064e+00
   endloop
 endfacet
 facet normal  2.824696e-05 -9.942712e-01 -1.068865e-01
   outer loop
     vertex  7.150000e+01  1.249346e+01  9.139914e+00
     vertex  7.600000e+01  1.249207e+01  9.154064e+00
     vertex  7.150000e+01  1.248907e+01  9.180716e+00
   endloop
 endfacet
 facet normal -2.825901e-05 -9.980950e-01 -6.169515e-02
   outer loop
     vertex  7.150000e+01  1.249673e+01  9.099007e+00
     vertex  7.600000e+01  1.249827e+01  9.071996e+00
     vertex  7.600000e+01  1.249573e+01  9.113072e+00
   endloop
 endfacet
 facet normal  2.813600e-05 -9.968231e-01 -7.964761e-02
   outer loop
     vertex  7.150000e+01  1.249673e+01  9.099007e+00
     vertex  7.600000e+01  1.249573e+01  9.113072e+00
     vertex  7.150000e+01  1.249346e+01  9.139914e+00
   endloop
 endfacet
 facet normal -2.814497e-05 -9.994119e-01 -3.429014e-02
   outer loop
     vertex  7.150000e+01  1.249888e+01  9.058026e+00
     vertex  7.600000e+01  1.249968e+01  9.030865e+00
     vertex  7.600000e+01  1.249827e+01  9.071996e+00
   endloop
 endfacet
 facet normal  2.802299e-05 -9.986288e-01 -5.234914e-02
   outer loop
     vertex  7.150000e+01  1.249888e+01  9.058026e+00
     vertex  7.600000e+01  1.249827e+01  9.071996e+00
     vertex  7.150000e+01  1.249673e+01  9.099007e+00
   endloop
 endfacet
 facet normal -2.802888e-05 -9.999765e-01 -6.859319e-03
   outer loop
     vertex  7.150000e+01  1.249990e+01  9.017002e+00
     vertex  7.600000e+01  1.249996e+01  8.989711e+00
     vertex  7.600000e+01  1.249968e+01  9.030865e+00
   endloop
 endfacet
 facet normal  2.790793e-05 -9.996872e-01 -2.501150e-02
   outer loop
     vertex  7.150000e+01  1.249990e+01  9.017002e+00
     vertex  7.600000e+01  1.249968e+01  9.030865e+00
     vertex  7.150000e+01  1.249888e+01  9.058026e+00
   endloop
 endfacet
 facet normal -2.791073e-05 -9.997883e-01  2.057667e-02
   outer loop
     vertex  7.150000e+01  1.249981e+01  8.975964e+00
     vertex  7.600000e+01  1.249912e+01  8.948565e+00
     vertex  7.600000e+01  1.249996e+01  8.989711e+00
   endloop
 endfacet
 facet normal  2.779080e-05 -9.999973e-01  2.344871e-03
   outer loop
     vertex  7.150000e+01  1.249981e+01  8.975964e+00
     vertex  7.600000e+01  1.249996e+01  8.989711e+00
     vertex  7.150000e+01  1.249990e+01  9.017002e+00
   endloop
 endfacet
 facet normal -2.779052e-05 -9.988475e-01  4.799716e-02
   outer loop
     vertex  7.150000e+01  1.249859e+01  8.934945e+00
     vertex  7.600000e+01  1.249714e+01  8.907457e+00
     vertex  7.600000e+01  1.249912e+01  8.948565e+00
   endloop
 endfacet
 facet normal  2.767163e-05 -9.995589e-01  2.969948e-02
   outer loop
     vertex  7.150000e+01  1.249859e+01  8.934945e+00
     vertex  7.600000e+01  1.249912e+01  8.948565e+00
     vertex  7.150000e+01  1.249981e+01  8.975964e+00
   endloop
 endfacet
 facet normal -2.766827e-05 -9.971548e-01  7.538152e-02
   outer loop
     vertex  7.150000e+01  1.249625e+01  8.893975e+00
     vertex  7.600000e+01  1.249404e+01  8.866419e+00
     vertex  7.600000e+01  1.249714e+01  8.907457e+00
   endloop
 endfacet
 facet normal  2.755040e-05 -9.983724e-01  5.703187e-02
   outer loop
     vertex  7.150000e+01  1.249625e+01  8.893975e+00
     vertex  7.600000e+01  1.249714e+01  8.907457e+00
     vertex  7.150000e+01  1.249859e+01  8.934945e+00
   endloop
 endfacet
 facet normal -2.754395e-05 -9.947114e-01  1.027091e-01
   outer loop
     vertex  7.150000e+01  1.249279e+01  8.853084e+00
     vertex  7.600000e+01  1.248981e+01  8.825482e+00
     vertex  7.600000e+01  1.249404e+01  8.866419e+00
   endloop
 endfacet
 facet normal  2.742711e-05 -9.964386e-01  8.432156e-02
   outer loop
     vertex  7.150000e+01  1.249279e+01  8.853084e+00
     vertex  7.600000e+01  1.249404e+01  8.866419e+00
     vertex  7.150000e+01  1.249625e+01  8.893975e+00
   endloop
 endfacet
 facet normal -2.741759e-05 -9.915193e-01  1.299594e-01
   outer loop
     vertex  7.150000e+01  1.248821e+01  8.812303e+00
     vertex  7.600000e+01  1.248446e+01  8.784676e+00
     vertex  7.600000e+01  1.248981e+01  8.825482e+00
   endloop
 endfacet
 facet normal  2.730177e-05 -9.937590e-01  1.115481e-01
   outer loop
     vertex  7.150000e+01  1.248821e+01  8.812303e+00
     vertex  7.600000e+01  1.248981e+01  8.825482e+00
     vertex  7.150000e+01  1.249279e+01  8.853084e+00
   endloop
 endfacet
 facet normal -2.728916e-05 -9.875808e-01  1.571119e-01
   outer loop
     vertex  7.150000e+01  1.248252e+01  8.771662e+00
     vertex  7.600000e+01  1.247800e+01  8.744032e+00
     vertex  7.600000e+01  1.248446e+01  8.784676e+00
   endloop
 endfacet
 facet normal  2.717438e-05 -9.903357e-01  1.386912e-01
   outer loop
     vertex  7.150000e+01  1.248252e+01  8.771662e+00
     vertex  7.600000e+01  1.248446e+01  8.784676e+00
     vertex  7.150000e+01  1.248821e+01  8.812303e+00
   endloop
 endfacet
 facet normal -2.715869e-05 -9.828989e-01  1.841461e-01
   outer loop
     vertex  7.150000e+01  1.247572e+01  8.731193e+00
     vertex  7.600000e+01  1.247042e+01  8.703581e+00
     vertex  7.600000e+01  1.247800e+01  8.744032e+00
   endloop
 endfacet
 facet normal  2.704493e-05 -9.861711e-01  1.657305e-01
   outer loop
     vertex  7.150000e+01  1.247572e+01  8.731193e+00
     vertex  7.600000e+01  1.247800e+01  8.744032e+00
     vertex  7.150000e+01  1.248252e+01  8.771662e+00
   endloop
 endfacet
 facet normal -2.702615e-05 -9.774771e-01  2.110417e-01
   outer loop
     vertex  7.150000e+01  1.246781e+01  8.690924e+00
     vertex  7.600000e+01  1.246173e+01  8.663353e+00
     vertex  7.600000e+01  1.247042e+01  8.703581e+00
   endloop
 endfacet
 facet normal  2.691342e-05 -9.812684e-01  1.926458e-01
   outer loop
     vertex  7.150000e+01  1.246781e+01  8.690924e+00
     vertex  7.600000e+01  1.247042e+01  8.703581e+00
     vertex  7.150000e+01  1.247572e+01  8.731193e+00
   endloop
 endfacet
 facet normal -2.689157e-05 -9.713194e-01  2.377784e-01
   outer loop
     vertex  7.150000e+01  1.245881e+01  8.650887e+00
     vertex  7.600000e+01  1.245195e+01  8.623379e+00
     vertex  7.600000e+01  1.246173e+01  8.663353e+00
   endloop
 endfacet
 facet normal  2.677986e-05 -9.756312e-01  2.194168e-01
   outer loop
     vertex  7.150000e+01  1.245881e+01  8.650887e+00
     vertex  7.600000e+01  1.246173e+01  8.663353e+00
     vertex  7.150000e+01  1.246781e+01  8.690924e+00
   endloop
 endfacet
 facet normal -2.675493e-05 -9.644306e-01  2.643362e-01
   outer loop
     vertex  7.150000e+01  1.244871e+01  8.611111e+00
     vertex  7.600000e+01  1.244107e+01  8.583688e+00
     vertex  7.600000e+01  1.245195e+01  8.623379e+00
   endloop
 endfacet
 facet normal  2.664425e-05 -9.692638e-01  2.460237e-01
   outer loop
     vertex  7.150000e+01  1.244871e+01  8.611111e+00
     vertex  7.600000e+01  1.245195e+01  8.623379e+00
     vertex  7.150000e+01  1.245881e+01  8.650887e+00
   endloop
 endfacet
 facet normal -2.644077e-05 -9.568158e-01  2.906949e-01
   outer loop
     vertex  7.150000e+01  1.243757e+01  8.571767e+00
     vertex  7.600000e+01  1.242911e+01  8.544310e+00
     vertex  7.600000e+01  1.244107e+01  8.583688e+00
   endloop
 endfacet
 facet normal  2.619754e-05 -9.621843e-01  2.723993e-01
   outer loop
     vertex  7.150000e+01  1.243757e+01  8.571767e+00
     vertex  7.600000e+01  1.244107e+01  8.583688e+00
     vertex  7.150000e+01  1.244871e+01  8.611111e+00
   endloop
 endfacet
 facet normal -2.611625e-05 -9.484807e-01  3.168348e-01
   outer loop
     vertex  7.150000e+01  1.242537e+01  8.532741e+00
     vertex  7.600000e+01  1.241607e+01  8.505275e+00
     vertex  7.600000e+01  1.242911e+01  8.544310e+00
   endloop
 endfacet
 facet normal  2.587820e-05 -9.544017e-01  2.985252e-01
   outer loop
     vertex  7.150000e+01  1.242537e+01  8.532741e+00
     vertex  7.600000e+01  1.242911e+01  8.544310e+00
     vertex  7.150000e+01  1.243757e+01  8.571767e+00
   endloop
 endfacet
 facet normal -2.578139e-05 -9.394317e-01  3.427362e-01
   outer loop
     vertex  7.150000e+01  1.241210e+01  8.494062e+00
     vertex  7.600000e+01  1.240196e+01  8.466613e+00
     vertex  7.600000e+01  1.241607e+01  8.505275e+00
   endloop
 endfacet
 facet normal  2.554851e-05 -9.459099e-01  3.244293e-01
   outer loop
     vertex  7.150000e+01  1.241210e+01  8.494062e+00
     vertex  7.600000e+01  1.241607e+01  8.505275e+00
     vertex  7.150000e+01  1.242537e+01  8.532741e+00
   endloop
 endfacet
 facet normal -2.543618e-05 -9.296754e-01  3.683796e-01
   outer loop
     vertex  7.150000e+01  1.239778e+01  8.455759e+00
     vertex  7.600000e+01  1.238680e+01  8.428352e+00
     vertex  7.600000e+01  1.240196e+01  8.466613e+00
   endloop
 endfacet
 facet normal  2.520847e-05 -9.367152e-01  3.500923e-01
   outer loop
     vertex  7.150000e+01  1.239778e+01  8.455759e+00
     vertex  7.600000e+01  1.240196e+01  8.466613e+00
     vertex  7.150000e+01  1.241210e+01  8.494062e+00
   endloop
 endfacet
 facet normal  2.485809e-05 -9.268244e-01  3.754951e-01
   outer loop
     vertex  7.150000e+01  1.238243e+01  8.417860e+00
     vertex  7.600000e+01  1.238680e+01  8.428352e+00
     vertex  7.150000e+01  1.239778e+01  8.455759e+00
   endloop
 endfacet
 facet normal -2.508061e-05 -9.192194e-01  3.937458e-01
   outer loop
     vertex  7.150000e+01  1.238243e+01  8.417860e+00
     vertex  7.600000e+01  1.237060e+01  8.390522e+00
     vertex  7.600000e+01  1.238680e+01  8.428352e+00
   endloop
 endfacet
 facet normal  2.449735e-05 -9.162448e-01  4.006189e-01
   outer loop
     vertex  7.150000e+01  1.236605e+01  8.380395e+00
     vertex  7.600000e+01  1.237060e+01  8.390522e+00
     vertex  7.150000e+01  1.238243e+01  8.417860e+00
   endloop
 endfacet
 facet normal -2.471470e-05 -9.080714e-01  4.188155e-01
   outer loop
     vertex  7.150000e+01  1.236605e+01  8.380395e+00
     vertex  7.600000e+01  1.235336e+01  8.353150e+00
     vertex  7.600000e+01  1.237060e+01  8.390522e+00
   endloop
 endfacet
 facet normal  2.412626e-05 -9.049843e-01  4.254449e-01
   outer loop
     vertex  7.150000e+01  1.234865e+01  8.343389e+00
     vertex  7.600000e+01  1.235336e+01  8.353150e+00
     vertex  7.150000e+01  1.236605e+01  8.380395e+00
   endloop
 endfacet
 facet normal -2.433844e-05 -8.962398e-01  4.435699e-01
   outer loop
     vertex  7.150000e+01  1.234865e+01  8.343389e+00
     vertex  7.600000e+01  1.233511e+01  8.316265e+00
     vertex  7.600000e+01  1.235336e+01  8.353150e+00
   endloop
 endfacet
 facet normal  2.374482e-05 -8.930513e-01  4.499548e-01
   outer loop
     vertex  7.150000e+01  1.233025e+01  8.306872e+00
     vertex  7.600000e+01  1.233511e+01  8.316265e+00
     vertex  7.150000e+01  1.234865e+01  8.343389e+00
   endloop
 endfacet
 facet normal -2.395182e-05 -8.837335e-01  4.679904e-01
   outer loop
     vertex  7.150000e+01  1.233025e+01  8.306872e+00
     vertex  7.600000e+01  1.231585e+01  8.279895e+00
     vertex  7.600000e+01  1.233511e+01  8.316265e+00
   endloop
 endfacet
 facet normal  2.335303e-05 -8.804547e-01  4.741303e-01
   outer loop
     vertex  7.150000e+01  1.231087e+01  8.270869e+00
     vertex  7.600000e+01  1.231585e+01  8.279895e+00
     vertex  7.150000e+01  1.233025e+01  8.306872e+00
   endloop
 endfacet
 facet normal -2.355486e-05 -8.705620e-01  4.920587e-01
   outer loop
     vertex  7.150000e+01  1.231087e+01  8.270869e+00
     vertex  7.600000e+01  1.229559e+01  8.244067e+00
     vertex  7.600000e+01  1.231585e+01  8.279895e+00
   endloop
 endfacet
 facet normal  2.295089e-05 -8.672037e-01  4.979535e-01
   outer loop
     vertex  7.150000e+01  1.229050e+01  8.235409e+00
     vertex  7.600000e+01  1.229559e+01  8.244067e+00
     vertex  7.150000e+01  1.231087e+01  8.270869e+00
   endloop
 endfacet
 facet normal -2.314754e-05 -8.567352e-01  5.157565e-01
   outer loop
     vertex  7.150000e+01  1.229050e+01  8.235409e+00
     vertex  7.600000e+01  1.227437e+01  8.208809e+00
     vertex  7.600000e+01  1.229559e+01  8.244067e+00
   endloop
 endfacet
 facet normal  2.253840e-05 -8.533084e-01  5.214066e-01
   outer loop
     vertex  7.150000e+01  1.226918e+01  8.200517e+00
     vertex  7.600000e+01  1.227437e+01  8.208809e+00
     vertex  7.150000e+01  1.229050e+01  8.235409e+00
   endloop
 endfacet
 facet normal -2.272987e-05 -8.422635e-01  5.390661e-01
   outer loop
     vertex  7.150000e+01  1.226918e+01  8.200517e+00
     vertex  7.600000e+01  1.225218e+01  8.174145e+00
     vertex  7.600000e+01  1.227437e+01  8.208809e+00
   endloop
 endfacet
 facet normal  2.211556e-05 -8.387788e-01  5.444723e-01
   outer loop
     vertex  7.150000e+01  1.224692e+01  8.166218e+00
     vertex  7.600000e+01  1.225218e+01  8.174145e+00
     vertex  7.150000e+01  1.226918e+01  8.200517e+00
   endloop
 endfacet
 facet normal -2.230186e-05 -8.271577e-01  5.619699e-01
   outer loop
     vertex  7.150000e+01  1.224692e+01  8.166218e+00
     vertex  7.600000e+01  1.222906e+01  8.140104e+00
     vertex  7.600000e+01  1.225218e+01  8.174145e+00
   endloop
 endfacet
 facet normal  2.168236e-05 -8.236260e-01  5.671333e-01
   outer loop
     vertex  7.150000e+01  1.222373e+01  8.132540e+00
     vertex  7.600000e+01  1.222906e+01  8.140104e+00
     vertex  7.150000e+01  1.224692e+01  8.166218e+00
   endloop
 endfacet
 facet normal -2.186349e-05 -8.114292e-01  5.844507e-01
   outer loop
     vertex  7.150000e+01  1.222373e+01  8.132540e+00
     vertex  7.600000e+01  1.220500e+01  8.106709e+00
     vertex  7.600000e+01  1.222906e+01  8.140104e+00
   endloop
 endfacet
 facet normal  2.123882e-05 -8.078611e-01  5.893729e-01
   outer loop
     vertex  7.150000e+01  1.219963e+01  8.099506e+00
     vertex  7.600000e+01  1.220500e+01  8.106709e+00
     vertex  7.150000e+01  1.222373e+01  8.132540e+00
   endloop
 endfacet
 facet normal -2.141477e-05 -7.950900e-01  6.064915e-01
   outer loop
     vertex  7.150000e+01  1.219963e+01  8.099506e+00
     vertex  7.600000e+01  1.218004e+01  8.073987e+00
     vertex  7.600000e+01  1.220500e+01  8.106709e+00
   endloop
 endfacet
 facet normal  2.078493e-05 -7.914959e-01  6.111745e-01
   outer loop
     vertex  7.150000e+01  1.217464e+01  8.067141e+00
     vertex  7.600000e+01  1.218004e+01  8.073987e+00
     vertex  7.150000e+01  1.219963e+01  8.099506e+00
   endloop
 endfacet
 facet normal -2.095570e-05 -7.781522e-01  6.280757e-01
   outer loop
     vertex  7.150000e+01  1.217464e+01  8.067141e+00
     vertex  7.600000e+01  1.215419e+01  8.041963e+00
     vertex  7.600000e+01  1.218004e+01  8.073987e+00
   endloop
 endfacet
 facet normal  2.032068e-05 -7.745425e-01  6.325219e-01
   outer loop
     vertex  7.150000e+01  1.214877e+01  8.035469e+00
     vertex  7.600000e+01  1.215419e+01  8.041963e+00
     vertex  7.150000e+01  1.217464e+01  8.067141e+00
   endloop
 endfacet
 facet normal -2.048629e-05 -7.606287e-01  6.491872e-01
   outer loop
     vertex  7.150000e+01  1.214877e+01  8.035469e+00
     vertex  7.600000e+01  1.212748e+01  8.010659e+00
     vertex  7.600000e+01  1.215419e+01  8.041963e+00
   endloop
 endfacet
 facet normal -2.000652e-05 -7.425325e-01  6.698100e-01
   outer loop
     vertex  7.150000e+01  1.212206e+01  8.004515e+00
     vertex  7.600000e+01  1.209991e+01  7.980100e+00
     vertex  7.600000e+01  1.212748e+01  8.010659e+00
   endloop
 endfacet
 facet normal  1.984609e-05 -7.570134e-01  6.533993e-01
   outer loop
     vertex  7.150000e+01  1.212206e+01  8.004515e+00
     vertex  7.600000e+01  1.212748e+01  8.010659e+00
     vertex  7.150000e+01  1.214877e+01  8.035469e+00
   endloop
 endfacet
 facet normal -1.951640e-05 -7.238775e-01  6.899286e-01
   outer loop
     vertex  7.150000e+01  1.209450e+01  7.974300e+00
     vertex  7.600000e+01  1.207152e+01  7.950309e+00
     vertex  7.600000e+01  1.209991e+01  7.980100e+00
   endloop
 endfacet
 facet normal  1.936115e-05 -7.389219e-01  6.737911e-01
   outer loop
     vertex  7.150000e+01  1.209450e+01  7.974300e+00
     vertex  7.600000e+01  1.209991e+01  7.980100e+00
     vertex  7.150000e+01  1.212206e+01  8.004515e+00
   endloop
 endfacet
 facet normal -1.901593e-05 -7.046775e-01  7.095278e-01
   outer loop
     vertex  7.150000e+01  1.206614e+01  7.944847e+00
     vertex  7.600000e+01  1.204232e+01  7.921308e+00
     vertex  7.600000e+01  1.207152e+01  7.950309e+00
   endloop
 endfacet
 facet normal  1.886585e-05 -7.202812e-01  6.936822e-01
   outer loop
     vertex  7.150000e+01  1.206614e+01  7.944847e+00
     vertex  7.600000e+01  1.207152e+01  7.950309e+00
     vertex  7.150000e+01  1.209450e+01  7.974300e+00
   endloop
 endfacet
 facet normal -1.850511e-05 -6.849470e-01  7.285929e-01
   outer loop
     vertex  7.150000e+01  1.203698e+01  7.916178e+00
     vertex  7.600000e+01  1.201233e+01  7.893119e+00
     vertex  7.600000e+01  1.204232e+01  7.921308e+00
   endloop
 endfacet
 facet normal  1.836021e-05 -7.011052e-01  7.130578e-01
   outer loop
     vertex  7.150000e+01  1.203698e+01  7.916178e+00
     vertex  7.600000e+01  1.204232e+01  7.921308e+00
     vertex  7.150000e+01  1.206614e+01  7.944847e+00
   endloop
 endfacet
 facet normal -1.798394e-05 -6.647010e-01  7.471095e-01
   outer loop
     vertex  7.150000e+01  1.200705e+01  7.888315e+00
     vertex  7.600000e+01  1.198158e+01  7.865763e+00
     vertex  7.600000e+01  1.201233e+01  7.893119e+00
   endloop
 endfacet
 facet normal  1.784421e-05 -6.814083e-01  7.319035e-01
   outer loop
     vertex  7.150000e+01  1.200705e+01  7.888315e+00
     vertex  7.600000e+01  1.201233e+01  7.893119e+00
     vertex  7.150000e+01  1.203698e+01  7.916178e+00
   endloop
 endfacet
 facet normal -1.745242e-05 -6.439545e-01  7.650637e-01
   outer loop
     vertex  7.150000e+01  1.197638e+01  7.861278e+00
     vertex  7.600000e+01  1.195010e+01  7.839261e+00
     vertex  7.600000e+01  1.198158e+01  7.865763e+00
   endloop
 endfacet
 facet normal  1.731787e-05 -6.612049e-01  7.502053e-01
   outer loop
     vertex  7.150000e+01  1.197638e+01  7.861278e+00
     vertex  7.600000e+01  1.198158e+01  7.865763e+00
     vertex  7.150000e+01  1.200705e+01  7.888315e+00
   endloop
 endfacet
 facet normal -1.691055e-05 -6.227234e-01  7.824421e-01
   outer loop
     vertex  7.150000e+01  1.194498e+01  7.835087e+00
     vertex  7.600000e+01  1.191790e+01  7.813633e+00
     vertex  7.600000e+01  1.195010e+01  7.839261e+00
   endloop
 endfacet
 facet normal  1.678117e-05 -6.405102e-01  7.679496e-01
   outer loop
     vertex  7.150000e+01  1.194498e+01  7.835087e+00
     vertex  7.600000e+01  1.195010e+01  7.839261e+00
     vertex  7.150000e+01  1.197638e+01  7.861278e+00
   endloop
 endfacet
 facet normal -1.635833e-05 -6.010234e-01  7.992314e-01
   outer loop
     vertex  7.150000e+01  1.191287e+01  7.809762e+00
     vertex  7.600000e+01  1.188500e+01  7.788898e+00
     vertex  7.600000e+01  1.191790e+01  7.813633e+00
   endloop
 endfacet
 facet normal  1.623413e-05 -6.193396e-01  7.851233e-01
   outer loop
     vertex  7.150000e+01  1.191287e+01  7.809762e+00
     vertex  7.600000e+01  1.191790e+01  7.813633e+00
     vertex  7.150000e+01  1.194498e+01  7.835087e+00
   endloop
 endfacet
 facet normal -1.579576e-05 -5.788711e-01  8.154191e-01
   outer loop
     vertex  7.150000e+01  1.188009e+01  7.785321e+00
     vertex  7.600000e+01  1.185145e+01  7.765075e+00
     vertex  7.600000e+01  1.188500e+01  7.788898e+00
   endloop
 endfacet
 facet normal  1.567673e-05 -5.977086e-01  8.017134e-01
   outer loop
     vertex  7.150000e+01  1.188009e+01  7.785321e+00
     vertex  7.600000e+01  1.188500e+01  7.788898e+00
     vertex  7.150000e+01  1.191287e+01  7.809762e+00
   endloop
 endfacet
 facet normal -1.522284e-05 -5.562829e-01  8.309929e-01
   outer loop
     vertex  7.150000e+01  1.184665e+01  7.761783e+00
     vertex  7.600000e+01  1.181725e+01  7.742181e+00
     vertex  7.600000e+01  1.185145e+01  7.765075e+00
   endloop
 endfacet
 facet normal  1.510899e-05 -5.756335e-01  8.177078e-01
   outer loop
     vertex  7.150000e+01  1.184665e+01  7.761783e+00
     vertex  7.600000e+01  1.185145e+01  7.765075e+00
     vertex  7.150000e+01  1.188009e+01  7.785321e+00
   endloop
 endfacet
 facet normal -1.463956e-05 -5.332761e-01  8.459413e-01
   outer loop
     vertex  7.150000e+01  1.181259e+01  7.739165e+00
     vertex  7.600000e+01  1.178243e+01  7.720234e+00
     vertex  7.600000e+01  1.181725e+01  7.742181e+00
   endloop
 endfacet
 facet normal  1.453089e-05 -5.531306e-01  8.330945e-01
   outer loop
     vertex  7.150000e+01  1.181259e+01  7.739165e+00
     vertex  7.600000e+01  1.181725e+01  7.742181e+00
     vertex  7.150000e+01  1.184665e+01  7.761783e+00
   endloop
 endfacet
 facet normal -1.404594e-05 -5.098678e-01  8.602528e-01
   outer loop
     vertex  7.150000e+01  1.177792e+01  7.717484e+00
     vertex  7.600000e+01  1.174703e+01  7.699250e+00
     vertex  7.600000e+01  1.178243e+01  7.720234e+00
   endloop
 endfacet
 facet normal  1.394244e-05 -5.302167e-01  8.478622e-01
   outer loop
     vertex  7.150000e+01  1.177792e+01  7.717484e+00
     vertex  7.600000e+01  1.178243e+01  7.720234e+00
     vertex  7.150000e+01  1.181259e+01  7.739165e+00
   endloop
 endfacet
 facet normal -1.344197e-05 -4.860756e-01  8.739167e-01
   outer loop
     vertex  7.150000e+01  1.174267e+01  7.696757e+00
     vertex  7.600000e+01  1.171106e+01  7.679246e+00
     vertex  7.600000e+01  1.174703e+01  7.699250e+00
   endloop
 endfacet
 facet normal  1.334365e-05 -5.069087e-01  8.619997e-01
   outer loop
     vertex  7.150000e+01  1.174267e+01  7.696757e+00
     vertex  7.600000e+01  1.174703e+01  7.699250e+00
     vertex  7.150000e+01  1.177792e+01  7.717484e+00
   endloop
 endfacet
 facet normal  1.273450e-05 -4.832241e-01  8.754967e-01
   outer loop
     vertex  7.150000e+01  1.170687e+01  7.676997e+00
     vertex  7.600000e+01  1.171106e+01  7.679246e+00
     vertex  7.150000e+01  1.174267e+01  7.696757e+00
   endloop
 endfacet
 facet normal -1.282765e-05 -4.619176e-01  8.869228e-01
   outer loop
     vertex  7.150000e+01  1.170687e+01  7.676997e+00
     vertex  7.600000e+01  1.167456e+01  7.660236e+00
     vertex  7.600000e+01  1.171106e+01  7.679246e+00
   endloop
 endfacet
 facet normal  1.211500e-05 -4.591803e-01  8.883431e-01
   outer loop
     vertex  7.150000e+01  1.167054e+01  7.658221e+00
     vertex  7.600000e+01  1.167456e+01  7.660236e+00
     vertex  7.150000e+01  1.170687e+01  7.676997e+00
   endloop
 endfacet
 facet normal -1.220298e-05 -4.374119e-01  8.992613e-01
   outer loop
     vertex  7.150000e+01  1.167054e+01  7.658221e+00
     vertex  7.600000e+01  1.163755e+01  7.642234e+00
     vertex  7.600000e+01  1.167456e+01  7.660236e+00
   endloop
 endfacet
 facet normal  1.148515e-05 -4.347954e-01  9.005293e-01
   outer loop
     vertex  7.150000e+01  1.163372e+01  7.640442e+00
     vertex  7.600000e+01  1.163755e+01  7.642234e+00
     vertex  7.150000e+01  1.167054e+01  7.658221e+00
   endloop
 endfacet
 facet normal -1.156795e-05 -4.125769e-01  9.109228e-01
   outer loop
     vertex  7.150000e+01  1.163372e+01  7.640442e+00
     vertex  7.600000e+01  1.160006e+01  7.625255e+00
     vertex  7.600000e+01  1.163755e+01  7.642234e+00
   endloop
 endfacet
 facet normal  1.084496e-05 -4.100873e-01  9.120463e-01
   outer loop
     vertex  7.150000e+01  1.159643e+01  7.623673e+00
     vertex  7.600000e+01  1.160006e+01  7.625255e+00
     vertex  7.150000e+01  1.163372e+01  7.640442e+00
   endloop
 endfacet
 facet normal -1.092258e-05 -3.874313e-01  9.218986e-01
   outer loop
     vertex  7.150000e+01  1.159643e+01  7.623673e+00
     vertex  7.600000e+01  1.156212e+01  7.609310e+00
     vertex  7.600000e+01  1.160006e+01  7.625255e+00
   endloop
 endfacet
 facet normal  1.019441e-05 -3.850744e-01  9.228855e-01
   outer loop
     vertex  7.150000e+01  1.155869e+01  7.607927e+00
     vertex  7.600000e+01  1.156212e+01  7.609310e+00
     vertex  7.150000e+01  1.159643e+01  7.623673e+00
   endloop
 endfacet
 facet normal -1.026686e-05 -3.619940e-01  9.321804e-01
   outer loop
     vertex  7.150000e+01  1.155869e+01  7.607927e+00
     vertex  7.600000e+01  1.152376e+01  7.594412e+00
     vertex  7.600000e+01  1.156212e+01  7.609310e+00
   endloop
 endfacet
 facet normal  9.533512e-06 -3.597754e-01  9.330389e-01
   outer loop
     vertex  7.150000e+01  1.152054e+01  7.593216e+00
     vertex  7.600000e+01  1.152376e+01  7.594412e+00
     vertex  7.150000e+01  1.155869e+01  7.607927e+00
   endloop
 endfacet
 facet normal -9.600786e-06 -3.362843e-01  9.417605e-01
   outer loop
     vertex  7.150000e+01  1.152054e+01  7.593216e+00
     vertex  7.600000e+01  1.148500e+01  7.580572e+00
     vertex  7.600000e+01  1.152376e+01  7.594412e+00
   endloop
 endfacet
 facet normal  8.862265e-06 -3.342091e-01  9.424990e-01
   outer loop
     vertex  7.150000e+01  1.148200e+01  7.579550e+00
     vertex  7.600000e+01  1.148500e+01  7.580572e+00
     vertex  7.150000e+01  1.152054e+01  7.593216e+00
   endloop
 endfacet
 facet normal -8.924364e-06 -3.103214e-01  9.506317e-01
   outer loop
     vertex  7.150000e+01  1.148200e+01  7.579550e+00
     vertex  7.600000e+01  1.144588e+01  7.567801e+00
     vertex  7.600000e+01  1.148500e+01  7.580572e+00
   endloop
 endfacet
 facet normal  8.180667e-06 -3.083944e-01  9.512586e-01
   outer loop
     vertex  7.150000e+01  1.144310e+01  7.566939e+00
     vertex  7.600000e+01  1.144588e+01  7.567801e+00
     vertex  7.150000e+01  1.148200e+01  7.579550e+00
   endloop
 endfacet
 facet normal -8.237591e-06 -2.841250e-01  9.587873e-01
   outer loop
     vertex  7.150000e+01  1.144310e+01  7.566939e+00
     vertex  7.600000e+01  1.140642e+01  7.556108e+00
     vertex  7.600000e+01  1.144588e+01  7.567801e+00
   endloop
 endfacet
 facet normal  7.488720e-06 -2.823505e-01  9.593113e-01
   outer loop
     vertex  7.150000e+01  1.140387e+01  7.555394e+00
     vertex  7.600000e+01  1.140642e+01  7.556108e+00
     vertex  7.150000e+01  1.144310e+01  7.566939e+00
   endloop
 endfacet
 facet normal -7.540469e-06 -2.577146e-01  9.662211e-01
   outer loop
     vertex  7.150000e+01  1.140387e+01  7.555394e+00
     vertex  7.600000e+01  1.136665e+01  7.545502e+00
     vertex  7.600000e+01  1.140642e+01  7.556108e+00
   endloop
 endfacet
 facet normal  6.786422e-06 -2.560967e-01  9.666512e-01
   outer loop
     vertex  7.150000e+01  1.136435e+01  7.544922e+00
     vertex  7.600000e+01  1.136665e+01  7.545502e+00
     vertex  7.150000e+01  1.140387e+01  7.555394e+00
   endloop
 endfacet
 facet normal -6.832997e-06 -2.311102e-01  9.729276e-01
   outer loop
     vertex  7.150000e+01  1.136435e+01  7.544922e+00
     vertex  7.600000e+01  1.132661e+01  7.535990e+00
     vertex  7.600000e+01  1.136665e+01  7.545502e+00
   endloop
 endfacet
 facet normal  6.073775e-06 -2.296527e-01  9.732726e-01
   outer loop
     vertex  7.150000e+01  1.132455e+01  7.535531e+00
     vertex  7.600000e+01  1.132661e+01  7.535990e+00
     vertex  7.150000e+01  1.136435e+01  7.544922e+00
   endloop
 endfacet
 facet normal -6.115174e-06 -2.043319e-01  9.789017e-01
   outer loop
     vertex  7.150000e+01  1.132455e+01  7.535531e+00
     vertex  7.600000e+01  1.128633e+01  7.527581e+00
     vertex  7.600000e+01  1.132661e+01  7.535990e+00
   endloop
 endfacet
 facet normal  5.350777e-06 -2.030380e-01  9.791709e-01
   outer loop
     vertex  7.150000e+01  1.128451e+01  7.527229e+00
     vertex  7.600000e+01  1.128633e+01  7.527581e+00
     vertex  7.150000e+01  1.132455e+01  7.535531e+00
   endloop
 endfacet
 facet normal -5.387002e-06 -1.773998e-01  9.841389e-01
   outer loop
     vertex  7.150000e+01  1.128451e+01  7.527229e+00
     vertex  7.600000e+01  1.124582e+01  7.520280e+00
     vertex  7.600000e+01  1.128633e+01  7.527581e+00
   endloop
 endfacet
 facet normal  4.617430e-06 -1.762724e-01  9.843414e-01
   outer loop
     vertex  7.150000e+01  1.124426e+01  7.520021e+00
     vertex  7.600000e+01  1.124582e+01  7.520280e+00
     vertex  7.150000e+01  1.128451e+01  7.527229e+00
   endloop
 endfacet
 facet normal -4.648480e-06 -1.503341e-01  9.886353e-01
   outer loop
     vertex  7.150000e+01  1.124426e+01  7.520021e+00
     vertex  7.600000e+01  1.120514e+01  7.514093e+00
     vertex  7.600000e+01  1.124582e+01  7.520280e+00
   endloop
 endfacet
 facet normal  3.873733e-06 -1.493758e-01  9.887805e-01
   outer loop
     vertex  7.150000e+01  1.120383e+01  7.513913e+00
     vertex  7.600000e+01  1.120514e+01  7.514093e+00
     vertex  7.150000e+01  1.124426e+01  7.520021e+00
   endloop
 endfacet
 facet normal -3.899608e-06 -1.231552e-01  9.923874e-01
   outer loop
     vertex  7.150000e+01  1.120383e+01  7.513913e+00
     vertex  7.600000e+01  1.116429e+01  7.509025e+00
     vertex  7.600000e+01  1.120514e+01  7.514093e+00
   endloop
 endfacet
 facet normal  3.119686e-06 -1.223683e-01  9.924848e-01
   outer loop
     vertex  7.150000e+01  1.116324e+01  7.508909e+00
     vertex  7.600000e+01  1.116429e+01  7.509025e+00
     vertex  7.150000e+01  1.120383e+01  7.513913e+00
   endloop
 endfacet
 facet normal -3.140386e-06 -9.588368e-02  9.953925e-01
   outer loop
     vertex  7.150000e+01  1.116324e+01  7.508909e+00
     vertex  7.600000e+01  1.112333e+01  7.505079e+00
     vertex  7.600000e+01  1.116429e+01  7.509025e+00
   endloop
 endfacet
 facet normal  2.355289e-06 -9.526975e-02  9.954515e-01
   outer loop
     vertex  7.150000e+01  1.112254e+01  7.505014e+00
     vertex  7.600000e+01  1.112333e+01  7.505079e+00
     vertex  7.150000e+01  1.116324e+01  7.508909e+00
   endloop
 endfacet
 facet normal -2.370814e-06 -6.853995e-02  9.976484e-01
   outer loop
     vertex  7.150000e+01  1.112254e+01  7.505014e+00
     vertex  7.600000e+01  1.108227e+01  7.502258e+00
     vertex  7.600000e+01  1.112333e+01  7.505079e+00
   endloop
 endfacet
 facet normal  1.580543e-06 -6.810044e-02  9.976785e-01
   outer loop
     vertex  7.150000e+01  1.108174e+01  7.502229e+00
     vertex  7.600000e+01  1.108227e+01  7.502258e+00
     vertex  7.150000e+01  1.112254e+01  7.505014e+00
   endloop
 endfacet
 facet normal -1.590892e-06 -4.114462e-02  9.991532e-01
   outer loop
     vertex  7.150000e+01  1.108174e+01  7.502229e+00
     vertex  7.600000e+01  1.104115e+01  7.500565e+00
     vertex  7.600000e+01  1.108227e+01  7.502258e+00
   endloop
 endfacet
 facet normal  7.954462e-07 -4.088052e-02  9.991640e-01
   outer loop
     vertex  7.150000e+01  1.104089e+01  7.500557e+00
     vertex  7.600000e+01  1.104115e+01  7.500565e+00
     vertex  7.150000e+01  1.108174e+01  7.502229e+00
   endloop
 endfacet
 facet normal -8.006211e-07 -1.371831e-02  9.999059e-01
   outer loop
     vertex  7.150000e+01  1.104089e+01  7.500557e+00
     vertex  7.600000e+01  1.100000e+01  7.500000e+00
     vertex  7.600000e+01  1.104115e+01  7.500565e+00
   endloop
 endfacet
 facet normal  0.000000e+00 -1.363022e-02  9.999071e-01
   outer loop
     vertex  7.150000e+01  1.100000e+01  7.500000e+00
     vertex  7.600000e+01  1.100000e+01  7.500000e+00
     vertex  7.150000e+01  1.104089e+01  7.500557e+00
   endloop
 endfacet
 facet normal  0.000000e+00  1.000000e+00  1.314607e-14
   outer loop
     vertex  7.150000e+01  5.000000e+00  1.063454e+01
     vertex  7.150000e+01  5.000000e+00  3.000000e+00
     vertex  7.000000e+01  5.000000e+00  3.000000e+00
   endloop
 endfacet
 facet normal  6.690944e-14  1.000000e+00  0.000000e+00
   outer loop
     vertex  7.150000e+01  5.000000e+00  1.063454e+01
     vertex  7.000000e+01  5.000000e+00  3.000000e+00
     vertex  7.000000e+01  5.000000e+00  1.063454e+01
   endloop
 endfacet
 facet normal  1.000000e+00 -0.000000e+00  0.000000e+00
   outer loop
     vertex  7.000000e+01  1.679638e+01  1.047325e+01
     vertex  7.000000e+01  1.700000e+01  3.000000e+00
     vertex  7.000000e+01  1.700000e+01  1.063454e+01
   endloop
 endfacet
 facet normal  1.000000e+00 -0.000000e+00  0.000000e+00
   outer loop
     vertex  7.000000e+01  1.658844e+01  1.031759e+01
     vertex  7.000000e+01  1.700000e+01  3.000000e+00
     vertex  7.000000e+01  1.679638e+01  1.047325e+01
   endloop
 endfacet
 facet normal  1.000000e+00 -0.000000e+00  0.000000e+00
   outer loop
     vertex  7.000000e+01  1.637631e+01  1.016768e+01
     vertex  7.000000e+01  1.700000e+01  3.000000e+00
     vertex  7.000000e+01  1.658844e+01  1.031759e+01
   endloop
 endfacet
 facet normal  1.000000e+00 -0.000000e+00  0.000000e+00
   outer loop
     vertex  7.000000e+01  1.616016e+01  1.002361e+01
     vertex  7.000000e+01  1.700000e+01  3.000000e+00
     vertex  7.000000e+01  1.637631e+01  1.016768e+01
   endloop
 endfacet
 facet normal  1.000000e+00 -0.000000e+00  0.000000e+00
   outer loop
     vertex  7.000000e+01  1.594016e+01  9.885517e+00
     vertex  7.000000e+01  1.700000e+01  3.000000e+00
     vertex  7.000000e+01  1.616016e+01  1.002361e+01
   endloop
 endfacet
 facet normal  1.000000e+00 -0.000000e+00  0.000000e+00
   outer loop
     vertex  7.000000e+01  1.571646e+01  9.753486e+00
     vertex  7.000000e+01  1.700000e+01  3.000000e+00
     vertex  7.000000e+01  1.594016e+01  9.885517e+00
   endloop
 endfacet
 facet normal  1.000000e+00 -0.000000e+00  0.000000e+00
   outer loop
     vertex  7.000000e+01  1.548924e+01  9.627620e+00
     vertex  7.000000e+01  1.700000e+01  3.000000e+00
     vertex  7.000000e+01  1.571646e+01  9.753486e+00
   endloop
 endfacet
 facet normal  1.000000e+00 -0.000000e+00  0.000000e+00
   outer loop
     vertex  7.000000e+01  1.525866e+01  9.508013e+00
     vertex  7.000000e+01  1.700000e+01  3.000000e+00
     vertex  7.000000e+01  1.548924e+01  9.627620e+00
   endloop
 endfacet
 facet normal  1.000000e+00 -0.000000e+00  0.000000e+00
   outer loop
     vertex  7.000000e+01  1.502489e+01  9.394755e+00
     vertex  7.000000e+01  1.700000e+01  3.000000e+00
     vertex  7.000000e+01  1.525866e+01  9.508013e+00
   endloop
 endfacet
 facet normal  1.000000e+00 -0.000000e+00  0.000000e+00
   outer loop
     vertex  7.000000e+01  1.478812e+01  9.287931e+00
     vertex  7.000000e+01  1.700000e+01  3.000000e+00
     vertex  7.000000e+01  1.502489e+01  9.394755e+00
   endloop
 endfacet
 facet normal  1.000000e+00 -0.000000e+00  0.000000e+00
   outer loop
     vertex  7.000000e+01  1.454852e+01  9.187620e+00
     vertex  7.000000e+01  1.700000e+01  3.000000e+00
     vertex  7.000000e+01  1.478812e+01  9.287931e+00
   endloop
 endfacet
 facet normal  1.000000e+00 -0.000000e+00  0.000000e+00
   outer loop
     vertex  7.000000e+01  1.430626e+01  9.093897e+00
     vertex  7.000000e+01  1.700000e+01  3.000000e+00
     vertex  7.000000e+01  1.454852e+01  9.187620e+00
   endloop
 endfacet
 facet normal  1.000000e+00 -0.000000e+00  0.000000e+00
   outer loop
     vertex  7.000000e+01  1.406153e+01  9.006833e+00
     vertex  7.000000e+01  1.700000e+01  3.000000e+00
     vertex  7.000000e+01  1.430626e+01  9.093897e+00
   endloop
 endfacet
 facet normal  1.000000e+00 -0.000000e+00  0.000000e+00
   outer loop
     vertex  7.000000e+01  1.381451e+01  8.926492e+00
     vertex  7.000000e+01  1.700000e+01  3.000000e+00
     vertex  7.000000e+01  1.406153e+01  9.006833e+00
   endloop
 endfacet
 facet normal  1.000000e+00 -0.000000e+00  0.000000e+00
   outer loop
     vertex  7.000000e+01  1.356539e+01  8.852935e+00
     vertex  7.000000e+01  1.700000e+01  3.000000e+00
     vertex  7.000000e+01  1.381451e+01  8.926492e+00
   endloop
 endfacet
 facet normal  1.000000e+00 -0.000000e+00  0.000000e+00
   outer loop
     vertex  7.000000e+01  1.331435e+01  8.786216e+00
     vertex  7.000000e+01  1.700000e+01  3.000000e+00
     vertex  7.000000e+01  1.356539e+01  8.852935e+00
   endloop
 endfacet
 facet normal  1.000000e+00 -0.000000e+00  0.000000e+00
   outer loop
     vertex  7.000000e+01  1.306157e+01  8.726386e+00
     vertex  7.000000e+01  1.700000e+01  3.000000e+00
     vertex  7.000000e+01  1.331435e+01  8.786216e+00
   endloop
 endfacet
 facet normal  1.000000e+00 -0.000000e+00  0.000000e+00
   outer loop
     vertex  7.000000e+01  1.280726e+01  8.673489e+00
     vertex  7.000000e+01  1.700000e+01  3.000000e+00
     vertex  7.000000e+01  1.306157e+01  8.726386e+00
   endloop
 endfacet
 facet normal  1.000000e+00 -0.000000e+00  0.000000e+00
   outer loop
     vertex  7.000000e+01  1.255160e+01  8.627565e+00
     vertex  7.000000e+01  1.700000e+01  3.000000e+00
     vertex  7.000000e+01  1.280726e+01  8.673489e+00
   endloop
 endfacet
 facet normal  1.000000e+00 -0.000000e+00  0.000000e+00
   outer loop
     vertex  7.000000e+01  1.229477e+01  8.588647e+00
     vertex  7.000000e+01  1.700000e+01  3.000000e+00
     vertex  7.000000e+01  1.255160e+01  8.627565e+00
   endloop
 endfacet
 facet normal  1.000000e+00 -0.000000e+00  0.000000e+00
   outer loop
     vertex  7.000000e+01  1.203698e+01  8.556766e+00
     vertex  7.000000e+01  1.700000e+01  3.000000e+00
     vertex  7.000000e+01  1.229477e+01  8.588647e+00
   endloop
 endfacet
 facet normal  1.000000e+00 -0.000000e+00  0.000000e+00
   outer loop
     vertex  7.000000e+01  1.177842e+01  8.531945e+00
     vertex  7.000000e+01  1.700000e+01  3.000000e+00
     vertex  7.000000e+01  1.203698e+01  8.556766e+00
   endloop
 endfacet
 facet normal  1.000000e+00 -0.000000e+00  0.000000e+00
   outer loop
     vertex  7.000000e+01  1.151927e+01  8.514202e+00
     vertex  7.000000e+01  1.700000e+01  3.000000e+00
     vertex  7.000000e+01  1.177842e+01  8.531945e+00
   endloop
 endfacet
 facet normal  1.000000e+00 -0.000000e+00  0.000000e+00
   outer loop
     vertex  7.000000e+01  1.125973e+01  8.503551e+00
     vertex  7.000000e+01  1.700000e+01  3.000000e+00
     vertex  7.000000e+01  1.151927e+01  8.514202e+00
   endloop
 endfacet
 facet normal  1.000000e+00 -0.000000e+00  0.000000e+00
   outer loop
     vertex  7.000000e+01  1.100000e+01  8.500000e+00
     vertex  7.000000e+01  1.700000e+01  3.000000e+00
     vertex  7.000000e+01  1.125973e+01  8.503551e+00
   endloop
 endfacet
 facet normal  1.000000e+00  0.000000e+00  0.000000e+00
   outer loop
     vertex  7.000000e+01  5.000000e+00  3.000000e+00
     vertex  7.000000e+01  1.700000e+01  3.000000e+00
     vertex  7.000000e+01  1.100000e+01  8.500000e+00
   endloop
 endfacet
 facet normal  1.000000e+00  0.000000e+00  0.000000e+00
   outer loop
     vertex  7.000000e+01  5.000000e+00  3.000000e+00
     vertex  7.000000e+01  1.100000e+01  8.500000e+00
     vertex  7.000000e+01  1.074027e+01  8.503551e+00
   endloop
 endfacet
 facet normal  1.000000e+00  0.000000e+00  0.000000e+00
   outer loop
     vertex  7.000000e+01  1.048073e+01  8.514202e+00
     vertex  7.000000e+01  5.000000e+00  3.000000e+00
     vertex  7.000000e+01  1.074027e+01  8.503551e+00
   endloop
 endfacet
 facet normal  1.000000e+00  0.000000e+00  0.000000e+00
   outer loop
     vertex  7.000000e+01  1.022158e+01  8.531945e+00
     vertex  7.000000e+01  5.000000e+00  3.000000e+00
     vertex  7.000000e+01  1.048073e+01  8.514202e+00
   endloop
 endfacet
 facet normal  1.000000e+00  0.000000e+00  0.000000e+00
   outer loop
     vertex  7.000000e+01  9.963017e+00  8.556766e+00
     vertex  7.000000e+01  5.000000e+00  3.000000e+00
     vertex  7.000000e+01  1.022158e+01  8.531945e+00
   endloop
 endfacet
 facet normal  1.000000e+00  0.000000e+00  0.000000e+00
   outer loop
     vertex  7.000000e+01  9.705225e+00  8.588647e+00
     vertex  7.000000e+01  5.000000e+00  3.000000e+00
     vertex  7.000000e+01  9.963017e+00  8.556766e+00
   endloop
 endfacet
 facet normal  1.000000e+00  0.000000e+00  0.000000e+00
   outer loop
     vertex  7.000000e+01  9.448402e+00  8.627565e+00
     vertex  7.000000e+01  5.000000e+00  3.000000e+00
     vertex  7.000000e+01  9.705225e+00  8.588647e+00
   endloop
 endfacet
 facet normal  1.000000e+00  0.000000e+00  0.000000e+00
   outer loop
     vertex  7.000000e+01  9.192738e+00  8.673489e+00
     vertex  7.000000e+01  5.000000e+00  3.000000e+00
     vertex  7.000000e+01  9.448402e+00  8.627565e+00
   endloop
 endfacet
 facet normal  1.000000e+00  0.000000e+00  0.000000e+00
   outer loop
     vertex  7.000000e+01  8.938426e+00  8.726386e+00
     vertex  7.000000e+01  5.000000e+00  3.000000e+00
     vertex  7.000000e+01  9.192738e+00  8.673489e+00
   endloop
 endfacet
 facet normal  1.000000e+00  0.000000e+00  0.000000e+00
   outer loop
     vertex  7.000000e+01  8.685655e+00  8.786216e+00
     vertex  7.000000e+01  5.000000e+00  3.000000e+00
     vertex  7.000000e+01  8.938426e+00  8.726386e+00
   endloop
 endfacet
 facet normal  1.000000e+00  0.000000e+00  0.000000e+00
   outer loop
     vertex  7.000000e+01  8.434614e+00  8.852935e+00
     vertex  7.000000e+01  5.000000e+00  3.000000e+00
     vertex  7.000000e+01  8.685655e+00  8.786216e+00
   endloop
 endfacet
 facet normal  1.000000e+00  0.000000e+00  0.000000e+00
   outer loop
     vertex  7.000000e+01  8.185491e+00  8.926492e+00
     vertex  7.000000e+01  5.000000e+00  3.000000e+00
     vertex  7.000000e+01  8.434614e+00  8.852935e+00
   endloop
 endfacet
 facet normal  1.000000e+00  0.000000e+00  0.000000e+00
   outer loop
     vertex  7.000000e+01  7.938473e+00  9.006833e+00
     vertex  7.000000e+01  5.000000e+00  3.000000e+00
     vertex  7.000000e+01  8.185491e+00  8.926492e+00
   endloop
 endfacet
 facet normal  1.000000e+00  0.000000e+00  0.000000e+00
   outer loop
     vertex  7.000000e+01  7.693743e+00  9.093897e+00
     vertex  7.000000e+01  5.000000e+00  3.000000e+00
     vertex  7.000000e+01  7.938473e+00  9.006833e+00
   endloop
 endfacet
 facet normal  1.000000e+00  0.000000e+00  0.000000e+00
   outer loop
     vertex  7.000000e+01  7.451485e+00  9.187620e+00
     vertex  7.000000e+01  5.000000e+00  3.000000e+00
     vertex  7.000000e+01  7.693743e+00  9.093897e+00
   endloop
 endfacet
 facet normal  1.000000e+00  0.000000e+00  0.000000e+00
   outer loop
     vertex  7.000000e+01  7.211880e+00  9.287931e+00
     vertex  7.000000e+01  5.000000e+00  3.000000e+00
     vertex  7.000000e+01  7.451485e+00  9.187620e+00
   endloop
 endfacet
 facet normal  1.000000e+00  0.000000e+00  0.000000e+00
   outer loop
     vertex  7.000000e+01  6.975107e+00  9.394755e+00
     vertex  7.000000e+01  5.000000e+00  3.000000e+00
     vertex  7.000000e+01  7.211880e+00  9.287931e+00
   endloop
 endfacet
 facet normal  1.000000e+00  0.000000e+00  0.000000e+00
   outer loop
     vertex  7.000000e+01  6.741343e+00  9.508013e+00
     vertex  7.000000e+01  5.000000e+00  3.000000e+00
     vertex  7.000000e+01  6.975107e+00  9.394755e+00
   endloop
 endfacet
 facet normal  1.000000e+00  0.000000e+00  0.000000e+00
   outer loop
     vertex  7.000000e+01  6.510763e+00  9.627620e+00
     vertex  7.000000e+01  5.000000e+00  3.000000e+00
     vertex  7.000000e+01  6.741343e+00  9.508013e+00
   endloop
 endfacet
 facet normal  1.000000e+00  0.000000e+00  0.000000e+00
   outer loop
     vertex  7.000000e+01  6.283539e+00  9.753486e+00
     vertex  7.000000e+01  5.000000e+00  3.000000e+00
     vertex  7.000000e+01  6.510763e+00  9.627620e+00
   endloop
 endfacet
 facet normal  1.000000e+00  0.000000e+00  0.000000e+00
   outer loop
     vertex  7.000000e+01  6.059842e+00  9.885517e+00
     vertex  7.000000e+01  5.000000e+00  3.000000e+00
     vertex  7.000000e+01  6.283539e+00  9.753486e+00
   endloop
 endfacet
 facet normal  1.000000e+00  0.000000e+00  0.000000e+00
   outer loop
     vertex  7.000000e+01  5.839838e+00  1.002361e+01
     vertex  7.000000e+01  5.000000e+00  3.000000e+00
     vertex  7.000000e+01  6.059842e+00  9.885517e+00
   endloop
 endfacet
 facet normal  1.000000e+00  0.000000e+00  0.000000e+00
   outer loop
     vertex  7.000000e+01  5.623691e+00  1.016768e+01
     vertex  7.000000e+01  5.000000e+00  3.000000e+00
     vertex  7.000000e+01  5.839838e+00  1.002361e+01
   endloop
 endfacet
 facet normal  1.000000e+00  0.000000e+00  0.000000e+00
   outer loop
     vertex  7.000000e+01  5.411564e+00  1.031759e+01
     vertex  7.000000e+01  5.000000e+00  3.000000e+00
     vertex  7.000000e+01  5.623691e+00  1.016768e+01
   endloop
 endfacet
 facet normal  1.000000e+00  0.000000e+00  0.000000e+00
   outer loop
     vertex  7.000000e+01  5.203615e+00  1.047325e+01
     vertex  7.000000e+01  5.000000e+00  3.000000e+00
     vertex  7.000000e+01  5.411564e+00  1.031759e+01
   endloop
 endfacet
 facet normal  1.000000e+00  0.000000e+00  0.000000e+00
   outer loop
     vertex  7.000000e+01  5.000000e+00  1.063454e+01
     vertex  7.000000e+01  5.000000e+00  3.000000e+00
     vertex  7.000000e+01  5.203615e+00  1.047325e+01
   endloop
 endfacet
 facet normal  0.000000e+00 -1.000000e+00  1.302973e-14
   outer loop
     vertex  7.150000e+01  1.700000e+01  1.063454e+01
     vertex  7.000000e+01  1.700000e+01  3.000000e+00
     vertex  7.150000e+01  1.700000e+01  3.000000e+00
   endloop
 endfacet
 facet normal  6.631732e-14 -1.000000e+00  0.000000e+00
   outer loop
     vertex  7.150000e+01  1.700000e+01  1.063454e+01
     vertex  7.000000e+01  1.700000e+01  1.063454e+01
     vertex  7.000000e+01  1.700000e+01  3.000000e+00
   endloop
 endfacet
 facet normal  0.000000e+00 -1.000000e+00 -0.000000e+00
   outer loop
     vertex  6.000000e+00  1.700000e+01  1.063454e+01
     vertex  4.500000e+00  1.700000e+01  3.000000e+00
     vertex  6.000000e+00  1.700000e+01  3.000000e+00
   endloop
 endfacet
 facet normal -6.631732e-14 -1.000000e+00  1.302973e-14
   outer loop
     vertex  6.000000e+00  1.700000e+01  1.063454e+01
     vertex  4.500000e+00  1.700000e+01  1.063454e+01
     vertex  4.500000e+00  1.700000e+01  3.000000e+00
   endloop
 endfacet
 facet normal -1.000000e+00  0.000000e+00  0.000000e+00
   outer loop
     vertex  6.000000e+00  1.679638e+01  1.047325e+01
     vertex  6.000000e+00  1.700000e+01  1.063454e+01
     vertex  6.000000e+00  1.700000e+01  3.000000e+00
   endloop
 endfacet
 facet normal -1.000000e+00  0.000000e+00  0.000000e+00
   outer loop
     vertex  6.000000e+00  1.658844e+01  1.031759e+01
     vertex  6.000000e+00  1.679638e+01  1.047325e+01
     vertex  6.000000e+00  1.700000e+01  3.000000e+00
   endloop
 endfacet
 facet normal -1.000000e+00  0.000000e+00  0.000000e+00
   outer loop
     vertex  6.000000e+00  1.637631e+01  1.016768e+01
     vertex  6.000000e+00  1.658844e+01  1.031759e+01
     vertex  6.000000e+00  1.700000e+01  3.000000e+00
   endloop
 endfacet
 facet normal -1.000000e+00  0.000000e+00  0.000000e+00
   outer loop
     vertex  6.000000e+00  1.616016e+01  1.002361e+01
     vertex  6.000000e+00  1.637631e+01  1.016768e+01
     vertex  6.000000e+00  1.700000e+01  3.000000e+00
   endloop
 endfacet
 facet normal -1.000000e+00  0.000000e+00  0.000000e+00
   outer loop
     vertex  6.000000e+00  1.594016e+01  9.885517e+00
     vertex  6.000000e+00  1.616016e+01  1.002361e+01
     vertex  6.000000e+00  1.700000e+01  3.000000e+00
   endloop
 endfacet
 facet normal -1.000000e+00  0.000000e+00  0.000000e+00
   outer loop
     vertex  6.000000e+00  1.571646e+01  9.753486e+00
     vertex  6.000000e+00  1.594016e+01  9.885517e+00
     vertex  6.000000e+00  1.700000e+01  3.000000e+00
   endloop
 endfacet
 facet normal -1.000000e+00  0.000000e+00  0.000000e+00
   outer loop
     vertex  6.000000e+00  1.548924e+01  9.627620e+00
     vertex  6.000000e+00  1.571646e+01  9.753486e+00
     vertex  6.000000e+00  1.700000e+01  3.000000e+00
   endloop
 endfacet
 facet normal -1.000000e+00  0.000000e+00  0.000000e+00
   outer loop
     vertex  6.000000e+00  1.525866e+01  9.508013e+00
     vertex  6.000000e+00  1.548924e+01  9.627620e+00
     vertex  6.000000e+00  1.700000e+01  3.000000e+00
   endloop
 endfacet
 facet normal -1.000000e+00  0.000000e+00  0.000000e+00
   outer loop
     vertex  6.000000e+00  1.502489e+01  9.394755e+00
     vertex  6.000000e+00  1.525866e+01  9.508013e+00
     vertex  6.000000e+00  1.700000e+01  3.000000e+00
   endloop
 endfacet
 facet normal -1.000000e+00  0.000000e+00  0.000000e+00
   outer loop
     vertex  6.000000e+00  1.478812e+01  9.287931e+00
     vertex  6.000000e+00  1.502489e+01  9.394755e+00
     vertex  6.000000e+00  1.700000e+01  3.000000e+00
   endloop
 endfacet
 facet normal -1.000000e+00  0.000000e+00  0.000000e+00
   outer loop
     vertex  6.000000e+00  1.454852e+01  9.187620e+00
     vertex  6.000000e+00  1.478812e+01  9.287931e+00
     vertex  6.000000e+00  1.700000e+01  3.000000e+00
   endloop
 endfacet
 facet normal -1.000000e+00  0.000000e+00  0.000000e+00
   outer loop
     vertex  6.000000e+00  1.430626e+01  9.093897e+00
     vertex  6.000000e+00  1.454852e+01  9.187620e+00
     vertex  6.000000e+00  1.700000e+01  3.000000e+00
   endloop
 endfacet
 facet normal -1.000000e+00  0.000000e+00  0.000000e+00
   outer loop
     vertex  6.000000e+00  1.406153e+01  9.006833e+00
     vertex  6.000000e+00  1.430626e+01  9.093897e+00
     vertex  6.000000e+00  1.700000e+01  3.000000e+00
   endloop
 endfacet
 facet normal -1.000000e+00  0.000000e+00  0.000000e+00
   outer loop
     vertex  6.000000e+00  1.381451e+01  8.926492e+00
     vertex  6.000000e+00  1.406153e+01  9.006833e+00
     vertex  6.000000e+00  1.700000e+01  3.000000e+00
   endloop
 endfacet
 facet normal -1.000000e+00  0.000000e+00  0.000000e+00
   outer loop
     vertex  6.000000e+00  1.356539e+01  8.852935e+00
     vertex  6.000000e+00  1.381451e+01  8.926492e+00
     vertex  6.000000e+00  1.700000e+01  3.000000e+00
   endloop
 endfacet
 facet normal -1.000000e+00  0.000000e+00  0.000000e+00
   outer loop
     vertex  6.000000e+00  1.331435e+01  8.786216e+00
     vertex  6.000000e+00  1.356539e+01  8.852935e+00
     vertex  6.000000e+00  1.700000e+01  3.000000e+00
   endloop
 endfacet
 facet normal -1.000000e+00  0.000000e+00  0.000000e+00
   outer loop
     vertex  6.000000e+00  1.306157e+01  8.726386e+00
     vertex  6.000000e+00  1.331435e+01  8.786216e+00
     vertex  6.000000e+00  1.700000e+01  3.000000e+00
   endloop
 endfacet
 facet normal -1.000000e+00  0.000000e+00  0.000000e+00
   outer loop
     vertex  6.000000e+00  1.280726e+01  8.673489e+00
     vertex  6.000000e+00  1.306157e+01  8.726386e+00
     vertex  6.000000e+00  1.700000e+01  3.000000e+00
   endloop
 endfacet
 facet normal -1.000000e+00  0.000000e+00  0.000000e+00
   outer loop
     vertex  6.000000e+00  1.255160e+01  8.627565e+00
     vertex  6.000000e+00  1.280726e+01  8.673489e+00
     vertex  6.000000e+00  1.700000e+01  3.000000e+00
   endloop
 endfacet
 facet normal -1.000000e+00  0.000000e+00  0.000000e+00
   outer loop
     vertex  6.000000e+00  1.229477e+01  8.588647e+00
     vertex  6.000000e+00  1.255160e+01  8.627565e+00
     vertex  6.000000e+00  1.700000e+01  3.000000e+00
   endloop
 endfacet
 facet normal -1.000000e+00  0.000000e+00  0.000000e+00
   outer loop
     vertex  6.000000e+00  1.203698e+01  8.556766e+00
     vertex  6.000000e+00  1.229477e+01  8.588647e+00
     vertex  6.000000e+00  1.700000e+01  3.000000e+00
   endloop
 endfacet
 facet normal -1.000000e+00  0.000000e+00  0.000000e+00
   outer loop
     vertex  6.000000e+00  1.177842e+01  8.531945e+00
     vertex  6.000000e+00  1.203698e+01  8.556766e+00
     vertex  6.000000e+00  1.700000e+01  3.000000e+00
   endloop
 endfacet
 facet normal -1.000000e+00  0.000000e+00  0.000000e+00
   outer loop
     vertex  6.000000e+00  1.151927e+01  8.514202e+00
     vertex  6.000000e+00  1.177842e+01  8.531945e+00
     vertex  6.000000e+00  1.700000e+01  3.000000e+00
   endloop
 endfacet
 facet normal -1.000000e+00  0.000000e+00  0.000000e+00
   outer loop
     vertex  6.000000e+00  1.125973e+01  8.503551e+00
     vertex  6.000000e+00  1.151927e+01  8.514202e+00
     vertex  6.000000e+00  1.700000e+01  3.000000e+00
   endloop
 endfacet
 facet normal -1.000000e+00  0.000000e+00  0.000000e+00
   outer loop
     vertex  6.000000e+00  1.100000e+01  8.500000e+00
     vertex  6.000000e+00  1.125973e+01  8.503551e+00
     vertex  6.000000e+00  1.700000e+01  3.000000e+00
   endloop
 endfacet
 facet normal -1.000000e+00  0.000000e+00  0.000000e+00
   outer loop
     vertex  6.000000e+00  5.000000e+00  3.000000e+00
     vertex  6.000000e+00  1.100000e+01  8.500000e+00
     vertex  6.000000e+00  1.700000e+01  3.000000e+00
   endloop
 endfacet
 facet normal -1.000000e+00  0.000000e+00  0.000000e+00
   outer loop
     vertex  6.000000e+00  5.000000e+00  3.000000e+00
     vertex  6.000000e+00  1.074027e+01  8.503551e+00
     vertex  6.000000e+00  1.100000e+01  8.500000e+00
   endloop
 endfacet
 facet normal -1.000000e+00  0.000000e+00 -0.000000e+00
   outer loop
     vertex  6.000000e+00  1.048073e+01  8.514202e+00
     vertex  6.000000e+00  1.074027e+01  8.503551e+00
     vertex  6.000000e+00  5.000000e+00  3.000000e+00
   endloop
 endfacet
 facet normal -1.000000e+00  0.000000e+00 -0.000000e+00
   outer loop
     vertex  6.000000e+00  1.022158e+01  8.531945e+00
     vertex  6.000000e+00  1.048073e+01  8.514202e+00
     vertex  6.000000e+00  5.000000e+00  3.000000e+00
   endloop
 endfacet
 facet normal -1.000000e+00  0.000000e+00 -0.000000e+00
   outer loop
     vertex  6.000000e+00  9.963017e+00  8.556766e+00
     vertex  6.000000e+00  1.022158e+01  8.531945e+00
     vertex  6.000000e+00  5.000000e+00  3.000000e+00
   endloop
 endfacet
 facet normal -1.000000e+00  0.000000e+00 -0.000000e+00
   outer loop
     vertex  6.000000e+00  9.705225e+00  8.588647e+00
     vertex  6.000000e+00  9.963017e+00  8.556766e+00
     vertex  6.000000e+00  5.000000e+00  3.000000e+00
   endloop
 endfacet
 facet normal -1.000000e+00  0.000000e+00 -0.000000e+00
   outer loop
     vertex  6.000000e+00  9.448402e+00  8.627565e+00
     vertex  6.000000e+00  9.705225e+00  8.588647e+00
     vertex  6.000000e+00  5.000000e+00  3.000000e+00
   endloop
 endfacet
 facet normal -1.000000e+00  0.000000e+00 -0.000000e+00
   outer loop
     vertex  6.000000e+00  9.192738e+00  8.673489e+00
     vertex  6.000000e+00  9.448402e+00  8.627565e+00
     vertex  6.000000e+00  5.000000e+00  3.000000e+00
   endloop
 endfacet
 facet normal -1.000000e+00  0.000000e+00 -0.000000e+00
   outer loop
     vertex  6.000000e+00  8.938426e+00  8.726386e+00
     vertex  6.000000e+00  9.192738e+00  8.673489e+00
     vertex  6.000000e+00  5.000000e+00  3.000000e+00
   endloop
 endfacet
 facet normal -1.000000e+00  0.000000e+00 -0.000000e+00
   outer loop
     vertex  6.000000e+00  8.685655e+00  8.786216e+00
     vertex  6.000000e+00  8.938426e+00  8.726386e+00
     vertex  6.000000e+00  5.000000e+00  3.000000e+00
   endloop
 endfacet
 facet normal -1.000000e+00  0.000000e+00 -0.000000e+00
   outer loop
     vertex  6.000000e+00  8.434614e+00  8.852935e+00
     vertex  6.000000e+00  8.685655e+00  8.786216e+00
     vertex  6.000000e+00  5.000000e+00  3.000000e+00
   endloop
 endfacet
 facet normal -1.000000e+00  0.000000e+00 -0.000000e+00
   outer loop
     vertex  6.000000e+00  8.185491e+00  8.926492e+00
     vertex  6.000000e+00  8.434614e+00  8.852935e+00
     vertex  6.000000e+00  5.000000e+00  3.000000e+00
   endloop
 endfacet
 facet normal -1.000000e+00  0.000000e+00 -0.000000e+00
   outer loop
     vertex  6.000000e+00  7.938473e+00  9.006833e+00
     vertex  6.000000e+00  8.185491e+00  8.926492e+00
     vertex  6.000000e+00  5.000000e+00  3.000000e+00
   endloop
 endfacet
 facet normal -1.000000e+00  0.000000e+00 -0.000000e+00
   outer loop
     vertex  6.000000e+00  7.693743e+00  9.093897e+00
     vertex  6.000000e+00  7.938473e+00  9.006833e+00
     vertex  6.000000e+00  5.000000e+00  3.000000e+00
   endloop
 endfacet
 facet normal -1.000000e+00  0.000000e+00 -0.000000e+00
   outer loop
     vertex  6.000000e+00  7.451485e+00  9.187620e+00
     vertex  6.000000e+00  7.693743e+00  9.093897e+00
     vertex  6.000000e+00  5.000000e+00  3.000000e+00
   endloop
 endfacet
 facet normal -1.000000e+00  0.000000e+00 -0.000000e+00
   outer loop
     vertex  6.000000e+00  7.211880e+00  9.287931e+00
     vertex  6.000000e+00  7.451485e+00  9.187620e+00
     vertex  6.000000e+00  5.000000e+00  3.000000e+00
   endloop
 endfacet
 facet normal -1.000000e+00  0.000000e+00 -0.000000e+00
   outer loop
     vertex  6.000000e+00  6.975107e+00  9.394755e+00
     vertex  6.000000e+00  7.211880e+00  9.287931e+00
     vertex  6.000000e+00  5.000000e+00  3.000000e+00
   endloop
 endfacet
 facet normal -1.000000e+00  0.000000e+00 -0.000000e+00
   outer loop
     vertex  6.000000e+00  6.741343e+00  9.508013e+00
     vertex  6.000000e+00  6.975107e+00  9.394755e+00
     vertex  6.000000e+00  5.000000e+00  3.000000e+00
   endloop
 endfacet
 facet normal -1.000000e+00  0.000000e+00 -0.000000e+00
   outer loop
     vertex  6.000000e+00  6.510763e+00  9.627620e+00
     vertex  6.000000e+00  6.741343e+00  9.508013e+00
     vertex  6.000000e+00  5.000000e+00  3.000000e+00
   endloop
 endfacet
 facet normal -1.000000e+00  0.000000e+00 -0.000000e+00
   outer loop
     vertex  6.000000e+00  6.283539e+00  9.753486e+00
     vertex  6.000000e+00  6.510763e+00  9.627620e+00
     vertex  6.000000e+00  5.000000e+00  3.000000e+00
   endloop
 endfacet
 facet normal -1.000000e+00  0.000000e+00 -0.000000e+00
   outer loop
     vertex  6.000000e+00  6.059842e+00  9.885517e+00
     vertex  6.000000e+00  6.283539e+00  9.753486e+00
     vertex  6.000000e+00  5.000000e+00  3.000000e+00
   endloop
 endfacet
 facet normal -1.000000e+00  0.000000e+00 -0.000000e+00
   outer loop
     vertex  6.000000e+00  5.839838e+00  1.002361e+01
     vertex  6.000000e+00  6.059842e+00  9.885517e+00
     vertex  6.000000e+00  5.000000e+00  3.000000e+00
   endloop
 endfacet
 facet normal -1.000000e+00  0.000000e+00 -0.000000e+00
   outer loop
     vertex  6.000000e+00  5.623691e+00  1.016768e+01
     vertex  6.000000e+00  5.839838e+00  1.002361e+01
     vertex  6.000000e+00  5.000000e+00  3.000000e+00
   endloop
 endfacet
 facet normal -1.000000e+00  0.000000e+00 -0.000000e+00
   outer loop
     vertex  6.000000e+00  5.411564e+00  1.031759e+01
     vertex  6.000000e+00  5.623691e+00  1.016768e+01
     vertex  6.000000e+00  5.000000e+00  3.000000e+00
   endloop
 endfacet
 facet normal -1.000000e+00  0.000000e+00 -0.000000e+00
   outer loop
     vertex  6.000000e+00  5.203615e+00  1.047325e+01
     vertex  6.000000e+00  5.411564e+00  1.031759e+01
     vertex  6.000000e+00  5.000000e+00  3.000000e+00
   endloop
 endfacet
 facet normal -1.000000e+00  0.000000e+00  0.000000e+00
   outer loop
     vertex  6.000000e+00  5.000000e+00  1.063454e+01
     vertex  6.000000e+00  5.203615e+00  1.047325e+01
     vertex  6.000000e+00  5.000000e+00  3.000000e+00
   endloop
 endfacet
 facet normal  0.000000e+00  1.000000e+00  0.000000e+00
   outer loop
     vertex  6.000000e+00  5.000000e+00  1.063454e+01
     vertex  6.000000e+00  5.000000e+00  3.000000e+00
     vertex  4.500000e+00  5.000000e+00  3.000000e+00
   endloop
 endfacet
 facet normal -6.690944e-14  1.000000e+00  1.314607e-14
   outer loop
     vertex  6.000000e+00  5.000000e+00  1.063454e+01
     vertex  4.500000e+00  5.000000e+00  3.000000e+00
     vertex  4.500000e+00  5.000000e+00  1.063454e+01
   endloop
 endfacet
 facet normal -1.000000e+00  0.000000e+00  0.000000e+00
   outer loop
     vertex  7.150000e+01  1.680255e+01  1.047800e+01
     vertex  7.150000e+01  1.700000e+01  1.063454e+01
     vertex  7.150000e+01  1.700000e+01  3.000000e+00
   endloop
 endfacet
 facet normal -1.000000e+00  0.000000e+00  0.000000e+00
   outer loop
     vertex  7.150000e+01  1.660101e+01  1.032675e+01
     vertex  7.150000e+01  1.680255e+01  1.047800e+01
     vertex  7.150000e+01  1.700000e+01  3.000000e+00
   endloop
 endfacet
 facet normal -1.000000e+00  0.000000e+00  0.000000e+00
   outer loop
     vertex  7.150000e+01  1.639553e+01  1.018091e+01
     vertex  7.150000e+01  1.660101e+01  1.032675e+01
     vertex  7.150000e+01  1.700000e+01  3.000000e+00
   endloop
 endfacet
 facet normal -1.000000e+00  0.000000e+00  0.000000e+00
   outer loop
     vertex  7.150000e+01  1.618626e+01  1.004056e+01
     vertex  7.150000e+01  1.639553e+01  1.018091e+01
     vertex  7.150000e+01  1.700000e+01  3.000000e+00
   endloop
 endfacet
 facet normal -1.000000e+00  0.000000e+00  0.000000e+00
   outer loop
     vertex  7.150000e+01  1.597334e+01  9.905809e+00
     vertex  7.150000e+01  1.618626e+01  1.004056e+01
     vertex  7.150000e+01  1.700000e+01  3.000000e+00
   endloop
 endfacet
 facet normal -1.000000e+00  0.000000e+00  0.000000e+00
   outer loop
     vertex  7.150000e+01  1.575692e+01  9.776756e+00
     vertex  7.150000e+01  1.597334e+01  9.905809e+00
     vertex  7.150000e+01  1.700000e+01  3.000000e+00
   endloop
 endfacet
 facet normal -1.000000e+00  0.000000e+00  0.000000e+00
   outer loop
     vertex  7.150000e+01  1.553715e+01  9.653487e+00
     vertex  7.150000e+01  1.575692e+01  9.776756e+00
     vertex  7.150000e+01  1.700000e+01  3.000000e+00
   endloop
 endfacet
 facet normal -1.000000e+00  0.000000e+00  0.000000e+00
   outer loop
     vertex  7.150000e+01  1.531419e+01  9.536090e+00
     vertex  7.150000e+01  1.553715e+01  9.653487e+00
     vertex  7.150000e+01  1.700000e+01  3.000000e+00
   endloop
 endfacet
 facet normal -1.000000e+00  0.000000e+00  0.000000e+00
   outer loop
     vertex  7.150000e+01  1.508820e+01  9.424648e+00
     vertex  7.150000e+01  1.531419e+01  9.536090e+00
     vertex  7.150000e+01  1.700000e+01  3.000000e+00
   endloop
 endfacet
 facet normal -1.000000e+00  0.000000e+00  0.000000e+00
   outer loop
     vertex  7.150000e+01  1.485933e+01  9.319239e+00
     vertex  7.150000e+01  1.508820e+01  9.424648e+00
     vertex  7.150000e+01  1.700000e+01  3.000000e+00
   endloop
 endfacet
 facet normal -1.000000e+00  0.000000e+00  0.000000e+00
   outer loop
     vertex  7.150000e+01  1.462774e+01  9.219937e+00
     vertex  7.150000e+01  1.485933e+01  9.319239e+00
     vertex  7.150000e+01  1.700000e+01  3.000000e+00
   endloop
 endfacet
 facet normal -1.000000e+00  0.000000e+00  0.000000e+00
   outer loop
     vertex  7.150000e+01  1.439360e+01  9.126812e+00
     vertex  7.150000e+01  1.462774e+01  9.219937e+00
     vertex  7.150000e+01  1.700000e+01  3.000000e+00
   endloop
 endfacet
 facet normal -1.000000e+00  0.000000e+00  0.000000e+00
   outer loop
     vertex  7.150000e+01  1.415708e+01  9.039929e+00
     vertex  7.150000e+01  1.439360e+01  9.126812e+00
     vertex  7.150000e+01  1.700000e+01  3.000000e+00
   endloop
 endfacet
 facet normal -1.000000e+00  0.000000e+00  0.000000e+00
   outer loop
     vertex  7.150000e+01  1.391833e+01  8.959350e+00
     vertex  7.150000e+01  1.415708e+01  9.039929e+00
     vertex  7.150000e+01  1.700000e+01  3.000000e+00
   endloop
 endfacet
 facet normal -1.000000e+00  0.000000e+00  0.000000e+00
   outer loop
     vertex  7.150000e+01  1.367753e+01  8.885132e+00
     vertex  7.150000e+01  1.391833e+01  8.959350e+00
     vertex  7.150000e+01  1.700000e+01  3.000000e+00
   endloop
 endfacet
 facet normal -1.000000e+00  0.000000e+00  0.000000e+00
   outer loop
     vertex  7.150000e+01  1.206614e+01  7.944847e+00
     vertex  7.150000e+01  1.367753e+01  8.885132e+00
     vertex  7.150000e+01  1.700000e+01  3.000000e+00
   endloop
 endfacet
 facet normal -1.000000e+00  0.000000e+00  0.000000e+00
   outer loop
     vertex  7.150000e+01  1.203698e+01  7.916178e+00
     vertex  7.150000e+01  1.206614e+01  7.944847e+00
     vertex  7.150000e+01  1.700000e+01  3.000000e+00
   endloop
 endfacet
 facet normal -1.000000e+00  0.000000e+00  0.000000e+00
   outer loop
     vertex  7.150000e+01  1.209450e+01  7.974300e+00
     vertex  7.150000e+01  1.343485e+01  8.817325e+00
     vertex  7.150000e+01  1.367753e+01  8.885132e+00
   endloop
 endfacet
 facet normal -1.000000e+00  0.000000e+00 -0.000000e+00
   outer loop
     vertex  7.150000e+01  1.209450e+01  7.974300e+00
     vertex  7.150000e+01  1.367753e+01  8.885132e+00
     vertex  7.150000e+01  1.206614e+01  7.944847e+00
   endloop
 endfacet
 facet normal -1.000000e+00  0.000000e+00  0.000000e+00
   outer loop
     vertex  7.150000e+01  1.200705e+01  7.888315e+00
     vertex  7.150000e+01  1.203698e+01  7.916178e+00
     vertex  7.150000e+01  1.700000e+01  3.000000e+00
   endloop
 endfacet
 facet normal -1.000000e+00  0.000000e+00 -0.000000e+00
   outer loop
     vertex  7.150000e+01  1.212206e+01  8.004515e+00
     vertex  7.150000e+01  1.343485e+01  8.817325e+00
     vertex  7.150000e+01  1.209450e+01  7.974300e+00
   endloop
 endfacet
 facet normal -1.000000e+00  0.000000e+00  0.000000e+00
   outer loop
     vertex  7.150000e+01  1.197638e+01  7.861278e+00
     vertex  7.150000e+01  1.200705e+01  7.888315e+00
     vertex  7.150000e+01  1.700000e+01  3.000000e+00
   endloop
 endfacet
 facet normal -1.000000e+00  0.000000e+00 -0.000000e+00
   outer loop
     vertex  7.150000e+01  1.214877e+01  8.035469e+00
     vertex  7.150000e+01  1.343485e+01  8.817325e+00
     vertex  7.150000e+01  1.212206e+01  8.004515e+00
   endloop
 endfacet
 facet normal -1.000000e+00  0.000000e+00  0.000000e+00
   outer loop
     vertex  7.150000e+01  1.194498e+01  7.835087e+00
     vertex  7.150000e+01  1.197638e+01  7.861278e+00
     vertex  7.150000e+01  1.700000e+01  3.000000e+00
   endloop
 endfacet
 facet normal -1.000000e+00  0.000000e+00  0.000000e+00
   outer loop
     vertex  7.150000e+01  1.217464e+01  8.067141e+00
     vertex  7.150000e+01  1.319045e+01  8.755979e+00
     vertex  7.150000e+01  1.343485e+01  8.817325e+00
   endloop
 endfacet
 facet normal -1.000000e+00  0.000000e+00 -0.000000e+00
   outer loop
     vertex  7.150000e+01  1.217464e+01  8.067141e+00
     vertex  7.150000e+01  1.343485e+01  8.817325e+00
     vertex  7.150000e+01  1.214877e+01  8.035469e+00
   endloop
 endfacet
 facet normal -1.000000e+00  0.000000e+00  0.000000e+00
   outer loop
     vertex  7.150000e+01  1.191287e+01  7.809762e+00
     vertex  7.150000e+01  1.194498e+01  7.835087e+00
     vertex  7.150000e+01  1.700000e+01  3.000000e+00
   endloop
 endfacet
 facet normal -1.000000e+00  0.000000e+00 -0.000000e+00
   outer loop
     vertex  7.150000e+01  1.219963e+01  8.099506e+00
     vertex  7.150000e+01  1.319045e+01  8.755979e+00
     vertex  7.150000e+01  1.217464e+01  8.067141e+00
   endloop
 endfacet
 facet normal -1.000000e+00  0.000000e+00  0.000000e+00
   outer loop
     vertex  7.150000e+01  1.188009e+01  7.785321e+00
     vertex  7.150000e+01  1.191287e+01  7.809762e+00
     vertex  7.150000e+01  1.700000e+01  3.000000e+00
   endloop
 endfacet
 facet normal -1.000000e+00  0.000000e+00 -0.000000e+00
   outer loop
     vertex  7.150000e+01  1.222373e+01  8.132540e+00
     vertex  7.150000e+01  1.319045e+01  8.755979e+00
     vertex  7.150000e+01  1.219963e+01  8.099506e+00
   endloop
 endfacet
 facet normal -1.000000e+00  0.000000e+00  0.000000e+00
   outer loop
     vertex  7.150000e+01  1.184665e+01  7.761783e+00
     vertex  7.150000e+01  1.188009e+01  7.785321e+00
     vertex  7.150000e+01  1.700000e+01  3.000000e+00
   endloop
 endfacet
 facet normal -1.000000e+00  0.000000e+00 -0.000000e+00
   outer loop
     vertex  7.150000e+01  1.224692e+01  8.166218e+00
     vertex  7.150000e+01  1.319045e+01  8.755979e+00
     vertex  7.150000e+01  1.222373e+01  8.132540e+00
   endloop
 endfacet
 facet normal -1.000000e+00  0.000000e+00  0.000000e+00
   outer loop
     vertex  7.150000e+01  1.224692e+01  8.166218e+00
     vertex  7.150000e+01  1.294452e+01  8.701137e+00
     vertex  7.150000e+01  1.319045e+01  8.755979e+00
   endloop
 endfacet
 facet normal -1.000000e+00  0.000000e+00  0.000000e+00
   outer loop
     vertex  7.150000e+01  1.181259e+01  7.739165e+00
     vertex  7.150000e+01  1.184665e+01  7.761783e+00
     vertex  7.150000e+01  1.700000e+01  3.000000e+00
   endloop
 endfacet
 facet normal -1.000000e+00  0.000000e+00 -0.000000e+00
   outer loop
     vertex  7.150000e+01  1.226918e+01  8.200517e+00
     vertex  7.150000e+01  1.294452e+01  8.701137e+00
     vertex  7.150000e+01  1.224692e+01  8.166218e+00
   endloop
 endfacet
 facet normal -1.000000e+00  0.000000e+00  0.000000e+00
   outer loop
     vertex  7.150000e+01  1.177792e+01  7.717484e+00
     vertex  7.150000e+01  1.181259e+01  7.739165e+00
     vertex  7.150000e+01  1.700000e+01  3.000000e+00
   endloop
 endfacet
 facet normal -1.000000e+00  0.000000e+00 -0.000000e+00
   outer loop
     vertex  7.150000e+01  1.229050e+01  8.235409e+00
     vertex  7.150000e+01  1.294452e+01  8.701137e+00
     vertex  7.150000e+01  1.226918e+01  8.200517e+00
   endloop
 endfacet
 facet normal -1.000000e+00  0.000000e+00  0.000000e+00
   outer loop
     vertex  7.150000e+01  1.174267e+01  7.696757e+00
     vertex  7.150000e+01  1.177792e+01  7.717484e+00
     vertex  7.150000e+01  1.700000e+01  3.000000e+00
   endloop
 endfacet
 facet normal -1.000000e+00  0.000000e+00 -0.000000e+00
   outer loop
     vertex  7.150000e+01  1.231087e+01  8.270869e+00
     vertex  7.150000e+01  1.294452e+01  8.701137e+00
     vertex  7.150000e+01  1.229050e+01  8.235409e+00
   endloop
 endfacet
 facet normal -1.000000e+00  0.000000e+00  0.000000e+00
   outer loop
     vertex  7.150000e+01  1.170687e+01  7.676997e+00
     vertex  7.150000e+01  1.174267e+01  7.696757e+00
     vertex  7.150000e+01  1.700000e+01  3.000000e+00
   endloop
 endfacet
 facet normal -1.000000e+00  0.000000e+00  0.000000e+00
   outer loop
     vertex  7.150000e+01  1.233025e+01  8.306872e+00
     vertex  7.150000e+01  1.269721e+01  8.652836e+00
     vertex  7.150000e+01  1.294452e+01  8.701137e+00
   endloop
 endfacet
 facet normal -1.000000e+00  0.000000e+00 -0.000000e+00
   outer loop
     vertex  7.150000e+01  1.233025e+01  8.306872e+00
     vertex  7.150000e+01  1.294452e+01  8.701137e+00
     vertex  7.150000e+01  1.231087e+01  8.270869e+00
   endloop
 endfacet
 facet normal -1.000000e+00  0.000000e+00  0.000000e+00
   outer loop
     vertex  7.150000e+01  1.167054e+01  7.658221e+00
     vertex  7.150000e+01  1.170687e+01  7.676997e+00
     vertex  7.150000e+01  1.700000e+01  3.000000e+00
   endloop
 endfacet
 facet normal -1.000000e+00  0.000000e+00 -0.000000e+00
   outer loop
     vertex  7.150000e+01  1.234865e+01  8.343389e+00
     vertex  7.150000e+01  1.269721e+01  8.652836e+00
     vertex  7.150000e+01  1.233025e+01  8.306872e+00
   endloop
 endfacet
 facet normal -1.000000e+00  0.000000e+00  0.000000e+00
   outer loop
     vertex  7.150000e+01  1.163372e+01  7.640442e+00
     vertex  7.150000e+01  1.167054e+01  7.658221e+00
     vertex  7.150000e+01  1.700000e+01  3.000000e+00
   endloop
 endfacet
 facet normal -1.000000e+00  0.000000e+00 -0.000000e+00
   outer loop
     vertex  7.150000e+01  1.236605e+01  8.380395e+00
     vertex  7.150000e+01  1.269721e+01  8.652836e+00
     vertex  7.150000e+01  1.234865e+01  8.343389e+00
   endloop
 endfacet
 facet normal -1.000000e+00  0.000000e+00  0.000000e+00
   outer loop
     vertex  7.150000e+01  1.159643e+01  7.623673e+00
     vertex  7.150000e+01  1.163372e+01  7.640442e+00
     vertex  7.150000e+01  1.700000e+01  3.000000e+00
   endloop
 endfacet
 facet normal -1.000000e+00  0.000000e+00 -0.000000e+00
   outer loop
     vertex  7.150000e+01  1.238243e+01  8.417860e+00
     vertex  7.150000e+01  1.269721e+01  8.652836e+00
     vertex  7.150000e+01  1.236605e+01  8.380395e+00
   endloop
 endfacet
 facet normal -1.000000e+00  0.000000e+00  0.000000e+00
   outer loop
     vertex  7.150000e+01  1.155869e+01  7.607927e+00
     vertex  7.150000e+01  1.159643e+01  7.623673e+00
     vertex  7.150000e+01  1.700000e+01  3.000000e+00
   endloop
 endfacet
 facet normal -1.000000e+00  0.000000e+00 -0.000000e+00
   outer loop
     vertex  7.150000e+01  1.239778e+01  8.455759e+00
     vertex  7.150000e+01  1.269721e+01  8.652836e+00
     vertex  7.150000e+01  1.238243e+01  8.417860e+00
   endloop
 endfacet
 facet normal -1.000000e+00  0.000000e+00  0.000000e+00
   outer loop
     vertex  7.150000e+01  1.152054e+01  7.593216e+00
     vertex  7.150000e+01  1.155869e+01  7.607927e+00
     vertex  7.150000e+01  1.700000e+01  3.000000e+00
   endloop
 endfacet
 facet normal -1.000000e+00  0.000000e+00 -0.000000e+00
   outer loop
     vertex  7.150000e+01  1.241210e+01  8.494062e+00
     vertex  7.150000e+01  1.269721e+01  8.652836e+00
     vertex  7.150000e+01  1.239778e+01  8.455759e+00
   endloop
 endfacet
 facet normal -1.000000e+00  0.000000e+00  0.000000e+00
   outer loop
     vertex  7.150000e+01  1.148200e+01  7.579550e+00
     vertex  7.150000e+01  1.152054e+01  7.593216e+00
     vertex  7.150000e+01  1.700000e+01  3.000000e+00
   endloop
 endfacet
 facet normal -1.000000e+00  0.000000e+00 -0.000000e+00
   outer loop
     vertex  7.150000e+01  1.242537e+01  8.532741e+00
     vertex  7.150000e+01  1.269721e+01  8.652836e+00
     vertex  7.150000e+01  1.241210e+01  8.494062e+00
   endloop
 endfacet
 facet normal -1.000000e+00  0.000000e+00  0.000000e+00
   outer loop
     vertex  7.150000e+01  1.144310e+01  7.566939e+00
     vertex  7.150000e+01  1.148200e+01  7.579550e+00
     vertex  7.150000e+01  1.700000e+01  3.000000e+00
   endloop
 endfacet
 facet normal -1.000000e+00  0.000000e+00 -0.000000e+00
   outer loop
     vertex  7.150000e+01  1.243757e+01  8.571767e+00
     vertex  7.150000e+01  1.269721e+01  8.652836e+00
     vertex  7.150000e+01  1.242537e+01  8.532741e+00
   endloop
 endfacet
 facet normal -1.000000e+00  0.000000e+00  0.000000e+00
   outer loop
     vertex  7.150000e+01  1.140387e+01  7.555394e+00
     vertex  7.150000e+01  1.144310e+01  7.566939e+00
     vertex  7.150000e+01  1.700000e+01  3.000000e+00
   endloop
 endfacet
 facet normal -1.000000e+00  0.000000e+00 -0.000000e+00
   outer loop
     vertex  7.150000e+01  1.244871e+01  8.611111e+00
     vertex  7.150000e+01  1.269721e+01  8.652836e+00
     vertex  7.150000e+01  1.243757e+01  8.571767e+00
   endloop
 endfacet
 facet normal -1.000000e+00  0.000000e+00  0.000000e+00
   outer loop
     vertex  7.150000e+01  1.136435e+01  7.544922e+00
     vertex  7.150000e+01  1.140387e+01  7.555394e+00
     vertex  7.150000e+01  1.700000e+01  3.000000e+00
   endloop
 endfacet
 facet normal -1.000000e+00  0.000000e+00  0.000000e+00
   outer loop
     vertex  7.150000e+01  1.132455e+01  7.535531e+00
     vertex  7.150000e+01  1.136435e+01  7.544922e+00
     vertex  7.150000e+01  1.700000e+01  3.000000e+00
   endloop
 endfacet
 facet normal -1.000000e+00  0.000000e+00  0.000000e+00
   outer loop
     vertex  7.150000e+01  1.128451e+01  7.527229e+00
     vertex  7.150000e+01  1.132455e+01  7.535531e+00
     vertex  7.150000e+01  1.700000e+01  3.000000e+00
   endloop
 endfacet
 facet normal -1.000000e+00  0.000000e+00  0.000000e+00
   outer loop
     vertex  7.150000e+01  1.124426e+01  7.520021e+00
     vertex  7.150000e+01  1.128451e+01  7.527229e+00
     vertex  7.150000e+01  1.700000e+01  3.000000e+00
   endloop
 endfacet
 facet normal -1.000000e+00  0.000000e+00  0.000000e+00
   outer loop
     vertex  7.150000e+01  1.120383e+01  7.513913e+00
     vertex  7.150000e+01  1.124426e+01  7.520021e+00
     vertex  7.150000e+01  1.700000e+01  3.000000e+00
   endloop
 endfacet
 facet normal -1.000000e+00  0.000000e+00  0.000000e+00
   outer loop
     vertex  7.150000e+01  1.116324e+01  7.508909e+00
     vertex  7.150000e+01  1.120383e+01  7.513913e+00
     vertex  7.150000e+01  1.700000e+01  3.000000e+00
   endloop
 endfacet
 facet normal -1.000000e+00  0.000000e+00  0.000000e+00
   outer loop
     vertex  7.150000e+01  1.112254e+01  7.505014e+00
     vertex  7.150000e+01  1.116324e+01  7.508909e+00
     vertex  7.150000e+01  1.700000e+01  3.000000e+00
   endloop
 endfacet
 facet normal -1.000000e+00  0.000000e+00  0.000000e+00
   outer loop
     vertex  7.150000e+01  1.108174e+01  7.502229e+00
     vertex  7.150000e+01  1.112254e+01  7.505014e+00
     vertex  7.150000e+01  1.700000e+01  3.000000e+00
   endloop
 endfacet
 facet normal -1.000000e+00  0.000000e+00  0.000000e+00
   outer loop
     vertex  7.150000e+01  1.104089e+01  7.500557e+00
     vertex  7.150000e+01  1.108174e+01  7.502229e+00
     vertex  7.150000e+01  1.700000e+01  3.000000e+00
   endloop
 endfacet
 facet normal -1.000000e+00  0.000000e+00  0.000000e+00
   outer loop
     vertex  7.150000e+01  1.100000e+01  7.500000e+00
     vertex  7.150000e+01  1.104089e+01  7.500557e+00
     vertex  7.150000e+01  1.700000e+01  3.000000e+00
   endloop
 endfacet
 facet normal -1.000000e+00  0.000000e+00  0.000000e+00
   outer loop
     vertex  7.150000e+01  5.000000e+00  3.000000e+00
     vertex  7.150000e+01  1.095911e+01  7.500557e+00
     vertex  7.150000e+01  1.100000e+01  7.500000e+00
   endloop
 endfacet
 facet normal -1.000000e+00  0.000000e+00  0.000000e+00
   outer loop
     vertex  7.150000e+01  5.000000e+00  3.000000e+00
     vertex  7.150000e+01  1.091826e+01  7.502229e+00
     vertex  7.150000e+01  1.095911e+01  7.500557e+00
   endloop
 endfacet
 facet normal -1.000000e+00  0.000000e+00  0.000000e+00
   outer loop
     vertex  7.150000e+01  5.000000e+00  3.000000e+00
     vertex  7.150000e+01  1.087746e+01  7.505014e+00
     vertex  7.150000e+01  1.091826e+01  7.502229e+00
   endloop
 endfacet
 facet normal -1.000000e+00  0.000000e+00  0.000000e+00
   outer loop
     vertex  7.150000e+01  5.000000e+00  3.000000e+00
     vertex  7.150000e+01  1.083676e+01  7.508909e+00
     vertex  7.150000e+01  1.087746e+01  7.505014e+00
   endloop
 endfacet
 facet normal -1.000000e+00  0.000000e+00  0.000000e+00
   outer loop
     vertex  7.150000e+01  5.000000e+00  3.000000e+00
     vertex  7.150000e+01  1.079617e+01  7.513913e+00
     vertex  7.150000e+01  1.083676e+01  7.508909e+00
   endloop
 endfacet
 facet normal -1.000000e+00  0.000000e+00  0.000000e+00
   outer loop
     vertex  7.150000e+01  5.000000e+00  3.000000e+00
     vertex  7.150000e+01  1.075574e+01  7.520021e+00
     vertex  7.150000e+01  1.079617e+01  7.513913e+00
   endloop
 endfacet
 facet normal -1.000000e+00  0.000000e+00  0.000000e+00
   outer loop
     vertex  7.150000e+01  5.000000e+00  3.000000e+00
     vertex  7.150000e+01  1.071549e+01  7.527229e+00
     vertex  7.150000e+01  1.075574e+01  7.520021e+00
   endloop
 endfacet
 facet normal -1.000000e+00  0.000000e+00  0.000000e+00
   outer loop
     vertex  7.150000e+01  5.000000e+00  3.000000e+00
     vertex  7.150000e+01  1.067545e+01  7.535531e+00
     vertex  7.150000e+01  1.071549e+01  7.527229e+00
   endloop
 endfacet
 facet normal -1.000000e+00  0.000000e+00  0.000000e+00
   outer loop
     vertex  7.150000e+01  5.000000e+00  3.000000e+00
     vertex  7.150000e+01  1.100000e+01  7.500000e+00
     vertex  7.150000e+01  1.700000e+01  3.000000e+00
   endloop
 endfacet
 facet normal -1.000000e+00  0.000000e+00  0.000000e+00
   outer loop
     vertex  7.150000e+01  5.000000e+00  3.000000e+00
     vertex  7.150000e+01  1.063565e+01  7.544922e+00
     vertex  7.150000e+01  1.067545e+01  7.535531e+00
   endloop
 endfacet
 facet normal -1.000000e+00  0.000000e+00  0.000000e+00
   outer loop
     vertex  7.150000e+01  5.000000e+00  3.000000e+00
     vertex  7.150000e+01  1.059613e+01  7.555394e+00
     vertex  7.150000e+01  1.063565e+01  7.544922e+00
   endloop
 endfacet
 facet normal -1.000000e+00  0.000000e+00  0.000000e+00
   outer loop
     vertex  7.150000e+01  5.000000e+00  3.000000e+00
     vertex  7.150000e+01  1.055690e+01  7.566939e+00
     vertex  7.150000e+01  1.059613e+01  7.555394e+00
   endloop
 endfacet
 facet normal -1.000000e+00  0.000000e+00  0.000000e+00
   outer loop
     vertex  7.150000e+01  5.000000e+00  3.000000e+00
     vertex  7.150000e+01  1.051800e+01  7.579550e+00
     vertex  7.150000e+01  1.055690e+01  7.566939e+00
   endloop
 endfacet
 facet normal -1.000000e+00  0.000000e+00  0.000000e+00
   outer loop
     vertex  7.150000e+01  5.000000e+00  3.000000e+00
     vertex  7.150000e+01  1.047946e+01  7.593216e+00
     vertex  7.150000e+01  1.051800e+01  7.579550e+00
   endloop
 endfacet
 facet normal -1.000000e+00  0.000000e+00  0.000000e+00
   outer loop
     vertex  7.150000e+01  5.000000e+00  3.000000e+00
     vertex  7.150000e+01  1.044131e+01  7.607927e+00
     vertex  7.150000e+01  1.047946e+01  7.593216e+00
   endloop
 endfacet
 facet normal -1.000000e+00  0.000000e+00  0.000000e+00
   outer loop
     vertex  7.150000e+01  5.000000e+00  3.000000e+00
     vertex  7.150000e+01  1.040357e+01  7.623673e+00
     vertex  7.150000e+01  1.044131e+01  7.607927e+00
   endloop
 endfacet
 facet normal -1.000000e+00  0.000000e+00  0.000000e+00
   outer loop
     vertex  7.150000e+01  5.000000e+00  3.000000e+00
     vertex  7.150000e+01  1.036628e+01  7.640442e+00
     vertex  7.150000e+01  1.040357e+01  7.623673e+00
   endloop
 endfacet
 facet normal -1.000000e+00  0.000000e+00  0.000000e+00
   outer loop
     vertex  7.150000e+01  5.000000e+00  3.000000e+00
     vertex  7.150000e+01  1.032946e+01  7.658221e+00
     vertex  7.150000e+01  1.036628e+01  7.640442e+00
   endloop
 endfacet
 facet normal -1.000000e+00  0.000000e+00  0.000000e+00
   outer loop
     vertex  7.150000e+01  5.000000e+00  3.000000e+00
     vertex  7.150000e+01  1.029313e+01  7.676997e+00
     vertex  7.150000e+01  1.032946e+01  7.658221e+00
   endloop
 endfacet
 facet normal -1.000000e+00  0.000000e+00  0.000000e+00
   outer loop
     vertex  7.150000e+01  5.000000e+00  3.000000e+00
     vertex  7.150000e+01  1.025733e+01  7.696757e+00
     vertex  7.150000e+01  1.029313e+01  7.676997e+00
   endloop
 endfacet
 facet normal -1.000000e+00  0.000000e+00  0.000000e+00
   outer loop
     vertex  7.150000e+01  5.000000e+00  3.000000e+00
     vertex  7.150000e+01  1.022208e+01  7.717484e+00
     vertex  7.150000e+01  1.025733e+01  7.696757e+00
   endloop
 endfacet
 facet normal -1.000000e+00  0.000000e+00  0.000000e+00
   outer loop
     vertex  7.150000e+01  5.000000e+00  3.000000e+00
     vertex  7.150000e+01  1.018741e+01  7.739165e+00
     vertex  7.150000e+01  1.022208e+01  7.717484e+00
   endloop
 endfacet
 facet normal -1.000000e+00  0.000000e+00  0.000000e+00
   outer loop
     vertex  7.150000e+01  5.000000e+00  3.000000e+00
     vertex  7.150000e+01  1.015335e+01  7.761783e+00
     vertex  7.150000e+01  1.018741e+01  7.739165e+00
   endloop
 endfacet
 facet normal -1.000000e+00  0.000000e+00  0.000000e+00
   outer loop
     vertex  7.150000e+01  5.000000e+00  3.000000e+00
     vertex  7.150000e+01  1.011991e+01  7.785321e+00
     vertex  7.150000e+01  1.015335e+01  7.761783e+00
   endloop
 endfacet
 facet normal -1.000000e+00  0.000000e+00  0.000000e+00
   outer loop
     vertex  7.150000e+01  5.000000e+00  3.000000e+00
     vertex  7.150000e+01  1.008713e+01  7.809762e+00
     vertex  7.150000e+01  1.011991e+01  7.785321e+00
   endloop
 endfacet
 facet normal -1.000000e+00  0.000000e+00  0.000000e+00
   outer loop
     vertex  7.150000e+01  5.000000e+00  3.000000e+00
     vertex  7.150000e+01  1.005502e+01  7.835087e+00
     vertex  7.150000e+01  1.008713e+01  7.809762e+00
   endloop
 endfacet
 facet normal -1.000000e+00  0.000000e+00  0.000000e+00
   outer loop
     vertex  7.150000e+01  5.000000e+00  3.000000e+00
     vertex  7.150000e+01  1.002362e+01  7.861278e+00
     vertex  7.150000e+01  1.005502e+01  7.835087e+00
   endloop
 endfacet
 facet normal -1.000000e+00  0.000000e+00  0.000000e+00
   outer loop
     vertex  7.150000e+01  5.000000e+00  3.000000e+00
     vertex  7.150000e+01  9.992947e+00  7.888315e+00
     vertex  7.150000e+01  1.002362e+01  7.861278e+00
   endloop
 endfacet
 facet normal -1.000000e+00  0.000000e+00  0.000000e+00
   outer loop
     vertex  7.150000e+01  5.000000e+00  3.000000e+00
     vertex  7.150000e+01  9.963019e+00  7.916178e+00
     vertex  7.150000e+01  9.992947e+00  7.888315e+00
   endloop
 endfacet
 facet normal -1.000000e+00  0.000000e+00 -0.000000e+00
   outer loop
     vertex  7.150000e+01  9.933861e+00  7.944847e+00
     vertex  7.150000e+01  9.963019e+00  7.916178e+00
     vertex  7.150000e+01  5.000000e+00  3.000000e+00
   endloop
 endfacet
 facet normal -1.000000e+00  0.000000e+00  0.000000e+00
   outer loop
     vertex  7.150000e+01  9.302789e+00  8.652836e+00
     vertex  7.150000e+01  9.651348e+00  8.343389e+00
     vertex  7.150000e+01  9.669747e+00  8.306872e+00
   endloop
 endfacet
 facet normal -1.000000e+00  0.000000e+00  0.000000e+00
   outer loop
     vertex  7.150000e+01  9.302789e+00  8.652836e+00
     vertex  7.150000e+01  9.633951e+00  8.380395e+00
     vertex  7.150000e+01  9.651348e+00  8.343389e+00
   endloop
 endfacet
 facet normal -1.000000e+00  0.000000e+00  0.000000e+00
   outer loop
     vertex  7.150000e+01  9.302789e+00  8.652836e+00
     vertex  7.150000e+01  9.617570e+00  8.417860e+00
     vertex  7.150000e+01  9.633951e+00  8.380395e+00
   endloop
 endfacet
 facet normal -1.000000e+00  0.000000e+00  0.000000e+00
   outer loop
     vertex  7.150000e+01  9.302789e+00  8.652836e+00
     vertex  7.150000e+01  9.602215e+00  8.455759e+00
     vertex  7.150000e+01  9.617570e+00  8.417860e+00
   endloop
 endfacet
 facet normal -1.000000e+00  0.000000e+00  0.000000e+00
   outer loop
     vertex  7.150000e+01  9.302789e+00  8.652836e+00
     vertex  7.150000e+01  9.587900e+00  8.494062e+00
     vertex  7.150000e+01  9.602215e+00  8.455759e+00
   endloop
 endfacet
 facet normal -1.000000e+00  0.000000e+00  0.000000e+00
   outer loop
     vertex  7.150000e+01  9.302789e+00  8.652836e+00
     vertex  7.150000e+01  9.574634e+00  8.532741e+00
     vertex  7.150000e+01  9.587900e+00  8.494062e+00
   endloop
 endfacet
 facet normal -1.000000e+00  0.000000e+00  0.000000e+00
   outer loop
     vertex  7.150000e+01  9.302789e+00  8.652836e+00
     vertex  7.150000e+01  9.562427e+00  8.571767e+00
     vertex  7.150000e+01  9.574634e+00  8.532741e+00
   endloop
 endfacet
 facet normal -1.000000e+00  0.000000e+00  0.000000e+00
   outer loop
     vertex  7.150000e+01  9.302789e+00  8.652836e+00
     vertex  7.150000e+01  9.551288e+00  8.611111e+00
     vertex  7.150000e+01  9.562427e+00  8.571767e+00
   endloop
 endfacet
 facet normal -1.000000e+00  0.000000e+00  0.000000e+00
   outer loop
     vertex  7.150000e+01  9.055484e+00  8.701137e+00
     vertex  7.150000e+01  9.730817e+00  8.200517e+00
     vertex  7.150000e+01  9.753081e+00  8.166218e+00
   endloop
 endfacet
 facet normal -1.000000e+00  0.000000e+00  0.000000e+00
   outer loop
     vertex  7.150000e+01  9.055484e+00  8.701137e+00
     vertex  7.150000e+01  9.709496e+00  8.235409e+00
     vertex  7.150000e+01  9.730817e+00  8.200517e+00
   endloop
 endfacet
 facet normal -1.000000e+00  0.000000e+00  0.000000e+00
   outer loop
     vertex  7.150000e+01  9.055484e+00  8.701137e+00
     vertex  7.150000e+01  9.689134e+00  8.270869e+00
     vertex  7.150000e+01  9.709496e+00  8.235409e+00
   endloop
 endfacet
 facet normal -1.000000e+00  0.000000e+00  0.000000e+00
   outer loop
     vertex  7.150000e+01  9.055484e+00  8.701137e+00
     vertex  7.150000e+01  9.669747e+00  8.306872e+00
     vertex  7.150000e+01  9.689134e+00  8.270869e+00
   endloop
 endfacet
 facet normal -1.000000e+00  0.000000e+00  0.000000e+00
   outer loop
     vertex  7.150000e+01  9.055484e+00  8.701137e+00
     vertex  7.150000e+01  9.302789e+00  8.652836e+00
     vertex  7.150000e+01  9.669747e+00  8.306872e+00
   endloop
 endfacet
 facet normal -1.000000e+00  0.000000e+00  0.000000e+00
   outer loop
     vertex  7.150000e+01  8.809547e+00  8.755979e+00
     vertex  7.150000e+01  9.800371e+00  8.099506e+00
     vertex  7.150000e+01  9.825362e+00  8.067141e+00
   endloop
 endfacet
 facet normal -1.000000e+00  0.000000e+00  0.000000e+00
   outer loop
     vertex  7.150000e+01  8.809547e+00  8.755979e+00
     vertex  7.150000e+01  9.776271e+00  8.132540e+00
     vertex  7.150000e+01  9.800371e+00  8.099506e+00
   endloop
 endfacet
 facet normal -1.000000e+00  0.000000e+00  0.000000e+00
   outer loop
     vertex  7.150000e+01  8.809547e+00  8.755979e+00
     vertex  7.150000e+01  9.753081e+00  8.166218e+00
     vertex  7.150000e+01  9.776271e+00  8.132540e+00
   endloop
 endfacet
 facet normal -1.000000e+00  0.000000e+00  0.000000e+00
   outer loop
     vertex  7.150000e+01  8.809547e+00  8.755979e+00
     vertex  7.150000e+01  9.055484e+00  8.701137e+00
     vertex  7.150000e+01  9.753081e+00  8.166218e+00
   endloop
 endfacet
 facet normal -1.000000e+00  0.000000e+00  0.000000e+00
   outer loop
     vertex  7.150000e+01  8.565151e+00  8.817325e+00
     vertex  7.150000e+01  9.877944e+00  8.004515e+00
     vertex  7.150000e+01  9.905496e+00  7.974300e+00
   endloop
 endfacet
 facet normal -1.000000e+00  0.000000e+00  0.000000e+00
   outer loop
     vertex  7.150000e+01  8.565151e+00  8.817325e+00
     vertex  7.150000e+01  9.851226e+00  8.035469e+00
     vertex  7.150000e+01  9.877944e+00  8.004515e+00
   endloop
 endfacet
 facet normal -1.000000e+00  0.000000e+00  0.000000e+00
   outer loop
     vertex  7.150000e+01  8.565151e+00  8.817325e+00
     vertex  7.150000e+01  9.825362e+00  8.067141e+00
     vertex  7.150000e+01  9.851226e+00  8.035469e+00
   endloop
 endfacet
 facet normal -1.000000e+00  0.000000e+00  0.000000e+00
   outer loop
     vertex  7.150000e+01  8.565151e+00  8.817325e+00
     vertex  7.150000e+01  8.809547e+00  8.755979e+00
     vertex  7.150000e+01  9.825362e+00  8.067141e+00
   endloop
 endfacet
 facet normal -1.000000e+00  0.000000e+00  0.000000e+00
   outer loop
     vertex  7.150000e+01  8.322468e+00  8.885132e+00
     vertex  7.150000e+01  9.905496e+00  7.974300e+00
     vertex  7.150000e+01  9.933861e+00  7.944847e+00
   endloop
 endfacet
 facet normal -1.000000e+00  0.000000e+00 -0.000000e+00
   outer loop
     vertex  7.150000e+01  8.322468e+00  8.885132e+00
     vertex  7.150000e+01  9.933861e+00  7.944847e+00
     vertex  7.150000e+01  5.000000e+00  3.000000e+00
   endloop
 endfacet
 facet normal -1.000000e+00  0.000000e+00  0.000000e+00
   outer loop
     vertex  7.150000e+01  8.322468e+00  8.885132e+00
     vertex  7.150000e+01  8.565151e+00  8.817325e+00
     vertex  7.150000e+01  9.905496e+00  7.974300e+00
   endloop
 endfacet
 facet normal -1.000000e+00  0.000000e+00 -0.000000e+00
   outer loop
     vertex  7.150000e+01  8.081669e+00  8.959350e+00
     vertex  7.150000e+01  8.322468e+00  8.885132e+00
     vertex  7.150000e+01  5.000000e+00  3.000000e+00
   endloop
 endfacet
 facet normal -1.000000e+00  0.000000e+00 -0.000000e+00
   outer loop
     vertex  7.150000e+01  7.842923e+00  9.039929e+00
     vertex  7.150000e+01  8.081669e+00  8.959350e+00
     vertex  7.150000e+01  5.000000e+00  3.000000e+00
   endloop
 endfacet
 facet normal -1.000000e+00  0.000000e+00 -0.000000e+00
   outer loop
     vertex  7.150000e+01  7.606398e+00  9.126812e+00
     vertex  7.150000e+01  7.842923e+00  9.039929e+00
     vertex  7.150000e+01  5.000000e+00  3.000000e+00
   endloop
 endfacet
 facet normal -1.000000e+00  0.000000e+00 -0.000000e+00
   outer loop
     vertex  7.150000e+01  7.372260e+00  9.219937e+00
     vertex  7.150000e+01  7.606398e+00  9.126812e+00
     vertex  7.150000e+01  5.000000e+00  3.000000e+00
   endloop
 endfacet
 facet normal -1.000000e+00  0.000000e+00 -0.000000e+00
   outer loop
     vertex  7.150000e+01  7.140675e+00  9.319239e+00
     vertex  7.150000e+01  7.372260e+00  9.219937e+00
     vertex  7.150000e+01  5.000000e+00  3.000000e+00
   endloop
 endfacet
 facet normal -1.000000e+00  0.000000e+00 -0.000000e+00
   outer loop
     vertex  7.150000e+01  6.911804e+00  9.424648e+00
     vertex  7.150000e+01  7.140675e+00  9.319239e+00
     vertex  7.150000e+01  5.000000e+00  3.000000e+00
   endloop
 endfacet
 facet normal -1.000000e+00  0.000000e+00 -0.000000e+00
   outer loop
     vertex  7.150000e+01  6.685810e+00  9.536090e+00
     vertex  7.150000e+01  6.911804e+00  9.424648e+00
     vertex  7.150000e+01  5.000000e+00  3.000000e+00
   endloop
 endfacet
 facet normal -1.000000e+00  0.000000e+00 -0.000000e+00
   outer loop
     vertex  7.150000e+01  6.462851e+00  9.653487e+00
     vertex  7.150000e+01  6.685810e+00  9.536090e+00
     vertex  7.150000e+01  5.000000e+00  3.000000e+00
   endloop
 endfacet
 facet normal -1.000000e+00  0.000000e+00 -0.000000e+00
   outer loop
     vertex  7.150000e+01  6.243084e+00  9.776756e+00
     vertex  7.150000e+01  6.462851e+00  9.653487e+00
     vertex  7.150000e+01  5.000000e+00  3.000000e+00
   endloop
 endfacet
 facet normal -1.000000e+00  0.000000e+00 -0.000000e+00
   outer loop
     vertex  7.150000e+01  6.026663e+00  9.905809e+00
     vertex  7.150000e+01  6.243084e+00  9.776756e+00
     vertex  7.150000e+01  5.000000e+00  3.000000e+00
   endloop
 endfacet
 facet normal -1.000000e+00  0.000000e+00 -0.000000e+00
   outer loop
     vertex  7.150000e+01  5.813742e+00  1.004056e+01
     vertex  7.150000e+01  6.026663e+00  9.905809e+00
     vertex  7.150000e+01  5.000000e+00  3.000000e+00
   endloop
 endfacet
 facet normal -1.000000e+00  0.000000e+00 -0.000000e+00
   outer loop
     vertex  7.150000e+01  5.604469e+00  1.018091e+01
     vertex  7.150000e+01  5.813742e+00  1.004056e+01
     vertex  7.150000e+01  5.000000e+00  3.000000e+00
   endloop
 endfacet
 facet normal -1.000000e+00  0.000000e+00 -0.000000e+00
   outer loop
     vertex  7.150000e+01  5.398991e+00  1.032675e+01
     vertex  7.150000e+01  5.604469e+00  1.018091e+01
     vertex  7.150000e+01  5.000000e+00  3.000000e+00
   endloop
 endfacet
 facet normal -1.000000e+00  0.000000e+00 -0.000000e+00
   outer loop
     vertex  7.150000e+01  5.197455e+00  1.047800e+01
     vertex  7.150000e+01  5.398991e+00  1.032675e+01
     vertex  7.150000e+01  5.000000e+00  3.000000e+00
   endloop
 endfacet
 facet normal -1.000000e+00  0.000000e+00  0.000000e+00
   outer loop
     vertex  7.150000e+01  5.000000e+00  1.063454e+01
     vertex  7.150000e+01  5.197455e+00  1.047800e+01
     vertex  7.150000e+01  5.000000e+00  3.000000e+00
   endloop
 endfacet
 facet normal  0.000000e+00  0.000000e+00  1.000000e+00
   outer loop
     vertex  4.500000e+00  1.700000e+01  3.000000e+00
     vertex  4.500000e+00  5.000000e+00  3.000000e+00
     vertex  6.000000e+00  5.000000e+00  3.000000e+00
   endloop
 endfacet
 facet normal  0.000000e+00  0.000000e+00  1.000000e+00
   outer loop
     vertex  6.000000e+00  1.700000e+01  3.000000e+00
     vertex  4.500000e+00  1.700000e+01  3.000000e+00
     vertex  6.000000e+00  5.000000e+00  3.000000e+00
   endloop
 endfacet
 facet normal  0.000000e+00  0.000000e+00  1.000000e+00
   outer loop
     vertex  7.000000e+01  1.700000e+01  3.000000e+00
     vertex  7.000000e+01  5.000000e+00  3.000000e+00
     vertex  7.150000e+01  5.000000e+00  3.000000e+00
   endloop
 endfacet
 facet normal  0.000000e+00  0.000000e+00  1.000000e+00
   outer loop
     vertex  7.150000e+01  1.700000e+01  3.000000e+00
     vertex  7.000000e+01  1.700000e+01  3.000000e+00
     vertex  7.150000e+01  5.000000e+00  3.000000e+00
   endloop
 endfacet
endsolid
