solid 
 facet normal  0.000000e+00 -1.000000e+00  0.000000e+00
   outer loop
     vertex  1.389898e+01  1.100000e+01  0.000000e+00
     vertex  1.500000e+01  1.100000e+01  0.000000e+00
     vertex  1.500000e+01  1.100000e+01  6.000000e+01
   endloop
 endfacet
 facet normal  0.000000e+00 -1.000000e+00  0.000000e+00
   outer loop
     vertex  1.389898e+01  1.100000e+01  0.000000e+00
     vertex  1.500000e+01  1.100000e+01  6.000000e+01
     vertex  1.389898e+01  1.100000e+01  6.000000e+01
   endloop
 endfacet
 facet normal  0.000000e+00 -0.000000e+00 -1.000000e+00
   outer loop
     vertex  4.400618e+00  6.529489e+00  0.000000e+00
     vertex  4.497045e+00  6.432185e+00  0.000000e+00
     vertex  0.000000e+00  0.000000e+00  0.000000e+00
   endloop
 endfacet
 facet normal -0.000000e+00  0.000000e+00 -1.000000e+00
   outer loop
     vertex  4.596102e+00  6.337558e+00  0.000000e+00
     vertex  0.000000e+00  0.000000e+00  0.000000e+00
     vertex  4.497045e+00  6.432185e+00  0.000000e+00
   endloop
 endfacet
 facet normal  0.000000e+00 -0.000000e+00 -1.000000e+00
   outer loop
     vertex  4.306892e+00  6.629399e+00  0.000000e+00
     vertex  4.400618e+00  6.529489e+00  0.000000e+00
     vertex  0.000000e+00  0.000000e+00  0.000000e+00
   endloop
 endfacet
 facet normal -0.000000e+00  0.000000e+00 -1.000000e+00
   outer loop
     vertex  4.697715e+00  6.245681e+00  0.000000e+00
     vertex  0.000000e+00  0.000000e+00  0.000000e+00
     vertex  4.596102e+00  6.337558e+00  0.000000e+00
   endloop
 endfacet
 facet normal  0.000000e+00 -0.000000e+00 -1.000000e+00
   outer loop
     vertex  4.215938e+00  6.731839e+00  0.000000e+00
     vertex  4.306892e+00  6.629399e+00  0.000000e+00
     vertex  0.000000e+00  0.000000e+00  0.000000e+00
   endloop
 endfacet
 facet normal -0.000000e+00  0.000000e+00 -1.000000e+00
   outer loop
     vertex  4.801806e+00  6.156622e+00  0.000000e+00
     vertex  0.000000e+00  0.000000e+00  0.000000e+00
     vertex  4.697715e+00  6.245681e+00  0.000000e+00
   endloop
 endfacet
 facet normal  0.000000e+00 -0.000000e+00 -1.000000e+00
   outer loop
     vertex  4.127826e+00  6.836732e+00  0.000000e+00
     vertex  4.215938e+00  6.731839e+00  0.000000e+00
     vertex  0.000000e+00  0.000000e+00  0.000000e+00
   endloop
 endfacet
 facet normal -0.000000e+00  0.000000e+00 -1.000000e+00
   outer loop
     vertex  4.908298e+00  6.070448e+00  0.000000e+00
     vertex  0.000000e+00  0.000000e+00  0.000000e+00
     vertex  4.801806e+00  6.156622e+00  0.000000e+00
   endloop
 endfacet
 facet normal  0.000000e+00 -0.000000e+00 -1.000000e+00
   outer loop
     vertex  4.042619e+00  6.944000e+00  0.000000e+00
     vertex  4.127826e+00  6.836732e+00  0.000000e+00
     vertex  0.000000e+00  0.000000e+00  0.000000e+00
   endloop
 endfacet
 facet normal -0.000000e+00  0.000000e+00 -1.000000e+00
   outer loop
     vertex  5.017110e+00  5.987224e+00  0.000000e+00
     vertex  0.000000e+00  0.000000e+00  0.000000e+00
     vertex  4.908298e+00  6.070448e+00  0.000000e+00
   endloop
 endfacet
 facet normal  0.000000e+00 -0.000000e+00 -1.000000e+00
   outer loop
     vertex  3.960384e+00  7.053561e+00  0.000000e+00
     vertex  4.042619e+00  6.944000e+00  0.000000e+00
     vertex  0.000000e+00  0.000000e+00  0.000000e+00
   endloop
 endfacet
 facet normal -0.000000e+00  0.000000e+00 -1.000000e+00
   outer loop
     vertex  5.128162e+00  5.907012e+00  0.000000e+00
     vertex  0.000000e+00  0.000000e+00  0.000000e+00
     vertex  5.017110e+00  5.987224e+00  0.000000e+00
   endloop
 endfacet
 facet normal  0.000000e+00 -0.000000e+00 -1.000000e+00
   outer loop
     vertex  3.881181e+00  7.165335e+00  0.000000e+00
     vertex  3.960384e+00  7.053561e+00  0.000000e+00
     vertex  0.000000e+00  0.000000e+00  0.000000e+00
   endloop
 endfacet
 facet normal -0.000000e+00  0.000000e+00 -1.000000e+00
   outer loop
     vertex  5.241370e+00  5.829873e+00  0.000000e+00
     vertex  0.000000e+00  0.000000e+00  0.000000e+00
     vertex  5.128162e+00  5.907012e+00  0.000000e+00
   endloop
 endfacet
 facet normal  0.000000e+00 -0.000000e+00 -1.000000e+00
   outer loop
     vertex  3.805069e+00  7.279236e+00  0.000000e+00
     vertex  3.881181e+00  7.165335e+00  0.000000e+00
     vertex  0.000000e+00  0.000000e+00  0.000000e+00
   endloop
 endfacet
 facet normal -0.000000e+00  0.000000e+00 -1.000000e+00
   outer loop
     vertex  5.356648e+00  5.755864e+00  0.000000e+00
     vertex  0.000000e+00  0.000000e+00  0.000000e+00
     vertex  5.241370e+00  5.829873e+00  0.000000e+00
   endloop
 endfacet
 facet normal  0.000000e+00 -0.000000e+00 -1.000000e+00
   outer loop
     vertex  3.732107e+00  7.395180e+00  0.000000e+00
     vertex  3.805069e+00  7.279236e+00  0.000000e+00
     vertex  0.000000e+00  0.000000e+00  0.000000e+00
   endloop
 endfacet
 facet normal -0.000000e+00  0.000000e+00 -1.000000e+00
   outer loop
     vertex  5.473911e+00  5.685041e+00  0.000000e+00
     vertex  0.000000e+00  0.000000e+00  0.000000e+00
     vertex  5.356648e+00  5.755864e+00  0.000000e+00
   endloop
 endfacet
 facet normal  0.000000e+00 -0.000000e+00 -1.000000e+00
   outer loop
     vertex  3.662348e+00  7.513079e+00  0.000000e+00
     vertex  3.732107e+00  7.395180e+00  0.000000e+00
     vertex  0.000000e+00  0.000000e+00  0.000000e+00
   endloop
 endfacet
 facet normal -0.000000e+00  0.000000e+00 -1.000000e+00
   outer loop
     vertex  5.593070e+00  5.617457e+00  0.000000e+00
     vertex  0.000000e+00  0.000000e+00  0.000000e+00
     vertex  5.473911e+00  5.685041e+00  0.000000e+00
   endloop
 endfacet
 facet normal  0.000000e+00 -0.000000e+00 -1.000000e+00
   outer loop
     vertex  3.595846e+00  7.632845e+00  0.000000e+00
     vertex  3.662348e+00  7.513079e+00  0.000000e+00
     vertex  0.000000e+00  0.000000e+00  0.000000e+00
   endloop
 endfacet
 facet normal -0.000000e+00  0.000000e+00 -1.000000e+00
   outer loop
     vertex  5.714035e+00  5.553162e+00  0.000000e+00
     vertex  0.000000e+00  0.000000e+00  0.000000e+00
     vertex  5.593070e+00  5.617457e+00  0.000000e+00
   endloop
 endfacet
 facet normal  0.000000e+00 -0.000000e+00 -1.000000e+00
   outer loop
     vertex  3.532649e+00  7.754387e+00  0.000000e+00
     vertex  3.595846e+00  7.632845e+00  0.000000e+00
     vertex  0.000000e+00  0.000000e+00  0.000000e+00
   endloop
 endfacet
 facet normal -0.000000e+00  0.000000e+00 -1.000000e+00
   outer loop
     vertex  5.836717e+00  5.492206e+00  0.000000e+00
     vertex  0.000000e+00  0.000000e+00  0.000000e+00
     vertex  5.714035e+00  5.553162e+00  0.000000e+00
   endloop
 endfacet
 facet normal  0.000000e+00 -0.000000e+00 -1.000000e+00
   outer loop
     vertex  3.472806e+00  7.877616e+00  0.000000e+00
     vertex  3.532649e+00  7.754387e+00  0.000000e+00
     vertex  0.000000e+00  0.000000e+00  0.000000e+00
   endloop
 endfacet
 facet normal -0.000000e+00  0.000000e+00 -1.000000e+00
   outer loop
     vertex  5.961023e+00  5.434634e+00  0.000000e+00
     vertex  0.000000e+00  0.000000e+00  0.000000e+00
     vertex  5.836717e+00  5.492206e+00  0.000000e+00
   endloop
 endfacet
 facet normal  0.000000e+00 -0.000000e+00 -1.000000e+00
   outer loop
     vertex  3.416361e+00  8.002438e+00  0.000000e+00
     vertex  3.472806e+00  7.877616e+00  0.000000e+00
     vertex  0.000000e+00  0.000000e+00  0.000000e+00
   endloop
 endfacet
 facet normal -0.000000e+00  0.000000e+00 -1.000000e+00
   outer loop
     vertex  6.086859e+00  5.380488e+00  0.000000e+00
     vertex  0.000000e+00  0.000000e+00  0.000000e+00
     vertex  5.961023e+00  5.434634e+00  0.000000e+00
   endloop
 endfacet
 facet normal  0.000000e+00 -0.000000e+00 -1.000000e+00
   outer loop
     vertex  3.363357e+00  8.128759e+00  0.000000e+00
     vertex  3.416361e+00  8.002438e+00  0.000000e+00
     vertex  0.000000e+00  0.000000e+00  0.000000e+00
   endloop
 endfacet
 facet normal -0.000000e+00  0.000000e+00 -1.000000e+00
   outer loop
     vertex  6.214131e+00  5.329810e+00  0.000000e+00
     vertex  0.000000e+00  0.000000e+00  0.000000e+00
     vertex  6.086859e+00  5.380488e+00  0.000000e+00
   endloop
 endfacet
 facet normal  0.000000e+00 -0.000000e+00 -1.000000e+00
   outer loop
     vertex  3.313834e+00  8.256485e+00  0.000000e+00
     vertex  3.363357e+00  8.128759e+00  0.000000e+00
     vertex  0.000000e+00  0.000000e+00  0.000000e+00
   endloop
 endfacet
 facet normal -0.000000e+00  0.000000e+00 -1.000000e+00
   outer loop
     vertex  6.342744e+00  5.282638e+00  0.000000e+00
     vertex  0.000000e+00  0.000000e+00  0.000000e+00
     vertex  6.214131e+00  5.329810e+00  0.000000e+00
   endloop
 endfacet
 facet normal  0.000000e+00 -0.000000e+00 -1.000000e+00
   outer loop
     vertex  3.267828e+00  8.385519e+00  0.000000e+00
     vertex  3.313834e+00  8.256485e+00  0.000000e+00
     vertex  0.000000e+00  0.000000e+00  0.000000e+00
   endloop
 endfacet
 facet normal -0.000000e+00  0.000000e+00 -1.000000e+00
   outer loop
     vertex  6.472601e+00  5.239007e+00  0.000000e+00
     vertex  0.000000e+00  0.000000e+00  0.000000e+00
     vertex  6.342744e+00  5.282638e+00  0.000000e+00
   endloop
 endfacet
 facet normal  0.000000e+00 -0.000000e+00 -1.000000e+00
   outer loop
     vertex  3.225375e+00  8.515766e+00  0.000000e+00
     vertex  3.267828e+00  8.385519e+00  0.000000e+00
     vertex  0.000000e+00  0.000000e+00  0.000000e+00
   endloop
 endfacet
 facet normal -0.000000e+00  0.000000e+00 -1.000000e+00
   outer loop
     vertex  6.603604e+00  5.198950e+00  0.000000e+00
     vertex  0.000000e+00  0.000000e+00  0.000000e+00
     vertex  6.472601e+00  5.239007e+00  0.000000e+00
   endloop
 endfacet
 facet normal  0.000000e+00 -0.000000e+00 -1.000000e+00
   outer loop
     vertex  3.186505e+00  8.647126e+00  0.000000e+00
     vertex  3.225375e+00  8.515766e+00  0.000000e+00
     vertex  0.000000e+00  0.000000e+00  0.000000e+00
   endloop
 endfacet
 facet normal -0.000000e+00  0.000000e+00 -1.000000e+00
   outer loop
     vertex  6.735656e+00  5.162497e+00  0.000000e+00
     vertex  0.000000e+00  0.000000e+00  0.000000e+00
     vertex  6.603604e+00  5.198950e+00  0.000000e+00
   endloop
 endfacet
 facet normal  0.000000e+00 -0.000000e+00 -1.000000e+00
   outer loop
     vertex  3.151249e+00  8.779503e+00  0.000000e+00
     vertex  3.186505e+00  8.647126e+00  0.000000e+00
     vertex  0.000000e+00  0.000000e+00  0.000000e+00
   endloop
 endfacet
 facet normal -0.000000e+00  0.000000e+00 -1.000000e+00
   outer loop
     vertex  6.868656e+00  5.129675e+00  0.000000e+00
     vertex  0.000000e+00  0.000000e+00  0.000000e+00
     vertex  6.735656e+00  5.162497e+00  0.000000e+00
   endloop
 endfacet
 facet normal  0.000000e+00 -0.000000e+00 -1.000000e+00
   outer loop
     vertex  3.119633e+00  8.912795e+00  0.000000e+00
     vertex  3.151249e+00  8.779503e+00  0.000000e+00
     vertex  0.000000e+00  0.000000e+00  0.000000e+00
   endloop
 endfacet
 facet normal -0.000000e+00  0.000000e+00 -1.000000e+00
   outer loop
     vertex  7.002506e+00  5.100510e+00  0.000000e+00
     vertex  0.000000e+00  0.000000e+00  0.000000e+00
     vertex  6.868656e+00  5.129675e+00  0.000000e+00
   endloop
 endfacet
 facet normal  0.000000e+00 -0.000000e+00 -1.000000e+00
   outer loop
     vertex  3.091680e+00  9.046903e+00  0.000000e+00
     vertex  3.119633e+00  8.912795e+00  0.000000e+00
     vertex  0.000000e+00  0.000000e+00  0.000000e+00
   endloop
 endfacet
 facet normal -0.000000e+00  0.000000e+00 -1.000000e+00
   outer loop
     vertex  7.137105e+00  5.075022e+00  0.000000e+00
     vertex  0.000000e+00  0.000000e+00  0.000000e+00
     vertex  7.002506e+00  5.100510e+00  0.000000e+00
   endloop
 endfacet
 facet normal  0.000000e+00 -0.000000e+00 -1.000000e+00
   outer loop
     vertex  3.067411e+00  9.181727e+00  0.000000e+00
     vertex  3.091680e+00  9.046903e+00  0.000000e+00
     vertex  0.000000e+00  0.000000e+00  0.000000e+00
   endloop
 endfacet
 facet normal -0.000000e+00  0.000000e+00 -1.000000e+00
   outer loop
     vertex  7.272351e+00  5.053231e+00  0.000000e+00
     vertex  0.000000e+00  0.000000e+00  0.000000e+00
     vertex  7.137105e+00  5.075022e+00  0.000000e+00
   endloop
 endfacet
 facet normal  0.000000e+00 -0.000000e+00 -1.000000e+00
   outer loop
     vertex  3.046846e+00  9.317166e+00  0.000000e+00
     vertex  3.067411e+00  9.181727e+00  0.000000e+00
     vertex  0.000000e+00  0.000000e+00  0.000000e+00
   endloop
 endfacet
 facet normal -0.000000e+00  0.000000e+00 -1.000000e+00
   outer loop
     vertex  7.408144e+00  5.035153e+00  0.000000e+00
     vertex  0.000000e+00  0.000000e+00  0.000000e+00
     vertex  7.272351e+00  5.053231e+00  0.000000e+00
   endloop
 endfacet
 facet normal  0.000000e+00 -0.000000e+00 -1.000000e+00
   outer loop
     vertex  3.029998e+00  9.453116e+00  0.000000e+00
     vertex  3.046846e+00  9.317166e+00  0.000000e+00
     vertex  0.000000e+00  0.000000e+00  0.000000e+00
   endloop
 endfacet
 facet normal -0.000000e+00  0.000000e+00 -1.000000e+00
   outer loop
     vertex  7.544381e+00  5.020802e+00  0.000000e+00
     vertex  0.000000e+00  0.000000e+00  0.000000e+00
     vertex  7.408144e+00  5.035153e+00  0.000000e+00
   endloop
 endfacet
 facet normal  0.000000e+00 -0.000000e+00 -1.000000e+00
   outer loop
     vertex  3.016881e+00  9.589478e+00  0.000000e+00
     vertex  3.029998e+00  9.453116e+00  0.000000e+00
     vertex  0.000000e+00  0.000000e+00  0.000000e+00
   endloop
 endfacet
 facet normal -0.000000e+00  0.000000e+00 -1.000000e+00
   outer loop
     vertex  7.680960e+00  5.010189e+00  0.000000e+00
     vertex  0.000000e+00  0.000000e+00  0.000000e+00
     vertex  7.544381e+00  5.020802e+00  0.000000e+00
   endloop
 endfacet
 facet normal  0.000000e+00 -0.000000e+00 -1.000000e+00
   outer loop
     vertex  3.007505e+00  9.726147e+00  0.000000e+00
     vertex  3.016881e+00  9.589478e+00  0.000000e+00
     vertex  0.000000e+00  0.000000e+00  0.000000e+00
   endloop
 endfacet
 facet normal -0.000000e+00  0.000000e+00 -1.000000e+00
   outer loop
     vertex  7.817778e+00  5.003322e+00  0.000000e+00
     vertex  0.000000e+00  0.000000e+00  0.000000e+00
     vertex  7.680960e+00  5.010189e+00  0.000000e+00
   endloop
 endfacet
 facet normal  0.000000e+00 -0.000000e+00 -1.000000e+00
   outer loop
     vertex  3.001877e+00  9.863022e+00  0.000000e+00
     vertex  3.007505e+00  9.726147e+00  0.000000e+00
     vertex  0.000000e+00  0.000000e+00  0.000000e+00
   endloop
 endfacet
 facet normal  0.000000e+00 -0.000000e+00 -1.000000e+00
   outer loop
     vertex  3.000000e+00  1.000000e+01  0.000000e+00
     vertex  3.001877e+00  9.863022e+00  0.000000e+00
     vertex  0.000000e+00  0.000000e+00  0.000000e+00
   endloop
 endfacet
 facet normal  0.000000e+00  0.000000e+00 -1.000000e+00
   outer loop
     vertex  1.500000e+01  0.000000e+00  0.000000e+00
     vertex  0.000000e+00  0.000000e+00  0.000000e+00
     vertex  7.817778e+00  5.003322e+00  0.000000e+00
   endloop
 endfacet
 facet normal  0.000000e+00  0.000000e+00 -1.000000e+00
   outer loop
     vertex  1.500000e+01  0.000000e+00  0.000000e+00
     vertex  7.817778e+00  5.003322e+00  0.000000e+00
     vertex  7.954734e+00  5.000205e+00  0.000000e+00
   endloop
 endfacet
 facet normal  0.000000e+00  0.000000e+00 -1.000000e+00
   outer loop
     vertex  1.500000e+01  0.000000e+00  0.000000e+00
     vertex  7.954734e+00  5.000205e+00  0.000000e+00
     vertex  8.091723e+00  5.000841e+00  0.000000e+00
   endloop
 endfacet
 facet normal  0.000000e+00  0.000000e+00 -1.000000e+00
   outer loop
     vertex  1.500000e+01  0.000000e+00  0.000000e+00
     vertex  8.091723e+00  5.000841e+00  0.000000e+00
     vertex  8.228643e+00  5.005231e+00  0.000000e+00
   endloop
 endfacet
 facet normal  0.000000e+00  0.000000e+00 -1.000000e+00
   outer loop
     vertex  1.500000e+01  0.000000e+00  0.000000e+00
     vertex  8.228643e+00  5.005231e+00  0.000000e+00
     vertex  8.365392e+00  5.013369e+00  0.000000e+00
   endloop
 endfacet
 facet normal  0.000000e+00  0.000000e+00 -1.000000e+00
   outer loop
     vertex  1.500000e+01  0.000000e+00  0.000000e+00
     vertex  8.365392e+00  5.013369e+00  0.000000e+00
     vertex  8.501866e+00  5.025251e+00  0.000000e+00
   endloop
 endfacet
 facet normal  0.000000e+00  0.000000e+00 -1.000000e+00
   outer loop
     vertex  1.500000e+01  0.000000e+00  0.000000e+00
     vertex  8.501866e+00  5.025251e+00  0.000000e+00
     vertex  8.637964e+00  5.040867e+00  0.000000e+00
   endloop
 endfacet
 facet normal  0.000000e+00  0.000000e+00 -1.000000e+00
   outer loop
     vertex  1.500000e+01  0.000000e+00  0.000000e+00
     vertex  8.637964e+00  5.040867e+00  0.000000e+00
     vertex  8.773583e+00  5.060206e+00  0.000000e+00
   endloop
 endfacet
 facet normal  0.000000e+00  0.000000e+00 -1.000000e+00
   outer loop
     vertex  1.500000e+01  0.000000e+00  0.000000e+00
     vertex  8.773583e+00  5.060206e+00  0.000000e+00
     vertex  8.908621e+00  5.083252e+00  0.000000e+00
   endloop
 endfacet
 facet normal  0.000000e+00  0.000000e+00 -1.000000e+00
   outer loop
     vertex  1.500000e+01  0.000000e+00  0.000000e+00
     vertex  8.908621e+00  5.083252e+00  0.000000e+00
     vertex  9.042977e+00  5.109990e+00  0.000000e+00
   endloop
 endfacet
 facet normal  0.000000e+00  0.000000e+00 -1.000000e+00
   outer loop
     vertex  1.500000e+01  0.000000e+00  0.000000e+00
     vertex  9.042977e+00  5.109990e+00  0.000000e+00
     vertex  9.176550e+00  5.140398e+00  0.000000e+00
   endloop
 endfacet
 facet normal  0.000000e+00  0.000000e+00 -1.000000e+00
   outer loop
     vertex  1.500000e+01  0.000000e+00  0.000000e+00
     vertex  9.176550e+00  5.140398e+00  0.000000e+00
     vertex  9.309240e+00  5.174454e+00  0.000000e+00
   endloop
 endfacet
 facet normal  0.000000e+00  0.000000e+00 -1.000000e+00
   outer loop
     vertex  1.500000e+01  0.000000e+00  0.000000e+00
     vertex  9.309240e+00  5.174454e+00  0.000000e+00
     vertex  9.440948e+00  5.212133e+00  0.000000e+00
   endloop
 endfacet
 facet normal  0.000000e+00  0.000000e+00 -1.000000e+00
   outer loop
     vertex  1.500000e+01  0.000000e+00  0.000000e+00
     vertex  9.440948e+00  5.212133e+00  0.000000e+00
     vertex  9.571573e+00  5.253406e+00  0.000000e+00
   endloop
 endfacet
 facet normal  0.000000e+00  0.000000e+00 -1.000000e+00
   outer loop
     vertex  1.500000e+01  0.000000e+00  0.000000e+00
     vertex  9.571573e+00  5.253406e+00  0.000000e+00
     vertex  9.701019e+00  5.298241e+00  0.000000e+00
   endloop
 endfacet
 facet normal  0.000000e+00 -0.000000e+00 -1.000000e+00
   outer loop
     vertex  9.829188e+00  5.346606e+00  0.000000e+00
     vertex  1.500000e+01  0.000000e+00  0.000000e+00
     vertex  9.701019e+00  5.298241e+00  0.000000e+00
   endloop
 endfacet
 facet normal  0.000000e+00 -0.000000e+00 -1.000000e+00
   outer loop
     vertex  9.955984e+00  5.398465e+00  0.000000e+00
     vertex  1.500000e+01  0.000000e+00  0.000000e+00
     vertex  9.829188e+00  5.346606e+00  0.000000e+00
   endloop
 endfacet
 facet normal  0.000000e+00 -0.000000e+00 -1.000000e+00
   outer loop
     vertex  1.008131e+01  5.453777e+00  0.000000e+00
     vertex  1.500000e+01  0.000000e+00  0.000000e+00
     vertex  9.955984e+00  5.398465e+00  0.000000e+00
   endloop
 endfacet
 facet normal  0.000000e+00 -0.000000e+00 -1.000000e+00
   outer loop
     vertex  1.020508e+01  5.512502e+00  0.000000e+00
     vertex  1.500000e+01  0.000000e+00  0.000000e+00
     vertex  1.008131e+01  5.453777e+00  0.000000e+00
   endloop
 endfacet
 facet normal  0.000000e+00 -0.000000e+00 -1.000000e+00
   outer loop
     vertex  1.032719e+01  5.574596e+00  0.000000e+00
     vertex  1.500000e+01  0.000000e+00  0.000000e+00
     vertex  1.020508e+01  5.512502e+00  0.000000e+00
   endloop
 endfacet
 facet normal  0.000000e+00 -0.000000e+00 -1.000000e+00
   outer loop
     vertex  1.044755e+01  5.640011e+00  0.000000e+00
     vertex  1.500000e+01  0.000000e+00  0.000000e+00
     vertex  1.032719e+01  5.574596e+00  0.000000e+00
   endloop
 endfacet
 facet normal  0.000000e+00 -0.000000e+00 -1.000000e+00
   outer loop
     vertex  1.056608e+01  5.708700e+00  0.000000e+00
     vertex  1.500000e+01  0.000000e+00  0.000000e+00
     vertex  1.044755e+01  5.640011e+00  0.000000e+00
   endloop
 endfacet
 facet normal  0.000000e+00 -0.000000e+00 -1.000000e+00
   outer loop
     vertex  1.068267e+01  5.780609e+00  0.000000e+00
     vertex  1.500000e+01  0.000000e+00  0.000000e+00
     vertex  1.056608e+01  5.708700e+00  0.000000e+00
   endloop
 endfacet
 facet normal  0.000000e+00 -0.000000e+00 -1.000000e+00
   outer loop
     vertex  1.079726e+01  5.855686e+00  0.000000e+00
     vertex  1.500000e+01  0.000000e+00  0.000000e+00
     vertex  1.068267e+01  5.780609e+00  0.000000e+00
   endloop
 endfacet
 facet normal  0.000000e+00 -0.000000e+00 -1.000000e+00
   outer loop
     vertex  1.090975e+01  5.933874e+00  0.000000e+00
     vertex  1.500000e+01  0.000000e+00  0.000000e+00
     vertex  1.079726e+01  5.855686e+00  0.000000e+00
   endloop
 endfacet
 facet normal  0.000000e+00 -0.000000e+00 -1.000000e+00
   outer loop
     vertex  1.102005e+01  6.015115e+00  0.000000e+00
     vertex  1.500000e+01  0.000000e+00  0.000000e+00
     vertex  1.090975e+01  5.933874e+00  0.000000e+00
   endloop
 endfacet
 facet normal  0.000000e+00 -0.000000e+00 -1.000000e+00
   outer loop
     vertex  1.112808e+01  6.099346e+00  0.000000e+00
     vertex  1.500000e+01  0.000000e+00  0.000000e+00
     vertex  1.102005e+01  6.015115e+00  0.000000e+00
   endloop
 endfacet
 facet normal  0.000000e+00 -0.000000e+00 -1.000000e+00
   outer loop
     vertex  1.123377e+01  6.186506e+00  0.000000e+00
     vertex  1.500000e+01  0.000000e+00  0.000000e+00
     vertex  1.112808e+01  6.099346e+00  0.000000e+00
   endloop
 endfacet
 facet normal  0.000000e+00 -0.000000e+00 -1.000000e+00
   outer loop
     vertex  1.133703e+01  6.276528e+00  0.000000e+00
     vertex  1.500000e+01  0.000000e+00  0.000000e+00
     vertex  1.123377e+01  6.186506e+00  0.000000e+00
   endloop
 endfacet
 facet normal  0.000000e+00 -0.000000e+00 -1.000000e+00
   outer loop
     vertex  1.143778e+01  6.369346e+00  0.000000e+00
     vertex  1.500000e+01  0.000000e+00  0.000000e+00
     vertex  1.133703e+01  6.276528e+00  0.000000e+00
   endloop
 endfacet
 facet normal  0.000000e+00 -0.000000e+00 -1.000000e+00
   outer loop
     vertex  1.153596e+01  6.464888e+00  0.000000e+00
     vertex  1.500000e+01  0.000000e+00  0.000000e+00
     vertex  1.143778e+01  6.369346e+00  0.000000e+00
   endloop
 endfacet
 facet normal  0.000000e+00 -0.000000e+00 -1.000000e+00
   outer loop
     vertex  1.163148e+01  6.563085e+00  0.000000e+00
     vertex  1.500000e+01  0.000000e+00  0.000000e+00
     vertex  1.153596e+01  6.464888e+00  0.000000e+00
   endloop
 endfacet
 facet normal  0.000000e+00 -0.000000e+00 -1.000000e+00
   outer loop
     vertex  1.172427e+01  6.663861e+00  0.000000e+00
     vertex  1.500000e+01  0.000000e+00  0.000000e+00
     vertex  1.163148e+01  6.563085e+00  0.000000e+00
   endloop
 endfacet
 facet normal  0.000000e+00 -0.000000e+00 -1.000000e+00
   outer loop
     vertex  1.181427e+01  6.767142e+00  0.000000e+00
     vertex  1.500000e+01  0.000000e+00  0.000000e+00
     vertex  1.172427e+01  6.663861e+00  0.000000e+00
   endloop
 endfacet
 facet normal  0.000000e+00 -0.000000e+00 -1.000000e+00
   outer loop
     vertex  1.190140e+01  6.872849e+00  0.000000e+00
     vertex  1.500000e+01  0.000000e+00  0.000000e+00
     vertex  1.181427e+01  6.767142e+00  0.000000e+00
   endloop
 endfacet
 facet normal  0.000000e+00 -0.000000e+00 -1.000000e+00
   outer loop
     vertex  1.198561e+01  6.980904e+00  0.000000e+00
     vertex  1.500000e+01  0.000000e+00  0.000000e+00
     vertex  1.190140e+01  6.872849e+00  0.000000e+00
   endloop
 endfacet
 facet normal  0.000000e+00 -0.000000e+00 -1.000000e+00
   outer loop
     vertex  1.206682e+01  7.091225e+00  0.000000e+00
     vertex  1.500000e+01  0.000000e+00  0.000000e+00
     vertex  1.198561e+01  6.980904e+00  0.000000e+00
   endloop
 endfacet
 facet normal  0.000000e+00  0.000000e+00 -1.000000e+00
   outer loop
     vertex  0.000000e+00  2.000000e+01  0.000000e+00
     vertex  3.119633e+00  1.108721e+01  0.000000e+00
     vertex  3.091680e+00  1.095310e+01  0.000000e+00
   endloop
 endfacet
 facet normal  0.000000e+00  0.000000e+00 -1.000000e+00
   outer loop
     vertex  0.000000e+00  2.000000e+01  0.000000e+00
     vertex  3.091680e+00  1.095310e+01  0.000000e+00
     vertex  3.067411e+00  1.081827e+01  0.000000e+00
   endloop
 endfacet
 facet normal  0.000000e+00  0.000000e+00 -1.000000e+00
   outer loop
     vertex  0.000000e+00  2.000000e+01  0.000000e+00
     vertex  3.067411e+00  1.081827e+01  0.000000e+00
     vertex  3.046846e+00  1.068283e+01  0.000000e+00
   endloop
 endfacet
 facet normal  0.000000e+00  0.000000e+00 -1.000000e+00
   outer loop
     vertex  0.000000e+00  2.000000e+01  0.000000e+00
     vertex  3.046846e+00  1.068283e+01  0.000000e+00
     vertex  3.029998e+00  1.054688e+01  0.000000e+00
   endloop
 endfacet
 facet normal  0.000000e+00  0.000000e+00 -1.000000e+00
   outer loop
     vertex  0.000000e+00  2.000000e+01  0.000000e+00
     vertex  3.029998e+00  1.054688e+01  0.000000e+00
     vertex  3.016881e+00  1.041052e+01  0.000000e+00
   endloop
 endfacet
 facet normal  0.000000e+00  0.000000e+00 -1.000000e+00
   outer loop
     vertex  0.000000e+00  2.000000e+01  0.000000e+00
     vertex  3.016881e+00  1.041052e+01  0.000000e+00
     vertex  3.007505e+00  1.027385e+01  0.000000e+00
   endloop
 endfacet
 facet normal  0.000000e+00  0.000000e+00 -1.000000e+00
   outer loop
     vertex  0.000000e+00  2.000000e+01  0.000000e+00
     vertex  3.007505e+00  1.027385e+01  0.000000e+00
     vertex  3.001877e+00  1.013698e+01  0.000000e+00
   endloop
 endfacet
 facet normal  0.000000e+00  0.000000e+00 -1.000000e+00
   outer loop
     vertex  0.000000e+00  2.000000e+01  0.000000e+00
     vertex  3.001877e+00  1.013698e+01  0.000000e+00
     vertex  3.000000e+00  1.000000e+01  0.000000e+00
   endloop
 endfacet
 facet normal  0.000000e+00  0.000000e+00 -1.000000e+00
   outer loop
     vertex  0.000000e+00  2.000000e+01  0.000000e+00
     vertex  3.000000e+00  1.000000e+01  0.000000e+00
     vertex  0.000000e+00  0.000000e+00  0.000000e+00
   endloop
 endfacet
 facet normal  0.000000e+00  0.000000e+00 -1.000000e+00
   outer loop
     vertex  0.000000e+00  2.000000e+01  0.000000e+00
     vertex  5.593070e+00  1.438254e+01  0.000000e+00
     vertex  5.473911e+00  1.431496e+01  0.000000e+00
   endloop
 endfacet
 facet normal  0.000000e+00  0.000000e+00 -1.000000e+00
   outer loop
     vertex  0.000000e+00  2.000000e+01  0.000000e+00
     vertex  5.473911e+00  1.431496e+01  0.000000e+00
     vertex  5.356648e+00  1.424414e+01  0.000000e+00
   endloop
 endfacet
 facet normal  0.000000e+00  0.000000e+00 -1.000000e+00
   outer loop
     vertex  0.000000e+00  2.000000e+01  0.000000e+00
     vertex  5.356648e+00  1.424414e+01  0.000000e+00
     vertex  5.241370e+00  1.417013e+01  0.000000e+00
   endloop
 endfacet
 facet normal  0.000000e+00  0.000000e+00 -1.000000e+00
   outer loop
     vertex  0.000000e+00  2.000000e+01  0.000000e+00
     vertex  5.241370e+00  1.417013e+01  0.000000e+00
     vertex  5.128162e+00  1.409299e+01  0.000000e+00
   endloop
 endfacet
 facet normal  0.000000e+00  0.000000e+00 -1.000000e+00
   outer loop
     vertex  0.000000e+00  2.000000e+01  0.000000e+00
     vertex  5.128162e+00  1.409299e+01  0.000000e+00
     vertex  5.017110e+00  1.401278e+01  0.000000e+00
   endloop
 endfacet
 facet normal  0.000000e+00  0.000000e+00 -1.000000e+00
   outer loop
     vertex  0.000000e+00  2.000000e+01  0.000000e+00
     vertex  5.017110e+00  1.401278e+01  0.000000e+00
     vertex  4.908298e+00  1.392955e+01  0.000000e+00
   endloop
 endfacet
 facet normal  0.000000e+00  0.000000e+00 -1.000000e+00
   outer loop
     vertex  0.000000e+00  2.000000e+01  0.000000e+00
     vertex  4.908298e+00  1.392955e+01  0.000000e+00
     vertex  4.801806e+00  1.384338e+01  0.000000e+00
   endloop
 endfacet
 facet normal  0.000000e+00  0.000000e+00 -1.000000e+00
   outer loop
     vertex  0.000000e+00  2.000000e+01  0.000000e+00
     vertex  4.801806e+00  1.384338e+01  0.000000e+00
     vertex  4.697715e+00  1.375432e+01  0.000000e+00
   endloop
 endfacet
 facet normal  0.000000e+00  0.000000e+00 -1.000000e+00
   outer loop
     vertex  0.000000e+00  2.000000e+01  0.000000e+00
     vertex  4.697715e+00  1.375432e+01  0.000000e+00
     vertex  4.596102e+00  1.366244e+01  0.000000e+00
   endloop
 endfacet
 facet normal  0.000000e+00  0.000000e+00 -1.000000e+00
   outer loop
     vertex  0.000000e+00  2.000000e+01  0.000000e+00
     vertex  4.596102e+00  1.366244e+01  0.000000e+00
     vertex  4.497045e+00  1.356782e+01  0.000000e+00
   endloop
 endfacet
 facet normal  0.000000e+00  0.000000e+00 -1.000000e+00
   outer loop
     vertex  0.000000e+00  2.000000e+01  0.000000e+00
     vertex  4.497045e+00  1.356782e+01  0.000000e+00
     vertex  4.400618e+00  1.347051e+01  0.000000e+00
   endloop
 endfacet
 facet normal  0.000000e+00  0.000000e+00 -1.000000e+00
   outer loop
     vertex  0.000000e+00  2.000000e+01  0.000000e+00
     vertex  4.400618e+00  1.347051e+01  0.000000e+00
     vertex  4.306892e+00  1.337060e+01  0.000000e+00
   endloop
 endfacet
 facet normal  0.000000e+00  0.000000e+00 -1.000000e+00
   outer loop
     vertex  0.000000e+00  2.000000e+01  0.000000e+00
     vertex  4.306892e+00  1.337060e+01  0.000000e+00
     vertex  4.215938e+00  1.326816e+01  0.000000e+00
   endloop
 endfacet
 facet normal  0.000000e+00  0.000000e+00 -1.000000e+00
   outer loop
     vertex  0.000000e+00  2.000000e+01  0.000000e+00
     vertex  4.215938e+00  1.326816e+01  0.000000e+00
     vertex  4.127826e+00  1.316327e+01  0.000000e+00
   endloop
 endfacet
 facet normal  0.000000e+00  0.000000e+00 -1.000000e+00
   outer loop
     vertex  0.000000e+00  2.000000e+01  0.000000e+00
     vertex  4.127826e+00  1.316327e+01  0.000000e+00
     vertex  4.042619e+00  1.305600e+01  0.000000e+00
   endloop
 endfacet
 facet normal  0.000000e+00  0.000000e+00 -1.000000e+00
   outer loop
     vertex  0.000000e+00  2.000000e+01  0.000000e+00
     vertex  4.042619e+00  1.305600e+01  0.000000e+00
     vertex  3.960384e+00  1.294644e+01  0.000000e+00
   endloop
 endfacet
 facet normal  0.000000e+00  0.000000e+00 -1.000000e+00
   outer loop
     vertex  0.000000e+00  2.000000e+01  0.000000e+00
     vertex  3.960384e+00  1.294644e+01  0.000000e+00
     vertex  3.881181e+00  1.283467e+01  0.000000e+00
   endloop
 endfacet
 facet normal  0.000000e+00  0.000000e+00 -1.000000e+00
   outer loop
     vertex  0.000000e+00  2.000000e+01  0.000000e+00
     vertex  3.881181e+00  1.283467e+01  0.000000e+00
     vertex  3.805069e+00  1.272076e+01  0.000000e+00
   endloop
 endfacet
 facet normal  0.000000e+00  0.000000e+00 -1.000000e+00
   outer loop
     vertex  0.000000e+00  2.000000e+01  0.000000e+00
     vertex  3.805069e+00  1.272076e+01  0.000000e+00
     vertex  3.732107e+00  1.260482e+01  0.000000e+00
   endloop
 endfacet
 facet normal  0.000000e+00  0.000000e+00 -1.000000e+00
   outer loop
     vertex  0.000000e+00  2.000000e+01  0.000000e+00
     vertex  3.732107e+00  1.260482e+01  0.000000e+00
     vertex  3.662348e+00  1.248692e+01  0.000000e+00
   endloop
 endfacet
 facet normal  0.000000e+00  0.000000e+00 -1.000000e+00
   outer loop
     vertex  0.000000e+00  2.000000e+01  0.000000e+00
     vertex  3.662348e+00  1.248692e+01  0.000000e+00
     vertex  3.595846e+00  1.236716e+01  0.000000e+00
   endloop
 endfacet
 facet normal  0.000000e+00  0.000000e+00 -1.000000e+00
   outer loop
     vertex  0.000000e+00  2.000000e+01  0.000000e+00
     vertex  3.595846e+00  1.236716e+01  0.000000e+00
     vertex  3.532649e+00  1.224561e+01  0.000000e+00
   endloop
 endfacet
 facet normal  0.000000e+00  0.000000e+00 -1.000000e+00
   outer loop
     vertex  0.000000e+00  2.000000e+01  0.000000e+00
     vertex  3.532649e+00  1.224561e+01  0.000000e+00
     vertex  3.472806e+00  1.212238e+01  0.000000e+00
   endloop
 endfacet
 facet normal  0.000000e+00  0.000000e+00 -1.000000e+00
   outer loop
     vertex  0.000000e+00  2.000000e+01  0.000000e+00
     vertex  3.472806e+00  1.212238e+01  0.000000e+00
     vertex  3.416361e+00  1.199756e+01  0.000000e+00
   endloop
 endfacet
 facet normal  0.000000e+00  0.000000e+00 -1.000000e+00
   outer loop
     vertex  0.000000e+00  2.000000e+01  0.000000e+00
     vertex  3.416361e+00  1.199756e+01  0.000000e+00
     vertex  3.363357e+00  1.187124e+01  0.000000e+00
   endloop
 endfacet
 facet normal  0.000000e+00  0.000000e+00 -1.000000e+00
   outer loop
     vertex  0.000000e+00  2.000000e+01  0.000000e+00
     vertex  3.363357e+00  1.187124e+01  0.000000e+00
     vertex  3.313834e+00  1.174352e+01  0.000000e+00
   endloop
 endfacet
 facet normal  0.000000e+00  0.000000e+00 -1.000000e+00
   outer loop
     vertex  0.000000e+00  2.000000e+01  0.000000e+00
     vertex  3.313834e+00  1.174352e+01  0.000000e+00
     vertex  3.267828e+00  1.161448e+01  0.000000e+00
   endloop
 endfacet
 facet normal  0.000000e+00  0.000000e+00 -1.000000e+00
   outer loop
     vertex  0.000000e+00  2.000000e+01  0.000000e+00
     vertex  3.267828e+00  1.161448e+01  0.000000e+00
     vertex  3.225375e+00  1.148423e+01  0.000000e+00
   endloop
 endfacet
 facet normal  0.000000e+00  0.000000e+00 -1.000000e+00
   outer loop
     vertex  0.000000e+00  2.000000e+01  0.000000e+00
     vertex  3.225375e+00  1.148423e+01  0.000000e+00
     vertex  3.186505e+00  1.135287e+01  0.000000e+00
   endloop
 endfacet
 facet normal  0.000000e+00  0.000000e+00 -1.000000e+00
   outer loop
     vertex  0.000000e+00  2.000000e+01  0.000000e+00
     vertex  3.186505e+00  1.135287e+01  0.000000e+00
     vertex  3.151249e+00  1.122050e+01  0.000000e+00
   endloop
 endfacet
 facet normal  0.000000e+00  0.000000e+00 -1.000000e+00
   outer loop
     vertex  0.000000e+00  2.000000e+01  0.000000e+00
     vertex  3.151249e+00  1.122050e+01  0.000000e+00
     vertex  3.119633e+00  1.108721e+01  0.000000e+00
   endloop
 endfacet
 facet normal -0.000000e+00  0.000000e+00 -1.000000e+00
   outer loop
     vertex  5.714035e+00  1.444684e+01  0.000000e+00
     vertex  5.593070e+00  1.438254e+01  0.000000e+00
     vertex  0.000000e+00  2.000000e+01  0.000000e+00
   endloop
 endfacet
 facet normal -0.000000e+00  0.000000e+00 -1.000000e+00
   outer loop
     vertex  5.836717e+00  1.450779e+01  0.000000e+00
     vertex  5.714035e+00  1.444684e+01  0.000000e+00
     vertex  0.000000e+00  2.000000e+01  0.000000e+00
   endloop
 endfacet
 facet normal -0.000000e+00  0.000000e+00 -1.000000e+00
   outer loop
     vertex  5.961023e+00  1.456537e+01  0.000000e+00
     vertex  5.836717e+00  1.450779e+01  0.000000e+00
     vertex  0.000000e+00  2.000000e+01  0.000000e+00
   endloop
 endfacet
 facet normal -0.000000e+00  0.000000e+00 -1.000000e+00
   outer loop
     vertex  6.086859e+00  1.461951e+01  0.000000e+00
     vertex  5.961023e+00  1.456537e+01  0.000000e+00
     vertex  0.000000e+00  2.000000e+01  0.000000e+00
   endloop
 endfacet
 facet normal -0.000000e+00  0.000000e+00 -1.000000e+00
   outer loop
     vertex  6.214131e+00  1.467019e+01  0.000000e+00
     vertex  6.086859e+00  1.461951e+01  0.000000e+00
     vertex  0.000000e+00  2.000000e+01  0.000000e+00
   endloop
 endfacet
 facet normal -0.000000e+00  0.000000e+00 -1.000000e+00
   outer loop
     vertex  6.342744e+00  1.471736e+01  0.000000e+00
     vertex  6.214131e+00  1.467019e+01  0.000000e+00
     vertex  0.000000e+00  2.000000e+01  0.000000e+00
   endloop
 endfacet
 facet normal -0.000000e+00  0.000000e+00 -1.000000e+00
   outer loop
     vertex  6.472601e+00  1.476099e+01  0.000000e+00
     vertex  6.342744e+00  1.471736e+01  0.000000e+00
     vertex  0.000000e+00  2.000000e+01  0.000000e+00
   endloop
 endfacet
 facet normal -0.000000e+00  0.000000e+00 -1.000000e+00
   outer loop
     vertex  6.603604e+00  1.480105e+01  0.000000e+00
     vertex  6.472601e+00  1.476099e+01  0.000000e+00
     vertex  0.000000e+00  2.000000e+01  0.000000e+00
   endloop
 endfacet
 facet normal -0.000000e+00  0.000000e+00 -1.000000e+00
   outer loop
     vertex  6.735656e+00  1.483750e+01  0.000000e+00
     vertex  6.603604e+00  1.480105e+01  0.000000e+00
     vertex  0.000000e+00  2.000000e+01  0.000000e+00
   endloop
 endfacet
 facet normal -0.000000e+00  0.000000e+00 -1.000000e+00
   outer loop
     vertex  6.868656e+00  1.487032e+01  0.000000e+00
     vertex  6.735656e+00  1.483750e+01  0.000000e+00
     vertex  0.000000e+00  2.000000e+01  0.000000e+00
   endloop
 endfacet
 facet normal -0.000000e+00  0.000000e+00 -1.000000e+00
   outer loop
     vertex  7.002506e+00  1.489949e+01  0.000000e+00
     vertex  6.868656e+00  1.487032e+01  0.000000e+00
     vertex  0.000000e+00  2.000000e+01  0.000000e+00
   endloop
 endfacet
 facet normal -0.000000e+00  0.000000e+00 -1.000000e+00
   outer loop
     vertex  7.137105e+00  1.492498e+01  0.000000e+00
     vertex  7.002506e+00  1.489949e+01  0.000000e+00
     vertex  0.000000e+00  2.000000e+01  0.000000e+00
   endloop
 endfacet
 facet normal -0.000000e+00  0.000000e+00 -1.000000e+00
   outer loop
     vertex  7.272351e+00  1.494677e+01  0.000000e+00
     vertex  7.137105e+00  1.492498e+01  0.000000e+00
     vertex  0.000000e+00  2.000000e+01  0.000000e+00
   endloop
 endfacet
 facet normal -0.000000e+00  0.000000e+00 -1.000000e+00
   outer loop
     vertex  7.408144e+00  1.496485e+01  0.000000e+00
     vertex  7.272351e+00  1.494677e+01  0.000000e+00
     vertex  0.000000e+00  2.000000e+01  0.000000e+00
   endloop
 endfacet
 facet normal -0.000000e+00  0.000000e+00 -1.000000e+00
   outer loop
     vertex  7.544381e+00  1.497920e+01  0.000000e+00
     vertex  7.408144e+00  1.496485e+01  0.000000e+00
     vertex  0.000000e+00  2.000000e+01  0.000000e+00
   endloop
 endfacet
 facet normal -0.000000e+00  0.000000e+00 -1.000000e+00
   outer loop
     vertex  7.680960e+00  1.498981e+01  0.000000e+00
     vertex  7.544381e+00  1.497920e+01  0.000000e+00
     vertex  0.000000e+00  2.000000e+01  0.000000e+00
   endloop
 endfacet
 facet normal -0.000000e+00  0.000000e+00 -1.000000e+00
   outer loop
     vertex  7.817778e+00  1.499668e+01  0.000000e+00
     vertex  7.680960e+00  1.498981e+01  0.000000e+00
     vertex  0.000000e+00  2.000000e+01  0.000000e+00
   endloop
 endfacet
 facet normal  0.000000e+00  0.000000e+00 -1.000000e+00
   outer loop
     vertex  1.389898e+01  9.000000e+00  0.000000e+00
     vertex  1.248802e+01  7.795995e+00  0.000000e+00
     vertex  1.254672e+01  7.919775e+00  0.000000e+00
   endloop
 endfacet
 facet normal  0.000000e+00  0.000000e+00 -1.000000e+00
   outer loop
     vertex  1.389898e+01  9.000000e+00  0.000000e+00
     vertex  1.254672e+01  7.919775e+00  0.000000e+00
     vertex  1.260200e+01  8.045115e+00  0.000000e+00
   endloop
 endfacet
 facet normal  0.000000e+00  0.000000e+00 -1.000000e+00
   outer loop
     vertex  1.500000e+01  9.000000e+00  0.000000e+00
     vertex  1.214498e+01  7.203730e+00  0.000000e+00
     vertex  1.222003e+01  7.318333e+00  0.000000e+00
   endloop
 endfacet
 facet normal  0.000000e+00  0.000000e+00 -1.000000e+00
   outer loop
     vertex  1.500000e+01  9.000000e+00  0.000000e+00
     vertex  1.222003e+01  7.318333e+00  0.000000e+00
     vertex  1.229191e+01  7.434950e+00  0.000000e+00
   endloop
 endfacet
 facet normal  0.000000e+00  0.000000e+00 -1.000000e+00
   outer loop
     vertex  1.500000e+01  9.000000e+00  0.000000e+00
     vertex  1.229191e+01  7.434950e+00  0.000000e+00
     vertex  1.236057e+01  7.553492e+00  0.000000e+00
   endloop
 endfacet
 facet normal  0.000000e+00  0.000000e+00 -1.000000e+00
   outer loop
     vertex  1.500000e+01  9.000000e+00  0.000000e+00
     vertex  1.236057e+01  7.553492e+00  0.000000e+00
     vertex  1.242596e+01  7.673871e+00  0.000000e+00
   endloop
 endfacet
 facet normal  0.000000e+00  0.000000e+00 -1.000000e+00
   outer loop
     vertex  1.500000e+01  9.000000e+00  0.000000e+00
     vertex  1.242596e+01  7.673871e+00  0.000000e+00
     vertex  1.248802e+01  7.795995e+00  0.000000e+00
   endloop
 endfacet
 facet normal  0.000000e+00 -0.000000e+00 -1.000000e+00
   outer loop
     vertex  1.500000e+01  9.000000e+00  0.000000e+00
     vertex  1.500000e+01  0.000000e+00  0.000000e+00
     vertex  1.206682e+01  7.091225e+00  0.000000e+00
   endloop
 endfacet
 facet normal -0.000000e+00  0.000000e+00 -1.000000e+00
   outer loop
     vertex  1.500000e+01  9.000000e+00  0.000000e+00
     vertex  1.248802e+01  7.795995e+00  0.000000e+00
     vertex  1.389898e+01  9.000000e+00  0.000000e+00
   endloop
 endfacet
 facet normal  0.000000e+00  0.000000e+00 -1.000000e+00
   outer loop
     vertex  1.500000e+01  9.000000e+00  0.000000e+00
     vertex  1.206682e+01  7.091225e+00  0.000000e+00
     vertex  1.214498e+01  7.203730e+00  0.000000e+00
   endloop
 endfacet
 facet normal  0.000000e+00  0.000000e+00 -1.000000e+00
   outer loop
     vertex  1.389898e+01  1.100000e+01  0.000000e+00
     vertex  1.260200e+01  1.195488e+01  0.000000e+00
     vertex  1.254672e+01  1.208023e+01  0.000000e+00
   endloop
 endfacet
 facet normal  0.000000e+00  0.000000e+00 -1.000000e+00
   outer loop
     vertex  1.389898e+01  1.100000e+01  0.000000e+00
     vertex  1.254672e+01  1.208023e+01  0.000000e+00
     vertex  1.248802e+01  1.220400e+01  0.000000e+00
   endloop
 endfacet
 facet normal  0.000000e+00  0.000000e+00 -1.000000e+00
   outer loop
     vertex  1.500000e+01  1.100000e+01  0.000000e+00
     vertex  1.248802e+01  1.220400e+01  0.000000e+00
     vertex  1.242596e+01  1.232613e+01  0.000000e+00
   endloop
 endfacet
 facet normal  0.000000e+00  0.000000e+00 -1.000000e+00
   outer loop
     vertex  1.500000e+01  1.100000e+01  0.000000e+00
     vertex  1.242596e+01  1.232613e+01  0.000000e+00
     vertex  1.236057e+01  1.244651e+01  0.000000e+00
   endloop
 endfacet
 facet normal  0.000000e+00  0.000000e+00 -1.000000e+00
   outer loop
     vertex  1.500000e+01  1.100000e+01  0.000000e+00
     vertex  1.236057e+01  1.244651e+01  0.000000e+00
     vertex  1.229191e+01  1.256505e+01  0.000000e+00
   endloop
 endfacet
 facet normal  0.000000e+00  0.000000e+00 -1.000000e+00
   outer loop
     vertex  1.500000e+01  1.100000e+01  0.000000e+00
     vertex  1.229191e+01  1.256505e+01  0.000000e+00
     vertex  1.222003e+01  1.268167e+01  0.000000e+00
   endloop
 endfacet
 facet normal  0.000000e+00  0.000000e+00 -1.000000e+00
   outer loop
     vertex  1.500000e+01  1.100000e+01  0.000000e+00
     vertex  1.222003e+01  1.268167e+01  0.000000e+00
     vertex  1.214498e+01  1.279627e+01  0.000000e+00
   endloop
 endfacet
 facet normal  0.000000e+00  0.000000e+00 -1.000000e+00
   outer loop
     vertex  1.500000e+01  1.100000e+01  0.000000e+00
     vertex  1.214498e+01  1.279627e+01  0.000000e+00
     vertex  1.206682e+01  1.290878e+01  0.000000e+00
   endloop
 endfacet
 facet normal  0.000000e+00  0.000000e+00 -1.000000e+00
   outer loop
     vertex  1.500000e+01  1.100000e+01  0.000000e+00
     vertex  1.389898e+01  1.100000e+01  0.000000e+00
     vertex  1.248802e+01  1.220400e+01  0.000000e+00
   endloop
 endfacet
 facet normal  0.000000e+00  0.000000e+00 -1.000000e+00
   outer loop
     vertex  1.500000e+01  2.000000e+01  0.000000e+00
     vertex  1.206682e+01  1.290878e+01  0.000000e+00
     vertex  1.198561e+01  1.301910e+01  0.000000e+00
   endloop
 endfacet
 facet normal  0.000000e+00  0.000000e+00 -1.000000e+00
   outer loop
     vertex  1.500000e+01  2.000000e+01  0.000000e+00
     vertex  1.198561e+01  1.301910e+01  0.000000e+00
     vertex  1.190140e+01  1.312715e+01  0.000000e+00
   endloop
 endfacet
 facet normal  0.000000e+00  0.000000e+00 -1.000000e+00
   outer loop
     vertex  1.500000e+01  2.000000e+01  0.000000e+00
     vertex  1.190140e+01  1.312715e+01  0.000000e+00
     vertex  1.181427e+01  1.323286e+01  0.000000e+00
   endloop
 endfacet
 facet normal  0.000000e+00  0.000000e+00 -1.000000e+00
   outer loop
     vertex  1.500000e+01  2.000000e+01  0.000000e+00
     vertex  1.181427e+01  1.323286e+01  0.000000e+00
     vertex  1.172427e+01  1.333614e+01  0.000000e+00
   endloop
 endfacet
 facet normal  0.000000e+00  0.000000e+00 -1.000000e+00
   outer loop
     vertex  1.500000e+01  2.000000e+01  0.000000e+00
     vertex  1.172427e+01  1.333614e+01  0.000000e+00
     vertex  1.163148e+01  1.343692e+01  0.000000e+00
   endloop
 endfacet
 facet normal  0.000000e+00  0.000000e+00 -1.000000e+00
   outer loop
     vertex  1.500000e+01  2.000000e+01  0.000000e+00
     vertex  1.163148e+01  1.343692e+01  0.000000e+00
     vertex  1.153596e+01  1.353511e+01  0.000000e+00
   endloop
 endfacet
 facet normal  0.000000e+00  0.000000e+00 -1.000000e+00
   outer loop
     vertex  1.500000e+01  2.000000e+01  0.000000e+00
     vertex  1.153596e+01  1.353511e+01  0.000000e+00
     vertex  1.143778e+01  1.363065e+01  0.000000e+00
   endloop
 endfacet
 facet normal  0.000000e+00  0.000000e+00 -1.000000e+00
   outer loop
     vertex  1.500000e+01  2.000000e+01  0.000000e+00
     vertex  1.143778e+01  1.363065e+01  0.000000e+00
     vertex  1.133703e+01  1.372347e+01  0.000000e+00
   endloop
 endfacet
 facet normal  0.000000e+00  0.000000e+00 -1.000000e+00
   outer loop
     vertex  1.500000e+01  2.000000e+01  0.000000e+00
     vertex  1.133703e+01  1.372347e+01  0.000000e+00
     vertex  1.123377e+01  1.381349e+01  0.000000e+00
   endloop
 endfacet
 facet normal  0.000000e+00  0.000000e+00 -1.000000e+00
   outer loop
     vertex  1.500000e+01  2.000000e+01  0.000000e+00
     vertex  1.123377e+01  1.381349e+01  0.000000e+00
     vertex  1.112808e+01  1.390065e+01  0.000000e+00
   endloop
 endfacet
 facet normal  0.000000e+00  0.000000e+00 -1.000000e+00
   outer loop
     vertex  1.500000e+01  2.000000e+01  0.000000e+00
     vertex  1.112808e+01  1.390065e+01  0.000000e+00
     vertex  1.102005e+01  1.398489e+01  0.000000e+00
   endloop
 endfacet
 facet normal -0.000000e+00  0.000000e+00 -1.000000e+00
   outer loop
     vertex  1.500000e+01  2.000000e+01  0.000000e+00
     vertex  7.817778e+00  1.499668e+01  0.000000e+00
     vertex  0.000000e+00  2.000000e+01  0.000000e+00
   endloop
 endfacet
 facet normal  0.000000e+00  0.000000e+00 -1.000000e+00
   outer loop
     vertex  1.500000e+01  2.000000e+01  0.000000e+00
     vertex  1.102005e+01  1.398489e+01  0.000000e+00
     vertex  1.090975e+01  1.406613e+01  0.000000e+00
   endloop
 endfacet
 facet normal  0.000000e+00  0.000000e+00 -1.000000e+00
   outer loop
     vertex  1.500000e+01  2.000000e+01  0.000000e+00
     vertex  1.090975e+01  1.406613e+01  0.000000e+00
     vertex  1.079726e+01  1.414431e+01  0.000000e+00
   endloop
 endfacet
 facet normal  0.000000e+00  0.000000e+00 -1.000000e+00
   outer loop
     vertex  1.500000e+01  2.000000e+01  0.000000e+00
     vertex  1.079726e+01  1.414431e+01  0.000000e+00
     vertex  1.068267e+01  1.421939e+01  0.000000e+00
   endloop
 endfacet
 facet normal  0.000000e+00  0.000000e+00 -1.000000e+00
   outer loop
     vertex  1.500000e+01  2.000000e+01  0.000000e+00
     vertex  1.068267e+01  1.421939e+01  0.000000e+00
     vertex  1.056608e+01  1.429130e+01  0.000000e+00
   endloop
 endfacet
 facet normal  0.000000e+00  0.000000e+00 -1.000000e+00
   outer loop
     vertex  1.500000e+01  2.000000e+01  0.000000e+00
     vertex  1.056608e+01  1.429130e+01  0.000000e+00
     vertex  1.044755e+01  1.435999e+01  0.000000e+00
   endloop
 endfacet
 facet normal  0.000000e+00  0.000000e+00 -1.000000e+00
   outer loop
     vertex  1.500000e+01  2.000000e+01  0.000000e+00
     vertex  1.044755e+01  1.435999e+01  0.000000e+00
     vertex  1.032719e+01  1.442540e+01  0.000000e+00
   endloop
 endfacet
 facet normal  0.000000e+00  0.000000e+00 -1.000000e+00
   outer loop
     vertex  1.500000e+01  2.000000e+01  0.000000e+00
     vertex  1.032719e+01  1.442540e+01  0.000000e+00
     vertex  1.020508e+01  1.448750e+01  0.000000e+00
   endloop
 endfacet
 facet normal  0.000000e+00  0.000000e+00 -1.000000e+00
   outer loop
     vertex  1.500000e+01  2.000000e+01  0.000000e+00
     vertex  1.020508e+01  1.448750e+01  0.000000e+00
     vertex  1.008131e+01  1.454622e+01  0.000000e+00
   endloop
 endfacet
 facet normal  0.000000e+00  0.000000e+00 -1.000000e+00
   outer loop
     vertex  1.500000e+01  2.000000e+01  0.000000e+00
     vertex  1.008131e+01  1.454622e+01  0.000000e+00
     vertex  9.955984e+00  1.460154e+01  0.000000e+00
   endloop
 endfacet
 facet normal  0.000000e+00  0.000000e+00 -1.000000e+00
   outer loop
     vertex  1.500000e+01  2.000000e+01  0.000000e+00
     vertex  9.955984e+00  1.460154e+01  0.000000e+00
     vertex  9.829188e+00  1.465339e+01  0.000000e+00
   endloop
 endfacet
 facet normal  0.000000e+00  0.000000e+00 -1.000000e+00
   outer loop
     vertex  1.500000e+01  2.000000e+01  0.000000e+00
     vertex  9.829188e+00  1.465339e+01  0.000000e+00
     vertex  9.701019e+00  1.470176e+01  0.000000e+00
   endloop
 endfacet
 facet normal  0.000000e+00  0.000000e+00 -1.000000e+00
   outer loop
     vertex  1.500000e+01  2.000000e+01  0.000000e+00
     vertex  9.701019e+00  1.470176e+01  0.000000e+00
     vertex  9.571573e+00  1.474659e+01  0.000000e+00
   endloop
 endfacet
 facet normal  0.000000e+00  0.000000e+00 -1.000000e+00
   outer loop
     vertex  1.500000e+01  2.000000e+01  0.000000e+00
     vertex  9.571573e+00  1.474659e+01  0.000000e+00
     vertex  9.440948e+00  1.478787e+01  0.000000e+00
   endloop
 endfacet
 facet normal  0.000000e+00  0.000000e+00 -1.000000e+00
   outer loop
     vertex  1.500000e+01  2.000000e+01  0.000000e+00
     vertex  9.440948e+00  1.478787e+01  0.000000e+00
     vertex  9.309240e+00  1.482555e+01  0.000000e+00
   endloop
 endfacet
 facet normal  0.000000e+00  0.000000e+00 -1.000000e+00
   outer loop
     vertex  1.500000e+01  2.000000e+01  0.000000e+00
     vertex  9.309240e+00  1.482555e+01  0.000000e+00
     vertex  9.176550e+00  1.485960e+01  0.000000e+00
   endloop
 endfacet
 facet normal  0.000000e+00  0.000000e+00 -1.000000e+00
   outer loop
     vertex  1.500000e+01  2.000000e+01  0.000000e+00
     vertex  9.176550e+00  1.485960e+01  0.000000e+00
     vertex  9.042977e+00  1.489001e+01  0.000000e+00
   endloop
 endfacet
 facet normal  0.000000e+00  0.000000e+00 -1.000000e+00
   outer loop
     vertex  1.500000e+01  2.000000e+01  0.000000e+00
     vertex  9.042977e+00  1.489001e+01  0.000000e+00
     vertex  8.908621e+00  1.491675e+01  0.000000e+00
   endloop
 endfacet
 facet normal  0.000000e+00  0.000000e+00 -1.000000e+00
   outer loop
     vertex  1.500000e+01  2.000000e+01  0.000000e+00
     vertex  8.908621e+00  1.491675e+01  0.000000e+00
     vertex  8.773583e+00  1.493979e+01  0.000000e+00
   endloop
 endfacet
 facet normal  0.000000e+00  0.000000e+00 -1.000000e+00
   outer loop
     vertex  1.500000e+01  2.000000e+01  0.000000e+00
     vertex  8.773583e+00  1.493979e+01  0.000000e+00
     vertex  8.637964e+00  1.495913e+01  0.000000e+00
   endloop
 endfacet
 facet normal  0.000000e+00  0.000000e+00 -1.000000e+00
   outer loop
     vertex  1.500000e+01  2.000000e+01  0.000000e+00
     vertex  8.637964e+00  1.495913e+01  0.000000e+00
     vertex  8.501866e+00  1.497475e+01  0.000000e+00
   endloop
 endfacet
 facet normal  0.000000e+00  0.000000e+00 -1.000000e+00
   outer loop
     vertex  1.500000e+01  2.000000e+01  0.000000e+00
     vertex  8.501866e+00  1.497475e+01  0.000000e+00
     vertex  8.365392e+00  1.498663e+01  0.000000e+00
   endloop
 endfacet
 facet normal  0.000000e+00  0.000000e+00 -1.000000e+00
   outer loop
     vertex  1.500000e+01  2.000000e+01  0.000000e+00
     vertex  8.365392e+00  1.498663e+01  0.000000e+00
     vertex  8.228643e+00  1.499477e+01  0.000000e+00
   endloop
 endfacet
 facet normal  0.000000e+00  0.000000e+00 -1.000000e+00
   outer loop
     vertex  1.500000e+01  2.000000e+01  0.000000e+00
     vertex  8.228643e+00  1.499477e+01  0.000000e+00
     vertex  8.091723e+00  1.499916e+01  0.000000e+00
   endloop
 endfacet
 facet normal  0.000000e+00  0.000000e+00 -1.000000e+00
   outer loop
     vertex  1.500000e+01  2.000000e+01  0.000000e+00
     vertex  8.091723e+00  1.499916e+01  0.000000e+00
     vertex  7.954734e+00  1.499980e+01  0.000000e+00
   endloop
 endfacet
 facet normal  0.000000e+00  0.000000e+00 -1.000000e+00
   outer loop
     vertex  1.500000e+01  2.000000e+01  0.000000e+00
     vertex  7.954734e+00  1.499980e+01  0.000000e+00
     vertex  7.817778e+00  1.499668e+01  0.000000e+00
   endloop
 endfacet
 facet normal  0.000000e+00 -0.000000e+00 -1.000000e+00
   outer loop
     vertex  1.500000e+01  2.000000e+01  0.000000e+00
     vertex  1.500000e+01  1.100000e+01  0.000000e+00
     vertex  1.206682e+01  1.290878e+01  0.000000e+00
   endloop
 endfacet
 facet normal -5.928840e-01 -8.052879e-01 -0.000000e+00
   outer loop
     vertex  1.260200e+01  1.195488e+01  6.000000e+01
     vertex  1.260200e+01  1.195488e+01  0.000000e+00
     vertex  1.389898e+01  1.100000e+01  0.000000e+00
   endloop
 endfacet
 facet normal -5.928840e-01 -8.052879e-01  0.000000e+00
   outer loop
     vertex  1.260200e+01  1.195488e+01  6.000000e+01
     vertex  1.389898e+01  1.100000e+01  0.000000e+00
     vertex  1.389898e+01  1.100000e+01  6.000000e+01
   endloop
 endfacet
 facet normal  1.000000e+00  0.000000e+00  0.000000e+00
   outer loop
     vertex  1.500000e+01  1.100000e+01  0.000000e+00
     vertex  1.500000e+01  2.000000e+01  6.000000e+01
     vertex  1.500000e+01  1.100000e+01  6.000000e+01
   endloop
 endfacet
 facet normal  1.000000e+00  0.000000e+00 -0.000000e+00
   outer loop
     vertex  1.500000e+01  2.000000e+01  0.000000e+00
     vertex  1.500000e+01  2.000000e+01  6.000000e+01
     vertex  1.500000e+01  1.100000e+01  0.000000e+00
   endloop
 endfacet
 facet normal  0.000000e+00  0.000000e+00  1.000000e+00
   outer loop
     vertex  4.400618e+00  6.529489e+00  6.000000e+01
     vertex  0.000000e+00  0.000000e+00  6.000000e+01
     vertex  4.497045e+00  6.432185e+00  6.000000e+01
   endloop
 endfacet
 facet normal  0.000000e+00  0.000000e+00  1.000000e+00
   outer loop
     vertex  4.596102e+00  6.337558e+00  6.000000e+01
     vertex  4.497045e+00  6.432185e+00  6.000000e+01
     vertex  0.000000e+00  0.000000e+00  6.000000e+01
   endloop
 endfacet
 facet normal  0.000000e+00  0.000000e+00  1.000000e+00
   outer loop
     vertex  4.306892e+00  6.629399e+00  6.000000e+01
     vertex  0.000000e+00  0.000000e+00  6.000000e+01
     vertex  4.400618e+00  6.529489e+00  6.000000e+01
   endloop
 endfacet
 facet normal  0.000000e+00  0.000000e+00  1.000000e+00
   outer loop
     vertex  4.697715e+00  6.245681e+00  6.000000e+01
     vertex  4.596102e+00  6.337558e+00  6.000000e+01
     vertex  0.000000e+00  0.000000e+00  6.000000e+01
   endloop
 endfacet
 facet normal  0.000000e+00  0.000000e+00  1.000000e+00
   outer loop
     vertex  4.215938e+00  6.731839e+00  6.000000e+01
     vertex  0.000000e+00  0.000000e+00  6.000000e+01
     vertex  4.306892e+00  6.629399e+00  6.000000e+01
   endloop
 endfacet
 facet normal  0.000000e+00  0.000000e+00  1.000000e+00
   outer loop
     vertex  4.801806e+00  6.156622e+00  6.000000e+01
     vertex  4.697715e+00  6.245681e+00  6.000000e+01
     vertex  0.000000e+00  0.000000e+00  6.000000e+01
   endloop
 endfacet
 facet normal  0.000000e+00  0.000000e+00  1.000000e+00
   outer loop
     vertex  4.127826e+00  6.836732e+00  6.000000e+01
     vertex  0.000000e+00  0.000000e+00  6.000000e+01
     vertex  4.215938e+00  6.731839e+00  6.000000e+01
   endloop
 endfacet
 facet normal  0.000000e+00  0.000000e+00  1.000000e+00
   outer loop
     vertex  4.908298e+00  6.070448e+00  6.000000e+01
     vertex  4.801806e+00  6.156622e+00  6.000000e+01
     vertex  0.000000e+00  0.000000e+00  6.000000e+01
   endloop
 endfacet
 facet normal  0.000000e+00  0.000000e+00  1.000000e+00
   outer loop
     vertex  4.042619e+00  6.944000e+00  6.000000e+01
     vertex  0.000000e+00  0.000000e+00  6.000000e+01
     vertex  4.127826e+00  6.836732e+00  6.000000e+01
   endloop
 endfacet
 facet normal  0.000000e+00  0.000000e+00  1.000000e+00
   outer loop
     vertex  5.017110e+00  5.987224e+00  6.000000e+01
     vertex  4.908298e+00  6.070448e+00  6.000000e+01
     vertex  0.000000e+00  0.000000e+00  6.000000e+01
   endloop
 endfacet
 facet normal  0.000000e+00  0.000000e+00  1.000000e+00
   outer loop
     vertex  3.960384e+00  7.053561e+00  6.000000e+01
     vertex  0.000000e+00  0.000000e+00  6.000000e+01
     vertex  4.042619e+00  6.944000e+00  6.000000e+01
   endloop
 endfacet
 facet normal  0.000000e+00  0.000000e+00  1.000000e+00
   outer loop
     vertex  5.128162e+00  5.907012e+00  6.000000e+01
     vertex  5.017110e+00  5.987224e+00  6.000000e+01
     vertex  0.000000e+00  0.000000e+00  6.000000e+01
   endloop
 endfacet
 facet normal  0.000000e+00  0.000000e+00  1.000000e+00
   outer loop
     vertex  3.881181e+00  7.165335e+00  6.000000e+01
     vertex  0.000000e+00  0.000000e+00  6.000000e+01
     vertex  3.960384e+00  7.053561e+00  6.000000e+01
   endloop
 endfacet
 facet normal  0.000000e+00  0.000000e+00  1.000000e+00
   outer loop
     vertex  5.241370e+00  5.829873e+00  6.000000e+01
     vertex  5.128162e+00  5.907012e+00  6.000000e+01
     vertex  0.000000e+00  0.000000e+00  6.000000e+01
   endloop
 endfacet
 facet normal  0.000000e+00  0.000000e+00  1.000000e+00
   outer loop
     vertex  3.805069e+00  7.279236e+00  6.000000e+01
     vertex  0.000000e+00  0.000000e+00  6.000000e+01
     vertex  3.881181e+00  7.165335e+00  6.000000e+01
   endloop
 endfacet
 facet normal  0.000000e+00  0.000000e+00  1.000000e+00
   outer loop
     vertex  5.356648e+00  5.755864e+00  6.000000e+01
     vertex  5.241370e+00  5.829873e+00  6.000000e+01
     vertex  0.000000e+00  0.000000e+00  6.000000e+01
   endloop
 endfacet
 facet normal  0.000000e+00  0.000000e+00  1.000000e+00
   outer loop
     vertex  3.732107e+00  7.395180e+00  6.000000e+01
     vertex  0.000000e+00  0.000000e+00  6.000000e+01
     vertex  3.805069e+00  7.279236e+00  6.000000e+01
   endloop
 endfacet
 facet normal  0.000000e+00  0.000000e+00  1.000000e+00
   outer loop
     vertex  5.473911e+00  5.685041e+00  6.000000e+01
     vertex  5.356648e+00  5.755864e+00  6.000000e+01
     vertex  0.000000e+00  0.000000e+00  6.000000e+01
   endloop
 endfacet
 facet normal  0.000000e+00  0.000000e+00  1.000000e+00
   outer loop
     vertex  3.662348e+00  7.513079e+00  6.000000e+01
     vertex  0.000000e+00  0.000000e+00  6.000000e+01
     vertex  3.732107e+00  7.395180e+00  6.000000e+01
   endloop
 endfacet
 facet normal  0.000000e+00  0.000000e+00  1.000000e+00
   outer loop
     vertex  5.593070e+00  5.617457e+00  6.000000e+01
     vertex  5.473911e+00  5.685041e+00  6.000000e+01
     vertex  0.000000e+00  0.000000e+00  6.000000e+01
   endloop
 endfacet
 facet normal  0.000000e+00  0.000000e+00  1.000000e+00
   outer loop
     vertex  3.595846e+00  7.632845e+00  6.000000e+01
     vertex  0.000000e+00  0.000000e+00  6.000000e+01
     vertex  3.662348e+00  7.513079e+00  6.000000e+01
   endloop
 endfacet
 facet normal  0.000000e+00  0.000000e+00  1.000000e+00
   outer loop
     vertex  5.714035e+00  5.553162e+00  6.000000e+01
     vertex  5.593070e+00  5.617457e+00  6.000000e+01
     vertex  0.000000e+00  0.000000e+00  6.000000e+01
   endloop
 endfacet
 facet normal  0.000000e+00  0.000000e+00  1.000000e+00
   outer loop
     vertex  3.532649e+00  7.754387e+00  6.000000e+01
     vertex  0.000000e+00  0.000000e+00  6.000000e+01
     vertex  3.595846e+00  7.632845e+00  6.000000e+01
   endloop
 endfacet
 facet normal  0.000000e+00  0.000000e+00  1.000000e+00
   outer loop
     vertex  5.836717e+00  5.492206e+00  6.000000e+01
     vertex  5.714035e+00  5.553162e+00  6.000000e+01
     vertex  0.000000e+00  0.000000e+00  6.000000e+01
   endloop
 endfacet
 facet normal  0.000000e+00  0.000000e+00  1.000000e+00
   outer loop
     vertex  3.472806e+00  7.877616e+00  6.000000e+01
     vertex  0.000000e+00  0.000000e+00  6.000000e+01
     vertex  3.532649e+00  7.754387e+00  6.000000e+01
   endloop
 endfacet
 facet normal  0.000000e+00  0.000000e+00  1.000000e+00
   outer loop
     vertex  5.961023e+00  5.434634e+00  6.000000e+01
     vertex  5.836717e+00  5.492206e+00  6.000000e+01
     vertex  0.000000e+00  0.000000e+00  6.000000e+01
   endloop
 endfacet
 facet normal  0.000000e+00  0.000000e+00  1.000000e+00
   outer loop
     vertex  3.416361e+00  8.002438e+00  6.000000e+01
     vertex  0.000000e+00  0.000000e+00  6.000000e+01
     vertex  3.472806e+00  7.877616e+00  6.000000e+01
   endloop
 endfacet
 facet normal  0.000000e+00  0.000000e+00  1.000000e+00
   outer loop
     vertex  6.086859e+00  5.380488e+00  6.000000e+01
     vertex  5.961023e+00  5.434634e+00  6.000000e+01
     vertex  0.000000e+00  0.000000e+00  6.000000e+01
   endloop
 endfacet
 facet normal  0.000000e+00  0.000000e+00  1.000000e+00
   outer loop
     vertex  3.363357e+00  8.128759e+00  6.000000e+01
     vertex  0.000000e+00  0.000000e+00  6.000000e+01
     vertex  3.416361e+00  8.002438e+00  6.000000e+01
   endloop
 endfacet
 facet normal  0.000000e+00  0.000000e+00  1.000000e+00
   outer loop
     vertex  6.214131e+00  5.329810e+00  6.000000e+01
     vertex  6.086859e+00  5.380488e+00  6.000000e+01
     vertex  0.000000e+00  0.000000e+00  6.000000e+01
   endloop
 endfacet
 facet normal  0.000000e+00  0.000000e+00  1.000000e+00
   outer loop
     vertex  3.313834e+00  8.256485e+00  6.000000e+01
     vertex  0.000000e+00  0.000000e+00  6.000000e+01
     vertex  3.363357e+00  8.128759e+00  6.000000e+01
   endloop
 endfacet
 facet normal  0.000000e+00  0.000000e+00  1.000000e+00
   outer loop
     vertex  6.342744e+00  5.282638e+00  6.000000e+01
     vertex  6.214131e+00  5.329810e+00  6.000000e+01
     vertex  0.000000e+00  0.000000e+00  6.000000e+01
   endloop
 endfacet
 facet normal  0.000000e+00  0.000000e+00  1.000000e+00
   outer loop
     vertex  3.267828e+00  8.385519e+00  6.000000e+01
     vertex  0.000000e+00  0.000000e+00  6.000000e+01
     vertex  3.313834e+00  8.256485e+00  6.000000e+01
   endloop
 endfacet
 facet normal  0.000000e+00  0.000000e+00  1.000000e+00
   outer loop
     vertex  6.472601e+00  5.239007e+00  6.000000e+01
     vertex  6.342744e+00  5.282638e+00  6.000000e+01
     vertex  0.000000e+00  0.000000e+00  6.000000e+01
   endloop
 endfacet
 facet normal  0.000000e+00  0.000000e+00  1.000000e+00
   outer loop
     vertex  3.225375e+00  8.515766e+00  6.000000e+01
     vertex  0.000000e+00  0.000000e+00  6.000000e+01
     vertex  3.267828e+00  8.385519e+00  6.000000e+01
   endloop
 endfacet
 facet normal  0.000000e+00  0.000000e+00  1.000000e+00
   outer loop
     vertex  6.603604e+00  5.198950e+00  6.000000e+01
     vertex  6.472601e+00  5.239007e+00  6.000000e+01
     vertex  0.000000e+00  0.000000e+00  6.000000e+01
   endloop
 endfacet
 facet normal  0.000000e+00  0.000000e+00  1.000000e+00
   outer loop
     vertex  3.186505e+00  8.647126e+00  6.000000e+01
     vertex  0.000000e+00  0.000000e+00  6.000000e+01
     vertex  3.225375e+00  8.515766e+00  6.000000e+01
   endloop
 endfacet
 facet normal  0.000000e+00  0.000000e+00  1.000000e+00
   outer loop
     vertex  6.735656e+00  5.162497e+00  6.000000e+01
     vertex  6.603604e+00  5.198950e+00  6.000000e+01
     vertex  0.000000e+00  0.000000e+00  6.000000e+01
   endloop
 endfacet
 facet normal  0.000000e+00  0.000000e+00  1.000000e+00
   outer loop
     vertex  3.151249e+00  8.779503e+00  6.000000e+01
     vertex  0.000000e+00  0.000000e+00  6.000000e+01
     vertex  3.186505e+00  8.647126e+00  6.000000e+01
   endloop
 endfacet
 facet normal  0.000000e+00  0.000000e+00  1.000000e+00
   outer loop
     vertex  6.868656e+00  5.129675e+00  6.000000e+01
     vertex  6.735656e+00  5.162497e+00  6.000000e+01
     vertex  0.000000e+00  0.000000e+00  6.000000e+01
   endloop
 endfacet
 facet normal  0.000000e+00  0.000000e+00  1.000000e+00
   outer loop
     vertex  3.119633e+00  8.912795e+00  6.000000e+01
     vertex  0.000000e+00  0.000000e+00  6.000000e+01
     vertex  3.151249e+00  8.779503e+00  6.000000e+01
   endloop
 endfacet
 facet normal  0.000000e+00  0.000000e+00  1.000000e+00
   outer loop
     vertex  7.002506e+00  5.100510e+00  6.000000e+01
     vertex  6.868656e+00  5.129675e+00  6.000000e+01
     vertex  0.000000e+00  0.000000e+00  6.000000e+01
   endloop
 endfacet
 facet normal  0.000000e+00  0.000000e+00  1.000000e+00
   outer loop
     vertex  3.091680e+00  9.046903e+00  6.000000e+01
     vertex  0.000000e+00  0.000000e+00  6.000000e+01
     vertex  3.119633e+00  8.912795e+00  6.000000e+01
   endloop
 endfacet
 facet normal  0.000000e+00  0.000000e+00  1.000000e+00
   outer loop
     vertex  7.137105e+00  5.075022e+00  6.000000e+01
     vertex  7.002506e+00  5.100510e+00  6.000000e+01
     vertex  0.000000e+00  0.000000e+00  6.000000e+01
   endloop
 endfacet
 facet normal  0.000000e+00  0.000000e+00  1.000000e+00
   outer loop
     vertex  3.067411e+00  9.181727e+00  6.000000e+01
     vertex  0.000000e+00  0.000000e+00  6.000000e+01
     vertex  3.091680e+00  9.046903e+00  6.000000e+01
   endloop
 endfacet
 facet normal  0.000000e+00  0.000000e+00  1.000000e+00
   outer loop
     vertex  7.272351e+00  5.053231e+00  6.000000e+01
     vertex  7.137105e+00  5.075022e+00  6.000000e+01
     vertex  0.000000e+00  0.000000e+00  6.000000e+01
   endloop
 endfacet
 facet normal  0.000000e+00  0.000000e+00  1.000000e+00
   outer loop
     vertex  3.046846e+00  9.317166e+00  6.000000e+01
     vertex  0.000000e+00  0.000000e+00  6.000000e+01
     vertex  3.067411e+00  9.181727e+00  6.000000e+01
   endloop
 endfacet
 facet normal  0.000000e+00  0.000000e+00  1.000000e+00
   outer loop
     vertex  7.408144e+00  5.035153e+00  6.000000e+01
     vertex  7.272351e+00  5.053231e+00  6.000000e+01
     vertex  0.000000e+00  0.000000e+00  6.000000e+01
   endloop
 endfacet
 facet normal  0.000000e+00  0.000000e+00  1.000000e+00
   outer loop
     vertex  3.029998e+00  9.453116e+00  6.000000e+01
     vertex  0.000000e+00  0.000000e+00  6.000000e+01
     vertex  3.046846e+00  9.317166e+00  6.000000e+01
   endloop
 endfacet
 facet normal  0.000000e+00  0.000000e+00  1.000000e+00
   outer loop
     vertex  7.544381e+00  5.020802e+00  6.000000e+01
     vertex  7.408144e+00  5.035153e+00  6.000000e+01
     vertex  0.000000e+00  0.000000e+00  6.000000e+01
   endloop
 endfacet
 facet normal  0.000000e+00  0.000000e+00  1.000000e+00
   outer loop
     vertex  3.016881e+00  9.589478e+00  6.000000e+01
     vertex  0.000000e+00  0.000000e+00  6.000000e+01
     vertex  3.029998e+00  9.453116e+00  6.000000e+01
   endloop
 endfacet
 facet normal  0.000000e+00  0.000000e+00  1.000000e+00
   outer loop
     vertex  7.680960e+00  5.010189e+00  6.000000e+01
     vertex  7.544381e+00  5.020802e+00  6.000000e+01
     vertex  0.000000e+00  0.000000e+00  6.000000e+01
   endloop
 endfacet
 facet normal  0.000000e+00  0.000000e+00  1.000000e+00
   outer loop
     vertex  3.007505e+00  9.726147e+00  6.000000e+01
     vertex  0.000000e+00  0.000000e+00  6.000000e+01
     vertex  3.016881e+00  9.589478e+00  6.000000e+01
   endloop
 endfacet
 facet normal  0.000000e+00  0.000000e+00  1.000000e+00
   outer loop
     vertex  7.817778e+00  5.003322e+00  6.000000e+01
     vertex  7.680960e+00  5.010189e+00  6.000000e+01
     vertex  0.000000e+00  0.000000e+00  6.000000e+01
   endloop
 endfacet
 facet normal  0.000000e+00  0.000000e+00  1.000000e+00
   outer loop
     vertex  3.001877e+00  9.863022e+00  6.000000e+01
     vertex  0.000000e+00  0.000000e+00  6.000000e+01
     vertex  3.007505e+00  9.726147e+00  6.000000e+01
   endloop
 endfacet
 facet normal  0.000000e+00  0.000000e+00  1.000000e+00
   outer loop
     vertex  3.000000e+00  1.000000e+01  6.000000e+01
     vertex  0.000000e+00  0.000000e+00  6.000000e+01
     vertex  3.001877e+00  9.863022e+00  6.000000e+01
   endloop
 endfacet
 facet normal  0.000000e+00  0.000000e+00  1.000000e+00
   outer loop
     vertex  1.500000e+01  0.000000e+00  6.000000e+01
     vertex  7.817778e+00  5.003322e+00  6.000000e+01
     vertex  0.000000e+00  0.000000e+00  6.000000e+01
   endloop
 endfacet
 facet normal  0.000000e+00  0.000000e+00  1.000000e+00
   outer loop
     vertex  1.500000e+01  0.000000e+00  6.000000e+01
     vertex  7.954734e+00  5.000205e+00  6.000000e+01
     vertex  7.817778e+00  5.003322e+00  6.000000e+01
   endloop
 endfacet
 facet normal  0.000000e+00  0.000000e+00  1.000000e+00
   outer loop
     vertex  1.500000e+01  0.000000e+00  6.000000e+01
     vertex  8.091723e+00  5.000841e+00  6.000000e+01
     vertex  7.954734e+00  5.000205e+00  6.000000e+01
   endloop
 endfacet
 facet normal  0.000000e+00  0.000000e+00  1.000000e+00
   outer loop
     vertex  1.500000e+01  0.000000e+00  6.000000e+01
     vertex  8.228643e+00  5.005231e+00  6.000000e+01
     vertex  8.091723e+00  5.000841e+00  6.000000e+01
   endloop
 endfacet
 facet normal  0.000000e+00  0.000000e+00  1.000000e+00
   outer loop
     vertex  1.500000e+01  0.000000e+00  6.000000e+01
     vertex  8.365392e+00  5.013369e+00  6.000000e+01
     vertex  8.228643e+00  5.005231e+00  6.000000e+01
   endloop
 endfacet
 facet normal  0.000000e+00  0.000000e+00  1.000000e+00
   outer loop
     vertex  1.500000e+01  0.000000e+00  6.000000e+01
     vertex  8.501866e+00  5.025251e+00  6.000000e+01
     vertex  8.365392e+00  5.013369e+00  6.000000e+01
   endloop
 endfacet
 facet normal  0.000000e+00  0.000000e+00  1.000000e+00
   outer loop
     vertex  1.500000e+01  0.000000e+00  6.000000e+01
     vertex  8.637964e+00  5.040867e+00  6.000000e+01
     vertex  8.501866e+00  5.025251e+00  6.000000e+01
   endloop
 endfacet
 facet normal  0.000000e+00  0.000000e+00  1.000000e+00
   outer loop
     vertex  1.500000e+01  0.000000e+00  6.000000e+01
     vertex  8.773583e+00  5.060206e+00  6.000000e+01
     vertex  8.637964e+00  5.040867e+00  6.000000e+01
   endloop
 endfacet
 facet normal  0.000000e+00  0.000000e+00  1.000000e+00
   outer loop
     vertex  1.500000e+01  0.000000e+00  6.000000e+01
     vertex  8.908621e+00  5.083252e+00  6.000000e+01
     vertex  8.773583e+00  5.060206e+00  6.000000e+01
   endloop
 endfacet
 facet normal  0.000000e+00  0.000000e+00  1.000000e+00
   outer loop
     vertex  1.500000e+01  0.000000e+00  6.000000e+01
     vertex  9.042977e+00  5.109990e+00  6.000000e+01
     vertex  8.908621e+00  5.083252e+00  6.000000e+01
   endloop
 endfacet
 facet normal  0.000000e+00  0.000000e+00  1.000000e+00
   outer loop
     vertex  1.500000e+01  0.000000e+00  6.000000e+01
     vertex  9.176550e+00  5.140398e+00  6.000000e+01
     vertex  9.042977e+00  5.109990e+00  6.000000e+01
   endloop
 endfacet
 facet normal  0.000000e+00  0.000000e+00  1.000000e+00
   outer loop
     vertex  1.500000e+01  0.000000e+00  6.000000e+01
     vertex  9.309240e+00  5.174454e+00  6.000000e+01
     vertex  9.176550e+00  5.140398e+00  6.000000e+01
   endloop
 endfacet
 facet normal  0.000000e+00  0.000000e+00  1.000000e+00
   outer loop
     vertex  1.500000e+01  0.000000e+00  6.000000e+01
     vertex  9.440948e+00  5.212133e+00  6.000000e+01
     vertex  9.309240e+00  5.174454e+00  6.000000e+01
   endloop
 endfacet
 facet normal  0.000000e+00  0.000000e+00  1.000000e+00
   outer loop
     vertex  1.500000e+01  0.000000e+00  6.000000e+01
     vertex  9.571573e+00  5.253406e+00  6.000000e+01
     vertex  9.440948e+00  5.212133e+00  6.000000e+01
   endloop
 endfacet
 facet normal  0.000000e+00  0.000000e+00  1.000000e+00
   outer loop
     vertex  1.500000e+01  0.000000e+00  6.000000e+01
     vertex  9.701019e+00  5.298241e+00  6.000000e+01
     vertex  9.571573e+00  5.253406e+00  6.000000e+01
   endloop
 endfacet
 facet normal  0.000000e+00  0.000000e+00  1.000000e+00
   outer loop
     vertex  9.829188e+00  5.346606e+00  6.000000e+01
     vertex  9.701019e+00  5.298241e+00  6.000000e+01
     vertex  1.500000e+01  0.000000e+00  6.000000e+01
   endloop
 endfacet
 facet normal  0.000000e+00  0.000000e+00  1.000000e+00
   outer loop
     vertex  9.955984e+00  5.398465e+00  6.000000e+01
     vertex  9.829188e+00  5.346606e+00  6.000000e+01
     vertex  1.500000e+01  0.000000e+00  6.000000e+01
   endloop
 endfacet
 facet normal  0.000000e+00  0.000000e+00  1.000000e+00
   outer loop
     vertex  1.008131e+01  5.453777e+00  6.000000e+01
     vertex  9.955984e+00  5.398465e+00  6.000000e+01
     vertex  1.500000e+01  0.000000e+00  6.000000e+01
   endloop
 endfacet
 facet normal  0.000000e+00  0.000000e+00  1.000000e+00
   outer loop
     vertex  1.020508e+01  5.512502e+00  6.000000e+01
     vertex  1.008131e+01  5.453777e+00  6.000000e+01
     vertex  1.500000e+01  0.000000e+00  6.000000e+01
   endloop
 endfacet
 facet normal  0.000000e+00  0.000000e+00  1.000000e+00
   outer loop
     vertex  1.032719e+01  5.574596e+00  6.000000e+01
     vertex  1.020508e+01  5.512502e+00  6.000000e+01
     vertex  1.500000e+01  0.000000e+00  6.000000e+01
   endloop
 endfacet
 facet normal  0.000000e+00  0.000000e+00  1.000000e+00
   outer loop
     vertex  1.044755e+01  5.640011e+00  6.000000e+01
     vertex  1.032719e+01  5.574596e+00  6.000000e+01
     vertex  1.500000e+01  0.000000e+00  6.000000e+01
   endloop
 endfacet
 facet normal  0.000000e+00  0.000000e+00  1.000000e+00
   outer loop
     vertex  1.056608e+01  5.708700e+00  6.000000e+01
     vertex  1.044755e+01  5.640011e+00  6.000000e+01
     vertex  1.500000e+01  0.000000e+00  6.000000e+01
   endloop
 endfacet
 facet normal  0.000000e+00  0.000000e+00  1.000000e+00
   outer loop
     vertex  1.068267e+01  5.780609e+00  6.000000e+01
     vertex  1.056608e+01  5.708700e+00  6.000000e+01
     vertex  1.500000e+01  0.000000e+00  6.000000e+01
   endloop
 endfacet
 facet normal  0.000000e+00  0.000000e+00  1.000000e+00
   outer loop
     vertex  1.079726e+01  5.855686e+00  6.000000e+01
     vertex  1.068267e+01  5.780609e+00  6.000000e+01
     vertex  1.500000e+01  0.000000e+00  6.000000e+01
   endloop
 endfacet
 facet normal  0.000000e+00  0.000000e+00  1.000000e+00
   outer loop
     vertex  1.090975e+01  5.933874e+00  6.000000e+01
     vertex  1.079726e+01  5.855686e+00  6.000000e+01
     vertex  1.500000e+01  0.000000e+00  6.000000e+01
   endloop
 endfacet
 facet normal  0.000000e+00  0.000000e+00  1.000000e+00
   outer loop
     vertex  1.102005e+01  6.015115e+00  6.000000e+01
     vertex  1.090975e+01  5.933874e+00  6.000000e+01
     vertex  1.500000e+01  0.000000e+00  6.000000e+01
   endloop
 endfacet
 facet normal  0.000000e+00  0.000000e+00  1.000000e+00
   outer loop
     vertex  1.112808e+01  6.099346e+00  6.000000e+01
     vertex  1.102005e+01  6.015115e+00  6.000000e+01
     vertex  1.500000e+01  0.000000e+00  6.000000e+01
   endloop
 endfacet
 facet normal  0.000000e+00  0.000000e+00  1.000000e+00
   outer loop
     vertex  1.123377e+01  6.186506e+00  6.000000e+01
     vertex  1.112808e+01  6.099346e+00  6.000000e+01
     vertex  1.500000e+01  0.000000e+00  6.000000e+01
   endloop
 endfacet
 facet normal  0.000000e+00  0.000000e+00  1.000000e+00
   outer loop
     vertex  1.133703e+01  6.276528e+00  6.000000e+01
     vertex  1.123377e+01  6.186506e+00  6.000000e+01
     vertex  1.500000e+01  0.000000e+00  6.000000e+01
   endloop
 endfacet
 facet normal  0.000000e+00  0.000000e+00  1.000000e+00
   outer loop
     vertex  1.143778e+01  6.369346e+00  6.000000e+01
     vertex  1.133703e+01  6.276528e+00  6.000000e+01
     vertex  1.500000e+01  0.000000e+00  6.000000e+01
   endloop
 endfacet
 facet normal  0.000000e+00  0.000000e+00  1.000000e+00
   outer loop
     vertex  1.153596e+01  6.464888e+00  6.000000e+01
     vertex  1.143778e+01  6.369346e+00  6.000000e+01
     vertex  1.500000e+01  0.000000e+00  6.000000e+01
   endloop
 endfacet
 facet normal  0.000000e+00  0.000000e+00  1.000000e+00
   outer loop
     vertex  1.163148e+01  6.563085e+00  6.000000e+01
     vertex  1.153596e+01  6.464888e+00  6.000000e+01
     vertex  1.500000e+01  0.000000e+00  6.000000e+01
   endloop
 endfacet
 facet normal  0.000000e+00  0.000000e+00  1.000000e+00
   outer loop
     vertex  1.172427e+01  6.663861e+00  6.000000e+01
     vertex  1.163148e+01  6.563085e+00  6.000000e+01
     vertex  1.500000e+01  0.000000e+00  6.000000e+01
   endloop
 endfacet
 facet normal  0.000000e+00  0.000000e+00  1.000000e+00
   outer loop
     vertex  1.181427e+01  6.767142e+00  6.000000e+01
     vertex  1.172427e+01  6.663861e+00  6.000000e+01
     vertex  1.500000e+01  0.000000e+00  6.000000e+01
   endloop
 endfacet
 facet normal  0.000000e+00  0.000000e+00  1.000000e+00
   outer loop
     vertex  1.190140e+01  6.872849e+00  6.000000e+01
     vertex  1.181427e+01  6.767142e+00  6.000000e+01
     vertex  1.500000e+01  0.000000e+00  6.000000e+01
   endloop
 endfacet
 facet normal  0.000000e+00  0.000000e+00  1.000000e+00
   outer loop
     vertex  1.198561e+01  6.980904e+00  6.000000e+01
     vertex  1.190140e+01  6.872849e+00  6.000000e+01
     vertex  1.500000e+01  0.000000e+00  6.000000e+01
   endloop
 endfacet
 facet normal  0.000000e+00  0.000000e+00  1.000000e+00
   outer loop
     vertex  1.206682e+01  7.091225e+00  6.000000e+01
     vertex  1.198561e+01  6.980904e+00  6.000000e+01
     vertex  1.500000e+01  0.000000e+00  6.000000e+01
   endloop
 endfacet
 facet normal  0.000000e+00  0.000000e+00  1.000000e+00
   outer loop
     vertex  0.000000e+00  2.000000e+01  6.000000e+01
     vertex  3.091680e+00  1.095310e+01  6.000000e+01
     vertex  3.119633e+00  1.108721e+01  6.000000e+01
   endloop
 endfacet
 facet normal  0.000000e+00  0.000000e+00  1.000000e+00
   outer loop
     vertex  0.000000e+00  2.000000e+01  6.000000e+01
     vertex  3.067411e+00  1.081827e+01  6.000000e+01
     vertex  3.091680e+00  1.095310e+01  6.000000e+01
   endloop
 endfacet
 facet normal  0.000000e+00  0.000000e+00  1.000000e+00
   outer loop
     vertex  0.000000e+00  2.000000e+01  6.000000e+01
     vertex  3.046846e+00  1.068283e+01  6.000000e+01
     vertex  3.067411e+00  1.081827e+01  6.000000e+01
   endloop
 endfacet
 facet normal  0.000000e+00  0.000000e+00  1.000000e+00
   outer loop
     vertex  0.000000e+00  2.000000e+01  6.000000e+01
     vertex  3.029998e+00  1.054688e+01  6.000000e+01
     vertex  3.046846e+00  1.068283e+01  6.000000e+01
   endloop
 endfacet
 facet normal  0.000000e+00  0.000000e+00  1.000000e+00
   outer loop
     vertex  0.000000e+00  2.000000e+01  6.000000e+01
     vertex  3.016881e+00  1.041052e+01  6.000000e+01
     vertex  3.029998e+00  1.054688e+01  6.000000e+01
   endloop
 endfacet
 facet normal  0.000000e+00  0.000000e+00  1.000000e+00
   outer loop
     vertex  0.000000e+00  2.000000e+01  6.000000e+01
     vertex  3.007505e+00  1.027385e+01  6.000000e+01
     vertex  3.016881e+00  1.041052e+01  6.000000e+01
   endloop
 endfacet
 facet normal  0.000000e+00  0.000000e+00  1.000000e+00
   outer loop
     vertex  0.000000e+00  2.000000e+01  6.000000e+01
     vertex  3.001877e+00  1.013698e+01  6.000000e+01
     vertex  3.007505e+00  1.027385e+01  6.000000e+01
   endloop
 endfacet
 facet normal  0.000000e+00  0.000000e+00  1.000000e+00
   outer loop
     vertex  0.000000e+00  2.000000e+01  6.000000e+01
     vertex  3.000000e+00  1.000000e+01  6.000000e+01
     vertex  3.001877e+00  1.013698e+01  6.000000e+01
   endloop
 endfacet
 facet normal  0.000000e+00  0.000000e+00  1.000000e+00
   outer loop
     vertex  0.000000e+00  2.000000e+01  6.000000e+01
     vertex  0.000000e+00  0.000000e+00  6.000000e+01
     vertex  3.000000e+00  1.000000e+01  6.000000e+01
   endloop
 endfacet
 facet normal  0.000000e+00  0.000000e+00  1.000000e+00
   outer loop
     vertex  0.000000e+00  2.000000e+01  6.000000e+01
     vertex  5.473911e+00  1.431496e+01  6.000000e+01
     vertex  5.593070e+00  1.438254e+01  6.000000e+01
   endloop
 endfacet
 facet normal  0.000000e+00  0.000000e+00  1.000000e+00
   outer loop
     vertex  0.000000e+00  2.000000e+01  6.000000e+01
     vertex  5.356648e+00  1.424414e+01  6.000000e+01
     vertex  5.473911e+00  1.431496e+01  6.000000e+01
   endloop
 endfacet
 facet normal  0.000000e+00  0.000000e+00  1.000000e+00
   outer loop
     vertex  0.000000e+00  2.000000e+01  6.000000e+01
     vertex  5.241370e+00  1.417013e+01  6.000000e+01
     vertex  5.356648e+00  1.424414e+01  6.000000e+01
   endloop
 endfacet
 facet normal  0.000000e+00  0.000000e+00  1.000000e+00
   outer loop
     vertex  0.000000e+00  2.000000e+01  6.000000e+01
     vertex  5.128162e+00  1.409299e+01  6.000000e+01
     vertex  5.241370e+00  1.417013e+01  6.000000e+01
   endloop
 endfacet
 facet normal  0.000000e+00  0.000000e+00  1.000000e+00
   outer loop
     vertex  0.000000e+00  2.000000e+01  6.000000e+01
     vertex  5.017110e+00  1.401278e+01  6.000000e+01
     vertex  5.128162e+00  1.409299e+01  6.000000e+01
   endloop
 endfacet
 facet normal  0.000000e+00  0.000000e+00  1.000000e+00
   outer loop
     vertex  0.000000e+00  2.000000e+01  6.000000e+01
     vertex  4.908298e+00  1.392955e+01  6.000000e+01
     vertex  5.017110e+00  1.401278e+01  6.000000e+01
   endloop
 endfacet
 facet normal  0.000000e+00  0.000000e+00  1.000000e+00
   outer loop
     vertex  0.000000e+00  2.000000e+01  6.000000e+01
     vertex  4.801806e+00  1.384338e+01  6.000000e+01
     vertex  4.908298e+00  1.392955e+01  6.000000e+01
   endloop
 endfacet
 facet normal  0.000000e+00  0.000000e+00  1.000000e+00
   outer loop
     vertex  0.000000e+00  2.000000e+01  6.000000e+01
     vertex  4.697715e+00  1.375432e+01  6.000000e+01
     vertex  4.801806e+00  1.384338e+01  6.000000e+01
   endloop
 endfacet
 facet normal  0.000000e+00  0.000000e+00  1.000000e+00
   outer loop
     vertex  0.000000e+00  2.000000e+01  6.000000e+01
     vertex  4.596102e+00  1.366244e+01  6.000000e+01
     vertex  4.697715e+00  1.375432e+01  6.000000e+01
   endloop
 endfacet
 facet normal  0.000000e+00  0.000000e+00  1.000000e+00
   outer loop
     vertex  0.000000e+00  2.000000e+01  6.000000e+01
     vertex  4.497045e+00  1.356782e+01  6.000000e+01
     vertex  4.596102e+00  1.366244e+01  6.000000e+01
   endloop
 endfacet
 facet normal  0.000000e+00  0.000000e+00  1.000000e+00
   outer loop
     vertex  0.000000e+00  2.000000e+01  6.000000e+01
     vertex  4.400618e+00  1.347051e+01  6.000000e+01
     vertex  4.497045e+00  1.356782e+01  6.000000e+01
   endloop
 endfacet
 facet normal  0.000000e+00  0.000000e+00  1.000000e+00
   outer loop
     vertex  0.000000e+00  2.000000e+01  6.000000e+01
     vertex  4.306892e+00  1.337060e+01  6.000000e+01
     vertex  4.400618e+00  1.347051e+01  6.000000e+01
   endloop
 endfacet
 facet normal  0.000000e+00  0.000000e+00  1.000000e+00
   outer loop
     vertex  0.000000e+00  2.000000e+01  6.000000e+01
     vertex  4.215938e+00  1.326816e+01  6.000000e+01
     vertex  4.306892e+00  1.337060e+01  6.000000e+01
   endloop
 endfacet
 facet normal  0.000000e+00  0.000000e+00  1.000000e+00
   outer loop
     vertex  0.000000e+00  2.000000e+01  6.000000e+01
     vertex  4.127826e+00  1.316327e+01  6.000000e+01
     vertex  4.215938e+00  1.326816e+01  6.000000e+01
   endloop
 endfacet
 facet normal  0.000000e+00  0.000000e+00  1.000000e+00
   outer loop
     vertex  0.000000e+00  2.000000e+01  6.000000e+01
     vertex  4.042619e+00  1.305600e+01  6.000000e+01
     vertex  4.127826e+00  1.316327e+01  6.000000e+01
   endloop
 endfacet
 facet normal  0.000000e+00  0.000000e+00  1.000000e+00
   outer loop
     vertex  0.000000e+00  2.000000e+01  6.000000e+01
     vertex  3.960384e+00  1.294644e+01  6.000000e+01
     vertex  4.042619e+00  1.305600e+01  6.000000e+01
   endloop
 endfacet
 facet normal  0.000000e+00  0.000000e+00  1.000000e+00
   outer loop
     vertex  0.000000e+00  2.000000e+01  6.000000e+01
     vertex  3.881181e+00  1.283467e+01  6.000000e+01
     vertex  3.960384e+00  1.294644e+01  6.000000e+01
   endloop
 endfacet
 facet normal  0.000000e+00  0.000000e+00  1.000000e+00
   outer loop
     vertex  0.000000e+00  2.000000e+01  6.000000e+01
     vertex  3.805069e+00  1.272076e+01  6.000000e+01
     vertex  3.881181e+00  1.283467e+01  6.000000e+01
   endloop
 endfacet
 facet normal  0.000000e+00  0.000000e+00  1.000000e+00
   outer loop
     vertex  0.000000e+00  2.000000e+01  6.000000e+01
     vertex  3.732107e+00  1.260482e+01  6.000000e+01
     vertex  3.805069e+00  1.272076e+01  6.000000e+01
   endloop
 endfacet
 facet normal  0.000000e+00  0.000000e+00  1.000000e+00
   outer loop
     vertex  0.000000e+00  2.000000e+01  6.000000e+01
     vertex  3.662348e+00  1.248692e+01  6.000000e+01
     vertex  3.732107e+00  1.260482e+01  6.000000e+01
   endloop
 endfacet
 facet normal  0.000000e+00  0.000000e+00  1.000000e+00
   outer loop
     vertex  0.000000e+00  2.000000e+01  6.000000e+01
     vertex  3.595846e+00  1.236716e+01  6.000000e+01
     vertex  3.662348e+00  1.248692e+01  6.000000e+01
   endloop
 endfacet
 facet normal  0.000000e+00  0.000000e+00  1.000000e+00
   outer loop
     vertex  0.000000e+00  2.000000e+01  6.000000e+01
     vertex  3.532649e+00  1.224561e+01  6.000000e+01
     vertex  3.595846e+00  1.236716e+01  6.000000e+01
   endloop
 endfacet
 facet normal  0.000000e+00  0.000000e+00  1.000000e+00
   outer loop
     vertex  0.000000e+00  2.000000e+01  6.000000e+01
     vertex  3.472806e+00  1.212238e+01  6.000000e+01
     vertex  3.532649e+00  1.224561e+01  6.000000e+01
   endloop
 endfacet
 facet normal  0.000000e+00  0.000000e+00  1.000000e+00
   outer loop
     vertex  0.000000e+00  2.000000e+01  6.000000e+01
     vertex  3.416361e+00  1.199756e+01  6.000000e+01
     vertex  3.472806e+00  1.212238e+01  6.000000e+01
   endloop
 endfacet
 facet normal  0.000000e+00  0.000000e+00  1.000000e+00
   outer loop
     vertex  0.000000e+00  2.000000e+01  6.000000e+01
     vertex  3.363357e+00  1.187124e+01  6.000000e+01
     vertex  3.416361e+00  1.199756e+01  6.000000e+01
   endloop
 endfacet
 facet normal  0.000000e+00  0.000000e+00  1.000000e+00
   outer loop
     vertex  0.000000e+00  2.000000e+01  6.000000e+01
     vertex  3.313834e+00  1.174352e+01  6.000000e+01
     vertex  3.363357e+00  1.187124e+01  6.000000e+01
   endloop
 endfacet
 facet normal  0.000000e+00  0.000000e+00  1.000000e+00
   outer loop
     vertex  0.000000e+00  2.000000e+01  6.000000e+01
     vertex  3.267828e+00  1.161448e+01  6.000000e+01
     vertex  3.313834e+00  1.174352e+01  6.000000e+01
   endloop
 endfacet
 facet normal  0.000000e+00  0.000000e+00  1.000000e+00
   outer loop
     vertex  0.000000e+00  2.000000e+01  6.000000e+01
     vertex  3.225375e+00  1.148423e+01  6.000000e+01
     vertex  3.267828e+00  1.161448e+01  6.000000e+01
   endloop
 endfacet
 facet normal  0.000000e+00  0.000000e+00  1.000000e+00
   outer loop
     vertex  0.000000e+00  2.000000e+01  6.000000e+01
     vertex  3.186505e+00  1.135287e+01  6.000000e+01
     vertex  3.225375e+00  1.148423e+01  6.000000e+01
   endloop
 endfacet
 facet normal  0.000000e+00  0.000000e+00  1.000000e+00
   outer loop
     vertex  0.000000e+00  2.000000e+01  6.000000e+01
     vertex  3.151249e+00  1.122050e+01  6.000000e+01
     vertex  3.186505e+00  1.135287e+01  6.000000e+01
   endloop
 endfacet
 facet normal  0.000000e+00  0.000000e+00  1.000000e+00
   outer loop
     vertex  0.000000e+00  2.000000e+01  6.000000e+01
     vertex  3.119633e+00  1.108721e+01  6.000000e+01
     vertex  3.151249e+00  1.122050e+01  6.000000e+01
   endloop
 endfacet
 facet normal  0.000000e+00  0.000000e+00  1.000000e+00
   outer loop
     vertex  5.714035e+00  1.444684e+01  6.000000e+01
     vertex  0.000000e+00  2.000000e+01  6.000000e+01
     vertex  5.593070e+00  1.438254e+01  6.000000e+01
   endloop
 endfacet
 facet normal  0.000000e+00  0.000000e+00  1.000000e+00
   outer loop
     vertex  5.836717e+00  1.450779e+01  6.000000e+01
     vertex  0.000000e+00  2.000000e+01  6.000000e+01
     vertex  5.714035e+00  1.444684e+01  6.000000e+01
   endloop
 endfacet
 facet normal  0.000000e+00  0.000000e+00  1.000000e+00
   outer loop
     vertex  5.961023e+00  1.456537e+01  6.000000e+01
     vertex  0.000000e+00  2.000000e+01  6.000000e+01
     vertex  5.836717e+00  1.450779e+01  6.000000e+01
   endloop
 endfacet
 facet normal  0.000000e+00  0.000000e+00  1.000000e+00
   outer loop
     vertex  6.086859e+00  1.461951e+01  6.000000e+01
     vertex  0.000000e+00  2.000000e+01  6.000000e+01
     vertex  5.961023e+00  1.456537e+01  6.000000e+01
   endloop
 endfacet
 facet normal  0.000000e+00  0.000000e+00  1.000000e+00
   outer loop
     vertex  6.214131e+00  1.467019e+01  6.000000e+01
     vertex  0.000000e+00  2.000000e+01  6.000000e+01
     vertex  6.086859e+00  1.461951e+01  6.000000e+01
   endloop
 endfacet
 facet normal  0.000000e+00  0.000000e+00  1.000000e+00
   outer loop
     vertex  6.342744e+00  1.471736e+01  6.000000e+01
     vertex  0.000000e+00  2.000000e+01  6.000000e+01
     vertex  6.214131e+00  1.467019e+01  6.000000e+01
   endloop
 endfacet
 facet normal  0.000000e+00  0.000000e+00  1.000000e+00
   outer loop
     vertex  6.472601e+00  1.476099e+01  6.000000e+01
     vertex  0.000000e+00  2.000000e+01  6.000000e+01
     vertex  6.342744e+00  1.471736e+01  6.000000e+01
   endloop
 endfacet
 facet normal  0.000000e+00  0.000000e+00  1.000000e+00
   outer loop
     vertex  6.603604e+00  1.480105e+01  6.000000e+01
     vertex  0.000000e+00  2.000000e+01  6.000000e+01
     vertex  6.472601e+00  1.476099e+01  6.000000e+01
   endloop
 endfacet
 facet normal  0.000000e+00  0.000000e+00  1.000000e+00
   outer loop
     vertex  6.735656e+00  1.483750e+01  6.000000e+01
     vertex  0.000000e+00  2.000000e+01  6.000000e+01
     vertex  6.603604e+00  1.480105e+01  6.000000e+01
   endloop
 endfacet
 facet normal  0.000000e+00  0.000000e+00  1.000000e+00
   outer loop
     vertex  6.868656e+00  1.487032e+01  6.000000e+01
     vertex  0.000000e+00  2.000000e+01  6.000000e+01
     vertex  6.735656e+00  1.483750e+01  6.000000e+01
   endloop
 endfacet
 facet normal  0.000000e+00  0.000000e+00  1.000000e+00
   outer loop
     vertex  7.002506e+00  1.489949e+01  6.000000e+01
     vertex  0.000000e+00  2.000000e+01  6.000000e+01
     vertex  6.868656e+00  1.487032e+01  6.000000e+01
   endloop
 endfacet
 facet normal  0.000000e+00  0.000000e+00  1.000000e+00
   outer loop
     vertex  7.137105e+00  1.492498e+01  6.000000e+01
     vertex  0.000000e+00  2.000000e+01  6.000000e+01
     vertex  7.002506e+00  1.489949e+01  6.000000e+01
   endloop
 endfacet
 facet normal  0.000000e+00  0.000000e+00  1.000000e+00
   outer loop
     vertex  7.272351e+00  1.494677e+01  6.000000e+01
     vertex  0.000000e+00  2.000000e+01  6.000000e+01
     vertex  7.137105e+00  1.492498e+01  6.000000e+01
   endloop
 endfacet
 facet normal  0.000000e+00  0.000000e+00  1.000000e+00
   outer loop
     vertex  7.408144e+00  1.496485e+01  6.000000e+01
     vertex  0.000000e+00  2.000000e+01  6.000000e+01
     vertex  7.272351e+00  1.494677e+01  6.000000e+01
   endloop
 endfacet
 facet normal  0.000000e+00  0.000000e+00  1.000000e+00
   outer loop
     vertex  7.544381e+00  1.497920e+01  6.000000e+01
     vertex  0.000000e+00  2.000000e+01  6.000000e+01
     vertex  7.408144e+00  1.496485e+01  6.000000e+01
   endloop
 endfacet
 facet normal  0.000000e+00  0.000000e+00  1.000000e+00
   outer loop
     vertex  7.680960e+00  1.498981e+01  6.000000e+01
     vertex  0.000000e+00  2.000000e+01  6.000000e+01
     vertex  7.544381e+00  1.497920e+01  6.000000e+01
   endloop
 endfacet
 facet normal  0.000000e+00  0.000000e+00  1.000000e+00
   outer loop
     vertex  7.817778e+00  1.499668e+01  6.000000e+01
     vertex  0.000000e+00  2.000000e+01  6.000000e+01
     vertex  7.680960e+00  1.498981e+01  6.000000e+01
   endloop
 endfacet
 facet normal  0.000000e+00  0.000000e+00  1.000000e+00
   outer loop
     vertex  1.389898e+01  9.000000e+00  6.000000e+01
     vertex  1.254672e+01  7.919775e+00  6.000000e+01
     vertex  1.248802e+01  7.795995e+00  6.000000e+01
   endloop
 endfacet
 facet normal  0.000000e+00  0.000000e+00  1.000000e+00
   outer loop
     vertex  1.389898e+01  9.000000e+00  6.000000e+01
     vertex  1.260200e+01  8.045115e+00  6.000000e+01
     vertex  1.254672e+01  7.919775e+00  6.000000e+01
   endloop
 endfacet
 facet normal  0.000000e+00  0.000000e+00  1.000000e+00
   outer loop
     vertex  1.500000e+01  9.000000e+00  6.000000e+01
     vertex  1.222003e+01  7.318333e+00  6.000000e+01
     vertex  1.214498e+01  7.203730e+00  6.000000e+01
   endloop
 endfacet
 facet normal  0.000000e+00  0.000000e+00  1.000000e+00
   outer loop
     vertex  1.500000e+01  9.000000e+00  6.000000e+01
     vertex  1.229191e+01  7.434950e+00  6.000000e+01
     vertex  1.222003e+01  7.318333e+00  6.000000e+01
   endloop
 endfacet
 facet normal  0.000000e+00  0.000000e+00  1.000000e+00
   outer loop
     vertex  1.500000e+01  9.000000e+00  6.000000e+01
     vertex  1.236057e+01  7.553492e+00  6.000000e+01
     vertex  1.229191e+01  7.434950e+00  6.000000e+01
   endloop
 endfacet
 facet normal  0.000000e+00  0.000000e+00  1.000000e+00
   outer loop
     vertex  1.500000e+01  9.000000e+00  6.000000e+01
     vertex  1.242596e+01  7.673871e+00  6.000000e+01
     vertex  1.236057e+01  7.553492e+00  6.000000e+01
   endloop
 endfacet
 facet normal  0.000000e+00  0.000000e+00  1.000000e+00
   outer loop
     vertex  1.500000e+01  9.000000e+00  6.000000e+01
     vertex  1.248802e+01  7.795995e+00  6.000000e+01
     vertex  1.242596e+01  7.673871e+00  6.000000e+01
   endloop
 endfacet
 facet normal  0.000000e+00  0.000000e+00  1.000000e+00
   outer loop
     vertex  1.500000e+01  9.000000e+00  6.000000e+01
     vertex  1.206682e+01  7.091225e+00  6.000000e+01
     vertex  1.500000e+01  0.000000e+00  6.000000e+01
   endloop
 endfacet
 facet normal  0.000000e+00  0.000000e+00  1.000000e+00
   outer loop
     vertex  1.500000e+01  9.000000e+00  6.000000e+01
     vertex  1.389898e+01  9.000000e+00  6.000000e+01
     vertex  1.248802e+01  7.795995e+00  6.000000e+01
   endloop
 endfacet
 facet normal  0.000000e+00  0.000000e+00  1.000000e+00
   outer loop
     vertex  1.500000e+01  9.000000e+00  6.000000e+01
     vertex  1.214498e+01  7.203730e+00  6.000000e+01
     vertex  1.206682e+01  7.091225e+00  6.000000e+01
   endloop
 endfacet
 facet normal  0.000000e+00  0.000000e+00  1.000000e+00
   outer loop
     vertex  1.389898e+01  1.100000e+01  6.000000e+01
     vertex  1.254672e+01  1.208023e+01  6.000000e+01
     vertex  1.260200e+01  1.195488e+01  6.000000e+01
   endloop
 endfacet
 facet normal  0.000000e+00  0.000000e+00  1.000000e+00
   outer loop
     vertex  1.389898e+01  1.100000e+01  6.000000e+01
     vertex  1.248802e+01  1.220400e+01  6.000000e+01
     vertex  1.254672e+01  1.208023e+01  6.000000e+01
   endloop
 endfacet
 facet normal  0.000000e+00  0.000000e+00  1.000000e+00
   outer loop
     vertex  1.500000e+01  1.100000e+01  6.000000e+01
     vertex  1.242596e+01  1.232613e+01  6.000000e+01
     vertex  1.248802e+01  1.220400e+01  6.000000e+01
   endloop
 endfacet
 facet normal  0.000000e+00  0.000000e+00  1.000000e+00
   outer loop
     vertex  1.500000e+01  1.100000e+01  6.000000e+01
     vertex  1.236057e+01  1.244651e+01  6.000000e+01
     vertex  1.242596e+01  1.232613e+01  6.000000e+01
   endloop
 endfacet
 facet normal  0.000000e+00  0.000000e+00  1.000000e+00
   outer loop
     vertex  1.500000e+01  1.100000e+01  6.000000e+01
     vertex  1.229191e+01  1.256505e+01  6.000000e+01
     vertex  1.236057e+01  1.244651e+01  6.000000e+01
   endloop
 endfacet
 facet normal  0.000000e+00  0.000000e+00  1.000000e+00
   outer loop
     vertex  1.500000e+01  1.100000e+01  6.000000e+01
     vertex  1.222003e+01  1.268167e+01  6.000000e+01
     vertex  1.229191e+01  1.256505e+01  6.000000e+01
   endloop
 endfacet
 facet normal  0.000000e+00  0.000000e+00  1.000000e+00
   outer loop
     vertex  1.500000e+01  1.100000e+01  6.000000e+01
     vertex  1.214498e+01  1.279627e+01  6.000000e+01
     vertex  1.222003e+01  1.268167e+01  6.000000e+01
   endloop
 endfacet
 facet normal  0.000000e+00  0.000000e+00  1.000000e+00
   outer loop
     vertex  1.500000e+01  1.100000e+01  6.000000e+01
     vertex  1.206682e+01  1.290878e+01  6.000000e+01
     vertex  1.214498e+01  1.279627e+01  6.000000e+01
   endloop
 endfacet
 facet normal  0.000000e+00  0.000000e+00  1.000000e+00
   outer loop
     vertex  1.500000e+01  1.100000e+01  6.000000e+01
     vertex  1.248802e+01  1.220400e+01  6.000000e+01
     vertex  1.389898e+01  1.100000e+01  6.000000e+01
   endloop
 endfacet
 facet normal  0.000000e+00  0.000000e+00  1.000000e+00
   outer loop
     vertex  1.500000e+01  2.000000e+01  6.000000e+01
     vertex  1.198561e+01  1.301910e+01  6.000000e+01
     vertex  1.206682e+01  1.290878e+01  6.000000e+01
   endloop
 endfacet
 facet normal  0.000000e+00  0.000000e+00  1.000000e+00
   outer loop
     vertex  1.500000e+01  2.000000e+01  6.000000e+01
     vertex  1.190140e+01  1.312715e+01  6.000000e+01
     vertex  1.198561e+01  1.301910e+01  6.000000e+01
   endloop
 endfacet
 facet normal  0.000000e+00  0.000000e+00  1.000000e+00
   outer loop
     vertex  1.500000e+01  2.000000e+01  6.000000e+01
     vertex  1.181427e+01  1.323286e+01  6.000000e+01
     vertex  1.190140e+01  1.312715e+01  6.000000e+01
   endloop
 endfacet
 facet normal  0.000000e+00  0.000000e+00  1.000000e+00
   outer loop
     vertex  1.500000e+01  2.000000e+01  6.000000e+01
     vertex  1.172427e+01  1.333614e+01  6.000000e+01
     vertex  1.181427e+01  1.323286e+01  6.000000e+01
   endloop
 endfacet
 facet normal  0.000000e+00  0.000000e+00  1.000000e+00
   outer loop
     vertex  1.500000e+01  2.000000e+01  6.000000e+01
     vertex  1.163148e+01  1.343692e+01  6.000000e+01
     vertex  1.172427e+01  1.333614e+01  6.000000e+01
   endloop
 endfacet
 facet normal  0.000000e+00  0.000000e+00  1.000000e+00
   outer loop
     vertex  1.500000e+01  2.000000e+01  6.000000e+01
     vertex  1.153596e+01  1.353511e+01  6.000000e+01
     vertex  1.163148e+01  1.343692e+01  6.000000e+01
   endloop
 endfacet
 facet normal  0.000000e+00  0.000000e+00  1.000000e+00
   outer loop
     vertex  1.500000e+01  2.000000e+01  6.000000e+01
     vertex  1.143778e+01  1.363065e+01  6.000000e+01
     vertex  1.153596e+01  1.353511e+01  6.000000e+01
   endloop
 endfacet
 facet normal  0.000000e+00  0.000000e+00  1.000000e+00
   outer loop
     vertex  1.500000e+01  2.000000e+01  6.000000e+01
     vertex  1.133703e+01  1.372347e+01  6.000000e+01
     vertex  1.143778e+01  1.363065e+01  6.000000e+01
   endloop
 endfacet
 facet normal  0.000000e+00  0.000000e+00  1.000000e+00
   outer loop
     vertex  1.500000e+01  2.000000e+01  6.000000e+01
     vertex  1.123377e+01  1.381349e+01  6.000000e+01
     vertex  1.133703e+01  1.372347e+01  6.000000e+01
   endloop
 endfacet
 facet normal  0.000000e+00  0.000000e+00  1.000000e+00
   outer loop
     vertex  1.500000e+01  2.000000e+01  6.000000e+01
     vertex  1.112808e+01  1.390065e+01  6.000000e+01
     vertex  1.123377e+01  1.381349e+01  6.000000e+01
   endloop
 endfacet
 facet normal  0.000000e+00  0.000000e+00  1.000000e+00
   outer loop
     vertex  1.500000e+01  2.000000e+01  6.000000e+01
     vertex  1.102005e+01  1.398489e+01  6.000000e+01
     vertex  1.112808e+01  1.390065e+01  6.000000e+01
   endloop
 endfacet
 facet normal  0.000000e+00  0.000000e+00  1.000000e+00
   outer loop
     vertex  1.500000e+01  2.000000e+01  6.000000e+01
     vertex  0.000000e+00  2.000000e+01  6.000000e+01
     vertex  7.817778e+00  1.499668e+01  6.000000e+01
   endloop
 endfacet
 facet normal  0.000000e+00  0.000000e+00  1.000000e+00
   outer loop
     vertex  1.500000e+01  2.000000e+01  6.000000e+01
     vertex  1.090975e+01  1.406613e+01  6.000000e+01
     vertex  1.102005e+01  1.398489e+01  6.000000e+01
   endloop
 endfacet
 facet normal  0.000000e+00  0.000000e+00  1.000000e+00
   outer loop
     vertex  1.500000e+01  2.000000e+01  6.000000e+01
     vertex  1.079726e+01  1.414431e+01  6.000000e+01
     vertex  1.090975e+01  1.406613e+01  6.000000e+01
   endloop
 endfacet
 facet normal  0.000000e+00  0.000000e+00  1.000000e+00
   outer loop
     vertex  1.500000e+01  2.000000e+01  6.000000e+01
     vertex  1.068267e+01  1.421939e+01  6.000000e+01
     vertex  1.079726e+01  1.414431e+01  6.000000e+01
   endloop
 endfacet
 facet normal  0.000000e+00  0.000000e+00  1.000000e+00
   outer loop
     vertex  1.500000e+01  2.000000e+01  6.000000e+01
     vertex  1.056608e+01  1.429130e+01  6.000000e+01
     vertex  1.068267e+01  1.421939e+01  6.000000e+01
   endloop
 endfacet
 facet normal  0.000000e+00  0.000000e+00  1.000000e+00
   outer loop
     vertex  1.500000e+01  2.000000e+01  6.000000e+01
     vertex  1.044755e+01  1.435999e+01  6.000000e+01
     vertex  1.056608e+01  1.429130e+01  6.000000e+01
   endloop
 endfacet
 facet normal  0.000000e+00  0.000000e+00  1.000000e+00
   outer loop
     vertex  1.500000e+01  2.000000e+01  6.000000e+01
     vertex  1.032719e+01  1.442540e+01  6.000000e+01
     vertex  1.044755e+01  1.435999e+01  6.000000e+01
   endloop
 endfacet
 facet normal  0.000000e+00  0.000000e+00  1.000000e+00
   outer loop
     vertex  1.500000e+01  2.000000e+01  6.000000e+01
     vertex  1.020508e+01  1.448750e+01  6.000000e+01
     vertex  1.032719e+01  1.442540e+01  6.000000e+01
   endloop
 endfacet
 facet normal  0.000000e+00  0.000000e+00  1.000000e+00
   outer loop
     vertex  1.500000e+01  2.000000e+01  6.000000e+01
     vertex  1.008131e+01  1.454622e+01  6.000000e+01
     vertex  1.020508e+01  1.448750e+01  6.000000e+01
   endloop
 endfacet
 facet normal  0.000000e+00  0.000000e+00  1.000000e+00
   outer loop
     vertex  1.500000e+01  2.000000e+01  6.000000e+01
     vertex  9.955984e+00  1.460154e+01  6.000000e+01
     vertex  1.008131e+01  1.454622e+01  6.000000e+01
   endloop
 endfacet
 facet normal  0.000000e+00  0.000000e+00  1.000000e+00
   outer loop
     vertex  1.500000e+01  2.000000e+01  6.000000e+01
     vertex  9.829188e+00  1.465339e+01  6.000000e+01
     vertex  9.955984e+00  1.460154e+01  6.000000e+01
   endloop
 endfacet
 facet normal  0.000000e+00  0.000000e+00  1.000000e+00
   outer loop
     vertex  1.500000e+01  2.000000e+01  6.000000e+01
     vertex  9.701019e+00  1.470176e+01  6.000000e+01
     vertex  9.829188e+00  1.465339e+01  6.000000e+01
   endloop
 endfacet
 facet normal  0.000000e+00  0.000000e+00  1.000000e+00
   outer loop
     vertex  1.500000e+01  2.000000e+01  6.000000e+01
     vertex  9.571573e+00  1.474659e+01  6.000000e+01
     vertex  9.701019e+00  1.470176e+01  6.000000e+01
   endloop
 endfacet
 facet normal  0.000000e+00  0.000000e+00  1.000000e+00
   outer loop
     vertex  1.500000e+01  2.000000e+01  6.000000e+01
     vertex  9.440948e+00  1.478787e+01  6.000000e+01
     vertex  9.571573e+00  1.474659e+01  6.000000e+01
   endloop
 endfacet
 facet normal  0.000000e+00  0.000000e+00  1.000000e+00
   outer loop
     vertex  1.500000e+01  2.000000e+01  6.000000e+01
     vertex  9.309240e+00  1.482555e+01  6.000000e+01
     vertex  9.440948e+00  1.478787e+01  6.000000e+01
   endloop
 endfacet
 facet normal  0.000000e+00  0.000000e+00  1.000000e+00
   outer loop
     vertex  1.500000e+01  2.000000e+01  6.000000e+01
     vertex  9.176550e+00  1.485960e+01  6.000000e+01
     vertex  9.309240e+00  1.482555e+01  6.000000e+01
   endloop
 endfacet
 facet normal  0.000000e+00  0.000000e+00  1.000000e+00
   outer loop
     vertex  1.500000e+01  2.000000e+01  6.000000e+01
     vertex  9.042977e+00  1.489001e+01  6.000000e+01
     vertex  9.176550e+00  1.485960e+01  6.000000e+01
   endloop
 endfacet
 facet normal  0.000000e+00  0.000000e+00  1.000000e+00
   outer loop
     vertex  1.500000e+01  2.000000e+01  6.000000e+01
     vertex  8.908621e+00  1.491675e+01  6.000000e+01
     vertex  9.042977e+00  1.489001e+01  6.000000e+01
   endloop
 endfacet
 facet normal  0.000000e+00  0.000000e+00  1.000000e+00
   outer loop
     vertex  1.500000e+01  2.000000e+01  6.000000e+01
     vertex  8.773583e+00  1.493979e+01  6.000000e+01
     vertex  8.908621e+00  1.491675e+01  6.000000e+01
   endloop
 endfacet
 facet normal  0.000000e+00  0.000000e+00  1.000000e+00
   outer loop
     vertex  1.500000e+01  2.000000e+01  6.000000e+01
     vertex  8.637964e+00  1.495913e+01  6.000000e+01
     vertex  8.773583e+00  1.493979e+01  6.000000e+01
   endloop
 endfacet
 facet normal  0.000000e+00  0.000000e+00  1.000000e+00
   outer loop
     vertex  1.500000e+01  2.000000e+01  6.000000e+01
     vertex  8.501866e+00  1.497475e+01  6.000000e+01
     vertex  8.637964e+00  1.495913e+01  6.000000e+01
   endloop
 endfacet
 facet normal  0.000000e+00  0.000000e+00  1.000000e+00
   outer loop
     vertex  1.500000e+01  2.000000e+01  6.000000e+01
     vertex  8.365392e+00  1.498663e+01  6.000000e+01
     vertex  8.501866e+00  1.497475e+01  6.000000e+01
   endloop
 endfacet
 facet normal  0.000000e+00  0.000000e+00  1.000000e+00
   outer loop
     vertex  1.500000e+01  2.000000e+01  6.000000e+01
     vertex  8.228643e+00  1.499477e+01  6.000000e+01
     vertex  8.365392e+00  1.498663e+01  6.000000e+01
   endloop
 endfacet
 facet normal  0.000000e+00  0.000000e+00  1.000000e+00
   outer loop
     vertex  1.500000e+01  2.000000e+01  6.000000e+01
     vertex  8.091723e+00  1.499916e+01  6.000000e+01
     vertex  8.228643e+00  1.499477e+01  6.000000e+01
   endloop
 endfacet
 facet normal  0.000000e+00  0.000000e+00  1.000000e+00
   outer loop
     vertex  1.500000e+01  2.000000e+01  6.000000e+01
     vertex  7.954734e+00  1.499980e+01  6.000000e+01
     vertex  8.091723e+00  1.499916e+01  6.000000e+01
   endloop
 endfacet
 facet normal  0.000000e+00  0.000000e+00  1.000000e+00
   outer loop
     vertex  1.500000e+01  2.000000e+01  6.000000e+01
     vertex  7.817778e+00  1.499668e+01  6.000000e+01
     vertex  7.954734e+00  1.499980e+01  6.000000e+01
   endloop
 endfacet
 facet normal  0.000000e+00  0.000000e+00  1.000000e+00
   outer loop
     vertex  1.500000e+01  2.000000e+01  6.000000e+01
     vertex  1.206682e+01  1.290878e+01  6.000000e+01
     vertex  1.500000e+01  1.100000e+01  6.000000e+01
   endloop
 endfacet
 facet normal -9.149581e-01 -4.035489e-01  0.000000e+00
   outer loop
     vertex  1.260200e+01  1.195488e+01  0.000000e+00
     vertex  1.260200e+01  1.195488e+01  6.000000e+01
     vertex  1.254672e+01  1.208023e+01  6.000000e+01
   endloop
 endfacet
 facet normal -9.149581e-01 -4.035489e-01  0.000000e+00
   outer loop
     vertex  1.254672e+01  1.208023e+01  0.000000e+00
     vertex  1.260200e+01  1.195488e+01  0.000000e+00
     vertex  1.254672e+01  1.208023e+01  6.000000e+01
   endloop
 endfacet
 facet normal -9.035592e-01 -4.284632e-01  0.000000e+00
   outer loop
     vertex  1.248802e+01  1.220400e+01  0.000000e+00
     vertex  1.254672e+01  1.208023e+01  6.000000e+01
     vertex  1.248802e+01  1.220400e+01  6.000000e+01
   endloop
 endfacet
 facet normal -9.035592e-01 -4.284632e-01  0.000000e+00
   outer loop
     vertex  1.248802e+01  1.220400e+01  0.000000e+00
     vertex  1.254672e+01  1.208023e+01  0.000000e+00
     vertex  1.254672e+01  1.208023e+01  6.000000e+01
   endloop
 endfacet
 facet normal -8.914821e-01 -4.530559e-01  0.000000e+00
   outer loop
     vertex  1.242596e+01  1.232613e+01  0.000000e+00
     vertex  1.248802e+01  1.220400e+01  6.000000e+01
     vertex  1.242596e+01  1.232613e+01  6.000000e+01
   endloop
 endfacet
 facet normal -8.787358e-01 -4.773085e-01  0.000000e+00
   outer loop
     vertex  1.242596e+01  1.232613e+01  0.000000e+00
     vertex  1.242596e+01  1.232613e+01  6.000000e+01
     vertex  1.236057e+01  1.244651e+01  6.000000e+01
   endloop
 endfacet
 facet normal -8.914821e-01 -4.530559e-01  0.000000e+00
   outer loop
     vertex  1.242596e+01  1.232613e+01  0.000000e+00
     vertex  1.248802e+01  1.220400e+01  0.000000e+00
     vertex  1.248802e+01  1.220400e+01  6.000000e+01
   endloop
 endfacet
 facet normal -8.787358e-01 -4.773085e-01  0.000000e+00
   outer loop
     vertex  1.236057e+01  1.244651e+01  0.000000e+00
     vertex  1.242596e+01  1.232613e+01  0.000000e+00
     vertex  1.236057e+01  1.244651e+01  6.000000e+01
   endloop
 endfacet
 facet normal -8.653298e-01 -5.012028e-01  0.000000e+00
   outer loop
     vertex  1.229191e+01  1.256505e+01  0.000000e+00
     vertex  1.236057e+01  1.244651e+01  6.000000e+01
     vertex  1.229191e+01  1.256505e+01  6.000000e+01
   endloop
 endfacet
 facet normal -8.653298e-01 -5.012028e-01  0.000000e+00
   outer loop
     vertex  1.229191e+01  1.256505e+01  0.000000e+00
     vertex  1.236057e+01  1.244651e+01  0.000000e+00
     vertex  1.236057e+01  1.244651e+01  6.000000e+01
   endloop
 endfacet
 facet normal -8.512743e-01 -5.247209e-01  0.000000e+00
   outer loop
     vertex  1.222003e+01  1.268167e+01  0.000000e+00
     vertex  1.229191e+01  1.256505e+01  6.000000e+01
     vertex  1.222003e+01  1.268167e+01  6.000000e+01
   endloop
 endfacet
 facet normal -8.365798e-01 -5.478451e-01  0.000000e+00
   outer loop
     vertex  1.222003e+01  1.268167e+01  0.000000e+00
     vertex  1.222003e+01  1.268167e+01  6.000000e+01
     vertex  1.214498e+01  1.279627e+01  6.000000e+01
   endloop
 endfacet
 facet normal -8.512743e-01 -5.247209e-01  0.000000e+00
   outer loop
     vertex  1.222003e+01  1.268167e+01  0.000000e+00
     vertex  1.229191e+01  1.256505e+01  0.000000e+00
     vertex  1.229191e+01  1.256505e+01  6.000000e+01
   endloop
 endfacet
 facet normal -8.365798e-01 -5.478451e-01  0.000000e+00
   outer loop
     vertex  1.214498e+01  1.279627e+01  0.000000e+00
     vertex  1.222003e+01  1.268167e+01  0.000000e+00
     vertex  1.214498e+01  1.279627e+01  6.000000e+01
   endloop
 endfacet
 facet normal -8.212572e-01 -5.705581e-01  0.000000e+00
   outer loop
     vertex  1.206682e+01  1.290878e+01  0.000000e+00
     vertex  1.214498e+01  1.279627e+01  6.000000e+01
     vertex  1.206682e+01  1.290878e+01  6.000000e+01
   endloop
 endfacet
 facet normal -8.212572e-01 -5.705581e-01  0.000000e+00
   outer loop
     vertex  1.206682e+01  1.290878e+01  0.000000e+00
     vertex  1.214498e+01  1.279627e+01  0.000000e+00
     vertex  1.214498e+01  1.279627e+01  6.000000e+01
   endloop
 endfacet
 facet normal -8.053182e-01 -5.928428e-01  0.000000e+00
   outer loop
     vertex  1.198561e+01  1.301910e+01  0.000000e+00
     vertex  1.206682e+01  1.290878e+01  6.000000e+01
     vertex  1.198561e+01  1.301910e+01  6.000000e+01
   endloop
 endfacet
 facet normal -7.887747e-01 -6.146824e-01  0.000000e+00
   outer loop
     vertex  1.198561e+01  1.301910e+01  0.000000e+00
     vertex  1.198561e+01  1.301910e+01  6.000000e+01
     vertex  1.190140e+01  1.312715e+01  6.000000e+01
   endloop
 endfacet
 facet normal -8.053182e-01 -5.928428e-01  0.000000e+00
   outer loop
     vertex  1.198561e+01  1.301910e+01  0.000000e+00
     vertex  1.206682e+01  1.290878e+01  0.000000e+00
     vertex  1.206682e+01  1.290878e+01  6.000000e+01
   endloop
 endfacet
 facet normal -7.887747e-01 -6.146824e-01  0.000000e+00
   outer loop
     vertex  1.190140e+01  1.312715e+01  0.000000e+00
     vertex  1.198561e+01  1.301910e+01  0.000000e+00
     vertex  1.190140e+01  1.312715e+01  6.000000e+01
   endloop
 endfacet
 facet normal -7.716391e-01 -6.360606e-01  0.000000e+00
   outer loop
     vertex  1.181427e+01  1.323286e+01  0.000000e+00
     vertex  1.190140e+01  1.312715e+01  6.000000e+01
     vertex  1.181427e+01  1.323286e+01  6.000000e+01
   endloop
 endfacet
 facet normal -7.716391e-01 -6.360606e-01  0.000000e+00
   outer loop
     vertex  1.181427e+01  1.323286e+01  0.000000e+00
     vertex  1.190140e+01  1.312715e+01  0.000000e+00
     vertex  1.190140e+01  1.312715e+01  6.000000e+01
   endloop
 endfacet
 facet normal -7.539242e-01 -6.569614e-01  0.000000e+00
   outer loop
     vertex  1.172427e+01  1.333614e+01  0.000000e+00
     vertex  1.181427e+01  1.323286e+01  6.000000e+01
     vertex  1.172427e+01  1.333614e+01  6.000000e+01
   endloop
 endfacet
 facet normal -7.356434e-01 -6.773690e-01  0.000000e+00
   outer loop
     vertex  1.172427e+01  1.333614e+01  0.000000e+00
     vertex  1.172427e+01  1.333614e+01  6.000000e+01
     vertex  1.163148e+01  1.343692e+01  6.000000e+01
   endloop
 endfacet
 facet normal -7.539242e-01 -6.569614e-01  0.000000e+00
   outer loop
     vertex  1.172427e+01  1.333614e+01  0.000000e+00
     vertex  1.181427e+01  1.323286e+01  0.000000e+00
     vertex  1.181427e+01  1.323286e+01  6.000000e+01
   endloop
 endfacet
 facet normal -7.356434e-01 -6.773690e-01  0.000000e+00
   outer loop
     vertex  1.163148e+01  1.343692e+01  0.000000e+00
     vertex  1.172427e+01  1.333614e+01  0.000000e+00
     vertex  1.163148e+01  1.343692e+01  6.000000e+01
   endloop
 endfacet
 facet normal -7.168104e-01 -6.972681e-01  0.000000e+00
   outer loop
     vertex  1.153596e+01  1.353511e+01  0.000000e+00
     vertex  1.163148e+01  1.343692e+01  6.000000e+01
     vertex  1.153596e+01  1.353511e+01  6.000000e+01
   endloop
 endfacet
 facet normal -7.168104e-01 -6.972681e-01  0.000000e+00
   outer loop
     vertex  1.153596e+01  1.353511e+01  0.000000e+00
     vertex  1.163148e+01  1.343692e+01  0.000000e+00
     vertex  1.163148e+01  1.343692e+01  6.000000e+01
   endloop
 endfacet
 facet normal -6.974393e-01 -7.166439e-01  0.000000e+00
   outer loop
     vertex  1.143778e+01  1.363065e+01  0.000000e+00
     vertex  1.153596e+01  1.353511e+01  6.000000e+01
     vertex  1.143778e+01  1.363065e+01  6.000000e+01
   endloop
 endfacet
 facet normal -6.974393e-01 -7.166439e-01  0.000000e+00
   outer loop
     vertex  1.143778e+01  1.363065e+01  0.000000e+00
     vertex  1.153596e+01  1.353511e+01  0.000000e+00
     vertex  1.153596e+01  1.353511e+01  6.000000e+01
   endloop
 endfacet
 facet normal -6.775447e-01 -7.354816e-01  0.000000e+00
   outer loop
     vertex  1.133703e+01  1.372347e+01  0.000000e+00
     vertex  1.143778e+01  1.363065e+01  6.000000e+01
     vertex  1.133703e+01  1.372347e+01  6.000000e+01
   endloop
 endfacet
 facet normal -6.571414e-01 -7.537673e-01  0.000000e+00
   outer loop
     vertex  1.133703e+01  1.372347e+01  0.000000e+00
     vertex  1.133703e+01  1.372347e+01  6.000000e+01
     vertex  1.123377e+01  1.381349e+01  6.000000e+01
   endloop
 endfacet
 facet normal -6.775447e-01 -7.354816e-01  0.000000e+00
   outer loop
     vertex  1.133703e+01  1.372347e+01  0.000000e+00
     vertex  1.143778e+01  1.363065e+01  0.000000e+00
     vertex  1.143778e+01  1.363065e+01  6.000000e+01
   endloop
 endfacet
 facet normal -6.571414e-01 -7.537673e-01  0.000000e+00
   outer loop
     vertex  1.123377e+01  1.381349e+01  0.000000e+00
     vertex  1.133703e+01  1.372347e+01  0.000000e+00
     vertex  1.123377e+01  1.381349e+01  6.000000e+01
   endloop
 endfacet
 facet normal -6.362449e-01 -7.714872e-01  0.000000e+00
   outer loop
     vertex  1.112808e+01  1.390065e+01  0.000000e+00
     vertex  1.123377e+01  1.381349e+01  6.000000e+01
     vertex  1.112808e+01  1.390065e+01  6.000000e+01
   endloop
 endfacet
 facet normal -6.362449e-01 -7.714872e-01  0.000000e+00
   outer loop
     vertex  1.112808e+01  1.390065e+01  0.000000e+00
     vertex  1.123377e+01  1.381349e+01  0.000000e+00
     vertex  1.123377e+01  1.381349e+01  6.000000e+01
   endloop
 endfacet
 facet normal -6.148708e-01 -7.886279e-01  0.000000e+00
   outer loop
     vertex  1.102005e+01  1.398489e+01  0.000000e+00
     vertex  1.112808e+01  1.390065e+01  6.000000e+01
     vertex  1.102005e+01  1.398489e+01  6.000000e+01
   endloop
 endfacet
 facet normal -6.148708e-01 -7.886279e-01  0.000000e+00
   outer loop
     vertex  1.102005e+01  1.398489e+01  0.000000e+00
     vertex  1.112808e+01  1.390065e+01  0.000000e+00
     vertex  1.112808e+01  1.390065e+01  6.000000e+01
   endloop
 endfacet
 facet normal -5.930351e-01 -8.051766e-01  0.000000e+00
   outer loop
     vertex  1.090975e+01  1.406613e+01  0.000000e+00
     vertex  1.102005e+01  1.398489e+01  6.000000e+01
     vertex  1.090975e+01  1.406613e+01  6.000000e+01
   endloop
 endfacet
 facet normal -5.930351e-01 -8.051766e-01  0.000000e+00
   outer loop
     vertex  1.090975e+01  1.406613e+01  0.000000e+00
     vertex  1.102005e+01  1.398489e+01  0.000000e+00
     vertex  1.102005e+01  1.398489e+01  6.000000e+01
   endloop
 endfacet
 facet normal -5.707542e-01 -8.211210e-01  0.000000e+00
   outer loop
     vertex  1.079726e+01  1.414431e+01  0.000000e+00
     vertex  1.090975e+01  1.406613e+01  6.000000e+01
     vertex  1.079726e+01  1.414431e+01  6.000000e+01
   endloop
 endfacet
 facet normal -5.707542e-01 -8.211210e-01  0.000000e+00
   outer loop
     vertex  1.079726e+01  1.414431e+01  0.000000e+00
     vertex  1.090975e+01  1.406613e+01  0.000000e+00
     vertex  1.090975e+01  1.406613e+01  6.000000e+01
   endloop
 endfacet
 facet normal -5.480449e-01 -8.364489e-01  0.000000e+00
   outer loop
     vertex  1.068267e+01  1.421939e+01  0.000000e+00
     vertex  1.079726e+01  1.414431e+01  6.000000e+01
     vertex  1.068267e+01  1.421939e+01  6.000000e+01
   endloop
 endfacet
 facet normal -5.480449e-01 -8.364489e-01  0.000000e+00
   outer loop
     vertex  1.068267e+01  1.421939e+01  0.000000e+00
     vertex  1.079726e+01  1.414431e+01  0.000000e+00
     vertex  1.079726e+01  1.414431e+01  6.000000e+01
   endloop
 endfacet
 facet normal -5.249242e-01 -8.511490e-01  0.000000e+00
   outer loop
     vertex  1.056608e+01  1.429130e+01  0.000000e+00
     vertex  1.068267e+01  1.421939e+01  6.000000e+01
     vertex  1.056608e+01  1.429130e+01  6.000000e+01
   endloop
 endfacet
 facet normal -5.014095e-01 -8.652101e-01  0.000000e+00
   outer loop
     vertex  1.056608e+01  1.429130e+01  0.000000e+00
     vertex  1.056608e+01  1.429130e+01  6.000000e+01
     vertex  1.044755e+01  1.435999e+01  6.000000e+01
   endloop
 endfacet
 facet normal -5.249242e-01 -8.511490e-01  0.000000e+00
   outer loop
     vertex  1.056608e+01  1.429130e+01  0.000000e+00
     vertex  1.068267e+01  1.421939e+01  0.000000e+00
     vertex  1.068267e+01  1.421939e+01  6.000000e+01
   endloop
 endfacet
 facet normal -5.014095e-01 -8.652101e-01  0.000000e+00
   outer loop
     vertex  1.044755e+01  1.435999e+01  0.000000e+00
     vertex  1.056608e+01  1.429130e+01  0.000000e+00
     vertex  1.044755e+01  1.435999e+01  6.000000e+01
   endloop
 endfacet
 facet normal -4.775184e-01 -8.786218e-01  0.000000e+00
   outer loop
     vertex  1.032719e+01  1.442540e+01  0.000000e+00
     vertex  1.044755e+01  1.435999e+01  0.000000e+00
     vertex  1.044755e+01  1.435999e+01  6.000000e+01
   endloop
 endfacet
 facet normal -4.775184e-01 -8.786218e-01  0.000000e+00
   outer loop
     vertex  1.032719e+01  1.442540e+01  0.000000e+00
     vertex  1.044755e+01  1.435999e+01  6.000000e+01
     vertex  1.032719e+01  1.442540e+01  6.000000e+01
   endloop
 endfacet
 facet normal -4.532688e-01 -8.913739e-01  0.000000e+00
   outer loop
     vertex  1.032719e+01  1.442540e+01  0.000000e+00
     vertex  1.032719e+01  1.442540e+01  6.000000e+01
     vertex  1.020508e+01  1.448750e+01  6.000000e+01
   endloop
 endfacet
 facet normal -4.532688e-01 -8.913739e-01  0.000000e+00
   outer loop
     vertex  1.020508e+01  1.448750e+01  0.000000e+00
     vertex  1.032719e+01  1.442540e+01  0.000000e+00
     vertex  1.020508e+01  1.448750e+01  6.000000e+01
   endloop
 endfacet
 facet normal -4.286790e-01 -9.034569e-01  0.000000e+00
   outer loop
     vertex  1.008131e+01  1.454622e+01  0.000000e+00
     vertex  1.020508e+01  1.448750e+01  0.000000e+00
     vertex  1.020508e+01  1.448750e+01  6.000000e+01
   endloop
 endfacet
 facet normal -4.286790e-01 -9.034569e-01  0.000000e+00
   outer loop
     vertex  1.008131e+01  1.454622e+01  0.000000e+00
     vertex  1.020508e+01  1.448750e+01  6.000000e+01
     vertex  1.008131e+01  1.454622e+01  6.000000e+01
   endloop
 endfacet
 facet normal -4.037674e-01 -9.148617e-01  0.000000e+00
   outer loop
     vertex  1.008131e+01  1.454622e+01  0.000000e+00
     vertex  1.008131e+01  1.454622e+01  6.000000e+01
     vertex  9.955984e+00  1.460154e+01  6.000000e+01
   endloop
 endfacet
 facet normal -4.037674e-01 -9.148617e-01  0.000000e+00
   outer loop
     vertex  9.955984e+00  1.460154e+01  0.000000e+00
     vertex  1.008131e+01  1.454622e+01  0.000000e+00
     vertex  9.955984e+00  1.460154e+01  6.000000e+01
   endloop
 endfacet
 facet normal -3.785527e-01 -9.255798e-01  0.000000e+00
   outer loop
     vertex  9.829188e+00  1.465339e+01  0.000000e+00
     vertex  9.955984e+00  1.460154e+01  0.000000e+00
     vertex  9.955984e+00  1.460154e+01  6.000000e+01
   endloop
 endfacet
 facet normal -3.785527e-01 -9.255798e-01  0.000000e+00
   outer loop
     vertex  9.829188e+00  1.465339e+01  0.000000e+00
     vertex  9.955984e+00  1.460154e+01  6.000000e+01
     vertex  9.829188e+00  1.465339e+01  6.000000e+01
   endloop
 endfacet
 facet normal -3.530538e-01 -9.356030e-01  0.000000e+00
   outer loop
     vertex  9.701019e+00  1.470176e+01  0.000000e+00
     vertex  9.829188e+00  1.465339e+01  0.000000e+00
     vertex  9.829188e+00  1.465339e+01  6.000000e+01
   endloop
 endfacet
 facet normal -3.530538e-01 -9.356030e-01  0.000000e+00
   outer loop
     vertex  9.701019e+00  1.470176e+01  0.000000e+00
     vertex  9.829188e+00  1.465339e+01  6.000000e+01
     vertex  9.701019e+00  1.470176e+01  6.000000e+01
   endloop
 endfacet
 facet normal -3.272899e-01 -9.449240e-01  0.000000e+00
   outer loop
     vertex  9.571573e+00  1.474659e+01  0.000000e+00
     vertex  9.701019e+00  1.470176e+01  0.000000e+00
     vertex  9.701019e+00  1.470176e+01  6.000000e+01
   endloop
 endfacet
 facet normal -3.272899e-01 -9.449240e-01  0.000000e+00
   outer loop
     vertex  9.571573e+00  1.474659e+01  0.000000e+00
     vertex  9.701019e+00  1.470176e+01  6.000000e+01
     vertex  9.571573e+00  1.474659e+01  6.000000e+01
   endloop
 endfacet
 facet normal -3.012803e-01 -9.535356e-01  0.000000e+00
   outer loop
     vertex  9.440948e+00  1.478787e+01  0.000000e+00
     vertex  9.571573e+00  1.474659e+01  0.000000e+00
     vertex  9.571573e+00  1.474659e+01  6.000000e+01
   endloop
 endfacet
 facet normal -3.012803e-01 -9.535356e-01  0.000000e+00
   outer loop
     vertex  9.440948e+00  1.478787e+01  0.000000e+00
     vertex  9.571573e+00  1.474659e+01  6.000000e+01
     vertex  9.440948e+00  1.478787e+01  6.000000e+01
   endloop
 endfacet
 facet normal -2.750446e-01 -9.614315e-01  0.000000e+00
   outer loop
     vertex  9.309240e+00  1.482555e+01  0.000000e+00
     vertex  9.440948e+00  1.478787e+01  6.000000e+01
     vertex  9.309240e+00  1.482555e+01  6.000000e+01
   endloop
 endfacet
 facet normal -2.750446e-01 -9.614315e-01  0.000000e+00
   outer loop
     vertex  9.309240e+00  1.482555e+01  0.000000e+00
     vertex  9.440948e+00  1.478787e+01  0.000000e+00
     vertex  9.440948e+00  1.478787e+01  6.000000e+01
   endloop
 endfacet
 facet normal -2.486024e-01 -9.686056e-01  0.000000e+00
   outer loop
     vertex  9.309240e+00  1.482555e+01  0.000000e+00
     vertex  9.309240e+00  1.482555e+01  6.000000e+01
     vertex  9.176550e+00  1.485960e+01  6.000000e+01
   endloop
 endfacet
 facet normal -2.486024e-01 -9.686056e-01  0.000000e+00
   outer loop
     vertex  9.176550e+00  1.485960e+01  0.000000e+00
     vertex  9.309240e+00  1.482555e+01  0.000000e+00
     vertex  9.176550e+00  1.485960e+01  6.000000e+01
   endloop
 endfacet
 facet normal -2.219736e-01 -9.750527e-01  0.000000e+00
   outer loop
     vertex  9.042977e+00  1.489001e+01  0.000000e+00
     vertex  9.176550e+00  1.485960e+01  6.000000e+01
     vertex  9.042977e+00  1.489001e+01  6.000000e+01
   endloop
 endfacet
 facet normal -1.951782e-01 -9.807678e-01  0.000000e+00
   outer loop
     vertex  9.042977e+00  1.489001e+01  0.000000e+00
     vertex  9.042977e+00  1.489001e+01  6.000000e+01
     vertex  8.908621e+00  1.491675e+01  6.000000e+01
   endloop
 endfacet
 facet normal -2.219736e-01 -9.750527e-01  0.000000e+00
   outer loop
     vertex  9.042977e+00  1.489001e+01  0.000000e+00
     vertex  9.176550e+00  1.485960e+01  0.000000e+00
     vertex  9.176550e+00  1.485960e+01  6.000000e+01
   endloop
 endfacet
 facet normal -1.951782e-01 -9.807678e-01  0.000000e+00
   outer loop
     vertex  8.908621e+00  1.491675e+01  0.000000e+00
     vertex  9.042977e+00  1.489001e+01  0.000000e+00
     vertex  8.908621e+00  1.491675e+01  6.000000e+01
   endloop
 endfacet
 facet normal -1.682362e-01 -9.857467e-01  0.000000e+00
   outer loop
     vertex  8.773583e+00  1.493979e+01  0.000000e+00
     vertex  8.908621e+00  1.491675e+01  6.000000e+01
     vertex  8.773583e+00  1.493979e+01  6.000000e+01
   endloop
 endfacet
 facet normal -1.682362e-01 -9.857467e-01  0.000000e+00
   outer loop
     vertex  8.773583e+00  1.493979e+01  0.000000e+00
     vertex  8.908621e+00  1.491675e+01  0.000000e+00
     vertex  8.908621e+00  1.491675e+01  6.000000e+01
   endloop
 endfacet
 facet normal -1.411680e-01 -9.899857e-01  0.000000e+00
   outer loop
     vertex  8.637964e+00  1.495913e+01  0.000000e+00
     vertex  8.773583e+00  1.493979e+01  6.000000e+01
     vertex  8.637964e+00  1.495913e+01  6.000000e+01
   endloop
 endfacet
 facet normal -1.411680e-01 -9.899857e-01  0.000000e+00
   outer loop
     vertex  8.637964e+00  1.495913e+01  0.000000e+00
     vertex  8.773583e+00  1.493979e+01  0.000000e+00
     vertex  8.773583e+00  1.493979e+01  6.000000e+01
   endloop
 endfacet
 facet normal -1.139938e-01 -9.934815e-01  0.000000e+00
   outer loop
     vertex  8.501866e+00  1.497475e+01  0.000000e+00
     vertex  8.637964e+00  1.495913e+01  6.000000e+01
     vertex  8.501866e+00  1.497475e+01  6.000000e+01
   endloop
 endfacet
 facet normal -1.139938e-01 -9.934815e-01  0.000000e+00
   outer loop
     vertex  8.501866e+00  1.497475e+01  0.000000e+00
     vertex  8.637964e+00  1.495913e+01  0.000000e+00
     vertex  8.637964e+00  1.495913e+01  6.000000e+01
   endloop
 endfacet
 facet normal -8.673399e-02 -9.962315e-01  0.000000e+00
   outer loop
     vertex  8.365392e+00  1.498663e+01  0.000000e+00
     vertex  8.501866e+00  1.497475e+01  6.000000e+01
     vertex  8.365392e+00  1.498663e+01  6.000000e+01
   endloop
 endfacet
 facet normal -8.673399e-02 -9.962315e-01  0.000000e+00
   outer loop
     vertex  8.365392e+00  1.498663e+01  0.000000e+00
     vertex  8.501866e+00  1.497475e+01  0.000000e+00
     vertex  8.501866e+00  1.497475e+01  6.000000e+01
   endloop
 endfacet
 facet normal -5.940911e-02 -9.982337e-01  0.000000e+00
   outer loop
     vertex  8.228643e+00  1.499477e+01  0.000000e+00
     vertex  8.365392e+00  1.498663e+01  6.000000e+01
     vertex  8.228643e+00  1.499477e+01  6.000000e+01
   endloop
 endfacet
 facet normal -5.940911e-02 -9.982337e-01  0.000000e+00
   outer loop
     vertex  8.228643e+00  1.499477e+01  0.000000e+00
     vertex  8.365392e+00  1.498663e+01  0.000000e+00
     vertex  8.365392e+00  1.498663e+01  6.000000e+01
   endloop
 endfacet
 facet normal -3.203962e-02 -9.994866e-01  0.000000e+00
   outer loop
     vertex  8.091723e+00  1.499916e+01  0.000000e+00
     vertex  8.228643e+00  1.499477e+01  6.000000e+01
     vertex  8.091723e+00  1.499916e+01  6.000000e+01
   endloop
 endfacet
 facet normal -3.203962e-02 -9.994866e-01  0.000000e+00
   outer loop
     vertex  8.091723e+00  1.499916e+01  0.000000e+00
     vertex  8.228643e+00  1.499477e+01  0.000000e+00
     vertex  8.228643e+00  1.499477e+01  6.000000e+01
   endloop
 endfacet
 facet normal -4.646094e-03 -9.999892e-01  0.000000e+00
   outer loop
     vertex  7.954734e+00  1.499980e+01  0.000000e+00
     vertex  8.091723e+00  1.499916e+01  6.000000e+01
     vertex  7.954734e+00  1.499980e+01  6.000000e+01
   endloop
 endfacet
 facet normal  2.275093e-02 -9.997412e-01  0.000000e+00
   outer loop
     vertex  7.954734e+00  1.499980e+01  0.000000e+00
     vertex  7.954734e+00  1.499980e+01  6.000000e+01
     vertex  7.817778e+00  1.499668e+01  6.000000e+01
   endloop
 endfacet
 facet normal -4.646094e-03 -9.999892e-01  0.000000e+00
   outer loop
     vertex  7.954734e+00  1.499980e+01  0.000000e+00
     vertex  8.091723e+00  1.499916e+01  0.000000e+00
     vertex  8.091723e+00  1.499916e+01  6.000000e+01
   endloop
 endfacet
 facet normal  2.275093e-02 -9.997412e-01  0.000000e+00
   outer loop
     vertex  7.817778e+00  1.499668e+01  0.000000e+00
     vertex  7.954734e+00  1.499980e+01  0.000000e+00
     vertex  7.817778e+00  1.499668e+01  6.000000e+01
   endloop
 endfacet
 facet normal  5.013087e-02 -9.987427e-01  0.000000e+00
   outer loop
     vertex  7.680960e+00  1.498981e+01  0.000000e+00
     vertex  7.817778e+00  1.499668e+01  6.000000e+01
     vertex  7.680960e+00  1.498981e+01  6.000000e+01
   endloop
 endfacet
 facet normal  5.013087e-02 -9.987427e-01  0.000000e+00
   outer loop
     vertex  7.680960e+00  1.498981e+01  0.000000e+00
     vertex  7.817778e+00  1.499668e+01  0.000000e+00
     vertex  7.817778e+00  1.499668e+01  6.000000e+01
   endloop
 endfacet
 facet normal  7.747318e-02 -9.969944e-01  0.000000e+00
   outer loop
     vertex  7.544381e+00  1.497920e+01  0.000000e+00
     vertex  7.680960e+00  1.498981e+01  6.000000e+01
     vertex  7.544381e+00  1.497920e+01  6.000000e+01
   endloop
 endfacet
 facet normal  7.747318e-02 -9.969944e-01  0.000000e+00
   outer loop
     vertex  7.544381e+00  1.497920e+01  0.000000e+00
     vertex  7.680960e+00  1.498981e+01  0.000000e+00
     vertex  7.680960e+00  1.498981e+01  6.000000e+01
   endloop
 endfacet
 facet normal  1.047573e-01 -9.944978e-01  0.000000e+00
   outer loop
     vertex  7.408144e+00  1.496485e+01  0.000000e+00
     vertex  7.544381e+00  1.497920e+01  6.000000e+01
     vertex  7.408144e+00  1.496485e+01  6.000000e+01
   endloop
 endfacet
 facet normal  1.047573e-01 -9.944978e-01  0.000000e+00
   outer loop
     vertex  7.408144e+00  1.496485e+01  0.000000e+00
     vertex  7.544381e+00  1.497920e+01  0.000000e+00
     vertex  7.544381e+00  1.497920e+01  6.000000e+01
   endloop
 endfacet
 facet normal  1.319628e-01 -9.912547e-01  0.000000e+00
   outer loop
     vertex  7.272351e+00  1.494677e+01  0.000000e+00
     vertex  7.408144e+00  1.496485e+01  6.000000e+01
     vertex  7.272351e+00  1.494677e+01  6.000000e+01
   endloop
 endfacet
 facet normal  1.590693e-01 -9.872674e-01  0.000000e+00
   outer loop
     vertex  7.272351e+00  1.494677e+01  0.000000e+00
     vertex  7.272351e+00  1.494677e+01  6.000000e+01
     vertex  7.137105e+00  1.492498e+01  6.000000e+01
   endloop
 endfacet
 facet normal  1.319628e-01 -9.912547e-01  0.000000e+00
   outer loop
     vertex  7.272351e+00  1.494677e+01  0.000000e+00
     vertex  7.408144e+00  1.496485e+01  0.000000e+00
     vertex  7.408144e+00  1.496485e+01  6.000000e+01
   endloop
 endfacet
 facet normal  1.590693e-01 -9.872674e-01  0.000000e+00
   outer loop
     vertex  7.137105e+00  1.492498e+01  0.000000e+00
     vertex  7.272351e+00  1.494677e+01  0.000000e+00
     vertex  7.137105e+00  1.492498e+01  6.000000e+01
   endloop
 endfacet
 facet normal  1.860564e-01 -9.825391e-01  0.000000e+00
   outer loop
     vertex  7.002506e+00  1.489949e+01  0.000000e+00
     vertex  7.137105e+00  1.492498e+01  0.000000e+00
     vertex  7.137105e+00  1.492498e+01  6.000000e+01
   endloop
 endfacet
 facet normal  1.860564e-01 -9.825391e-01  0.000000e+00
   outer loop
     vertex  7.002506e+00  1.489949e+01  0.000000e+00
     vertex  7.137105e+00  1.492498e+01  6.000000e+01
     vertex  7.002506e+00  1.489949e+01  6.000000e+01
   endloop
 endfacet
 facet normal  2.129037e-01 -9.770732e-01  0.000000e+00
   outer loop
     vertex  7.002506e+00  1.489949e+01  0.000000e+00
     vertex  7.002506e+00  1.489949e+01  6.000000e+01
     vertex  6.868656e+00  1.487032e+01  6.000000e+01
   endloop
 endfacet
 facet normal  2.129037e-01 -9.770732e-01  0.000000e+00
   outer loop
     vertex  6.868656e+00  1.487032e+01  0.000000e+00
     vertex  7.002506e+00  1.489949e+01  0.000000e+00
     vertex  6.868656e+00  1.487032e+01  6.000000e+01
   endloop
 endfacet
 facet normal  2.395913e-01 -9.708738e-01  0.000000e+00
   outer loop
     vertex  6.868656e+00  1.487032e+01  0.000000e+00
     vertex  6.868656e+00  1.487032e+01  6.000000e+01
     vertex  6.735656e+00  1.483750e+01  6.000000e+01
   endloop
 endfacet
 facet normal  2.395913e-01 -9.708738e-01  0.000000e+00
   outer loop
     vertex  6.735656e+00  1.483750e+01  0.000000e+00
     vertex  6.868656e+00  1.487032e+01  0.000000e+00
     vertex  6.735656e+00  1.483750e+01  6.000000e+01
   endloop
 endfacet
 facet normal  2.660990e-01 -9.639457e-01  0.000000e+00
   outer loop
     vertex  6.603604e+00  1.480105e+01  0.000000e+00
     vertex  6.735656e+00  1.483750e+01  0.000000e+00
     vertex  6.735656e+00  1.483750e+01  6.000000e+01
   endloop
 endfacet
 facet normal  2.660990e-01 -9.639457e-01  0.000000e+00
   outer loop
     vertex  6.603604e+00  1.480105e+01  0.000000e+00
     vertex  6.735656e+00  1.483750e+01  6.000000e+01
     vertex  6.603604e+00  1.480105e+01  6.000000e+01
   endloop
 endfacet
 facet normal  2.924070e-01 -9.562940e-01  0.000000e+00
   outer loop
     vertex  6.472601e+00  1.476099e+01  0.000000e+00
     vertex  6.603604e+00  1.480105e+01  0.000000e+00
     vertex  6.603604e+00  1.480105e+01  6.000000e+01
   endloop
 endfacet
 facet normal  2.924070e-01 -9.562940e-01  0.000000e+00
   outer loop
     vertex  6.472601e+00  1.476099e+01  0.000000e+00
     vertex  6.603604e+00  1.480105e+01  6.000000e+01
     vertex  6.472601e+00  1.476099e+01  6.000000e+01
   endloop
 endfacet
 facet normal  3.184955e-01 -9.479244e-01  0.000000e+00
   outer loop
     vertex  6.472601e+00  1.476099e+01  0.000000e+00
     vertex  6.472601e+00  1.476099e+01  6.000000e+01
     vertex  6.342744e+00  1.471736e+01  6.000000e+01
   endloop
 endfacet
 facet normal  3.184955e-01 -9.479244e-01  0.000000e+00
   outer loop
     vertex  6.342744e+00  1.471736e+01  0.000000e+00
     vertex  6.472601e+00  1.476099e+01  0.000000e+00
     vertex  6.342744e+00  1.471736e+01  6.000000e+01
   endloop
 endfacet
 facet normal  3.443449e-01 -9.388432e-01  0.000000e+00
   outer loop
     vertex  6.214131e+00  1.467019e+01  0.000000e+00
     vertex  6.342744e+00  1.471736e+01  0.000000e+00
     vertex  6.342744e+00  1.471736e+01  6.000000e+01
   endloop
 endfacet
 facet normal  3.443449e-01 -9.388432e-01  0.000000e+00
   outer loop
     vertex  6.214131e+00  1.467019e+01  0.000000e+00
     vertex  6.342744e+00  1.471736e+01  6.000000e+01
     vertex  6.214131e+00  1.467019e+01  6.000000e+01
   endloop
 endfacet
 facet normal  3.699358e-01 -9.290573e-01  0.000000e+00
   outer loop
     vertex  6.086859e+00  1.461951e+01  0.000000e+00
     vertex  6.214131e+00  1.467019e+01  0.000000e+00
     vertex  6.214131e+00  1.467019e+01  6.000000e+01
   endloop
 endfacet
 facet normal  3.699358e-01 -9.290573e-01  0.000000e+00
   outer loop
     vertex  6.086859e+00  1.461951e+01  0.000000e+00
     vertex  6.214131e+00  1.467019e+01  6.000000e+01
     vertex  6.086859e+00  1.461951e+01  6.000000e+01
   endloop
 endfacet
 facet normal  3.952490e-01 -9.185740e-01  0.000000e+00
   outer loop
     vertex  5.961023e+00  1.456537e+01  0.000000e+00
     vertex  6.086859e+00  1.461951e+01  0.000000e+00
     vertex  6.086859e+00  1.461951e+01  6.000000e+01
   endloop
 endfacet
 facet normal  3.952490e-01 -9.185740e-01  0.000000e+00
   outer loop
     vertex  5.961023e+00  1.456537e+01  0.000000e+00
     vertex  6.086859e+00  1.461951e+01  6.000000e+01
     vertex  5.961023e+00  1.456537e+01  6.000000e+01
   endloop
 endfacet
 facet normal  4.202655e-01 -9.074012e-01  0.000000e+00
   outer loop
     vertex  5.961023e+00  1.456537e+01  0.000000e+00
     vertex  5.961023e+00  1.456537e+01  6.000000e+01
     vertex  5.836717e+00  1.450779e+01  6.000000e+01
   endloop
 endfacet
 facet normal  4.202655e-01 -9.074012e-01  0.000000e+00
   outer loop
     vertex  5.836717e+00  1.450779e+01  0.000000e+00
     vertex  5.961023e+00  1.456537e+01  0.000000e+00
     vertex  5.836717e+00  1.450779e+01  6.000000e+01
   endloop
 endfacet
 facet normal  4.449665e-01 -8.955472e-01  0.000000e+00
   outer loop
     vertex  5.714035e+00  1.444684e+01  0.000000e+00
     vertex  5.836717e+00  1.450779e+01  0.000000e+00
     vertex  5.836717e+00  1.450779e+01  6.000000e+01
   endloop
 endfacet
 facet normal  4.449665e-01 -8.955472e-01  0.000000e+00
   outer loop
     vertex  5.714035e+00  1.444684e+01  0.000000e+00
     vertex  5.836717e+00  1.450779e+01  6.000000e+01
     vertex  5.714035e+00  1.444684e+01  6.000000e+01
   endloop
 endfacet
 facet normal  4.693335e-01 -8.830210e-01  0.000000e+00
   outer loop
     vertex  5.593070e+00  1.438254e+01  0.000000e+00
     vertex  5.714035e+00  1.444684e+01  0.000000e+00
     vertex  5.714035e+00  1.444684e+01  6.000000e+01
   endloop
 endfacet
 facet normal  4.693335e-01 -8.830210e-01  0.000000e+00
   outer loop
     vertex  5.593070e+00  1.438254e+01  0.000000e+00
     vertex  5.714035e+00  1.444684e+01  6.000000e+01
     vertex  5.593070e+00  1.438254e+01  6.000000e+01
   endloop
 endfacet
 facet normal  4.933482e-01 -8.698319e-01  0.000000e+00
   outer loop
     vertex  5.473911e+00  1.431496e+01  0.000000e+00
     vertex  5.593070e+00  1.438254e+01  0.000000e+00
     vertex  5.593070e+00  1.438254e+01  6.000000e+01
   endloop
 endfacet
 facet normal  4.933482e-01 -8.698319e-01  0.000000e+00
   outer loop
     vertex  5.473911e+00  1.431496e+01  0.000000e+00
     vertex  5.593070e+00  1.438254e+01  6.000000e+01
     vertex  5.473911e+00  1.431496e+01  6.000000e+01
   endloop
 endfacet
 facet normal  5.169926e-01 -8.559899e-01  0.000000e+00
   outer loop
     vertex  5.473911e+00  1.431496e+01  0.000000e+00
     vertex  5.473911e+00  1.431496e+01  6.000000e+01
     vertex  5.356648e+00  1.424414e+01  6.000000e+01
   endloop
 endfacet
 facet normal  5.169926e-01 -8.559899e-01  0.000000e+00
   outer loop
     vertex  5.356648e+00  1.424414e+01  0.000000e+00
     vertex  5.473911e+00  1.431496e+01  0.000000e+00
     vertex  5.356648e+00  1.424414e+01  6.000000e+01
   endloop
 endfacet
 facet normal  5.402489e-01 -8.415053e-01  0.000000e+00
   outer loop
     vertex  5.241370e+00  1.417013e+01  0.000000e+00
     vertex  5.356648e+00  1.424414e+01  0.000000e+00
     vertex  5.356648e+00  1.424414e+01  6.000000e+01
   endloop
 endfacet
 facet normal  5.402489e-01 -8.415053e-01  0.000000e+00
   outer loop
     vertex  5.241370e+00  1.417013e+01  0.000000e+00
     vertex  5.356648e+00  1.424414e+01  6.000000e+01
     vertex  5.241370e+00  1.417013e+01  6.000000e+01
   endloop
 endfacet
 facet normal  5.630997e-01 -8.263890e-01  0.000000e+00
   outer loop
     vertex  5.128162e+00  1.409299e+01  0.000000e+00
     vertex  5.241370e+00  1.417013e+01  0.000000e+00
     vertex  5.241370e+00  1.417013e+01  6.000000e+01
   endloop
 endfacet
 facet normal  5.630997e-01 -8.263890e-01  0.000000e+00
   outer loop
     vertex  5.128162e+00  1.409299e+01  0.000000e+00
     vertex  5.241370e+00  1.417013e+01  6.000000e+01
     vertex  5.128162e+00  1.409299e+01  6.000000e+01
   endloop
 endfacet
 facet normal  5.855277e-01 -8.106524e-01  0.000000e+00
   outer loop
     vertex  5.128162e+00  1.409299e+01  0.000000e+00
     vertex  5.128162e+00  1.409299e+01  6.000000e+01
     vertex  5.017110e+00  1.401278e+01  6.000000e+01
   endloop
 endfacet
 facet normal  6.075162e-01 -7.943073e-01  0.000000e+00
   outer loop
     vertex  5.017110e+00  1.401278e+01  0.000000e+00
     vertex  5.017110e+00  1.401278e+01  6.000000e+01
     vertex  4.908298e+00  1.392955e+01  6.000000e+01
   endloop
 endfacet
 facet normal  5.855277e-01 -8.106524e-01  0.000000e+00
   outer loop
     vertex  5.017110e+00  1.401278e+01  0.000000e+00
     vertex  5.128162e+00  1.409299e+01  0.000000e+00
     vertex  5.017110e+00  1.401278e+01  6.000000e+01
   endloop
 endfacet
 facet normal  6.075162e-01 -7.943073e-01  0.000000e+00
   outer loop
     vertex  4.908298e+00  1.392955e+01  0.000000e+00
     vertex  5.017110e+00  1.401278e+01  0.000000e+00
     vertex  4.908298e+00  1.392955e+01  6.000000e+01
   endloop
 endfacet
 facet normal  6.290487e-01 -7.773659e-01  0.000000e+00
   outer loop
     vertex  4.801806e+00  1.384338e+01  0.000000e+00
     vertex  4.908298e+00  1.392955e+01  6.000000e+01
     vertex  4.801806e+00  1.384338e+01  6.000000e+01
   endloop
 endfacet
 facet normal  6.501090e-01 -7.598410e-01  0.000000e+00
   outer loop
     vertex  4.801806e+00  1.384338e+01  0.000000e+00
     vertex  4.801806e+00  1.384338e+01  6.000000e+01
     vertex  4.697715e+00  1.375432e+01  6.000000e+01
   endloop
 endfacet
 facet normal  6.290487e-01 -7.773659e-01  0.000000e+00
   outer loop
     vertex  4.801806e+00  1.384338e+01  0.000000e+00
     vertex  4.908298e+00  1.392955e+01  0.000000e+00
     vertex  4.908298e+00  1.392955e+01  6.000000e+01
   endloop
 endfacet
 facet normal  6.706813e-01 -7.417457e-01  0.000000e+00
   outer loop
     vertex  4.697715e+00  1.375432e+01  0.000000e+00
     vertex  4.697715e+00  1.375432e+01  6.000000e+01
     vertex  4.596102e+00  1.366244e+01  6.000000e+01
   endloop
 endfacet
 facet normal  6.501090e-01 -7.598410e-01  0.000000e+00
   outer loop
     vertex  4.697715e+00  1.375432e+01  0.000000e+00
     vertex  4.801806e+00  1.384338e+01  0.000000e+00
     vertex  4.697715e+00  1.375432e+01  6.000000e+01
   endloop
 endfacet
 facet normal  6.706813e-01 -7.417457e-01  0.000000e+00
   outer loop
     vertex  4.596102e+00  1.366244e+01  0.000000e+00
     vertex  4.697715e+00  1.375432e+01  0.000000e+00
     vertex  4.596102e+00  1.366244e+01  6.000000e+01
   endloop
 endfacet
 facet normal  6.907501e-01 -7.230936e-01  0.000000e+00
   outer loop
     vertex  4.497045e+00  1.356782e+01  0.000000e+00
     vertex  4.596102e+00  1.366244e+01  6.000000e+01
     vertex  4.497045e+00  1.356782e+01  6.000000e+01
   endloop
 endfacet
 facet normal  6.907501e-01 -7.230936e-01  0.000000e+00
   outer loop
     vertex  4.497045e+00  1.356782e+01  0.000000e+00
     vertex  4.596102e+00  1.366244e+01  0.000000e+00
     vertex  4.596102e+00  1.366244e+01  6.000000e+01
   endloop
 endfacet
 facet normal  7.103004e-01 -7.038987e-01  0.000000e+00
   outer loop
     vertex  4.400618e+00  1.347051e+01  0.000000e+00
     vertex  4.497045e+00  1.356782e+01  6.000000e+01
     vertex  4.400618e+00  1.347051e+01  6.000000e+01
   endloop
 endfacet
 facet normal  7.103004e-01 -7.038987e-01  0.000000e+00
   outer loop
     vertex  4.400618e+00  1.347051e+01  0.000000e+00
     vertex  4.497045e+00  1.356782e+01  0.000000e+00
     vertex  4.497045e+00  1.356782e+01  6.000000e+01
   endloop
 endfacet
 facet normal  7.293175e-01 -6.841754e-01  0.000000e+00
   outer loop
     vertex  4.306892e+00  1.337060e+01  0.000000e+00
     vertex  4.400618e+00  1.347051e+01  6.000000e+01
     vertex  4.306892e+00  1.337060e+01  6.000000e+01
   endloop
 endfacet
 facet normal  7.293175e-01 -6.841754e-01  0.000000e+00
   outer loop
     vertex  4.306892e+00  1.337060e+01  0.000000e+00
     vertex  4.400618e+00  1.347051e+01  0.000000e+00
     vertex  4.400618e+00  1.347051e+01  6.000000e+01
   endloop
 endfacet
 facet normal  7.477871e-01 -6.639386e-01  0.000000e+00
   outer loop
     vertex  4.215938e+00  1.326816e+01  0.000000e+00
     vertex  4.306892e+00  1.337060e+01  6.000000e+01
     vertex  4.215938e+00  1.326816e+01  6.000000e+01
   endloop
 endfacet
 facet normal  7.477871e-01 -6.639386e-01  0.000000e+00
   outer loop
     vertex  4.215938e+00  1.326816e+01  0.000000e+00
     vertex  4.306892e+00  1.337060e+01  0.000000e+00
     vertex  4.306892e+00  1.337060e+01  6.000000e+01
   endloop
 endfacet
 facet normal  7.656954e-01 -6.432033e-01  0.000000e+00
   outer loop
     vertex  4.127826e+00  1.316327e+01  0.000000e+00
     vertex  4.215938e+00  1.326816e+01  0.000000e+00
     vertex  4.215938e+00  1.326816e+01  6.000000e+01
   endloop
 endfacet
 facet normal  7.656954e-01 -6.432033e-01  0.000000e+00
   outer loop
     vertex  4.127826e+00  1.316327e+01  0.000000e+00
     vertex  4.215938e+00  1.326816e+01  6.000000e+01
     vertex  4.127826e+00  1.316327e+01  6.000000e+01
   endloop
 endfacet
 facet normal  7.830290e-01 -6.219852e-01  0.000000e+00
   outer loop
     vertex  4.042619e+00  1.305600e+01  0.000000e+00
     vertex  4.127826e+00  1.316327e+01  0.000000e+00
     vertex  4.127826e+00  1.316327e+01  6.000000e+01
   endloop
 endfacet
 facet normal  7.830290e-01 -6.219852e-01  0.000000e+00
   outer loop
     vertex  4.042619e+00  1.305600e+01  0.000000e+00
     vertex  4.127826e+00  1.316327e+01  6.000000e+01
     vertex  4.042619e+00  1.305600e+01  6.000000e+01
   endloop
 endfacet
 facet normal  7.997747e-01 -6.003003e-01  0.000000e+00
   outer loop
     vertex  3.960384e+00  1.294644e+01  0.000000e+00
     vertex  4.042619e+00  1.305600e+01  0.000000e+00
     vertex  4.042619e+00  1.305600e+01  6.000000e+01
   endloop
 endfacet
 facet normal  7.997747e-01 -6.003003e-01  0.000000e+00
   outer loop
     vertex  3.960384e+00  1.294644e+01  0.000000e+00
     vertex  4.042619e+00  1.305600e+01  6.000000e+01
     vertex  3.960384e+00  1.294644e+01  6.000000e+01
   endloop
 endfacet
 facet normal  8.159201e-01 -5.781647e-01  0.000000e+00
   outer loop
     vertex  3.881181e+00  1.283467e+01  0.000000e+00
     vertex  3.960384e+00  1.294644e+01  0.000000e+00
     vertex  3.960384e+00  1.294644e+01  6.000000e+01
   endloop
 endfacet
 facet normal  8.159201e-01 -5.781647e-01  0.000000e+00
   outer loop
     vertex  3.881181e+00  1.283467e+01  0.000000e+00
     vertex  3.960384e+00  1.294644e+01  6.000000e+01
     vertex  3.881181e+00  1.283467e+01  6.000000e+01
   endloop
 endfacet
 facet normal  8.314530e-01 -5.555951e-01  0.000000e+00
   outer loop
     vertex  3.881181e+00  1.283467e+01  0.000000e+00
     vertex  3.881181e+00  1.283467e+01  6.000000e+01
     vertex  3.805069e+00  1.272076e+01  6.000000e+01
   endloop
 endfacet
 facet normal  8.314530e-01 -5.555951e-01  0.000000e+00
   outer loop
     vertex  3.805069e+00  1.272076e+01  0.000000e+00
     vertex  3.881181e+00  1.283467e+01  0.000000e+00
     vertex  3.805069e+00  1.272076e+01  6.000000e+01
   endloop
 endfacet
 facet normal  8.463618e-01 -5.326084e-01  0.000000e+00
   outer loop
     vertex  3.732107e+00  1.260482e+01  0.000000e+00
     vertex  3.805069e+00  1.272076e+01  0.000000e+00
     vertex  3.805069e+00  1.272076e+01  6.000000e+01
   endloop
 endfacet
 facet normal  8.463618e-01 -5.326084e-01  0.000000e+00
   outer loop
     vertex  3.732107e+00  1.260482e+01  0.000000e+00
     vertex  3.805069e+00  1.272076e+01  6.000000e+01
     vertex  3.732107e+00  1.260482e+01  6.000000e+01
   endloop
 endfacet
 facet normal  8.606352e-01 -5.092219e-01  0.000000e+00
   outer loop
     vertex  3.662348e+00  1.248692e+01  0.000000e+00
     vertex  3.732107e+00  1.260482e+01  0.000000e+00
     vertex  3.732107e+00  1.260482e+01  6.000000e+01
   endloop
 endfacet
 facet normal  8.606352e-01 -5.092219e-01  0.000000e+00
   outer loop
     vertex  3.662348e+00  1.248692e+01  0.000000e+00
     vertex  3.732107e+00  1.260482e+01  6.000000e+01
     vertex  3.662348e+00  1.248692e+01  6.000000e+01
   endloop
 endfacet
 facet normal  8.742627e-01 -4.854532e-01  0.000000e+00
   outer loop
     vertex  3.595846e+00  1.236716e+01  0.000000e+00
     vertex  3.662348e+00  1.248692e+01  0.000000e+00
     vertex  3.662348e+00  1.248692e+01  6.000000e+01
   endloop
 endfacet
 facet normal  8.742627e-01 -4.854532e-01  0.000000e+00
   outer loop
     vertex  3.595846e+00  1.236716e+01  0.000000e+00
     vertex  3.662348e+00  1.248692e+01  6.000000e+01
     vertex  3.595846e+00  1.236716e+01  6.000000e+01
   endloop
 endfacet
 facet normal  8.872338e-01 -4.613201e-01  0.000000e+00
   outer loop
     vertex  3.532649e+00  1.224561e+01  0.000000e+00
     vertex  3.595846e+00  1.236716e+01  0.000000e+00
     vertex  3.595846e+00  1.236716e+01  6.000000e+01
   endloop
 endfacet
 facet normal  8.872338e-01 -4.613201e-01  0.000000e+00
   outer loop
     vertex  3.532649e+00  1.224561e+01  0.000000e+00
     vertex  3.595846e+00  1.236716e+01  6.000000e+01
     vertex  3.532649e+00  1.224561e+01  6.000000e+01
   endloop
 endfacet
 facet normal  8.995389e-01 -4.368407e-01  0.000000e+00
   outer loop
     vertex  3.472806e+00  1.212238e+01  0.000000e+00
     vertex  3.532649e+00  1.224561e+01  0.000000e+00
     vertex  3.532649e+00  1.224561e+01  6.000000e+01
   endloop
 endfacet
 facet normal  8.995389e-01 -4.368407e-01  0.000000e+00
   outer loop
     vertex  3.472806e+00  1.212238e+01  0.000000e+00
     vertex  3.532649e+00  1.224561e+01  6.000000e+01
     vertex  3.472806e+00  1.212238e+01  6.000000e+01
   endloop
 endfacet
 facet normal  9.111688e-01 -4.120333e-01  0.000000e+00
   outer loop
     vertex  3.472806e+00  1.212238e+01  0.000000e+00
     vertex  3.472806e+00  1.212238e+01  6.000000e+01
     vertex  3.416361e+00  1.199756e+01  6.000000e+01
   endloop
 endfacet
 facet normal  9.111688e-01 -4.120333e-01  0.000000e+00
   outer loop
     vertex  3.416361e+00  1.199756e+01  0.000000e+00
     vertex  3.472806e+00  1.212238e+01  0.000000e+00
     vertex  3.416361e+00  1.199756e+01  6.000000e+01
   endloop
 endfacet
 facet normal  9.221147e-01 -3.869167e-01  0.000000e+00
   outer loop
     vertex  3.416361e+00  1.199756e+01  0.000000e+00
     vertex  3.416361e+00  1.199756e+01  6.000000e+01
     vertex  3.363357e+00  1.187124e+01  6.000000e+01
   endloop
 endfacet
 facet normal  9.221147e-01 -3.869167e-01  0.000000e+00
   outer loop
     vertex  3.363357e+00  1.187124e+01  0.000000e+00
     vertex  3.416361e+00  1.199756e+01  0.000000e+00
     vertex  3.363357e+00  1.187124e+01  6.000000e+01
   endloop
 endfacet
 facet normal  9.323684e-01 -3.615096e-01  0.000000e+00
   outer loop
     vertex  3.363357e+00  1.187124e+01  0.000000e+00
     vertex  3.363357e+00  1.187124e+01  6.000000e+01
     vertex  3.313834e+00  1.174352e+01  6.000000e+01
   endloop
 endfacet
 facet normal  9.323684e-01 -3.615096e-01  0.000000e+00
   outer loop
     vertex  3.313834e+00  1.174352e+01  0.000000e+00
     vertex  3.363357e+00  1.187124e+01  0.000000e+00
     vertex  3.313834e+00  1.174352e+01  6.000000e+01
   endloop
 endfacet
 facet normal  9.419222e-01 -3.358311e-01  0.000000e+00
   outer loop
     vertex  3.267828e+00  1.161448e+01  0.000000e+00
     vertex  3.313834e+00  1.174352e+01  0.000000e+00
     vertex  3.313834e+00  1.174352e+01  6.000000e+01
   endloop
 endfacet
 facet normal  9.419222e-01 -3.358311e-01  0.000000e+00
   outer loop
     vertex  3.267828e+00  1.161448e+01  0.000000e+00
     vertex  3.313834e+00  1.174352e+01  6.000000e+01
     vertex  3.267828e+00  1.161448e+01  6.000000e+01
   endloop
 endfacet
 facet normal  9.507690e-01 -3.099006e-01  0.000000e+00
   outer loop
     vertex  3.267828e+00  1.161448e+01  0.000000e+00
     vertex  3.267828e+00  1.161448e+01  6.000000e+01
     vertex  3.225375e+00  1.148423e+01  6.000000e+01
   endloop
 endfacet
 facet normal  9.507690e-01 -3.099006e-01  0.000000e+00
   outer loop
     vertex  3.225375e+00  1.148423e+01  0.000000e+00
     vertex  3.267828e+00  1.161448e+01  0.000000e+00
     vertex  3.225375e+00  1.148423e+01  6.000000e+01
   endloop
 endfacet
 facet normal  9.589020e-01 -2.837374e-01  0.000000e+00
   outer loop
     vertex  3.186505e+00  1.135287e+01  0.000000e+00
     vertex  3.225375e+00  1.148423e+01  0.000000e+00
     vertex  3.225375e+00  1.148423e+01  6.000000e+01
   endloop
 endfacet
 facet normal  9.589020e-01 -2.837374e-01  0.000000e+00
   outer loop
     vertex  3.186505e+00  1.135287e+01  0.000000e+00
     vertex  3.225375e+00  1.148423e+01  6.000000e+01
     vertex  3.186505e+00  1.135287e+01  6.000000e+01
   endloop
 endfacet
 facet normal  9.663153e-01 -2.573613e-01  0.000000e+00
   outer loop
     vertex  3.151249e+00  1.122050e+01  0.000000e+00
     vertex  3.186505e+00  1.135287e+01  0.000000e+00
     vertex  3.186505e+00  1.135287e+01  6.000000e+01
   endloop
 endfacet
 facet normal  9.663153e-01 -2.573613e-01  0.000000e+00
   outer loop
     vertex  3.151249e+00  1.122050e+01  0.000000e+00
     vertex  3.186505e+00  1.135287e+01  6.000000e+01
     vertex  3.151249e+00  1.122050e+01  6.000000e+01
   endloop
 endfacet
 facet normal  9.730031e-01 -2.307919e-01  0.000000e+00
   outer loop
     vertex  3.119633e+00  1.108721e+01  0.000000e+00
     vertex  3.151249e+00  1.122050e+01  0.000000e+00
     vertex  3.151249e+00  1.122050e+01  6.000000e+01
   endloop
 endfacet
 facet normal  9.730031e-01 -2.307919e-01  0.000000e+00
   outer loop
     vertex  3.119633e+00  1.108721e+01  0.000000e+00
     vertex  3.151249e+00  1.122050e+01  6.000000e+01
     vertex  3.119633e+00  1.108721e+01  6.000000e+01
   endloop
 endfacet
 facet normal  9.789606e-01 -2.040493e-01  0.000000e+00
   outer loop
     vertex  3.091680e+00  1.095310e+01  0.000000e+00
     vertex  3.119633e+00  1.108721e+01  0.000000e+00
     vertex  3.119633e+00  1.108721e+01  6.000000e+01
   endloop
 endfacet
 facet normal  9.789606e-01 -2.040493e-01  0.000000e+00
   outer loop
     vertex  3.091680e+00  1.095310e+01  0.000000e+00
     vertex  3.119633e+00  1.108721e+01  6.000000e+01
     vertex  3.091680e+00  1.095310e+01  6.000000e+01
   endloop
 endfacet
 facet normal  9.841832e-01 -1.771535e-01  0.000000e+00
   outer loop
     vertex  3.091680e+00  1.095310e+01  0.000000e+00
     vertex  3.091680e+00  1.095310e+01  6.000000e+01
     vertex  3.067411e+00  1.081827e+01  6.000000e+01
   endloop
 endfacet
 facet normal  9.841832e-01 -1.771535e-01  0.000000e+00
   outer loop
     vertex  3.067411e+00  1.081827e+01  0.000000e+00
     vertex  3.091680e+00  1.095310e+01  0.000000e+00
     vertex  3.067411e+00  1.081827e+01  6.000000e+01
   endloop
 endfacet
 facet normal  9.886671e-01 -1.501248e-01  0.000000e+00
   outer loop
     vertex  3.046846e+00  1.068283e+01  0.000000e+00
     vertex  3.067411e+00  1.081827e+01  0.000000e+00
     vertex  3.067411e+00  1.081827e+01  6.000000e+01
   endloop
 endfacet
 facet normal  9.886671e-01 -1.501248e-01  0.000000e+00
   outer loop
     vertex  3.046846e+00  1.068283e+01  0.000000e+00
     vertex  3.067411e+00  1.081827e+01  6.000000e+01
     vertex  3.046846e+00  1.068283e+01  6.000000e+01
   endloop
 endfacet
 facet normal  9.924087e-01 -1.229833e-01  0.000000e+00
   outer loop
     vertex  3.029998e+00  1.054688e+01  0.000000e+00
     vertex  3.046846e+00  1.068283e+01  0.000000e+00
     vertex  3.046846e+00  1.068283e+01  6.000000e+01
   endloop
 endfacet
 facet normal  9.924087e-01 -1.229833e-01  0.000000e+00
   outer loop
     vertex  3.029998e+00  1.054688e+01  0.000000e+00
     vertex  3.046846e+00  1.068283e+01  6.000000e+01
     vertex  3.029998e+00  1.054688e+01  6.000000e+01
   endloop
 endfacet
 facet normal  9.954055e-01 -9.574958e-02  0.000000e+00
   outer loop
     vertex  3.029998e+00  1.054688e+01  0.000000e+00
     vertex  3.029998e+00  1.054688e+01  6.000000e+01
     vertex  3.016881e+00  1.041052e+01  6.000000e+01
   endloop
 endfacet
 facet normal  9.954055e-01 -9.574958e-02  0.000000e+00
   outer loop
     vertex  3.016881e+00  1.041052e+01  0.000000e+00
     vertex  3.029998e+00  1.054688e+01  0.000000e+00
     vertex  3.016881e+00  1.041052e+01  6.000000e+01
   endloop
 endfacet
 facet normal  9.976550e-01 -6.844395e-02  0.000000e+00
   outer loop
     vertex  3.007505e+00  1.027385e+01  0.000000e+00
     vertex  3.016881e+00  1.041052e+01  0.000000e+00
     vertex  3.016881e+00  1.041052e+01  6.000000e+01
   endloop
 endfacet
 facet normal  9.976550e-01 -6.844395e-02  0.000000e+00
   outer loop
     vertex  3.007505e+00  1.027385e+01  0.000000e+00
     vertex  3.016881e+00  1.041052e+01  6.000000e+01
     vertex  3.007505e+00  1.027385e+01  6.000000e+01
   endloop
 endfacet
 facet normal  9.991556e-01 -4.108693e-02  0.000000e+00
   outer loop
     vertex  3.001877e+00  1.013698e+01  0.000000e+00
     vertex  3.007505e+00  1.027385e+01  6.000000e+01
     vertex  3.001877e+00  1.013698e+01  6.000000e+01
   endloop
 endfacet
 facet normal  9.991556e-01 -4.108693e-02  0.000000e+00
   outer loop
     vertex  3.001877e+00  1.013698e+01  0.000000e+00
     vertex  3.007505e+00  1.027385e+01  0.000000e+00
     vertex  3.007505e+00  1.027385e+01  6.000000e+01
   endloop
 endfacet
 facet normal  9.999062e-01 -1.369907e-02  0.000000e+00
   outer loop
     vertex  3.001877e+00  1.013698e+01  0.000000e+00
     vertex  3.001877e+00  1.013698e+01  6.000000e+01
     vertex  3.000000e+00  1.000000e+01  6.000000e+01
   endloop
 endfacet
 facet normal  9.999062e-01 -1.369907e-02  0.000000e+00
   outer loop
     vertex  3.000000e+00  1.000000e+01  0.000000e+00
     vertex  3.001877e+00  1.013698e+01  0.000000e+00
     vertex  3.000000e+00  1.000000e+01  6.000000e+01
   endloop
 endfacet
 facet normal  9.999062e-01  1.369907e-02  0.000000e+00
   outer loop
     vertex  3.001877e+00  9.863022e+00  0.000000e+00
     vertex  3.000000e+00  1.000000e+01  0.000000e+00
     vertex  3.000000e+00  1.000000e+01  6.000000e+01
   endloop
 endfacet
 facet normal  9.999062e-01  1.369907e-02 -0.000000e+00
   outer loop
     vertex  3.001877e+00  9.863022e+00  0.000000e+00
     vertex  3.000000e+00  1.000000e+01  6.000000e+01
     vertex  3.001877e+00  9.863022e+00  6.000000e+01
   endloop
 endfacet
 facet normal  9.991556e-01  4.108693e-02 -0.000000e+00
   outer loop
     vertex  3.007505e+00  9.726147e+00  0.000000e+00
     vertex  3.001877e+00  9.863022e+00  6.000000e+01
     vertex  3.007505e+00  9.726147e+00  6.000000e+01
   endloop
 endfacet
 facet normal  9.991556e-01  4.108693e-02  0.000000e+00
   outer loop
     vertex  3.007505e+00  9.726147e+00  0.000000e+00
     vertex  3.001877e+00  9.863022e+00  0.000000e+00
     vertex  3.001877e+00  9.863022e+00  6.000000e+01
   endloop
 endfacet
 facet normal  9.976550e-01  6.844395e-02 -0.000000e+00
   outer loop
     vertex  3.016881e+00  9.589478e+00  0.000000e+00
     vertex  3.007505e+00  9.726147e+00  6.000000e+01
     vertex  3.016881e+00  9.589478e+00  6.000000e+01
   endloop
 endfacet
 facet normal  9.976550e-01  6.844395e-02  0.000000e+00
   outer loop
     vertex  3.016881e+00  9.589478e+00  0.000000e+00
     vertex  3.007505e+00  9.726147e+00  0.000000e+00
     vertex  3.007505e+00  9.726147e+00  6.000000e+01
   endloop
 endfacet
 facet normal  9.954055e-01  9.574958e-02 -0.000000e+00
   outer loop
     vertex  3.029998e+00  9.453116e+00  0.000000e+00
     vertex  3.016881e+00  9.589478e+00  6.000000e+01
     vertex  3.029998e+00  9.453116e+00  6.000000e+01
   endloop
 endfacet
 facet normal  9.954055e-01  9.574958e-02  0.000000e+00
   outer loop
     vertex  3.029998e+00  9.453116e+00  0.000000e+00
     vertex  3.016881e+00  9.589478e+00  0.000000e+00
     vertex  3.016881e+00  9.589478e+00  6.000000e+01
   endloop
 endfacet
 facet normal  9.924087e-01  1.229833e-01 -0.000000e+00
   outer loop
     vertex  3.046846e+00  9.317166e+00  0.000000e+00
     vertex  3.029998e+00  9.453116e+00  6.000000e+01
     vertex  3.046846e+00  9.317166e+00  6.000000e+01
   endloop
 endfacet
 facet normal  9.924087e-01  1.229833e-01  0.000000e+00
   outer loop
     vertex  3.046846e+00  9.317166e+00  0.000000e+00
     vertex  3.029998e+00  9.453116e+00  0.000000e+00
     vertex  3.029998e+00  9.453116e+00  6.000000e+01
   endloop
 endfacet
 facet normal  9.886671e-01  1.501248e-01 -0.000000e+00
   outer loop
     vertex  3.067411e+00  9.181727e+00  0.000000e+00
     vertex  3.046846e+00  9.317166e+00  6.000000e+01
     vertex  3.067411e+00  9.181727e+00  6.000000e+01
   endloop
 endfacet
 facet normal  9.841832e-01  1.771535e-01 -0.000000e+00
   outer loop
     vertex  3.067411e+00  9.181727e+00  0.000000e+00
     vertex  3.067411e+00  9.181727e+00  6.000000e+01
     vertex  3.091680e+00  9.046903e+00  6.000000e+01
   endloop
 endfacet
 facet normal  9.886671e-01  1.501248e-01  0.000000e+00
   outer loop
     vertex  3.067411e+00  9.181727e+00  0.000000e+00
     vertex  3.046846e+00  9.317166e+00  0.000000e+00
     vertex  3.046846e+00  9.317166e+00  6.000000e+01
   endloop
 endfacet
 facet normal  9.841832e-01  1.771535e-01 -0.000000e+00
   outer loop
     vertex  3.091680e+00  9.046903e+00  0.000000e+00
     vertex  3.067411e+00  9.181727e+00  0.000000e+00
     vertex  3.091680e+00  9.046903e+00  6.000000e+01
   endloop
 endfacet
 facet normal  9.789606e-01  2.040493e-01 -0.000000e+00
   outer loop
     vertex  3.119633e+00  8.912795e+00  0.000000e+00
     vertex  3.091680e+00  9.046903e+00  6.000000e+01
     vertex  3.119633e+00  8.912795e+00  6.000000e+01
   endloop
 endfacet
 facet normal  9.789606e-01  2.040493e-01  0.000000e+00
   outer loop
     vertex  3.119633e+00  8.912795e+00  0.000000e+00
     vertex  3.091680e+00  9.046903e+00  0.000000e+00
     vertex  3.091680e+00  9.046903e+00  6.000000e+01
   endloop
 endfacet
 facet normal  9.730031e-01  2.307919e-01 -0.000000e+00
   outer loop
     vertex  3.151249e+00  8.779503e+00  0.000000e+00
     vertex  3.119633e+00  8.912795e+00  6.000000e+01
     vertex  3.151249e+00  8.779503e+00  6.000000e+01
   endloop
 endfacet
 facet normal  9.730031e-01  2.307919e-01  0.000000e+00
   outer loop
     vertex  3.151249e+00  8.779503e+00  0.000000e+00
     vertex  3.119633e+00  8.912795e+00  0.000000e+00
     vertex  3.119633e+00  8.912795e+00  6.000000e+01
   endloop
 endfacet
 facet normal  9.663153e-01  2.573613e-01 -0.000000e+00
   outer loop
     vertex  3.186505e+00  8.647126e+00  0.000000e+00
     vertex  3.151249e+00  8.779503e+00  6.000000e+01
     vertex  3.186505e+00  8.647126e+00  6.000000e+01
   endloop
 endfacet
 facet normal  9.589020e-01  2.837374e-01 -0.000000e+00
   outer loop
     vertex  3.186505e+00  8.647126e+00  0.000000e+00
     vertex  3.186505e+00  8.647126e+00  6.000000e+01
     vertex  3.225375e+00  8.515766e+00  6.000000e+01
   endloop
 endfacet
 facet normal  9.663153e-01  2.573613e-01  0.000000e+00
   outer loop
     vertex  3.186505e+00  8.647126e+00  0.000000e+00
     vertex  3.151249e+00  8.779503e+00  0.000000e+00
     vertex  3.151249e+00  8.779503e+00  6.000000e+01
   endloop
 endfacet
 facet normal  9.589020e-01  2.837374e-01 -0.000000e+00
   outer loop
     vertex  3.225375e+00  8.515766e+00  0.000000e+00
     vertex  3.186505e+00  8.647126e+00  0.000000e+00
     vertex  3.225375e+00  8.515766e+00  6.000000e+01
   endloop
 endfacet
 facet normal  9.507690e-01  3.099006e-01 -0.000000e+00
   outer loop
     vertex  3.267828e+00  8.385519e+00  0.000000e+00
     vertex  3.225375e+00  8.515766e+00  6.000000e+01
     vertex  3.267828e+00  8.385519e+00  6.000000e+01
   endloop
 endfacet
 facet normal  9.507690e-01  3.099006e-01  0.000000e+00
   outer loop
     vertex  3.267828e+00  8.385519e+00  0.000000e+00
     vertex  3.225375e+00  8.515766e+00  0.000000e+00
     vertex  3.225375e+00  8.515766e+00  6.000000e+01
   endloop
 endfacet
 facet normal  9.419222e-01  3.358311e-01 -0.000000e+00
   outer loop
     vertex  3.313834e+00  8.256485e+00  0.000000e+00
     vertex  3.267828e+00  8.385519e+00  6.000000e+01
     vertex  3.313834e+00  8.256485e+00  6.000000e+01
   endloop
 endfacet
 facet normal  9.419222e-01  3.358311e-01  0.000000e+00
   outer loop
     vertex  3.313834e+00  8.256485e+00  0.000000e+00
     vertex  3.267828e+00  8.385519e+00  0.000000e+00
     vertex  3.267828e+00  8.385519e+00  6.000000e+01
   endloop
 endfacet
 facet normal  9.323684e-01  3.615096e-01 -0.000000e+00
   outer loop
     vertex  3.363357e+00  8.128759e+00  0.000000e+00
     vertex  3.313834e+00  8.256485e+00  6.000000e+01
     vertex  3.363357e+00  8.128759e+00  6.000000e+01
   endloop
 endfacet
 facet normal  9.323684e-01  3.615096e-01  0.000000e+00
   outer loop
     vertex  3.363357e+00  8.128759e+00  0.000000e+00
     vertex  3.313834e+00  8.256485e+00  0.000000e+00
     vertex  3.313834e+00  8.256485e+00  6.000000e+01
   endloop
 endfacet
 facet normal  9.221147e-01  3.869167e-01 -0.000000e+00
   outer loop
     vertex  3.416361e+00  8.002438e+00  0.000000e+00
     vertex  3.363357e+00  8.128759e+00  6.000000e+01
     vertex  3.416361e+00  8.002438e+00  6.000000e+01
   endloop
 endfacet
 facet normal  9.221147e-01  3.869167e-01  0.000000e+00
   outer loop
     vertex  3.416361e+00  8.002438e+00  0.000000e+00
     vertex  3.363357e+00  8.128759e+00  0.000000e+00
     vertex  3.363357e+00  8.128759e+00  6.000000e+01
   endloop
 endfacet
 facet normal  9.111688e-01  4.120333e-01 -0.000000e+00
   outer loop
     vertex  3.472806e+00  7.877616e+00  0.000000e+00
     vertex  3.416361e+00  8.002438e+00  6.000000e+01
     vertex  3.472806e+00  7.877616e+00  6.000000e+01
   endloop
 endfacet
 facet normal  8.995389e-01  4.368407e-01 -0.000000e+00
   outer loop
     vertex  3.472806e+00  7.877616e+00  0.000000e+00
     vertex  3.472806e+00  7.877616e+00  6.000000e+01
     vertex  3.532649e+00  7.754387e+00  6.000000e+01
   endloop
 endfacet
 facet normal  9.111688e-01  4.120333e-01  0.000000e+00
   outer loop
     vertex  3.472806e+00  7.877616e+00  0.000000e+00
     vertex  3.416361e+00  8.002438e+00  0.000000e+00
     vertex  3.416361e+00  8.002438e+00  6.000000e+01
   endloop
 endfacet
 facet normal  8.995389e-01  4.368407e-01 -0.000000e+00
   outer loop
     vertex  3.532649e+00  7.754387e+00  0.000000e+00
     vertex  3.472806e+00  7.877616e+00  0.000000e+00
     vertex  3.532649e+00  7.754387e+00  6.000000e+01
   endloop
 endfacet
 facet normal  8.872338e-01  4.613201e-01 -0.000000e+00
   outer loop
     vertex  3.595846e+00  7.632845e+00  0.000000e+00
     vertex  3.532649e+00  7.754387e+00  6.000000e+01
     vertex  3.595846e+00  7.632845e+00  6.000000e+01
   endloop
 endfacet
 facet normal  8.872338e-01  4.613201e-01  0.000000e+00
   outer loop
     vertex  3.595846e+00  7.632845e+00  0.000000e+00
     vertex  3.532649e+00  7.754387e+00  0.000000e+00
     vertex  3.532649e+00  7.754387e+00  6.000000e+01
   endloop
 endfacet
 facet normal  8.742627e-01  4.854532e-01 -0.000000e+00
   outer loop
     vertex  3.662348e+00  7.513079e+00  0.000000e+00
     vertex  3.595846e+00  7.632845e+00  6.000000e+01
     vertex  3.662348e+00  7.513079e+00  6.000000e+01
   endloop
 endfacet
 facet normal  8.742627e-01  4.854532e-01  0.000000e+00
   outer loop
     vertex  3.662348e+00  7.513079e+00  0.000000e+00
     vertex  3.595846e+00  7.632845e+00  0.000000e+00
     vertex  3.595846e+00  7.632845e+00  6.000000e+01
   endloop
 endfacet
 facet normal  8.606352e-01  5.092219e-01 -0.000000e+00
   outer loop
     vertex  3.732107e+00  7.395180e+00  0.000000e+00
     vertex  3.662348e+00  7.513079e+00  6.000000e+01
     vertex  3.732107e+00  7.395180e+00  6.000000e+01
   endloop
 endfacet
 facet normal  8.606352e-01  5.092219e-01  0.000000e+00
   outer loop
     vertex  3.732107e+00  7.395180e+00  0.000000e+00
     vertex  3.662348e+00  7.513079e+00  0.000000e+00
     vertex  3.662348e+00  7.513079e+00  6.000000e+01
   endloop
 endfacet
 facet normal  8.463618e-01  5.326084e-01 -0.000000e+00
   outer loop
     vertex  3.805069e+00  7.279236e+00  0.000000e+00
     vertex  3.732107e+00  7.395180e+00  6.000000e+01
     vertex  3.805069e+00  7.279236e+00  6.000000e+01
   endloop
 endfacet
 facet normal  8.463618e-01  5.326084e-01  0.000000e+00
   outer loop
     vertex  3.805069e+00  7.279236e+00  0.000000e+00
     vertex  3.732107e+00  7.395180e+00  0.000000e+00
     vertex  3.732107e+00  7.395180e+00  6.000000e+01
   endloop
 endfacet
 facet normal  8.314530e-01  5.555951e-01 -0.000000e+00
   outer loop
     vertex  3.881181e+00  7.165335e+00  0.000000e+00
     vertex  3.805069e+00  7.279236e+00  6.000000e+01
     vertex  3.881181e+00  7.165335e+00  6.000000e+01
   endloop
 endfacet
 facet normal  8.314530e-01  5.555951e-01  0.000000e+00
   outer loop
     vertex  3.881181e+00  7.165335e+00  0.000000e+00
     vertex  3.805069e+00  7.279236e+00  0.000000e+00
     vertex  3.805069e+00  7.279236e+00  6.000000e+01
   endloop
 endfacet
 facet normal  8.159201e-01  5.781647e-01 -0.000000e+00
   outer loop
     vertex  3.960384e+00  7.053561e+00  0.000000e+00
     vertex  3.881181e+00  7.165335e+00  6.000000e+01
     vertex  3.960384e+00  7.053561e+00  6.000000e+01
   endloop
 endfacet
 facet normal  8.159201e-01  5.781647e-01  0.000000e+00
   outer loop
     vertex  3.960384e+00  7.053561e+00  0.000000e+00
     vertex  3.881181e+00  7.165335e+00  0.000000e+00
     vertex  3.881181e+00  7.165335e+00  6.000000e+01
   endloop
 endfacet
 facet normal  7.997747e-01  6.003003e-01 -0.000000e+00
   outer loop
     vertex  4.042619e+00  6.944000e+00  0.000000e+00
     vertex  3.960384e+00  7.053561e+00  6.000000e+01
     vertex  4.042619e+00  6.944000e+00  6.000000e+01
   endloop
 endfacet
 facet normal  7.997747e-01  6.003003e-01  0.000000e+00
   outer loop
     vertex  4.042619e+00  6.944000e+00  0.000000e+00
     vertex  3.960384e+00  7.053561e+00  0.000000e+00
     vertex  3.960384e+00  7.053561e+00  6.000000e+01
   endloop
 endfacet
 facet normal  7.830290e-01  6.219852e-01 -0.000000e+00
   outer loop
     vertex  4.127826e+00  6.836732e+00  0.000000e+00
     vertex  4.042619e+00  6.944000e+00  6.000000e+01
     vertex  4.127826e+00  6.836732e+00  6.000000e+01
   endloop
 endfacet
 facet normal  7.830290e-01  6.219852e-01  0.000000e+00
   outer loop
     vertex  4.127826e+00  6.836732e+00  0.000000e+00
     vertex  4.042619e+00  6.944000e+00  0.000000e+00
     vertex  4.042619e+00  6.944000e+00  6.000000e+01
   endloop
 endfacet
 facet normal  7.656954e-01  6.432033e-01  0.000000e+00
   outer loop
     vertex  4.215938e+00  6.731839e+00  0.000000e+00
     vertex  4.127826e+00  6.836732e+00  0.000000e+00
     vertex  4.127826e+00  6.836732e+00  6.000000e+01
   endloop
 endfacet
 facet normal  7.656954e-01  6.432033e-01 -0.000000e+00
   outer loop
     vertex  4.215938e+00  6.731839e+00  0.000000e+00
     vertex  4.127826e+00  6.836732e+00  6.000000e+01
     vertex  4.215938e+00  6.731839e+00  6.000000e+01
   endloop
 endfacet
 facet normal  7.477871e-01  6.639386e-01  0.000000e+00
   outer loop
     vertex  4.306892e+00  6.629399e+00  0.000000e+00
     vertex  4.215938e+00  6.731839e+00  0.000000e+00
     vertex  4.215938e+00  6.731839e+00  6.000000e+01
   endloop
 endfacet
 facet normal  7.477871e-01  6.639386e-01 -0.000000e+00
   outer loop
     vertex  4.306892e+00  6.629399e+00  0.000000e+00
     vertex  4.215938e+00  6.731839e+00  6.000000e+01
     vertex  4.306892e+00  6.629399e+00  6.000000e+01
   endloop
 endfacet
 facet normal  7.293175e-01  6.841754e-01  0.000000e+00
   outer loop
     vertex  4.400618e+00  6.529489e+00  0.000000e+00
     vertex  4.306892e+00  6.629399e+00  0.000000e+00
     vertex  4.306892e+00  6.629399e+00  6.000000e+01
   endloop
 endfacet
 facet normal  7.293175e-01  6.841754e-01 -0.000000e+00
   outer loop
     vertex  4.400618e+00  6.529489e+00  0.000000e+00
     vertex  4.306892e+00  6.629399e+00  6.000000e+01
     vertex  4.400618e+00  6.529489e+00  6.000000e+01
   endloop
 endfacet
 facet normal  7.103004e-01  7.038987e-01  0.000000e+00
   outer loop
     vertex  4.497045e+00  6.432185e+00  0.000000e+00
     vertex  4.400618e+00  6.529489e+00  0.000000e+00
     vertex  4.400618e+00  6.529489e+00  6.000000e+01
   endloop
 endfacet
 facet normal  7.103004e-01  7.038987e-01 -0.000000e+00
   outer loop
     vertex  4.497045e+00  6.432185e+00  0.000000e+00
     vertex  4.400618e+00  6.529489e+00  6.000000e+01
     vertex  4.497045e+00  6.432185e+00  6.000000e+01
   endloop
 endfacet
 facet normal  6.907501e-01  7.230936e-01  0.000000e+00
   outer loop
     vertex  4.596102e+00  6.337558e+00  0.000000e+00
     vertex  4.497045e+00  6.432185e+00  0.000000e+00
     vertex  4.497045e+00  6.432185e+00  6.000000e+01
   endloop
 endfacet
 facet normal  6.907501e-01  7.230936e-01 -0.000000e+00
   outer loop
     vertex  4.596102e+00  6.337558e+00  0.000000e+00
     vertex  4.497045e+00  6.432185e+00  6.000000e+01
     vertex  4.596102e+00  6.337558e+00  6.000000e+01
   endloop
 endfacet
 facet normal  6.706813e-01  7.417457e-01  0.000000e+00
   outer loop
     vertex  4.697715e+00  6.245681e+00  0.000000e+00
     vertex  4.596102e+00  6.337558e+00  0.000000e+00
     vertex  4.596102e+00  6.337558e+00  6.000000e+01
   endloop
 endfacet
 facet normal  6.706813e-01  7.417457e-01 -0.000000e+00
   outer loop
     vertex  4.697715e+00  6.245681e+00  0.000000e+00
     vertex  4.596102e+00  6.337558e+00  6.000000e+01
     vertex  4.697715e+00  6.245681e+00  6.000000e+01
   endloop
 endfacet
 facet normal  6.501090e-01  7.598410e-01  0.000000e+00
   outer loop
     vertex  4.801806e+00  6.156622e+00  0.000000e+00
     vertex  4.697715e+00  6.245681e+00  0.000000e+00
     vertex  4.697715e+00  6.245681e+00  6.000000e+01
   endloop
 endfacet
 facet normal  6.501090e-01  7.598410e-01 -0.000000e+00
   outer loop
     vertex  4.801806e+00  6.156622e+00  0.000000e+00
     vertex  4.697715e+00  6.245681e+00  6.000000e+01
     vertex  4.801806e+00  6.156622e+00  6.000000e+01
   endloop
 endfacet
 facet normal  6.290487e-01  7.773659e-01  0.000000e+00
   outer loop
     vertex  4.908298e+00  6.070448e+00  0.000000e+00
     vertex  4.801806e+00  6.156622e+00  0.000000e+00
     vertex  4.801806e+00  6.156622e+00  6.000000e+01
   endloop
 endfacet
 facet normal  6.290487e-01  7.773659e-01 -0.000000e+00
   outer loop
     vertex  4.908298e+00  6.070448e+00  0.000000e+00
     vertex  4.801806e+00  6.156622e+00  6.000000e+01
     vertex  4.908298e+00  6.070448e+00  6.000000e+01
   endloop
 endfacet
 facet normal  6.075162e-01  7.943073e-01 -0.000000e+00
   outer loop
     vertex  5.017110e+00  5.987224e+00  0.000000e+00
     vertex  4.908298e+00  6.070448e+00  6.000000e+01
     vertex  5.017110e+00  5.987224e+00  6.000000e+01
   endloop
 endfacet
 facet normal  6.075162e-01  7.943073e-01  0.000000e+00
   outer loop
     vertex  5.017110e+00  5.987224e+00  0.000000e+00
     vertex  4.908298e+00  6.070448e+00  0.000000e+00
     vertex  4.908298e+00  6.070448e+00  6.000000e+01
   endloop
 endfacet
 facet normal  5.855277e-01  8.106524e-01 -0.000000e+00
   outer loop
     vertex  5.128162e+00  5.907012e+00  0.000000e+00
     vertex  5.017110e+00  5.987224e+00  6.000000e+01
     vertex  5.128162e+00  5.907012e+00  6.000000e+01
   endloop
 endfacet
 facet normal  5.855277e-01  8.106524e-01  0.000000e+00
   outer loop
     vertex  5.128162e+00  5.907012e+00  0.000000e+00
     vertex  5.017110e+00  5.987224e+00  0.000000e+00
     vertex  5.017110e+00  5.987224e+00  6.000000e+01
   endloop
 endfacet
 facet normal  5.630997e-01  8.263890e-01 -0.000000e+00
   outer loop
     vertex  5.241370e+00  5.829873e+00  0.000000e+00
     vertex  5.128162e+00  5.907012e+00  6.000000e+01
     vertex  5.241370e+00  5.829873e+00  6.000000e+01
   endloop
 endfacet
 facet normal  5.630997e-01  8.263890e-01  0.000000e+00
   outer loop
     vertex  5.241370e+00  5.829873e+00  0.000000e+00
     vertex  5.128162e+00  5.907012e+00  0.000000e+00
     vertex  5.128162e+00  5.907012e+00  6.000000e+01
   endloop
 endfacet
 facet normal  5.402489e-01  8.415053e-01 -0.000000e+00
   outer loop
     vertex  5.356648e+00  5.755864e+00  0.000000e+00
     vertex  5.241370e+00  5.829873e+00  6.000000e+01
     vertex  5.356648e+00  5.755864e+00  6.000000e+01
   endloop
 endfacet
 facet normal  5.402489e-01  8.415053e-01  0.000000e+00
   outer loop
     vertex  5.356648e+00  5.755864e+00  0.000000e+00
     vertex  5.241370e+00  5.829873e+00  0.000000e+00
     vertex  5.241370e+00  5.829873e+00  6.000000e+01
   endloop
 endfacet
 facet normal  5.169926e-01  8.559899e-01 -0.000000e+00
   outer loop
     vertex  5.473911e+00  5.685041e+00  0.000000e+00
     vertex  5.356648e+00  5.755864e+00  6.000000e+01
     vertex  5.473911e+00  5.685041e+00  6.000000e+01
   endloop
 endfacet
 facet normal  5.169926e-01  8.559899e-01  0.000000e+00
   outer loop
     vertex  5.473911e+00  5.685041e+00  0.000000e+00
     vertex  5.356648e+00  5.755864e+00  0.000000e+00
     vertex  5.356648e+00  5.755864e+00  6.000000e+01
   endloop
 endfacet
 facet normal  4.933482e-01  8.698319e-01 -0.000000e+00
   outer loop
     vertex  5.593070e+00  5.617457e+00  0.000000e+00
     vertex  5.473911e+00  5.685041e+00  6.000000e+01
     vertex  5.593070e+00  5.617457e+00  6.000000e+01
   endloop
 endfacet
 facet normal  4.933482e-01  8.698319e-01  0.000000e+00
   outer loop
     vertex  5.593070e+00  5.617457e+00  0.000000e+00
     vertex  5.473911e+00  5.685041e+00  0.000000e+00
     vertex  5.473911e+00  5.685041e+00  6.000000e+01
   endloop
 endfacet
 facet normal  4.693335e-01  8.830210e-01 -0.000000e+00
   outer loop
     vertex  5.714035e+00  5.553162e+00  0.000000e+00
     vertex  5.593070e+00  5.617457e+00  6.000000e+01
     vertex  5.714035e+00  5.553162e+00  6.000000e+01
   endloop
 endfacet
 facet normal  4.693335e-01  8.830210e-01  0.000000e+00
   outer loop
     vertex  5.714035e+00  5.553162e+00  0.000000e+00
     vertex  5.593070e+00  5.617457e+00  0.000000e+00
     vertex  5.593070e+00  5.617457e+00  6.000000e+01
   endloop
 endfacet
 facet normal  4.449665e-01  8.955472e-01  0.000000e+00
   outer loop
     vertex  5.836717e+00  5.492206e+00  0.000000e+00
     vertex  5.714035e+00  5.553162e+00  0.000000e+00
     vertex  5.714035e+00  5.553162e+00  6.000000e+01
   endloop
 endfacet
 facet normal  4.449665e-01  8.955472e-01 -0.000000e+00
   outer loop
     vertex  5.836717e+00  5.492206e+00  0.000000e+00
     vertex  5.714035e+00  5.553162e+00  6.000000e+01
     vertex  5.836717e+00  5.492206e+00  6.000000e+01
   endloop
 endfacet
 facet normal  4.202655e-01  9.074012e-01 -0.000000e+00
   outer loop
     vertex  5.961023e+00  5.434634e+00  0.000000e+00
     vertex  5.836717e+00  5.492206e+00  6.000000e+01
     vertex  5.961023e+00  5.434634e+00  6.000000e+01
   endloop
 endfacet
 facet normal  4.202655e-01  9.074012e-01  0.000000e+00
   outer loop
     vertex  5.961023e+00  5.434634e+00  0.000000e+00
     vertex  5.836717e+00  5.492206e+00  0.000000e+00
     vertex  5.836717e+00  5.492206e+00  6.000000e+01
   endloop
 endfacet
 facet normal  3.952490e-01  9.185740e-01 -0.000000e+00
   outer loop
     vertex  6.086859e+00  5.380488e+00  0.000000e+00
     vertex  5.961023e+00  5.434634e+00  6.000000e+01
     vertex  6.086859e+00  5.380488e+00  6.000000e+01
   endloop
 endfacet
 facet normal  3.952490e-01  9.185740e-01  0.000000e+00
   outer loop
     vertex  6.086859e+00  5.380488e+00  0.000000e+00
     vertex  5.961023e+00  5.434634e+00  0.000000e+00
     vertex  5.961023e+00  5.434634e+00  6.000000e+01
   endloop
 endfacet
 facet normal  3.699358e-01  9.290573e-01 -0.000000e+00
   outer loop
     vertex  6.214131e+00  5.329810e+00  0.000000e+00
     vertex  6.086859e+00  5.380488e+00  6.000000e+01
     vertex  6.214131e+00  5.329810e+00  6.000000e+01
   endloop
 endfacet
 facet normal  3.699358e-01  9.290573e-01  0.000000e+00
   outer loop
     vertex  6.214131e+00  5.329810e+00  0.000000e+00
     vertex  6.086859e+00  5.380488e+00  0.000000e+00
     vertex  6.086859e+00  5.380488e+00  6.000000e+01
   endloop
 endfacet
 facet normal  3.443449e-01  9.388432e-01 -0.000000e+00
   outer loop
     vertex  6.342744e+00  5.282638e+00  0.000000e+00
     vertex  6.214131e+00  5.329810e+00  6.000000e+01
     vertex  6.342744e+00  5.282638e+00  6.000000e+01
   endloop
 endfacet
 facet normal  3.184955e-01  9.479244e-01 -0.000000e+00
   outer loop
     vertex  6.342744e+00  5.282638e+00  0.000000e+00
     vertex  6.342744e+00  5.282638e+00  6.000000e+01
     vertex  6.472601e+00  5.239007e+00  6.000000e+01
   endloop
 endfacet
 facet normal  3.443449e-01  9.388432e-01  0.000000e+00
   outer loop
     vertex  6.342744e+00  5.282638e+00  0.000000e+00
     vertex  6.214131e+00  5.329810e+00  0.000000e+00
     vertex  6.214131e+00  5.329810e+00  6.000000e+01
   endloop
 endfacet
 facet normal  3.184955e-01  9.479244e-01 -0.000000e+00
   outer loop
     vertex  6.472601e+00  5.239007e+00  0.000000e+00
     vertex  6.342744e+00  5.282638e+00  0.000000e+00
     vertex  6.472601e+00  5.239007e+00  6.000000e+01
   endloop
 endfacet
 facet normal  2.924070e-01  9.562940e-01 -0.000000e+00
   outer loop
     vertex  6.603604e+00  5.198950e+00  0.000000e+00
     vertex  6.472601e+00  5.239007e+00  6.000000e+01
     vertex  6.603604e+00  5.198950e+00  6.000000e+01
   endloop
 endfacet
 facet normal  2.924070e-01  9.562940e-01  0.000000e+00
   outer loop
     vertex  6.603604e+00  5.198950e+00  0.000000e+00
     vertex  6.472601e+00  5.239007e+00  0.000000e+00
     vertex  6.472601e+00  5.239007e+00  6.000000e+01
   endloop
 endfacet
 facet normal  2.660990e-01  9.639457e-01 -0.000000e+00
   outer loop
     vertex  6.735656e+00  5.162497e+00  0.000000e+00
     vertex  6.603604e+00  5.198950e+00  6.000000e+01
     vertex  6.735656e+00  5.162497e+00  6.000000e+01
   endloop
 endfacet
 facet normal  2.660990e-01  9.639457e-01  0.000000e+00
   outer loop
     vertex  6.735656e+00  5.162497e+00  0.000000e+00
     vertex  6.603604e+00  5.198950e+00  0.000000e+00
     vertex  6.603604e+00  5.198950e+00  6.000000e+01
   endloop
 endfacet
 facet normal  2.395913e-01  9.708738e-01 -0.000000e+00
   outer loop
     vertex  6.868656e+00  5.129675e+00  0.000000e+00
     vertex  6.735656e+00  5.162497e+00  6.000000e+01
     vertex  6.868656e+00  5.129675e+00  6.000000e+01
   endloop
 endfacet
 facet normal  2.395913e-01  9.708738e-01  0.000000e+00
   outer loop
     vertex  6.868656e+00  5.129675e+00  0.000000e+00
     vertex  6.735656e+00  5.162497e+00  0.000000e+00
     vertex  6.735656e+00  5.162497e+00  6.000000e+01
   endloop
 endfacet
 facet normal  2.129037e-01  9.770732e-01 -0.000000e+00
   outer loop
     vertex  7.002506e+00  5.100510e+00  0.000000e+00
     vertex  6.868656e+00  5.129675e+00  6.000000e+01
     vertex  7.002506e+00  5.100510e+00  6.000000e+01
   endloop
 endfacet
 facet normal  2.129037e-01  9.770732e-01  0.000000e+00
   outer loop
     vertex  7.002506e+00  5.100510e+00  0.000000e+00
     vertex  6.868656e+00  5.129675e+00  0.000000e+00
     vertex  6.868656e+00  5.129675e+00  6.000000e+01
   endloop
 endfacet
 facet normal  1.860564e-01  9.825391e-01  0.000000e+00
   outer loop
     vertex  7.137105e+00  5.075022e+00  0.000000e+00
     vertex  7.002506e+00  5.100510e+00  0.000000e+00
     vertex  7.002506e+00  5.100510e+00  6.000000e+01
   endloop
 endfacet
 facet normal  1.860564e-01  9.825391e-01 -0.000000e+00
   outer loop
     vertex  7.137105e+00  5.075022e+00  0.000000e+00
     vertex  7.002506e+00  5.100510e+00  6.000000e+01
     vertex  7.137105e+00  5.075022e+00  6.000000e+01
   endloop
 endfacet
 facet normal  1.590693e-01  9.872674e-01  0.000000e+00
   outer loop
     vertex  7.272351e+00  5.053231e+00  0.000000e+00
     vertex  7.137105e+00  5.075022e+00  0.000000e+00
     vertex  7.137105e+00  5.075022e+00  6.000000e+01
   endloop
 endfacet
 facet normal  1.590693e-01  9.872674e-01 -0.000000e+00
   outer loop
     vertex  7.272351e+00  5.053231e+00  0.000000e+00
     vertex  7.137105e+00  5.075022e+00  6.000000e+01
     vertex  7.272351e+00  5.053231e+00  6.000000e+01
   endloop
 endfacet
 facet normal  1.319628e-01  9.912547e-01  0.000000e+00
   outer loop
     vertex  7.408144e+00  5.035153e+00  0.000000e+00
     vertex  7.272351e+00  5.053231e+00  0.000000e+00
     vertex  7.272351e+00  5.053231e+00  6.000000e+01
   endloop
 endfacet
 facet normal  1.319628e-01  9.912547e-01 -0.000000e+00
   outer loop
     vertex  7.408144e+00  5.035153e+00  0.000000e+00
     vertex  7.272351e+00  5.053231e+00  6.000000e+01
     vertex  7.408144e+00  5.035153e+00  6.000000e+01
   endloop
 endfacet
 facet normal  1.047573e-01  9.944978e-01  0.000000e+00
   outer loop
     vertex  7.544381e+00  5.020802e+00  0.000000e+00
     vertex  7.408144e+00  5.035153e+00  0.000000e+00
     vertex  7.408144e+00  5.035153e+00  6.000000e+01
   endloop
 endfacet
 facet normal  1.047573e-01  9.944978e-01 -0.000000e+00
   outer loop
     vertex  7.544381e+00  5.020802e+00  0.000000e+00
     vertex  7.408144e+00  5.035153e+00  6.000000e+01
     vertex  7.544381e+00  5.020802e+00  6.000000e+01
   endloop
 endfacet
 facet normal  7.747318e-02  9.969944e-01  0.000000e+00
   outer loop
     vertex  7.680960e+00  5.010189e+00  0.000000e+00
     vertex  7.544381e+00  5.020802e+00  0.000000e+00
     vertex  7.544381e+00  5.020802e+00  6.000000e+01
   endloop
 endfacet
 facet normal  7.747318e-02  9.969944e-01 -0.000000e+00
   outer loop
     vertex  7.680960e+00  5.010189e+00  0.000000e+00
     vertex  7.544381e+00  5.020802e+00  6.000000e+01
     vertex  7.680960e+00  5.010189e+00  6.000000e+01
   endloop
 endfacet
 facet normal  5.013087e-02  9.987427e-01  0.000000e+00
   outer loop
     vertex  7.817778e+00  5.003322e+00  0.000000e+00
     vertex  7.680960e+00  5.010189e+00  0.000000e+00
     vertex  7.680960e+00  5.010189e+00  6.000000e+01
   endloop
 endfacet
 facet normal  5.013087e-02  9.987427e-01 -0.000000e+00
   outer loop
     vertex  7.817778e+00  5.003322e+00  0.000000e+00
     vertex  7.680960e+00  5.010189e+00  6.000000e+01
     vertex  7.817778e+00  5.003322e+00  6.000000e+01
   endloop
 endfacet
 facet normal  2.275093e-02  9.997412e-01  0.000000e+00
   outer loop
     vertex  7.954734e+00  5.000205e+00  0.000000e+00
     vertex  7.817778e+00  5.003322e+00  0.000000e+00
     vertex  7.817778e+00  5.003322e+00  6.000000e+01
   endloop
 endfacet
 facet normal  2.275093e-02  9.997412e-01 -0.000000e+00
   outer loop
     vertex  7.954734e+00  5.000205e+00  0.000000e+00
     vertex  7.817778e+00  5.003322e+00  6.000000e+01
     vertex  7.954734e+00  5.000205e+00  6.000000e+01
   endloop
 endfacet
 facet normal -4.646094e-03  9.999892e-01  0.000000e+00
   outer loop
     vertex  8.091723e+00  5.000841e+00  0.000000e+00
     vertex  7.954734e+00  5.000205e+00  0.000000e+00
     vertex  7.954734e+00  5.000205e+00  6.000000e+01
   endloop
 endfacet
 facet normal -4.646094e-03  9.999892e-01  0.000000e+00
   outer loop
     vertex  8.091723e+00  5.000841e+00  0.000000e+00
     vertex  7.954734e+00  5.000205e+00  6.000000e+01
     vertex  8.091723e+00  5.000841e+00  6.000000e+01
   endloop
 endfacet
 facet normal -3.203962e-02  9.994866e-01  0.000000e+00
   outer loop
     vertex  8.228643e+00  5.005231e+00  0.000000e+00
     vertex  8.091723e+00  5.000841e+00  0.000000e+00
     vertex  8.091723e+00  5.000841e+00  6.000000e+01
   endloop
 endfacet
 facet normal -3.203962e-02  9.994866e-01  0.000000e+00
   outer loop
     vertex  8.228643e+00  5.005231e+00  0.000000e+00
     vertex  8.091723e+00  5.000841e+00  6.000000e+01
     vertex  8.228643e+00  5.005231e+00  6.000000e+01
   endloop
 endfacet
 facet normal -5.940911e-02  9.982337e-01  0.000000e+00
   outer loop
     vertex  8.365392e+00  5.013369e+00  0.000000e+00
     vertex  8.228643e+00  5.005231e+00  0.000000e+00
     vertex  8.228643e+00  5.005231e+00  6.000000e+01
   endloop
 endfacet
 facet normal -5.940911e-02  9.982337e-01  0.000000e+00
   outer loop
     vertex  8.365392e+00  5.013369e+00  0.000000e+00
     vertex  8.228643e+00  5.005231e+00  6.000000e+01
     vertex  8.365392e+00  5.013369e+00  6.000000e+01
   endloop
 endfacet
 facet normal -8.673399e-02  9.962315e-01  0.000000e+00
   outer loop
     vertex  8.501866e+00  5.025251e+00  0.000000e+00
     vertex  8.365392e+00  5.013369e+00  0.000000e+00
     vertex  8.365392e+00  5.013369e+00  6.000000e+01
   endloop
 endfacet
 facet normal -8.673399e-02  9.962315e-01  0.000000e+00
   outer loop
     vertex  8.501866e+00  5.025251e+00  0.000000e+00
     vertex  8.365392e+00  5.013369e+00  6.000000e+01
     vertex  8.501866e+00  5.025251e+00  6.000000e+01
   endloop
 endfacet
 facet normal -1.139938e-01  9.934815e-01  0.000000e+00
   outer loop
     vertex  8.637964e+00  5.040867e+00  0.000000e+00
     vertex  8.501866e+00  5.025251e+00  0.000000e+00
     vertex  8.501866e+00  5.025251e+00  6.000000e+01
   endloop
 endfacet
 facet normal -1.139938e-01  9.934815e-01  0.000000e+00
   outer loop
     vertex  8.637964e+00  5.040867e+00  0.000000e+00
     vertex  8.501866e+00  5.025251e+00  6.000000e+01
     vertex  8.637964e+00  5.040867e+00  6.000000e+01
   endloop
 endfacet
 facet normal -1.411680e-01  9.899857e-01  0.000000e+00
   outer loop
     vertex  8.773583e+00  5.060206e+00  0.000000e+00
     vertex  8.637964e+00  5.040867e+00  0.000000e+00
     vertex  8.637964e+00  5.040867e+00  6.000000e+01
   endloop
 endfacet
 facet normal -1.411680e-01  9.899857e-01  0.000000e+00
   outer loop
     vertex  8.773583e+00  5.060206e+00  0.000000e+00
     vertex  8.637964e+00  5.040867e+00  6.000000e+01
     vertex  8.773583e+00  5.060206e+00  6.000000e+01
   endloop
 endfacet
 facet normal -1.682362e-01  9.857467e-01  0.000000e+00
   outer loop
     vertex  8.908621e+00  5.083252e+00  0.000000e+00
     vertex  8.773583e+00  5.060206e+00  0.000000e+00
     vertex  8.773583e+00  5.060206e+00  6.000000e+01
   endloop
 endfacet
 facet normal -1.682362e-01  9.857467e-01  0.000000e+00
   outer loop
     vertex  8.908621e+00  5.083252e+00  0.000000e+00
     vertex  8.773583e+00  5.060206e+00  6.000000e+01
     vertex  8.908621e+00  5.083252e+00  6.000000e+01
   endloop
 endfacet
 facet normal -1.951782e-01  9.807678e-01  0.000000e+00
   outer loop
     vertex  9.042977e+00  5.109990e+00  0.000000e+00
     vertex  8.908621e+00  5.083252e+00  0.000000e+00
     vertex  8.908621e+00  5.083252e+00  6.000000e+01
   endloop
 endfacet
 facet normal -1.951782e-01  9.807678e-01  0.000000e+00
   outer loop
     vertex  9.042977e+00  5.109990e+00  0.000000e+00
     vertex  8.908621e+00  5.083252e+00  6.000000e+01
     vertex  9.042977e+00  5.109990e+00  6.000000e+01
   endloop
 endfacet
 facet normal -2.219736e-01  9.750527e-01  0.000000e+00
   outer loop
     vertex  9.176550e+00  5.140398e+00  0.000000e+00
     vertex  9.042977e+00  5.109990e+00  0.000000e+00
     vertex  9.042977e+00  5.109990e+00  6.000000e+01
   endloop
 endfacet
 facet normal -2.219736e-01  9.750527e-01  0.000000e+00
   outer loop
     vertex  9.176550e+00  5.140398e+00  0.000000e+00
     vertex  9.042977e+00  5.109990e+00  6.000000e+01
     vertex  9.176550e+00  5.140398e+00  6.000000e+01
   endloop
 endfacet
 facet normal -2.486024e-01  9.686056e-01  0.000000e+00
   outer loop
     vertex  9.309240e+00  5.174454e+00  0.000000e+00
     vertex  9.176550e+00  5.140398e+00  6.000000e+01
     vertex  9.309240e+00  5.174454e+00  6.000000e+01
   endloop
 endfacet
 facet normal -2.486024e-01  9.686056e-01  0.000000e+00
   outer loop
     vertex  9.309240e+00  5.174454e+00  0.000000e+00
     vertex  9.176550e+00  5.140398e+00  0.000000e+00
     vertex  9.176550e+00  5.140398e+00  6.000000e+01
   endloop
 endfacet
 facet normal -2.750446e-01  9.614315e-01  0.000000e+00
   outer loop
     vertex  9.440948e+00  5.212133e+00  0.000000e+00
     vertex  9.309240e+00  5.174454e+00  6.000000e+01
     vertex  9.440948e+00  5.212133e+00  6.000000e+01
   endloop
 endfacet
 facet normal -2.750446e-01  9.614315e-01  0.000000e+00
   outer loop
     vertex  9.440948e+00  5.212133e+00  0.000000e+00
     vertex  9.309240e+00  5.174454e+00  0.000000e+00
     vertex  9.309240e+00  5.174454e+00  6.000000e+01
   endloop
 endfacet
 facet normal -3.012803e-01  9.535356e-01  0.000000e+00
   outer loop
     vertex  9.571573e+00  5.253406e+00  0.000000e+00
     vertex  9.440948e+00  5.212133e+00  6.000000e+01
     vertex  9.571573e+00  5.253406e+00  6.000000e+01
   endloop
 endfacet
 facet normal -3.272899e-01  9.449240e-01  0.000000e+00
   outer loop
     vertex  9.571573e+00  5.253406e+00  0.000000e+00
     vertex  9.571573e+00  5.253406e+00  6.000000e+01
     vertex  9.701019e+00  5.298241e+00  6.000000e+01
   endloop
 endfacet
 facet normal -3.012803e-01  9.535356e-01  0.000000e+00
   outer loop
     vertex  9.571573e+00  5.253406e+00  0.000000e+00
     vertex  9.440948e+00  5.212133e+00  0.000000e+00
     vertex  9.440948e+00  5.212133e+00  6.000000e+01
   endloop
 endfacet
 facet normal -3.272899e-01  9.449240e-01  0.000000e+00
   outer loop
     vertex  9.701019e+00  5.298241e+00  0.000000e+00
     vertex  9.571573e+00  5.253406e+00  0.000000e+00
     vertex  9.701019e+00  5.298241e+00  6.000000e+01
   endloop
 endfacet
 facet normal -3.530538e-01  9.356030e-01  0.000000e+00
   outer loop
     vertex  9.829188e+00  5.346606e+00  0.000000e+00
     vertex  9.701019e+00  5.298241e+00  6.000000e+01
     vertex  9.829188e+00  5.346606e+00  6.000000e+01
   endloop
 endfacet
 facet normal -3.530538e-01  9.356030e-01  0.000000e+00
   outer loop
     vertex  9.829188e+00  5.346606e+00  0.000000e+00
     vertex  9.701019e+00  5.298241e+00  0.000000e+00
     vertex  9.701019e+00  5.298241e+00  6.000000e+01
   endloop
 endfacet
 facet normal -3.785527e-01  9.255798e-01  0.000000e+00
   outer loop
     vertex  9.955984e+00  5.398465e+00  0.000000e+00
     vertex  9.829188e+00  5.346606e+00  6.000000e+01
     vertex  9.955984e+00  5.398465e+00  6.000000e+01
   endloop
 endfacet
 facet normal -3.785527e-01  9.255798e-01  0.000000e+00
   outer loop
     vertex  9.955984e+00  5.398465e+00  0.000000e+00
     vertex  9.829188e+00  5.346606e+00  0.000000e+00
     vertex  9.829188e+00  5.346606e+00  6.000000e+01
   endloop
 endfacet
 facet normal -4.037674e-01  9.148617e-01  0.000000e+00
   outer loop
     vertex  1.008131e+01  5.453777e+00  0.000000e+00
     vertex  9.955984e+00  5.398465e+00  6.000000e+01
     vertex  1.008131e+01  5.453777e+00  6.000000e+01
   endloop
 endfacet
 facet normal -4.037674e-01  9.148617e-01  0.000000e+00
   outer loop
     vertex  1.008131e+01  5.453777e+00  0.000000e+00
     vertex  9.955984e+00  5.398465e+00  0.000000e+00
     vertex  9.955984e+00  5.398465e+00  6.000000e+01
   endloop
 endfacet
 facet normal -4.286790e-01  9.034569e-01  0.000000e+00
   outer loop
     vertex  1.020508e+01  5.512502e+00  0.000000e+00
     vertex  1.008131e+01  5.453777e+00  6.000000e+01
     vertex  1.020508e+01  5.512502e+00  6.000000e+01
   endloop
 endfacet
 facet normal -4.286790e-01  9.034569e-01  0.000000e+00
   outer loop
     vertex  1.020508e+01  5.512502e+00  0.000000e+00
     vertex  1.008131e+01  5.453777e+00  0.000000e+00
     vertex  1.008131e+01  5.453777e+00  6.000000e+01
   endloop
 endfacet
 facet normal -4.532688e-01  8.913739e-01  0.000000e+00
   outer loop
     vertex  1.032719e+01  5.574596e+00  0.000000e+00
     vertex  1.020508e+01  5.512502e+00  6.000000e+01
     vertex  1.032719e+01  5.574596e+00  6.000000e+01
   endloop
 endfacet
 facet normal -4.532688e-01  8.913739e-01  0.000000e+00
   outer loop
     vertex  1.032719e+01  5.574596e+00  0.000000e+00
     vertex  1.020508e+01  5.512502e+00  0.000000e+00
     vertex  1.020508e+01  5.512502e+00  6.000000e+01
   endloop
 endfacet
 facet normal -4.775184e-01  8.786218e-01  0.000000e+00
   outer loop
     vertex  1.044755e+01  5.640011e+00  0.000000e+00
     vertex  1.032719e+01  5.574596e+00  6.000000e+01
     vertex  1.044755e+01  5.640011e+00  6.000000e+01
   endloop
 endfacet
 facet normal -4.775184e-01  8.786218e-01  0.000000e+00
   outer loop
     vertex  1.044755e+01  5.640011e+00  0.000000e+00
     vertex  1.032719e+01  5.574596e+00  0.000000e+00
     vertex  1.032719e+01  5.574596e+00  6.000000e+01
   endloop
 endfacet
 facet normal -5.014095e-01  8.652101e-01  0.000000e+00
   outer loop
     vertex  1.056608e+01  5.708700e+00  0.000000e+00
     vertex  1.044755e+01  5.640011e+00  0.000000e+00
     vertex  1.044755e+01  5.640011e+00  6.000000e+01
   endloop
 endfacet
 facet normal -5.014095e-01  8.652101e-01  0.000000e+00
   outer loop
     vertex  1.056608e+01  5.708700e+00  0.000000e+00
     vertex  1.044755e+01  5.640011e+00  6.000000e+01
     vertex  1.056608e+01  5.708700e+00  6.000000e+01
   endloop
 endfacet
 facet normal -5.249242e-01  8.511490e-01  0.000000e+00
   outer loop
     vertex  1.068267e+01  5.780609e+00  0.000000e+00
     vertex  1.056608e+01  5.708700e+00  0.000000e+00
     vertex  1.056608e+01  5.708700e+00  6.000000e+01
   endloop
 endfacet
 facet normal -5.249242e-01  8.511490e-01  0.000000e+00
   outer loop
     vertex  1.068267e+01  5.780609e+00  0.000000e+00
     vertex  1.056608e+01  5.708700e+00  6.000000e+01
     vertex  1.068267e+01  5.780609e+00  6.000000e+01
   endloop
 endfacet
 facet normal -5.480449e-01  8.364489e-01  0.000000e+00
   outer loop
     vertex  1.079726e+01  5.855686e+00  0.000000e+00
     vertex  1.068267e+01  5.780609e+00  0.000000e+00
     vertex  1.068267e+01  5.780609e+00  6.000000e+01
   endloop
 endfacet
 facet normal -5.480449e-01  8.364489e-01  0.000000e+00
   outer loop
     vertex  1.079726e+01  5.855686e+00  0.000000e+00
     vertex  1.068267e+01  5.780609e+00  6.000000e+01
     vertex  1.079726e+01  5.855686e+00  6.000000e+01
   endloop
 endfacet
 facet normal -5.707542e-01  8.211210e-01  0.000000e+00
   outer loop
     vertex  1.090975e+01  5.933874e+00  0.000000e+00
     vertex  1.079726e+01  5.855686e+00  0.000000e+00
     vertex  1.079726e+01  5.855686e+00  6.000000e+01
   endloop
 endfacet
 facet normal -5.707542e-01  8.211210e-01  0.000000e+00
   outer loop
     vertex  1.090975e+01  5.933874e+00  0.000000e+00
     vertex  1.079726e+01  5.855686e+00  6.000000e+01
     vertex  1.090975e+01  5.933874e+00  6.000000e+01
   endloop
 endfacet
 facet normal -5.930351e-01  8.051766e-01  0.000000e+00
   outer loop
     vertex  1.102005e+01  6.015115e+00  0.000000e+00
     vertex  1.090975e+01  5.933874e+00  0.000000e+00
     vertex  1.090975e+01  5.933874e+00  6.000000e+01
   endloop
 endfacet
 facet normal -5.930351e-01  8.051766e-01  0.000000e+00
   outer loop
     vertex  1.102005e+01  6.015115e+00  0.000000e+00
     vertex  1.090975e+01  5.933874e+00  6.000000e+01
     vertex  1.102005e+01  6.015115e+00  6.000000e+01
   endloop
 endfacet
 facet normal -6.148708e-01  7.886279e-01  0.000000e+00
   outer loop
     vertex  1.112808e+01  6.099346e+00  0.000000e+00
     vertex  1.102005e+01  6.015115e+00  0.000000e+00
     vertex  1.102005e+01  6.015115e+00  6.000000e+01
   endloop
 endfacet
 facet normal -6.148708e-01  7.886279e-01  0.000000e+00
   outer loop
     vertex  1.112808e+01  6.099346e+00  0.000000e+00
     vertex  1.102005e+01  6.015115e+00  6.000000e+01
     vertex  1.112808e+01  6.099346e+00  6.000000e+01
   endloop
 endfacet
 facet normal -6.362449e-01  7.714872e-01  0.000000e+00
   outer loop
     vertex  1.123377e+01  6.186506e+00  0.000000e+00
     vertex  1.112808e+01  6.099346e+00  0.000000e+00
     vertex  1.112808e+01  6.099346e+00  6.000000e+01
   endloop
 endfacet
 facet normal -6.362449e-01  7.714872e-01  0.000000e+00
   outer loop
     vertex  1.123377e+01  6.186506e+00  0.000000e+00
     vertex  1.112808e+01  6.099346e+00  6.000000e+01
     vertex  1.123377e+01  6.186506e+00  6.000000e+01
   endloop
 endfacet
 facet normal -6.571414e-01  7.537673e-01  0.000000e+00
   outer loop
     vertex  1.133703e+01  6.276528e+00  0.000000e+00
     vertex  1.123377e+01  6.186506e+00  0.000000e+00
     vertex  1.123377e+01  6.186506e+00  6.000000e+01
   endloop
 endfacet
 facet normal -6.571414e-01  7.537673e-01  0.000000e+00
   outer loop
     vertex  1.133703e+01  6.276528e+00  0.000000e+00
     vertex  1.123377e+01  6.186506e+00  6.000000e+01
     vertex  1.133703e+01  6.276528e+00  6.000000e+01
   endloop
 endfacet
 facet normal -6.775447e-01  7.354816e-01  0.000000e+00
   outer loop
     vertex  1.143778e+01  6.369346e+00  0.000000e+00
     vertex  1.133703e+01  6.276528e+00  0.000000e+00
     vertex  1.133703e+01  6.276528e+00  6.000000e+01
   endloop
 endfacet
 facet normal -6.775447e-01  7.354816e-01  0.000000e+00
   outer loop
     vertex  1.143778e+01  6.369346e+00  0.000000e+00
     vertex  1.133703e+01  6.276528e+00  6.000000e+01
     vertex  1.143778e+01  6.369346e+00  6.000000e+01
   endloop
 endfacet
 facet normal -6.974393e-01  7.166439e-01  0.000000e+00
   outer loop
     vertex  1.153596e+01  6.464888e+00  0.000000e+00
     vertex  1.143778e+01  6.369346e+00  0.000000e+00
     vertex  1.143778e+01  6.369346e+00  6.000000e+01
   endloop
 endfacet
 facet normal -6.974393e-01  7.166439e-01  0.000000e+00
   outer loop
     vertex  1.153596e+01  6.464888e+00  0.000000e+00
     vertex  1.143778e+01  6.369346e+00  6.000000e+01
     vertex  1.153596e+01  6.464888e+00  6.000000e+01
   endloop
 endfacet
 facet normal -7.168104e-01  6.972681e-01  0.000000e+00
   outer loop
     vertex  1.163148e+01  6.563085e+00  0.000000e+00
     vertex  1.153596e+01  6.464888e+00  0.000000e+00
     vertex  1.153596e+01  6.464888e+00  6.000000e+01
   endloop
 endfacet
 facet normal -7.168104e-01  6.972681e-01  0.000000e+00
   outer loop
     vertex  1.163148e+01  6.563085e+00  0.000000e+00
     vertex  1.153596e+01  6.464888e+00  6.000000e+01
     vertex  1.163148e+01  6.563085e+00  6.000000e+01
   endloop
 endfacet
 facet normal -7.356434e-01  6.773690e-01  0.000000e+00
   outer loop
     vertex  1.172427e+01  6.663861e+00  0.000000e+00
     vertex  1.163148e+01  6.563085e+00  0.000000e+00
     vertex  1.163148e+01  6.563085e+00  6.000000e+01
   endloop
 endfacet
 facet normal -7.356434e-01  6.773690e-01  0.000000e+00
   outer loop
     vertex  1.172427e+01  6.663861e+00  0.000000e+00
     vertex  1.163148e+01  6.563085e+00  6.000000e+01
     vertex  1.172427e+01  6.663861e+00  6.000000e+01
   endloop
 endfacet
 facet normal -7.539242e-01  6.569614e-01  0.000000e+00
   outer loop
     vertex  1.181427e+01  6.767142e+00  0.000000e+00
     vertex  1.172427e+01  6.663861e+00  0.000000e+00
     vertex  1.172427e+01  6.663861e+00  6.000000e+01
   endloop
 endfacet
 facet normal -7.539242e-01  6.569614e-01  0.000000e+00
   outer loop
     vertex  1.181427e+01  6.767142e+00  0.000000e+00
     vertex  1.172427e+01  6.663861e+00  6.000000e+01
     vertex  1.181427e+01  6.767142e+00  6.000000e+01
   endloop
 endfacet
 facet normal -7.716391e-01  6.360606e-01  0.000000e+00
   outer loop
     vertex  1.190140e+01  6.872849e+00  0.000000e+00
     vertex  1.181427e+01  6.767142e+00  0.000000e+00
     vertex  1.181427e+01  6.767142e+00  6.000000e+01
   endloop
 endfacet
 facet normal -7.716391e-01  6.360606e-01  0.000000e+00
   outer loop
     vertex  1.190140e+01  6.872849e+00  0.000000e+00
     vertex  1.181427e+01  6.767142e+00  6.000000e+01
     vertex  1.190140e+01  6.872849e+00  6.000000e+01
   endloop
 endfacet
 facet normal -7.887747e-01  6.146824e-01  0.000000e+00
   outer loop
     vertex  1.190140e+01  6.872849e+00  0.000000e+00
     vertex  1.190140e+01  6.872849e+00  6.000000e+01
     vertex  1.198561e+01  6.980904e+00  6.000000e+01
   endloop
 endfacet
 facet normal -7.887747e-01  6.146824e-01  0.000000e+00
   outer loop
     vertex  1.198561e+01  6.980904e+00  0.000000e+00
     vertex  1.190140e+01  6.872849e+00  0.000000e+00
     vertex  1.198561e+01  6.980904e+00  6.000000e+01
   endloop
 endfacet
 facet normal -8.053182e-01  5.928428e-01  0.000000e+00
   outer loop
     vertex  1.206682e+01  7.091225e+00  0.000000e+00
     vertex  1.198561e+01  6.980904e+00  0.000000e+00
     vertex  1.198561e+01  6.980904e+00  6.000000e+01
   endloop
 endfacet
 facet normal -8.053182e-01  5.928428e-01  0.000000e+00
   outer loop
     vertex  1.206682e+01  7.091225e+00  0.000000e+00
     vertex  1.198561e+01  6.980904e+00  6.000000e+01
     vertex  1.206682e+01  7.091225e+00  6.000000e+01
   endloop
 endfacet
 facet normal -8.212572e-01  5.705581e-01  0.000000e+00
   outer loop
     vertex  1.214498e+01  7.203730e+00  0.000000e+00
     vertex  1.206682e+01  7.091225e+00  0.000000e+00
     vertex  1.206682e+01  7.091225e+00  6.000000e+01
   endloop
 endfacet
 facet normal -8.212572e-01  5.705581e-01  0.000000e+00
   outer loop
     vertex  1.214498e+01  7.203730e+00  0.000000e+00
     vertex  1.206682e+01  7.091225e+00  6.000000e+01
     vertex  1.214498e+01  7.203730e+00  6.000000e+01
   endloop
 endfacet
 facet normal -8.365798e-01  5.478451e-01  0.000000e+00
   outer loop
     vertex  1.222003e+01  7.318333e+00  0.000000e+00
     vertex  1.214498e+01  7.203730e+00  0.000000e+00
     vertex  1.214498e+01  7.203730e+00  6.000000e+01
   endloop
 endfacet
 facet normal -8.365798e-01  5.478451e-01  0.000000e+00
   outer loop
     vertex  1.222003e+01  7.318333e+00  0.000000e+00
     vertex  1.214498e+01  7.203730e+00  6.000000e+01
     vertex  1.222003e+01  7.318333e+00  6.000000e+01
   endloop
 endfacet
 facet normal -8.512743e-01  5.247209e-01  0.000000e+00
   outer loop
     vertex  1.222003e+01  7.318333e+00  0.000000e+00
     vertex  1.222003e+01  7.318333e+00  6.000000e+01
     vertex  1.229191e+01  7.434950e+00  6.000000e+01
   endloop
 endfacet
 facet normal -8.512743e-01  5.247209e-01  0.000000e+00
   outer loop
     vertex  1.229191e+01  7.434950e+00  0.000000e+00
     vertex  1.222003e+01  7.318333e+00  0.000000e+00
     vertex  1.229191e+01  7.434950e+00  6.000000e+01
   endloop
 endfacet
 facet normal -8.653298e-01  5.012028e-01  0.000000e+00
   outer loop
     vertex  1.236057e+01  7.553492e+00  0.000000e+00
     vertex  1.229191e+01  7.434950e+00  0.000000e+00
     vertex  1.229191e+01  7.434950e+00  6.000000e+01
   endloop
 endfacet
 facet normal -8.653298e-01  5.012028e-01  0.000000e+00
   outer loop
     vertex  1.236057e+01  7.553492e+00  0.000000e+00
     vertex  1.229191e+01  7.434950e+00  6.000000e+01
     vertex  1.236057e+01  7.553492e+00  6.000000e+01
   endloop
 endfacet
 facet normal -8.787358e-01  4.773085e-01  0.000000e+00
   outer loop
     vertex  1.242596e+01  7.673871e+00  0.000000e+00
     vertex  1.236057e+01  7.553492e+00  0.000000e+00
     vertex  1.236057e+01  7.553492e+00  6.000000e+01
   endloop
 endfacet
 facet normal -8.787358e-01  4.773085e-01  0.000000e+00
   outer loop
     vertex  1.242596e+01  7.673871e+00  0.000000e+00
     vertex  1.236057e+01  7.553492e+00  6.000000e+01
     vertex  1.242596e+01  7.673871e+00  6.000000e+01
   endloop
 endfacet
 facet normal -8.914821e-01  4.530559e-01  0.000000e+00
   outer loop
     vertex  1.248802e+01  7.795995e+00  0.000000e+00
     vertex  1.242596e+01  7.673871e+00  0.000000e+00
     vertex  1.242596e+01  7.673871e+00  6.000000e+01
   endloop
 endfacet
 facet normal -8.914821e-01  4.530559e-01  0.000000e+00
   outer loop
     vertex  1.248802e+01  7.795995e+00  0.000000e+00
     vertex  1.242596e+01  7.673871e+00  6.000000e+01
     vertex  1.248802e+01  7.795995e+00  6.000000e+01
   endloop
 endfacet
 facet normal -9.035592e-01  4.284632e-01  0.000000e+00
   outer loop
     vertex  1.254672e+01  7.919775e+00  0.000000e+00
     vertex  1.248802e+01  7.795995e+00  0.000000e+00
     vertex  1.248802e+01  7.795995e+00  6.000000e+01
   endloop
 endfacet
 facet normal -9.035592e-01  4.284632e-01  0.000000e+00
   outer loop
     vertex  1.254672e+01  7.919775e+00  0.000000e+00
     vertex  1.248802e+01  7.795995e+00  6.000000e+01
     vertex  1.254672e+01  7.919775e+00  6.000000e+01
   endloop
 endfacet
 facet normal -9.149581e-01  4.035489e-01  0.000000e+00
   outer loop
     vertex  1.260200e+01  8.045115e+00  0.000000e+00
     vertex  1.254672e+01  7.919775e+00  0.000000e+00
     vertex  1.254672e+01  7.919775e+00  6.000000e+01
   endloop
 endfacet
 facet normal -9.149581e-01  4.035489e-01  0.000000e+00
   outer loop
     vertex  1.260200e+01  8.045115e+00  0.000000e+00
     vertex  1.254672e+01  7.919775e+00  6.000000e+01
     vertex  1.260200e+01  8.045115e+00  6.000000e+01
   endloop
 endfacet
 facet normal  0.000000e+00  1.000000e+00  0.000000e+00
   outer loop
     vertex  0.000000e+00  2.000000e+01  0.000000e+00
     vertex  1.500000e+01  2.000000e+01  6.000000e+01
     vertex  1.500000e+01  2.000000e+01  0.000000e+00
   endloop
 endfacet
 facet normal  0.000000e+00  1.000000e+00  0.000000e+00
   outer loop
     vertex  0.000000e+00  2.000000e+01  0.000000e+00
     vertex  0.000000e+00  2.000000e+01  6.000000e+01
     vertex  1.500000e+01  2.000000e+01  6.000000e+01
   endloop
 endfacet
 facet normal -5.928840e-01  8.052879e-01  0.000000e+00
   outer loop
     vertex  1.389898e+01  9.000000e+00  6.000000e+01
     vertex  1.389898e+01  9.000000e+00  0.000000e+00
     vertex  1.260200e+01  8.045115e+00  0.000000e+00
   endloop
 endfacet
 facet normal -5.928840e-01  8.052879e-01  0.000000e+00
   outer loop
     vertex  1.389898e+01  9.000000e+00  6.000000e+01
     vertex  1.260200e+01  8.045115e+00  0.000000e+00
     vertex  1.260200e+01  8.045115e+00  6.000000e+01
   endloop
 endfacet
 facet normal -1.000000e+00  0.000000e+00  0.000000e+00
   outer loop
     vertex  0.000000e+00  0.000000e+00  0.000000e+00
     vertex  0.000000e+00  2.000000e+01  6.000000e+01
     vertex  0.000000e+00  2.000000e+01  0.000000e+00
   endloop
 endfacet
 facet normal -1.000000e+00  0.000000e+00  0.000000e+00
   outer loop
     vertex  0.000000e+00  0.000000e+00  0.000000e+00
     vertex  0.000000e+00  0.000000e+00  6.000000e+01
     vertex  0.000000e+00  2.000000e+01  6.000000e+01
   endloop
 endfacet
 facet normal  0.000000e+00  1.000000e+00  0.000000e+00
   outer loop
     vertex  1.500000e+01  9.000000e+00  0.000000e+00
     vertex  1.389898e+01  9.000000e+00  0.000000e+00
     vertex  1.389898e+01  9.000000e+00  6.000000e+01
   endloop
 endfacet
 facet normal  0.000000e+00  1.000000e+00 -0.000000e+00
   outer loop
     vertex  1.500000e+01  9.000000e+00  0.000000e+00
     vertex  1.389898e+01  9.000000e+00  6.000000e+01
     vertex  1.500000e+01  9.000000e+00  6.000000e+01
   endloop
 endfacet
 facet normal  0.000000e+00 -1.000000e+00  0.000000e+00
   outer loop
     vertex  1.500000e+01  0.000000e+00  0.000000e+00
     vertex  0.000000e+00  0.000000e+00  6.000000e+01
     vertex  0.000000e+00  0.000000e+00  0.000000e+00
   endloop
 endfacet
 facet normal  0.000000e+00 -1.000000e+00  0.000000e+00
   outer loop
     vertex  1.500000e+01  0.000000e+00  0.000000e+00
     vertex  1.500000e+01  0.000000e+00  6.000000e+01
     vertex  0.000000e+00  0.000000e+00  6.000000e+01
   endloop
 endfacet
 facet normal  1.000000e+00  0.000000e+00  0.000000e+00
   outer loop
     vertex  1.500000e+01  0.000000e+00  0.000000e+00
     vertex  1.500000e+01  9.000000e+00  6.000000e+01
     vertex  1.500000e+01  0.000000e+00  6.000000e+01
   endloop
 endfacet
 facet normal  1.000000e+00  0.000000e+00 -0.000000e+00
   outer loop
     vertex  1.500000e+01  9.000000e+00  0.000000e+00
     vertex  1.500000e+01  9.000000e+00  6.000000e+01
     vertex  1.500000e+01  0.000000e+00  0.000000e+00
   endloop
 endfacet
endsolid
